period_type,universe,investor,code,name,sell_volume,buy_volume,net_volume,sell_value,buy_value,net_value,source
daily,KOSPI200,foreign,316140,우리금융지주,3611300,22737055,19125755,120124690325,758259565395,638134875070,KRX MDCSTAT02401_OUT
daily,KOSPI200,foreign,009150,삼성전기,142113,221590,79477,214096514500,340508417000,126411902500,KRX MDCSTAT02401_OUT
daily,KOSPI200,foreign,011070,LG이노텍,74633,112800,38167,42307514000,64208528500,21901014500,KRX MDCSTAT02401_OUT
daily,KOSPI200,foreign,007660,이수페타시스,240529,403861,163332,28807907700,48427240100,19619332400,KRX MDCSTAT02401_OUT
daily,KOSPI200,foreign,267260,HD현대일렉트릭,83879,107570,23691,55692309500,71497824500,15805515000,KRX MDCSTAT02401_OUT
daily,KOSPI200,foreign,064400,LG씨엔에스,35186,199802,164616,2451324000,13968683050,11517359050,KRX MDCSTAT02401_OUT
daily,KOSPI200,foreign,017670,SK텔레콤,140883,272167,131284,12052987300,23310786900,11257799600,KRX MDCSTAT02401_OUT
daily,KOSPI200,foreign,042700,한미반도체,215003,257171,42168,56686297000,67819324000,11133027000,KRX MDCSTAT02401_OUT
daily,KOSPI200,foreign,0126Z0,삼성에피스홀딩스,27337,53803,26466,10052758500,19736956750,9684198250,KRX MDCSTAT02401_OUT
daily,KOSPI200,foreign,207940,삼성바이오로직스,24833,31346,6513,35319978000,44612872000,9292894000,KRX MDCSTAT02401_OUT
daily,KOSPI200,foreign,068270,셀트리온,121476,172556,51080,22225388400,31490178600,9264790200,KRX MDCSTAT02401_OUT
daily,KOSPI200,foreign,082740,한화엔진,174239,365591,191352,8446736050,17703573125,9256837075,KRX MDCSTAT02401_OUT
daily,KOSPI200,foreign,454910,두산로보틱스,41592,153532,111940,2911928150,10811222300,7899294150,KRX MDCSTAT02401_OUT
daily,KOSPI200,foreign,079550,LIG디펜스앤에어로스페이스,20555,31407,10852,14750744500,22414011000,7663266500,KRX MDCSTAT02401_OUT
daily,KOSPI200,foreign,071050,한국금융지주,46120,86300,40180,8217354450,15389491150,7172136700,KRX MDCSTAT02401_OUT
daily,KOSPI200,foreign,278470,에이피알,58591,74808,16217,21366937750,27369816750,6002879000,KRX MDCSTAT02401_OUT
daily,KOSPI200,foreign,078930,GS,158122,212870,54748,16243315600,21806767250,5563451650,KRX MDCSTAT02401_OUT
daily,KOSPI200,foreign,086790,하나금융지주,403357,443460,40103,51993438590,57163218040,5169779450,KRX MDCSTAT02401_OUT
daily,KOSPI200,foreign,272210,한화시스템,232631,296081,63450,18056939350,23025487050,4968547700,KRX MDCSTAT02401_OUT
daily,KOSPI200,foreign,006800,미래에셋증권,209098,361045,151947,6537746025,11330336150,4792590125,KRX MDCSTAT02401_OUT
daily,KOSPI200,foreign,450080,에코프로머티,50553,165093,114540,1821912050,5951580150,4129668100,KRX MDCSTAT02401_OUT
daily,KOSPI200,foreign,018260,삼성에스디에스,41910,60203,18293,9270394250,13321685250,4051291000,KRX MDCSTAT02401_OUT
daily,KOSPI200,foreign,352820,하이브,51140,76821,25681,7962953250,11956767200,3993813950,KRX MDCSTAT02401_OUT
daily,KOSPI200,foreign,034220,LG디스플레이,1103110,1548058,444948,9327456315,13092500525,3765044210,KRX MDCSTAT02401_OUT
daily,KOSPI200,foreign,086280,현대글로비스,48199,66512,18313,9540190700,13165109050,3624918350,KRX MDCSTAT02401_OUT
daily,KOSPI200,foreign,009540,HD한국조선해양,56219,66953,10734,18224297750,21693954750,3469657000,KRX MDCSTAT02401_OUT
daily,KOSPI200,foreign,307950,현대오토에버,12988,21967,8979,4843108000,8230623000,3387515000,KRX MDCSTAT02401_OUT
daily,KOSPI200,foreign,259960,크래프톤,22522,39483,16961,4469313600,7853324850,3384011250,KRX MDCSTAT02401_OUT
daily,KOSPI200,foreign,032830,삼성생명,86522,96771,10249,24309809000,27192517000,2882708000,KRX MDCSTAT02401_OUT
daily,KOSPI200,foreign,028260,삼성물산,74005,82357,8352,25382456500,28193623500,2811167000,KRX MDCSTAT02401_OUT
daily,KOSPI200,foreign,039490,키움증권,62502,72824,10322,16066417250,18749124250,2682707000,KRX MDCSTAT02401_OUT
daily,KOSPI200,foreign,051910,LG화학,88960,99388,10428,22726353750,25397478750,2671125000,KRX MDCSTAT02401_OUT
daily,KOSPI200,foreign,161390,한국타이어앤테크놀로지,92521,136111,43590,5429544100,7970401200,2540857100,KRX MDCSTAT02401_OUT
daily,KOSPI200,foreign,004170,신세계,23792,31230,7438,7862803750,10335377250,2472573500,KRX MDCSTAT02401_OUT
daily,KOSPI200,foreign,011200,HMM,404226,509839,105613,8529416350,10764975625,2235559275,KRX MDCSTAT02401_OUT
daily,KOSPI200,foreign,023530,롯데쇼핑,27639,47850,20211,2776837900,4801385500,2024547600,KRX MDCSTAT02401_OUT
daily,KOSPI200,foreign,005830,DB손해보험,86895,97942,11047,15836841600,17841080950,2004239350,KRX MDCSTAT02401_OUT
daily,KOSPI200,foreign,051900,LG생활건강,40665,47838,7173,11072046250,13033495000,1961448750,KRX MDCSTAT02401_OUT
daily,KOSPI200,foreign,001450,현대해상,160446,201373,40927,7624585600,9568765975,1944180375,KRX MDCSTAT02401_OUT
daily,KOSPI200,foreign,012450,한화에어로스페이스,43426,45032,1606,44695724758,46396046258,1700321500,KRX MDCSTAT02401_OUT
daily,KOSPI200,foreign,003670,포스코퓨처엠,40823,49308,8485,7381673650,8914521400,1532847750,KRX MDCSTAT02401_OUT
daily,KOSPI200,foreign,112610,씨에스윈드,136302,162789,26487,7189572700,8611881050,1422308350,KRX MDCSTAT02401_OUT
daily,KOSPI200,foreign,000100,유한양행,64373,83278,18905,4784324000,6185841900,1401517900,KRX MDCSTAT02401_OUT
daily,KOSPI200,foreign,006280,녹십자,9913,19495,9582,1274783800,2497436800,1222653000,KRX MDCSTAT02401_OUT
daily,KOSPI200,foreign,022100,포스코DX,91068,144405,53337,1853482370,2936861240,1083378870,KRX MDCSTAT02401_OUT
daily,KOSPI200,foreign,204320,HL만도,62551,85073,22522,2892039575,3948201100,1056161525,KRX MDCSTAT02401_OUT
daily,KOSPI200,foreign,003230,삼양식품,10024,10841,817,12254532000,13258164500,1003632500,KRX MDCSTAT02401_OUT
daily,KOSPI200,foreign,005940,NH투자증권,138398,176053,37655,3636816825,4627191275,990374450,KRX MDCSTAT02401_OUT
daily,KOSPI200,foreign,443060,HD현대마린솔루션,26040,30258,4218,6087655250,7073799000,986143750,KRX MDCSTAT02401_OUT
daily,KOSPI200,foreign,375500,DL이앤씨,121609,134140,12531,9264854700,10211868900,947014200,KRX MDCSTAT02401_OUT
daily,KOSPI200,foreign,036460,한국가스공사,40065,66866,26801,1403363975,2345882375,942518400,KRX MDCSTAT02401_OUT
daily,KOSPI200,foreign,073240,금호타이어,161530,298094,136564,1094426570,2025941945,931515375,KRX MDCSTAT02401_OUT
daily,KOSPI200,foreign,302440,SK바이오사이언스,13502,38833,25331,495676750,1426242800,930566050,KRX MDCSTAT02401_OUT
daily,KOSPI200,foreign,251270,넷마블,124907,149768,24861,4365311400,5243387550,878076150,KRX MDCSTAT02401_OUT
daily,KOSPI200,foreign,282330,BGF리테일,16284,23016,6732,2091205850,2955588300,864382450,KRX MDCSTAT02401_OUT
daily,KOSPI200,foreign,007340,DN오토모티브,55774,68351,12577,2756156850,3373808850,617652000,KRX MDCSTAT02401_OUT
daily,KOSPI200,foreign,120110,코오롱인더,34396,45236,10840,1888782650,2490215400,601432750,KRX MDCSTAT02401_OUT
daily,KOSPI200,foreign,175330,JB금융지주,181333,200431,19098,5168652400,5701495400,532843000,KRX MDCSTAT02401_OUT
daily,KOSPI200,foreign,069620,대웅제약,5937,10515,4578,643151150,1141062950,497911800,KRX MDCSTAT02401_OUT
daily,KOSPI200,foreign,000810,삼성화재,16907,17573,666,10565715500,10987997000,422281500,KRX MDCSTAT02401_OUT
daily,KOSPI200,foreign,137310,에스디바이오센서,29876,89760,59884,186381840,560608265,374226425,KRX MDCSTAT02401_OUT
daily,KOSPI200,foreign,012750,에스원,23412,27869,4457,1953987750,2327583500,373595750,KRX MDCSTAT02401_OUT
daily,KOSPI200,foreign,011780,금호석유화학,27658,30574,2916,3190733600,3529259800,338526200,KRX MDCSTAT02401_OUT
daily,KOSPI200,foreign,010130,고려아연,3156,3452,296,3358814500,3672393000,313578500,KRX MDCSTAT02401_OUT
daily,KOSPI200,foreign,090430,아모레퍼시픽,50345,52312,1967,6867466300,7134948350,267482050,KRX MDCSTAT02401_OUT
daily,KOSPI200,foreign,003090,대웅,36381,52871,16490,562863520,817868460,255004940,KRX MDCSTAT02401_OUT
daily,KOSPI200,foreign,298040,효성중공업,19895,19883,-12,54975864000,55203236000,227372000,KRX MDCSTAT02401_OUT
daily,KOSPI200,foreign,008930,한미사이언스,41560,45553,3993,2201333150,2415415300,214082150,KRX MDCSTAT02401_OUT
daily,KOSPI200,foreign,185750,종근당,7619,10752,3133,493289000,696432700,203143700,KRX MDCSTAT02401_OUT
daily,KOSPI200,foreign,005420,코스모화학,25406,43592,18186,263268435,453451350,190182915,KRX MDCSTAT02401_OUT
daily,KOSPI200,foreign,007070,GS리테일,52408,58369,5961,1160492925,1291861675,131368750,KRX MDCSTAT02401_OUT
daily,KOSPI200,foreign,008730,율촌화학,31455,39471,8016,455636870,572614770,116977900,KRX MDCSTAT02401_OUT
daily,KOSPI200,foreign,002380,KCC,4773,5013,240,2243112500,2356050000,112937500,KRX MDCSTAT02401_OUT
daily,KOSPI200,foreign,285130,SK케미칼,11347,13471,2124,578672600,688122600,109450000,KRX MDCSTAT02401_OUT
daily,KOSPI200,foreign,002030,아세아,251,585,334,51264700,117687200,66422500,KRX MDCSTAT02401_OUT
daily,KOSPI200,foreign,006650,대한유화,8212,8792,580,727554100,779330350,51776250,KRX MDCSTAT02401_OUT
daily,KOSPI200,foreign,000080,하이트진로,29821,32173,2352,442296910,478222085,35925175,KRX MDCSTAT02401_OUT
daily,KOSPI200,foreign,016360,삼성증권,99528,99627,99,8897031650,8910794800,13763150,KRX MDCSTAT02401_OUT
daily,KOSPI200,foreign,034230,파라다이스,74615,74514,-101,698503255,699009240,505985,KRX MDCSTAT02401_OUT
daily,KOSPI200,foreign,081660,미스토홀딩스,54088,53939,-149,2023281250,2019099050,-4182200,KRX MDCSTAT02401_OUT
daily,KOSPI200,foreign,300720,한일시멘트,16032,15733,-299,258337870,253440450,-4897420,KRX MDCSTAT02401_OUT
daily,KOSPI200,foreign,268280,미원에스씨,248,172,-76,31630200,21899400,-9730800,KRX MDCSTAT02401_OUT
daily,KOSPI200,foreign,014820,동원시스템즈,7629,7129,-500,160599300,149780550,-10818750,KRX MDCSTAT02401_OUT
daily,KOSPI200,foreign,000670,영풍,16999,16361,-638,687606250,661590850,-26015400,KRX MDCSTAT02401_OUT
daily,KOSPI200,foreign,002840,미원상사,840,598,-242,113211200,80613600,-32597600,KRX MDCSTAT02401_OUT
daily,KOSPI200,foreign,377300,카카오페이,22527,21634,-893,894275100,860397450,-33877650,KRX MDCSTAT02401_OUT
daily,KOSPI200,foreign,007700,F&F홀딩스,3643,364,-3279,48620610,4856030,-43764580,KRX MDCSTAT02401_OUT
daily,KOSPI200,foreign,006040,동원산업,12355,10560,-1795,436339125,373174800,-63164325,KRX MDCSTAT02401_OUT
daily,KOSPI200,foreign,000240,한국앤컴퍼니,18293,15611,-2682,458365175,391148400,-67216775,KRX MDCSTAT02401_OUT
daily,KOSPI200,foreign,298050,HS효성첨단소재,2061,1623,-438,330843250,260751700,-70091550,KRX MDCSTAT02401_OUT
daily,KOSPI200,foreign,003240,태광산업,493,401,-92,445969000,362192000,-83777000,KRX MDCSTAT02401_OUT
daily,KOSPI200,foreign,009970,영원무역홀딩스,4182,3617,-565,676988800,585597900,-91390900,KRX MDCSTAT02401_OUT
daily,KOSPI200,foreign,002790,아모레퍼시픽홀딩스,40018,36365,-3653,1032491750,937948125,-94543625,KRX MDCSTAT02401_OUT
daily,KOSPI200,foreign,001800,오리온홀딩스,31438,26171,-5267,725543950,605130375,-120413575,KRX MDCSTAT02401_OUT
daily,KOSPI200,foreign,000210,DL,16594,14017,-2577,814883400,688175750,-126707650,KRX MDCSTAT02401_OUT
daily,KOSPI200,foreign,280360,롯데웰푸드,4270,3224,-1046,522333100,394261200,-128071900,KRX MDCSTAT02401_OUT
daily,KOSPI200,foreign,192080,더블유게임즈,13460,10499,-2961,780929900,609632300,-171297600,KRX MDCSTAT02401_OUT
daily,KOSPI200,foreign,071320,지역난방공사,4211,1996,-2215,329962950,156783300,-173179650,KRX MDCSTAT02401_OUT
daily,KOSPI200,foreign,017960,한국카본,37868,29137,-8731,764294075,587992330,-176301745,KRX MDCSTAT02401_OUT
daily,KOSPI200,foreign,030200,KT,72616,69115,-3501,3769664752,3589353752,-180311000,KRX MDCSTAT02401_OUT
daily,KOSPI200,foreign,103140,풍산,17030,14412,-2618,1320471900,1118844300,-201627600,KRX MDCSTAT02401_OUT
daily,KOSPI200,foreign,007310,오뚜기,1423,758,-665,445575000,237553000,-208022000,KRX MDCSTAT02401_OUT
daily,KOSPI200,foreign,069260,TKG휴켐스,30062,15782,-14280,473511120,248856250,-224654870,KRX MDCSTAT02401_OUT
daily,KOSPI200,foreign,005300,롯데칠성,9411,6894,-2517,891109000,653046750,-238062250,KRX MDCSTAT02401_OUT
daily,KOSPI200,foreign,005850,에스엘,47063,42323,-4740,2440721750,2190551700,-250170050,KRX MDCSTAT02401_OUT
daily,KOSPI200,foreign,128940,한미약품,25572,24922,-650,12896283750,12627148750,-269135000,KRX MDCSTAT02401_OUT
daily,KOSPI200,foreign,326030,SK바이오팜,66475,62676,-3799,5035159650,4750420350,-284739300,KRX MDCSTAT02401_OUT
daily,KOSPI200,foreign,066970,엘앤에프,74533,71902,-2631,8350732250,8062750750,-287981500,KRX MDCSTAT02401_OUT
daily,KOSPI200,foreign,011210,현대위아,37492,31917,-5575,1968308850,1678029100,-290279750,KRX MDCSTAT02401_OUT
daily,KOSPI200,foreign,180640,한진칼,17725,15359,-2366,2355807000,2040460450,-315346550,KRX MDCSTAT02401_OUT
daily,KOSPI200,foreign,111770,영원무역,16161,11354,-4807,1111596000,781719900,-329876100,KRX MDCSTAT02401_OUT
daily,KOSPI200,foreign,009240,한샘,13472,4623,-8849,524704975,180190950,-344514025,KRX MDCSTAT02401_OUT
daily,KOSPI200,foreign,001680,대상,32119,11987,-20132,570668545,213147000,-357521545,KRX MDCSTAT02401_OUT
daily,KOSPI200,foreign,000880,한화,25686,22679,-3007,3186486050,2816926600,-369559450,KRX MDCSTAT02401_OUT
daily,KOSPI200,foreign,241560,두산밥캣,134186,127395,-6791,7324717700,6953282500,-371435200,KRX MDCSTAT02401_OUT
daily,KOSPI200,foreign,004000,롯데정밀화학,18514,9614,-8900,790235900,410777050,-379458850,KRX MDCSTAT02401_OUT
daily,KOSPI200,foreign,009420,한올바이오파마,110853,101154,-9699,5221582875,4747952250,-473630625,KRX MDCSTAT02401_OUT
daily,KOSPI200,foreign,138930,BNK금융지주,321243,290500,-30743,5067906825,4588779770,-479127055,KRX MDCSTAT02401_OUT
daily,KOSPI200,foreign,071970,HD현대마린엔진,38773,28149,-10624,1861611875,1353555250,-508056625,KRX MDCSTAT02401_OUT
daily,KOSPI200,foreign,021240,코웨이,63053,57730,-5323,6267043900,5734816700,-532227200,KRX MDCSTAT02401_OUT
daily,KOSPI200,foreign,035250,강원랜드,72320,29925,-42395,1031585970,427009980,-604575990,KRX MDCSTAT02401_OUT
daily,KOSPI200,foreign,029780,삼성카드,31969,15722,-16247,1333735750,656223550,-677512200,KRX MDCSTAT02401_OUT
daily,KOSPI200,foreign,069960,현대백화점,32879,25155,-7724,2907503050,2228532300,-678970750,KRX MDCSTAT02401_OUT
daily,KOSPI200,foreign,004020,현대제철,229591,207186,-22405,6966806100,6281077200,-685728900,KRX MDCSTAT02401_OUT
daily,KOSPI200,foreign,026960,동서,42262,15217,-27045,1087678500,393462700,-694215800,KRX MDCSTAT02401_OUT
daily,KOSPI200,foreign,271560,오리온,30427,22538,-7889,3230950650,2394257500,-836693150,KRX MDCSTAT02401_OUT
daily,KOSPI200,foreign,004990,롯데지주,47752,10638,-37114,1131457325,252406700,-879050625,KRX MDCSTAT02401_OUT
daily,KOSPI200,foreign,298020,효성티앤씨,11388,8115,-3273,3143825500,2235016750,-908808750,KRX MDCSTAT02401_OUT
daily,KOSPI200,foreign,008770,호텔신라,115491,90215,-25276,4507994450,3525248850,-982745600,KRX MDCSTAT02401_OUT
daily,KOSPI200,foreign,047810,한국항공우주,84360,76125,-8235,10706707800,9662678700,-1044029100,KRX MDCSTAT02401_OUT
daily,KOSPI200,foreign,030000,제일기획,199838,143454,-56384,3759987970,2708424180,-1051563790,KRX MDCSTAT02401_OUT
daily,KOSPI200,foreign,000120,CJ대한통운,26165,11029,-15136,1819657500,767402900,-1052254600,KRX MDCSTAT02401_OUT
daily,KOSPI200,foreign,088350,한화생명,791775,581251,-210524,4177200085,3062128270,-1115071815,KRX MDCSTAT02401_OUT
daily,KOSPI200,foreign,097950,CJ제일제당,20119,13576,-6543,3581271500,2417117000,-1164154500,KRX MDCSTAT02401_OUT
daily,KOSPI200,foreign,051600,한전KPS,65928,38620,-27308,2893574200,1701730400,-1191843800,KRX MDCSTAT02401_OUT
daily,KOSPI200,foreign,267270,HD건설기계,107808,97896,-9912,13006837900,11754926050,-1251911850,KRX MDCSTAT02401_OUT
daily,KOSPI200,foreign,373220,LG에너지솔루션,51562,47984,-3578,18509906500,17211104500,-1298802000,KRX MDCSTAT02401_OUT
daily,KOSPI200,foreign,192820,코스맥스,38549,33851,-4698,10593816750,9285441000,-1308375750,KRX MDCSTAT02401_OUT
daily,KOSPI200,foreign,018880,한온시스템,5197267,4841378,-355889,19069291948,17757014916,-1312277032,KRX MDCSTAT02401_OUT
daily,KOSPI200,foreign,001040,CJ,34923,24264,-10659,4590667600,3191284800,-1399382800,KRX MDCSTAT02401_OUT
daily,KOSPI200,foreign,011170,롯데케미칼,64582,40466,-24116,3907429600,2449304500,-1458125100,KRX MDCSTAT02401_OUT
daily,KOSPI200,foreign,093370,후성,2256409,2154334,-102075,34930765635,33446059815,-1484705820,KRX MDCSTAT02401_OUT
daily,KOSPI200,foreign,010140,삼성중공업,563100,480451,-82649,11032223010,9435889525,-1596333485,KRX MDCSTAT02401_OUT
daily,KOSPI200,foreign,017800,현대엘리베이터,62102,36393,-25709,4481123050,2626353600,-1854769450,KRX MDCSTAT02401_OUT
daily,KOSPI200,foreign,161890,한국콜마,138296,125334,-12962,20262965650,18399825500,-1863140150,KRX MDCSTAT02401_OUT
daily,KOSPI200,foreign,139480,이마트,39313,12689,-26624,2784972500,900101600,-1884870900,KRX MDCSTAT02401_OUT
daily,KOSPI200,foreign,032640,LG유플러스,502013,369861,-132152,7279298830,5364840265,-1914458565,KRX MDCSTAT02401_OUT
daily,KOSPI200,foreign,028670,팬오션,1360439,1015944,-344495,7973492320,6004604250,-1968888070,KRX MDCSTAT02401_OUT
daily,KOSPI200,foreign,483650,달바글로벌,27882,17103,-10779,5148246800,3155424000,-1992822800,KRX MDCSTAT02401_OUT
daily,KOSPI200,foreign,329180,HD현대중공업,42560,37536,-5024,18298969500,16152749750,-2146219750,KRX MDCSTAT02401_OUT
daily,KOSPI200,foreign,003030,세아제강지주,30453,10397,-20056,3400592900,1156485350,-2244107550,KRX MDCSTAT02401_OUT
daily,KOSPI200,foreign,003550,LG,75048,54167,-20881,8190496000,5913029950,-2277466050,KRX MDCSTAT02401_OUT
daily,KOSPI200,foreign,004370,농심,15981,10240,-5741,6445511640,4128465140,-2317046500,KRX MDCSTAT02401_OUT
daily,KOSPI200,foreign,001430,세아베스틸지주,86377,32858,-53519,4005761075,1519107550,-2486653525,KRX MDCSTAT02401_OUT
daily,KOSPI200,foreign,015760,한국전력,225636,133743,-91893,6783297950,4024122950,-2759175000,KRX MDCSTAT02401_OUT
daily,KOSPI200,foreign,035720,카카오,288556,205785,-82771,9665869525,6898101000,-2767768525,KRX MDCSTAT02401_OUT
daily,KOSPI200,foreign,096770,SK이노베이션,378307,357614,-20693,53689704900,50671616800,-3018088100,KRX MDCSTAT02401_OUT
daily,KOSPI200,foreign,139130,iM금융지주,302285,133471,-168814,5540250045,2441071590,-3099178455,KRX MDCSTAT02401_OUT
daily,KOSPI200,foreign,138040,메리츠금융지주,72307,45154,-27153,9191476100,5733593150,-3457882950,KRX MDCSTAT02401_OUT
daily,KOSPI200,foreign,361610,SK아이이테크놀로지,277105,56331,-220774,4569698885,941617300,-3628081585,KRX MDCSTAT02401_OUT
daily,KOSPI200,foreign,010950,S-Oil,162658,137956,-24702,24756816650,20945148450,-3811668200,KRX MDCSTAT02401_OUT
daily,KOSPI200,foreign,000720,현대건설,181778,148692,-33086,21306933950,17450776850,-3856157100,KRX MDCSTAT02401_OUT
daily,KOSPI200,foreign,042660,한화오션,202083,146848,-55235,15773880350,11471162650,-4302717700,KRX MDCSTAT02401_OUT
daily,KOSPI200,foreign,052690,한전기술,85151,50429,-34722,10771036550,6348820750,-4422215800,KRX MDCSTAT02401_OUT
daily,KOSPI200,foreign,009830,한화솔루션,973251,838745,-134506,32862174200,28439068450,-4423105750,KRX MDCSTAT02401_OUT
daily,KOSPI200,foreign,457190,이수스페셜티케미컬,116535,55364,-61171,8964367800,4249211900,-4715155900,KRX MDCSTAT02401_OUT
daily,KOSPI200,foreign,010060,OCI홀딩스,59819,36472,-23347,13130278750,8010058250,-5120220500,KRX MDCSTAT02401_OUT
daily,KOSPI200,foreign,024110,기업은행,519267,262101,-257166,10434449375,5268411100,-5166038275,KRX MDCSTAT02401_OUT
daily,KOSPI200,foreign,323410,카카오뱅크,414435,139369,-275066,8200883580,2757905120,-5442978460,KRX MDCSTAT02401_OUT
daily,KOSPI200,foreign,064350,현대로템,259086,203576,-55510,28933481700,22749790050,-6183691650,KRX MDCSTAT02401_OUT
daily,KOSPI200,foreign,000150,두산,20094,15596,-4498,27824344000,21599763500,-6224580500,KRX MDCSTAT02401_OUT
daily,KOSPI200,foreign,047040,대우건설,1286676,924077,-362599,22880970435,16404260535,-6476709900,KRX MDCSTAT02401_OUT
daily,KOSPI200,foreign,010120,LS ELECTRIC,113892,80229,-33663,22974889600,16256421550,-6718468050,KRX MDCSTAT02401_OUT
daily,KOSPI200,foreign,034730,SK,43232,31506,-11726,25164919000,18335956000,-6828963000,KRX MDCSTAT02401_OUT
daily,KOSPI200,foreign,028050,삼성E&A,496823,349518,-147305,23514736175,16550057200,-6964678975,KRX MDCSTAT02401_OUT
daily,KOSPI200,foreign,011790,SKC,191798,116348,-75450,19594991900,11947916350,-7647075550,KRX MDCSTAT02401_OUT
daily,KOSPI200,foreign,001440,대한전선,486198,209352,-276846,14330624975,6164667275,-8165957700,KRX MDCSTAT02401_OUT
daily,KOSPI200,foreign,000270,기아,489567,414837,-74730,55411182700,46954211450,-8456971250,KRX MDCSTAT02401_OUT
daily,KOSPI200,foreign,000990,DB하이텍,187206,127212,-59994,26288249200,17819321550,-8468927650,KRX MDCSTAT02401_OUT
daily,KOSPI200,foreign,006400,삼성SDI,63181,46647,-16534,32465078500,23967844000,-8497234500,KRX MDCSTAT02401_OUT
daily,KOSPI200,foreign,033780,KT&G,105810,54466,-51344,18586423000,9566585200,-9019837800,KRX MDCSTAT02401_OUT
daily,KOSPI200,foreign,267250,HD현대,101687,52800,-48887,20141914050,10470003600,-9671910450,KRX MDCSTAT02401_OUT
daily,KOSPI200,foreign,006260,LS,61689,27458,-34231,18293056000,8160875000,-10132181000,KRX MDCSTAT02401_OUT
daily,KOSPI200,foreign,062040,산일전기,94405,44367,-50038,19699452750,9217310000,-10482142750,KRX MDCSTAT02401_OUT
daily,KOSPI200,foreign,005380,현대차,134187,102418,-31769,46528608000,35569625750,-10958982250,KRX MDCSTAT02401_OUT
daily,KOSPI200,foreign,036570,NC,111355,58680,-52675,25787604000,13554236750,-12233367250,KRX MDCSTAT02401_OUT
daily,KOSPI200,foreign,003490,대한항공,549916,116727,-433189,17146541675,3652912550,-13493629125,KRX MDCSTAT02401_OUT
daily,KOSPI200,foreign,014680,한솔케미칼,64501,14565,-49936,17578475000,3925845250,-13652629750,KRX MDCSTAT02401_OUT
daily,KOSPI200,foreign,047050,포스코인터내셔널,412337,74444,-337893,22905909650,4126094300,-18779815350,KRX MDCSTAT02401_OUT
daily,KOSPI200,foreign,005490,POSCO홀딩스,90471,29067,-61404,27697193000,8910765250,-18786427750,KRX MDCSTAT02401_OUT
daily,KOSPI200,foreign,012330,현대모비스,193866,128945,-64921,73753461250,49146114000,-24607347250,KRX MDCSTAT02401_OUT
daily,KOSPI200,foreign,066570,LG전자,188398,57451,-130947,39521443750,12036248000,-27485195750,KRX MDCSTAT02401_OUT
daily,KOSPI200,foreign,055550,신한지주,783812,504409,-279403,81805541000,52615264800,-29190276200,KRX MDCSTAT02401_OUT
daily,KOSPI200,foreign,034020,두산에너빌리티,924923,542104,-382819,76177480100,44629203450,-31548276650,KRX MDCSTAT02401_OUT
daily,KOSPI200,foreign,035420,NAVER,249538,68434,-181104,47804414350,13116061950,-34688352400,KRX MDCSTAT02401_OUT
daily,KOSPI200,foreign,105560,KB금융,823273,556929,-266344,137337657350,92949798300,-44387859050,KRX MDCSTAT02401_OUT
daily,KOSPI200,foreign,402340,SK스퀘어,193732,136595,-57137,218631540000,154702049500,-63929490500,KRX MDCSTAT02401_OUT
daily,KOSPI200,foreign,005930,삼성전자,3921492,3170747,-750745,1062051110383,863194973133,-198856137250,KRX MDCSTAT02401_OUT
daily,KOSPI200,foreign,000660,SK하이닉스,514939,392412,-122527,925395044121,707763339621,-217631704500,KRX MDCSTAT02401_OUT
daily,KOSPI200,institution,009150,삼성전기,147359,218320,70961,222762111500,331954629000,109192517500,KRX MDCSTAT02401_OUT
daily,KOSPI200,institution,000660,SK하이닉스,764489,788740,24251,1373253905000,1421447837000,48193932000,KRX MDCSTAT02401_OUT
daily,KOSPI200,institution,066570,LG전자,71875,204000,132125,15062634000,42780939250,27718305250,KRX MDCSTAT02401_OUT
daily,KOSPI200,institution,042700,한미반도체,94388,188120,93732,24806798250,49805716000,24998917750,KRX MDCSTAT02401_OUT
daily,KOSPI200,institution,079550,LIG디펜스앤에어로스페이스,20455,49933,29478,14623978500,35820048000,21196069500,KRX MDCSTAT02401_OUT
daily,KOSPI200,institution,036570,NC,58588,148391,89803,13551680000,34445656500,20893976500,KRX MDCSTAT02401_OUT
daily,KOSPI200,institution,055550,신한지주,288542,477217,188675,30136822600,49910779250,19773956650,KRX MDCSTAT02401_OUT
daily,KOSPI200,institution,105560,KB금융,256875,370909,114034,42837062550,61876805800,19039743250,KRX MDCSTAT02401_OUT
daily,KOSPI200,institution,014680,한솔케미칼,10723,79847,69124,2928488250,21821810000,18893321750,KRX MDCSTAT02401_OUT
daily,KOSPI200,institution,373220,LG에너지솔루션,52822,98943,46121,18939605500,35546485000,16606879500,KRX MDCSTAT02401_OUT
daily,KOSPI200,institution,007660,이수페타시스,114468,251143,136675,13712874350,30202813900,16489939550,KRX MDCSTAT02401_OUT
daily,KOSPI200,institution,005930,삼성전자,5839443,5885570,46127,1581602432000,1597478934750,15876502750,KRX MDCSTAT02401_OUT
daily,KOSPI200,institution,402340,SK스퀘어,171110,183887,12777,192755133500,207899784500,15144651000,KRX MDCSTAT02401_OUT
daily,KOSPI200,institution,272210,한화시스템,141032,334289,193257,10907938550,26023716650,15115778100,KRX MDCSTAT02401_OUT
daily,KOSPI200,institution,011790,SKC,33183,176154,142971,3360624200,18032757150,14672132950,KRX MDCSTAT02401_OUT
daily,KOSPI200,institution,112610,씨에스윈드,25592,251440,225848,1354803100,13438039500,12083236400,KRX MDCSTAT02401_OUT
daily,KOSPI200,institution,068270,셀트리온,74428,138034,63606,13585489500,25225776350,11640286850,KRX MDCSTAT02401_OUT
daily,KOSPI200,institution,316140,우리금융지주,607047,917196,310149,20184731350,30522433505,10337702155,KRX MDCSTAT02401_OUT
daily,KOSPI200,institution,012450,한화에어로스페이스,22701,31669,8968,23323733500,32571879500,9248146000,KRX MDCSTAT02401_OUT
daily,KOSPI200,institution,011070,LG이노텍,25303,39453,14150,14312132000,22537781500,8225649500,KRX MDCSTAT02401_OUT
daily,KOSPI200,institution,000990,DB하이텍,46787,95063,48276,6548374050,13415457150,6867083100,KRX MDCSTAT02401_OUT
daily,KOSPI200,institution,003670,포스코퓨처엠,56815,93560,36745,10256282800,16945793550,6689510750,KRX MDCSTAT02401_OUT
daily,KOSPI200,institution,062040,산일전기,36870,67092,30222,7686793750,14122709500,6435915750,KRX MDCSTAT02401_OUT
daily,KOSPI200,institution,009830,한화솔루션,301253,468767,167514,10177648425,15877658800,5700010375,KRX MDCSTAT02401_OUT
daily,KOSPI200,institution,034730,SK,26782,36108,9326,15591721000,21057013500,5465292500,KRX MDCSTAT02401_OUT
daily,KOSPI200,institution,093370,후성,306239,644132,337893,4760613420,10068014610,5307401190,KRX MDCSTAT02401_OUT
daily,KOSPI200,institution,138040,메리츠금융지주,22936,61807,38871,2910189250,7853357850,4943168600,KRX MDCSTAT02401_OUT
daily,KOSPI200,institution,006400,삼성SDI,67850,76993,9143,34823158500,39574067000,4750908500,KRX MDCSTAT02401_OUT
daily,KOSPI200,institution,003490,대한항공,442304,578320,136016,13793029800,18042923850,4249894050,KRX MDCSTAT02401_OUT
daily,KOSPI200,institution,006800,미래에셋증권,114305,242478,128173,3562534975,7586413475,4023878500,KRX MDCSTAT02401_OUT
daily,KOSPI200,institution,028670,팬오션,275030,954148,679118,1613131735,5603270525,3990138790,KRX MDCSTAT02401_OUT
daily,KOSPI200,institution,001430,세아베스틸지주,23577,108364,84787,1092155375,5049353175,3957197800,KRX MDCSTAT02401_OUT
daily,KOSPI200,institution,039490,키움증권,17306,31089,13783,4436801250,8056279500,3619478250,KRX MDCSTAT02401_OUT
daily,KOSPI200,institution,016360,삼성증권,36061,72658,36597,3199581650,6488533650,3288952000,KRX MDCSTAT02401_OUT
daily,KOSPI200,institution,192820,코스맥스,20365,32154,11789,5572104750,8847152750,3275048000,KRX MDCSTAT02401_OUT
daily,KOSPI200,institution,012330,현대모비스,184703,192632,7929,70209222250,73438118750,3228896500,KRX MDCSTAT02401_OUT
daily,KOSPI200,institution,018880,한온시스템,926315,1811273,884958,3374630809,6594283985,3219653176,KRX MDCSTAT02401_OUT
daily,KOSPI200,institution,139130,iM금융지주,63083,237263,174180,1155521345,4356722300,3201200955,KRX MDCSTAT02401_OUT
daily,KOSPI200,institution,207940,삼성바이오로직스,18933,21160,2227,26992775500,30174632000,3181856500,KRX MDCSTAT02401_OUT
daily,KOSPI200,institution,161890,한국콜마,30679,51272,20593,4513169650,7561545500,3048375850,KRX MDCSTAT02401_OUT
daily,KOSPI200,institution,005850,에스엘,13828,67995,54167,715351250,3533372450,2818021200,KRX MDCSTAT02401_OUT
daily,KOSPI200,institution,009420,한올바이오파마,75695,133560,57865,3545718400,6333121600,2787403200,KRX MDCSTAT02401_OUT
daily,KOSPI200,institution,298040,효성중공업,7886,8717,831,21851705000,24257371000,2405666000,KRX MDCSTAT02401_OUT
daily,KOSPI200,institution,003230,삼양식품,8940,10869,1929,10921018500,13291767500,2370749000,KRX MDCSTAT02401_OUT
daily,KOSPI200,institution,047050,포스코인터내셔널,95239,136547,41308,5279349950,7567864750,2288514800,KRX MDCSTAT02401_OUT
daily,KOSPI200,institution,004370,농심,2829,8170,5341,1142229000,3300601500,2158372500,KRX MDCSTAT02401_OUT
daily,KOSPI200,institution,0126Z0,삼성에피스홀딩스,4676,10513,5837,1732278500,3876294500,2144016000,KRX MDCSTAT02401_OUT
daily,KOSPI200,institution,032830,삼성생명,52571,59788,7217,14750850000,16804697250,2053847250,KRX MDCSTAT02401_OUT
daily,KOSPI200,institution,051910,LG화학,40583,48416,7833,10370844000,12388201000,2017357000,KRX MDCSTAT02401_OUT
daily,KOSPI200,institution,011170,롯데케미칼,17007,49136,32129,1029383800,2979158300,1949774500,KRX MDCSTAT02401_OUT
daily,KOSPI200,institution,003030,세아제강지주,17454,33546,16092,1944733300,3744762950,1800029650,KRX MDCSTAT02401_OUT
daily,KOSPI200,institution,047040,대우건설,549989,648461,98472,9762385125,11525248070,1762862945,KRX MDCSTAT02401_OUT
daily,KOSPI200,institution,052690,한전기술,40489,54570,14081,5112774450,6870484200,1757709750,KRX MDCSTAT02401_OUT
daily,KOSPI200,institution,047810,한국항공우주,31979,45549,13570,4053878450,5787746500,1733868050,KRX MDCSTAT02401_OUT
daily,KOSPI200,institution,032640,LG유플러스,85032,178383,93351,1232099240,2585241765,1353142525,KRX MDCSTAT02401_OUT
daily,KOSPI200,institution,030000,제일기획,39506,108499,68993,743751135,2041172430,1297421295,KRX MDCSTAT02401_OUT
daily,KOSPI200,institution,005940,NH투자증권,124963,172756,47793,3276792150,4533771250,1256979100,KRX MDCSTAT02401_OUT
daily,KOSPI200,institution,001040,CJ,13870,23271,9401,1821688800,3059868650,1238179850,KRX MDCSTAT02401_OUT
daily,KOSPI200,institution,097950,CJ제일제당,8237,15073,6836,1466036750,2685011100,1218974350,KRX MDCSTAT02401_OUT
daily,KOSPI200,institution,323410,카카오뱅크,89880,151047,61167,1778881510,2990183895,1211302385,KRX MDCSTAT02401_OUT
daily,KOSPI200,institution,082740,한화엔진,191363,216758,25395,9306916400,10517424875,1210508475,KRX MDCSTAT02401_OUT
daily,KOSPI200,institution,007340,DN오토모티브,32266,54096,21830,1594019900,2674741275,1080721375,KRX MDCSTAT02401_OUT
daily,KOSPI200,institution,454910,두산로보틱스,13983,28761,14778,978906650,2022454950,1043548300,KRX MDCSTAT02401_OUT
daily,KOSPI200,institution,128940,한미약품,22935,24474,1539,11563270500,12537640500,974370000,KRX MDCSTAT02401_OUT
daily,KOSPI200,institution,011200,HMM,124552,170419,45867,2624856150,3597103325,972247175,KRX MDCSTAT02401_OUT
daily,KOSPI200,institution,006280,녹십자,4216,11509,7293,539775850,1481540700,941764850,KRX MDCSTAT02401_OUT
daily,KOSPI200,institution,064350,현대로템,62463,69676,7213,6967121200,7779595750,812474550,KRX MDCSTAT02401_OUT
daily,KOSPI200,institution,018260,삼성에스디에스,23341,26914,3573,5154848250,5953526250,798678000,KRX MDCSTAT02401_OUT
daily,KOSPI200,institution,010060,OCI홀딩스,25405,28565,3160,5590206500,6303348750,713142250,KRX MDCSTAT02401_OUT
daily,KOSPI200,institution,001440,대한전선,106067,128591,22524,3127658800,3810513000,682854200,KRX MDCSTAT02401_OUT
daily,KOSPI200,institution,073240,금호타이어,98860,197841,98981,670811205,1350117050,679305845,KRX MDCSTAT02401_OUT
daily,KOSPI200,institution,483650,달바글로벌,12545,15383,2838,2307758200,2844950500,537192300,KRX MDCSTAT02401_OUT
daily,KOSPI200,institution,180640,한진칼,11420,15200,3780,1515945400,2021342400,505397000,KRX MDCSTAT02401_OUT
daily,KOSPI200,institution,000880,한화,7305,11017,3712,906980950,1367009300,460028350,KRX MDCSTAT02401_OUT
daily,KOSPI200,institution,009240,한샘,3096,14671,11575,120539700,571515300,450975600,KRX MDCSTAT02401_OUT
daily,KOSPI200,institution,003550,LG,30960,34829,3869,3379297700,3806729450,427431750,KRX MDCSTAT02401_OUT
daily,KOSPI200,institution,326030,SK바이오팜,14457,19003,4546,1090519100,1440216300,349697200,KRX MDCSTAT02401_OUT
daily,KOSPI200,institution,021240,코웨이,28377,31844,3467,2817245800,3165691200,348445400,KRX MDCSTAT02401_OUT
daily,KOSPI200,institution,051900,LG생활건강,12552,13708,1156,3414677500,3738921500,324244000,KRX MDCSTAT02401_OUT
daily,KOSPI200,institution,069620,대웅제약,6091,8369,2278,659855500,907709100,247853600,KRX MDCSTAT02401_OUT
daily,KOSPI200,institution,352820,하이브,50041,51601,1560,7796400800,8030593400,234192600,KRX MDCSTAT02401_OUT
daily,KOSPI200,institution,008930,한미사이언스,21150,25021,3871,1118802000,1324047400,205245400,KRX MDCSTAT02401_OUT
daily,KOSPI200,institution,022100,포스코DX,39719,49101,9382,806033820,998978485,192944665,KRX MDCSTAT02401_OUT
daily,KOSPI200,institution,000240,한국앤컴퍼니,8512,15675,7163,213175300,392711875,179536575,KRX MDCSTAT02401_OUT
daily,KOSPI200,institution,033780,KT&G,42939,43806,867,7528320900,7693223300,164902400,KRX MDCSTAT02401_OUT
daily,KOSPI200,institution,003090,대웅,25341,35385,10044,391805980,547495060,155689080,KRX MDCSTAT02401_OUT
daily,KOSPI200,institution,071320,지역난방공사,722,2304,1582,56624500,180678400,124053900,KRX MDCSTAT02401_OUT
daily,KOSPI200,institution,002030,아세아,272,712,440,54380000,145371600,90991600,KRX MDCSTAT02401_OUT
daily,KOSPI200,institution,005300,롯데칠성,990,1940,950,93913350,183940100,90026750,KRX MDCSTAT02401_OUT
daily,KOSPI200,institution,069260,TKG휴켐스,9240,14677,5437,145573490,231460540,85887050,KRX MDCSTAT02401_OUT
daily,KOSPI200,institution,008730,율촌화학,4399,10098,5699,63733570,147587390,83853820,KRX MDCSTAT02401_OUT
daily,KOSPI200,institution,111770,영원무역,7230,8424,1194,496859800,580266900,83407100,KRX MDCSTAT02401_OUT
daily,KOSPI200,institution,192080,더블유게임즈,5838,7175,1337,338769700,416667900,77898200,KRX MDCSTAT02401_OUT
daily,KOSPI200,institution,006650,대한유화,1255,2076,821,111244900,184153100,72908200,KRX MDCSTAT02401_OUT
daily,KOSPI200,institution,005420,코스모화학,15923,22662,6739,165279200,236524910,71245710,KRX MDCSTAT02401_OUT
daily,KOSPI200,institution,300720,한일시멘트,5125,9467,4342,82639650,152713010,70073360,KRX MDCSTAT02401_OUT
daily,KOSPI200,institution,011210,현대위아,10086,11408,1322,530027150,599961250,69934100,KRX MDCSTAT02401_OUT
daily,KOSPI200,institution,298050,HS효성첨단소재,997,1419,422,160179300,228406700,68227400,KRX MDCSTAT02401_OUT
daily,KOSPI200,institution,009970,영원무역홀딩스,1433,1779,346,232018800,288189800,56171000,KRX MDCSTAT02401_OUT
daily,KOSPI200,institution,457190,이수스페셜티케미컬,20139,20734,595,1548409550,1595401950,46992400,KRX MDCSTAT02401_OUT
daily,KOSPI200,institution,000080,하이트진로,17031,20151,3120,252770260,298707900,45937640,KRX MDCSTAT02401_OUT
daily,KOSPI200,institution,007310,오뚜기,380,501,121,119051500,156940500,37889000,KRX MDCSTAT02401_OUT
daily,KOSPI200,institution,137310,에스디바이오센서,20189,24219,4030,125904110,151188615,25284505,KRX MDCSTAT02401_OUT
daily,KOSPI200,institution,035250,강원랜드,40286,41041,755,574591320,585624200,11032880,KRX MDCSTAT02401_OUT
daily,KOSPI200,institution,014820,동원시스템즈,7023,7379,356,147428125,155197600,7769475,KRX MDCSTAT02401_OUT
daily,KOSPI200,institution,002790,아모레퍼시픽홀딩스,11964,12044,80,308543800,310937875,2394075,KRX MDCSTAT02401_OUT
daily,KOSPI200,institution,007700,F&F홀딩스,854,775,-79,11389610,10339320,-1050290,KRX MDCSTAT02401_OUT
daily,KOSPI200,institution,268280,미원에스씨,406,380,-26,51651300,48370000,-3281300,KRX MDCSTAT02401_OUT
daily,KOSPI200,institution,006040,동원산업,3175,2951,-224,112100700,104352600,-7748100,KRX MDCSTAT02401_OUT
daily,KOSPI200,institution,088350,한화생명,220469,218988,-1481,1162661445,1153859535,-8801910,KRX MDCSTAT02401_OUT
daily,KOSPI200,institution,002840,미원상사,665,555,-110,89480100,74887100,-14593000,KRX MDCSTAT02401_OUT
daily,KOSPI200,institution,377300,카카오페이,22926,22345,-581,908315900,888784200,-19531700,KRX MDCSTAT02401_OUT
daily,KOSPI200,institution,003240,태광산업,513,481,-32,463109000,435280000,-27829000,KRX MDCSTAT02401_OUT
daily,KOSPI200,institution,450080,에코프로머티,71341,69879,-1462,2554717375,2517709200,-37008175,KRX MDCSTAT02401_OUT
daily,KOSPI200,institution,017960,한국카본,30650,28362,-2288,618829000,572682085,-46146915,KRX MDCSTAT02401_OUT
daily,KOSPI200,institution,001800,오리온홀딩스,13568,11306,-2262,313802575,261724800,-52077775,KRX MDCSTAT02401_OUT
daily,KOSPI200,institution,001680,대상,9295,6014,-3281,165203850,107037890,-58165960,KRX MDCSTAT02401_OUT
daily,KOSPI200,institution,361610,SK아이이테크놀로지,68146,63984,-4162,1120069010,1059693880,-60375130,KRX MDCSTAT02401_OUT
daily,KOSPI200,institution,004990,롯데지주,14682,11881,-2801,347972400,281741500,-66230900,KRX MDCSTAT02401_OUT
daily,KOSPI200,institution,026960,동서,16309,13128,-3181,418045350,337200200,-80845150,KRX MDCSTAT02401_OUT
daily,KOSPI200,institution,034220,LG디스플레이,190799,177256,-13543,1611648745,1500412275,-111236470,KRX MDCSTAT02401_OUT
daily,KOSPI200,institution,185750,종근당,3603,1491,-2112,233233700,96670100,-136563600,KRX MDCSTAT02401_OUT
daily,KOSPI200,institution,280360,롯데웰푸드,2993,1750,-1243,365782800,214455700,-151327100,KRX MDCSTAT02401_OUT
daily,KOSPI200,institution,081660,미스토홀딩스,19252,14994,-4258,720176925,561334400,-158842525,KRX MDCSTAT02401_OUT
daily,KOSPI200,institution,028260,삼성물산,90949,90258,-691,31143063750,30982320000,-160743750,KRX MDCSTAT02401_OUT
daily,KOSPI200,institution,000670,영풍,9124,4766,-4358,369003650,193246825,-175756825,KRX MDCSTAT02401_OUT
daily,KOSPI200,institution,004000,롯데정밀화학,9916,5722,-4194,423296150,244512200,-178783950,KRX MDCSTAT02401_OUT
daily,KOSPI200,institution,069960,현대백화점,5823,3608,-2215,514387750,319411750,-194976000,KRX MDCSTAT02401_OUT
daily,KOSPI200,institution,034230,파라다이스,63064,39809,-23255,590815760,375420615,-215395145,KRX MDCSTAT02401_OUT
daily,KOSPI200,institution,002380,KCC,2570,2108,-462,1207102000,991581000,-215521000,KRX MDCSTAT02401_OUT
daily,KOSPI200,institution,302440,SK바이오사이언스,18178,11344,-6834,668186050,417467450,-250718600,KRX MDCSTAT02401_OUT
daily,KOSPI200,institution,285130,SK케미칼,10866,5564,-5302,554976900,283866400,-271110500,KRX MDCSTAT02401_OUT
daily,KOSPI200,institution,071970,HD현대마린엔진,22447,16054,-6393,1078381500,773055975,-305325525,KRX MDCSTAT02401_OUT
daily,KOSPI200,institution,012750,에스원,11694,8012,-3682,975205000,668756700,-306448300,KRX MDCSTAT02401_OUT
daily,KOSPI200,institution,251270,넷마블,43209,34215,-8994,1512631400,1198393675,-314237725,KRX MDCSTAT02401_OUT
daily,KOSPI200,institution,064400,LG씨엔에스,50543,44712,-5831,3540690800,3124502600,-416188200,KRX MDCSTAT02401_OUT
daily,KOSPI200,institution,103140,풍산,14888,8698,-6190,1155552450,675793800,-479758650,KRX MDCSTAT02401_OUT
daily,KOSPI200,institution,000210,DL,15181,4876,-10305,744091375,239865825,-504225550,KRX MDCSTAT02401_OUT
daily,KOSPI200,institution,000120,CJ대한통운,10974,3474,-7500,763083550,241780600,-521302950,KRX MDCSTAT02401_OUT
daily,KOSPI200,institution,035720,카카오,148551,132736,-15815,4974564975,4449056325,-525508650,KRX MDCSTAT02401_OUT
daily,KOSPI200,institution,036460,한국가스공사,32693,17570,-15123,1142838800,615113675,-527725125,KRX MDCSTAT02401_OUT
daily,KOSPI200,institution,271560,오리온,11873,6773,-5100,1259762200,719629050,-540133150,KRX MDCSTAT02401_OUT
daily,KOSPI200,institution,066970,엘앤에프,76270,71429,-4841,8550159700,8003124050,-547035650,KRX MDCSTAT02401_OUT
daily,KOSPI200,institution,139480,이마트,14131,6242,-7889,1001240700,442546300,-558694400,KRX MDCSTAT02401_OUT
daily,KOSPI200,institution,024110,기업은행,192408,162398,-30010,3864009550,3266818100,-597191450,KRX MDCSTAT02401_OUT
daily,KOSPI200,institution,011780,금호석유화학,14011,8563,-5448,1616759800,988080500,-628679300,KRX MDCSTAT02401_OUT
daily,KOSPI200,institution,000100,유한양행,54451,45645,-8806,4036722900,3392310650,-644412250,KRX MDCSTAT02401_OUT
daily,KOSPI200,institution,204320,HL만도,35978,20957,-15021,1666740725,972299850,-694440875,KRX MDCSTAT02401_OUT
daily,KOSPI200,institution,298020,효성티앤씨,10382,7812,-2570,2847960750,2150274750,-697686000,KRX MDCSTAT02401_OUT
daily,KOSPI200,institution,282330,BGF리테일,11239,5163,-6076,1441850200,663039900,-778810300,KRX MDCSTAT02401_OUT
daily,KOSPI200,institution,029780,삼성카드,30970,11733,-19237,1292206775,490146850,-802059925,KRX MDCSTAT02401_OUT
daily,KOSPI200,institution,007070,GS리테일,49257,8701,-40556,1087992250,192570450,-895421800,KRX MDCSTAT02401_OUT
daily,KOSPI200,institution,138930,BNK금융지주,162292,98720,-63572,2561347805,1558995375,-1002352430,KRX MDCSTAT02401_OUT
daily,KOSPI200,institution,051600,한전KPS,56954,32853,-24101,2499936425,1444862250,-1055074175,KRX MDCSTAT02401_OUT
daily,KOSPI200,institution,015760,한국전력,265895,217927,-47968,7993238675,6555643900,-1437594775,KRX MDCSTAT02401_OUT
daily,KOSPI200,institution,175330,JB금융지주,187082,133729,-53353,5308400425,3809479300,-1498921125,KRX MDCSTAT02401_OUT
daily,KOSPI200,institution,004020,현대제철,164873,109097,-55776,4994281450,3309763075,-1684518375,KRX MDCSTAT02401_OUT
daily,KOSPI200,institution,278470,에이피알,43477,38674,-4803,15873693750,14150448750,-1723245000,KRX MDCSTAT02401_OUT
daily,KOSPI200,institution,259960,크래프톤,35349,26104,-9245,7013774550,5181159300,-1832615250,KRX MDCSTAT02401_OUT
daily,KOSPI200,institution,443060,HD현대마린솔루션,20824,12816,-8008,4856803500,2996555000,-1860248500,KRX MDCSTAT02401_OUT
daily,KOSPI200,institution,000810,삼성화재,14965,11977,-2988,9347716000,7485456000,-1862260000,KRX MDCSTAT02401_OUT
daily,KOSPI200,institution,241560,두산밥캣,55667,20906,-34761,3037273750,1141154000,-1896119750,KRX MDCSTAT02401_OUT
daily,KOSPI200,institution,017800,현대엘리베이터,43358,15328,-28030,3127238800,1105479200,-2021759600,KRX MDCSTAT02401_OUT
daily,KOSPI200,institution,005490,POSCO홀딩스,57851,50701,-7150,17719924000,15545587500,-2174336500,KRX MDCSTAT02401_OUT
daily,KOSPI200,institution,008770,호텔신라,95888,40077,-55811,3742465850,1565088525,-2177377325,KRX MDCSTAT02401_OUT
daily,KOSPI200,institution,023530,롯데쇼핑,37214,15297,-21917,3724569150,1534678100,-2189891050,KRX MDCSTAT02401_OUT
daily,KOSPI200,institution,267250,HD현대,48221,37134,-11087,9554807650,7362394700,-2192412950,KRX MDCSTAT02401_OUT
daily,KOSPI200,institution,001450,현대해상,88314,39364,-48950,4188274725,1870848800,-2317425925,KRX MDCSTAT02401_OUT
daily,KOSPI200,institution,028050,삼성E&A,202841,136347,-66494,9587524800,6449231400,-3138293400,KRX MDCSTAT02401_OUT
daily,KOSPI200,institution,090430,아모레퍼시픽,59890,35967,-23923,8168104700,4912042000,-3256062700,KRX MDCSTAT02401_OUT
daily,KOSPI200,institution,005830,DB손해보험,55925,37919,-18006,10168037100,6898784700,-3269252400,KRX MDCSTAT02401_OUT
daily,KOSPI200,institution,329180,HD현대중공업,48802,41055,-7747,20958192000,17633634250,-3324557750,KRX MDCSTAT02401_OUT
daily,KOSPI200,institution,161390,한국타이어앤테크놀로지,110690,52560,-58130,6470696500,3082397600,-3388298900,KRX MDCSTAT02401_OUT
daily,KOSPI200,institution,030200,KT,122447,53637,-68810,6331005950,2776682150,-3554323800,KRX MDCSTAT02401_OUT
daily,KOSPI200,institution,004170,신세계,17020,5971,-11049,5619555750,1971553500,-3648002250,KRX MDCSTAT02401_OUT
daily,KOSPI200,institution,000270,기아,211063,177576,-33487,23874591800,20145887800,-3728704000,KRX MDCSTAT02401_OUT
daily,KOSPI200,institution,375500,DL이앤씨,99268,48936,-50332,7560753100,3728503200,-3832249900,KRX MDCSTAT02401_OUT
daily,KOSPI200,institution,010130,고려아연,6947,3319,-3628,7384906000,3533504000,-3851402000,KRX MDCSTAT02401_OUT
daily,KOSPI200,institution,086280,현대글로비스,51158,31275,-19883,10114867200,6190647500,-3924219700,KRX MDCSTAT02401_OUT
daily,KOSPI200,institution,120110,코오롱인더,91762,15024,-76738,5037803750,828258100,-4209545650,KRX MDCSTAT02401_OUT
daily,KOSPI200,institution,071050,한국금융지주,48366,24140,-24226,8611168200,4296279000,-4314889200,KRX MDCSTAT02401_OUT
daily,KOSPI200,institution,010140,삼성중공업,653271,417357,-235914,12796333200,8184027260,-4612305940,KRX MDCSTAT02401_OUT
daily,KOSPI200,institution,307950,현대오토에버,19049,6275,-12774,7122352750,2353124500,-4769228250,KRX MDCSTAT02401_OUT
daily,KOSPI200,institution,010950,S-Oil,111787,79686,-32101,16877399050,12059994250,-4817404800,KRX MDCSTAT02401_OUT
daily,KOSPI200,institution,009540,HD한국조선해양,47027,32000,-15027,15219906000,10379367250,-4840538750,KRX MDCSTAT02401_OUT
daily,KOSPI200,institution,017670,SK텔레콤,169407,104970,-64437,14509343650,8994985250,-5514358400,KRX MDCSTAT02401_OUT
daily,KOSPI200,institution,034020,두산에너빌리티,602593,533579,-69014,49599309450,43934140250,-5665169200,KRX MDCSTAT02401_OUT
daily,KOSPI200,institution,010120,LS ELECTRIC,107062,76102,-30960,21628188050,15422357300,-6205830750,KRX MDCSTAT02401_OUT
daily,KOSPI200,institution,042660,한화오션,198748,89752,-108996,15478322800,7000232950,-8478089850,KRX MDCSTAT02401_OUT
daily,KOSPI200,institution,005380,현대차,131313,104014,-27299,45519468000,36084695250,-9434772750,KRX MDCSTAT02401_OUT
daily,KOSPI200,institution,078930,GS,202251,102979,-99272,20676242350,10535801850,-10140440500,KRX MDCSTAT02401_OUT
daily,KOSPI200,institution,086790,하나금융지주,256180,176237,-79943,32989296100,22705306750,-10283989350,KRX MDCSTAT02401_OUT
daily,KOSPI200,institution,000150,두산,24895,16858,-8037,34376310500,23338539500,-11037771000,KRX MDCSTAT02401_OUT
daily,KOSPI200,institution,000720,현대건설,200087,104968,-95119,23363765500,12270372150,-11093393350,KRX MDCSTAT02401_OUT
daily,KOSPI200,institution,267260,HD현대일렉트릭,47841,24763,-23078,31704635500,16455840000,-15248795500,KRX MDCSTAT02401_OUT
daily,KOSPI200,institution,006260,LS,93100,19900,-73200,27598539750,5916740250,-21681799500,KRX MDCSTAT02401_OUT
daily,KOSPI200,institution,267270,HD건설기계,224686,31074,-193612,26911273100,3734000750,-23177272350,KRX MDCSTAT02401_OUT
daily,KOSPI200,institution,035420,NAVER,281145,93963,-187182,53857192900,18021641250,-35835551650,KRX MDCSTAT02401_OUT
daily,KOSPI200,institution,096770,SK이노베이션,543436,179272,-364164,76513049150,25450844450,-51062204700,KRX MDCSTAT02401_OUT
daily,KOSDAQ150,foreign,080220,제주반도체,513211,892835,379624,43104366500,74291140100,31186773600,KRX MDCSTAT02401_OUT
daily,KOSDAQ150,foreign,098460,고영,441885,1210483,768598,14605169775,40090409075,25485239300,KRX MDCSTAT02401_OUT
daily,KOSDAQ150,foreign,086520,에코프로,88602,326222,237620,7375625300,27114544700,19738919400,KRX MDCSTAT02401_OUT
daily,KOSDAQ150,foreign,089030,테크윙,212742,515496,302754,11718212400,28475299300,16757086900,KRX MDCSTAT02401_OUT
daily,KOSDAQ150,foreign,036540,SFA반도체,2370253,3720259,1350006,26832629335,41739229640,14906600305,KRX MDCSTAT02401_OUT
daily,KOSDAQ150,foreign,403870,HPSP,817316,1032304,214988,54855555000,68830524600,13974969600,KRX MDCSTAT02401_OUT
daily,KOSDAQ150,foreign,214450,파마리서치,17731,56359,38628,5517072750,17525796250,12008723500,KRX MDCSTAT02401_OUT
daily,KOSDAQ150,foreign,067310,하나마이크론,638680,855700,217020,31669895025,42731739525,11061844500,KRX MDCSTAT02401_OUT
daily,KOSDAQ150,foreign,277810,레인보우로보틱스,9067,30166,21099,3867709250,13003252250,9135543000,KRX MDCSTAT02401_OUT
daily,KOSDAQ150,foreign,031980,피에스케이홀딩스,17694,64694,47000,3274157200,12142703750,8868546550,KRX MDCSTAT02401_OUT
daily,KOSDAQ150,foreign,247540,에코프로비엠,89702,150000,60298,10069720300,16832448650,6762728350,KRX MDCSTAT02401_OUT
daily,KOSDAQ150,foreign,323280,태성,95962,190061,94099,5765641050,11436429650,5670788600,KRX MDCSTAT02401_OUT
daily,KOSDAQ150,foreign,087010,펩트론,35411,76307,40896,4938917600,10606735000,5667817400,KRX MDCSTAT02401_OUT
daily,KOSDAQ150,foreign,222800,심텍,180431,213149,32718,27692090800,32901244950,5209154150,KRX MDCSTAT02401_OUT
daily,KOSDAQ150,foreign,240810,원익IPS,398116,436272,38156,55407928300,60542320500,5134392200,KRX MDCSTAT02401_OUT
daily,KOSDAQ150,foreign,161580,필옵틱스,71429,175730,104301,2842306850,6977472125,4135165275,KRX MDCSTAT02401_OUT
daily,KOSDAQ150,foreign,310210,보로노이,40522,67165,26643,5870830300,9689348700,3818518400,KRX MDCSTAT02401_OUT
daily,KOSDAQ150,foreign,058610,에스피지,13707,52210,38503,1348257450,5151597400,3803339950,KRX MDCSTAT02401_OUT
daily,KOSDAQ150,foreign,196170,알테오젠,82055,96870,14815,21510976500,25313831750,3802855250,KRX MDCSTAT02401_OUT
daily,KOSDAQ150,foreign,237690,에스티팜,21608,60696,39088,2037351150,5705683700,3668332550,KRX MDCSTAT02401_OUT
daily,KOSDAQ150,foreign,005290,동진쎄미켐,322947,388576,65629,16649212275,19856866900,3207654625,KRX MDCSTAT02401_OUT
daily,KOSDAQ150,foreign,253590,네오셈,419330,630818,211488,5898608215,8937016965,3038408750,KRX MDCSTAT02401_OUT
daily,KOSDAQ150,foreign,399720,가온칩스,19445,81648,62203,919059050,3861135275,2942076225,KRX MDCSTAT02401_OUT
daily,KOSDAQ150,foreign,466100,클로봇,22748,142221,119473,515828075,3251208625,2735380550,KRX MDCSTAT02401_OUT
daily,KOSDAQ150,foreign,096530,씨젠,149837,218647,68810,5435986600,7984858850,2548872250,KRX MDCSTAT02401_OUT
daily,KOSDAQ150,foreign,100790,미래에셋벤처투자,80097,224787,144690,1405037575,3944389140,2539351565,KRX MDCSTAT02401_OUT
daily,KOSDAQ150,foreign,090710,휴림로봇,125866,533052,407186,778115380,3309244880,2531129500,KRX MDCSTAT02401_OUT
daily,KOSDAQ150,foreign,090360,로보스타,11014,41568,30554,843476300,3199631900,2356155600,KRX MDCSTAT02401_OUT
daily,KOSDAQ150,foreign,475830,오름테라퓨틱,89015,189926,100911,2054432725,4378260100,2323827375,KRX MDCSTAT02401_OUT
daily,KOSDAQ150,foreign,068760,셀트리온제약,9021,66643,57622,350654450,2596984050,2246329600,KRX MDCSTAT02401_OUT
daily,KOSDAQ150,foreign,007390,네이처셀,30233,115931,85698,750659100,2867043125,2116384025,KRX MDCSTAT02401_OUT
daily,KOSDAQ150,foreign,293490,카카오게임즈,109771,325065,215294,1068083980,3183901165,2115817185,KRX MDCSTAT02401_OUT
daily,KOSDAQ150,foreign,108490,로보티즈,38780,46005,7225,11135755500,13238411500,2102656000,KRX MDCSTAT02401_OUT
daily,KOSDAQ150,foreign,056080,유진로봇,80761,249392,168631,961083905,2982023985,2020940080,KRX MDCSTAT02401_OUT
daily,KOSDAQ150,foreign,036930,주성엔지니어링,310213,316326,6113,73296537000,75238982500,1942445500,KRX MDCSTAT02401_OUT
daily,KOSDAQ150,foreign,050890,쏠리드,297361,489307,191946,2904393680,4785813545,1881419865,KRX MDCSTAT02401_OUT
daily,KOSDAQ150,foreign,053800,안랩,21393,44386,22993,1653603350,3426922300,1773318950,KRX MDCSTAT02401_OUT
daily,KOSDAQ150,foreign,065350,신성델타테크,17320,72498,55178,547789600,2290013250,1742223650,KRX MDCSTAT02401_OUT
daily,KOSDAQ150,foreign,036810,에프에스티,68547,117361,48814,2316882150,3934853250,1617971100,KRX MDCSTAT02401_OUT
daily,KOSDAQ150,foreign,030530,원익홀딩스,255911,311983,56072,6972046000,8491614800,1519568800,KRX MDCSTAT02401_OUT
daily,KOSDAQ150,foreign,140860,파크시스템스,31511,36637,5126,9211337250,10689827750,1478490500,KRX MDCSTAT02401_OUT
daily,KOSDAQ150,foreign,358570,지아이이노베이션,159467,303099,143632,1467135620,2757905070,1290769450,KRX MDCSTAT02401_OUT
daily,KOSDAQ150,foreign,0009K0,에임드바이오,42881,95849,52968,1045514000,2323466525,1277952525,KRX MDCSTAT02401_OUT
daily,KOSDAQ150,foreign,112040,위메이드,26545,102969,76424,410857620,1595094165,1184236545,KRX MDCSTAT02401_OUT
daily,KOSDAQ150,foreign,420770,기가비스,15042,24177,9135,1963059350,3141172450,1178113100,KRX MDCSTAT02401_OUT
daily,KOSDAQ150,foreign,048410,현대바이오,282086,449811,167725,1958212220,3133573685,1175361465,KRX MDCSTAT02401_OUT
daily,KOSDAQ150,foreign,041190,우리기술투자,159578,359493,199915,931812115,2100134310,1168322195,KRX MDCSTAT02401_OUT
daily,KOSDAQ150,foreign,099320,쎄트렉아이,19474,34001,14527,1509747550,2646906000,1137158450,KRX MDCSTAT02401_OUT
daily,KOSDAQ150,foreign,060370,LS마린솔루션,34945,70927,35982,1128323450,2258629475,1130306025,KRX MDCSTAT02401_OUT
daily,KOSDAQ150,foreign,042000,카페24,155665,210798,55133,3178248890,4291836160,1113587270,KRX MDCSTAT02401_OUT
daily,KOSDAQ150,foreign,295310,에이치브이엠,40748,58267,17519,2580140200,3667273800,1087133600,KRX MDCSTAT02401_OUT
daily,KOSDAQ150,foreign,033100,제룡전기,13548,35039,21491,649510875,1681329525,1031818650,KRX MDCSTAT02401_OUT
daily,KOSDAQ150,foreign,232140,와이씨,1045587,1109090,63503,16176936715,17176566850,999630135,KRX MDCSTAT02401_OUT
daily,KOSDAQ150,foreign,124500,아이티센글로벌,24712,59398,34686,715582425,1712724775,997142350,KRX MDCSTAT02401_OUT
daily,KOSDAQ150,foreign,298380,에이비엘바이오,193971,213621,19650,9985071400,10943381825,958310425,KRX MDCSTAT02401_OUT
daily,KOSDAQ150,foreign,171090,선익시스템,5832,18738,12906,421547300,1351613950,930066650,KRX MDCSTAT02401_OUT
daily,KOSDAQ150,foreign,025980,아난티,221000,403734,182734,1096990248,2003611296,906621048,KRX MDCSTAT02401_OUT
daily,KOSDAQ150,foreign,347850,디앤디파마텍,190187,210260,20073,8393325850,9223001700,829675850,KRX MDCSTAT02401_OUT
daily,KOSDAQ150,foreign,131290,티에스이,25550,28477,2927,7621950000,8440237000,818287000,KRX MDCSTAT02401_OUT
daily,KOSDAQ150,foreign,052400,코나아이,12221,31713,19492,463451850,1203621300,740169450,KRX MDCSTAT02401_OUT
daily,KOSDAQ150,foreign,025320,시노펙스,83970,266390,182420,323849245,1033519024,709669779,KRX MDCSTAT02401_OUT
daily,KOSDAQ150,foreign,348370,엔켐,28962,62170,33208,611747000,1305776950,694029950,KRX MDCSTAT02401_OUT
daily,KOSDAQ150,foreign,082270,젬백스,58625,121739,63114,640164910,1314700020,674535110,KRX MDCSTAT02401_OUT
daily,KOSDAQ150,foreign,388720,유일로보틱스,3947,12516,8569,270189400,856983350,586793950,KRX MDCSTAT02401_OUT
daily,KOSDAQ150,foreign,204270,제이앤티씨,155578,182984,27406,3321136400,3896629925,575493525,KRX MDCSTAT02401_OUT
daily,KOSDAQ150,foreign,328130,루닛,193324,244489,51165,2097480260,2639225930,541745670,KRX MDCSTAT02401_OUT
daily,KOSDAQ150,foreign,218410,RFHIC,54922,63396,8474,3230273200,3719434400,489161200,KRX MDCSTAT02401_OUT
daily,KOSDAQ150,foreign,137400,피엔티,43253,59026,15773,1321470575,1804610200,483139625,KRX MDCSTAT02401_OUT
daily,KOSDAQ150,foreign,281740,레이크머티리얼즈,154443,194669,40226,1817159675,2295819955,478660280,KRX MDCSTAT02401_OUT
daily,KOSDAQ150,foreign,003380,하림지주,48445,92150,43705,528597425,1005632545,477035120,KRX MDCSTAT02401_OUT
daily,KOSDAQ150,foreign,263750,펄어비스,77984,92359,14375,2591207425,3061682675,470475250,KRX MDCSTAT02401_OUT
daily,KOSDAQ150,foreign,214150,클래시스,108249,122630,14381,3347280900,3785629900,438349000,KRX MDCSTAT02401_OUT
daily,KOSDAQ150,foreign,214430,아이쓰리시스템,20031,25638,5607,1548390400,1923987500,375597100,KRX MDCSTAT02401_OUT
daily,KOSDAQ150,foreign,213420,덕산네오룩스,21218,32710,11492,632303075,973810575,341507500,KRX MDCSTAT02401_OUT
daily,KOSDAQ150,foreign,278280,천보,6997,16130,9133,256146700,587354775,331208075,KRX MDCSTAT02401_OUT
daily,KOSDAQ150,foreign,272290,이녹스첨단소재,23111,36659,13548,508010825,806851500,298840675,KRX MDCSTAT02401_OUT
daily,KOSDAQ150,foreign,060280,큐렉소,59629,94926,35297,501070590,798308435,297237845,KRX MDCSTAT02401_OUT
daily,KOSDAQ150,foreign,189300,인텔리안테크,13240,17176,3936,893150450,1153522050,260371600,KRX MDCSTAT02401_OUT
daily,KOSDAQ150,foreign,032190,다우데이타,14603,27734,13131,279250290,530069200,250818910,KRX MDCSTAT02401_OUT
daily,KOSDAQ150,foreign,038500,삼표시멘트,66259,98363,32104,438034630,651226230,213191600,KRX MDCSTAT02401_OUT
daily,KOSDAQ150,foreign,125490,한라캐스트,189708,206885,17177,2273748350,2473739055,199990705,KRX MDCSTAT02401_OUT
daily,KOSDAQ150,foreign,101730,위메이드맥스,74958,112178,37220,351931330,530019110,178087780,KRX MDCSTAT02401_OUT
daily,KOSDAQ150,foreign,009520,포스코엠텍,26879,40445,13566,337382970,508149850,170766880,KRX MDCSTAT02401_OUT
daily,KOSDAQ150,foreign,032500,케이엠더블유,36321,45111,8790,688428030,850070465,161642435,KRX MDCSTAT02401_OUT
daily,KOSDAQ150,foreign,060250,NHN KCP,72500,83653,11153,984664655,1128007550,143342895,KRX MDCSTAT02401_OUT
daily,KOSDAQ150,foreign,015750,성우하이텍,36250,58794,22544,210602950,341725370,131122420,KRX MDCSTAT02401_OUT
daily,KOSDAQ150,foreign,030520,한컴,27793,32698,4905,481743140,566759355,85016215,KRX MDCSTAT02401_OUT
daily,KOSDAQ150,foreign,006730,서부T&D,102201,109496,7295,1109215320,1185001815,75786495,KRX MDCSTAT02401_OUT
daily,KOSDAQ150,foreign,025900,동화기업,9087,18823,9736,64724250,133979030,69254780,KRX MDCSTAT02401_OUT
daily,KOSDAQ150,foreign,018290,브이티,69327,75057,5730,866845290,935940135,69094845,KRX MDCSTAT02401_OUT
daily,KOSDAQ150,foreign,215200,메가스터디교육,16243,16583,340,604054350,616708900,12654550,KRX MDCSTAT02401_OUT
daily,KOSDAQ150,foreign,376300,디어유,41817,41827,10,775905490,779353470,3447980,KRX MDCSTAT02401_OUT
daily,KOSDAQ150,foreign,067160,SOOP,21380,20723,-657,778350675,754151925,-24198750,KRX MDCSTAT02401_OUT
daily,KOSDAQ150,foreign,352480,씨앤씨인터내셔널,4274,2131,-2143,89928050,44681550,-45246500,KRX MDCSTAT02401_OUT
daily,KOSDAQ150,foreign,225570,넥슨게임즈,67628,63158,-4470,728991645,673049040,-55942605,KRX MDCSTAT02401_OUT
daily,KOSDAQ150,foreign,194480,데브시스터즈,21726,17510,-4216,305666935,246456880,-59210055,KRX MDCSTAT02401_OUT
daily,KOSDAQ150,foreign,041510,에스엠,62999,62279,-720,4940178900,4855994900,-84184000,KRX MDCSTAT02401_OUT
daily,KOSDAQ150,foreign,141080,리가켐바이오,95958,95130,-828,8050238300,7958940050,-91298250,KRX MDCSTAT02401_OUT
daily,KOSDAQ150,foreign,033500,동성화인텍,42515,36382,-6133,676071225,576985810,-99085415,KRX MDCSTAT02401_OUT
daily,KOSDAQ150,foreign,082920,비츠로셀,57965,54131,-3834,1664140125,1550179500,-113960625,KRX MDCSTAT02401_OUT
daily,KOSDAQ150,foreign,036620,감성코퍼레이션,111595,80309,-31286,412392175,297245085,-115147090,KRX MDCSTAT02401_OUT
daily,KOSDAQ150,foreign,085660,차바이오텍,93850,79728,-14122,799802335,672490235,-127312100,KRX MDCSTAT02401_OUT
daily,KOSDAQ150,foreign,253450,스튜디오드래곤,25258,16935,-8323,512809550,343495325,-169314225,KRX MDCSTAT02401_OUT
daily,KOSDAQ150,foreign,183300,코미코,156131,151264,-4867,5509122325,5336943525,-172178800,KRX MDCSTAT02401_OUT
daily,KOSDAQ150,foreign,078340,컴투스,45883,41110,-4773,1722321600,1537721650,-184599950,KRX MDCSTAT02401_OUT
daily,KOSDAQ150,foreign,095660,네오위즈,28516,15284,-13232,512674670,274305670,-238369000,KRX MDCSTAT02401_OUT
daily,KOSDAQ150,foreign,214370,케어젠,40849,34707,-6142,1714135975,1457613650,-256522325,KRX MDCSTAT02401_OUT
daily,KOSDAQ150,foreign,035760,CJ ENM,39027,31506,-7521,1392953250,1121082800,-271870450,KRX MDCSTAT02401_OUT
daily,KOSDAQ150,foreign,036830,솔브레인홀딩스,23244,16861,-6383,1010823350,729005550,-281817800,KRX MDCSTAT02401_OUT
daily,KOSDAQ150,foreign,437730,삼현,65460,59274,-6186,3262846500,2945755700,-317090800,KRX MDCSTAT02401_OUT
daily,KOSDAQ150,foreign,074600,원익QnC,85027,74530,-10497,2710077175,2380324075,-329753100,KRX MDCSTAT02401_OUT
daily,KOSDAQ150,foreign,226950,올릭스,116790,116430,-360,13291598050,12961693200,-329904850,KRX MDCSTAT02401_OUT
daily,KOSDAQ150,foreign,095340,ISC,78644,77032,-1612,17331974000,16943967750,-388006250,KRX MDCSTAT02401_OUT
daily,KOSDAQ150,foreign,069080,웹젠,70673,34737,-35936,817261240,403004690,-414256550,KRX MDCSTAT02401_OUT
daily,KOSDAQ150,foreign,348210,넥스틴,40699,29849,-10850,1542939850,1126468150,-416471700,KRX MDCSTAT02401_OUT
daily,KOSDAQ150,foreign,211050,인카금융서비스,61349,16647,-44702,601736910,160863190,-440873720,KRX MDCSTAT02401_OUT
daily,KOSDAQ150,foreign,195940,HK이노엔,35093,22530,-12563,1408210675,897004325,-511206350,KRX MDCSTAT02401_OUT
daily,KOSDAQ150,foreign,145020,휴젤,35682,32715,-2967,6382049500,5851423100,-530626400,KRX MDCSTAT02401_OUT
daily,KOSDAQ150,foreign,445680,큐리옥스바이오시스템즈,37930,28286,-9644,2242342000,1669232400,-573109600,KRX MDCSTAT02401_OUT
daily,KOSDAQ150,foreign,043260,성호전자,806246,777643,-28603,22034588450,21410193775,-624394675,KRX MDCSTAT02401_OUT
daily,KOSDAQ150,foreign,251970,펌텍코리아,36654,26317,-10337,2301121000,1650366000,-650755000,KRX MDCSTAT02401_OUT
daily,KOSDAQ150,foreign,039200,오스코텍,74689,54401,-20288,2764399300,2003456600,-760942700,KRX MDCSTAT02401_OUT
daily,KOSDAQ150,foreign,166090,하나머티리얼즈,47825,35432,-12393,2966696450,2202906150,-763790300,KRX MDCSTAT02401_OUT
daily,KOSDAQ150,foreign,121600,나노신소재,22948,7612,-15336,1303855250,428789450,-875065800,KRX MDCSTAT02401_OUT
daily,KOSDAQ150,foreign,056190,SFA,105704,69033,-36671,3125671100,2045075525,-1080595575,KRX MDCSTAT02401_OUT
daily,KOSDAQ150,foreign,035900,JYP Ent.,89617,59189,-30428,3356160200,2216013075,-1140147125,KRX MDCSTAT02401_OUT
daily,KOSDAQ150,foreign,078600,대주전자재료,51544,39253,-12291,4941620000,3747863600,-1193756400,KRX MDCSTAT02401_OUT
daily,KOSDAQ150,foreign,122870,와이지엔터테인먼트,49389,19861,-29528,2057084250,828723425,-1228360825,KRX MDCSTAT02401_OUT
daily,KOSDAQ150,foreign,032820,우리기술,573984,439876,-134108,7142547620,5461520740,-1681026880,KRX MDCSTAT02401_OUT
daily,KOSDAQ150,foreign,131970,두산테스나,109187,92906,-16281,11193604650,9488964550,-1704640100,KRX MDCSTAT02401_OUT
daily,KOSDAQ150,foreign,319400,현대무벡스,320763,225315,-95448,6573549550,4632720225,-1940829325,KRX MDCSTAT02401_OUT
daily,KOSDAQ150,foreign,014620,성광벤드,101410,33867,-67543,3146178675,1048386100,-2097792575,KRX MDCSTAT02401_OUT
daily,KOSDAQ150,foreign,241710,코스메카코리아,91381,72217,-19164,10418230400,8210338850,-2207891550,KRX MDCSTAT02401_OUT
daily,KOSDAQ150,foreign,178320,서진시스템,452233,392449,-59784,17757267675,15444870875,-2312396800,KRX MDCSTAT02401_OUT
daily,KOSDAQ150,foreign,257720,실리콘투,191074,121450,-69624,7331532850,4662367225,-2669165625,KRX MDCSTAT02401_OUT
daily,KOSDAQ150,foreign,101490,에스앤에스텍,191361,135738,-55623,9547592650,6705172800,-2842419850,KRX MDCSTAT02401_OUT
daily,KOSDAQ150,foreign,064760,티씨케이,24872,11900,-12972,7674330000,3648424000,-4025906000,KRX MDCSTAT02401_OUT
daily,KOSDAQ150,foreign,417200,LS머트리얼즈,464601,159948,-304653,6396411345,2203961885,-4192449460,KRX MDCSTAT02401_OUT
daily,KOSDAQ150,foreign,290650,엘앤씨바이오,174426,77106,-97320,9608956450,4187777450,-5421179000,KRX MDCSTAT02401_OUT
daily,KOSDAQ150,foreign,083650,비에이치아이,165799,55130,-110669,10019970250,3325243000,-6694727250,KRX MDCSTAT02401_OUT
daily,KOSDAQ150,foreign,000250,삼천당제약,139277,102206,-37071,27181311200,19755720600,-7425590600,KRX MDCSTAT02401_OUT
daily,KOSDAQ150,foreign,089970,브이엠,332817,194887,-137930,22512848950,13115541450,-9397307500,KRX MDCSTAT02401_OUT
daily,KOSDAQ150,foreign,095610,테스,159445,98579,-60866,28360411650,17347804250,-11012607400,KRX MDCSTAT02401_OUT
daily,KOSDAQ150,foreign,039030,이오테크닉스,51248,28415,-22833,28076286000,15569087500,-12507198500,KRX MDCSTAT02401_OUT
daily,KOSDAQ150,foreign,084370,유진테크,158652,81867,-76785,28454712650,14585138150,-13869574500,KRX MDCSTAT02401_OUT
daily,KOSDAQ150,foreign,028300,HLB,572798,155560,-417238,22741675300,6159640025,-16582035275,KRX MDCSTAT02401_OUT
daily,KOSDAQ150,foreign,058470,리노공업,565101,350778,-214323,44199067900,27142056200,-17057011700,KRX MDCSTAT02401_OUT
daily,KOSDAQ150,institution,403870,HPSP,203869,892146,688277,13600981850,60254363450,46653381600,KRX MDCSTAT02401_OUT
daily,KOSDAQ150,institution,240810,원익IPS,171470,455088,283618,23758139050,63518743000,39760603950,KRX MDCSTAT02401_OUT
daily,KOSDAQ150,institution,196170,알테오젠,54027,200783,146756,14101086000,52872349000,38771263000,KRX MDCSTAT02401_OUT
daily,KOSDAQ150,institution,058470,리노공업,167675,604108,436433,12950246050,47685300400,34735054350,KRX MDCSTAT02401_OUT
daily,KOSDAQ150,institution,036930,주성엔지니어링,131089,267484,136395,30902960000,63636472750,32733512750,KRX MDCSTAT02401_OUT
daily,KOSDAQ150,institution,095610,테스,68753,224496,155743,12181507650,40157260550,27975752900,KRX MDCSTAT02401_OUT
daily,KOSDAQ150,institution,039030,이오테크닉스,32470,79640,47170,17741626500,43698513000,25956886500,KRX MDCSTAT02401_OUT
daily,KOSDAQ150,institution,080220,제주반도체,37989,293464,255475,3204253100,25003339100,21799086000,KRX MDCSTAT02401_OUT
daily,KOSDAQ150,institution,226950,올릭스,48471,221747,173276,5462597600,25410042350,19947444750,KRX MDCSTAT02401_OUT
daily,KOSDAQ150,institution,084370,유진테크,22374,127072,104698,3985489100,22911266850,18925777750,KRX MDCSTAT02401_OUT
daily,KOSDAQ150,institution,086520,에코프로,115630,328724,213094,9604075600,27450480300,17846404700,KRX MDCSTAT02401_OUT
daily,KOSDAQ150,institution,089970,브이엠,121443,359064,237621,8176937800,24280138250,16103200450,KRX MDCSTAT02401_OUT
daily,KOSDAQ150,institution,005290,동진쎄미켐,90165,365313,275148,4613039700,18899466925,14286427225,KRX MDCSTAT02401_OUT
daily,KOSDAQ150,institution,067310,하나마이크론,136512,380476,243964,6808426025,19007897650,12199471625,KRX MDCSTAT02401_OUT
daily,KOSDAQ150,institution,131970,두산테스나,35310,142193,106883,3615251650,14717673600,11102421950,KRX MDCSTAT02401_OUT
daily,KOSDAQ150,institution,000250,삼천당제약,61025,112534,51509,11776573300,22022379150,10245805850,KRX MDCSTAT02401_OUT
daily,KOSDAQ150,institution,247540,에코프로비엠,60955,146928,85973,6854577550,16612571550,9757994000,KRX MDCSTAT02401_OUT
daily,KOSDAQ150,institution,222800,심텍,165689,219308,53619,25504413400,34227586350,8723172950,KRX MDCSTAT02401_OUT
daily,KOSDAQ150,institution,089030,테크윙,27474,181670,154196,1503331350,10168251400,8664920050,KRX MDCSTAT02401_OUT
daily,KOSDAQ150,institution,098460,고영,141200,393066,251866,4658355800,13084771400,8426415600,KRX MDCSTAT02401_OUT
daily,KOSDAQ150,institution,095340,ISC,33245,63784,30539,7298049750,14107645750,6809596000,KRX MDCSTAT02401_OUT
daily,KOSDAQ150,institution,141080,리가켐바이오,41127,113520,72393,3438842100,9591144950,6152302850,KRX MDCSTAT02401_OUT
daily,KOSDAQ150,institution,277810,레인보우로보틱스,5383,18402,13019,2293914000,7942375750,5648461750,KRX MDCSTAT02401_OUT
daily,KOSDAQ150,institution,140860,파크시스템스,2309,21195,18886,664362500,6239913000,5575550500,KRX MDCSTAT02401_OUT
daily,KOSDAQ150,institution,232140,와이씨,25949,373186,347237,402648710,5835031615,5432382905,KRX MDCSTAT02401_OUT
daily,KOSDAQ150,institution,108490,로보티즈,18439,36176,17737,5252843500,10513068250,5260224750,KRX MDCSTAT02401_OUT
daily,KOSDAQ150,institution,064760,티씨케이,24740,41620,16880,7622727750,12861802250,5239074500,KRX MDCSTAT02401_OUT
daily,KOSDAQ150,institution,241710,코스메카코리아,35573,78642,43069,4046815500,9013839400,4967023900,KRX MDCSTAT02401_OUT
daily,KOSDAQ150,institution,131290,티에스이,19720,35602,15882,5860863000,10630458500,4769595500,KRX MDCSTAT02401_OUT
daily,KOSDAQ150,institution,078600,대주전자재료,12523,56143,43620,1198973250,5422908750,4223935500,KRX MDCSTAT02401_OUT
daily,KOSDAQ150,institution,178320,서진시스템,26086,129743,103657,1010792850,5138853175,4128060325,KRX MDCSTAT02401_OUT
daily,KOSDAQ150,institution,298380,에이비엘바이오,40025,118276,78251,2039338875,6161201300,4121862425,KRX MDCSTAT02401_OUT
daily,KOSDAQ150,institution,347850,디앤디파마텍,20023,102644,82621,863730550,4568313300,3704582750,KRX MDCSTAT02401_OUT
daily,KOSDAQ150,institution,310210,보로노이,11917,34986,23069,1681815450,5165223050,3483407600,KRX MDCSTAT02401_OUT
daily,KOSDAQ150,institution,074600,원익QnC,37364,139599,102235,1186107525,4445312125,3259204600,KRX MDCSTAT02401_OUT
daily,KOSDAQ150,institution,039200,오스코텍,12426,95452,83026,452783800,3553574775,3100790975,KRX MDCSTAT02401_OUT
daily,KOSDAQ150,institution,290650,엘앤씨바이오,18286,72104,53818,995278650,3979521000,2984242350,KRX MDCSTAT02401_OUT
daily,KOSDAQ150,institution,323280,태성,14763,63597,48834,875578350,3857908300,2982329950,KRX MDCSTAT02401_OUT
daily,KOSDAQ150,institution,096530,씨젠,34987,112638,77651,1270758775,4119707875,2848949100,KRX MDCSTAT02401_OUT
daily,KOSDAQ150,institution,043260,성호전자,419809,520410,100601,11560261375,14349300575,2789039200,KRX MDCSTAT02401_OUT
daily,KOSDAQ150,institution,295310,에이치브이엠,22342,62608,40266,1391948200,4004599850,2612651650,KRX MDCSTAT02401_OUT
daily,KOSDAQ150,institution,087010,펩트론,21489,39236,17747,2969849700,5511201850,2541352150,KRX MDCSTAT02401_OUT
daily,KOSDAQ150,institution,032820,우리기술,56120,213622,157502,696302165,2668513550,1972211385,KRX MDCSTAT02401_OUT
daily,KOSDAQ150,institution,121600,나노신소재,5077,37329,32252,286352450,2121628300,1835275850,KRX MDCSTAT02401_OUT
daily,KOSDAQ150,institution,218410,RFHIC,33239,63862,30623,1953927700,3778589300,1824661600,KRX MDCSTAT02401_OUT
daily,KOSDAQ150,institution,358570,지아이이노베이션,13536,192568,179032,118912260,1775829140,1656916880,KRX MDCSTAT02401_OUT
daily,KOSDAQ150,institution,042000,카페24,5778,84332,78554,114478270,1742591700,1628113430,KRX MDCSTAT02401_OUT
daily,KOSDAQ150,institution,101490,에스앤에스텍,14403,45645,31242,708961750,2316277025,1607315275,KRX MDCSTAT02401_OUT
daily,KOSDAQ150,institution,166090,하나머티리얼즈,25044,50104,25060,1553108050,3121723950,1568615900,KRX MDCSTAT02401_OUT
daily,KOSDAQ150,institution,028300,HLB,149594,186689,37095,5925749300,7481993500,1556244200,KRX MDCSTAT02401_OUT
daily,KOSDAQ150,institution,195940,HK이노엔,19211,56869,37658,763669150,2282921050,1519251900,KRX MDCSTAT02401_OUT
daily,KOSDAQ150,institution,007390,네이처셀,15862,74045,58183,388216025,1838857925,1450641900,KRX MDCSTAT02401_OUT
daily,KOSDAQ150,institution,035900,JYP Ent.,19313,57745,38432,722933900,2167375000,1444441100,KRX MDCSTAT02401_OUT
daily,KOSDAQ150,institution,445680,큐리옥스바이오시스템즈,1853,25295,23442,106748700,1498248800,1391500100,KRX MDCSTAT02401_OUT
daily,KOSDAQ150,institution,263750,펄어비스,31546,70202,38656,1046969725,2342385800,1295416075,KRX MDCSTAT02401_OUT
daily,KOSDAQ150,institution,036810,에프에스티,1973,36312,34339,64588075,1235118325,1170530250,KRX MDCSTAT02401_OUT
daily,KOSDAQ150,institution,058610,에스피지,9772,21010,11238,961633400,2082340800,1120707400,KRX MDCSTAT02401_OUT
daily,KOSDAQ150,institution,078340,컴투스,17068,46231,29163,639682150,1736695800,1097013650,KRX MDCSTAT02401_OUT
daily,KOSDAQ150,institution,319400,현대무벡스,25293,76559,51266,518529875,1574104875,1055575000,KRX MDCSTAT02401_OUT
daily,KOSDAQ150,institution,082920,비츠로셀,15145,51662,36517,430802275,1482333950,1051531675,KRX MDCSTAT02401_OUT
daily,KOSDAQ150,institution,437730,삼현,9213,29610,20397,460350400,1491188850,1030838450,KRX MDCSTAT02401_OUT
daily,KOSDAQ150,institution,030530,원익홀딩스,26981,63126,36145,727825125,1732900450,1005075325,KRX MDCSTAT02401_OUT
daily,KOSDAQ150,institution,0009K0,에임드바이오,14576,53122,38546,349508550,1315960200,966451650,KRX MDCSTAT02401_OUT
daily,KOSDAQ150,institution,225570,넥슨게임즈,22821,108537,85716,243132140,1170032265,926900125,KRX MDCSTAT02401_OUT
daily,KOSDAQ150,institution,420770,기가비스,16473,23343,6870,2142707450,3056060200,913352750,KRX MDCSTAT02401_OUT
daily,KOSDAQ150,institution,214370,케어젠,5405,25996,20591,223321625,1097390850,874069225,KRX MDCSTAT02401_OUT
daily,KOSDAQ150,institution,041510,에스엠,26958,37744,10786,2114286000,2956198600,841912600,KRX MDCSTAT02401_OUT
daily,KOSDAQ150,institution,125490,한라캐스트,3096,69969,66873,36064670,846408025,810343355,KRX MDCSTAT02401_OUT
daily,KOSDAQ150,institution,056190,SFA,31602,57840,26238,935388500,1715153100,779764600,KRX MDCSTAT02401_OUT
daily,KOSDAQ150,institution,033100,제룡전기,3707,18824,15117,176079200,907126150,731046950,KRX MDCSTAT02401_OUT
daily,KOSDAQ150,institution,090710,휴림로봇,22351,135799,113448,135612705,847837715,712225010,KRX MDCSTAT02401_OUT
daily,KOSDAQ150,institution,065350,신성델타테크,4761,25285,20524,148579975,801513500,652933525,KRX MDCSTAT02401_OUT
daily,KOSDAQ150,institution,018290,브이티,3120,53822,50702,38247700,673745560,635497860,KRX MDCSTAT02401_OUT
daily,KOSDAQ150,institution,090360,로보스타,1367,9269,7902,104675100,719833300,615158200,KRX MDCSTAT02401_OUT
daily,KOSDAQ150,institution,161580,필옵틱스,5326,20035,14709,206709250,803413375,596704125,KRX MDCSTAT02401_OUT
daily,KOSDAQ150,institution,085660,차바이오텍,18314,86252,67938,153073630,737278360,584204730,KRX MDCSTAT02401_OUT
daily,KOSDAQ150,institution,032500,케이엠더블유,5861,36112,30251,109109560,688422705,579313145,KRX MDCSTAT02401_OUT
daily,KOSDAQ150,institution,137400,피엔티,15102,33562,18460,456022850,1030332000,574309150,KRX MDCSTAT02401_OUT
daily,KOSDAQ150,institution,211050,인카금융서비스,11435,68735,57300,111616760,675281690,563664930,KRX MDCSTAT02401_OUT
daily,KOSDAQ150,institution,036830,솔브레인홀딩스,10855,23509,12654,469579575,1024888000,555308425,KRX MDCSTAT02401_OUT
daily,KOSDAQ150,institution,251970,펌텍코리아,9602,18369,8767,599910700,1150938400,551027700,KRX MDCSTAT02401_OUT
daily,KOSDAQ150,institution,348370,엔켐,8377,33554,25177,173312900,713298600,539985700,KRX MDCSTAT02401_OUT
daily,KOSDAQ150,institution,376300,디어유,1638,30217,28579,30285000,561304210,531019210,KRX MDCSTAT02401_OUT
daily,KOSDAQ150,institution,171090,선익시스템,3517,10500,6983,253475900,761590900,508115000,KRX MDCSTAT02401_OUT
daily,KOSDAQ150,institution,145020,휴젤,13090,15849,2759,2340939150,2843832400,502893250,KRX MDCSTAT02401_OUT
daily,KOSDAQ150,institution,099320,쎄트렉아이,1965,8276,6311,152248050,647289500,495041450,KRX MDCSTAT02401_OUT
daily,KOSDAQ150,institution,050890,쏠리드,11291,60749,49458,109065240,595644200,486578960,KRX MDCSTAT02401_OUT
daily,KOSDAQ150,institution,475830,오름테라퓨틱,8755,29298,20543,200259700,680764825,480505125,KRX MDCSTAT02401_OUT
daily,KOSDAQ150,institution,215200,메가스터디교육,3077,14500,11423,114030500,539495750,425465250,KRX MDCSTAT02401_OUT
daily,KOSDAQ150,institution,253590,네오셈,3384,33220,29836,47194775,469221970,422027195,KRX MDCSTAT02401_OUT
daily,KOSDAQ150,institution,112040,위메이드,27171,53827,26656,420092090,835740090,415648000,KRX MDCSTAT02401_OUT
daily,KOSDAQ150,institution,348210,넥스틴,14828,25313,10485,556488750,959619400,403130650,KRX MDCSTAT02401_OUT
daily,KOSDAQ150,institution,388720,유일로보틱스,1235,6906,5671,84154500,477146500,392992000,KRX MDCSTAT02401_OUT
daily,KOSDAQ150,institution,053800,안랩,1359,6287,4928,104405100,486407050,382001950,KRX MDCSTAT02401_OUT
daily,KOSDAQ150,institution,082270,젬백스,7873,42240,34367,83582160,463900830,380318670,KRX MDCSTAT02401_OUT
daily,KOSDAQ150,institution,204270,제이앤티씨,4777,22033,17256,102523350,474361625,371838275,KRX MDCSTAT02401_OUT
daily,KOSDAQ150,institution,025980,아난티,9938,81688,71750,48537105,408277330,359740225,KRX MDCSTAT02401_OUT
daily,KOSDAQ150,institution,030520,한컴,20842,41380,20538,360338170,717480080,357141910,KRX MDCSTAT02401_OUT
daily,KOSDAQ150,institution,100790,미래에셋벤처투자,3557,21377,17820,61101930,378858485,317756555,KRX MDCSTAT02401_OUT
daily,KOSDAQ150,institution,253450,스튜디오드래곤,6918,22267,15349,140301200,453748425,313447225,KRX MDCSTAT02401_OUT
daily,KOSDAQ150,institution,095660,네오위즈,6812,23913,17101,122023260,430514540,308491280,KRX MDCSTAT02401_OUT
daily,KOSDAQ150,institution,048410,현대바이오,138681,182416,43735,962890480,1268386170,305495690,KRX MDCSTAT02401_OUT
daily,KOSDAQ150,institution,189300,인텔리안테크,8905,13327,4422,597684800,898007450,300322650,KRX MDCSTAT02401_OUT
daily,KOSDAQ150,institution,025320,시노펙스,15088,91821,76733,57835540,356547925,298712385,KRX MDCSTAT02401_OUT
daily,KOSDAQ150,institution,041190,우리기술투자,10018,58904,48886,58051025,345884290,287833265,KRX MDCSTAT02401_OUT
daily,KOSDAQ150,institution,038500,삼표시멘트,25262,67706,42444,166011950,449571480,283559530,KRX MDCSTAT02401_OUT
daily,KOSDAQ150,institution,032190,다우데이타,11547,25616,14069,219539710,489644860,270105150,KRX MDCSTAT02401_OUT
daily,KOSDAQ150,institution,214430,아이쓰리시스템,5556,9163,3607,390163800,654894500,264730700,KRX MDCSTAT02401_OUT
daily,KOSDAQ150,institution,033500,동성화인텍,4200,20464,16264,66480825,325993350,259512525,KRX MDCSTAT02401_OUT
daily,KOSDAQ150,institution,272290,이녹스첨단소재,15959,27583,11624,349476450,608943550,259467100,KRX MDCSTAT02401_OUT
daily,KOSDAQ150,institution,278280,천보,2167,9173,7006,78174600,336327800,258153200,KRX MDCSTAT02401_OUT
daily,KOSDAQ150,institution,052400,코나아이,4455,11195,6740,168337850,425725050,257387200,KRX MDCSTAT02401_OUT
daily,KOSDAQ150,institution,399720,가온칩스,1973,7233,5260,91926425,345699500,253773075,KRX MDCSTAT02401_OUT
daily,KOSDAQ150,institution,466100,클로봇,25541,36366,10825,587558550,837580350,250021800,KRX MDCSTAT02401_OUT
daily,KOSDAQ150,institution,060280,큐렉소,4198,32987,28789,34460050,281181425,246721375,KRX MDCSTAT02401_OUT
daily,KOSDAQ150,institution,009520,포스코엠텍,15138,34045,18907,189734035,428744470,239010435,KRX MDCSTAT02401_OUT
daily,KOSDAQ150,institution,214150,클래시스,43950,50327,6377,1341908875,1558335600,216426725,KRX MDCSTAT02401_OUT
daily,KOSDAQ150,institution,003380,하림지주,50081,67747,17666,545844780,740260420,194415640,KRX MDCSTAT02401_OUT
daily,KOSDAQ150,institution,069080,웹젠,30573,47317,16744,353355590,547283330,193927740,KRX MDCSTAT02401_OUT
daily,KOSDAQ150,institution,281740,레이크머티리얼즈,46177,59531,13354,544135585,709400260,165264675,KRX MDCSTAT02401_OUT
daily,KOSDAQ150,institution,060250,NHN KCP,16149,27804,11655,215750805,375913830,160163025,KRX MDCSTAT02401_OUT
daily,KOSDAQ150,institution,328130,루닛,67853,79800,11947,737367955,878287185,140919230,KRX MDCSTAT02401_OUT
daily,KOSDAQ150,institution,213420,덕산네오룩스,21245,25786,4541,631893925,770778425,138884500,KRX MDCSTAT02401_OUT
daily,KOSDAQ150,institution,417200,LS머트리얼즈,108956,117810,8854,1504702725,1628214630,123511905,KRX MDCSTAT02401_OUT
daily,KOSDAQ150,institution,036620,감성코퍼레이션,67554,99674,32120,248455935,371170645,122714710,KRX MDCSTAT02401_OUT
daily,KOSDAQ150,institution,101730,위메이드맥스,2529,24155,21626,11841208,114700660,102859452,KRX MDCSTAT02401_OUT
daily,KOSDAQ150,institution,015750,성우하이텍,58483,71266,12783,339662410,415236130,75573720,KRX MDCSTAT02401_OUT
daily,KOSDAQ150,institution,025900,동화기업,3981,13465,9484,28307020,96555740,68248720,KRX MDCSTAT02401_OUT
daily,KOSDAQ150,institution,352480,씨앤씨인터내셔널,1083,4069,2986,22550450,85862900,63312450,KRX MDCSTAT02401_OUT
daily,KOSDAQ150,institution,068760,셀트리온제약,37531,38623,1092,1458954425,1511823150,52868725,KRX MDCSTAT02401_OUT
daily,KOSDAQ150,institution,067160,SOOP,11974,12859,885,435411900,468735900,33324000,KRX MDCSTAT02401_OUT
daily,KOSDAQ150,institution,194480,데브시스터즈,10964,13162,2198,153856810,185779150,31922340,KRX MDCSTAT02401_OUT
daily,KOSDAQ150,institution,006730,서부T&D,103419,105991,2572,1114152870,1144372340,30219470,KRX MDCSTAT02401_OUT
daily,KOSDAQ150,institution,237690,에스티팜,43174,40353,-2821,4059800450,3822722400,-237078050,KRX MDCSTAT02401_OUT
daily,KOSDAQ150,institution,035760,CJ ENM,33641,23013,-10628,1198629575,823620850,-375008725,KRX MDCSTAT02401_OUT
daily,KOSDAQ150,institution,124500,아이티센글로벌,37181,21006,-16175,1073983650,611150450,-462833200,KRX MDCSTAT02401_OUT
daily,KOSDAQ150,institution,122870,와이지엔터테인먼트,68898,57476,-11422,2863684300,2392068050,-471616250,KRX MDCSTAT02401_OUT
daily,KOSDAQ150,institution,293490,카카오게임즈,204575,117188,-87387,1999664360,1148703915,-850960445,KRX MDCSTAT02401_OUT
daily,KOSDAQ150,institution,056080,유진로봇,102630,21549,-81081,1230862570,259136325,-971726245,KRX MDCSTAT02401_OUT
daily,KOSDAQ150,institution,183300,코미코,118297,84921,-33376,4175174800,3002234125,-1172940675,KRX MDCSTAT02401_OUT
daily,KOSDAQ150,institution,257720,실리콘투,173355,141169,-32186,6639626075,5442504300,-1197121775,KRX MDCSTAT02401_OUT
daily,KOSDAQ150,institution,014620,성광벤드,108537,66219,-42318,3353062725,2049503950,-1303558775,KRX MDCSTAT02401_OUT
daily,KOSDAQ150,institution,083650,비에이치아이,62941,38233,-24708,3780025850,2305398600,-1474627250,KRX MDCSTAT02401_OUT
daily,KOSDAQ150,institution,060370,LS마린솔루션,99533,21983,-77550,3170818900,707342700,-2463476200,KRX MDCSTAT02401_OUT
daily,KOSDAQ150,institution,031980,피에스케이홀딩스,75882,41786,-34096,14124510850,7866210750,-6258300100,KRX MDCSTAT02401_OUT
daily,KOSDAQ150,institution,036540,SFA반도체,2633025,1479900,-1153125,29375100595,16680613310,-12694487285,KRX MDCSTAT02401_OUT
daily,KOSDAQ150,institution,214450,파마리서치,65407,20684,-44723,20323117750,6451478000,-13871639750,KRX MDCSTAT02401_OUT
weekly,KOSPI200,foreign,316140,우리금융지주,8202237,27025679,18823442,283112231725,911055774045,627943542320,KRX MDCSTAT02401_OUT
weekly,KOSPI200,foreign,042700,한미반도체,774503,1091825,317322,194235759750,273311349500,79075589750,KRX MDCSTAT02401_OUT
weekly,KOSPI200,foreign,096770,SK이노베이션,1268266,1736707,468441,187900152600,260302210150,72402057550,KRX MDCSTAT02401_OUT
weekly,KOSPI200,foreign,017670,SK텔레콤,780998,1139402,358404,67445186750,98595785250,31150598500,KRX MDCSTAT02401_OUT
weekly,KOSPI200,foreign,329180,HD현대중공업,252389,316581,64192,110047439000,137813083750,27765644750,KRX MDCSTAT02401_OUT
weekly,KOSPI200,foreign,006400,삼성SDI,414359,460011,45652,214586401000,239525343500,24938942500,KRX MDCSTAT02401_OUT
weekly,KOSPI200,foreign,003230,삼양식품,56961,76175,19214,69447349000,92804937000,23357588000,KRX MDCSTAT02401_OUT
weekly,KOSPI200,foreign,010950,S-Oil,760727,900081,139354,120357932250,142713659700,22355727450,KRX MDCSTAT02401_OUT
weekly,KOSPI200,foreign,078930,GS,779678,968483,188805,84661299645,104757407995,20096108350,KRX MDCSTAT02401_OUT
weekly,KOSPI200,foreign,086280,현대글로비스,341382,440208,98826,67475797050,87044510250,19568713200,KRX MDCSTAT02401_OUT
weekly,KOSPI200,foreign,018260,삼성에스디에스,225049,309996,84947,49261802000,67885769750,18623967750,KRX MDCSTAT02401_OUT
weekly,KOSPI200,foreign,278470,에이피알,367831,417552,49721,134470966500,152799534250,18328567750,KRX MDCSTAT02401_OUT
weekly,KOSPI200,foreign,161890,한국콜마,512785,614676,101891,75784776550,90930876450,15146099900,KRX MDCSTAT02401_OUT
weekly,KOSPI200,foreign,004170,신세계,139167,179493,40326,47357430000,60963865000,13606435000,KRX MDCSTAT02401_OUT
weekly,KOSPI200,foreign,024110,기업은행,2350768,2918050,567282,47897099025,60003700300,12106601275,KRX MDCSTAT02401_OUT
weekly,KOSPI200,foreign,0126Z0,삼성에피스홀딩스,88240,120409,32169,30508957750,42385395500,11876437750,KRX MDCSTAT02401_OUT
weekly,KOSPI200,foreign,011200,HMM,1414109,1966964,552855,29706145875,41399734250,11693588375,KRX MDCSTAT02401_OUT
weekly,KOSPI200,foreign,079550,LIG디펜스앤에어로스페이스,99810,114574,14764,69203310000,79732878000,10529568000,KRX MDCSTAT02401_OUT
weekly,KOSPI200,foreign,375500,DL이앤씨,601942,730067,128125,47470105250,57740680550,10270575300,KRX MDCSTAT02401_OUT
weekly,KOSPI200,foreign,001450,현대해상,1188808,1394450,205642,57854874725,67750239725,9895365000,KRX MDCSTAT02401_OUT
weekly,KOSPI200,foreign,373220,LG에너지솔루션,442212,467200,24988,157273433500,166946552000,9673118500,KRX MDCSTAT02401_OUT
weekly,KOSPI200,foreign,093370,후성,7045298,7689086,643788,104605758910,113972417410,9366658500,KRX MDCSTAT02401_OUT
weekly,KOSPI200,foreign,071050,한국금융지주,423552,475197,51645,76236567300,85554272300,9317705000,KRX MDCSTAT02401_OUT
weekly,KOSPI200,foreign,082740,한화엔진,900937,1079235,178298,43314842075,52228000825,8913158750,KRX MDCSTAT02401_OUT
weekly,KOSPI200,foreign,483650,달바글로벌,198572,244327,45755,36741463900,45269240950,8527777050,KRX MDCSTAT02401_OUT
weekly,KOSPI200,foreign,443060,HD현대마린솔루션,147226,180831,33605,35112630950,43156640700,8044009750,KRX MDCSTAT02401_OUT
weekly,KOSPI200,foreign,068270,셀트리온,651357,694656,43299,116635128915,124520758515,7885629600,KRX MDCSTAT02401_OUT
weekly,KOSPI200,foreign,128940,한미약품,109814,124071,14257,55870034000,63287495250,7417461250,KRX MDCSTAT02401_OUT
weekly,KOSPI200,foreign,161390,한국타이어앤테크놀로지,793379,915934,122555,46540809300,53712634550,7171825250,KRX MDCSTAT02401_OUT
weekly,KOSPI200,foreign,001040,CJ,248643,301218,52575,33272986000,40305268800,7032282800,KRX MDCSTAT02401_OUT
weekly,KOSPI200,foreign,010130,고려아연,19218,25767,6549,20799147500,27673542000,6874394500,KRX MDCSTAT02401_OUT
weekly,KOSPI200,foreign,009420,한올바이오파마,380902,532958,152056,17068113450,23668601925,6600488475,KRX MDCSTAT02401_OUT
weekly,KOSPI200,foreign,259960,크래프톤,204459,236219,31760,40554043012,46852828362,6298785350,KRX MDCSTAT02401_OUT
weekly,KOSPI200,foreign,023530,롯데쇼핑,215802,268087,52285,22014999050,27309826100,5294827050,KRX MDCSTAT02401_OUT
weekly,KOSPI200,foreign,204320,HL만도,314518,425803,111285,14407745750,19591827025,5184081275,KRX MDCSTAT02401_OUT
weekly,KOSPI200,foreign,010120,LS ELECTRIC,510352,535346,24994,104447256600,109622107800,5174851200,KRX MDCSTAT02401_OUT
weekly,KOSPI200,foreign,207940,삼성바이오로직스,122465,125843,3378,170391205668,175544434168,5153228500,KRX MDCSTAT02401_OUT
weekly,KOSPI200,foreign,352820,하이브,408393,437725,29332,64667869950,69452838450,4784968500,KRX MDCSTAT02401_OUT
weekly,KOSPI200,foreign,120110,코오롱인더,149018,227730,78712,8155549100,12486015600,4330466500,KRX MDCSTAT02401_OUT
weekly,KOSPI200,foreign,039490,키움증권,208153,223939,15786,53296104250,57508670250,4212566000,KRX MDCSTAT02401_OUT
weekly,KOSPI200,foreign,002380,KCC,42454,50707,8253,20054375000,23999823250,3945448250,KRX MDCSTAT02401_OUT
weekly,KOSPI200,foreign,450080,에코프로머티,487891,592131,104240,17058535500,21001539650,3943004150,KRX MDCSTAT02401_OUT
weekly,KOSPI200,foreign,073240,금호타이어,2648835,3211373,562538,17816032060,21744854435,3928822375,KRX MDCSTAT02401_OUT
weekly,KOSPI200,foreign,138930,BNK금융지주,2289224,2515414,226190,36676388135,40563696905,3887308770,KRX MDCSTAT02401_OUT
weekly,KOSPI200,foreign,000100,유한양행,469246,515077,45831,34647732050,38044617650,3396885600,KRX MDCSTAT02401_OUT
weekly,KOSPI200,foreign,251270,넷마블,327865,415030,87165,11411008900,14486117450,3075108550,KRX MDCSTAT02401_OUT
weekly,KOSPI200,foreign,097950,CJ제일제당,97700,114017,16317,17389577300,20309739650,2920162350,KRX MDCSTAT02401_OUT
weekly,KOSPI200,foreign,029780,삼성카드,191147,254923,63776,8104251075,10897554950,2793303875,KRX MDCSTAT02401_OUT
weekly,KOSPI200,foreign,066570,LG전자,1214952,1219319,4367,258239864250,260909615750,2669751500,KRX MDCSTAT02401_OUT
weekly,KOSPI200,foreign,000880,한화,270462,288941,18479,34889827880,37370130130,2480302250,KRX MDCSTAT02401_OUT
weekly,KOSPI200,foreign,006280,녹십자,35289,54188,18899,4397122200,6771625450,2374503250,KRX MDCSTAT02401_OUT
weekly,KOSPI200,foreign,192820,코스맥스,152213,160412,8199,41800081250,43959147750,2159066500,KRX MDCSTAT02401_OUT
weekly,KOSPI200,foreign,007070,GS리테일,300850,387895,87045,6813904725,8793740600,1979835875,KRX MDCSTAT02401_OUT
weekly,KOSPI200,foreign,069960,현대백화점,264831,287888,23057,24262672800,26175470150,1912797350,KRX MDCSTAT02401_OUT
weekly,KOSPI200,foreign,285130,SK케미칼,49754,86828,37074,2544901550,4433214800,1888313250,KRX MDCSTAT02401_OUT
weekly,KOSPI200,foreign,192080,더블유게임즈,101419,130215,28796,5917403900,7603035100,1685631200,KRX MDCSTAT02401_OUT
weekly,KOSPI200,foreign,302440,SK바이오사이언스,100401,145144,44743,3614185500,5255325425,1641139925,KRX MDCSTAT02401_OUT
weekly,KOSPI200,foreign,282330,BGF리테일,110697,122708,12011,14513389550,16057929800,1544540250,KRX MDCSTAT02401_OUT
weekly,KOSPI200,foreign,005850,에스엘,170613,199964,29351,8521271825,9967203000,1445931175,KRX MDCSTAT02401_OUT
weekly,KOSPI200,foreign,032640,LG유플러스,2586689,2676616,89927,37835051837,39209814287,1374762450,KRX MDCSTAT02401_OUT
weekly,KOSPI200,foreign,004020,현대제철,1392693,1457355,64662,43735935825,44901606925,1165671100,KRX MDCSTAT02401_OUT
weekly,KOSPI200,foreign,000210,DL,72943,94103,21160,3671401650,4753981850,1082580200,KRX MDCSTAT02401_OUT
weekly,KOSPI200,foreign,185750,종근당,58130,68937,10807,3758101150,4459627500,701526350,KRX MDCSTAT02401_OUT
weekly,KOSPI200,foreign,000670,영풍,98311,114699,16388,4121712300,4821243875,699531575,KRX MDCSTAT02401_OUT
weekly,KOSPI200,foreign,008930,한미사이언스,207855,216173,8318,10890904800,11350610250,459705450,KRX MDCSTAT02401_OUT
weekly,KOSPI200,foreign,002790,아모레퍼시픽홀딩스,239795,254003,14208,6276648300,6668500975,391852675,KRX MDCSTAT02401_OUT
weekly,KOSPI200,foreign,007340,DN오토모티브,315065,321617,6552,15481099550,15795347875,314248325,KRX MDCSTAT02401_OUT
weekly,KOSPI200,foreign,003240,태광산업,1577,1873,296,1425037000,1695286500,270249500,KRX MDCSTAT02401_OUT
weekly,KOSPI200,foreign,008730,율촌화학,134547,151365,16818,1970632700,2224444960,253812260,KRX MDCSTAT02401_OUT
weekly,KOSPI200,foreign,137310,에스디바이오센서,248551,282286,33735,1517390145,1737154750,219764605,KRX MDCSTAT02401_OUT
weekly,KOSPI200,foreign,030000,제일기획,838730,847171,8441,15397001090,15589089675,192088585,KRX MDCSTAT02401_OUT
weekly,KOSPI200,foreign,300720,한일시멘트,87168,97371,10203,1407955125,1576940250,168985125,KRX MDCSTAT02401_OUT
weekly,KOSPI200,foreign,005300,롯데칠성,38855,40430,1575,3702764800,3859352550,156587750,KRX MDCSTAT02401_OUT
weekly,KOSPI200,foreign,002840,미원상사,3779,4901,1122,513614600,667724800,154110200,KRX MDCSTAT02401_OUT
weekly,KOSPI200,foreign,006040,동원산업,64631,68451,3820,2290969175,2426991300,136022125,KRX MDCSTAT02401_OUT
weekly,KOSPI200,foreign,005420,코스모화학,207932,218644,10712,2140398675,2265806800,125408125,KRX MDCSTAT02401_OUT
weekly,KOSPI200,foreign,004370,농심,52614,52896,282,21163238140,21219986890,56748750,KRX MDCSTAT02401_OUT
weekly,KOSPI200,foreign,280360,롯데웰푸드,28353,28730,377,3514724400,3565432600,50708200,KRX MDCSTAT02401_OUT
weekly,KOSPI200,foreign,004000,롯데정밀화학,84181,84316,135,3636740125,3660311625,23571500,KRX MDCSTAT02401_OUT
weekly,KOSPI200,foreign,268280,미원에스씨,1398,1567,169,183444650,205798500,22353850,KRX MDCSTAT02401_OUT
weekly,KOSPI200,foreign,014820,동원시스템즈,30621,29385,-1236,642692125,616211700,-26480425,KRX MDCSTAT02401_OUT
weekly,KOSPI200,foreign,007700,F&F홀딩스,8424,4650,-3774,112413810,62181915,-50231895,KRX MDCSTAT02401_OUT
weekly,KOSPI200,foreign,180640,한진칼,136581,135613,-968,18752766050,18682141050,-70625000,KRX MDCSTAT02401_OUT
weekly,KOSPI200,foreign,000080,하이트진로,206963,194197,-12766,3087858770,2912365270,-175493500,KRX MDCSTAT02401_OUT
weekly,KOSPI200,foreign,028670,팬오션,4618969,4579493,-39476,26672022190,26488409495,-183612695,KRX MDCSTAT02401_OUT
weekly,KOSPI200,foreign,000240,한국앤컴퍼니,145931,134566,-11365,3633470325,3350777575,-282692750,KRX MDCSTAT02401_OUT
weekly,KOSPI200,foreign,011780,금호석유화학,164611,161827,-2784,19092060200,18799782600,-292277600,KRX MDCSTAT02401_OUT
weekly,KOSPI200,foreign,009970,영원무역홀딩스,23977,21776,-2201,3936573950,3579880900,-356693050,KRX MDCSTAT02401_OUT
weekly,KOSPI200,foreign,002030,아세아,4577,2787,-1790,943035000,573009000,-370026000,KRX MDCSTAT02401_OUT
weekly,KOSPI200,foreign,086790,하나금융지주,2200261,2198789,-1472,289921832060,289538059710,-383772350,KRX MDCSTAT02401_OUT
weekly,KOSPI200,foreign,007310,오뚜기,7443,5968,-1475,2346988500,1886721250,-460267250,KRX MDCSTAT02401_OUT
weekly,KOSPI200,foreign,011210,현대위아,137950,127455,-10495,7290797000,6768650100,-522146900,KRX MDCSTAT02401_OUT
weekly,KOSPI200,foreign,298050,HS효성첨단소재,17597,13953,-3644,2829629750,2259585250,-570044500,KRX MDCSTAT02401_OUT
weekly,KOSPI200,foreign,022100,포스코DX,445547,413573,-31974,8945546195,8337368580,-608177615,KRX MDCSTAT02401_OUT
weekly,KOSPI200,foreign,017960,한국카본,233519,202171,-31348,4704626165,4080923345,-623702820,KRX MDCSTAT02401_OUT
weekly,KOSPI200,foreign,001680,대상,134884,99284,-35600,2426257195,1793027310,-633229885,KRX MDCSTAT02401_OUT
weekly,KOSPI200,foreign,307950,현대오토에버,64232,62640,-1592,24035603500,23390089000,-645514500,KRX MDCSTAT02401_OUT
weekly,KOSPI200,foreign,001800,오리온홀딩스,189105,158130,-30975,4455390450,3743683125,-711707325,KRX MDCSTAT02401_OUT
weekly,KOSPI200,foreign,003090,대웅,183334,131358,-51976,2847624945,2050773145,-796851800,KRX MDCSTAT02401_OUT
weekly,KOSPI200,foreign,069260,TKG휴켐스,162132,103945,-58187,2627732410,1685954125,-941778285,KRX MDCSTAT02401_OUT
weekly,KOSPI200,foreign,009240,한샘,72607,47890,-24717,2875382850,1915391700,-959991150,KRX MDCSTAT02401_OUT
weekly,KOSPI200,foreign,006650,대한유화,74518,63790,-10728,6757261550,5756677150,-1000584400,KRX MDCSTAT02401_OUT
weekly,KOSPI200,foreign,012750,에스원,207130,194940,-12190,17151678681,16145586431,-1006092250,KRX MDCSTAT02401_OUT
weekly,KOSPI200,foreign,030200,KT,505014,484741,-20273,26557161107,25498240307,-1058920800,KRX MDCSTAT02401_OUT
weekly,KOSPI200,foreign,069620,대웅제약,37589,25072,-12517,4022083050,2699026900,-1323056150,KRX MDCSTAT02401_OUT
weekly,KOSPI200,foreign,111770,영원무역,148330,129279,-19051,10392444950,9064335700,-1328109250,KRX MDCSTAT02401_OUT
weekly,KOSPI200,foreign,026960,동서,124125,72177,-51948,3181890225,1852413625,-1329476600,KRX MDCSTAT02401_OUT
weekly,KOSPI200,foreign,361610,SK아이이테크놀로지,754729,657597,-97132,12856979255,11445423920,-1411555335,KRX MDCSTAT02401_OUT
weekly,KOSPI200,foreign,071320,지역난방공사,40112,20820,-19292,3152973650,1642281550,-1510692100,KRX MDCSTAT02401_OUT
weekly,KOSPI200,foreign,006800,미래에셋증권,1463135,1419490,-43645,46135289050,44602457050,-1532832000,KRX MDCSTAT02401_OUT
weekly,KOSPI200,foreign,377300,카카오페이,215738,169301,-46437,8693754175,6863933225,-1829820950,KRX MDCSTAT02401_OUT
weekly,KOSPI200,foreign,271560,오리온,234728,217067,-17661,25582691150,23706051000,-1876640150,KRX MDCSTAT02401_OUT
weekly,KOSPI200,foreign,298020,효성티앤씨,38594,31698,-6896,11121348750,9205616750,-1915732000,KRX MDCSTAT02401_OUT
weekly,KOSPI200,foreign,064400,LG씨엔에스,577094,545559,-31535,40209145600,38180363850,-2028781750,KRX MDCSTAT02401_OUT
weekly,KOSPI200,foreign,003030,세아제강지주,75426,56339,-19087,8414720150,6223376100,-2191344050,KRX MDCSTAT02401_OUT
weekly,KOSPI200,foreign,035250,강원랜드,615860,461784,-154076,8838546065,6637748680,-2200797385,KRX MDCSTAT02401_OUT
weekly,KOSPI200,foreign,103140,풍산,130176,100762,-29414,10119846450,7857653750,-2262192700,KRX MDCSTAT02401_OUT
weekly,KOSPI200,foreign,454910,두산로보틱스,350145,312298,-37847,24351894000,21831612950,-2520281050,KRX MDCSTAT02401_OUT
weekly,KOSPI200,foreign,081660,미스토홀딩스,370144,300738,-69406,14004501250,11375466125,-2629035125,KRX MDCSTAT02401_OUT
weekly,KOSPI200,foreign,034230,파라다이스,616652,323911,-292741,5830124825,3064254080,-2765870745,KRX MDCSTAT02401_OUT
weekly,KOSPI200,foreign,016360,삼성증권,802537,768009,-34528,71711891904,68923996204,-2787895700,KRX MDCSTAT02401_OUT
weekly,KOSPI200,foreign,007660,이수페타시스,1461647,1425931,-35716,170267561100,167416525900,-2851035200,KRX MDCSTAT02401_OUT
weekly,KOSPI200,foreign,036460,한국가스공사,343854,262174,-81680,12151318600,9220436575,-2930882025,KRX MDCSTAT02401_OUT
weekly,KOSPI200,foreign,000120,CJ대한통운,93098,51113,-41985,6522903000,3588741000,-2934162000,KRX MDCSTAT02401_OUT
weekly,KOSPI200,foreign,004990,롯데지주,268578,135642,-132936,6481641150,3288696350,-3192944800,KRX MDCSTAT02401_OUT
weekly,KOSPI200,foreign,062040,산일전기,351373,336848,-14525,72652457950,69342025150,-3310432800,KRX MDCSTAT02401_OUT
weekly,KOSPI200,foreign,139130,iM금융지주,1520901,1330025,-190876,27816299080,24374669545,-3441629535,KRX MDCSTAT02401_OUT
weekly,KOSPI200,foreign,005830,DB손해보험,609968,590819,-19149,113773678550,110074731600,-3698946950,KRX MDCSTAT02401_OUT
weekly,KOSPI200,foreign,010060,OCI홀딩스,520725,497506,-23219,112751112000,108968716150,-3782395850,KRX MDCSTAT02401_OUT
weekly,KOSPI200,foreign,034220,LG디스플레이,8372371,7873128,-499243,70544327080,66610060395,-3934266685,KRX MDCSTAT02401_OUT
weekly,KOSPI200,foreign,047810,한국항공우주,448554,415380,-33174,57222875650,53156361900,-4066513750,KRX MDCSTAT02401_OUT
weekly,KOSPI200,foreign,088350,한화생명,4988664,4168299,-820365,27365730810,23192724060,-4173006750,KRX MDCSTAT02401_OUT
weekly,KOSPI200,foreign,011170,롯데케미칼,276513,204698,-71815,16824777000,12461954650,-4362822350,KRX MDCSTAT02401_OUT
weekly,KOSPI200,foreign,071970,HD현대마린엔진,357537,249356,-108181,17258112075,12141701425,-5116410650,KRX MDCSTAT02401_OUT
weekly,KOSPI200,foreign,003550,LG,606543,559676,-46867,67725736350,62500391650,-5225344700,KRX MDCSTAT02401_OUT
weekly,KOSPI200,foreign,035720,카카오,2194080,2032145,-161935,74070692075,68760163325,-5310528750,KRX MDCSTAT02401_OUT
weekly,KOSPI200,foreign,009540,HD한국조선해양,423569,407023,-16546,138469152964,133040872964,-5428280000,KRX MDCSTAT02401_OUT
weekly,KOSPI200,foreign,000990,DB하이텍,882011,851880,-30131,120196860450,114575598450,-5621262000,KRX MDCSTAT02401_OUT
weekly,KOSPI200,foreign,241560,두산밥캣,684041,581238,-102803,38194781850,32488639250,-5706142600,KRX MDCSTAT02401_OUT
weekly,KOSPI200,foreign,457190,이수스페셜티케미컬,606529,517749,-88780,44372278300,38639314100,-5732964200,KRX MDCSTAT02401_OUT
weekly,KOSPI200,foreign,051600,한전KPS,315620,184481,-131139,14089679200,8257848100,-5831831100,KRX MDCSTAT02401_OUT
weekly,KOSPI200,foreign,003490,대한항공,4490200,4293580,-196620,141156067800,135319693850,-5836373950,KRX MDCSTAT02401_OUT
weekly,KOSPI200,foreign,005940,NH투자증권,1107559,873675,-233884,28958241750,22839992100,-6118249650,KRX MDCSTAT02401_OUT
weekly,KOSPI200,foreign,066970,엘앤에프,518772,455866,-62906,57654926550,51216083450,-6438843100,KRX MDCSTAT02401_OUT
weekly,KOSPI200,foreign,021240,코웨이,629986,565227,-64759,62991028000,56385861400,-6605166600,KRX MDCSTAT02401_OUT
weekly,KOSPI200,foreign,326030,SK바이오팜,274462,186386,-88076,20708122450,14081571600,-6626550850,KRX MDCSTAT02401_OUT
weekly,KOSPI200,foreign,112610,씨에스윈드,636509,500809,-135700,32595044075,25955957325,-6639086750,KRX MDCSTAT02401_OUT
weekly,KOSPI200,foreign,011790,SKC,407457,343036,-64421,39812370650,33166204900,-6646165750,KRX MDCSTAT02401_OUT
weekly,KOSPI200,foreign,017800,현대엘리베이터,216653,119929,-96724,15840843650,8775571750,-7065271900,KRX MDCSTAT02401_OUT
weekly,KOSPI200,foreign,139480,이마트,230541,130752,-99789,16487738100,9363007300,-7124730800,KRX MDCSTAT02401_OUT
weekly,KOSPI200,foreign,138040,메리츠금융지주,394362,338752,-55610,50971212250,43680320950,-7290891300,KRX MDCSTAT02401_OUT
weekly,KOSPI200,foreign,090430,아모레퍼시픽,464793,407456,-57337,65511591600,57353220450,-8158371150,KRX MDCSTAT02401_OUT
weekly,KOSPI200,foreign,018880,한온시스템,14733034,12310780,-2422254,51720911575,43339122283,-8381789292,KRX MDCSTAT02401_OUT
weekly,KOSPI200,foreign,001430,세아베스틸지주,353140,154670,-198470,16019932400,7020968050,-8998964350,KRX MDCSTAT02401_OUT
weekly,KOSPI200,foreign,175330,JB금융지주,1222676,916880,-305796,36428367950,27201012075,-9227355875,KRX MDCSTAT02401_OUT
weekly,KOSPI200,foreign,011070,LG이노텍,521692,501635,-20057,297360928720,287489870220,-9871058500,KRX MDCSTAT02401_OUT
weekly,KOSPI200,foreign,009830,한화솔루션,7053998,6717902,-336096,228705103825,218611197875,-10093905950,KRX MDCSTAT02401_OUT
weekly,KOSPI200,foreign,032830,삼성생명,759353,723626,-35727,220018398920,209820931420,-10197467500,KRX MDCSTAT02401_OUT
weekly,KOSPI200,foreign,008770,호텔신라,489155,221669,-267486,19409908575,8805421450,-10604487125,KRX MDCSTAT02401_OUT
weekly,KOSPI200,foreign,267250,HD현대,457022,400223,-56799,93113768550,81963478350,-11150290200,KRX MDCSTAT02401_OUT
weekly,KOSPI200,foreign,051910,LG화학,531531,483299,-48232,134845621250,123165463500,-11680157750,KRX MDCSTAT02401_OUT
weekly,KOSPI200,foreign,051900,LG생활건강,245500,202382,-43118,68553425500,56464320250,-12089105250,KRX MDCSTAT02401_OUT
weekly,KOSPI200,foreign,006260,LS,209174,164966,-44208,64850520250,51550956250,-13299564000,KRX MDCSTAT02401_OUT
weekly,KOSPI200,foreign,064350,현대로템,1145567,1026648,-118919,129937299200,116617040850,-13320258350,KRX MDCSTAT02401_OUT
weekly,KOSPI200,foreign,033780,KT&G,771362,688219,-83143,135706228450,121103105950,-14603122500,KRX MDCSTAT02401_OUT
weekly,KOSPI200,foreign,015760,한국전력,1749037,1248512,-500525,52934180750,37917255375,-15016925375,KRX MDCSTAT02401_OUT
weekly,KOSPI200,foreign,047050,포스코인터내셔널,961376,666148,-295228,53595430950,37584744900,-16010686050,KRX MDCSTAT02401_OUT
weekly,KOSPI200,foreign,052690,한전기술,382293,258924,-123369,48850760450,32595255850,-16255504600,KRX MDCSTAT02401_OUT
weekly,KOSPI200,foreign,000810,삼성화재,213005,187724,-25281,137542723500,121277805000,-16264918500,KRX MDCSTAT02401_OUT
weekly,KOSPI200,foreign,000720,현대건설,1017369,872612,-144757,122763504100,105442166550,-17321337550,KRX MDCSTAT02401_OUT
weekly,KOSPI200,foreign,323410,카카오뱅크,2411050,1461379,-949671,48268638925,29392175695,-18876463230,KRX MDCSTAT02401_OUT
weekly,KOSPI200,foreign,036570,NC,286213,197702,-88511,62824112250,43079994000,-19744118250,KRX MDCSTAT02401_OUT
weekly,KOSPI200,foreign,272210,한화시스템,1455772,1179293,-276479,108383517700,88324042450,-20059475250,KRX MDCSTAT02401_OUT
weekly,KOSPI200,foreign,003670,포스코퓨처엠,620106,499554,-120552,112522016550,91165870050,-21356146500,KRX MDCSTAT02401_OUT
weekly,KOSPI200,foreign,000270,기아,3039161,2833667,-205494,349739576500,326268115650,-23471460850,KRX MDCSTAT02401_OUT
weekly,KOSPI200,foreign,298040,효성중공업,89901,80885,-9016,251620420500,226884425000,-24735995500,KRX MDCSTAT02401_OUT
weekly,KOSPI200,foreign,034730,SK,365582,321903,-43679,215056598000,189799477000,-25257121000,KRX MDCSTAT02401_OUT
weekly,KOSPI200,foreign,267270,HD건설기계,566542,365959,-200583,72043699900,45988650250,-26055049650,KRX MDCSTAT02401_OUT
weekly,KOSPI200,foreign,012450,한화에어로스페이스,319335,293308,-26027,327041142258,300558759758,-26482382500,KRX MDCSTAT02401_OUT
weekly,KOSPI200,foreign,014680,한솔케미칼,212743,87867,-124876,54198374000,21903576250,-32294797750,KRX MDCSTAT02401_OUT
weekly,KOSPI200,foreign,012330,현대모비스,737367,644130,-93237,274279998750,239691260000,-34588738750,KRX MDCSTAT02401_OUT
weekly,KOSPI200,foreign,005490,POSCO홀딩스,420252,302193,-118059,129622651750,93473143000,-36149508750,KRX MDCSTAT02401_OUT
weekly,KOSPI200,foreign,028260,삼성물산,949473,834548,-114925,331136167612,291707998862,-39428168750,KRX MDCSTAT02401_OUT
weekly,KOSPI200,foreign,028050,삼성E&A,4380918,3254036,-1126882,212315208811,157863380586,-54451828225,KRX MDCSTAT02401_OUT
weekly,KOSPI200,foreign,042660,한화오션,1586303,883547,-702756,125735011000,70047626500,-55687384500,KRX MDCSTAT02401_OUT
weekly,KOSPI200,foreign,267260,HD현대일렉트릭,622959,541738,-81221,421924283500,365822363000,-56101920500,KRX MDCSTAT02401_OUT
weekly,KOSPI200,foreign,000150,두산,169090,129313,-39777,240889306884,184771492884,-56117814000,KRX MDCSTAT02401_OUT
weekly,KOSPI200,foreign,047040,대우건설,12239332,8595951,-3643381,217643670665,157078896390,-60564774275,KRX MDCSTAT02401_OUT
weekly,KOSPI200,foreign,035420,NAVER,1252721,927468,-325253,244133916400,181556370000,-62577546400,KRX MDCSTAT02401_OUT
weekly,KOSPI200,foreign,402340,SK스퀘어,1825653,1760989,-64664,2083920695047,2015729082547,-68191612500,KRX MDCSTAT02401_OUT
weekly,KOSPI200,foreign,010140,삼성중공업,8287153,4008385,-4278768,163915903408,79620985403,-84294918005,KRX MDCSTAT02401_OUT
weekly,KOSPI200,foreign,001440,대한전선,4179464,1368482,-2810982,126765655575,41423557250,-85342098325,KRX MDCSTAT02401_OUT
weekly,KOSPI200,foreign,055550,신한지주,3849614,2796366,-1053248,415220490854,301309263154,-113911227700,KRX MDCSTAT02401_OUT
weekly,KOSPI200,foreign,105560,KB금융,3020489,2336228,-684261,515539233326,398925782576,-116613450750,KRX MDCSTAT02401_OUT
weekly,KOSPI200,foreign,005380,현대차,1299950,842013,-457937,455977730500,295586804000,-160390926500,KRX MDCSTAT02401_OUT
weekly,KOSPI200,foreign,034020,두산에너빌리티,4980013,2336550,-2643463,406420655950,190740605700,-215680050250,KRX MDCSTAT02401_OUT
weekly,KOSPI200,foreign,009150,삼성전기,978972,807000,-171972,1481718677097,1231815095097,-249903582000,KRX MDCSTAT02401_OUT
weekly,KOSPI200,foreign,005930,삼성전자,32880667,25927105,-6953562,9010913367975,7177416548475,-1833496819500,KRX MDCSTAT02401_OUT
weekly,KOSPI200,foreign,000660,SK하이닉스,7210034,4230156,-2979878,12970035313781,7629042862281,-5340992451500,KRX MDCSTAT02401_OUT
weekly,KOSPI200,institution,009150,삼성전기,790105,942125,152020,1198262737500,1432011568000,233748830500,KRX MDCSTAT02401_OUT
weekly,KOSPI200,institution,042700,한미반도체,406010,791419,385409,100783006250,198754585000,97971578750,KRX MDCSTAT02401_OUT
weekly,KOSPI200,institution,009830,한화솔루션,1660144,3977610,2317466,54614694125,129342808075,74728113950,KRX MDCSTAT02401_OUT
weekly,KOSPI200,institution,011070,LG이노텍,232598,358369,125771,132625127500,206023113000,73397985500,KRX MDCSTAT02401_OUT
weekly,KOSPI200,institution,055550,신한지주,1295840,1970172,674332,140412840950,213684858300,73272017350,KRX MDCSTAT02401_OUT
weekly,KOSPI200,institution,105560,KB금융,1206988,1607571,400583,206613434000,275610941400,68997507400,KRX MDCSTAT02401_OUT
weekly,KOSPI200,institution,066570,LG전자,504207,752349,248142,107494826750,159976053250,52481226500,KRX MDCSTAT02401_OUT
weekly,KOSPI200,institution,014680,한솔케미칼,53833,244570,190737,13519304250,62744093750,49224789500,KRX MDCSTAT02401_OUT
weekly,KOSPI200,institution,034730,SK,163528,245594,82066,95910564500,144561110500,48650546000,KRX MDCSTAT02401_OUT
weekly,KOSPI200,institution,373220,LG에너지솔루션,380911,491802,110891,135422982250,175745824000,40322841750,KRX MDCSTAT02401_OUT
weekly,KOSPI200,institution,003490,대한항공,2721856,3970356,1248500,85610015525,124932516975,39322501450,KRX MDCSTAT02401_OUT
weekly,KOSPI200,institution,007660,이수페타시스,584865,884386,299521,68111963600,104034341000,35922377400,KRX MDCSTAT02401_OUT
weekly,KOSPI200,institution,000990,DB하이텍,428267,617218,188951,57328252800,84160300050,26832047250,KRX MDCSTAT02401_OUT
weekly,KOSPI200,institution,272210,한화시스템,644320,988137,343817,48038392100,74487843200,26449451100,KRX MDCSTAT02401_OUT
weekly,KOSPI200,institution,112610,씨에스윈드,176329,612046,435717,9033988775,31905342325,22871353550,KRX MDCSTAT02401_OUT
weekly,KOSPI200,institution,036570,NC,147795,232628,84833,32431237250,52312629000,19881391750,KRX MDCSTAT02401_OUT
weekly,KOSPI200,institution,011790,SKC,167356,363680,196324,15832318900,35665163800,19832844900,KRX MDCSTAT02401_OUT
weekly,KOSPI200,institution,010060,OCI홀딩스,225272,312897,87625,49438398450,68179791200,18741392750,KRX MDCSTAT02401_OUT
weekly,KOSPI200,institution,016360,삼성증권,302743,475354,172611,27047721100,42651017500,15603296400,KRX MDCSTAT02401_OUT
weekly,KOSPI200,institution,012330,현대모비스,429659,470192,40533,160635830500,176230265500,15594435000,KRX MDCSTAT02401_OUT
weekly,KOSPI200,institution,010950,S-Oil,351274,444763,93489,55060443450,70521000000,15460556550,KRX MDCSTAT02401_OUT
weekly,KOSPI200,institution,402340,SK스퀘어,762200,771628,9428,861359732000,876679115500,15319383500,KRX MDCSTAT02401_OUT
weekly,KOSPI200,institution,138040,메리츠금융지주,266095,378818,112723,34169070450,49091322400,14922251950,KRX MDCSTAT02401_OUT
weekly,KOSPI200,institution,090430,아모레퍼시픽,240950,323143,82193,33584566150,45466012250,11881446100,KRX MDCSTAT02401_OUT
weekly,KOSPI200,institution,018880,한온시스템,2869215,6035521,3166306,9915120405,21215094323,11299973918,KRX MDCSTAT02401_OUT
weekly,KOSPI200,institution,062040,산일전기,194979,244167,49188,39924459200,51084690950,11160231750,KRX MDCSTAT02401_OUT
weekly,KOSPI200,institution,000810,삼성화재,71464,87636,16172,45908137500,56507229500,10599092000,KRX MDCSTAT02401_OUT
weekly,KOSPI200,institution,128940,한미약품,104772,122003,17231,53136564250,62543897750,9407333500,KRX MDCSTAT02401_OUT
weekly,KOSPI200,institution,005940,NH투자증권,585492,933296,347804,15301462225,24434587625,9133125400,KRX MDCSTAT02401_OUT
weekly,KOSPI200,institution,001430,세아베스틸지주,133943,325327,191384,6061213675,14819920425,8758706750,KRX MDCSTAT02401_OUT
weekly,KOSPI200,institution,483650,달바글로벌,64828,108206,43378,11963368350,20100751800,8137383450,KRX MDCSTAT02401_OUT
weekly,KOSPI200,institution,192820,코스맥스,91813,119550,27737,25124980000,32812495000,7687515000,KRX MDCSTAT02401_OUT
weekly,KOSPI200,institution,361610,SK아이이테크놀로지,234007,655283,421276,4005409700,11406919745,7401510045,KRX MDCSTAT02401_OUT
weekly,KOSPI200,institution,021240,코웨이,159788,227278,67490,15956037700,22859471000,6903433300,KRX MDCSTAT02401_OUT
weekly,KOSPI200,institution,066970,엘앤에프,491823,544517,52694,54619691200,60930032850,6310341650,KRX MDCSTAT02401_OUT
weekly,KOSPI200,institution,139130,iM금융지주,474506,809115,334609,8673003085,14853475300,6180472215,KRX MDCSTAT02401_OUT
weekly,KOSPI200,institution,051900,LG생활건강,59251,79380,20129,16633299000,22425605500,5792306500,KRX MDCSTAT02401_OUT
weekly,KOSPI200,institution,175330,JB금융지주,662161,834610,172449,19524509550,24955763750,5431254200,KRX MDCSTAT02401_OUT
weekly,KOSPI200,institution,316140,우리금융지주,2559938,2711783,151845,89609565125,94531727355,4922162230,KRX MDCSTAT02401_OUT
weekly,KOSPI200,institution,004370,농심,20163,30106,9943,8071370250,12086249000,4014878750,KRX MDCSTAT02401_OUT
weekly,KOSPI200,institution,079550,LIG디펜스앤에어로스페이스,112534,116535,4001,77837727000,81658015000,3820288000,KRX MDCSTAT02401_OUT
weekly,KOSPI200,institution,068270,셀트리온,473167,491885,18718,84579861200,88339677150,3759815950,KRX MDCSTAT02401_OUT
weekly,KOSPI200,institution,008930,한미사이언스,93123,162745,69622,4883522600,8531834100,3648311500,KRX MDCSTAT02401_OUT
weekly,KOSPI200,institution,011170,롯데케미칼,164775,218360,53585,10021520750,13359164800,3337644050,KRX MDCSTAT02401_OUT
weekly,KOSPI200,institution,097950,CJ제일제당,57837,73586,15749,10288242950,13084168750,2795925800,KRX MDCSTAT02401_OUT
weekly,KOSPI200,institution,028670,팬오션,2387559,2837758,450199,13692428780,16455293095,2762864315,KRX MDCSTAT02401_OUT
weekly,KOSPI200,institution,007340,DN오토모티브,171779,222988,51209,8443047725,11006702575,2563654850,KRX MDCSTAT02401_OUT
weekly,KOSPI200,institution,051910,LG화학,240850,250037,9187,61201098000,63759786000,2558688000,KRX MDCSTAT02401_OUT
weekly,KOSPI200,institution,036460,한국가스공사,161163,228642,67479,5641800525,8111029125,2469228600,KRX MDCSTAT02401_OUT
weekly,KOSPI200,institution,009240,한샘,16741,75048,58307,662381650,2977885425,2315503775,KRX MDCSTAT02401_OUT
weekly,KOSPI200,institution,005830,DB손해보험,215555,225965,10410,40114922850,42300505000,2185582150,KRX MDCSTAT02401_OUT
weekly,KOSPI200,institution,024110,기업은행,817696,919660,101964,16667205300,18787651300,2120446000,KRX MDCSTAT02401_OUT
weekly,KOSPI200,institution,030000,제일기획,586335,697345,111010,10774077845,12869528130,2095450285,KRX MDCSTAT02401_OUT
weekly,KOSPI200,institution,039490,키움증권,87021,92954,5933,22332854000,24110030000,1777176000,KRX MDCSTAT02401_OUT
weekly,KOSPI200,institution,093370,후성,1862932,1926506,63574,27041322290,28772250695,1730928405,KRX MDCSTAT02401_OUT
weekly,KOSPI200,institution,032640,LG유플러스,693813,806279,112466,10145910575,11798807465,1652896890,KRX MDCSTAT02401_OUT
weekly,KOSPI200,institution,003030,세아제강지주,71432,83163,11731,7798899400,9291874950,1492975550,KRX MDCSTAT02401_OUT
weekly,KOSPI200,institution,004990,롯데지주,88579,147114,58535,2141538325,3564421125,1422882800,KRX MDCSTAT02401_OUT
weekly,KOSPI200,institution,0126Z0,삼성에피스홀딩스,21670,24983,3313,7428269500,8838559750,1410290250,KRX MDCSTAT02401_OUT
weekly,KOSPI200,institution,457190,이수스페셜티케미컬,172053,186975,14922,12507735450,13834065250,1326329800,KRX MDCSTAT02401_OUT
weekly,KOSPI200,institution,000240,한국앤컴퍼니,73381,124181,50800,1827636575,3095012650,1267376075,KRX MDCSTAT02401_OUT
weekly,KOSPI200,institution,000670,영풍,44808,70594,25786,1884374850,2998047075,1113672225,KRX MDCSTAT02401_OUT
weekly,KOSPI200,institution,081660,미스토홀딩스,131111,159922,28811,4952691700,6060944000,1108252300,KRX MDCSTAT02401_OUT
weekly,KOSPI200,institution,180640,한진칼,87087,94014,6927,11898267550,12912272200,1014004650,KRX MDCSTAT02401_OUT
weekly,KOSPI200,institution,012750,에스원,75633,86211,10578,6262395250,7142585600,880190350,KRX MDCSTAT02401_OUT
weekly,KOSPI200,institution,005850,에스엘,117064,125438,8374,5769027500,6381148300,612120800,KRX MDCSTAT02401_OUT
weekly,KOSPI200,institution,069620,대웅제약,22441,28090,5649,2404916050,3016720700,611804650,KRX MDCSTAT02401_OUT
weekly,KOSPI200,institution,017800,현대엘리베이터,115026,120784,5758,8394043200,8854352600,460309400,KRX MDCSTAT02401_OUT
weekly,KOSPI200,institution,103140,풍산,85866,91310,5444,6670515600,7119927850,449412250,KRX MDCSTAT02401_OUT
weekly,KOSPI200,institution,002030,아세아,2560,4297,1737,523001100,884514600,361513500,KRX MDCSTAT02401_OUT
weekly,KOSPI200,institution,073240,금호타이어,511947,561438,49491,3444504445,3805922675,361418230,KRX MDCSTAT02401_OUT
weekly,KOSPI200,institution,005420,코스모화학,86165,113456,27291,886185005,1174043600,287858595,KRX MDCSTAT02401_OUT
weekly,KOSPI200,institution,138930,BNK금융지주,685998,701061,15063,11011655080,11267354120,255699040,KRX MDCSTAT02401_OUT
weekly,KOSPI200,institution,008730,율촌화학,31171,47571,16400,457634370,699858385,242224015,KRX MDCSTAT02401_OUT
weekly,KOSPI200,institution,003670,포스코퓨처엠,479578,476841,-2737,86573327600,86814901000,241573400,KRX MDCSTAT02401_OUT
weekly,KOSPI200,institution,001680,대상,64594,75773,11179,1163070610,1371208890,208138280,KRX MDCSTAT02401_OUT
weekly,KOSPI200,institution,069260,TKG휴켐스,64894,77106,12212,1042359610,1240752025,198392415,KRX MDCSTAT02401_OUT
weekly,KOSPI200,institution,007310,오뚜기,2633,3195,562,830145750,1009645250,179499500,KRX MDCSTAT02401_OUT
weekly,KOSPI200,institution,071320,지역난방공사,12054,13750,1696,945490550,1082206650,136716100,KRX MDCSTAT02401_OUT
weekly,KOSPI200,institution,300720,한일시멘트,77980,81935,3955,1260748335,1326025510,65277175,KRX MDCSTAT02401_OUT
weekly,KOSPI200,institution,009970,영원무역홀딩스,12069,12375,306,1981494750,2031957350,50462600,KRX MDCSTAT02401_OUT
weekly,KOSPI200,institution,298050,HS효성첨단소재,8727,8991,264,1406737250,1456677850,49940600,KRX MDCSTAT02401_OUT
weekly,KOSPI200,institution,137310,에스디바이오센서,88419,94288,5869,540553495,578467390,37913895,KRX MDCSTAT02401_OUT
weekly,KOSPI200,institution,006280,녹십자,24770,24635,-135,3067016000,3100124100,33108100,KRX MDCSTAT02401_OUT
weekly,KOSPI200,institution,268280,미원에스씨,1955,2086,131,255450550,274067550,18617000,KRX MDCSTAT02401_OUT
weekly,KOSPI200,institution,034230,파라다이스,173160,171898,-1262,1634651200,1630993580,-3657620,KRX MDCSTAT02401_OUT
weekly,KOSPI200,institution,003240,태광산업,1861,1850,-11,1681274500,1675271500,-6003000,KRX MDCSTAT02401_OUT
weekly,KOSPI200,institution,007700,F&F홀딩스,3727,2618,-1109,49658540,34965960,-14692580,KRX MDCSTAT02401_OUT
weekly,KOSPI200,institution,014820,동원시스템즈,32145,31091,-1054,673467525,653587550,-19879975,KRX MDCSTAT02401_OUT
weekly,KOSPI200,institution,026960,동서,86619,84348,-2271,2213624200,2161468875,-52155325,KRX MDCSTAT02401_OUT
weekly,KOSPI200,institution,002840,미원상사,4294,3857,-437,582277950,525534300,-56743650,KRX MDCSTAT02401_OUT
weekly,KOSPI200,institution,002790,아모레퍼시픽홀딩스,77113,73749,-3364,2020038825,1940162525,-79876300,KRX MDCSTAT02401_OUT
weekly,KOSPI200,institution,005300,롯데칠성,9858,8499,-1359,940384700,810953050,-129431650,KRX MDCSTAT02401_OUT
weekly,KOSPI200,institution,022100,포스코DX,223606,215859,-7747,4483993805,4341558730,-142435075,KRX MDCSTAT02401_OUT
weekly,KOSPI200,institution,001800,오리온홀딩스,85224,78745,-6479,2010738225,1861724500,-149013725,KRX MDCSTAT02401_OUT
weekly,KOSPI200,institution,003090,대웅,116317,100875,-15442,1815543940,1576274925,-239269015,KRX MDCSTAT02401_OUT
weekly,KOSPI200,institution,001040,CJ,120800,118175,-2625,16113091550,15809531650,-303559900,KRX MDCSTAT02401_OUT
weekly,KOSPI200,institution,000080,하이트진로,117465,96724,-20741,1755684930,1448725815,-306959115,KRX MDCSTAT02401_OUT
weekly,KOSPI200,institution,280360,롯데웰푸드,23639,20357,-3282,2934816700,2532673900,-402142800,KRX MDCSTAT02401_OUT
weekly,KOSPI200,institution,139480,이마트,70960,64388,-6572,5070023600,4614274150,-455749450,KRX MDCSTAT02401_OUT
weekly,KOSPI200,institution,006040,동원산업,33384,18382,-15002,1178743450,652868750,-525874700,KRX MDCSTAT02401_OUT
weekly,KOSPI200,institution,185750,종근당,21193,11993,-9200,1368878150,776531150,-592347000,KRX MDCSTAT02401_OUT
weekly,KOSPI200,institution,326030,SK바이오팜,84453,76403,-8050,6363236500,5769222050,-594014450,KRX MDCSTAT02401_OUT
weekly,KOSPI200,institution,003550,LG,205321,198030,-7291,22931947450,22177720600,-754226850,KRX MDCSTAT02401_OUT
weekly,KOSPI200,institution,377300,카카오페이,167803,147477,-20326,6742401075,5986458575,-755942500,KRX MDCSTAT02401_OUT
weekly,KOSPI200,institution,011210,현대위아,50412,35970,-14442,2667290800,1905039200,-762251600,KRX MDCSTAT02401_OUT
weekly,KOSPI200,institution,302440,SK바이오사이언스,94238,72002,-22236,3401011550,2600815550,-800196000,KRX MDCSTAT02401_OUT
weekly,KOSPI200,institution,000880,한화,63916,57405,-6511,8213553400,7368121350,-845432050,KRX MDCSTAT02401_OUT
weekly,KOSPI200,institution,035250,강원랜드,343731,273089,-70642,4930554600,3919570010,-1010984590,KRX MDCSTAT02401_OUT
weekly,KOSPI200,institution,111770,영원무역,64712,49697,-15015,4505775200,3482368000,-1023407200,KRX MDCSTAT02401_OUT
weekly,KOSPI200,institution,285130,SK케미칼,60298,34586,-25712,3060856275,1760119025,-1300737250,KRX MDCSTAT02401_OUT
weekly,KOSPI200,institution,004000,롯데정밀화학,68715,38367,-30348,2968840250,1664547950,-1304292300,KRX MDCSTAT02401_OUT
weekly,KOSPI200,institution,251270,넷마블,179933,140458,-39475,6267207150,4898234250,-1368972900,KRX MDCSTAT02401_OUT
weekly,KOSPI200,institution,454910,두산로보틱스,123720,102605,-21115,8596648900,7155449650,-1441199250,KRX MDCSTAT02401_OUT
weekly,KOSPI200,institution,323410,카카오뱅크,920521,843559,-76962,18425741075,16938956880,-1486784195,KRX MDCSTAT02401_OUT
weekly,KOSPI200,institution,047050,포스코인터내셔널,633172,600700,-32472,35125892750,33628627200,-1497265550,KRX MDCSTAT02401_OUT
weekly,KOSPI200,institution,192080,더블유게임즈,67453,41481,-25972,3934839550,2422812100,-1512027450,KRX MDCSTAT02401_OUT
weekly,KOSPI200,institution,000120,CJ대한통운,47285,24600,-22685,3315415350,1729462950,-1585952400,KRX MDCSTAT02401_OUT
weekly,KOSPI200,institution,282330,BGF리테일,60717,48133,-12584,7945785450,6332672900,-1613112550,KRX MDCSTAT02401_OUT
weekly,KOSPI200,institution,000210,DL,97582,59722,-37860,4922841675,3037634275,-1885207400,KRX MDCSTAT02401_OUT
weekly,KOSPI200,institution,278470,에이피알,178050,171993,-6057,64935098000,63041706500,-1893391500,KRX MDCSTAT02401_OUT
weekly,KOSPI200,institution,047810,한국항공우주,232995,217824,-15171,29764390500,27847018000,-1917372500,KRX MDCSTAT02401_OUT
weekly,KOSPI200,institution,006800,미래에셋증권,991793,925222,-66571,31266369000,29241500750,-2024868250,KRX MDCSTAT02401_OUT
weekly,KOSPI200,institution,017960,한국카본,185169,81396,-103773,3726572900,1641058375,-2085514525,KRX MDCSTAT02401_OUT
weekly,KOSPI200,institution,450080,에코프로머티,403620,339744,-63876,14117596000,11971873875,-2145722125,KRX MDCSTAT02401_OUT
weekly,KOSPI200,institution,088350,한화생명,2481782,2058298,-423484,13852380295,11561876645,-2290503650,KRX MDCSTAT02401_OUT
weekly,KOSPI200,institution,002380,KCC,19256,14346,-4910,9108081000,6791091000,-2316990000,KRX MDCSTAT02401_OUT
weekly,KOSPI200,institution,006650,대한유화,41060,12249,-28811,3713477550,1104642350,-2608835200,KRX MDCSTAT02401_OUT
weekly,KOSPI200,institution,051600,한전KPS,194938,130030,-64908,8674369800,5820996025,-2853373775,KRX MDCSTAT02401_OUT
weekly,KOSPI200,institution,204320,HL만도,163245,95367,-67878,7487422300,4389578750,-3097843550,KRX MDCSTAT02401_OUT
weekly,KOSPI200,institution,352820,하이브,256072,231207,-24865,40447070050,36711533950,-3735536100,KRX MDCSTAT02401_OUT
weekly,KOSPI200,institution,007070,GS리테일,269103,101777,-167326,6092151300,2314403575,-3777747725,KRX MDCSTAT02401_OUT
weekly,KOSPI200,institution,161890,한국콜마,193317,167112,-26205,28621166500,24764188500,-3856978000,KRX MDCSTAT02401_OUT
weekly,KOSPI200,institution,001440,대한전선,821534,696895,-124639,25000517525,21015771075,-3984746450,KRX MDCSTAT02401_OUT
weekly,KOSPI200,institution,011780,금호석유화학,69123,32179,-36944,8027082300,3740629450,-4286452850,KRX MDCSTAT02401_OUT
weekly,KOSPI200,institution,271560,오리온,99377,59148,-40229,10820975600,6485139200,-4335836400,KRX MDCSTAT02401_OUT
weekly,KOSPI200,institution,034220,LG디스플레이,1167366,646080,-521286,9842773315,5460402495,-4382370820,KRX MDCSTAT02401_OUT
weekly,KOSPI200,institution,035720,카카오,1011939,875972,-135967,34155478125,29701925650,-4453552475,KRX MDCSTAT02401_OUT
weekly,KOSPI200,institution,028260,삼성물산,403795,389620,-14175,141657454000,137054199750,-4603254250,KRX MDCSTAT02401_OUT
weekly,KOSPI200,institution,011200,HMM,859144,627723,-231421,18018965125,13231802650,-4787162475,KRX MDCSTAT02401_OUT
weekly,KOSPI200,institution,000150,두산,83620,79410,-4210,117905325000,112949569500,-4955755500,KRX MDCSTAT02401_OUT
weekly,KOSPI200,institution,443060,HD현대마린솔루션,86691,63075,-23616,20555187000,15000977750,-5554209250,KRX MDCSTAT02401_OUT
weekly,KOSPI200,institution,009540,HD한국조선해양,184385,166785,-17600,60403038250,54680248250,-5722790000,KRX MDCSTAT02401_OUT
weekly,KOSPI200,institution,008770,호텔신라,246452,99528,-146924,9752699600,3947679275,-5805020325,KRX MDCSTAT02401_OUT
weekly,KOSPI200,institution,029780,삼성카드,236026,97903,-138123,10076604500,4169295750,-5907308750,KRX MDCSTAT02401_OUT
weekly,KOSPI200,institution,307950,현대오토에버,49658,32976,-16682,18457206750,12343596500,-6113610250,KRX MDCSTAT02401_OUT
weekly,KOSPI200,institution,267250,HD현대,177565,146538,-31027,36059318150,29867841700,-6191476450,KRX MDCSTAT02401_OUT
weekly,KOSPI200,institution,207940,삼성바이오로직스,70881,66165,-4716,98799345500,92574221000,-6225124500,KRX MDCSTAT02401_OUT
weekly,KOSPI200,institution,082740,한화엔진,748010,599816,-148194,35803284100,29159147500,-6644136600,KRX MDCSTAT02401_OUT
weekly,KOSPI200,institution,001450,현대해상,526485,384731,-141754,25475372050,18782663600,-6692708450,KRX MDCSTAT02401_OUT
weekly,KOSPI200,institution,064400,LG씨엔에스,257926,160207,-97719,17977478150,11192999450,-6784478700,KRX MDCSTAT02401_OUT
weekly,KOSPI200,institution,000100,유한양행,318274,222019,-96255,23431976850,16377637600,-7054339250,KRX MDCSTAT02401_OUT
weekly,KOSPI200,institution,241560,두산밥캣,242079,110847,-131232,13518531150,6216171350,-7302359800,KRX MDCSTAT02401_OUT
weekly,KOSPI200,institution,028050,삼성E&A,1159881,991288,-168593,55947778075,48325541225,-7622236850,KRX MDCSTAT02401_OUT
weekly,KOSPI200,institution,071970,HD현대마린엔진,245843,84971,-160872,11855660400,4129030150,-7726630250,KRX MDCSTAT02401_OUT
weekly,KOSPI200,institution,018260,삼성에스디에스,125181,88946,-36235,27424993000,19535014750,-7889978250,KRX MDCSTAT02401_OUT
weekly,KOSPI200,institution,120110,코오롱인더,236093,88949,-147144,12896059450,4882224000,-8013835450,KRX MDCSTAT02401_OUT
weekly,KOSPI200,institution,298020,효성티앤씨,44554,15159,-29395,12717676750,4314111750,-8403565000,KRX MDCSTAT02401_OUT
weekly,KOSPI200,institution,009420,한올바이오파마,558271,351094,-207177,24740708575,15964089150,-8776619425,KRX MDCSTAT02401_OUT
weekly,KOSPI200,institution,023530,롯데쇼핑,159929,68863,-91066,16334379250,7043165700,-9291213550,KRX MDCSTAT02401_OUT
weekly,KOSPI200,institution,259960,크래프톤,146012,92945,-53067,28892060050,18472688650,-10419371400,KRX MDCSTAT02401_OUT
weekly,KOSPI200,institution,069960,현대백화점,157040,40796,-116244,14337142600,3796103050,-10541039550,KRX MDCSTAT02401_OUT
weekly,KOSPI200,institution,032830,삼성생명,306943,268739,-38204,88319568500,77726322500,-10593246000,KRX MDCSTAT02401_OUT
weekly,KOSPI200,institution,161390,한국타이어앤테크놀로지,368968,186632,-182336,21548636400,10947167000,-10601469400,KRX MDCSTAT02401_OUT
weekly,KOSPI200,institution,030200,KT,628056,421086,-206970,32905617450,22164234350,-10741383100,KRX MDCSTAT02401_OUT
weekly,KOSPI200,institution,033780,KT&G,295622,225607,-70015,51897577500,39696198050,-12201379450,KRX MDCSTAT02401_OUT
weekly,KOSPI200,institution,012450,한화에어로스페이스,140486,127341,-13145,143519357500,130453806500,-13065551000,KRX MDCSTAT02401_OUT
weekly,KOSPI200,institution,096770,SK이노베이션,1369627,1245884,-123743,201211911750,187492528400,-13719383350,KRX MDCSTAT02401_OUT
weekly,KOSPI200,institution,064350,현대로템,479988,352536,-127452,54716965350,40318947100,-14398018250,KRX MDCSTAT02401_OUT
weekly,KOSPI200,institution,375500,DL이앤씨,467682,282326,-185356,37018275550,22426694250,-14591581300,KRX MDCSTAT02401_OUT
weekly,KOSPI200,institution,071050,한국금융지주,285280,197270,-88010,51477106050,35863339100,-15613766950,KRX MDCSTAT02401_OUT
weekly,KOSPI200,institution,052690,한전기술,339396,210701,-128695,42950894850,26727530800,-16223364050,KRX MDCSTAT02401_OUT
weekly,KOSPI200,institution,003230,삼양식품,50614,36221,-14393,61580160500,44259300000,-17320860500,KRX MDCSTAT02401_OUT
weekly,KOSPI200,institution,006260,LS,182219,114048,-68171,55777114750,35815777750,-19961337000,KRX MDCSTAT02401_OUT
weekly,KOSPI200,institution,004170,신세계,100109,36991,-63118,34073903000,12654326500,-21419576500,KRX MDCSTAT02401_OUT
weekly,KOSPI200,institution,017670,SK텔레콤,887479,633324,-254155,76590942500,54823198900,-21767743600,KRX MDCSTAT02401_OUT
weekly,KOSPI200,institution,004020,현대제철,1385309,638654,-746655,43005322875,19943087425,-23062235450,KRX MDCSTAT02401_OUT
weekly,KOSPI200,institution,005490,POSCO홀딩스,338704,256429,-82275,104536758000,79311358500,-25225399500,KRX MDCSTAT02401_OUT
weekly,KOSPI200,institution,078930,GS,729924,487941,-241983,78770560500,53447478700,-25323081800,KRX MDCSTAT02401_OUT
weekly,KOSPI200,institution,010120,LS ELECTRIC,442988,312292,-130696,90457867550,63875738550,-26582129000,KRX MDCSTAT02401_OUT
weekly,KOSPI200,institution,010130,고려아연,42692,17625,-25067,45681376000,19062555500,-26618820500,KRX MDCSTAT02401_OUT
weekly,KOSPI200,institution,267260,HD현대일렉트릭,149590,106363,-43227,101182700000,72417920500,-28764779500,KRX MDCSTAT02401_OUT
weekly,KOSPI200,institution,086790,하나금융지주,1168851,942463,-226388,153986688500,124626186900,-29360501600,KRX MDCSTAT02401_OUT
weekly,KOSPI200,institution,015760,한국전력,2226188,1210700,-1015488,67323041500,36707438100,-30615603400,KRX MDCSTAT02401_OUT
weekly,KOSPI200,institution,086280,현대글로비스,284707,129413,-155294,56268318400,25617028800,-30651289600,KRX MDCSTAT02401_OUT
weekly,KOSPI200,institution,298040,효성중공업,41596,29759,-11837,116670935000,83626190000,-33044745000,KRX MDCSTAT02401_OUT
weekly,KOSPI200,institution,047040,대우건설,5976545,3758069,-2218476,106108112830,68027249525,-38080863305,KRX MDCSTAT02401_OUT
weekly,KOSPI200,institution,010140,삼성중공업,3911982,1893734,-2018248,77245771790,37479919450,-39765852340,KRX MDCSTAT02401_OUT
weekly,KOSPI200,institution,005380,현대차,661367,541915,-119452,231703608250,190092974750,-41610633500,KRX MDCSTAT02401_OUT
weekly,KOSPI200,institution,000270,기아,1106305,739376,-366929,127198555750,85178381000,-42020174750,KRX MDCSTAT02401_OUT
weekly,KOSPI200,institution,267270,HD건설기계,548852,159986,-388866,68165053550,20295870600,-47869182950,KRX MDCSTAT02401_OUT
weekly,KOSPI200,institution,042660,한화오션,1060204,419953,-640251,83876440400,33323263750,-50553176650,KRX MDCSTAT02401_OUT
weekly,KOSPI200,institution,006400,삼성SDI,533808,402456,-131352,276468194500,209051314000,-67416880500,KRX MDCSTAT02401_OUT
weekly,KOSPI200,institution,329180,HD현대중공업,349628,182784,-166844,151906488250,79630181750,-72276306500,KRX MDCSTAT02401_OUT
weekly,KOSPI200,institution,000720,현대건설,1266089,601708,-664381,152433887100,72903627000,-79530260100,KRX MDCSTAT02401_OUT
weekly,KOSPI200,institution,034020,두산에너빌리티,3513677,2113102,-1400575,286290984600,172602888800,-113688095800,KRX MDCSTAT02401_OUT
weekly,KOSPI200,institution,035420,NAVER,1268618,545527,-723091,247114588200,106845126250,-140269461950,KRX MDCSTAT02401_OUT
weekly,KOSPI200,institution,000660,SK하이닉스,4254510,4033991,-220519,7649781399500,7270475258500,-379306141000,KRX MDCSTAT02401_OUT
weekly,KOSPI200,institution,005930,삼성전자,33407287,31034150,-2373137,9160755296500,8528344646250,-632410650250,KRX MDCSTAT02401_OUT
weekly,KOSDAQ150,foreign,036930,주성엔지니어링,1163020,1636832,473812,258728458750,361742377000,103013918250,KRX MDCSTAT02401_OUT
weekly,KOSDAQ150,foreign,403870,HPSP,3293347,4492116,1198769,203587555450,275107111150,71519555700,KRX MDCSTAT02401_OUT
weekly,KOSDAQ150,foreign,036540,SFA반도체,6062617,11094973,5032356,65854524350,119370050110,53515525760,KRX MDCSTAT02401_OUT
weekly,KOSDAQ150,foreign,098460,고영,1477790,2809128,1331338,45578746075,87946777675,42368031600,KRX MDCSTAT02401_OUT
weekly,KOSDAQ150,foreign,222800,심텍,809610,1065762,256152,121531407800,160131528800,38600121000,KRX MDCSTAT02401_OUT
weekly,KOSDAQ150,foreign,080220,제주반도체,1312437,1777755,465318,104776257150,142753592200,37977335050,KRX MDCSTAT02401_OUT
weekly,KOSDAQ150,foreign,086520,에코프로,626800,1015794,388994,50297475300,82666570150,32369094850,KRX MDCSTAT02401_OUT
weekly,KOSDAQ150,foreign,089030,테크윙,752800,1366159,613359,38843382275,71134726000,32291343725,KRX MDCSTAT02401_OUT
weekly,KOSDAQ150,foreign,214450,파마리서치,85720,182703,96983,27097418500,57342878500,30245460000,KRX MDCSTAT02401_OUT
weekly,KOSDAQ150,foreign,031980,피에스케이홀딩스,96778,217381,120603,17094185600,38508286650,21414101050,KRX MDCSTAT02401_OUT
weekly,KOSDAQ150,foreign,196170,알테오젠,331160,405908,74748,84571541500,103536726500,18965185000,KRX MDCSTAT02401_OUT
weekly,KOSDAQ150,foreign,247540,에코프로비엠,682625,833809,151184,73948695500,90602927400,16654231900,KRX MDCSTAT02401_OUT
weekly,KOSDAQ150,foreign,087010,펩트론,178309,289415,111106,24483706500,39567216650,15083510150,KRX MDCSTAT02401_OUT
weekly,KOSDAQ150,foreign,298380,에이비엘바이오,750121,986502,236381,37692516950,49417454925,11724937975,KRX MDCSTAT02401_OUT
weekly,KOSDAQ150,foreign,096530,씨젠,574013,892272,318259,20078085821,31198742521,11120656700,KRX MDCSTAT02401_OUT
weekly,KOSDAQ150,foreign,323280,태성,715203,914241,199038,37973568300,48938582650,10965014350,KRX MDCSTAT02401_OUT
weekly,KOSDAQ150,foreign,078600,대주전자재료,230913,345033,114120,21213312600,31696251900,10482939300,KRX MDCSTAT02401_OUT
weekly,KOSDAQ150,foreign,161580,필옵틱스,869479,1094406,224927,32380750025,40954642100,8573892075,KRX MDCSTAT02401_OUT
weekly,KOSDAQ150,foreign,131290,티에스이,104145,128940,24795,30477494500,37742488250,7264993750,KRX MDCSTAT02401_OUT
weekly,KOSDAQ150,foreign,241710,코스메카코리아,263038,320517,57479,31313886350,38463391650,7149505300,KRX MDCSTAT02401_OUT
weekly,KOSDAQ150,foreign,095610,테스,450007,502581,52574,76674751500,83580519550,6905768050,KRX MDCSTAT02401_OUT
weekly,KOSDAQ150,foreign,053800,안랩,161740,237229,75489,12215862350,17855106700,5639244350,KRX MDCSTAT02401_OUT
weekly,KOSDAQ150,foreign,237690,에스티팜,97231,156533,59302,9028683850,14575310400,5546626550,KRX MDCSTAT02401_OUT
weekly,KOSDAQ150,foreign,475830,오름테라퓨틱,594132,814584,220452,14203957300,19124622700,4920665400,KRX MDCSTAT02401_OUT
weekly,KOSDAQ150,foreign,399720,가온칩스,127701,229568,101867,5924409100,10723721525,4799312425,KRX MDCSTAT02401_OUT
weekly,KOSDAQ150,foreign,293490,카카오게임즈,458264,906263,447999,4328901885,8637481665,4308579780,KRX MDCSTAT02401_OUT
weekly,KOSDAQ150,foreign,030530,원익홀딩스,2145365,2294261,148896,60850440525,64819587750,3969147225,KRX MDCSTAT02401_OUT
weekly,KOSDAQ150,foreign,068760,셀트리온제약,92482,193174,100692,3576415625,7514629375,3938213750,KRX MDCSTAT02401_OUT
weekly,KOSDAQ150,foreign,124500,아이티센글로벌,129359,264147,134788,3758635150,7640971900,3882336750,KRX MDCSTAT02401_OUT
weekly,KOSDAQ150,foreign,253590,네오셈,1632310,1837282,204972,22645864175,25595824110,2949959935,KRX MDCSTAT02401_OUT
weekly,KOSDAQ150,foreign,263750,펄어비스,438256,523604,85348,14569348700,17402943125,2833594425,KRX MDCSTAT02401_OUT
weekly,KOSDAQ150,foreign,006730,서부T&D,448734,696332,247598,4877801755,7683093970,2805292215,KRX MDCSTAT02401_OUT
weekly,KOSDAQ150,foreign,171090,선익시스템,59361,96932,37571,4168870850,6915450350,2746579500,KRX MDCSTAT02401_OUT
weekly,KOSDAQ150,foreign,007390,네이처셀,283061,385751,102690,6945831225,9617186325,2671355100,KRX MDCSTAT02401_OUT
weekly,KOSDAQ150,foreign,183300,코미코,687075,775820,88745,22687516700,25301515225,2613998525,KRX MDCSTAT02401_OUT
weekly,KOSDAQ150,foreign,050890,쏠리드,1312421,1572345,259924,12656723155,15220621025,2563897870,KRX MDCSTAT02401_OUT
weekly,KOSDAQ150,foreign,0009K0,에임드바이오,173905,283816,109911,3888714100,6430428100,2541714000,KRX MDCSTAT02401_OUT
weekly,KOSDAQ150,foreign,347850,디앤디파마텍,673490,737217,63727,29407424900,31898679675,2491254775,KRX MDCSTAT02401_OUT
weekly,KOSDAQ150,foreign,025980,아난티,1738873,2240751,501878,8708239224,11024456138,2316216914,KRX MDCSTAT02401_OUT
weekly,KOSDAQ150,foreign,041190,우리기술투자,1030130,1365472,335342,6072940150,7970538475,1897598325,KRX MDCSTAT02401_OUT
weekly,KOSDAQ150,foreign,032500,케이엠더블유,227494,327869,100375,4336548090,6219277110,1882729020,KRX MDCSTAT02401_OUT
weekly,KOSDAQ150,foreign,048410,현대바이오,1050179,1301899,251720,7252728385,9021376965,1768648580,KRX MDCSTAT02401_OUT
weekly,KOSDAQ150,foreign,025320,시노펙스,562492,1023094,460602,2136706441,3902387313,1765680872,KRX MDCSTAT02401_OUT
weekly,KOSDAQ150,foreign,033100,제룡전기,81223,116944,35721,3864270500,5575339825,1711069325,KRX MDCSTAT02401_OUT
weekly,KOSDAQ150,foreign,065350,신성델타테크,124887,177298,52411,3866695175,5555596950,1688901775,KRX MDCSTAT02401_OUT
weekly,KOSDAQ150,foreign,052400,코나아이,58344,102562,44218,2209903800,3891446900,1681543100,KRX MDCSTAT02401_OUT
weekly,KOSDAQ150,foreign,060250,NHN KCP,241766,355244,113478,3249616890,4766977645,1517360755,KRX MDCSTAT02401_OUT
weekly,KOSDAQ150,foreign,033500,동성화인텍,149775,237387,87612,2371515135,3754487965,1382972830,KRX MDCSTAT02401_OUT
weekly,KOSDAQ150,foreign,030520,한컴,144526,222452,77926,2497282740,3851981225,1354698485,KRX MDCSTAT02401_OUT
weekly,KOSDAQ150,foreign,042000,카페24,789822,866858,77036,14747638385,16031983885,1284345500,KRX MDCSTAT02401_OUT
weekly,KOSDAQ150,foreign,112040,위메이드,201630,275136,73506,3063725130,4235904725,1172179595,KRX MDCSTAT02401_OUT
weekly,KOSDAQ150,foreign,082270,젬백스,213499,317403,103904,2227868615,3333897010,1106028395,KRX MDCSTAT02401_OUT
weekly,KOSDAQ150,foreign,348370,엔켐,211472,261542,50070,4318256835,5402794825,1084537990,KRX MDCSTAT02401_OUT
weekly,KOSDAQ150,foreign,035900,JYP Ent.,308955,335888,26933,11658092550,12699213325,1041120775,KRX MDCSTAT02401_OUT
weekly,KOSDAQ150,foreign,213420,덕산네오룩스,160556,195710,35154,4717634775,5746409325,1028774550,KRX MDCSTAT02401_OUT
weekly,KOSDAQ150,foreign,036810,에프에스티,232472,262557,30085,7424585125,8450239625,1025654500,KRX MDCSTAT02401_OUT
weekly,KOSDAQ150,foreign,278280,천보,39800,68145,28345,1408321900,2429441900,1021120000,KRX MDCSTAT02401_OUT
weekly,KOSDAQ150,foreign,009520,포스코엠텍,132508,209490,76982,1643540810,2614296715,970755905,KRX MDCSTAT02401_OUT
weekly,KOSDAQ150,foreign,388720,유일로보틱스,23871,37961,14090,1623988500,2577819050,953830550,KRX MDCSTAT02401_OUT
weekly,KOSDAQ150,foreign,358570,지아이이노베이션,612175,711700,99525,5244729065,6173476975,928747910,KRX MDCSTAT02401_OUT
weekly,KOSDAQ150,foreign,310210,보로노이,165854,171988,6134,23127180600,23974172450,846991850,KRX MDCSTAT02401_OUT
weekly,KOSDAQ150,foreign,078340,컴투스,178292,202086,23794,6616671150,7454303150,837632000,KRX MDCSTAT02401_OUT
weekly,KOSDAQ150,foreign,215200,메가스터디교육,139379,162035,22656,5095855200,5930776375,834921175,KRX MDCSTAT02401_OUT
weekly,KOSDAQ150,foreign,100790,미래에셋벤처투자,543501,585287,41786,9473043100,10244109860,771066760,KRX MDCSTAT02401_OUT
weekly,KOSDAQ150,foreign,060370,LS마린솔루션,218405,241199,22794,7104085125,7833048650,728963525,KRX MDCSTAT02401_OUT
weekly,KOSDAQ150,foreign,058610,에스피지,196099,204902,8803,19667675350,20387822250,720146900,KRX MDCSTAT02401_OUT
weekly,KOSDAQ150,foreign,032190,다우데이타,74003,109668,35665,1435668755,2139593565,703924810,KRX MDCSTAT02401_OUT
weekly,KOSDAQ150,foreign,272290,이녹스첨단소재,126471,158556,32085,2700918000,3397062325,696144325,KRX MDCSTAT02401_OUT
weekly,KOSDAQ150,foreign,376300,디어유,196651,233703,37052,3530029270,4196206195,666176925,KRX MDCSTAT02401_OUT
weekly,KOSDAQ150,foreign,232140,와이씨,3553662,3593472,39810,52229249920,52891012340,661762420,KRX MDCSTAT02401_OUT
weekly,KOSDAQ150,foreign,420770,기가비스,108109,113138,5029,13498204750,14115869000,617664250,KRX MDCSTAT02401_OUT
weekly,KOSDAQ150,foreign,003380,하림지주,342446,395034,52588,3740776840,4346167850,605391010,KRX MDCSTAT02401_OUT
weekly,KOSDAQ150,foreign,038500,삼표시멘트,478343,562591,84248,3180370450,3741827895,561457445,KRX MDCSTAT02401_OUT
weekly,KOSDAQ150,foreign,036620,감성코퍼레이션,392946,516352,123406,1451743184,1902406745,450663561,KRX MDCSTAT02401_OUT
weekly,KOSDAQ150,foreign,074600,원익QnC,289826,309013,19187,8842289975,9278639425,436349450,KRX MDCSTAT02401_OUT
weekly,KOSDAQ150,foreign,056190,SFA,203556,219445,15889,5892711450,6288801375,396089925,KRX MDCSTAT02401_OUT
weekly,KOSDAQ150,foreign,025900,동화기업,59040,105771,46731,407745945,734683150,326937205,KRX MDCSTAT02401_OUT
weekly,KOSDAQ150,foreign,348210,넥스틴,109791,118383,8592,3921006750,4162611200,241604450,KRX MDCSTAT02401_OUT
weekly,KOSDAQ150,foreign,060280,큐렉소,338977,362841,23864,2756807875,2982724055,225916180,KRX MDCSTAT02401_OUT
weekly,KOSDAQ150,foreign,015750,성우하이텍,201891,239214,37323,1168251585,1389676115,221424530,KRX MDCSTAT02401_OUT
weekly,KOSDAQ150,foreign,036830,솔브레인홀딩스,100876,106160,5284,4203113400,4409878400,206765000,KRX MDCSTAT02401_OUT
weekly,KOSDAQ150,foreign,056080,유진로봇,536161,553493,17332,6381681520,6586452545,204771025,KRX MDCSTAT02401_OUT
weekly,KOSDAQ150,foreign,101730,위메이드맥스,211408,236449,25041,974681315,1097040732,122359417,KRX MDCSTAT02401_OUT
weekly,KOSDAQ150,foreign,194480,데브시스터즈,62770,69629,6859,890354135,997395690,107041555,KRX MDCSTAT02401_OUT
weekly,KOSDAQ150,foreign,090360,로보스타,103450,103950,500,7984290050,8052406800,68116750,KRX MDCSTAT02401_OUT
weekly,KOSDAQ150,foreign,253450,스튜디오드래곤,79252,82256,3004,1614703075,1680110025,65406950,KRX MDCSTAT02401_OUT
weekly,KOSDAQ150,foreign,295310,에이치브이엠,261481,261544,63,15741921400,15756190250,14268850,KRX MDCSTAT02401_OUT
weekly,KOSDAQ150,foreign,352480,씨앤씨인터내셔널,21507,18741,-2766,460840850,401238025,-59602825,KRX MDCSTAT02401_OUT
weekly,KOSDAQ150,foreign,018290,브이티,433163,424958,-8205,5200097175,5122940900,-77156275,KRX MDCSTAT02401_OUT
weekly,KOSDAQ150,foreign,014620,성광벤드,283414,282605,-809,8819064900,8730076900,-88988000,KRX MDCSTAT02401_OUT
weekly,KOSDAQ150,foreign,214150,클래시스,237102,231070,-6032,7288914625,7110796425,-178118200,KRX MDCSTAT02401_OUT
weekly,KOSDAQ150,foreign,039200,오스코텍,218876,214701,-4175,7903355275,7701720850,-201634425,KRX MDCSTAT02401_OUT
weekly,KOSDAQ150,foreign,214370,케어젠,152436,145294,-7142,6250695525,5937570150,-313125375,KRX MDCSTAT02401_OUT
weekly,KOSDAQ150,foreign,140860,파크시스템스,108852,107265,-1587,29953067250,29634895500,-318171750,KRX MDCSTAT02401_OUT
weekly,KOSDAQ150,foreign,214430,아이쓰리시스템,54822,50242,-4580,3905032650,3578788000,-326244650,KRX MDCSTAT02401_OUT
weekly,KOSDAQ150,foreign,211050,인카금융서비스,141236,104291,-36945,1379134390,1020302540,-358831850,KRX MDCSTAT02401_OUT
weekly,KOSDAQ150,foreign,445680,큐리옥스바이오시스템즈,192113,185916,-6197,10363932200,9967153150,-396779050,KRX MDCSTAT02401_OUT
weekly,KOSDAQ150,foreign,125490,한라캐스트,878272,848714,-29558,10621630925,10198348405,-423282520,KRX MDCSTAT02401_OUT
weekly,KOSDAQ150,foreign,082920,비츠로셀,347645,324662,-22983,9838211050,9226861700,-611349350,KRX MDCSTAT02401_OUT
weekly,KOSDAQ150,foreign,067160,SOOP,119702,102435,-17267,4374656375,3744329775,-630326600,KRX MDCSTAT02401_OUT
weekly,KOSDAQ150,foreign,043260,성호전자,3313910,3299235,-14675,86208114650,85574235575,-633879075,KRX MDCSTAT02401_OUT
weekly,KOSDAQ150,foreign,166090,하나머티리얼즈,180988,170852,-10136,10778530600,10129494550,-649036050,KRX MDCSTAT02401_OUT
weekly,KOSDAQ150,foreign,095660,네오위즈,99395,60506,-38889,1780078965,1083413450,-696665515,KRX MDCSTAT02401_OUT
weekly,KOSDAQ150,foreign,069080,웹젠,235431,172545,-62886,2728247620,1997576160,-730671460,KRX MDCSTAT02401_OUT
weekly,KOSDAQ150,foreign,085660,차바이오텍,445568,350857,-94711,3659055640,2869083695,-789971945,KRX MDCSTAT02401_OUT
weekly,KOSDAQ150,foreign,137400,피엔티,248727,211942,-36785,7285563100,6282057450,-1003505650,KRX MDCSTAT02401_OUT
weekly,KOSDAQ150,foreign,189300,인텔리안테크,81067,66279,-14788,5522118650,4479766750,-1042351900,KRX MDCSTAT02401_OUT
weekly,KOSDAQ150,foreign,437730,삼현,344021,329338,-14683,17499295050,16456101200,-1043193850,KRX MDCSTAT02401_OUT
weekly,KOSDAQ150,foreign,225570,넥슨게임즈,278123,178560,-99563,2988850825,1909832385,-1079018440,KRX MDCSTAT02401_OUT
weekly,KOSDAQ150,foreign,466100,클로봇,318941,262205,-56736,7259581175,5978368800,-1281212375,KRX MDCSTAT02401_OUT
weekly,KOSDAQ150,foreign,141080,리가켐바이오,326486,310429,-16057,26581900550,25215852250,-1366048300,KRX MDCSTAT02401_OUT
weekly,KOSDAQ150,foreign,035760,CJ ENM,148164,110295,-37869,5617734275,4170080425,-1447653850,KRX MDCSTAT02401_OUT
weekly,KOSDAQ150,foreign,090710,휴림로봇,1877568,1638130,-239438,11866905880,10334906665,-1531999215,KRX MDCSTAT02401_OUT
weekly,KOSDAQ150,foreign,099320,쎄트렉아이,161048,133809,-27239,12575785300,10500385550,-2075399750,KRX MDCSTAT02401_OUT
weekly,KOSDAQ150,foreign,122870,와이지엔터테인먼트,179698,128722,-50976,7660388300,5500065425,-2160322875,KRX MDCSTAT02401_OUT
weekly,KOSDAQ150,foreign,195940,HK이노엔,182472,118697,-63775,7176249300,4659896625,-2516352675,KRX MDCSTAT02401_OUT
weekly,KOSDAQ150,foreign,005290,동진쎄미켐,1159413,1100649,-58764,55450739025,52788690750,-2662048275,KRX MDCSTAT02401_OUT
weekly,KOSDAQ150,foreign,121600,나노신소재,133212,84031,-49181,7304194400,4588013850,-2716180550,KRX MDCSTAT02401_OUT
weekly,KOSDAQ150,foreign,067310,하나마이크론,2558304,2480054,-78250,120352391400,117604784050,-2747607350,KRX MDCSTAT02401_OUT
weekly,KOSDAQ150,foreign,281740,레이크머티리얼즈,1085594,821748,-263846,12221685540,9331124230,-2890561310,KRX MDCSTAT02401_OUT
weekly,KOSDAQ150,foreign,218410,RFHIC,368138,316566,-51572,21520823200,18372387650,-3148435550,KRX MDCSTAT02401_OUT
weekly,KOSDAQ150,foreign,226950,올릭스,322517,293042,-29475,34650701100,31278292200,-3372408900,KRX MDCSTAT02401_OUT
weekly,KOSDAQ150,foreign,417200,LS머트리얼즈,2154953,1858143,-296810,29791173780,25887342270,-3903831510,KRX MDCSTAT02401_OUT
weekly,KOSDAQ150,foreign,032820,우리기술,2953052,2639969,-313083,37255381055,33196501770,-4058879285,KRX MDCSTAT02401_OUT
weekly,KOSDAQ150,foreign,251970,펌텍코리아,150620,83479,-67141,9345796900,5072197250,-4273599650,KRX MDCSTAT02401_OUT
weekly,KOSDAQ150,foreign,277810,레인보우로보틱스,89014,76318,-12696,37937911500,32583063250,-5354848250,KRX MDCSTAT02401_OUT
weekly,KOSDAQ150,foreign,290650,엘앤씨바이오,417484,322715,-94769,21592275200,16020835250,-5571439950,KRX MDCSTAT02401_OUT
weekly,KOSDAQ150,foreign,041510,에스엠,251022,175665,-75357,20443200600,14205970350,-6237230250,KRX MDCSTAT02401_OUT
weekly,KOSDAQ150,foreign,328130,루닛,2709296,2101954,-607342,30946199535,23936172580,-7010026955,KRX MDCSTAT02401_OUT
weekly,KOSDAQ150,foreign,101490,에스앤에스텍,466507,315555,-150952,21714168300,14648994000,-7065174300,KRX MDCSTAT02401_OUT
weekly,KOSDAQ150,foreign,178320,서진시스템,3071345,2895506,-175839,114265519000,106886620775,-7378898225,KRX MDCSTAT02401_OUT
weekly,KOSDAQ150,foreign,204270,제이앤티씨,1184789,872619,-312170,27718228275,20123137675,-7595090600,KRX MDCSTAT02401_OUT
weekly,KOSDAQ150,foreign,000250,삼천당제약,239870,192124,-47746,43966451550,34756147200,-9210304350,KRX MDCSTAT02401_OUT
weekly,KOSDAQ150,foreign,145020,휴젤,204663,151648,-53015,37412217800,27739429600,-9672788200,KRX MDCSTAT02401_OUT
weekly,KOSDAQ150,foreign,095340,ISC,353971,301069,-52902,74530991200,63616743350,-10914247850,KRX MDCSTAT02401_OUT
weekly,KOSDAQ150,foreign,083650,비에이치아이,542370,357393,-184977,32673699700,21389886450,-11283813250,KRX MDCSTAT02401_OUT
weekly,KOSDAQ150,foreign,257720,실리콘투,979626,678865,-300761,37896254400,26437948725,-11458305675,KRX MDCSTAT02401_OUT
weekly,KOSDAQ150,foreign,319400,현대무벡스,1229073,560622,-668451,25437206525,11575064725,-13862141800,KRX MDCSTAT02401_OUT
weekly,KOSDAQ150,foreign,131970,두산테스나,438480,287863,-150617,42155186050,27690666700,-14464519350,KRX MDCSTAT02401_OUT
weekly,KOSDAQ150,foreign,064760,티씨케이,145314,94409,-50905,42414675750,27470593500,-14944082250,KRX MDCSTAT02401_OUT
weekly,KOSDAQ150,foreign,108490,로보티즈,318191,262809,-55382,92766626250,76118740250,-16647886000,KRX MDCSTAT02401_OUT
weekly,KOSDAQ150,foreign,039030,이오테크닉스,165849,134826,-31023,84764594500,67564205250,-17200389250,KRX MDCSTAT02401_OUT
weekly,KOSDAQ150,foreign,089970,브이엠,1256320,875396,-380924,79753123800,55334024800,-24419099000,KRX MDCSTAT02401_OUT
weekly,KOSDAQ150,foreign,084370,유진테크,566039,386435,-179604,94697671700,63515286600,-31182385100,KRX MDCSTAT02401_OUT
weekly,KOSDAQ150,foreign,240810,원익IPS,2091082,1819450,-271632,278021507400,242878323050,-35143184350,KRX MDCSTAT02401_OUT
weekly,KOSDAQ150,foreign,058470,리노공업,2544081,1233012,-1311069,189459425600,91593494650,-97865930950,KRX MDCSTAT02401_OUT
weekly,KOSDAQ150,foreign,028300,HLB,4620339,2192503,-2427836,190773296275,90166827400,-100606468875,KRX MDCSTAT02401_OUT
weekly,KOSDAQ150,institution,403870,HPSP,1008740,2320371,1311631,60734957350,145876155800,85141198450,KRX MDCSTAT02401_OUT
weekly,KOSDAQ150,institution,036930,주성엔지니어링,457551,754324,296773,101366582500,170090001750,68723419250,KRX MDCSTAT02401_OUT
weekly,KOSDAQ150,institution,058470,리노공업,722168,1418037,695869,53379389450,107391923850,54012534400,KRX MDCSTAT02401_OUT
weekly,KOSDAQ150,institution,196170,알테오젠,337455,538277,200822,85545601500,138368681500,52823080000,KRX MDCSTAT02401_OUT
weekly,KOSDAQ150,institution,240810,원익IPS,889928,1210666,320738,117880764600,162645938700,44765174100,KRX MDCSTAT02401_OUT
weekly,KOSDAQ150,institution,084370,유진테크,149384,396183,246799,24315816900,66862893250,42547076350,KRX MDCSTAT02401_OUT
weekly,KOSDAQ150,institution,039030,이오테크닉스,158099,236022,77923,79333834500,121019779500,41685945000,KRX MDCSTAT02401_OUT
weekly,KOSDAQ150,institution,095610,테스,297520,502026,204506,49958172050,86313877900,36355705850,KRX MDCSTAT02401_OUT
weekly,KOSDAQ150,institution,005290,동진쎄미켐,359870,908428,548558,17145235625,44124778275,26979542650,KRX MDCSTAT02401_OUT
weekly,KOSDAQ150,institution,226950,올릭스,249820,446157,196337,26239414150,48833103050,22593688900,KRX MDCSTAT02401_OUT
weekly,KOSDAQ150,institution,080220,제주반도체,211409,456878,245469,16468457450,37608291650,21139834200,KRX MDCSTAT02401_OUT
weekly,KOSDAQ150,institution,095340,ISC,143352,237714,94362,30200543500,50261899950,20061356450,KRX MDCSTAT02401_OUT
weekly,KOSDAQ150,institution,131970,두산테스나,166279,359338,193059,15782647650,35158385250,19375737600,KRX MDCSTAT02401_OUT
weekly,KOSDAQ150,institution,089970,브이엠,763496,1031397,267901,47673777450,66068216400,18394438950,KRX MDCSTAT02401_OUT
weekly,KOSDAQ150,institution,064760,티씨케이,88944,151087,62143,26219929250,44600058500,18380129250,KRX MDCSTAT02401_OUT
weekly,KOSDAQ150,institution,178320,서진시스템,332150,762209,430059,12176988075,28657766825,16480778750,KRX MDCSTAT02401_OUT
weekly,KOSDAQ150,institution,247540,에코프로비엠,517866,617837,99971,55843369650,67861476950,12018107300,KRX MDCSTAT02401_OUT
weekly,KOSDAQ150,institution,140860,파크시스템스,18980,56167,37187,5107365000,15598695750,10491330750,KRX MDCSTAT02401_OUT
weekly,KOSDAQ150,institution,086520,에코프로,861654,966076,104422,69137798300,78730615600,9592817300,KRX MDCSTAT02401_OUT
weekly,KOSDAQ150,institution,000250,삼천당제약,155243,196903,41660,27438517550,36157949350,8719431800,KRX MDCSTAT02401_OUT
weekly,KOSDAQ150,institution,067310,하나마이크론,657310,822033,164723,30785921575,39451983250,8666061675,KRX MDCSTAT02401_OUT
weekly,KOSDAQ150,institution,074600,원익QnC,260202,471251,211049,7762800050,14369392975,6606592925,KRX MDCSTAT02401_OUT
weekly,KOSDAQ150,institution,098460,고영,405607,581933,176326,12524303875,18786739250,6262435375,KRX MDCSTAT02401_OUT
weekly,KOSDAQ150,institution,251970,펌텍코리아,74957,169663,94706,4529763900,10490142700,5960378800,KRX MDCSTAT02401_OUT
weekly,KOSDAQ150,institution,323280,태성,103249,197570,94321,5355624000,10970467875,5614843875,KRX MDCSTAT02401_OUT
weekly,KOSDAQ150,institution,121600,나노신소재,68211,161835,93624,3732500450,8921224050,5188723600,KRX MDCSTAT02401_OUT
weekly,KOSDAQ150,institution,290650,엘앤씨바이오,100594,192325,91731,4931017750,10043811550,5112793800,KRX MDCSTAT02401_OUT
weekly,KOSDAQ150,institution,053800,안랩,30116,90114,59998,2263439400,6794400450,4530961050,KRX MDCSTAT02401_OUT
weekly,KOSDAQ150,institution,131290,티에스이,102263,115901,13638,29708947000,34051551500,4342604500,KRX MDCSTAT02401_OUT
weekly,KOSDAQ150,institution,195940,HK이노엔,109837,177872,68035,4304380975,7019090975,2714710000,KRX MDCSTAT02401_OUT
weekly,KOSDAQ150,institution,039200,오스코텍,127280,195896,68616,4533236650,7134604725,2601368075,KRX MDCSTAT02401_OUT
weekly,KOSDAQ150,institution,445680,큐리옥스바이오시스템즈,31347,77070,45723,1618164650,4186765700,2568601050,KRX MDCSTAT02401_OUT
weekly,KOSDAQ150,institution,042000,카페24,48255,175369,127114,894794165,3424411565,2529617400,KRX MDCSTAT02401_OUT
weekly,KOSDAQ150,institution,078340,컴투스,95145,156140,60995,3490232975,5806206550,2315973575,KRX MDCSTAT02401_OUT
weekly,KOSDAQ150,institution,295310,에이치브이엠,231761,253942,22181,13632736950,15591966900,1959229950,KRX MDCSTAT02401_OUT
weekly,KOSDAQ150,institution,166090,하나머티리얼즈,113656,142974,29318,6744581350,8576315100,1831733750,KRX MDCSTAT02401_OUT
weekly,KOSDAQ150,institution,036830,솔브레인홀딩스,62259,101748,39489,2579916025,4255933025,1676017000,KRX MDCSTAT02401_OUT
weekly,KOSDAQ150,institution,078600,대주전자재료,106073,120219,14146,9645345400,11313488900,1668143500,KRX MDCSTAT02401_OUT
weekly,KOSDAQ150,institution,225570,넥슨게임즈,133387,283344,149957,1418823930,3063807615,1644983685,KRX MDCSTAT02401_OUT
weekly,KOSDAQ150,institution,347850,디앤디파마텍,206104,235181,29077,8851425500,10350105775,1498680275,KRX MDCSTAT02401_OUT
weekly,KOSDAQ150,institution,036810,에프에스티,50756,89933,39177,1575904150,2908174750,1332270600,KRX MDCSTAT02401_OUT
weekly,KOSDAQ150,institution,096530,씨젠,238492,269926,31434,8234543425,9560552950,1326009525,KRX MDCSTAT02401_OUT
weekly,KOSDAQ150,institution,089030,테크윙,364318,367976,3658,18315161275,19452649800,1137488525,KRX MDCSTAT02401_OUT
weekly,KOSDAQ150,institution,099320,쎄트렉아이,24591,35250,10659,1920358350,2793163650,872805300,KRX MDCSTAT02401_OUT
weekly,KOSDAQ150,institution,145020,휴젤,65628,70284,4656,12060948700,12913043950,852095250,KRX MDCSTAT02401_OUT
weekly,KOSDAQ150,institution,171090,선익시스템,32681,42673,9992,2293099500,3045764600,752665100,KRX MDCSTAT02401_OUT
weekly,KOSDAQ150,institution,082920,비츠로셀,183831,210089,26258,5179702475,5927868550,748166075,KRX MDCSTAT02401_OUT
weekly,KOSDAQ150,institution,101490,에스앤에스텍,74637,83302,8665,3358466200,3988119000,629652800,KRX MDCSTAT02401_OUT
weekly,KOSDAQ150,institution,215200,메가스터디교육,36737,53473,16736,1348743800,1971842650,623098850,KRX MDCSTAT02401_OUT
weekly,KOSDAQ150,institution,358570,지아이이노베이션,186951,238494,51543,1554305855,2163242640,608936785,KRX MDCSTAT02401_OUT
weekly,KOSDAQ150,institution,161580,필옵틱스,51061,62021,10960,1837198625,2404853525,567654900,KRX MDCSTAT02401_OUT
weekly,KOSDAQ150,institution,033100,제룡전기,32765,42630,9865,1554073425,2038051950,483978525,KRX MDCSTAT02401_OUT
weekly,KOSDAQ150,institution,125490,한라캐스트,68538,106565,38027,803000710,1277812525,474811815,KRX MDCSTAT02401_OUT
weekly,KOSDAQ150,institution,035900,JYP Ent.,112182,124466,12284,4239417950,4693398125,453980175,KRX MDCSTAT02401_OUT
weekly,KOSDAQ150,institution,189300,인텔리안테크,40739,45322,4583,2748144400,3099155450,351011050,KRX MDCSTAT02401_OUT
weekly,KOSDAQ150,institution,095660,네오위즈,46259,65343,19084,827707810,1173167730,345459920,KRX MDCSTAT02401_OUT
weekly,KOSDAQ150,institution,214370,케어젠,49584,55165,5581,2001543200,2287034850,285491650,KRX MDCSTAT02401_OUT
weekly,KOSDAQ150,institution,319400,현대무벡스,160601,172819,12218,3310992850,3565524550,254531700,KRX MDCSTAT02401_OUT
weekly,KOSDAQ150,institution,090360,로보스타,13320,16373,3053,1021616750,1269985000,248368250,KRX MDCSTAT02401_OUT
weekly,KOSDAQ150,institution,204270,제이앤티씨,49049,59747,10698,1139503200,1334132250,194629050,KRX MDCSTAT02401_OUT
weekly,KOSDAQ150,institution,277810,레인보우로보틱스,44030,43918,-112,18617364250,18799289250,181925000,KRX MDCSTAT02401_OUT
weekly,KOSDAQ150,institution,018290,브이티,103009,110718,7709,1212721750,1372662330,159940580,KRX MDCSTAT02401_OUT
weekly,KOSDAQ150,institution,100790,미래에셋벤처투자,39902,46902,7000,687786920,821556840,133769920,KRX MDCSTAT02401_OUT
weekly,KOSDAQ150,institution,214430,아이쓰리시스템,16411,17854,1443,1118136400,1246587450,128451050,KRX MDCSTAT02401_OUT
weekly,KOSDAQ150,institution,376300,디어유,52500,55800,3300,906250325,1024945245,118694920,KRX MDCSTAT02401_OUT
weekly,KOSDAQ150,institution,050890,쏠리드,120106,125863,5757,1145166940,1221900690,76733750,KRX MDCSTAT02401_OUT
weekly,KOSDAQ150,institution,211050,인카금융서비스,123809,129994,6185,1204181260,1277842420,73661160,KRX MDCSTAT02401_OUT
weekly,KOSDAQ150,institution,348370,엔켐,86720,88365,1645,1765191570,1835746220,70554650,KRX MDCSTAT02401_OUT
weekly,KOSDAQ150,institution,232140,와이씨,511174,476580,-34594,7241275940,7295041730,53765790,KRX MDCSTAT02401_OUT
weekly,KOSDAQ150,institution,082270,젬백스,71889,72459,570,737879195,775806435,37927240,KRX MDCSTAT02401_OUT
weekly,KOSDAQ150,institution,060280,큐렉소,63556,64680,1124,512936810,541496680,28559870,KRX MDCSTAT02401_OUT
weekly,KOSDAQ150,institution,352480,씨앤씨인터내셔널,14220,14890,670,305032300,324600100,19567800,KRX MDCSTAT02401_OUT
weekly,KOSDAQ150,institution,038500,삼표시멘트,171886,172704,818,1136911660,1145017810,8106150,KRX MDCSTAT02401_OUT
weekly,KOSDAQ150,institution,007390,네이처셀,146943,145621,-1322,3610497500,3610226525,-270975,KRX MDCSTAT02401_OUT
weekly,KOSDAQ150,institution,101730,위메이드맥스,40717,33646,-7071,184761018,157532285,-27228733,KRX MDCSTAT02401_OUT
weekly,KOSDAQ150,institution,009520,포스코엠텍,119878,116893,-2985,1487364420,1458779260,-28585160,KRX MDCSTAT02401_OUT
weekly,KOSDAQ150,institution,025900,동화기업,40920,35054,-5866,281431710,245588880,-35842830,KRX MDCSTAT02401_OUT
weekly,KOSDAQ150,institution,272290,이녹스첨단소재,68434,65242,-3192,1462651575,1410047100,-52604475,KRX MDCSTAT02401_OUT
weekly,KOSDAQ150,institution,067160,SOOP,35413,33474,-1939,1293268800,1224306650,-68962150,KRX MDCSTAT02401_OUT
weekly,KOSDAQ150,institution,388720,유일로보틱스,13122,11927,-1195,887863500,818141000,-69722500,KRX MDCSTAT02401_OUT
weekly,KOSDAQ150,institution,194480,데브시스터즈,42280,37307,-4973,604730690,533754090,-70976600,KRX MDCSTAT02401_OUT
weekly,KOSDAQ150,institution,0009K0,에임드바이오,116411,106770,-9641,2559804525,2486952125,-72852400,KRX MDCSTAT02401_OUT
weekly,KOSDAQ150,institution,253590,네오셈,114428,105759,-8669,1539522035,1455266000,-84256035,KRX MDCSTAT02401_OUT
weekly,KOSDAQ150,institution,025320,시노펙스,158835,133068,-25767,599916325,513225741,-86690584,KRX MDCSTAT02401_OUT
weekly,KOSDAQ150,institution,348210,넥스틴,63534,59391,-4143,2231783825,2144707625,-87076200,KRX MDCSTAT02401_OUT
weekly,KOSDAQ150,institution,112040,위메이드,138297,131203,-7094,2113681620,2019356990,-94324630,KRX MDCSTAT02401_OUT
weekly,KOSDAQ150,institution,041190,우리기술투자,109548,88975,-20573,635745195,520241085,-115504110,KRX MDCSTAT02401_OUT
weekly,KOSDAQ150,institution,069080,웹젠,150469,140453,-10016,1739540390,1622779105,-116761285,KRX MDCSTAT02401_OUT
weekly,KOSDAQ150,institution,085660,차바이오텍,156065,137016,-19049,1270038350,1150509770,-119528580,KRX MDCSTAT02401_OUT
weekly,KOSDAQ150,institution,065350,신성델타테크,43932,39344,-4588,1355210250,1235437650,-119772600,KRX MDCSTAT02401_OUT
weekly,KOSDAQ150,institution,253450,스튜디오드래곤,52861,46037,-6824,1079461575,940484150,-138977425,KRX MDCSTAT02401_OUT
weekly,KOSDAQ150,institution,417200,LS머트리얼즈,700896,681565,-19331,9621578465,9473522445,-148056020,KRX MDCSTAT02401_OUT
weekly,KOSDAQ150,institution,137400,피엔티,99187,90926,-8261,2887642100,2695648025,-191994075,KRX MDCSTAT02401_OUT
weekly,KOSDAQ150,institution,030520,한컴,181561,170068,-11493,3126588620,2929374300,-197214320,KRX MDCSTAT02401_OUT
weekly,KOSDAQ150,institution,003380,하림지주,332278,310334,-21944,3637031330,3410418080,-226613250,KRX MDCSTAT02401_OUT
weekly,KOSDAQ150,institution,032190,다우데이타,71159,59916,-11243,1385620195,1158048190,-227572005,KRX MDCSTAT02401_OUT
weekly,KOSDAQ150,institution,032500,케이엠더블유,81818,69160,-12658,1549061185,1314132805,-234928380,KRX MDCSTAT02401_OUT
weekly,KOSDAQ150,institution,399720,가온칩스,32607,25925,-6682,1514924550,1224584050,-290340500,KRX MDCSTAT02401_OUT
weekly,KOSDAQ150,institution,278280,천보,23888,15030,-8858,841674975,542797975,-298877000,KRX MDCSTAT02401_OUT
weekly,KOSDAQ150,institution,015750,성우하이텍,154337,102170,-52167,894682585,594320460,-300362125,KRX MDCSTAT02401_OUT
weekly,KOSDAQ150,institution,281740,레이크머티리얼즈,216160,186863,-29297,2442951040,2133524790,-309426250,KRX MDCSTAT02401_OUT
weekly,KOSDAQ150,institution,090710,휴림로봇,255592,201237,-54355,1570132720,1249169175,-320963545,KRX MDCSTAT02401_OUT
weekly,KOSDAQ150,institution,025980,아난티,188714,119914,-68800,933408140,592696686,-340711454,KRX MDCSTAT02401_OUT
weekly,KOSDAQ150,institution,466100,클로봇,75982,56004,-19978,1726419950,1282281875,-444138075,KRX MDCSTAT02401_OUT
weekly,KOSDAQ150,institution,048410,현대바이오,496265,418888,-77377,3412703690,2892422360,-520281330,KRX MDCSTAT02401_OUT
weekly,KOSDAQ150,institution,310210,보로노이,82572,75659,-6913,11343659500,10791810750,-551848750,KRX MDCSTAT02401_OUT
weekly,KOSDAQ150,institution,036620,감성코퍼레이션,450662,256520,-194142,1654406700,953332189,-701074511,KRX MDCSTAT02401_OUT
weekly,KOSDAQ150,institution,060250,NHN KCP,99451,43451,-56000,1330264595,586164160,-744100435,KRX MDCSTAT02401_OUT
weekly,KOSDAQ150,institution,030530,원익홀딩스,202405,171009,-31396,5607927100,4744960025,-862967075,KRX MDCSTAT02401_OUT
weekly,KOSDAQ150,institution,218410,RFHIC,200746,184820,-15926,11702374200,10813807050,-888567150,KRX MDCSTAT02401_OUT
weekly,KOSDAQ150,institution,056190,SFA,156325,119825,-36500,4449671600,3463504525,-986167075,KRX MDCSTAT02401_OUT
weekly,KOSDAQ150,institution,052400,코나아이,58253,31318,-26935,2190927000,1190568275,-1000358725,KRX MDCSTAT02401_OUT
weekly,KOSDAQ150,institution,035760,CJ ENM,103451,75340,-28111,3905834075,2848509600,-1057324475,KRX MDCSTAT02401_OUT
weekly,KOSDAQ150,institution,214150,클래시스,137796,101321,-36475,4212214825,3122274450,-1089940375,KRX MDCSTAT02401_OUT
weekly,KOSDAQ150,institution,237690,에스티팜,121271,107660,-13611,11249676950,10058854400,-1190822550,KRX MDCSTAT02401_OUT
weekly,KOSDAQ150,institution,213420,덕산네오룩스,175010,130294,-44716,5119144800,3841894300,-1277250500,KRX MDCSTAT02401_OUT
weekly,KOSDAQ150,institution,420770,기가비스,122925,111188,-11737,15230107300,13937937150,-1292170150,KRX MDCSTAT02401_OUT
weekly,KOSDAQ150,institution,058610,에스피지,94453,80145,-14308,9320381900,8013871550,-1306510350,KRX MDCSTAT02401_OUT
weekly,KOSDAQ150,institution,263750,펄어비스,206170,166266,-39904,6862107850,5544782775,-1317325075,KRX MDCSTAT02401_OUT
weekly,KOSDAQ150,institution,328130,루닛,542615,418565,-124050,6031006200,4705932070,-1325074130,KRX MDCSTAT02401_OUT
weekly,KOSDAQ150,institution,033500,동성화인텍,122041,32662,-89379,1922649900,518146240,-1404503660,KRX MDCSTAT02401_OUT
weekly,KOSDAQ150,institution,124500,아이티센글로벌,94762,35482,-59280,2725704100,1029472150,-1696231950,KRX MDCSTAT02401_OUT
weekly,KOSDAQ150,institution,006730,서부T&D,490667,303721,-186946,5341998280,3347350545,-1994647735,KRX MDCSTAT02401_OUT
weekly,KOSDAQ150,institution,141080,리가켐바이오,250425,220532,-29893,20206576800,18195722700,-2010854100,KRX MDCSTAT02401_OUT
weekly,KOSDAQ150,institution,183300,코미코,632737,561349,-71388,20528957225,18382196825,-2146760400,KRX MDCSTAT02401_OUT
weekly,KOSDAQ150,institution,056080,유진로봇,256929,51663,-205266,3044012050,618212660,-2425799390,KRX MDCSTAT02401_OUT
weekly,KOSDAQ150,institution,293490,카카오게임즈,619974,342513,-277461,5854523910,3256335845,-2598188065,KRX MDCSTAT02401_OUT
weekly,KOSDAQ150,institution,087010,펩트론,134984,109913,-25071,18188851000,15056947200,-3131903800,KRX MDCSTAT02401_OUT
weekly,KOSDAQ150,institution,437730,삼현,138312,69847,-68465,6786927325,3482528575,-3304398750,KRX MDCSTAT02401_OUT
weekly,KOSDAQ150,institution,032820,우리기술,638196,352522,-285674,8032948045,4409457220,-3623490825,KRX MDCSTAT02401_OUT
weekly,KOSDAQ150,institution,043260,성호전자,2176758,1966812,-209946,56013981400,51423990525,-4589990875,KRX MDCSTAT02401_OUT
weekly,KOSDAQ150,institution,122870,와이지엔터테인먼트,267382,157978,-109404,11383664950,6714986525,-4668678425,KRX MDCSTAT02401_OUT
weekly,KOSDAQ150,institution,475830,오름테라퓨틱,290829,65484,-225345,6509470800,1534228800,-4975242000,KRX MDCSTAT02401_OUT
weekly,KOSDAQ150,institution,041510,에스엠,179930,116137,-63793,14731286250,9433353950,-5297932300,KRX MDCSTAT02401_OUT
weekly,KOSDAQ150,institution,060370,LS마린솔루션,313907,121129,-192778,10131566975,3968883075,-6162683900,KRX MDCSTAT02401_OUT
weekly,KOSDAQ150,institution,014620,성광벤드,339762,137253,-202509,10478944425,4231509025,-6247435400,KRX MDCSTAT02401_OUT
weekly,KOSDAQ150,institution,068760,셀트리온제약,256190,85849,-170341,9912409175,3356407525,-6556001650,KRX MDCSTAT02401_OUT
weekly,KOSDAQ150,institution,031980,피에스케이홀딩스,199826,160184,-39642,35520281400,28580994650,-6939286750,KRX MDCSTAT02401_OUT
weekly,KOSDAQ150,institution,298380,에이비엘바이오,404334,254339,-149995,20204685150,12951276925,-7253408225,KRX MDCSTAT02401_OUT
weekly,KOSDAQ150,institution,257720,실리콘투,805846,565512,-240334,31237844000,21835232175,-9402611825,KRX MDCSTAT02401_OUT
weekly,KOSDAQ150,institution,241710,코스메카코리아,253584,163854,-89730,30622474700,19648733550,-10973741150,KRX MDCSTAT02401_OUT
weekly,KOSDAQ150,institution,083650,비에이치아이,337789,111821,-225968,20147404050,6723300850,-13424103200,KRX MDCSTAT02401_OUT
weekly,KOSDAQ150,institution,108490,로보티즈,160804,84475,-76329,46531345500,24738934750,-21792410750,KRX MDCSTAT02401_OUT
weekly,KOSDAQ150,institution,028300,HLB,1251403,628971,-622432,51976608375,25490915475,-26485692900,KRX MDCSTAT02401_OUT
weekly,KOSDAQ150,institution,222800,심텍,758686,538863,-219823,113804135750,81996450350,-31807685400,KRX MDCSTAT02401_OUT
weekly,KOSDAQ150,institution,214450,파마리서치,182034,64094,-117940,56902460500,20258031500,-36644429000,KRX MDCSTAT02401_OUT
weekly,KOSDAQ150,institution,036540,SFA반도체,8133809,3458617,-4675192,87135107930,37505953475,-49629154455,KRX MDCSTAT02401_OUT
recent2,KOSPI200,foreign,316140,우리금융지주,5764832,24208943,18444111,195236409600,809458945795,614222536195,KRX MDCSTAT02401_OUT
recent2,KOSPI200,foreign,017670,SK텔레콤,268813,487416,218603,23044893200,41817673750,18772780550,KRX MDCSTAT02401_OUT
recent2,KOSPI200,foreign,082740,한화엔진,372003,716378,344375,18186056175,35003028075,16816971900,KRX MDCSTAT02401_OUT
recent2,KOSPI200,foreign,042700,한미반도체,365809,424208,58399,94956986000,110300121750,15343135750,KRX MDCSTAT02401_OUT
recent2,KOSPI200,foreign,0126Z0,삼성에피스홀딩스,40663,79573,38910,14698687000,28747265750,14048578750,KRX MDCSTAT02401_OUT
recent2,KOSPI200,foreign,329180,HD현대중공업,82685,114221,31536,35807953500,49556853750,13748900250,KRX MDCSTAT02401_OUT
recent2,KOSPI200,foreign,278470,에이피알,146630,183448,36818,53453302750,67041099250,13587796500,KRX MDCSTAT02401_OUT
recent2,KOSPI200,foreign,207940,삼성바이오로직스,54326,63154,8828,76354798500,88900907500,12546109000,KRX MDCSTAT02401_OUT
recent2,KOSPI200,foreign,078930,GS,328273,439561,111288,34440534845,46040629545,11600094700,KRX MDCSTAT02401_OUT
recent2,KOSPI200,foreign,071050,한국금융지주,177845,242446,64601,31626951250,43125333900,11498382650,KRX MDCSTAT02401_OUT
recent2,KOSPI200,foreign,064400,LG씨엔에스,128625,269934,141309,8915281500,18825359300,9910077800,KRX MDCSTAT02401_OUT
recent2,KOSPI200,foreign,003670,포스코퓨처엠,79555,134577,55022,14316004300,24225527600,9909523300,KRX MDCSTAT02401_OUT
recent2,KOSPI200,foreign,096770,SK이노베이션,569380,634282,64902,82172915150,91942923100,9770007950,KRX MDCSTAT02401_OUT
recent2,KOSPI200,foreign,006800,미래에셋증권,519948,828202,308254,16206825625,25901388050,9694562425,KRX MDCSTAT02401_OUT
recent2,KOSPI200,foreign,086790,하나금융지주,1128263,1203118,74855,146348057240,155994474040,9646416800,KRX MDCSTAT02401_OUT
recent2,KOSPI200,foreign,079550,LIG디펜스앤에어로스페이스,33364,45614,12250,23491016000,32110019000,8619003000,KRX MDCSTAT02401_OUT
recent2,KOSPI200,foreign,018260,삼성에스디에스,106461,143428,36967,23393866500,31550167250,8156300750,KRX MDCSTAT02401_OUT
recent2,KOSPI200,foreign,454910,두산로보틱스,89963,194782,104819,6236307900,13654262150,7417954250,KRX MDCSTAT02401_OUT
recent2,KOSPI200,foreign,086280,현대글로비스,131797,168702,36905,26027597100,33331336600,7303739500,KRX MDCSTAT02401_OUT
recent2,KOSPI200,foreign,004170,신세계,42553,63560,21007,14165362000,21197334500,7031972500,KRX MDCSTAT02401_OUT
recent2,KOSPI200,foreign,450080,에코프로머티,125341,318853,193512,4447538475,11381414625,6933876150,KRX MDCSTAT02401_OUT
recent2,KOSPI200,foreign,011200,HMM,690214,992496,302282,14496122675,20842030975,6345908300,KRX MDCSTAT02401_OUT
recent2,KOSPI200,foreign,009830,한화솔루션,2134124,2315416,181292,72105316275,78381117500,6275801225,KRX MDCSTAT02401_OUT
recent2,KOSPI200,foreign,259960,크래프톤,86835,117787,30952,17058273550,23194328000,6136054450,KRX MDCSTAT02401_OUT
recent2,KOSPI200,foreign,003230,삼양식품,17622,22226,4604,21481954500,27093863000,5611908500,KRX MDCSTAT02401_OUT
recent2,KOSPI200,foreign,307950,현대오토에버,18149,32014,13865,6761539750,11972035500,5210495750,KRX MDCSTAT02401_OUT
recent2,KOSPI200,foreign,034730,SK,143381,151733,8352,84158140500,89214943000,5056802500,KRX MDCSTAT02401_OUT
recent2,KOSPI200,foreign,161390,한국타이어앤테크놀로지,324668,410403,85735,19153807100,24171422500,5017615400,KRX MDCSTAT02401_OUT
recent2,KOSPI200,foreign,047040,대우건설,2331505,2604074,272569,41470693540,46412196890,4941503350,KRX MDCSTAT02401_OUT
recent2,KOSPI200,foreign,128940,한미약품,40972,49815,8843,20604822750,25150572500,4545749750,KRX MDCSTAT02401_OUT
recent2,KOSPI200,foreign,443060,HD현대마린솔루션,42964,61213,18249,10118189750,14440950000,4322760250,KRX MDCSTAT02401_OUT
recent2,KOSPI200,foreign,010140,삼성중공업,1986902,2197695,210793,39262087030,43571539540,4309452510,KRX MDCSTAT02401_OUT
recent2,KOSPI200,foreign,034220,LG디스플레이,2507913,2990727,482814,21047394640,25146410935,4099016295,KRX MDCSTAT02401_OUT
recent2,KOSPI200,foreign,272210,한화시스템,498395,549661,51266,37998558350,42087546750,4088988400,KRX MDCSTAT02401_OUT
recent2,KOSPI200,foreign,071970,HD현대마린엔진,86785,154977,68192,4220945250,7597432250,3376487000,KRX MDCSTAT02401_OUT
recent2,KOSPI200,foreign,010130,고려아연,7238,10232,2994,7722894000,10904222000,3181328000,KRX MDCSTAT02401_OUT
recent2,KOSPI200,foreign,028260,삼성물산,262074,270142,8068,90091713266,92881868016,2790154750,KRX MDCSTAT02401_OUT
recent2,KOSPI200,foreign,112610,씨에스윈드,214214,267098,52884,11181507200,13964659100,2783151900,KRX MDCSTAT02401_OUT
recent2,KOSPI200,foreign,004020,현대제철,368041,456701,88660,11127008750,13781167900,2654159150,KRX MDCSTAT02401_OUT
recent2,KOSPI200,foreign,000100,유한양행,151787,184748,32961,11158956300,13592097800,2433141500,KRX MDCSTAT02401_OUT
recent2,KOSPI200,foreign,064350,현대로템,545314,565206,19892,61250580300,63667278300,2416698000,KRX MDCSTAT02401_OUT
recent2,KOSPI200,foreign,009420,한올바이오파마,155071,210631,55560,7158076950,9559550950,2401474000,KRX MDCSTAT02401_OUT
recent2,KOSPI200,foreign,066970,엘앤에프,145234,166183,20949,16274732000,18632633350,2357901350,KRX MDCSTAT02401_OUT
recent2,KOSPI200,foreign,039490,키움증권,98121,106232,8111,25086262250,27215178500,2128916250,KRX MDCSTAT02401_OUT
recent2,KOSPI200,foreign,204320,HL만도,115644,158497,42853,5324893325,7315711275,1990817950,KRX MDCSTAT02401_OUT
recent2,KOSPI200,foreign,023530,롯데쇼핑,103769,122714,18945,10442028500,12337531050,1895502550,KRX MDCSTAT02401_OUT
recent2,KOSPI200,foreign,180640,한진칼,40549,52063,11514,5418712050,6985385550,1566673500,KRX MDCSTAT02401_OUT
recent2,KOSPI200,foreign,251270,넷마블,194767,238217,43450,6781477375,8305244275,1523766900,KRX MDCSTAT02401_OUT
recent2,KOSPI200,foreign,006280,녹십자,21482,33092,11610,2696661650,4173908650,1477247000,KRX MDCSTAT02401_OUT
recent2,KOSPI200,foreign,010950,S-Oil,295985,303565,7580,46319990050,47737118350,1417128300,KRX MDCSTAT02401_OUT
recent2,KOSPI200,foreign,161890,한국콜마,287024,295701,8677,42285222800,43651024750,1365801950,KRX MDCSTAT02401_OUT
recent2,KOSPI200,foreign,120110,코오롱인더,53436,76352,22916,2938865050,4210880550,1272015500,KRX MDCSTAT02401_OUT
recent2,KOSPI200,foreign,302440,SK바이오사이언스,29564,63229,33665,1074544100,2307194575,1232650475,KRX MDCSTAT02401_OUT
recent2,KOSPI200,foreign,010120,LS ELECTRIC,206757,211138,4381,42061235350,43196676300,1135440950,KRX MDCSTAT02401_OUT
recent2,KOSPI200,foreign,375500,DL이앤씨,266433,279600,13167,20566377750,21579228550,1012850800,KRX MDCSTAT02401_OUT
recent2,KOSPI200,foreign,007340,DN오토모티브,121950,141986,20036,6017437950,7005474450,988036500,KRX MDCSTAT02401_OUT
recent2,KOSPI200,foreign,073240,금호타이어,738738,861950,123212,4998291955,5858450495,860158540,KRX MDCSTAT02401_OUT
recent2,KOSPI200,foreign,002380,KCC,20473,22068,1595,9645354750,10400884750,755530000,KRX MDCSTAT02401_OUT
recent2,KOSPI200,foreign,093370,후성,4308468,4367050,58582,65815494770,66532457345,716962575,KRX MDCSTAT02401_OUT
recent2,KOSPI200,foreign,022100,포스코DX,189935,223594,33659,3826861315,4520198645,693337330,KRX MDCSTAT02401_OUT
recent2,KOSPI200,foreign,068270,셀트리온,324732,327683,2951,58455537500,59147036100,691498600,KRX MDCSTAT02401_OUT
recent2,KOSPI200,foreign,000720,현대건설,286957,291971,5014,33713737300,34396513000,682775700,KRX MDCSTAT02401_OUT
recent2,KOSPI200,foreign,282330,BGF리테일,48499,53566,5067,6267545200,6917260400,649715200,KRX MDCSTAT02401_OUT
recent2,KOSPI200,foreign,036460,한국가스공사,103809,119357,15548,3626555375,4176055625,549500250,KRX MDCSTAT02401_OUT
recent2,KOSPI200,foreign,000880,한화,86456,90517,4061,10869764450,11398514450,528750000,KRX MDCSTAT02401_OUT
recent2,KOSPI200,foreign,000210,DL,29409,39295,9886,1457235850,1950250100,493014250,KRX MDCSTAT02401_OUT
recent2,KOSPI200,foreign,012750,에스원,49744,55607,5863,4130193750,4620470650,490276900,KRX MDCSTAT02401_OUT
recent2,KOSPI200,foreign,285130,SK케미칼,21727,30946,9219,1113445600,1588889800,475444200,KRX MDCSTAT02401_OUT
recent2,KOSPI200,foreign,005420,코스모화학,52527,95279,42752,544686655,990659670,445973015,KRX MDCSTAT02401_OUT
recent2,KOSPI200,foreign,137310,에스디바이오센서,67637,131502,63865,416566735,815044390,398477655,KRX MDCSTAT02401_OUT
recent2,KOSPI200,foreign,241560,두산밥캣,311733,317289,5556,17028240350,17327121750,298881400,KRX MDCSTAT02401_OUT
recent2,KOSPI200,foreign,003240,태광산업,793,1106,313,719459000,1003039000,283580000,KRX MDCSTAT02401_OUT
recent2,KOSPI200,foreign,008930,한미사이언스,87271,91875,4604,4606128400,4854818800,248690400,KRX MDCSTAT02401_OUT
recent2,KOSPI200,foreign,008730,율촌화학,49155,64163,15008,714373130,933977270,219604140,KRX MDCSTAT02401_OUT
recent2,KOSPI200,foreign,030000,제일기획,555306,565010,9704,10357464405,10565821750,208357345,KRX MDCSTAT02401_OUT
recent2,KOSPI200,foreign,185750,종근당,20728,23901,3173,1336301000,1542456000,206155000,KRX MDCSTAT02401_OUT
recent2,KOSPI200,foreign,007070,GS리테일,136243,145296,9053,3053909375,3254228350,200318975,KRX MDCSTAT02401_OUT
recent2,KOSPI200,foreign,006650,대한유화,19893,21992,2099,1763065700,1948762800,185697100,KRX MDCSTAT02401_OUT
recent2,KOSPI200,foreign,016360,삼성증권,282826,284510,1684,25179030300,25358250700,179220400,KRX MDCSTAT02401_OUT
recent2,KOSPI200,foreign,192080,더블유게임즈,45386,48424,3038,2636940500,2815316550,178376050,KRX MDCSTAT02401_OUT
recent2,KOSPI200,foreign,005850,에스엘,66829,70667,3838,3419603350,3593537400,173934050,KRX MDCSTAT02401_OUT
recent2,KOSPI200,foreign,001450,현대해상,517515,521305,3790,24863818750,25036608100,172789350,KRX MDCSTAT02401_OUT
recent2,KOSPI200,foreign,069620,대웅제약,12667,14017,1350,1360260850,1513982450,153721600,KRX MDCSTAT02401_OUT
recent2,KOSPI200,foreign,352820,하이브,115802,116533,731,18165412300,18224697150,59284850,KRX MDCSTAT02401_OUT
recent2,KOSPI200,foreign,014820,동원시스템즈,11785,14499,2714,248122150,304777325,56655175,KRX MDCSTAT02401_OUT
recent2,KOSPI200,foreign,069960,현대백화점,90798,91257,459,8071037650,8124748950,53711300,KRX MDCSTAT02401_OUT
recent2,KOSPI200,foreign,006040,동원산업,19484,20557,1073,688960725,727688550,38727825,KRX MDCSTAT02401_OUT
recent2,KOSPI200,foreign,000670,영풍,29041,29638,597,1190050725,1216285725,26235000,KRX MDCSTAT02401_OUT
recent2,KOSPI200,foreign,011780,금호석유화학,70905,70794,-111,8153644150,8143150700,-10493450,KRX MDCSTAT02401_OUT
recent2,KOSPI200,foreign,071320,지역난방공사,7646,7369,-277,601142450,581718050,-19424400,KRX MDCSTAT02401_OUT
recent2,KOSPI200,foreign,268280,미원에스씨,484,301,-183,62386600,38777900,-23608700,KRX MDCSTAT02401_OUT
recent2,KOSPI200,foreign,298050,HS효성첨단소재,4627,4465,-162,745350750,719551100,-25799650,KRX MDCSTAT02401_OUT
recent2,KOSPI200,foreign,002030,아세아,1017,856,-161,204633000,171947500,-32685500,KRX MDCSTAT02401_OUT
recent2,KOSPI200,foreign,002840,미원상사,1957,1685,-272,264958300,227756550,-37201750,KRX MDCSTAT02401_OUT
recent2,KOSPI200,foreign,007700,F&F홀딩스,4558,414,-4144,60859110,5524950,-55334160,KRX MDCSTAT02401_OUT
recent2,KOSPI200,foreign,300720,한일시멘트,41466,29970,-11496,669513140,482957250,-186555890,KRX MDCSTAT02401_OUT
recent2,KOSPI200,foreign,028670,팬오션,1965353,1926925,-38428,11460590190,11261578100,-199012090,KRX MDCSTAT02401_OUT
recent2,KOSPI200,foreign,005300,롯데칠성,18381,15705,-2676,1743540950,1490844500,-252696450,KRX MDCSTAT02401_OUT
recent2,KOSPI200,foreign,007310,오뚜기,2935,1935,-1000,922897500,609093500,-313804000,KRX MDCSTAT02401_OUT
recent2,KOSPI200,foreign,103140,풍산,35320,31037,-4283,2751992150,2423551950,-328440200,KRX MDCSTAT02401_OUT
recent2,KOSPI200,foreign,280360,롯데웰푸드,12930,10147,-2783,1581061750,1239646600,-341415150,KRX MDCSTAT02401_OUT
recent2,KOSPI200,foreign,090430,아모레퍼시픽,176780,174233,-2547,24428688000,24064476750,-364211250,KRX MDCSTAT02401_OUT
recent2,KOSPI200,foreign,030200,KT,198780,191402,-7378,10359508219,9978694619,-380813600,KRX MDCSTAT02401_OUT
recent2,KOSPI200,foreign,009970,영원무역홀딩스,11218,8821,-2397,1820229700,1431151200,-389078500,KRX MDCSTAT02401_OUT
recent2,KOSPI200,foreign,004000,롯데정밀화학,30824,21580,-9244,1322942300,928682475,-394259825,KRX MDCSTAT02401_OUT
recent2,KOSPI200,foreign,003090,대웅,98657,71785,-26872,1511524820,1105536295,-405988525,KRX MDCSTAT02401_OUT
recent2,KOSPI200,foreign,377300,카카오페이,53057,42222,-10835,2116189475,1685896675,-430292800,KRX MDCSTAT02401_OUT
recent2,KOSPI200,foreign,029780,삼성카드,81123,70441,-10682,3411901350,2967264050,-444637300,KRX MDCSTAT02401_OUT
recent2,KOSPI200,foreign,001680,대상,58262,33117,-25145,1040636315,592579835,-448056480,KRX MDCSTAT02401_OUT
recent2,KOSPI200,foreign,000240,한국앤컴퍼니,57021,37956,-19065,1426250325,949486875,-476763450,KRX MDCSTAT02401_OUT
recent2,KOSPI200,foreign,111770,영원무역,54980,47566,-7414,3800109000,3286197950,-513911050,KRX MDCSTAT02401_OUT
recent2,KOSPI200,foreign,017960,한국카본,113204,85986,-27218,2283606680,1739078020,-544528660,KRX MDCSTAT02401_OUT
recent2,KOSPI200,foreign,002790,아모레퍼시픽홀딩스,125885,101598,-24287,3250325250,2623525500,-626799750,KRX MDCSTAT02401_OUT
recent2,KOSPI200,foreign,069260,TKG휴켐스,73701,30598,-43103,1166357195,484626200,-681730995,KRX MDCSTAT02401_OUT
recent2,KOSPI200,foreign,011210,현대위아,71481,58130,-13351,3754044750,3056372150,-697672600,KRX MDCSTAT02401_OUT
recent2,KOSPI200,foreign,034230,파라다이스,242453,164499,-77954,2266903375,1540000540,-726902835,KRX MDCSTAT02401_OUT
recent2,KOSPI200,foreign,457190,이수스페셜티케미컬,391447,379059,-12388,30247524500,29421998350,-825526150,KRX MDCSTAT02401_OUT
recent2,KOSPI200,foreign,000080,하이트진로,114201,58009,-56192,1691439345,860901350,-830537995,KRX MDCSTAT02401_OUT
recent2,KOSPI200,foreign,009240,한샘,32788,11438,-21350,1281406500,446776375,-834630125,KRX MDCSTAT02401_OUT
recent2,KOSPI200,foreign,001800,오리온홀딩스,101337,60538,-40799,2357790900,1408624650,-949166250,KRX MDCSTAT02401_OUT
recent2,KOSPI200,foreign,003550,LG,261966,252766,-9200,28970514550,28007094350,-963420200,KRX MDCSTAT02401_OUT
recent2,KOSPI200,foreign,326030,SK바이오팜,113100,98117,-14983,8523994850,7403403400,-1120591450,KRX MDCSTAT02401_OUT
recent2,KOSPI200,foreign,026960,동서,67609,23437,-44172,1733140575,603204975,-1129935600,KRX MDCSTAT02401_OUT
recent2,KOSPI200,foreign,081660,미스토홀딩스,149330,117077,-32253,5609372575,4395218525,-1214154050,KRX MDCSTAT02401_OUT
recent2,KOSPI200,foreign,004990,롯데지주,91734,39911,-51823,2188354625,955896700,-1232457925,KRX MDCSTAT02401_OUT
recent2,KOSPI200,foreign,097950,CJ제일제당,41986,34945,-7041,7489296300,6236657000,-1252639300,KRX MDCSTAT02401_OUT
recent2,KOSPI200,foreign,007660,이수페타시스,573927,555958,-17969,67427868000,66058433500,-1369434500,KRX MDCSTAT02401_OUT
recent2,KOSPI200,foreign,032640,LG유플러스,1144160,1042224,-101936,16629699190,15156608705,-1473090485,KRX MDCSTAT02401_OUT
recent2,KOSPI200,foreign,000120,CJ대한통운,38643,17164,-21479,2695173750,1198705300,-1496468450,KRX MDCSTAT02401_OUT
recent2,KOSPI200,foreign,298020,효성티앤씨,19727,14115,-5612,5495950000,3920777750,-1575172250,KRX MDCSTAT02401_OUT
recent2,KOSPI200,foreign,011170,롯데케미칼,85404,58797,-26607,5160286500,3553542200,-1606744300,KRX MDCSTAT02401_OUT
recent2,KOSPI200,foreign,005940,NH투자증권,450318,388691,-61627,11792807175,10184754100,-1608053075,KRX MDCSTAT02401_OUT
recent2,KOSPI200,foreign,021240,코웨이,233211,216751,-16460,23202196500,21560596200,-1641600300,KRX MDCSTAT02401_OUT
recent2,KOSPI200,foreign,010060,OCI홀딩스,120725,112018,-8707,26761340250,24945401500,-1815938750,KRX MDCSTAT02401_OUT
recent2,KOSPI200,foreign,373220,LG에너지솔루션,126659,121275,-5384,45199439250,43248201500,-1951237750,KRX MDCSTAT02401_OUT
recent2,KOSPI200,foreign,047810,한국항공우주,177398,161889,-15509,22492872900,20537180700,-1955692200,KRX MDCSTAT02401_OUT
recent2,KOSPI200,foreign,051900,LG생활건강,115913,107960,-7953,31447962750,29296842250,-2151120500,KRX MDCSTAT02401_OUT
recent2,KOSPI200,foreign,035250,강원랜드,238909,87429,-151480,3410999875,1248865345,-2162134530,KRX MDCSTAT02401_OUT
recent2,KOSPI200,foreign,005830,DB손해보험,287399,275931,-11468,53042189500,50855574750,-2186614750,KRX MDCSTAT02401_OUT
recent2,KOSPI200,foreign,001040,CJ,85219,67580,-17639,11399213600,9060694000,-2338519600,KRX MDCSTAT02401_OUT
recent2,KOSPI200,foreign,483650,달바글로벌,68616,55436,-13180,12795304100,10362399050,-2432905050,KRX MDCSTAT02401_OUT
recent2,KOSPI200,foreign,139480,이마트,91378,53977,-37401,6509880450,3853259900,-2656620550,KRX MDCSTAT02401_OUT
recent2,KOSPI200,foreign,003030,세아제강지주,48882,24797,-24085,5591301100,2868848550,-2722452550,KRX MDCSTAT02401_OUT
recent2,KOSPI200,foreign,271560,오리온,111507,84438,-27069,11949782950,9032138450,-2917644500,KRX MDCSTAT02401_OUT
recent2,KOSPI200,foreign,051910,LG화학,217012,204168,-12844,54843870000,51706249500,-3137620500,KRX MDCSTAT02401_OUT
recent2,KOSPI200,foreign,004370,농심,24997,17057,-7940,10084211140,6880421640,-3203789500,KRX MDCSTAT02401_OUT
recent2,KOSPI200,foreign,267270,HD건설기계,177436,149272,-28164,21702581850,18172480500,-3530101350,KRX MDCSTAT02401_OUT
recent2,KOSPI200,foreign,361610,SK아이이테크놀로지,331948,115636,-216312,5516014830,1964217320,-3551797510,KRX MDCSTAT02401_OUT
recent2,KOSPI200,foreign,017800,현대엘리베이터,97514,48585,-48929,7073062450,3519935300,-3553127150,KRX MDCSTAT02401_OUT
recent2,KOSPI200,foreign,035720,카카오,709918,603348,-106570,23833976300,20273702800,-3560273500,KRX MDCSTAT02401_OUT
recent2,KOSPI200,foreign,175330,JB금융지주,630151,505826,-124325,18222864975,14555954000,-3666910975,KRX MDCSTAT02401_OUT
recent2,KOSPI200,foreign,192820,코스맥스,85427,71452,-13975,23537856750,19692420750,-3845436000,KRX MDCSTAT02401_OUT
recent2,KOSPI200,foreign,028050,삼성E&A,1695015,1612248,-82767,80921548711,77073996986,-3847551725,KRX MDCSTAT02401_OUT
recent2,KOSPI200,foreign,267260,HD현대일렉트릭,407626,401888,-5738,273443697000,269474469500,-3969227500,KRX MDCSTAT02401_OUT
recent2,KOSPI200,foreign,015760,한국전력,527216,393844,-133372,15838011075,11852501300,-3985509775,KRX MDCSTAT02401_OUT
recent2,KOSPI200,foreign,001430,세아베스틸지주,152606,64024,-88582,6997242225,2927820175,-4069422050,KRX MDCSTAT02401_OUT
recent2,KOSPI200,foreign,011070,LG이노텍,227954,219980,-7974,129450700500,125369857000,-4080843500,KRX MDCSTAT02401_OUT
recent2,KOSPI200,foreign,051600,한전KPS,187774,93101,-94673,8270928850,4099031100,-4171897750,KRX MDCSTAT02401_OUT
recent2,KOSPI200,foreign,000810,삼성화재,67340,60238,-7102,42646916000,38113491000,-4533425000,KRX MDCSTAT02401_OUT
recent2,KOSPI200,foreign,298040,효성중공업,40462,38648,-1814,112260991000,107556764000,-4704227000,KRX MDCSTAT02401_OUT
recent2,KOSPI200,foreign,003490,대한항공,1194227,1035642,-158585,37678836000,32946379950,-4732456050,KRX MDCSTAT02401_OUT
recent2,KOSPI200,foreign,018880,한온시스템,11537109,10043265,-1493844,41378590196,35936143560,-5442446636,KRX MDCSTAT02401_OUT
recent2,KOSPI200,foreign,052690,한전기술,137118,93606,-43512,17170784900,11672580150,-5498204750,KRX MDCSTAT02401_OUT
recent2,KOSPI200,foreign,009540,HD한국조선해양,221461,203682,-17779,71896577844,66105445344,-5791132500,KRX MDCSTAT02401_OUT
recent2,KOSPI200,foreign,139130,iM금융지주,919727,580791,-338936,16806211530,10600113040,-6206098490,KRX MDCSTAT02401_OUT
recent2,KOSPI200,foreign,138040,메리츠금융지주,180356,127979,-52377,22952371550,16258654800,-6693716750,KRX MDCSTAT02401_OUT
recent2,KOSPI200,foreign,138930,BNK금융지주,1340937,908785,-432152,21238514235,14401924505,-6836589730,KRX MDCSTAT02401_OUT
recent2,KOSPI200,foreign,011790,SKC,284593,217649,-66944,28654325350,21763439800,-6890885550,KRX MDCSTAT02401_OUT
recent2,KOSPI200,foreign,032830,삼성생명,254311,229947,-24364,71759934000,64794879250,-6965054750,KRX MDCSTAT02401_OUT
recent2,KOSPI200,foreign,267250,HD현대,172955,134379,-38576,34624417800,27058343850,-7566073950,KRX MDCSTAT02401_OUT
recent2,KOSPI200,foreign,008770,호텔신라,317766,106758,-211008,12517001950,4179317225,-8337684725,KRX MDCSTAT02401_OUT
recent2,KOSPI200,foreign,000150,두산,43320,36960,-6360,59802038000,51022835500,-8779202500,KRX MDCSTAT02401_OUT
recent2,KOSPI200,foreign,088350,한화생명,3742363,2034426,-1707937,20223022345,10927995730,-9295026615,KRX MDCSTAT02401_OUT
recent2,KOSPI200,foreign,012450,한화에어로스페이스,96640,87323,-9317,98437774758,89097867258,-9339907500,KRX MDCSTAT02401_OUT
recent2,KOSPI200,foreign,042660,한화오션,533067,407786,-125281,41968983900,32173246850,-9795737050,KRX MDCSTAT02401_OUT
recent2,KOSPI200,foreign,062040,산일전기,174832,124246,-50586,36696894250,26109373500,-10587520750,KRX MDCSTAT02401_OUT
recent2,KOSPI200,foreign,024110,기업은행,1286357,733242,-553115,25974701650,14803425625,-11171276025,KRX MDCSTAT02401_OUT
recent2,KOSPI200,foreign,323410,카카오뱅크,977416,392840,-584576,19409753915,7802597795,-11607156120,KRX MDCSTAT02401_OUT
recent2,KOSPI200,foreign,036570,NC,164725,106985,-57740,36949577750,23677926250,-13271651500,KRX MDCSTAT02401_OUT
recent2,KOSPI200,foreign,033780,KT&G,304110,226756,-77354,53614438700,40035856650,-13578582050,KRX MDCSTAT02401_OUT
recent2,KOSPI200,foreign,006400,삼성SDI,182031,150400,-31631,93667118000,77417149500,-16249968500,KRX MDCSTAT02401_OUT
recent2,KOSPI200,foreign,006260,LS,113790,59137,-54653,34540473000,18050734000,-16489739000,KRX MDCSTAT02401_OUT
recent2,KOSPI200,foreign,047050,포스코인터내셔널,584166,258448,-325718,32703039000,14646900300,-18056138700,KRX MDCSTAT02401_OUT
recent2,KOSPI200,foreign,005490,POSCO홀딩스,184030,120720,-63310,56322840750,36958547250,-19364293500,KRX MDCSTAT02401_OUT
recent2,KOSPI200,foreign,014680,한솔케미칼,109536,31455,-78081,29398657000,8340402000,-21058255000,KRX MDCSTAT02401_OUT
recent2,KOSPI200,foreign,000270,기아,1162151,973365,-188786,131756738050,110352587600,-21404150450,KRX MDCSTAT02401_OUT
recent2,KOSPI200,foreign,001440,대한전선,1371915,650505,-721410,41039544150,19580371650,-21459172500,KRX MDCSTAT02401_OUT
recent2,KOSPI200,foreign,066570,LG전자,494841,380364,-114477,105127045000,81347957000,-23779088000,KRX MDCSTAT02401_OUT
recent2,KOSPI200,foreign,000990,DB하이텍,472937,265487,-207450,65389144700,36815111700,-28574033000,KRX MDCSTAT02401_OUT
recent2,KOSPI200,foreign,402340,SK스퀘어,420273,392754,-27519,476097348748,446146896748,-29950452000,KRX MDCSTAT02401_OUT
recent2,KOSPI200,foreign,034020,두산에너빌리티,1406957,1035604,-371353,115417014100,84834337200,-30582676900,KRX MDCSTAT02401_OUT
recent2,KOSPI200,foreign,035420,NAVER,461981,279186,-182795,88992667050,54025804350,-34966862700,KRX MDCSTAT02401_OUT
recent2,KOSPI200,foreign,009150,삼성전기,390261,360332,-29929,592360002597,552471119597,-39888883000,KRX MDCSTAT02401_OUT
recent2,KOSPI200,foreign,005380,현대차,404659,285844,-118815,140177259750,99125490250,-41051769500,KRX MDCSTAT02401_OUT
recent2,KOSPI200,foreign,012330,현대모비스,425239,314391,-110848,158885443250,117697886750,-41187556500,KRX MDCSTAT02401_OUT
recent2,KOSPI200,foreign,105560,KB금융,1527266,1211717,-315549,256697990500,203947957350,-52750033150,KRX MDCSTAT02401_OUT
recent2,KOSPI200,foreign,055550,신한지주,2145258,1621069,-524189,227097190904,171588717004,-55508473900,KRX MDCSTAT02401_OUT
recent2,KOSPI200,foreign,000660,SK하이닉스,2210245,1744693,-465552,3957258776121,3129113591121,-828145185000,KRX MDCSTAT02401_OUT
recent2,KOSPI200,foreign,005930,삼성전자,11855069,7899970,-3955099,3204294650765,2139860542515,-1064434108250,KRX MDCSTAT02401_OUT
recent2,KOSPI200,institution,009150,삼성전기,311572,365752,54180,473739015000,557049820000,83310805000,KRX MDCSTAT02401_OUT
recent2,KOSPI200,institution,042700,한미반도체,155157,357378,202221,40210095000,92792945250,52582850250,KRX MDCSTAT02401_OUT
recent2,KOSPI200,institution,066570,LG전자,183402,372344,188942,39061300000,78878438750,39817138750,KRX MDCSTAT02401_OUT
recent2,KOSPI200,institution,014680,한솔케미칼,23122,139819,116697,6184398750,37597264250,31412865500,KRX MDCSTAT02401_OUT
recent2,KOSPI200,institution,055550,신한지주,578689,864936,286247,61282363450,91587624350,30305260900,KRX MDCSTAT02401_OUT
recent2,KOSPI200,institution,012330,현대모비스,255075,324837,69762,96068805750,122344718000,26275912250,KRX MDCSTAT02401_OUT
recent2,KOSPI200,institution,062040,산일전기,62866,174180,111314,13184368750,36817606250,23633237500,KRX MDCSTAT02401_OUT
recent2,KOSPI200,institution,009830,한화솔루션,752919,1416757,663838,25596463175,48163221125,22566757950,KRX MDCSTAT02401_OUT
recent2,KOSPI200,institution,373220,LG에너지솔루션,130321,191799,61478,46406362250,68532513000,22126150750,KRX MDCSTAT02401_OUT
recent2,KOSPI200,institution,272210,한화시스템,293279,575652,282373,22326206600,44186690800,21860484200,KRX MDCSTAT02401_OUT
recent2,KOSPI200,institution,079550,LIG디펜스앤에어로스페이스,41614,68521,26907,29039236000,48509139500,19469903500,KRX MDCSTAT02401_OUT
recent2,KOSPI200,institution,036570,NC,78855,161200,82345,17801785250,37127116750,19325331500,KRX MDCSTAT02401_OUT
recent2,KOSPI200,institution,011790,SKC,79126,258109,178983,7825698350,26068780700,18243082350,KRX MDCSTAT02401_OUT
recent2,KOSPI200,institution,007660,이수페타시스,243109,353372,110263,28603708750,42047083350,13443374600,KRX MDCSTAT02401_OUT
recent2,KOSPI200,institution,112610,씨에스윈드,66441,308337,241896,3447595850,16357525100,12909929250,KRX MDCSTAT02401_OUT
recent2,KOSPI200,institution,402340,SK스퀘어,312901,323333,10432,353870356000,366452419500,12582063500,KRX MDCSTAT02401_OUT
recent2,KOSPI200,institution,018880,한온시스템,1734516,5172314,3437798,6224294627,18408871598,12184576971,KRX MDCSTAT02401_OUT
recent2,KOSPI200,institution,000990,DB하이텍,133481,200192,66711,18408459900,27803780700,9395320800,KRX MDCSTAT02401_OUT
recent2,KOSPI200,institution,012450,한화에어로스페이스,48150,56917,8767,49022593000,58125533500,9102940500,KRX MDCSTAT02401_OUT
recent2,KOSPI200,institution,082740,한화엔진,281524,464912,183388,13753358375,22757640850,9004282475,KRX MDCSTAT02401_OUT
recent2,KOSPI200,institution,003670,포스코퓨처엠,118092,167377,49285,21232898950,30202425150,8969526200,KRX MDCSTAT02401_OUT
recent2,KOSPI200,institution,003490,대한항공,1056144,1329173,273029,33331325500,41953601100,8622275600,KRX MDCSTAT02401_OUT
recent2,KOSPI200,institution,093370,후성,782182,1335162,552980,11910930480,20476027645,8565097165,KRX MDCSTAT02401_OUT
recent2,KOSPI200,institution,047050,포스코인터내셔널,170458,303392,132934,9563027250,17076886600,7513859350,KRX MDCSTAT02401_OUT
recent2,KOSPI200,institution,105560,KB금융,589415,634052,44637,99481416350,106712433200,7231016850,KRX MDCSTAT02401_OUT
recent2,KOSPI200,institution,016360,삼성증권,111140,188336,77196,9877881600,16790778750,6912897150,KRX MDCSTAT02401_OUT
recent2,KOSPI200,institution,192820,코스맥스,35665,58022,22357,9789635250,15953484500,6163849250,KRX MDCSTAT02401_OUT
recent2,KOSPI200,institution,139130,iM금융지주,153961,453041,299080,2811966180,8293721250,5481755070,KRX MDCSTAT02401_OUT
recent2,KOSPI200,institution,006400,삼성SDI,135388,145767,10379,69543331000,74991758500,5448427500,KRX MDCSTAT02401_OUT
recent2,KOSPI200,institution,011070,LG이노텍,96184,104771,8587,54514654000,59852457000,5337803000,KRX MDCSTAT02401_OUT
recent2,KOSPI200,institution,068270,셀트리온,176913,205019,28106,31879317200,37183604550,5304287350,KRX MDCSTAT02401_OUT
recent2,KOSPI200,institution,051910,LG화학,80425,98884,18459,20362905000,25071515250,4708610250,KRX MDCSTAT02401_OUT
recent2,KOSPI200,institution,001430,세아베스틸지주,49519,148230,98711,2263391450,6851539975,4588148525,KRX MDCSTAT02401_OUT
recent2,KOSPI200,institution,005940,NH투자증권,268627,410027,141400,7039921725,10754638100,3714716375,KRX MDCSTAT02401_OUT
recent2,KOSPI200,institution,0126Z0,삼성에피스홀딩스,8894,18683,9789,3197165000,6731849250,3534684250,KRX MDCSTAT02401_OUT
recent2,KOSPI200,institution,009540,HD한국조선해양,71069,80760,9691,23038265500,26232031750,3193766250,KRX MDCSTAT02401_OUT
recent2,KOSPI200,institution,010060,OCI홀딩스,58411,72488,14077,12981254000,16170453000,3189199000,KRX MDCSTAT02401_OUT
recent2,KOSPI200,institution,028670,팬오션,715679,1252018,536339,4153180825,7323426950,3170246125,KRX MDCSTAT02401_OUT
recent2,KOSPI200,institution,207940,삼성바이오로직스,33387,35374,1987,47104705500,49969479500,2864774000,KRX MDCSTAT02401_OUT
recent2,KOSPI200,institution,006800,미래에셋증권,294928,381567,86639,9200300675,11931886225,2731585550,KRX MDCSTAT02401_OUT
recent2,KOSPI200,institution,138040,메리츠금융지주,90268,111325,21057,11501019700,14183123350,2682103650,KRX MDCSTAT02401_OUT
recent2,KOSPI200,institution,004370,농심,8000,14425,6425,3228344250,5824454000,2596109750,KRX MDCSTAT02401_OUT
recent2,KOSPI200,institution,003030,세아제강지주,31129,53451,22322,3568998350,6114731700,2545733350,KRX MDCSTAT02401_OUT
recent2,KOSPI200,institution,066970,엘앤에프,165023,187350,22327,18485449600,20997684300,2512234700,KRX MDCSTAT02401_OUT
recent2,KOSPI200,institution,039490,키움증권,32459,41621,9162,8278695250,10728607750,2449912500,KRX MDCSTAT02401_OUT
recent2,KOSPI200,institution,001040,CJ,33233,49947,16714,4443407200,6672436800,2229029600,KRX MDCSTAT02401_OUT
recent2,KOSPI200,institution,030000,제일기획,415585,533723,118138,7737285830,9959708585,2222422755,KRX MDCSTAT02401_OUT
recent2,KOSPI200,institution,005850,에스엘,35001,76539,41538,1760305050,3956234700,2195929650,KRX MDCSTAT02401_OUT
recent2,KOSPI200,institution,034730,SK,66132,69712,3580,38765388000,40860487000,2095099000,KRX MDCSTAT02401_OUT
recent2,KOSPI200,institution,483650,달바글로벌,20121,30735,10614,3728726550,5727521900,1998795350,KRX MDCSTAT02401_OUT
recent2,KOSPI200,institution,011170,롯데케미칼,31221,62051,30830,1882785250,3756612450,1873827200,KRX MDCSTAT02401_OUT
recent2,KOSPI200,institution,457190,이수스페셜티케미컬,105766,126423,20657,8224626900,9894003050,1669376150,KRX MDCSTAT02401_OUT
recent2,KOSPI200,institution,316140,우리금융지주,1319114,1376044,56930,44968560675,46494198880,1525638205,KRX MDCSTAT02401_OUT
recent2,KOSPI200,institution,018260,삼성에스디에스,41468,47639,6171,9118713250,10492297750,1373584500,KRX MDCSTAT02401_OUT
recent2,KOSPI200,institution,047040,대우건설,1321693,1394834,73141,23474307020,24814394240,1340087220,KRX MDCSTAT02401_OUT
recent2,KOSPI200,institution,128940,한미약품,40496,42534,2038,20352087750,21650688500,1298600750,KRX MDCSTAT02401_OUT
recent2,KOSPI200,institution,008930,한미사이언스,50594,70950,20356,2666891250,3740262850,1073371600,KRX MDCSTAT02401_OUT
recent2,KOSPI200,institution,021240,코웨이,49796,60301,10505,4951688800,6002491250,1050802450,KRX MDCSTAT02401_OUT
recent2,KOSPI200,institution,009240,한샘,8226,29168,20942,320879900,1139842350,818962450,KRX MDCSTAT02401_OUT
recent2,KOSPI200,institution,006280,녹십자,8574,14709,6135,1075485100,1876068100,800583000,KRX MDCSTAT02401_OUT
recent2,KOSPI200,institution,097950,CJ제일제당,21179,25620,4441,3778347650,4571639750,793292100,KRX MDCSTAT02401_OUT
recent2,KOSPI200,institution,052690,한전기술,79762,84983,5221,9944872500,10616797950,671925450,KRX MDCSTAT02401_OUT
recent2,KOSPI200,institution,000240,한국앤컴퍼니,18104,44227,26123,452294925,1106467225,654172300,KRX MDCSTAT02401_OUT
recent2,KOSPI200,institution,454910,두산로보틱스,38157,45141,6984,2640640750,3150207700,509566950,KRX MDCSTAT02401_OUT
recent2,KOSPI200,institution,450080,에코프로머티,122661,136724,14063,4355921750,4863159000,507237250,KRX MDCSTAT02401_OUT
recent2,KOSPI200,institution,022100,포스코DX,77699,100786,23087,1564813795,2031878715,467064920,KRX MDCSTAT02401_OUT
recent2,KOSPI200,institution,073240,금호타이어,194494,257790,63296,1321567475,1758951540,437384065,KRX MDCSTAT02401_OUT
recent2,KOSPI200,institution,326030,SK바이오팜,34879,40524,5645,2618537600,3051073750,432536150,KRX MDCSTAT02401_OUT
recent2,KOSPI200,institution,009420,한올바이오파마,191769,195713,3944,8644125600,9069772650,425647050,KRX MDCSTAT02401_OUT
recent2,KOSPI200,institution,069620,대웅제약,10055,13985,3930,1082054100,1506928300,424874200,KRX MDCSTAT02401_OUT
recent2,KOSPI200,institution,361610,SK아이이테크놀로지,95542,111848,16306,1592183070,1885675840,293492770,KRX MDCSTAT02401_OUT
recent2,KOSPI200,institution,009970,영원무역홀딩스,4736,6203,1467,768312900,1007124500,238811600,KRX MDCSTAT02401_OUT
recent2,KOSPI200,institution,004990,롯데지주,36193,45976,9783,864441125,1101430875,236989750,KRX MDCSTAT02401_OUT
recent2,KOSPI200,institution,138930,BNK금융지주,314091,327046,12955,4963202205,5175346585,212144380,KRX MDCSTAT02401_OUT
recent2,KOSPI200,institution,300720,한일시멘트,29569,42534,12965,477238315,688130925,210892610,KRX MDCSTAT02401_OUT
recent2,KOSPI200,institution,081660,미스토홀딩스,37981,43445,5464,1424865000,1633431200,208566200,KRX MDCSTAT02401_OUT
recent2,KOSPI200,institution,001440,대한전선,278537,285138,6601,8360082275,8523855125,163772850,KRX MDCSTAT02401_OUT
recent2,KOSPI200,institution,298050,HS효성첨단소재,2827,3624,797,455413400,584648200,129234800,KRX MDCSTAT02401_OUT
recent2,KOSPI200,institution,005420,코스모화학,28561,40734,12173,296109040,423978215,127869175,KRX MDCSTAT02401_OUT
recent2,KOSPI200,institution,008730,율촌화학,11134,18805,7671,161903620,274929810,113026190,KRX MDCSTAT02401_OUT
recent2,KOSPI200,institution,002030,아세아,1032,1468,436,206393600,296609600,90216000,KRX MDCSTAT02401_OUT
recent2,KOSPI200,institution,003240,태광산업,1065,1138,73,964367000,1033065500,68698500,KRX MDCSTAT02401_OUT
recent2,KOSPI200,institution,007310,오뚜기,979,1060,81,308109250,333531500,25422250,KRX MDCSTAT02401_OUT
recent2,KOSPI200,institution,137310,에스디바이오센서,38493,42100,3607,237311655,260341315,23029660,KRX MDCSTAT02401_OUT
recent2,KOSPI200,institution,007700,F&F홀딩스,1010,1080,70,13473920,14418170,944250,KRX MDCSTAT02401_OUT
recent2,KOSPI200,institution,002840,미원상사,2080,2038,-42,281085900,276557900,-4528000,KRX MDCSTAT02401_OUT
recent2,KOSPI200,institution,003090,대웅,50093,49398,-695,769414455,760992700,-8421755,KRX MDCSTAT02401_OUT
recent2,KOSPI200,institution,069260,TKG휴켐스,28893,28299,-594,457793905,447673160,-10120745,KRX MDCSTAT02401_OUT
recent2,KOSPI200,institution,268280,미원에스씨,678,563,-115,87035050,72214100,-14820950,KRX MDCSTAT02401_OUT
recent2,KOSPI200,institution,014820,동원시스템즈,15408,12784,-2624,323543650,269112550,-54431100,KRX MDCSTAT02401_OUT
recent2,KOSPI200,institution,001800,오리온홀딩스,40067,36981,-3086,932721850,862311425,-70410425,KRX MDCSTAT02401_OUT
recent2,KOSPI200,institution,002790,아모레퍼시픽홀딩스,32768,29093,-3675,845105400,752115600,-92989800,KRX MDCSTAT02401_OUT
recent2,KOSPI200,institution,001680,대상,27871,22553,-5318,498635510,404258545,-94376965,KRX MDCSTAT02401_OUT
recent2,KOSPI200,institution,005300,롯데칠성,4522,3119,-1403,429319600,295945400,-133374200,KRX MDCSTAT02401_OUT
recent2,KOSPI200,institution,047810,한국항공우주,85479,84259,-1220,10849280900,10714370500,-134910400,KRX MDCSTAT02401_OUT
recent2,KOSPI200,institution,280360,롯데웰푸드,7838,6601,-1237,957197750,807679650,-149518100,KRX MDCSTAT02401_OUT
recent2,KOSPI200,institution,007340,DN오토모티브,74524,71157,-3367,3663925675,3510034750,-153890925,KRX MDCSTAT02401_OUT
recent2,KOSPI200,institution,000670,영풍,16295,11581,-4714,668468425,479067225,-189401200,KRX MDCSTAT02401_OUT
recent2,KOSPI200,institution,034230,파라다이스,107839,86519,-21320,1010698750,812226940,-198471810,KRX MDCSTAT02401_OUT
recent2,KOSPI200,institution,006040,동원산업,11483,5091,-6392,406287425,180168700,-226118725,KRX MDCSTAT02401_OUT
recent2,KOSPI200,institution,071320,지역난방공사,7726,4659,-3067,606038350,366276700,-239761650,KRX MDCSTAT02401_OUT
recent2,KOSPI200,institution,352820,하이브,86521,84857,-1664,13555839150,13300877050,-254962100,KRX MDCSTAT02401_OUT
recent2,KOSPI200,institution,000080,하이트진로,49366,31798,-17568,731444805,471008490,-260436315,KRX MDCSTAT02401_OUT
recent2,KOSPI200,institution,035250,강원랜드,115982,97516,-18466,1655631910,1391950670,-263681240,KRX MDCSTAT02401_OUT
recent2,KOSPI200,institution,185750,종근당,8469,4335,-4134,545969350,279541700,-266427650,KRX MDCSTAT02401_OUT
recent2,KOSPI200,institution,011210,현대위아,23340,18096,-5244,1225844000,952784750,-273059250,KRX MDCSTAT02401_OUT
recent2,KOSPI200,institution,103140,풍산,34085,30180,-3905,2655004700,2356716150,-298288550,KRX MDCSTAT02401_OUT
recent2,KOSPI200,institution,026960,동서,32791,21055,-11736,838237450,539202175,-299035275,KRX MDCSTAT02401_OUT
recent2,KOSPI200,institution,006650,대한유화,7631,3457,-4174,674572750,306542050,-368030700,KRX MDCSTAT02401_OUT
recent2,KOSPI200,institution,004000,롯데정밀화학,24317,15409,-8908,1046351650,663711425,-382640225,KRX MDCSTAT02401_OUT
recent2,KOSPI200,institution,192080,더블유게임즈,19201,12363,-6838,1115927800,718760300,-397167500,KRX MDCSTAT02401_OUT
recent2,KOSPI200,institution,302440,SK바이오사이언스,37844,25999,-11845,1377023425,946340625,-430682800,KRX MDCSTAT02401_OUT
recent2,KOSPI200,institution,285130,SK케미칼,20338,9981,-10357,1042237150,511198850,-531038300,KRX MDCSTAT02401_OUT
recent2,KOSPI200,institution,051900,LG생활건강,29190,27087,-2103,7911908500,7361937250,-549971250,KRX MDCSTAT02401_OUT
recent2,KOSPI200,institution,377300,카카오페이,53087,38335,-14752,2114644600,1529958200,-584686400,KRX MDCSTAT02401_OUT
recent2,KOSPI200,institution,017960,한국카본,70342,40673,-29669,1419377815,821152995,-598224820,KRX MDCSTAT02401_OUT
recent2,KOSPI200,institution,012750,에스원,31941,24495,-7446,2646462400,2030340050,-616122350,KRX MDCSTAT02401_OUT
recent2,KOSPI200,institution,000880,한화,27438,22579,-4859,3453491200,2829072550,-624418650,KRX MDCSTAT02401_OUT
recent2,KOSPI200,institution,033780,KT&G,88267,84467,-3800,15546282650,14884438750,-661843900,KRX MDCSTAT02401_OUT
recent2,KOSPI200,institution,180640,한진칼,35340,30409,-4931,4729168950,4066032850,-663136100,KRX MDCSTAT02401_OUT
recent2,KOSPI200,institution,069960,현대백화점,16899,8771,-8128,1500346500,780114400,-720232100,KRX MDCSTAT02401_OUT
recent2,KOSPI200,institution,000210,DL,35674,20848,-14826,1769215925,1042604925,-726611000,KRX MDCSTAT02401_OUT
recent2,KOSPI200,institution,032640,LG유플러스,335462,285170,-50292,4879976375,4141132105,-738844270,KRX MDCSTAT02401_OUT
recent2,KOSPI200,institution,282330,BGF리테일,18009,12200,-5809,2320105450,1574908900,-745196550,KRX MDCSTAT02401_OUT
recent2,KOSPI200,institution,000120,CJ대한통운,18148,6963,-11185,1266822600,486693100,-780129500,KRX MDCSTAT02401_OUT
recent2,KOSPI200,institution,010950,S-Oil,164476,157149,-7327,25406808600,24612716200,-794092400,KRX MDCSTAT02401_OUT
recent2,KOSPI200,institution,029780,삼성카드,53609,34542,-19067,2249195275,1454592250,-794603025,KRX MDCSTAT02401_OUT
recent2,KOSPI200,institution,251270,넷마블,78898,54332,-24566,2749581100,1896024525,-853556575,KRX MDCSTAT02401_OUT
recent2,KOSPI200,institution,071970,HD현대마린엔진,63795,45375,-18420,3105371750,2216364150,-889007600,KRX MDCSTAT02401_OUT
recent2,KOSPI200,institution,111770,영원무역,33388,19941,-13447,2301576750,1378155500,-923421250,KRX MDCSTAT02401_OUT
recent2,KOSPI200,institution,175330,JB금융지주,394950,355440,-39510,11344518550,10255391575,-1089126975,KRX MDCSTAT02401_OUT
recent2,KOSPI200,institution,024110,기업은행,455371,399107,-56264,9187547025,8065648350,-1121898675,KRX MDCSTAT02401_OUT
recent2,KOSPI200,institution,002380,KCC,6965,4413,-2552,3279858500,2079976000,-1199882500,KRX MDCSTAT02401_OUT
recent2,KOSPI200,institution,139480,이마트,42686,24644,-18042,3042803800,1759495800,-1283308000,KRX MDCSTAT02401_OUT
recent2,KOSPI200,institution,036460,한국가스공사,78192,39943,-38249,2728917250,1395641250,-1333276000,KRX MDCSTAT02401_OUT
recent2,KOSPI200,institution,003550,LG,79964,68000,-11964,8844779050,7508708250,-1336070800,KRX MDCSTAT02401_OUT
recent2,KOSPI200,institution,000100,유한양행,117614,97973,-19641,8642874650,7214090200,-1428784450,KRX MDCSTAT02401_OUT
recent2,KOSPI200,institution,017800,현대엘리베이터,54801,34554,-20247,3965608350,2513347050,-1452261300,KRX MDCSTAT02401_OUT
recent2,KOSPI200,institution,034220,LG디스플레이,446268,270378,-175890,3741494805,2279215705,-1462279100,KRX MDCSTAT02401_OUT
recent2,KOSPI200,institution,007070,GS리테일,83873,17480,-66393,1867538050,391071175,-1476466875,KRX MDCSTAT02401_OUT
recent2,KOSPI200,institution,011780,금호석유화학,27252,14379,-12873,3135861450,1656550200,-1479311250,KRX MDCSTAT02401_OUT
recent2,KOSPI200,institution,000810,삼성화재,31695,29261,-2434,19980169500,18477456000,-1502713500,KRX MDCSTAT02401_OUT
recent2,KOSPI200,institution,204320,HL만도,72404,38757,-33647,3336341800,1788800925,-1547540875,KRX MDCSTAT02401_OUT
recent2,KOSPI200,institution,005830,DB손해보험,96317,86358,-9959,17673059650,15903217600,-1769842050,KRX MDCSTAT02401_OUT
recent2,KOSPI200,institution,161890,한국콜마,85246,72589,-12657,12593980750,10715876750,-1878104000,KRX MDCSTAT02401_OUT
recent2,KOSPI200,institution,088350,한화생명,1075080,705660,-369420,5821000825,3790012975,-2030987850,KRX MDCSTAT02401_OUT
recent2,KOSPI200,institution,001450,현대해상,190979,144406,-46573,9154764675,6937973150,-2216791525,KRX MDCSTAT02401_OUT
recent2,KOSPI200,institution,051600,한전KPS,125404,74451,-50953,5512174950,3280882050,-2231292900,KRX MDCSTAT02401_OUT
recent2,KOSPI200,institution,323410,카카오뱅크,407785,274310,-133475,8105544270,5446102230,-2659442040,KRX MDCSTAT02401_OUT
recent2,KOSPI200,institution,035720,카카오,347860,265935,-81925,11679538050,8940124325,-2739413725,KRX MDCSTAT02401_OUT
recent2,KOSPI200,institution,090430,아모레퍼시픽,163327,142756,-20571,22520694000,19731175750,-2789518250,KRX MDCSTAT02401_OUT
recent2,KOSPI200,institution,271560,오리온,47090,18821,-28269,5036939150,2012676750,-3024262400,KRX MDCSTAT02401_OUT
recent2,KOSPI200,institution,064400,LG씨엔에스,111922,67858,-44064,7780582550,4722038000,-3058544550,KRX MDCSTAT02401_OUT
recent2,KOSPI200,institution,298020,효성티앤씨,20669,8987,-11682,5732957000,2479767750,-3253189250,KRX MDCSTAT02401_OUT
recent2,KOSPI200,institution,241560,두산밥캣,109110,42101,-67009,5953429300,2299915050,-3653514250,KRX MDCSTAT02401_OUT
recent2,KOSPI200,institution,028260,삼성물산,161307,150187,-11120,55378515250,51689147500,-3689367750,KRX MDCSTAT02401_OUT
recent2,KOSPI200,institution,375500,DL이앤씨,145399,96871,-48528,11174782200,7482761500,-3692020700,KRX MDCSTAT02401_OUT
recent2,KOSPI200,institution,023530,롯데쇼핑,67458,28550,-38908,6761375300,2876100100,-3885275200,KRX MDCSTAT02401_OUT
recent2,KOSPI200,institution,008770,호텔신라,163981,57826,-106155,6436771300,2266131800,-4170639500,KRX MDCSTAT02401_OUT
recent2,KOSPI200,institution,015760,한국전력,589696,435859,-153837,17761909775,13130128125,-4631781650,KRX MDCSTAT02401_OUT
recent2,KOSPI200,institution,443060,HD현대마린솔루션,46327,25652,-20675,10918308750,6062835500,-4855473250,KRX MDCSTAT02401_OUT
recent2,KOSPI200,institution,120110,코오롱인더,122126,29278,-92848,6711920350,1615008700,-5096911650,KRX MDCSTAT02401_OUT
recent2,KOSPI200,institution,267250,HD현대,88536,62910,-25626,17752416400,12616179700,-5136236700,KRX MDCSTAT02401_OUT
recent2,KOSPI200,institution,278470,에이피알,83678,69056,-14622,30497442000,25236321750,-5261120250,KRX MDCSTAT02401_OUT
recent2,KOSPI200,institution,011200,HMM,503743,248444,-255299,10539535900,5226923300,-5312612600,KRX MDCSTAT02401_OUT
recent2,KOSPI200,institution,307950,현대오토에버,24500,10183,-14317,9141786250,3810256000,-5331530250,KRX MDCSTAT02401_OUT
recent2,KOSPI200,institution,003230,삼양식품,21197,16739,-4458,25818268000,20431989500,-5386278500,KRX MDCSTAT02401_OUT
recent2,KOSPI200,institution,005490,POSCO홀딩스,112717,94811,-17906,34508346250,29049705250,-5458641000,KRX MDCSTAT02401_OUT
recent2,KOSPI200,institution,004020,현대제철,380296,149447,-230849,11465034550,4522922875,-6942111675,KRX MDCSTAT02401_OUT
recent2,KOSPI200,institution,086280,현대글로비스,91116,55949,-35167,18009783100,11067224100,-6942559000,KRX MDCSTAT02401_OUT
recent2,KOSPI200,institution,028050,삼성E&A,403269,254787,-148482,19190616725,12137530850,-7053085875,KRX MDCSTAT02401_OUT
recent2,KOSPI200,institution,034020,두산에너빌리티,994581,906050,-88531,81477630550,74247159850,-7230470700,KRX MDCSTAT02401_OUT
recent2,KOSPI200,institution,259960,크래프톤,80193,43003,-37190,15826829500,8509499400,-7317330100,KRX MDCSTAT02401_OUT
recent2,KOSPI200,institution,161390,한국타이어앤테크놀로지,226651,93121,-133530,13304624850,5475651250,-7828973600,KRX MDCSTAT02401_OUT
recent2,KOSPI200,institution,004170,신세계,36019,10357,-25662,12002437500,3447699500,-8554738000,KRX MDCSTAT02401_OUT
recent2,KOSPI200,institution,298040,효성중공업,15351,12039,-3312,42715962500,33547940000,-9168022500,KRX MDCSTAT02401_OUT
recent2,KOSPI200,institution,010140,삼성중공업,1428060,948821,-479239,28177736205,18748946000,-9428790205,KRX MDCSTAT02401_OUT
recent2,KOSPI200,institution,030200,KT,299249,111207,-188042,15547932000,5781536800,-9766395200,KRX MDCSTAT02401_OUT
recent2,KOSPI200,institution,010130,고려아연,15562,5875,-9687,16560826500,6264423500,-10296403000,KRX MDCSTAT02401_OUT
recent2,KOSPI200,institution,071050,한국금융지주,132255,71189,-61066,23519906550,12673589600,-10846316950,KRX MDCSTAT02401_OUT
recent2,KOSPI200,institution,000270,기아,402442,298998,-103444,45697868500,33957363200,-11740505300,KRX MDCSTAT02401_OUT
recent2,KOSPI200,institution,064350,현대로템,264894,156681,-108213,29897826350,17686314550,-12211511800,KRX MDCSTAT02401_OUT
recent2,KOSPI200,institution,010120,LS ELECTRIC,177226,117022,-60204,36078382300,23857067550,-12221314750,KRX MDCSTAT02401_OUT
recent2,KOSPI200,institution,032830,삼성생명,141118,96959,-44159,39821223500,27330071250,-12491152250,KRX MDCSTAT02401_OUT
recent2,KOSPI200,institution,005380,현대차,244689,207221,-37468,84827762000,71891473000,-12936289000,KRX MDCSTAT02401_OUT
recent2,KOSPI200,institution,000720,현대건설,289361,158096,-131265,33901960950,18552753850,-15349207100,KRX MDCSTAT02401_OUT
recent2,KOSPI200,institution,017670,SK텔레콤,378571,196026,-182545,32495264650,16831399400,-15663865250,KRX MDCSTAT02401_OUT
recent2,KOSPI200,institution,042660,한화오션,388725,187105,-201620,30531588750,14739701500,-15791887250,KRX MDCSTAT02401_OUT
recent2,KOSPI200,institution,000150,두산,37632,25900,-11732,51948851500,35812418000,-16136433500,KRX MDCSTAT02401_OUT
recent2,KOSPI200,institution,078930,GS,331086,161188,-169898,34444537950,16756501100,-17688036850,KRX MDCSTAT02401_OUT
recent2,KOSPI200,institution,329180,HD현대중공업,136604,93199,-43405,59144375750,40367094000,-18777281750,KRX MDCSTAT02401_OUT
recent2,KOSPI200,institution,006260,LS,114438,34987,-79451,34236978250,10632519500,-23604458750,KRX MDCSTAT02401_OUT
recent2,KOSPI200,institution,267260,HD현대일렉트릭,96435,58725,-37710,64255688500,39380963000,-24874725500,KRX MDCSTAT02401_OUT
recent2,KOSPI200,institution,267270,HD건설기계,275329,58792,-216537,33220847400,7199354000,-26021493400,KRX MDCSTAT02401_OUT
recent2,KOSPI200,institution,086790,하나금융지주,644759,399221,-245538,83776969050,51896282600,-31880686450,KRX MDCSTAT02401_OUT
recent2,KOSPI200,institution,096770,SK이노베이션,680699,339019,-341680,96981621400,49301331650,-47680289750,KRX MDCSTAT02401_OUT
recent2,KOSPI200,institution,035420,NAVER,440318,157381,-282937,84741603250,30362287250,-54379316000,KRX MDCSTAT02401_OUT
recent2,KOSPI200,institution,000660,SK하이닉스,1753512,1642275,-111237,3146214063500,2951697420500,-194516643000,KRX MDCSTAT02401_OUT
recent2,KOSPI200,institution,005930,삼성전자,13086959,11723904,-1363055,3544231755750,3177899209500,-366332546250,KRX MDCSTAT02401_OUT
recent2,KOSDAQ150,foreign,080220,제주반도체,777659,1186531,408872,63899933550,97530100800,33630167250,KRX MDCSTAT02401_OUT
recent2,KOSDAQ150,foreign,098460,고영,662257,1504620,842363,21377410525,49132261850,27754851325,KRX MDCSTAT02401_OUT
recent2,KOSDAQ150,foreign,086520,에코프로,212542,544719,332177,17349624950,44727080550,27377455600,KRX MDCSTAT02401_OUT
recent2,KOSDAQ150,foreign,036540,SFA반도체,3535090,5506600,1971510,39342326000,60888468695,21546142695,KRX MDCSTAT02401_OUT
recent2,KOSDAQ150,foreign,214450,파마리서치,38627,107864,69237,12013942750,33498546750,21484604000,KRX MDCSTAT02401_OUT
recent2,KOSDAQ150,foreign,036930,주성엔지니어링,608913,698352,89439,141960677500,163231236000,21270558500,KRX MDCSTAT02401_OUT
recent2,KOSDAQ150,foreign,089030,테크윙,369518,716732,347214,19873462050,38931085850,19057623800,KRX MDCSTAT02401_OUT
recent2,KOSDAQ150,foreign,403870,HPSP,1741554,1994400,252846,113578374500,130110960350,16532585850,KRX MDCSTAT02401_OUT
recent2,KOSDAQ150,foreign,196170,알테오젠,134979,191368,56389,35044508250,49554167250,14509659000,KRX MDCSTAT02401_OUT
recent2,KOSDAQ150,foreign,108490,로보티즈,87718,122372,34654,25172453250,35166128250,9993675000,KRX MDCSTAT02401_OUT
recent2,KOSDAQ150,foreign,247540,에코프로비엠,280593,362945,82352,30862891150,40025932450,9163041300,KRX MDCSTAT02401_OUT
recent2,KOSDAQ150,foreign,277810,레인보우로보틱스,22874,43957,21083,9680399250,18827379500,9146980250,KRX MDCSTAT02401_OUT
recent2,KOSDAQ150,foreign,031980,피에스케이홀딩스,57846,105607,47761,10507859900,19504114900,8996255000,KRX MDCSTAT02401_OUT
recent2,KOSDAQ150,foreign,087010,펩트론,62548,125428,62880,8536682950,17110316250,8573633300,KRX MDCSTAT02401_OUT
recent2,KOSDAQ150,foreign,161580,필옵틱스,194020,353401,159381,7658846950,13889160250,6230313300,KRX MDCSTAT02401_OUT
recent2,KOSDAQ150,foreign,096530,씨젠,355347,529758,174411,12608035900,18832378025,6224342125,KRX MDCSTAT02401_OUT
recent2,KOSDAQ150,foreign,058610,에스피지,27732,79257,51525,2712869250,7789174600,5076305350,KRX MDCSTAT02401_OUT
recent2,KOSDAQ150,foreign,095340,ISC,139657,163534,23877,30226369500,35212064250,4985694750,KRX MDCSTAT02401_OUT
recent2,KOSDAQ150,foreign,310210,보로노이,68990,103247,34257,9662211000,14498970150,4836759150,KRX MDCSTAT02401_OUT
recent2,KOSDAQ150,foreign,475830,오름테라퓨틱,153181,338166,184985,3491653625,7708583900,4216930275,KRX MDCSTAT02401_OUT
recent2,KOSDAQ150,foreign,323280,태성,314824,382763,67939,18159784100,22309153350,4149369250,KRX MDCSTAT02401_OUT
recent2,KOSDAQ150,foreign,237690,에스티팜,37078,77054,39976,3467210400,7217150150,3749939750,KRX MDCSTAT02401_OUT
recent2,KOSDAQ150,foreign,067310,하나마이크론,1090332,1146403,56071,52897973925,56414216750,3516242825,KRX MDCSTAT02401_OUT
recent2,KOSDAQ150,foreign,399720,가온칩스,34637,108789,74152,1616127650,5110458650,3494331000,KRX MDCSTAT02401_OUT
recent2,KOSDAQ150,foreign,466100,클로봇,43341,172926,129585,975403850,3937877775,2962473925,KRX MDCSTAT02401_OUT
recent2,KOSDAQ150,foreign,253590,네오셈,567860,768155,200295,7896404300,10781829630,2885425330,KRX MDCSTAT02401_OUT
recent2,KOSDAQ150,foreign,263750,펄어비스,204174,286843,82669,6788022375,9534862700,2746840325,KRX MDCSTAT02401_OUT
recent2,KOSDAQ150,foreign,090710,휴림로봇,269563,702175,432612,1651392500,4337846615,2686454115,KRX MDCSTAT02401_OUT
recent2,KOSDAQ150,foreign,347850,디앤디파마텍,260517,320896,60379,11364868975,13892181050,2527312075,KRX MDCSTAT02401_OUT
recent2,KOSDAQ150,foreign,068760,셀트리온제약,26529,91429,64900,1018654875,3544191600,2525536725,KRX MDCSTAT02401_OUT
recent2,KOSDAQ150,foreign,056080,유진로봇,142795,337109,194314,1685218335,4007035710,2321817375,KRX MDCSTAT02401_OUT
recent2,KOSDAQ150,foreign,0009K0,에임드바이오,65798,159100,93302,1553481150,3722654550,2169173400,KRX MDCSTAT02401_OUT
recent2,KOSDAQ150,foreign,293490,카카오게임즈,224081,444342,220261,2134255620,4300052055,2165796435,KRX MDCSTAT02401_OUT
recent2,KOSDAQ150,foreign,007390,네이처셀,70330,157091,86761,1722319050,3869233925,2146914875,KRX MDCSTAT02401_OUT
recent2,KOSDAQ150,foreign,050890,쏠리드,500931,711453,210522,4854580550,6918585350,2064004800,KRX MDCSTAT02401_OUT
recent2,KOSDAQ150,foreign,100790,미래에셋벤처투자,187755,298813,111058,3252479470,5226010230,1973530760,KRX MDCSTAT02401_OUT
recent2,KOSDAQ150,foreign,090360,로보스타,27453,52670,25217,2088443950,4042152400,1953708450,KRX MDCSTAT02401_OUT
recent2,KOSDAQ150,foreign,053800,안랩,54555,79495,24940,4202837450,6102867900,1900030450,KRX MDCSTAT02401_OUT
recent2,KOSDAQ150,foreign,025980,아난티,491335,863240,371905,2396727227,4209181419,1812454192,KRX MDCSTAT02401_OUT
recent2,KOSDAQ150,foreign,065350,신성델타테크,37918,95001,57083,1181700750,2986512000,1804811250,KRX MDCSTAT02401_OUT
recent2,KOSDAQ150,foreign,420770,기가비스,26654,40748,14094,3449925150,5248805900,1798880750,KRX MDCSTAT02401_OUT
recent2,KOSDAQ150,foreign,232140,와이씨,1910050,2010360,100310,29041341820,30659181160,1617839340,KRX MDCSTAT02401_OUT
recent2,KOSDAQ150,foreign,048410,현대바이오,522552,741466,218914,3624757245,5164562120,1539804875,KRX MDCSTAT02401_OUT
recent2,KOSDAQ150,foreign,358570,지아이이노베이션,237671,396967,159296,2090183640,3506537160,1416353520,KRX MDCSTAT02401_OUT
recent2,KOSDAQ150,foreign,124500,아이티센글로벌,48817,98083,49266,1404504600,2818969125,1414464525,KRX MDCSTAT02401_OUT
recent2,KOSDAQ150,foreign,033100,제룡전기,29572,58139,28567,1415000800,2787131025,1372130225,KRX MDCSTAT02401_OUT
recent2,KOSDAQ150,foreign,060370,LS마린솔루션,70159,112772,42613,2259154125,3612049750,1352895625,KRX MDCSTAT02401_OUT
recent2,KOSDAQ150,foreign,240810,원익IPS,761101,769714,8613,103414605650,104716502650,1301897000,KRX MDCSTAT02401_OUT
recent2,KOSDAQ150,foreign,042000,카페24,225501,288906,63405,4473999600,5734386650,1260387050,KRX MDCSTAT02401_OUT
recent2,KOSDAQ150,foreign,041190,우리기술투자,314011,522044,208033,1820381575,3032961260,1212579685,KRX MDCSTAT02401_OUT
recent2,KOSDAQ150,foreign,005290,동진쎄미켐,553297,575914,22617,27732418675,28928601225,1196182550,KRX MDCSTAT02401_OUT
recent2,KOSDAQ150,foreign,171090,선익시스템,14212,30823,16611,1008098850,2200999050,1192900200,KRX MDCSTAT02401_OUT
recent2,KOSDAQ150,foreign,348370,엔켐,57961,108265,50304,1209052975,2254969725,1045916750,KRX MDCSTAT02401_OUT
recent2,KOSDAQ150,foreign,025320,시노펙스,203316,463297,259981,779653465,1788255214,1008601749,KRX MDCSTAT02401_OUT
recent2,KOSDAQ150,foreign,082270,젬백스,73808,167560,93752,795969990,1785339510,989369520,KRX MDCSTAT02401_OUT
recent2,KOSDAQ150,foreign,125490,한라캐스트,261876,345092,83216,3118703260,4090732455,972029195,KRX MDCSTAT02401_OUT
recent2,KOSDAQ150,foreign,437730,삼현,104135,123959,19824,5158767500,6112369950,953602450,KRX MDCSTAT02401_OUT
recent2,KOSDAQ150,foreign,298380,에이비엘바이오,316119,334844,18725,15971129800,16886240550,915110750,KRX MDCSTAT02401_OUT
recent2,KOSDAQ150,foreign,388720,유일로보틱스,9407,22566,13159,636592250,1531131800,894539550,KRX MDCSTAT02401_OUT
recent2,KOSDAQ150,foreign,140860,파크시스템스,49463,52375,2912,14229044500,15102802250,873757750,KRX MDCSTAT02401_OUT
recent2,KOSDAQ150,foreign,036810,에프에스티,114398,134457,20059,3759913750,4475117550,715203800,KRX MDCSTAT02401_OUT
recent2,KOSDAQ150,foreign,137400,피엔티,91492,114365,22873,2753444800,3449762350,696317550,KRX MDCSTAT02401_OUT
recent2,KOSDAQ150,foreign,043260,성호전자,1845641,1866359,20718,49034043200,49729445700,695402500,KRX MDCSTAT02401_OUT
recent2,KOSDAQ150,foreign,052400,코나아이,24702,42233,17531,936960775,1603034975,666074200,KRX MDCSTAT02401_OUT
recent2,KOSDAQ150,foreign,204270,제이앤티씨,371152,399963,28811,8144625525,8728817475,584191950,KRX MDCSTAT02401_OUT
recent2,KOSDAQ150,foreign,295310,에이치브이엠,71456,80252,8796,4397586400,4971419200,573832800,KRX MDCSTAT02401_OUT
recent2,KOSDAQ150,foreign,009520,포스코엠텍,45630,85400,39770,573033335,1073683220,500649885,KRX MDCSTAT02401_OUT
recent2,KOSDAQ150,foreign,278280,천보,13852,27112,13260,500311950,979187025,478875075,KRX MDCSTAT02401_OUT
recent2,KOSDAQ150,foreign,131290,티에스이,48924,50668,1744,14367992250,14817599500,449607250,KRX MDCSTAT02401_OUT
recent2,KOSDAQ150,foreign,038500,삼표시멘트,109526,176689,67163,720571890,1163256255,442684365,KRX MDCSTAT02401_OUT
recent2,KOSDAQ150,foreign,222800,심텍,304082,304535,453,46236402950,46624835050,388432100,KRX MDCSTAT02401_OUT
recent2,KOSDAQ150,foreign,272290,이녹스첨단소재,43947,59419,15472,955078400,1295586400,340508000,KRX MDCSTAT02401_OUT
recent2,KOSDAQ150,foreign,078600,대주전자재료,99199,103206,4007,9367564350,9697364450,329800100,KRX MDCSTAT02401_OUT
recent2,KOSDAQ150,foreign,214430,아이쓰리시스템,25822,30545,4723,1944125900,2258110100,313984200,KRX MDCSTAT02401_OUT
recent2,KOSDAQ150,foreign,032500,케이엠더블유,64145,80593,16448,1214905810,1521992225,307086415,KRX MDCSTAT02401_OUT
recent2,KOSDAQ150,foreign,060250,NHN KCP,105056,127787,22731,1420130330,1718689700,298559370,KRX MDCSTAT02401_OUT
recent2,KOSDAQ150,foreign,060280,큐렉소,95737,130974,35237,795928600,1092944660,297016060,KRX MDCSTAT02401_OUT
recent2,KOSDAQ150,foreign,033500,동성화인텍,63045,81200,18155,1001423285,1289355905,287932620,KRX MDCSTAT02401_OUT
recent2,KOSDAQ150,foreign,112040,위메이드,113193,129357,16164,1709069260,1990503075,281433815,KRX MDCSTAT02401_OUT
recent2,KOSDAQ150,foreign,032190,다우데이타,25169,39305,14136,480640010,750476115,269836105,KRX MDCSTAT02401_OUT
recent2,KOSDAQ150,foreign,215200,메가스터디교육,37222,43966,6744,1374390000,1621883650,247493650,KRX MDCSTAT02401_OUT
recent2,KOSDAQ150,foreign,101730,위메이드맥스,96102,143562,47460,446030940,669803170,223772230,KRX MDCSTAT02401_OUT
recent2,KOSDAQ150,foreign,025900,동화기업,16757,42073,25316,118836035,298365190,179529155,KRX MDCSTAT02401_OUT
recent2,KOSDAQ150,foreign,030530,원익홀딩스,425001,428818,3817,11459540775,11581863325,122322550,KRX MDCSTAT02401_OUT
recent2,KOSDAQ150,foreign,015750,성우하이텍,88860,106235,17375,514500690,616933330,102432640,KRX MDCSTAT02401_OUT
recent2,KOSDAQ150,foreign,189300,인텔리안테크,23919,25369,1450,1606322550,1700741350,94418800,KRX MDCSTAT02401_OUT
recent2,KOSDAQ150,foreign,213420,덕산네오룩스,69245,72036,2791,2055427075,2137529400,82102325,KRX MDCSTAT02401_OUT
recent2,KOSDAQ150,foreign,214150,클래시스,141218,140780,-438,4350624650,4338581175,-12043475,KRX MDCSTAT02401_OUT
recent2,KOSDAQ150,foreign,241710,코스메카코리아,185844,186038,194,21504167300,21489295450,-14871850,KRX MDCSTAT02401_OUT
recent2,KOSDAQ150,foreign,036830,솔브레인홀딩스,42568,41893,-675,1837037050,1801218450,-35818600,KRX MDCSTAT02401_OUT
recent2,KOSDAQ150,foreign,003380,하림지주,143583,139412,-4171,1555205585,1515766315,-39439270,KRX MDCSTAT02401_OUT
recent2,KOSDAQ150,foreign,018290,브이티,159208,154613,-4595,1970794895,1916455900,-54338995,KRX MDCSTAT02401_OUT
recent2,KOSDAQ150,foreign,352480,씨앤씨인터내셔널,8933,6292,-2641,187150600,131629350,-55521250,KRX MDCSTAT02401_OUT
recent2,KOSDAQ150,foreign,006730,서부T&D,179466,173463,-6003,1934131180,1868481595,-65649585,KRX MDCSTAT02401_OUT
recent2,KOSDAQ150,foreign,376300,디어유,102297,95806,-6491,1883071290,1772798625,-110272665,KRX MDCSTAT02401_OUT
recent2,KOSDAQ150,foreign,030520,한컴,60999,52126,-8873,1054431190,902044965,-152386225,KRX MDCSTAT02401_OUT
recent2,KOSDAQ150,foreign,036620,감성코퍼레이션,187944,146393,-41551,698854340,544349135,-154505205,KRX MDCSTAT02401_OUT
recent2,KOSDAQ150,foreign,082920,비츠로셀,118229,112775,-5454,3377784800,3223143075,-154641725,KRX MDCSTAT02401_OUT
recent2,KOSDAQ150,foreign,067160,SOOP,40641,35559,-5082,1479925600,1294526900,-185398700,KRX MDCSTAT02401_OUT
recent2,KOSDAQ150,foreign,194480,데브시스터즈,38725,24050,-14675,543666085,338139620,-205526465,KRX MDCSTAT02401_OUT
recent2,KOSDAQ150,foreign,141080,리가켐바이오,147764,145044,-2720,12202533000,11962489150,-240043850,KRX MDCSTAT02401_OUT
recent2,KOSDAQ150,foreign,085660,차바이오텍,166398,134863,-31535,1393688305,1123671585,-270016720,KRX MDCSTAT02401_OUT
recent2,KOSDAQ150,foreign,253450,스튜디오드래곤,48294,31083,-17211,980903700,631245425,-349658275,KRX MDCSTAT02401_OUT
recent2,KOSDAQ150,foreign,348210,넥스틴,62217,52464,-9753,2322802300,1944149300,-378653000,KRX MDCSTAT02401_OUT
recent2,KOSDAQ150,foreign,225570,넥슨게임즈,145023,109168,-35855,1535674245,1152572310,-383101935,KRX MDCSTAT02401_OUT
recent2,KOSDAQ150,foreign,099320,쎄트렉아이,58809,51018,-7791,4519086600,3967067700,-552018900,KRX MDCSTAT02401_OUT
recent2,KOSDAQ150,foreign,039200,오스코텍,105433,90777,-14656,3864974700,3305242350,-559732350,KRX MDCSTAT02401_OUT
recent2,KOSDAQ150,foreign,095660,네오위즈,56177,22131,-34046,1005801060,396287300,-609513760,KRX MDCSTAT02401_OUT
recent2,KOSDAQ150,foreign,211050,인카금융서비스,89035,23521,-65514,864323560,225969240,-638354320,KRX MDCSTAT02401_OUT
recent2,KOSDAQ150,foreign,445680,큐리옥스바이오시스템즈,87816,76744,-11072,5088613100,4442371050,-646242050,KRX MDCSTAT02401_OUT
recent2,KOSDAQ150,foreign,281740,레이크머티리얼즈,545628,478420,-67208,6337522835,5578975190,-758547645,KRX MDCSTAT02401_OUT
recent2,KOSDAQ150,foreign,214370,케어젠,80526,62159,-18367,3356555900,2595236350,-761319550,KRX MDCSTAT02401_OUT
recent2,KOSDAQ150,foreign,035760,CJ ENM,74438,53920,-20518,2750808950,1976719525,-774089425,KRX MDCSTAT02401_OUT
recent2,KOSDAQ150,foreign,069080,웹젠,120865,50431,-70434,1401443430,585477350,-815966080,KRX MDCSTAT02401_OUT
recent2,KOSDAQ150,foreign,056190,SFA,138839,111181,-27658,4072411550,3248096600,-824314950,KRX MDCSTAT02401_OUT
recent2,KOSDAQ150,foreign,166090,하나머티리얼즈,77924,60441,-17483,4774437000,3705036450,-1069400550,KRX MDCSTAT02401_OUT
recent2,KOSDAQ150,foreign,226950,올릭스,156112,148046,-8066,17369353800,16248778100,-1120575700,KRX MDCSTAT02401_OUT
recent2,KOSDAQ150,foreign,195940,HK이노엔,65138,35626,-29512,2593631875,1414591300,-1179040575,KRX MDCSTAT02401_OUT
recent2,KOSDAQ150,foreign,078340,컴투스,108742,76384,-32358,4057608300,2850718550,-1206889750,KRX MDCSTAT02401_OUT
recent2,KOSDAQ150,foreign,121600,나노신소재,43374,21368,-22006,2446013900,1197206650,-1248807250,KRX MDCSTAT02401_OUT
recent2,KOSDAQ150,foreign,035900,JYP Ent.,154241,109374,-44867,5798617875,4115916275,-1682701600,KRX MDCSTAT02401_OUT
recent2,KOSDAQ150,foreign,032820,우리기술,1018441,880913,-137528,12631192305,10910699640,-1720492665,KRX MDCSTAT02401_OUT
recent2,KOSDAQ150,foreign,251970,펌텍코리아,62018,33865,-28153,3888531850,2118179700,-1770352150,KRX MDCSTAT02401_OUT
recent2,KOSDAQ150,foreign,183300,코미코,321933,266564,-55369,11081991325,9212826050,-1869165275,KRX MDCSTAT02401_OUT
recent2,KOSDAQ150,foreign,074600,원익QnC,190037,128882,-61155,5930504775,4049362175,-1881142600,KRX MDCSTAT02401_OUT
recent2,KOSDAQ150,foreign,328130,루닛,648855,473362,-175493,7112793125,5152518880,-1960274245,KRX MDCSTAT02401_OUT
recent2,KOSDAQ150,foreign,218410,RFHIC,141030,106492,-34538,8312634050,6258187000,-2054447050,KRX MDCSTAT02401_OUT
recent2,KOSDAQ150,foreign,145020,휴젤,66031,54418,-11613,11862468350,9768542000,-2093926350,KRX MDCSTAT02401_OUT
recent2,KOSDAQ150,foreign,041510,에스엠,103247,77898,-25349,8258687600,6145652700,-2113034900,KRX MDCSTAT02401_OUT
recent2,KOSDAQ150,foreign,122870,와이지엔터테인먼트,90161,33726,-56435,3818105200,1427860725,-2390244475,KRX MDCSTAT02401_OUT
recent2,KOSDAQ150,foreign,417200,LS머트리얼즈,1386430,1206467,-179963,19578521540,17141361290,-2437160250,KRX MDCSTAT02401_OUT
recent2,KOSDAQ150,foreign,014620,성광벤드,196089,83318,-112771,6118017725,2598159625,-3519858100,KRX MDCSTAT02401_OUT
recent2,KOSDAQ150,foreign,064760,티씨케이,46036,34695,-11341,14062200500,10524041000,-3538159500,KRX MDCSTAT02401_OUT
recent2,KOSDAQ150,foreign,101490,에스앤에스텍,266680,178608,-88072,12970953825,8647759025,-4323194800,KRX MDCSTAT02401_OUT
recent2,KOSDAQ150,foreign,083650,비에이치아이,204166,130798,-73368,12314792950,7857980750,-4456812200,KRX MDCSTAT02401_OUT
recent2,KOSDAQ150,foreign,028300,HLB,935382,770864,-164518,37645484200,31576786975,-6068697225,KRX MDCSTAT02401_OUT
recent2,KOSDAQ150,foreign,319400,현대무벡스,615502,313665,-301837,12637696675,6439486275,-6198210400,KRX MDCSTAT02401_OUT
recent2,KOSDAQ150,foreign,131970,두산테스나,197816,129315,-68501,19807052000,13018193150,-6788858850,KRX MDCSTAT02401_OUT
recent2,KOSDAQ150,foreign,000250,삼천당제약,164581,130356,-34225,31539697650,24592020900,-6947676750,KRX MDCSTAT02401_OUT
recent2,KOSDAQ150,foreign,290650,엘앤씨바이오,322942,190953,-131989,17208725300,9907564950,-7301160350,KRX MDCSTAT02401_OUT
recent2,KOSDAQ150,foreign,257720,실리콘투,435369,193747,-241622,16765396150,7472868025,-9292528125,KRX MDCSTAT02401_OUT
recent2,KOSDAQ150,foreign,089970,브이엠,549773,411454,-138319,36440515950,27080575600,-9359940350,KRX MDCSTAT02401_OUT
recent2,KOSDAQ150,foreign,178320,서진시스템,1369891,1108035,-261856,53475485950,43421370725,-10054115225,KRX MDCSTAT02401_OUT
recent2,KOSDAQ150,foreign,039030,이오테크닉스,88673,52735,-35938,47467661000,28178842500,-19288818500,KRX MDCSTAT02401_OUT
recent2,KOSDAQ150,foreign,095610,테스,301411,166545,-134866,52153255600,28724563500,-23428692100,KRX MDCSTAT02401_OUT
recent2,KOSDAQ150,foreign,084370,유진테크,291671,135421,-156250,50837686600,23583450650,-27254235950,KRX MDCSTAT02401_OUT
recent2,KOSDAQ150,foreign,058470,리노공업,858725,487080,-371645,65867431550,37197359400,-28670072150,KRX MDCSTAT02401_OUT
recent2,KOSDAQ150,institution,403870,HPSP,413430,1308145,894715,26924972900,86670962650,59745989750,KRX MDCSTAT02401_OUT
recent2,KOSDAQ150,institution,036930,주성엔지니어링,225709,440593,214884,52620519500,103467397750,50846878250,KRX MDCSTAT02401_OUT
recent2,KOSDAQ150,institution,240810,원익IPS,313333,622673,309340,42539330550,85722578900,43183248350,KRX MDCSTAT02401_OUT
recent2,KOSDAQ150,institution,196170,알테오젠,104849,267835,162986,27106810500,70091615750,42984805250,KRX MDCSTAT02401_OUT
recent2,KOSDAQ150,institution,058470,리노공업,255439,751633,496194,19429591700,58576164550,39146572850,KRX MDCSTAT02401_OUT
recent2,KOSDAQ150,institution,039030,이오테크닉스,63557,125202,61645,33851411500,67309146000,33457734500,KRX MDCSTAT02401_OUT
recent2,KOSDAQ150,institution,084370,유진테크,39455,209391,169936,6859211100,36777950150,29918739050,KRX MDCSTAT02401_OUT
recent2,KOSDAQ150,institution,095610,테스,139667,301787,162120,24026287750,53097228250,29070940500,KRX MDCSTAT02401_OUT
recent2,KOSDAQ150,institution,080220,제주반도체,78642,351315,272673,6370669250,29509551750,23138882500,KRX MDCSTAT02401_OUT
recent2,KOSDAQ150,institution,086520,에코프로,228928,507327,278399,18700247350,41836903950,23136656600,KRX MDCSTAT02401_OUT
recent2,KOSDAQ150,institution,226950,올릭스,77310,268968,191658,8445893350,30312495050,21866601700,KRX MDCSTAT02401_OUT
recent2,KOSDAQ150,institution,005290,동진쎄미켐,185452,517723,332271,9198516100,26244605500,17046089400,KRX MDCSTAT02401_OUT
recent2,KOSDAQ150,institution,089970,브이엠,292631,522737,230106,19128721700,34805497050,15676775350,KRX MDCSTAT02401_OUT
recent2,KOSDAQ150,institution,067310,하나마이크론,213651,496525,282874,10444582975,24485007575,14040424600,KRX MDCSTAT02401_OUT
recent2,KOSDAQ150,institution,131970,두산테스나,51639,183712,132073,5202612350,18751346100,13548733750,KRX MDCSTAT02401_OUT
recent2,KOSDAQ150,institution,000250,삼천당제약,84728,139937,55209,15851186650,26738646200,10887459550,KRX MDCSTAT02401_OUT
recent2,KOSDAQ150,institution,247540,에코프로비엠,132735,220953,88218,14638951450,24662429500,10023478050,KRX MDCSTAT02401_OUT
recent2,KOSDAQ150,institution,178320,서진시스템,113681,329732,216051,4411840350,12933276400,8521436050,KRX MDCSTAT02401_OUT
recent2,KOSDAQ150,institution,098460,고영,201980,448418,246438,6529628175,14787400525,8257772350,KRX MDCSTAT02401_OUT
recent2,KOSDAQ150,institution,277810,레인보우로보틱스,12929,31528,18599,5479555750,13498817750,8019262000,KRX MDCSTAT02401_OUT
recent2,KOSDAQ150,institution,290650,엘앤씨바이오,41895,171168,129273,2206073200,9049453600,6843380400,KRX MDCSTAT02401_OUT
recent2,KOSDAQ150,institution,074600,원익QnC,95296,306368,211072,2963640575,9567056175,6603415600,KRX MDCSTAT02401_OUT
recent2,KOSDAQ150,institution,140860,파크시스템스,5394,27667,22273,1526202500,8045304500,6519102000,KRX MDCSTAT02401_OUT
recent2,KOSDAQ150,institution,089030,테크윙,93025,204599,111574,4893232950,11354941150,6461708200,KRX MDCSTAT02401_OUT
recent2,KOSDAQ150,institution,141080,리가켐바이오,67522,140143,72621,5551397300,11730405850,6179008550,KRX MDCSTAT02401_OUT
recent2,KOSDAQ150,institution,043260,성호전자,1009937,1213847,203910,26896434300,32395563125,5499128825,KRX MDCSTAT02401_OUT
recent2,KOSDAQ150,institution,028300,HLB,264476,397069,132593,10646486525,16123573025,5477086500,KRX MDCSTAT02401_OUT
recent2,KOSDAQ150,institution,064760,티씨케이,45167,62642,17475,13777874750,19201800000,5423925250,KRX MDCSTAT02401_OUT
recent2,KOSDAQ150,institution,095340,ISC,66614,88796,22182,14342260500,19403485500,5061225000,KRX MDCSTAT02401_OUT
recent2,KOSDAQ150,institution,232140,와이씨,82884,378819,295935,1239572695,5917701160,4678128465,KRX MDCSTAT02401_OUT
recent2,KOSDAQ150,institution,323280,태성,36305,113825,77520,2089042050,6718569150,4629527100,KRX MDCSTAT02401_OUT
recent2,KOSDAQ150,institution,131290,티에스이,38940,49945,11005,11374185750,14758941500,3384755750,KRX MDCSTAT02401_OUT
recent2,KOSDAQ150,institution,108490,로보티즈,32861,43713,10852,9391194000,12676948250,3285754250,KRX MDCSTAT02401_OUT
recent2,KOSDAQ150,institution,096530,씨젠,104049,192239,88190,3679469400,6910412150,3230942750,KRX MDCSTAT02401_OUT
recent2,KOSDAQ150,institution,295310,에이치브이엠,34458,84660,50202,2111078200,5317426250,3206348050,KRX MDCSTAT02401_OUT
recent2,KOSDAQ150,institution,039200,오스코텍,33518,118366,84848,1206686850,4373786175,3167099325,KRX MDCSTAT02401_OUT
recent2,KOSDAQ150,institution,078600,대주전자재료,34365,65372,31007,3223257750,6282012600,3058754850,KRX MDCSTAT02401_OUT
recent2,KOSDAQ150,institution,298380,에이비엘바이오,88220,141348,53128,4392602750,7292793850,2900191100,KRX MDCSTAT02401_OUT
recent2,KOSDAQ150,institution,222800,심텍,279140,293077,13937,42498210150,45313510950,2815300800,KRX MDCSTAT02401_OUT
recent2,KOSDAQ150,institution,347850,디앤디파마텍,55902,117214,61312,2376710925,5183668850,2806957925,KRX MDCSTAT02401_OUT
recent2,KOSDAQ150,institution,087010,펩트론,49742,68270,18528,6720107100,9382059750,2661952650,KRX MDCSTAT02401_OUT
recent2,KOSDAQ150,institution,042000,카페24,15219,121696,106477,289277540,2437299990,2148022450,KRX MDCSTAT02401_OUT
recent2,KOSDAQ150,institution,121600,나노신소재,20809,55862,35053,1163483150,3157559550,1994076400,KRX MDCSTAT02401_OUT
recent2,KOSDAQ150,institution,310210,보로노이,34006,45839,11833,4625418550,6612416950,1986998400,KRX MDCSTAT02401_OUT
recent2,KOSDAQ150,institution,251970,펌텍코리아,21220,49918,28698,1320083900,3124872400,1804788500,KRX MDCSTAT02401_OUT
recent2,KOSDAQ150,institution,195940,HK이노엔,34743,75423,40680,1375782500,3017765725,1641983225,KRX MDCSTAT02401_OUT
recent2,KOSDAQ150,institution,101490,에스앤에스텍,25645,54281,28636,1218694975,2708249950,1489554975,KRX MDCSTAT02401_OUT
recent2,KOSDAQ150,institution,445680,큐리옥스바이오시스템즈,7369,32408,25039,420599500,1909990900,1489391400,KRX MDCSTAT02401_OUT
recent2,KOSDAQ150,institution,358570,지아이이노베이션,45402,199289,153887,372150730,1829496320,1457345590,KRX MDCSTAT02401_OUT
recent2,KOSDAQ150,institution,078340,컴투스,45563,82835,37272,1704405800,3102418925,1398013125,KRX MDCSTAT02401_OUT
recent2,KOSDAQ150,institution,035900,JYP Ent.,38499,70853,32354,1449860100,2663446100,1213586000,KRX MDCSTAT02401_OUT
recent2,KOSDAQ150,institution,007390,네이처셀,43275,91363,48088,1053059375,2260990275,1207930900,KRX MDCSTAT02401_OUT
recent2,KOSDAQ150,institution,166090,하나머티리얼즈,43969,62956,18987,2690134900,3894239250,1204104350,KRX MDCSTAT02401_OUT
recent2,KOSDAQ150,institution,218410,RFHIC,69987,89627,19640,4121040550,5298359300,1177318750,KRX MDCSTAT02401_OUT
recent2,KOSDAQ150,institution,032820,우리기술,153969,245748,91779,1900664850,3065829300,1165164450,KRX MDCSTAT02401_OUT
recent2,KOSDAQ150,institution,417200,LS머트리얼즈,384205,460362,76157,5423850685,6523958695,1100108010,KRX MDCSTAT02401_OUT
recent2,KOSDAQ150,institution,036810,에프에스티,7992,38378,30386,254042325,1299947375,1045905050,KRX MDCSTAT02401_OUT
recent2,KOSDAQ150,institution,053800,안랩,16990,29664,12674,1285109400,2265530450,980421050,KRX MDCSTAT02401_OUT
recent2,KOSDAQ150,institution,437730,삼현,21117,38798,17681,1042325425,1940942150,898616725,KRX MDCSTAT02401_OUT
recent2,KOSDAQ150,institution,0009K0,에임드바이오,32801,68010,35209,750477900,1646893825,896415925,KRX MDCSTAT02401_OUT
recent2,KOSDAQ150,institution,319400,현대무벡스,50337,93699,43362,1029197075,1924576425,895379350,KRX MDCSTAT02401_OUT
recent2,KOSDAQ150,institution,204270,제이앤티씨,11884,50952,39068,260951400,1126827475,865876075,KRX MDCSTAT02401_OUT
recent2,KOSDAQ150,institution,036830,솔브레인홀딩스,23391,42846,19455,1002944425,1849039100,846094675,KRX MDCSTAT02401_OUT
recent2,KOSDAQ150,institution,161580,필옵틱스,13709,34285,20576,533721775,1362186100,828464325,KRX MDCSTAT02401_OUT
recent2,KOSDAQ150,institution,257720,실리콘투,259277,279117,19840,9949725175,10773236575,823511400,KRX MDCSTAT02401_OUT
recent2,KOSDAQ150,institution,125490,한라캐스트,11441,76679,65238,133585290,924722850,791137560,KRX MDCSTAT02401_OUT
recent2,KOSDAQ150,institution,214370,케어젠,14049,31929,17880,580512975,1343951750,763438775,KRX MDCSTAT02401_OUT
recent2,KOSDAQ150,institution,376300,디어유,7609,45523,37914,139547490,842078230,702530740,KRX MDCSTAT02401_OUT
recent2,KOSDAQ150,institution,030530,원익홀딩스,49907,74513,24606,1334330100,2034883175,700553075,KRX MDCSTAT02401_OUT
recent2,KOSDAQ150,institution,018290,브이티,28776,77773,48997,353028580,971274140,618245560,KRX MDCSTAT02401_OUT
recent2,KOSDAQ150,institution,225570,넥슨게임즈,87052,143214,56162,913714605,1531125745,617411140,KRX MDCSTAT02401_OUT
recent2,KOSDAQ150,institution,033100,제룡전기,9683,22349,12666,461379100,1075822300,614443200,KRX MDCSTAT02401_OUT
recent2,KOSDAQ150,institution,263750,펄어비스,79068,96995,17927,2628954675,3235078950,606124275,KRX MDCSTAT02401_OUT
recent2,KOSDAQ150,institution,348370,엔켐,18361,45539,27178,378198100,960155600,581957500,KRX MDCSTAT02401_OUT
recent2,KOSDAQ150,institution,090360,로보스타,3861,10240,6379,293369500,793476300,500106800,KRX MDCSTAT02401_OUT
recent2,KOSDAQ150,institution,090710,휴림로봇,69170,147172,78002,419543885,916852675,497308790,KRX MDCSTAT02401_OUT
recent2,KOSDAQ150,institution,065350,신성델타테크,12197,27303,15106,377319775,863626050,486306275,KRX MDCSTAT02401_OUT
recent2,KOSDAQ150,institution,215200,메가스터디교육,11469,24411,12942,421862600,903308050,481445450,KRX MDCSTAT02401_OUT
recent2,KOSDAQ150,institution,032500,케이엠더블유,19041,43954,24913,358665370,836742255,478076885,KRX MDCSTAT02401_OUT
recent2,KOSDAQ150,institution,137400,피엔티,31513,45857,14344,942545050,1395410775,452865725,KRX MDCSTAT02401_OUT
recent2,KOSDAQ150,institution,082920,비츠로셀,50263,65360,15097,1426066450,1871865550,445799100,KRX MDCSTAT02401_OUT
recent2,KOSDAQ150,institution,171090,선익시스템,7538,13602,6064,535088900,979073650,443984750,KRX MDCSTAT02401_OUT
recent2,KOSDAQ150,institution,085660,차바이오텍,45840,94814,48974,378144490,807432710,429288220,KRX MDCSTAT02401_OUT
recent2,KOSDAQ150,institution,058610,에스피지,21789,25201,3412,2131237550,2491067100,359829550,KRX MDCSTAT02401_OUT
recent2,KOSDAQ150,institution,348210,넥스틴,30098,39183,9085,1109392025,1463581025,354189000,KRX MDCSTAT02401_OUT
recent2,KOSDAQ150,institution,211050,인카금융서비스,42914,77965,35051,409567850,763018980,353451130,KRX MDCSTAT02401_OUT
recent2,KOSDAQ150,institution,050890,쏠리드,32251,67186,34935,309785910,657198860,347412950,KRX MDCSTAT02401_OUT
recent2,KOSDAQ150,institution,082270,젬백스,21117,50873,29756,219136470,552762520,333626050,KRX MDCSTAT02401_OUT
recent2,KOSDAQ150,institution,095660,네오위즈,14482,32823,18341,258960370,589647440,330687070,KRX MDCSTAT02401_OUT
recent2,KOSDAQ150,institution,025980,아난티,36261,88172,51911,174766635,439477993,264711358,KRX MDCSTAT02401_OUT
recent2,KOSDAQ150,institution,388720,유일로보틱스,4123,7857,3734,277644000,540995100,263351100,KRX MDCSTAT02401_OUT
recent2,KOSDAQ150,institution,099320,쎄트렉아이,5976,9092,3116,458934250,710249600,251315350,KRX MDCSTAT02401_OUT
recent2,KOSDAQ150,institution,003380,하림지주,97129,119899,22770,1053215100,1303849830,250634730,KRX MDCSTAT02401_OUT
recent2,KOSDAQ150,institution,032190,다우데이타,21185,33562,12377,403050075,641297150,238247075,KRX MDCSTAT02401_OUT
recent2,KOSDAQ150,institution,253590,네오셈,27728,43420,15692,372218695,605789980,233571285,KRX MDCSTAT02401_OUT
recent2,KOSDAQ150,institution,038500,삼표시멘트,51755,86330,34575,338906570,571132860,232226290,KRX MDCSTAT02401_OUT
recent2,KOSDAQ150,institution,036620,감성코퍼레이션,99464,158068,58604,367367315,590659075,223291760,KRX MDCSTAT02401_OUT
recent2,KOSDAQ150,institution,100790,미래에셋벤처투자,11122,23144,12022,190583835,409014960,218431125,KRX MDCSTAT02401_OUT
recent2,KOSDAQ150,institution,033500,동성화인텍,11301,24833,13532,178991895,395308380,216316485,KRX MDCSTAT02401_OUT
recent2,KOSDAQ150,institution,041190,우리기술투자,30486,66503,36017,175362020,389443920,214081900,KRX MDCSTAT02401_OUT
recent2,KOSDAQ150,institution,025320,시노펙스,45771,99883,54112,175153980,387347390,212193410,KRX MDCSTAT02401_OUT
recent2,KOSDAQ150,institution,272290,이녹스첨단소재,25510,34505,8995,554994650,758069150,203074500,KRX MDCSTAT02401_OUT
recent2,KOSDAQ150,institution,009520,포스코엠텍,39718,54256,14538,497514695,682566580,185051885,KRX MDCSTAT02401_OUT
recent2,KOSDAQ150,institution,056190,SFA,67954,73090,5136,1972266050,2150454225,178188175,KRX MDCSTAT02401_OUT
recent2,KOSDAQ150,institution,122870,와이지엔터테인먼트,92723,96298,3575,3894269500,4067355300,173085800,KRX MDCSTAT02401_OUT
recent2,KOSDAQ150,institution,253450,스튜디오드래곤,16986,25402,8416,345123350,517772925,172649575,KRX MDCSTAT02401_OUT
recent2,KOSDAQ150,institution,112040,위메이드,56766,66215,9449,865291030,1022367740,157076710,KRX MDCSTAT02401_OUT
recent2,KOSDAQ150,institution,399720,가온칩스,4658,7814,3156,215230975,372281900,157050925,KRX MDCSTAT02401_OUT
recent2,KOSDAQ150,institution,060280,큐렉소,18116,35604,17488,147932120,302557985,154625865,KRX MDCSTAT02401_OUT
recent2,KOSDAQ150,institution,214430,아이쓰리시스템,8098,10006,1908,563417200,712664600,149247400,KRX MDCSTAT02401_OUT
recent2,KOSDAQ150,institution,278280,천보,6828,10377,3549,243899000,379277950,135378950,KRX MDCSTAT02401_OUT
recent2,KOSDAQ150,institution,048410,현대바이오,209949,228585,18636,1456856790,1588591360,131734570,KRX MDCSTAT02401_OUT
recent2,KOSDAQ150,institution,052400,코나아이,10318,13274,2956,390670550,504899950,114229400,KRX MDCSTAT02401_OUT
recent2,KOSDAQ150,institution,030520,한컴,42711,47991,5280,738262810,832121290,93858480,KRX MDCSTAT02401_OUT
recent2,KOSDAQ150,institution,101730,위메이드맥스,10431,26069,15638,47011253,123210460,76199207,KRX MDCSTAT02401_OUT
recent2,KOSDAQ150,institution,069080,웹젠,56405,62670,6265,653928550,725849640,71921090,KRX MDCSTAT02401_OUT
recent2,KOSDAQ150,institution,466100,클로봇,36965,39150,2185,842411450,899754600,57343150,KRX MDCSTAT02401_OUT
recent2,KOSDAQ150,institution,025900,동화기업,11510,17497,5987,81417960,125108770,43690810,KRX MDCSTAT02401_OUT
recent2,KOSDAQ150,institution,041510,에스엠,48809,49715,906,3918703750,3945339300,26635550,KRX MDCSTAT02401_OUT
recent2,KOSDAQ150,institution,194480,데브시스터즈,16872,18296,1424,236739520,257766550,21027030,KRX MDCSTAT02401_OUT
recent2,KOSDAQ150,institution,352480,씨앤씨인터내셔널,3647,4469,822,76240300,94287850,18047550,KRX MDCSTAT02401_OUT
recent2,KOSDAQ150,institution,015750,성우하이텍,78657,80077,1420,456432300,466257750,9825450,KRX MDCSTAT02401_OUT
recent2,KOSDAQ150,institution,060250,NHN KCP,30055,29811,-244,401255485,402753020,1497535,KRX MDCSTAT02401_OUT
recent2,KOSDAQ150,institution,420770,기가비스,35432,34870,-562,4545588650,4512884150,-32704500,KRX MDCSTAT02401_OUT
recent2,KOSDAQ150,institution,189300,인텔리안테크,16782,15956,-826,1123488700,1074398300,-49090400,KRX MDCSTAT02401_OUT
recent2,KOSDAQ150,institution,067160,SOOP,16653,15167,-1486,605903650,552961450,-52942200,KRX MDCSTAT02401_OUT
recent2,KOSDAQ150,institution,281740,레이크머티리얼즈,115401,109648,-5753,1344037020,1288300110,-55736910,KRX MDCSTAT02401_OUT
recent2,KOSDAQ150,institution,214150,클래시스,64607,58187,-6420,1969642050,1798093500,-171548550,KRX MDCSTAT02401_OUT
recent2,KOSDAQ150,institution,213420,덕산네오룩스,67566,59952,-7614,1994353275,1789765325,-204587950,KRX MDCSTAT02401_OUT
recent2,KOSDAQ150,institution,145020,휴젤,21680,20444,-1236,3893316200,3679213600,-214102600,KRX MDCSTAT02401_OUT
recent2,KOSDAQ150,institution,006730,서부T&D,148322,124603,-23719,1594262295,1344420930,-249841365,KRX MDCSTAT02401_OUT
recent2,KOSDAQ150,institution,035760,CJ ENM,46402,36510,-9892,1687012525,1336990575,-350021950,KRX MDCSTAT02401_OUT
recent2,KOSDAQ150,institution,124500,아이티센글로벌,51641,23861,-27780,1486585150,692775950,-793809200,KRX MDCSTAT02401_OUT
recent2,KOSDAQ150,institution,183300,코미코,172502,147484,-25018,5989709900,5100101650,-889608250,KRX MDCSTAT02401_OUT
recent2,KOSDAQ150,institution,237690,에스티팜,57976,46689,-11287,5427105300,4409578500,-1017526800,KRX MDCSTAT02401_OUT
recent2,KOSDAQ150,institution,293490,카카오게임즈,368327,232707,-135620,3529758255,2233995225,-1295763030,KRX MDCSTAT02401_OUT
recent2,KOSDAQ150,institution,056080,유진로봇,151287,24561,-126726,1797236650,294342645,-1502894005,KRX MDCSTAT02401_OUT
recent2,KOSDAQ150,institution,475830,오름테라퓨틱,120374,34923,-85451,2703544350,806966475,-1896577875,KRX MDCSTAT02401_OUT
recent2,KOSDAQ150,institution,068760,셀트리온제약,100687,44459,-56228,3869387275,1734901550,-2134485725,KRX MDCSTAT02401_OUT
recent2,KOSDAQ150,institution,328130,루닛,316016,101761,-214255,3424104930,1119371045,-2304733885,KRX MDCSTAT02401_OUT
recent2,KOSDAQ150,institution,083650,비에이치아이,93005,52752,-40253,5575611150,3177327100,-2398284050,KRX MDCSTAT02401_OUT
recent2,KOSDAQ150,institution,014620,성광벤드,179079,71538,-107541,5551128175,2216555350,-3334572825,KRX MDCSTAT02401_OUT
recent2,KOSDAQ150,institution,241710,코스메카코리아,132891,99729,-33162,15379589000,11469719400,-3909869600,KRX MDCSTAT02401_OUT
recent2,KOSDAQ150,institution,060370,LS마린솔루션,168505,25635,-142870,5384118300,824916100,-4559202200,KRX MDCSTAT02401_OUT
recent2,KOSDAQ150,institution,031980,피에스케이홀딩스,108526,61375,-47151,19999217450,11391133900,-8608083550,KRX MDCSTAT02401_OUT
recent2,KOSDAQ150,institution,036540,SFA반도체,3907699,1961297,-1946402,42987908625,21840053835,-21147854790,KRX MDCSTAT02401_OUT
recent2,KOSDAQ150,institution,214450,파마리서치,131246,28602,-102644,40737991750,8908184750,-31829807000,KRX MDCSTAT02401_OUT
recent3,KOSPI200,foreign,316140,우리금융지주,6794645,25192822,18398177,232574685175,845158133095,612583447920,KRX MDCSTAT02401_OUT
recent3,KOSPI200,foreign,042700,한미반도체,527313,784203,256890,134996164750,199455621750,64459457000,KRX MDCSTAT02401_OUT
recent3,KOSPI200,foreign,329180,HD현대중공업,143717,203291,59574,62001495250,87712346750,25710851500,KRX MDCSTAT02401_OUT
recent3,KOSPI200,foreign,278470,에이피알,209936,253842,43906,76370268000,92536427250,16166159250,KRX MDCSTAT02401_OUT
recent3,KOSPI200,foreign,082740,한화엔진,533763,828923,295160,25687768350,40184704525,14496936175,KRX MDCSTAT02401_OUT
recent3,KOSPI200,foreign,0126Z0,삼성에피스홀딩스,60235,98385,38150,21192530500,35038616000,13846085500,KRX MDCSTAT02401_OUT
recent3,KOSPI200,foreign,017670,SK텔레콤,519846,680458,160612,44577752350,58339779350,13762027000,KRX MDCSTAT02401_OUT
recent3,KOSPI200,foreign,018260,삼성에스디에스,163286,218035,54749,35680497000,47681605000,12001108000,KRX MDCSTAT02401_OUT
recent3,KOSPI200,foreign,004170,신세계,81338,115777,34439,27213545500,38768270000,11554724500,KRX MDCSTAT02401_OUT
recent3,KOSPI200,foreign,086790,하나금융지주,1359263,1447956,88693,177444024290,188966470890,11522446600,KRX MDCSTAT02401_OUT
recent3,KOSPI200,foreign,086280,현대글로비스,175384,229727,54343,34601279300,45317851400,10716572100,KRX MDCSTAT02401_OUT
recent3,KOSPI200,foreign,010130,고려아연,11644,19007,7363,12413795000,20186611000,7772816000,KRX MDCSTAT02401_OUT
recent3,KOSPI200,foreign,071050,한국금융지주,290429,332792,42363,51627357200,59178963900,7551606700,KRX MDCSTAT02401_OUT
recent3,KOSPI200,foreign,078930,GS,485663,559526,73863,51536917945,59063695095,7526777150,KRX MDCSTAT02401_OUT
recent3,KOSPI200,foreign,259960,크래프톤,116339,153623,37284,22912564100,30287470500,7374906400,KRX MDCSTAT02401_OUT
recent3,KOSPI200,foreign,128940,한미약품,55165,68642,13477,27751108500,34634257750,6883149250,KRX MDCSTAT02401_OUT
recent3,KOSPI200,foreign,207940,삼성바이오로직스,71937,76542,4605,100575819000,107339688000,6763869000,KRX MDCSTAT02401_OUT
recent3,KOSPI200,foreign,006800,미래에셋증권,870002,1077352,207350,27085854450,33638664250,6552809800,KRX MDCSTAT02401_OUT
recent3,KOSPI200,foreign,064400,LG씨엔에스,259177,346229,87052,17915273650,24082483850,6167210200,KRX MDCSTAT02401_OUT
recent3,KOSPI200,foreign,298040,효성중공업,53713,55510,1797,149361886500,154759012000,5397125500,KRX MDCSTAT02401_OUT
recent3,KOSPI200,foreign,161390,한국타이어앤테크놀로지,453362,543502,90140,26753646400,32022428100,5268781700,KRX MDCSTAT02401_OUT
recent3,KOSPI200,foreign,454910,두산로보틱스,170598,243904,73306,11752227400,17014350100,5262122700,KRX MDCSTAT02401_OUT
recent3,KOSPI200,foreign,011200,HMM,1022006,1254173,232167,21466378700,26345466300,4879087600,KRX MDCSTAT02401_OUT
recent3,KOSPI200,foreign,009420,한올바이오파마,214233,319211,104978,9714243475,14251568125,4537324650,KRX MDCSTAT02401_OUT
recent3,KOSPI200,foreign,007660,이수페타시스,774663,805053,30390,90626244800,94902827300,4276582500,KRX MDCSTAT02401_OUT
recent3,KOSPI200,foreign,307950,현대오토에버,36541,47745,11204,13523626250,17729596500,4205970250,KRX MDCSTAT02401_OUT
recent3,KOSPI200,foreign,443060,HD현대마린솔루션,78079,95382,17303,18373100500,22462654250,4089553750,KRX MDCSTAT02401_OUT
recent3,KOSPI200,foreign,010950,S-Oil,418005,439884,21879,65670606300,69376814000,3706207700,KRX MDCSTAT02401_OUT
recent3,KOSPI200,foreign,003230,삼양식품,28193,30885,2692,34424295000,37732292000,3307997000,KRX MDCSTAT02401_OUT
recent3,KOSPI200,foreign,068270,셀트리온,441203,458773,17570,79189018415,82482124715,3293106300,KRX MDCSTAT02401_OUT
recent3,KOSPI200,foreign,069960,현대백화점,143654,179104,35450,12790104000,15957354850,3167250850,KRX MDCSTAT02401_OUT
recent3,KOSPI200,foreign,450080,에코프로머티,314331,396883,82552,10909678400,14041921425,3132243025,KRX MDCSTAT02401_OUT
recent3,KOSPI200,foreign,000100,유한양행,234661,274776,40115,17208292200,20162379400,2954087200,KRX MDCSTAT02401_OUT
recent3,KOSPI200,foreign,375500,DL이앤씨,396701,434013,37312,30745171700,33641279800,2896108100,KRX MDCSTAT02401_OUT
recent3,KOSPI200,foreign,010120,LS ELECTRIC,283722,296635,12913,57771969350,60639258050,2867288700,KRX MDCSTAT02401_OUT
recent3,KOSPI200,foreign,023530,롯데쇼핑,137291,164009,26718,13850304200,16530542300,2680238100,KRX MDCSTAT02401_OUT
recent3,KOSPI200,foreign,039490,키움증권,145931,154601,8670,37161784000,39433199750,2271415750,KRX MDCSTAT02401_OUT
recent3,KOSPI200,foreign,282330,BGF리테일,65844,82499,16655,8547406500,10710615100,2163208600,KRX MDCSTAT02401_OUT
recent3,KOSPI200,foreign,120110,코오롱인더,84956,118888,33932,4652182000,6517552600,1865370600,KRX MDCSTAT02401_OUT
recent3,KOSPI200,foreign,006280,녹십자,26287,41026,14739,3284222000,5143236550,1859014550,KRX MDCSTAT02401_OUT
recent3,KOSPI200,foreign,079550,LIG디펜스앤에어로스페이스,57591,59338,1747,39889969500,41388975500,1499006000,KRX MDCSTAT02401_OUT
recent3,KOSPI200,foreign,004020,현대제철,555323,597563,42240,16742177750,17994969275,1252791525,KRX MDCSTAT02401_OUT
recent3,KOSPI200,foreign,192080,더블유게임즈,72881,92176,19295,4249462400,5381224250,1131761850,KRX MDCSTAT02401_OUT
recent3,KOSPI200,foreign,272210,한화시스템,662823,671564,8741,49681011300,50764345000,1083333700,KRX MDCSTAT02401_OUT
recent3,KOSPI200,foreign,204320,HL만도,183787,201502,17715,8442589875,9284606775,842016900,KRX MDCSTAT02401_OUT
recent3,KOSPI200,foreign,302440,SK바이오사이언스,56821,78839,22018,2047654650,2864687300,817032650,KRX MDCSTAT02401_OUT
recent3,KOSPI200,foreign,285130,SK케미칼,32875,48753,15878,1684675800,2500030300,815354500,KRX MDCSTAT02401_OUT
recent3,KOSPI200,foreign,251270,넷마블,247111,269467,22356,8591525750,9383525800,792000050,KRX MDCSTAT02401_OUT
recent3,KOSPI200,foreign,161890,한국콜마,364068,368942,4874,53758391900,54547622150,789230250,KRX MDCSTAT02401_OUT
recent3,KOSPI200,foreign,000210,DL,53803,62848,9045,2684112550,3134497050,450384500,KRX MDCSTAT02401_OUT
recent3,KOSPI200,foreign,007070,GS리테일,192455,211821,19366,4328872725,4761058575,432185850,KRX MDCSTAT02401_OUT
recent3,KOSPI200,foreign,030000,제일기획,646696,668150,21454,11988992405,12407104240,418111835,KRX MDCSTAT02401_OUT
recent3,KOSPI200,foreign,000670,영풍,59373,66094,6721,2448171225,2735124275,286953050,KRX MDCSTAT02401_OUT
recent3,KOSPI200,foreign,001450,현대해상,824018,830166,6148,40198540875,40479206025,280665150,KRX MDCSTAT02401_OUT
recent3,KOSPI200,foreign,137310,에스디바이오센서,140093,180386,40293,855859605,1111529705,255670100,KRX MDCSTAT02401_OUT
recent3,KOSPI200,foreign,073240,금호타이어,1388766,1420407,31641,9401211655,9644931955,243720300,KRX MDCSTAT02401_OUT
recent3,KOSPI200,foreign,036460,한국가스공사,164461,170108,5647,5746590625,5954464650,207874025,KRX MDCSTAT02401_OUT
recent3,KOSPI200,foreign,002380,KCC,27447,27768,321,12926152250,13081940000,155787750,KRX MDCSTAT02401_OUT
recent3,KOSPI200,foreign,185750,종근당,36731,38601,1870,2366415350,2488430250,122014900,KRX MDCSTAT02401_OUT
recent3,KOSPI200,foreign,008730,율촌화학,78455,85999,7544,1137342150,1249365660,112023510,KRX MDCSTAT02401_OUT
recent3,KOSPI200,foreign,003240,태광산업,1235,1325,90,1115436000,1199137000,83701000,KRX MDCSTAT02401_OUT
recent3,KOSPI200,foreign,005420,코스모화학,123995,128108,4113,1266348260,1321808965,55460705,KRX MDCSTAT02401_OUT
recent3,KOSPI200,foreign,008930,한미사이언스,119565,119728,163,6274603400,6302827800,28224400,KRX MDCSTAT02401_OUT
recent3,KOSPI200,foreign,268280,미원에스씨,849,847,-2,110799700,110858500,58800,KRX MDCSTAT02401_OUT
recent3,KOSPI200,foreign,014820,동원시스템즈,19558,18326,-1232,410714150,384728625,-25985525,KRX MDCSTAT02401_OUT
recent3,KOSPI200,foreign,007700,F&F홀딩스,5476,1235,-4241,73145350,16511220,-56634130,KRX MDCSTAT02401_OUT
recent3,KOSPI200,foreign,002840,미원상사,3216,2696,-520,436556800,364994550,-71562250,KRX MDCSTAT02401_OUT
recent3,KOSPI200,foreign,006040,동원산업,34293,30929,-3364,1214563675,1095880050,-118683625,KRX MDCSTAT02401_OUT
recent3,KOSPI200,foreign,002030,아세아,2144,1553,-591,436946500,315513500,-121433000,KRX MDCSTAT02401_OUT
recent3,KOSPI200,foreign,006650,대한유화,32815,31513,-1302,2915041700,2791289600,-123752100,KRX MDCSTAT02401_OUT
recent3,KOSPI200,foreign,022100,포스코DX,277723,265362,-12361,5565473730,5347530580,-217943150,KRX MDCSTAT02401_OUT
recent3,KOSPI200,foreign,000880,한화,151424,149245,-2179,19164120430,18891828830,-272291600,KRX MDCSTAT02401_OUT
recent3,KOSPI200,foreign,300720,한일시멘트,58461,41466,-16995,943644080,668343475,-275300605,KRX MDCSTAT02401_OUT
recent3,KOSPI200,foreign,093370,후성,4862355,4841631,-20724,73513040695,73165308745,-347731950,KRX MDCSTAT02401_OUT
recent3,KOSPI200,foreign,280360,롯데웰푸드,17603,14470,-3133,2166853550,1780612800,-386240750,KRX MDCSTAT02401_OUT
recent3,KOSPI200,foreign,009970,영원무역홀딩스,15867,13469,-2398,2590714450,2201318600,-389395850,KRX MDCSTAT02401_OUT
recent3,KOSPI200,foreign,005300,롯데칠성,26113,21892,-4221,2482321950,2082400950,-399921000,KRX MDCSTAT02401_OUT
recent3,KOSPI200,foreign,071320,지역난방공사,15004,8897,-6107,1179380550,701817950,-477562600,KRX MDCSTAT02401_OUT
recent3,KOSPI200,foreign,001680,대상,77927,48580,-29347,1397560405,873536515,-524023890,KRX MDCSTAT02401_OUT
recent3,KOSPI200,foreign,111770,영원무역,80251,72460,-7791,5586913200,5045359400,-541553800,KRX MDCSTAT02401_OUT
recent3,KOSPI200,foreign,007310,오뚜기,4149,2415,-1734,1307476750,760963000,-546513750,KRX MDCSTAT02401_OUT
recent3,KOSPI200,foreign,004000,롯데정밀화학,52348,39172,-13176,2249530275,1685247400,-564282875,KRX MDCSTAT02401_OUT
recent3,KOSPI200,foreign,000080,하이트진로,146980,105888,-41092,2185873440,1582194080,-603679360,KRX MDCSTAT02401_OUT
recent3,KOSPI200,foreign,483650,달바글로벌,102862,99415,-3447,19179531100,18551279800,-628251300,KRX MDCSTAT02401_OUT
recent3,KOSPI200,foreign,005850,에스엘,98881,86353,-12528,5001107175,4368916950,-632190225,KRX MDCSTAT02401_OUT
recent3,KOSPI200,foreign,012750,에스원,107286,99552,-7734,8911688650,8272348500,-639340150,KRX MDCSTAT02401_OUT
recent3,KOSPI200,foreign,030200,KT,314888,301921,-12967,16490653919,15815327519,-675326400,KRX MDCSTAT02401_OUT
recent3,KOSPI200,foreign,069620,대웅제약,24167,17655,-6512,2579385750,1899660550,-679725200,KRX MDCSTAT02401_OUT
recent3,KOSPI200,foreign,097950,CJ제일제당,55579,51577,-4002,9918822950,9208589400,-710233550,KRX MDCSTAT02401_OUT
recent3,KOSPI200,foreign,003090,대웅,130777,83730,-47047,2011216715,1291167330,-720049385,KRX MDCSTAT02401_OUT
recent3,KOSPI200,foreign,002790,아모레퍼시픽홀딩스,161413,133454,-27959,4199187500,3473586500,-725601000,KRX MDCSTAT02401_OUT
recent3,KOSPI200,foreign,000240,한국앤컴퍼니,81609,52097,-29512,2038560350,1300969000,-737591350,KRX MDCSTAT02401_OUT
recent3,KOSPI200,foreign,069260,TKG휴켐스,99971,52943,-47028,1592999095,847343615,-745655480,KRX MDCSTAT02401_OUT
recent3,KOSPI200,foreign,007340,DN오토모티브,191741,176438,-15303,9461739050,8705684825,-756054225,KRX MDCSTAT02401_OUT
recent3,KOSPI200,foreign,001800,오리온홀딩스,132048,94547,-37501,3098032350,2228922700,-869109650,KRX MDCSTAT02401_OUT
recent3,KOSPI200,foreign,298050,HS효성첨단소재,12070,6537,-5533,1934631650,1051452400,-883179250,KRX MDCSTAT02401_OUT
recent3,KOSPI200,foreign,011210,현대위아,88915,70168,-18747,4678973050,3695360550,-983612500,KRX MDCSTAT02401_OUT
recent3,KOSPI200,foreign,017960,한국카본,171185,118844,-52341,3432215090,2386680920,-1045534170,KRX MDCSTAT02401_OUT
recent3,KOSPI200,foreign,071970,HD현대마린엔진,222637,197462,-25175,10646003250,9593633475,-1052369775,KRX MDCSTAT02401_OUT
recent3,KOSPI200,foreign,009240,한샘,46503,17291,-29212,1829460450,680457725,-1149002725,KRX MDCSTAT02401_OUT
recent3,KOSPI200,foreign,103140,풍산,64087,47415,-16672,4977080800,3689173500,-1287907300,KRX MDCSTAT02401_OUT
recent3,KOSPI200,foreign,026960,동서,94160,40433,-53727,2415578625,1039311825,-1376266800,KRX MDCSTAT02401_OUT
recent3,KOSPI200,foreign,180640,한진칼,75684,65334,-10350,10164034050,8770952900,-1393081150,KRX MDCSTAT02401_OUT
recent3,KOSPI200,foreign,011780,금호석유화학,105826,93699,-12127,12188355650,10786568350,-1401787300,KRX MDCSTAT02401_OUT
recent3,KOSPI200,foreign,005830,DB손해보험,394575,387214,-7361,73568832000,72161495350,-1407336650,KRX MDCSTAT02401_OUT
recent3,KOSPI200,foreign,003670,포스코퓨처엠,197235,187801,-9434,34996845550,33531972800,-1464872750,KRX MDCSTAT02401_OUT
recent3,KOSPI200,foreign,029780,삼성카드,123227,86509,-36718,5198380150,3649645025,-1548735125,KRX MDCSTAT02401_OUT
recent3,KOSPI200,foreign,032640,LG유플러스,1623070,1514868,-108202,23687638050,22124835695,-1562802355,KRX MDCSTAT02401_OUT
recent3,KOSPI200,foreign,001040,CJ,166465,154503,-11962,22421668450,20850872050,-1570796400,KRX MDCSTAT02401_OUT
recent3,KOSPI200,foreign,034230,파라다이스,414820,197586,-217234,3897004595,1853743335,-2043261260,KRX MDCSTAT02401_OUT
recent3,KOSPI200,foreign,034730,SK,207555,203660,-3895,121489994500,119418134500,-2071860000,KRX MDCSTAT02401_OUT
recent3,KOSPI200,foreign,081660,미스토홀딩스,231254,175300,-55954,8738906275,6617793650,-2121112625,KRX MDCSTAT02401_OUT
recent3,KOSPI200,foreign,004370,농심,39794,34523,-5271,16113618390,13990073390,-2123545000,KRX MDCSTAT02401_OUT
recent3,KOSPI200,foreign,035250,강원랜드,356285,206553,-149732,5101717715,2964147155,-2137570560,KRX MDCSTAT02401_OUT
recent3,KOSPI200,foreign,028670,팬오션,3429383,3036788,-392595,19932498580,17740489615,-2192008965,KRX MDCSTAT02401_OUT
recent3,KOSPI200,foreign,377300,카카오페이,129067,72777,-56290,5160759725,2910433925,-2250325800,KRX MDCSTAT02401_OUT
recent3,KOSPI200,foreign,000120,CJ대한통운,56205,22616,-33589,3929231250,1582042200,-2347189050,KRX MDCSTAT02401_OUT
recent3,KOSPI200,foreign,052690,한전기술,180985,161042,-19943,22499238700,19865993000,-2633245700,KRX MDCSTAT02401_OUT
recent3,KOSPI200,foreign,004990,롯데지주,174014,63961,-110053,4169294225,1535072750,-2634221475,KRX MDCSTAT02401_OUT
recent3,KOSPI200,foreign,003030,세아제강지주,63166,36475,-26691,7137725550,4133326050,-3004399500,KRX MDCSTAT02401_OUT
recent3,KOSPI200,foreign,271560,오리온,142019,113455,-28564,15332060500,12246968400,-3085092100,KRX MDCSTAT02401_OUT
recent3,KOSPI200,foreign,139480,이마트,121288,77057,-44231,8648353850,5503986600,-3144367250,KRX MDCSTAT02401_OUT
recent3,KOSPI200,foreign,005940,NH투자증권,650528,529984,-120544,17031086525,13883949750,-3147136775,KRX MDCSTAT02401_OUT
recent3,KOSPI200,foreign,298020,효성티앤씨,34001,23032,-10969,9688571250,6500029250,-3188542000,KRX MDCSTAT02401_OUT
recent3,KOSPI200,foreign,003550,LG,392165,362181,-29984,43381835250,40107001150,-3274834100,KRX MDCSTAT02401_OUT
recent3,KOSPI200,foreign,012450,한화에어로스페이스,145562,142251,-3311,147893369258,144563049258,-3330320000,KRX MDCSTAT02401_OUT
recent3,KOSPI200,foreign,034220,LG디스플레이,4618603,4189429,-429174,38575815090,35107249745,-3468565345,KRX MDCSTAT02401_OUT
recent3,KOSPI200,foreign,016360,삼성증권,446607,404954,-41653,39570986500,35951252100,-3619734400,KRX MDCSTAT02401_OUT
recent3,KOSPI200,foreign,192820,코스맥스,110577,97357,-13220,30477186000,26823401500,-3653784500,KRX MDCSTAT02401_OUT
recent3,KOSPI200,foreign,326030,SK바이오팜,174099,124540,-49559,13069047800,9372769000,-3696278800,KRX MDCSTAT02401_OUT
recent3,KOSPI200,foreign,047810,한국항공우주,259227,227954,-31273,32883350400,28929035000,-3954315400,KRX MDCSTAT02401_OUT
recent3,KOSPI200,foreign,096770,SK이노베이션,843167,814231,-28936,122482590250,118391485750,-4091104500,KRX MDCSTAT02401_OUT
recent3,KOSPI200,foreign,457190,이수스페셜티케미컬,530074,457879,-72195,39421434250,34749017550,-4672416700,KRX MDCSTAT02401_OUT
recent3,KOSPI200,foreign,241560,두산밥캣,466000,381052,-84948,25548266750,20857168350,-4691098400,KRX MDCSTAT02401_OUT
recent3,KOSPI200,foreign,051600,한전KPS,244489,137851,-106638,10817422650,6108522550,-4708900100,KRX MDCSTAT02401_OUT
recent3,KOSPI200,foreign,112610,씨에스윈드,408376,309831,-98545,20894155375,16110664975,-4783490400,KRX MDCSTAT02401_OUT
recent3,KOSPI200,foreign,003490,대한항공,1979211,1817720,-161491,62208975225,57377150350,-4831824875,KRX MDCSTAT02401_OUT
recent3,KOSPI200,foreign,011170,롯데케미칼,166624,80507,-86117,10080299350,4858593000,-5221706350,KRX MDCSTAT02401_OUT
recent3,KOSPI200,foreign,066970,엘앤에프,282192,233169,-49023,31217694650,25943721350,-5273973300,KRX MDCSTAT02401_OUT
recent3,KOSPI200,foreign,009540,HD한국조선해양,302200,285784,-16416,97977565964,92615413464,-5362152500,KRX MDCSTAT02401_OUT
recent3,KOSPI200,foreign,062040,산일전기,236495,211403,-25092,49208927100,43768150550,-5440776550,KRX MDCSTAT02401_OUT
recent3,KOSPI200,foreign,352820,하이브,189330,154969,-34361,29820641850,24310346150,-5510295700,KRX MDCSTAT02401_OUT
recent3,KOSPI200,foreign,001430,세아베스틸지주,211599,90060,-121539,9611819400,4075435400,-5536384000,KRX MDCSTAT02401_OUT
recent3,KOSPI200,foreign,017800,현대엘리베이터,139246,60444,-78802,10131545250,4388114100,-5743431150,KRX MDCSTAT02401_OUT
recent3,KOSPI200,foreign,361610,SK아이이테크놀로지,532761,180685,-352076,8946698225,3079501220,-5867197005,KRX MDCSTAT02401_OUT
recent3,KOSPI200,foreign,090430,아모레퍼시픽,264748,222747,-42001,36966820600,30980544050,-5986276550,KRX MDCSTAT02401_OUT
recent3,KOSPI200,foreign,175330,JB금융지주,846709,624974,-221735,24872184875,18212296525,-6659888350,KRX MDCSTAT02401_OUT
recent3,KOSPI200,foreign,035720,카카오,1240905,1041933,-198972,41682286925,35011728275,-6670558650,KRX MDCSTAT02401_OUT
recent3,KOSPI200,foreign,267270,HD건설기계,263189,207786,-55403,32356875900,25404649100,-6952226800,KRX MDCSTAT02401_OUT
recent3,KOSPI200,foreign,139130,iM금융지주,1132199,735752,-396447,20775901940,13494865920,-7281036020,KRX MDCSTAT02401_OUT
recent3,KOSPI200,foreign,021240,코웨이,352394,280567,-71827,35327998000,28038554550,-7289443450,KRX MDCSTAT02401_OUT
recent3,KOSPI200,foreign,064350,현대로템,810951,740112,-70839,90987763350,83232792900,-7754970450,KRX MDCSTAT02401_OUT
recent3,KOSPI200,foreign,028260,삼성물산,460364,437779,-22585,158346553016,150588281516,-7758271500,KRX MDCSTAT02401_OUT
recent3,KOSPI200,foreign,011790,SKC,344846,263305,-81541,34153786350,25923779200,-8230007150,KRX MDCSTAT02401_OUT
recent3,KOSPI200,foreign,066570,LG전자,708046,664883,-43163,150574584500,141995524000,-8579060500,KRX MDCSTAT02401_OUT
recent3,KOSPI200,foreign,138930,BNK금융지주,1682870,1140373,-542497,26837447055,18196097660,-8641349395,KRX MDCSTAT02401_OUT
recent3,KOSPI200,foreign,008770,호텔신라,384296,155328,-228968,15187294025,6130937450,-9056356575,KRX MDCSTAT02401_OUT
recent3,KOSPI200,foreign,018880,한온시스템,13291921,10549651,-2742270,46993942051,37554403369,-9439538682,KRX MDCSTAT02401_OUT
recent3,KOSPI200,foreign,051900,LG생활건강,186806,151005,-35801,51376790250,41395972250,-9980818000,KRX MDCSTAT02401_OUT
recent3,KOSPI200,foreign,088350,한화생명,4205659,2346602,-1859057,22905289965,12734712225,-10170577740,KRX MDCSTAT02401_OUT
recent3,KOSPI200,foreign,138040,메리츠금융지주,263523,181769,-81754,33946405450,23365891550,-10580513900,KRX MDCSTAT02401_OUT
recent3,KOSPI200,foreign,015760,한국전력,937167,583238,-353929,28169987175,17551807225,-10618179950,KRX MDCSTAT02401_OUT
recent3,KOSPI200,foreign,267250,HD현대,248686,192558,-56128,49935545550,38826712350,-11108833200,KRX MDCSTAT02401_OUT
recent3,KOSPI200,foreign,000720,현대건설,499014,399622,-99392,58702574900,47045878000,-11656696900,KRX MDCSTAT02401_OUT
recent3,KOSPI200,foreign,000270,기아,1791336,1676352,-114984,204233278350,191283424150,-12949854200,KRX MDCSTAT02401_OUT
recent3,KOSPI200,foreign,024110,기업은행,1601636,915506,-686130,32469706100,18562271275,-13907434825,KRX MDCSTAT02401_OUT
recent3,KOSPI200,foreign,032830,삼성생명,381013,332268,-48745,108362525000,94333856000,-14028669000,KRX MDCSTAT02401_OUT
recent3,KOSPI200,foreign,323410,카카오뱅크,1361854,591350,-770504,27153495665,11796002395,-15357493270,KRX MDCSTAT02401_OUT
recent3,KOSPI200,foreign,010060,OCI홀딩스,254990,182182,-72808,55555352250,40088908500,-15466443750,KRX MDCSTAT02401_OUT
recent3,KOSPI200,foreign,006260,LS,147260,95063,-52197,45090539250,29377445250,-15713094000,KRX MDCSTAT02401_OUT
recent3,KOSPI200,foreign,000810,삼성화재,128747,103542,-25205,82632561000,66328261500,-16304299500,KRX MDCSTAT02401_OUT
recent3,KOSPI200,foreign,051910,LG화학,360830,295059,-65771,90922282000,74533645000,-16388637000,KRX MDCSTAT02401_OUT
recent3,KOSPI200,foreign,402340,SK스퀘어,648993,633078,-15915,729478274748,712482214748,-16996060000,KRX MDCSTAT02401_OUT
recent3,KOSPI200,foreign,033780,KT&G,510812,412480,-98332,90090646700,72820932250,-17269714450,KRX MDCSTAT02401_OUT
recent3,KOSPI200,foreign,036570,NC,205428,125435,-79993,45503972750,27568120500,-17935852250,KRX MDCSTAT02401_OUT
recent3,KOSPI200,foreign,373220,LG에너지솔루션,265309,213620,-51689,93968006750,75725034500,-18242972250,KRX MDCSTAT02401_OUT
recent3,KOSPI200,foreign,000990,DB하이텍,715454,546681,-168773,98520648550,74980428850,-23540219700,KRX MDCSTAT02401_OUT
recent3,KOSPI200,foreign,047050,포스코인터내셔널,786585,335319,-451266,43744217650,18823005350,-24921212300,KRX MDCSTAT02401_OUT
recent3,KOSPI200,foreign,009830,한화솔루션,3958478,3159729,-798749,131064390975,105801031350,-25263359625,KRX MDCSTAT02401_OUT
recent3,KOSPI200,foreign,014680,한솔케미칼,154111,58961,-95150,40384557000,15094096500,-25290460500,KRX MDCSTAT02401_OUT
recent3,KOSPI200,foreign,267260,HD현대일렉트릭,508113,470155,-37958,341452732500,315683587500,-25769145000,KRX MDCSTAT02401_OUT
recent3,KOSPI200,foreign,011070,LG이노텍,362741,313935,-48806,207449965000,179816406500,-27633558500,KRX MDCSTAT02401_OUT
recent3,KOSPI200,foreign,000150,두산,82239,61833,-20406,113438714500,85248087500,-28190627000,KRX MDCSTAT02401_OUT
recent3,KOSPI200,foreign,028050,삼성E&A,2554132,1941718,-612414,121941204686,92757772136,-29183432550,KRX MDCSTAT02401_OUT
recent3,KOSPI200,foreign,006400,삼성SDI,280136,222956,-57180,144067140000,114661221000,-29405919000,KRX MDCSTAT02401_OUT
recent3,KOSPI200,foreign,042660,한화오션,956986,582373,-374613,75302878650,45866693450,-29436185200,KRX MDCSTAT02401_OUT
recent3,KOSPI200,foreign,005490,POSCO홀딩스,279184,170733,-108451,85393106250,52211596500,-33181509750,KRX MDCSTAT02401_OUT
recent3,KOSPI200,foreign,001440,대한전선,2001467,841290,-1160177,59595521750,25210330250,-34385191500,KRX MDCSTAT02401_OUT
recent3,KOSPI200,foreign,035420,NAVER,644300,455500,-188800,124470314700,88316162650,-36154152050,KRX MDCSTAT02401_OUT
recent3,KOSPI200,foreign,012330,현대모비스,556968,441735,-115233,207133671750,164330701000,-42802970750,KRX MDCSTAT02401_OUT
recent3,KOSPI200,foreign,009150,삼성전기,563111,523970,-39141,854925770597,802580485097,-52345285500,KRX MDCSTAT02401_OUT
recent3,KOSPI200,foreign,010140,삼성중공업,5601059,2899651,-2701408,109536220275,57170951145,-52365269130,KRX MDCSTAT02401_OUT
recent3,KOSPI200,foreign,047040,대우건설,6420305,3180647,-3239658,112834677940,56471980805,-56362697135,KRX MDCSTAT02401_OUT
recent3,KOSPI200,foreign,034020,두산에너빌리티,2308363,1367945,-940418,186979022900,111238202750,-75740820150,KRX MDCSTAT02401_OUT
recent3,KOSPI200,foreign,055550,신한지주,2667693,1936709,-730984,284664036354,206376324204,-78287712150,KRX MDCSTAT02401_OUT
recent3,KOSPI200,foreign,105560,KB금융,2116836,1621595,-495241,358568930426,274798861176,-83770069250,KRX MDCSTAT02401_OUT
recent3,KOSPI200,foreign,005380,현대차,732244,444139,-288105,254096978750,154245396250,-99851582500,KRX MDCSTAT02401_OUT
recent3,KOSPI200,foreign,005930,삼성전자,18566737,12102493,-6464244,5025619742765,3279905363515,-1745714379250,KRX MDCSTAT02401_OUT
recent3,KOSPI200,foreign,000660,SK하이닉스,3879612,2527258,-1352354,6901682964121,4511253834621,-2390429129500,KRX MDCSTAT02401_OUT
recent3,KOSPI200,institution,009150,삼성전기,472337,570771,98434,718220230000,869327612500,151107382500,KRX MDCSTAT02401_OUT
recent3,KOSPI200,institution,042700,한미반도체,241576,582182,340606,61506842750,148470673250,86963830500,KRX MDCSTAT02401_OUT
recent3,KOSPI200,institution,055550,신한지주,762840,1230539,467699,81529103550,131833749150,50304645600,KRX MDCSTAT02401_OUT
recent3,KOSPI200,institution,066570,LG전자,302283,503865,201582,64379117000,106904554000,42525437000,KRX MDCSTAT02401_OUT
recent3,KOSPI200,institution,014680,한솔케미칼,32258,179690,147432,8430004250,47426804000,38996799750,KRX MDCSTAT02401_OUT
recent3,KOSPI200,institution,105560,KB금융,739594,950380,210786,125376829150,161297366900,35920537750,KRX MDCSTAT02401_OUT
recent3,KOSPI200,institution,011070,LG이노텍,134095,191279,57184,76410894500,109961099500,33550205000,KRX MDCSTAT02401_OUT
recent3,KOSPI200,institution,000990,DB하이텍,241521,477427,235906,33136902900,65908703250,32771800350,KRX MDCSTAT02401_OUT
recent3,KOSPI200,institution,009830,한화솔루션,1084291,2025381,941090,36326368225,67914948875,31588580650,KRX MDCSTAT02401_OUT
recent3,KOSPI200,institution,007660,이수페타시스,292173,549832,257659,34277330850,64908463900,30631133050,KRX MDCSTAT02401_OUT
recent3,KOSPI200,institution,012330,현대모비스,309964,381012,71048,116145419500,142938092250,26792672750,KRX MDCSTAT02401_OUT
recent3,KOSPI200,institution,272210,한화시스템,369735,678891,309156,27747216300,51533350200,23786133900,KRX MDCSTAT02401_OUT
recent3,KOSPI200,institution,062040,산일전기,99034,206073,107039,20504083450,43308144950,22804061500,KRX MDCSTAT02401_OUT
recent3,KOSPI200,institution,036570,NC,101371,196373,95002,22512233500,44528930750,22016697250,KRX MDCSTAT02401_OUT
recent3,KOSPI200,institution,011790,SKC,115713,306192,190479,11163212600,30456278500,19293065900,KRX MDCSTAT02401_OUT
recent3,KOSPI200,institution,112610,씨에스윈드,114558,425587,311029,5849080400,22227664600,16378584200,KRX MDCSTAT02401_OUT
recent3,KOSPI200,institution,373220,LG에너지솔루션,237173,277464,40291,83957169000,98662873750,14705704750,KRX MDCSTAT02401_OUT
recent3,KOSPI200,institution,402340,SK스퀘어,445091,457221,12130,499878290000,514528883000,14650593000,KRX MDCSTAT02401_OUT
recent3,KOSPI200,institution,079550,LIG디펜스앤에어로스페이스,61480,80773,19293,42428626000,56802566500,14373940500,KRX MDCSTAT02401_OUT
recent3,KOSPI200,institution,034730,SK,93406,116834,23428,54545944000,68197594000,13651650000,KRX MDCSTAT02401_OUT
recent3,KOSPI200,institution,018880,한온시스템,1908366,5431598,3523232,6780975125,19237288974,12456313849,KRX MDCSTAT02401_OUT
recent3,KOSPI200,institution,003490,대한항공,1464761,1789285,324524,46088812800,56332476325,10243663525,KRX MDCSTAT02401_OUT
recent3,KOSPI200,institution,093370,후성,878893,1541520,662627,13257553205,23353740665,10096187460,KRX MDCSTAT02401_OUT
recent3,KOSPI200,institution,016360,삼성증권,169071,272083,103012,14951324000,24135933000,9184609000,KRX MDCSTAT02401_OUT
recent3,KOSPI200,institution,192820,코스맥스,54564,84159,29595,14996094750,23169288000,8173193250,KRX MDCSTAT02401_OUT
recent3,KOSPI200,institution,483650,달바글로벌,30872,73978,43106,5736500900,13812358500,8075857600,KRX MDCSTAT02401_OUT
recent3,KOSPI200,institution,000810,삼성화재,41139,53318,12179,26128232500,34134727500,8006495000,KRX MDCSTAT02401_OUT
recent3,KOSPI200,institution,138040,메리츠금융지주,116696,176631,59935,14986895700,22813199900,7826304200,KRX MDCSTAT02401_OUT
recent3,KOSPI200,institution,005940,NH투자증권,379355,671209,291854,9935342200,17590584725,7655242525,KRX MDCSTAT02401_OUT
recent3,KOSPI200,institution,021240,코웨이,79367,149028,69661,7954253850,15042846650,7088592800,KRX MDCSTAT02401_OUT
recent3,KOSPI200,institution,139130,iM금융지주,223009,602953,379944,4098318145,11093452975,6995134830,KRX MDCSTAT02401_OUT
recent3,KOSPI200,institution,001430,세아베스틸지주,74806,224632,149826,3377956075,10256418050,6878461975,KRX MDCSTAT02401_OUT
recent3,KOSPI200,institution,028670,팬오션,1406043,2358983,952940,8144633995,13740631595,5595997600,KRX MDCSTAT02401_OUT
recent3,KOSPI200,institution,011170,롯데케미칼,55690,136200,80510,3356513250,8270374050,4913860800,KRX MDCSTAT02401_OUT
recent3,KOSPI200,institution,090430,아모레퍼시픽,196254,228862,32608,27209323600,32009542700,4800219100,KRX MDCSTAT02401_OUT
recent3,KOSPI200,institution,028260,삼성물산,207050,220239,13189,71102195250,75801651500,4699456250,KRX MDCSTAT02401_OUT
recent3,KOSPI200,institution,316140,우리금융지주,1658222,1801378,143156,57213318000,61868792005,4655474005,KRX MDCSTAT02401_OUT
recent3,KOSPI200,institution,082740,한화엔진,434428,511529,77101,20773805600,24909883475,4136077875,KRX MDCSTAT02401_OUT
recent3,KOSPI200,institution,047050,포스코인터내셔널,348132,414651,66519,19207140550,23115443400,3908302850,KRX MDCSTAT02401_OUT
recent3,KOSPI200,institution,051900,LG생활건강,37650,51151,13501,10297806000,14145068500,3847262500,KRX MDCSTAT02401_OUT
recent3,KOSPI200,institution,068270,셀트리온,280703,299024,18321,50298565750,53924451250,3625885500,KRX MDCSTAT02401_OUT
recent3,KOSPI200,institution,001040,CJ,59615,86416,26801,8018130900,11626876100,3608745200,KRX MDCSTAT02401_OUT
recent3,KOSPI200,institution,0126Z0,삼성에피스홀딩스,10835,20700,9865,3840450750,7407033250,3566582500,KRX MDCSTAT02401_OUT
recent3,KOSPI200,institution,010060,OCI홀딩스,108626,124309,15683,23777168000,27339728250,3562560250,KRX MDCSTAT02401_OUT
recent3,KOSPI200,institution,004370,농심,13134,21176,8042,5308152500,8571367000,3263214500,KRX MDCSTAT02401_OUT
recent3,KOSPI200,institution,003030,세아제강지주,42252,70101,27849,4770435850,7924964700,3154528850,KRX MDCSTAT02401_OUT
recent3,KOSPI200,institution,010950,S-Oil,206094,222354,16260,31987040850,34925708150,2938667300,KRX MDCSTAT02401_OUT
recent3,KOSPI200,institution,030000,제일기획,456742,584612,127870,8471445235,10868457760,2397012525,KRX MDCSTAT02401_OUT
recent3,KOSPI200,institution,005850,에스엘,47345,91363,44018,2368844350,4687708800,2318864450,KRX MDCSTAT02401_OUT
recent3,KOSPI200,institution,003230,삼양식품,24767,26524,1757,30195368500,32427575500,2232207000,KRX MDCSTAT02401_OUT
recent3,KOSPI200,institution,207940,삼성바이오로직스,44110,45403,1293,61822477500,63756488500,1934011000,KRX MDCSTAT02401_OUT
recent3,KOSPI200,institution,457190,이수스페셜티케미컬,131176,153489,22313,9862023750,11665242450,1803218700,KRX MDCSTAT02401_OUT
recent3,KOSPI200,institution,024110,기업은행,520039,605313,85274,10516906875,12311291650,1794384775,KRX MDCSTAT02401_OUT
recent3,KOSPI200,institution,008930,한미사이언스,59988,91221,31233,3152778400,4788286300,1635507900,KRX MDCSTAT02401_OUT
recent3,KOSPI200,institution,175330,JB금융지주,461415,507454,46039,13383157850,14926596150,1543438300,KRX MDCSTAT02401_OUT
recent3,KOSPI200,institution,361610,SK아이이테크놀로지,143782,226833,83051,2412067210,3846215980,1434148770,KRX MDCSTAT02401_OUT
recent3,KOSPI200,institution,007340,DN오토모티브,87593,115425,27832,4308577700,5692270150,1383692450,KRX MDCSTAT02401_OUT
recent3,KOSPI200,institution,009240,한샘,10783,44248,33465,423038300,1742712050,1319673750,KRX MDCSTAT02401_OUT
recent3,KOSPI200,institution,039490,키움증권,49639,54095,4456,12601882000,13878022750,1276140750,KRX MDCSTAT02401_OUT
recent3,KOSPI200,institution,097950,CJ제일제당,29600,36655,7055,5282331650,6544127800,1261796150,KRX MDCSTAT02401_OUT
recent3,KOSPI200,institution,033780,KT&G,138139,144697,6558,24326445400,25511905350,1185459950,KRX MDCSTAT02401_OUT
recent3,KOSPI200,institution,000240,한국앤컴퍼니,26811,69604,42793,669220575,1738932575,1069712000,KRX MDCSTAT02401_OUT
recent3,KOSPI200,institution,081660,미스토홀딩스,61170,89076,27906,2308699600,3376901875,1068202275,KRX MDCSTAT02401_OUT
recent3,KOSPI200,institution,004990,롯데지주,47157,79451,32294,1129072900,1908942225,779869325,KRX MDCSTAT02401_OUT
recent3,KOSPI200,institution,103140,풍산,47234,55493,8259,3669075250,4315425050,646349800,KRX MDCSTAT02401_OUT
recent3,KOSPI200,institution,069620,대웅제약,15084,21026,5942,1614617850,2254952150,640334300,KRX MDCSTAT02401_OUT
recent3,KOSPI200,institution,138930,BNK금융지주,407364,445862,38498,6488727070,7120708010,631980940,KRX MDCSTAT02401_OUT
recent3,KOSPI200,institution,012750,에스원,45590,52309,6719,3780423700,4341919500,561495800,KRX MDCSTAT02401_OUT
recent3,KOSPI200,institution,454910,두산로보틱스,59820,67098,7278,4121138550,4652861650,531723100,KRX MDCSTAT02401_OUT
recent3,KOSPI200,institution,017800,현대엘리베이터,73672,80293,6621,5346359400,5865892550,519533150,KRX MDCSTAT02401_OUT
recent3,KOSPI200,institution,001440,대한전선,395610,413790,18180,11825012825,12312056550,487043725,KRX MDCSTAT02401_OUT
recent3,KOSPI200,institution,006280,녹십자,14008,17199,3191,1738383800,2180691450,442307650,KRX MDCSTAT02401_OUT
recent3,KOSPI200,institution,002790,아모레퍼시픽홀딩스,39734,51098,11364,1030407325,1340552325,310145000,KRX MDCSTAT02401_OUT
recent3,KOSPI200,institution,022100,포스코DX,130937,143493,12556,2618463870,2876894360,258430490,KRX MDCSTAT02401_OUT
recent3,KOSPI200,institution,128940,한미약품,58710,58611,-99,29550609750,29785891500,235281750,KRX MDCSTAT02401_OUT
recent3,KOSPI200,institution,009970,영원무역홀딩스,6827,8244,1417,1114435600,1345558350,231122750,KRX MDCSTAT02401_OUT
recent3,KOSPI200,institution,002030,아세아,1541,2625,1084,311136100,535268100,224132000,KRX MDCSTAT02401_OUT
recent3,KOSPI200,institution,032640,LG유플러스,422084,436336,14252,6149907900,6364471475,214563575,KRX MDCSTAT02401_OUT
recent3,KOSPI200,institution,000670,영풍,23538,28154,4616,969227050,1169601875,200374825,KRX MDCSTAT02401_OUT
recent3,KOSPI200,institution,300720,한일시멘트,43527,55632,12105,701965330,899509665,197544335,KRX MDCSTAT02401_OUT
recent3,KOSPI200,institution,008730,율촌화학,16512,27442,10930,239482190,399721510,160239320,KRX MDCSTAT02401_OUT
recent3,KOSPI200,institution,007310,오뚜기,1271,1648,377,400488750,519936000,119447250,KRX MDCSTAT02401_OUT
recent3,KOSPI200,institution,026960,동서,51575,55013,3438,1319526250,1412194875,92668625,KRX MDCSTAT02401_OUT
recent3,KOSPI200,institution,326030,SK바이오팜,50454,51351,897,3776963650,3857969750,81006100,KRX MDCSTAT02401_OUT
recent3,KOSPI200,institution,005420,코스모화학,56411,63431,7020,577016410,653660335,76643925,KRX MDCSTAT02401_OUT
recent3,KOSPI200,institution,180640,한진칼,54355,54746,391,7287190050,7363325800,76135750,KRX MDCSTAT02401_OUT
recent3,KOSPI200,institution,069260,TKG휴켐스,42818,46853,4035,683574870,749217345,65642475,KRX MDCSTAT02401_OUT
recent3,KOSPI200,institution,073240,금호타이어,308800,314060,5260,2091577220,2140184230,48607010,KRX MDCSTAT02401_OUT
recent3,KOSPI200,institution,003240,태광산업,1376,1420,44,1242550000,1285618500,43068500,KRX MDCSTAT02401_OUT
recent3,KOSPI200,institution,071320,지역난방공사,8443,8881,438,662251000,699631250,37380250,KRX MDCSTAT02401_OUT
recent3,KOSPI200,institution,137310,에스디바이오센서,53324,56267,2943,327094580,346507790,19413210,KRX MDCSTAT02401_OUT
recent3,KOSPI200,institution,007700,F&F홀딩스,1411,1560,149,18837900,20844660,2006760,KRX MDCSTAT02401_OUT
recent3,KOSPI200,institution,001800,오리온홀딩스,50016,49672,-344,1172589225,1168855850,-3733375,KRX MDCSTAT02401_OUT
recent3,KOSPI200,institution,268280,미원에스씨,1230,1055,-175,159828950,137472000,-22356950,KRX MDCSTAT02401_OUT
recent3,KOSPI200,institution,014820,동원시스템즈,19761,18464,-1297,414458825,388097300,-26361525,KRX MDCSTAT02401_OUT
recent3,KOSPI200,institution,002840,미원상사,3608,2988,-620,488419300,406269200,-82150100,KRX MDCSTAT02401_OUT
recent3,KOSPI200,institution,298050,HS효성첨단소재,5316,4773,-543,854371700,768876100,-85495600,KRX MDCSTAT02401_OUT
recent3,KOSPI200,institution,003090,대웅,69903,63829,-6074,1076984425,985223480,-91760945,KRX MDCSTAT02401_OUT
recent3,KOSPI200,institution,005300,롯데칠성,5414,4400,-1014,514646550,418353200,-96293350,KRX MDCSTAT02401_OUT
recent3,KOSPI200,institution,001680,대상,36763,30490,-6273,660052895,548619630,-111433265,KRX MDCSTAT02401_OUT
recent3,KOSPI200,institution,280360,롯데웰푸드,13134,12113,-1021,1619258550,1497990350,-121268200,KRX MDCSTAT02401_OUT
recent3,KOSPI200,institution,034230,파라다이스,119992,102153,-17839,1125806725,960476375,-165330350,KRX MDCSTAT02401_OUT
recent3,KOSPI200,institution,006800,미래에셋증권,550864,539351,-11513,17131758550,16836165900,-295592650,KRX MDCSTAT02401_OUT
recent3,KOSPI200,institution,006040,동원산업,17532,8471,-9061,620900425,300328450,-320571975,KRX MDCSTAT02401_OUT
recent3,KOSPI200,institution,011210,현대위아,29584,23384,-6200,1557415600,1233737650,-323677950,KRX MDCSTAT02401_OUT
recent3,KOSPI200,institution,302440,SK바이오사이언스,52326,42072,-10254,1894042850,1520779425,-373263425,KRX MDCSTAT02401_OUT
recent3,KOSPI200,institution,000080,하이트진로,81269,54774,-26495,1211638685,817738540,-393900145,KRX MDCSTAT02401_OUT
recent3,KOSPI200,institution,035250,강원랜드,177642,148672,-28970,2542474835,2129448400,-413026435,KRX MDCSTAT02401_OUT
recent3,KOSPI200,institution,185750,종근당,12802,6242,-6560,824576950,402562150,-422014800,KRX MDCSTAT02401_OUT
recent3,KOSPI200,institution,000120,CJ대한통운,21486,14928,-6558,1501400350,1047726200,-453674150,KRX MDCSTAT02401_OUT
recent3,KOSPI200,institution,000880,한화,40758,37044,-3714,5153106750,4676827700,-476279050,KRX MDCSTAT02401_OUT
recent3,KOSPI200,institution,018260,삼성에스디에스,65620,63011,-2609,14347872500,13819848250,-528024250,KRX MDCSTAT02401_OUT
recent3,KOSPI200,institution,001450,현대해상,289361,274321,-15040,14073445750,13448775325,-624670425,KRX MDCSTAT02401_OUT
recent3,KOSPI200,institution,003550,LG,123375,117616,-5759,13634284500,13005114750,-629169750,KRX MDCSTAT02401_OUT
recent3,KOSPI200,institution,088350,한화생명,1329544,1188964,-140580,7294024665,6589243375,-704781290,KRX MDCSTAT02401_OUT
recent3,KOSPI200,institution,004000,롯데정밀화학,37753,21034,-16719,1623394875,905971050,-717423825,KRX MDCSTAT02401_OUT
recent3,KOSPI200,institution,051910,LG화학,154920,151345,-3575,39073213500,38249907750,-823305750,KRX MDCSTAT02401_OUT
recent3,KOSPI200,institution,111770,영원무역,40079,28015,-12064,2773487100,1949476200,-824010900,KRX MDCSTAT02401_OUT
recent3,KOSPI200,institution,006650,대한유화,15689,5964,-9725,1388859600,529329550,-859530050,KRX MDCSTAT02401_OUT
recent3,KOSPI200,institution,285130,SK케미칼,34388,17291,-17097,1760170400,886042900,-874127500,KRX MDCSTAT02401_OUT
recent3,KOSPI200,institution,017960,한국카본,104524,57663,-46861,2092630925,1156650475,-935980450,KRX MDCSTAT02401_OUT
recent3,KOSPI200,institution,251270,넷마블,112803,85562,-27241,3918839450,2979269400,-939570050,KRX MDCSTAT02401_OUT
recent3,KOSPI200,institution,139480,이마트,51765,36310,-15455,3691714900,2595164100,-1096550800,KRX MDCSTAT02401_OUT
recent3,KOSPI200,institution,161890,한국콜마,116459,108432,-8027,17228177450,16058155650,-1170021800,KRX MDCSTAT02401_OUT
recent3,KOSPI200,institution,192080,더블유게임즈,39454,19392,-20062,2302659900,1131021900,-1171638000,KRX MDCSTAT02401_OUT
recent3,KOSPI200,institution,009540,HD한국조선해양,109873,105886,-3987,35558880250,34348968250,-1209912000,KRX MDCSTAT02401_OUT
recent3,KOSPI200,institution,002380,KCC,10639,7933,-2706,5009983750,3736876250,-1273107500,KRX MDCSTAT02401_OUT
recent3,KOSPI200,institution,047810,한국항공우주,137092,126423,-10669,17402747950,16074379300,-1328368650,KRX MDCSTAT02401_OUT
recent3,KOSPI200,institution,450080,에코프로머티,248709,206637,-42072,8641718000,7246804300,-1394913700,KRX MDCSTAT02401_OUT
recent3,KOSPI200,institution,036460,한국가스공사,117972,74490,-43482,4109746700,2601396450,-1508350250,KRX MDCSTAT02401_OUT
recent3,KOSPI200,institution,204320,HL만도,91207,57827,-33380,4196955525,2661085425,-1535870100,KRX MDCSTAT02401_OUT
recent3,KOSPI200,institution,029780,삼성카드,86911,50193,-36718,3663226650,2119842750,-1543383900,KRX MDCSTAT02401_OUT
recent3,KOSPI200,institution,000210,DL,65573,33837,-31736,3269327625,1696309525,-1573018100,KRX MDCSTAT02401_OUT
recent3,KOSPI200,institution,007070,GS리테일,142232,64282,-77950,3187859100,1453806950,-1734052150,KRX MDCSTAT02401_OUT
recent3,KOSPI200,institution,005830,DB손해보험,138538,127628,-10910,25739591550,23803524700,-1936066850,KRX MDCSTAT02401_OUT
recent3,KOSPI200,institution,034220,LG디스플레이,650414,409394,-241020,5435187060,3434776725,-2000410335,KRX MDCSTAT02401_OUT
recent3,KOSPI200,institution,352820,하이브,133996,120919,-13077,21074030450,19016598550,-2057431900,KRX MDCSTAT02401_OUT
recent3,KOSPI200,institution,011780,금호석유화학,38682,19437,-19245,4452499050,2241326850,-2211172200,KRX MDCSTAT02401_OUT
recent3,KOSPI200,institution,323410,카카오뱅크,557092,442488,-114604,11106394895,8839761230,-2266633665,KRX MDCSTAT02401_OUT
recent3,KOSPI200,institution,377300,카카오페이,114672,56801,-57871,4581406725,2270103975,-2311302750,KRX MDCSTAT02401_OUT
recent3,KOSPI200,institution,282330,BGF리테일,43009,24722,-18287,5591586050,3217086750,-2374499300,KRX MDCSTAT02401_OUT
recent3,KOSPI200,institution,066970,엘앤에프,301615,278628,-22987,33357108000,30960964850,-2396143150,KRX MDCSTAT02401_OUT
recent3,KOSPI200,institution,051600,한전KPS,156655,93611,-63044,6912824775,4140606700,-2772218075,KRX MDCSTAT02401_OUT
recent3,KOSPI200,institution,271560,오리온,60077,32364,-27713,6473637850,3514423200,-2959214650,KRX MDCSTAT02401_OUT
recent3,KOSPI200,institution,009420,한올바이오파마,314804,236555,-78249,13958086250,10834905675,-3123180575,KRX MDCSTAT02401_OUT
recent3,KOSPI200,institution,064400,LG씨엔에스,145253,98050,-47203,10076771400,6806399100,-3270372300,KRX MDCSTAT02401_OUT
recent3,KOSPI200,institution,071970,HD현대마린엔진,140445,58976,-81469,6698534625,2855067775,-3843466850,KRX MDCSTAT02401_OUT
recent3,KOSPI200,institution,023530,롯데쇼핑,81890,40507,-41383,8222842600,4092130200,-4130712400,KRX MDCSTAT02401_OUT
recent3,KOSPI200,institution,443060,HD현대마린솔루션,63398,45409,-17989,14923975750,10711269750,-4212706000,KRX MDCSTAT02401_OUT
recent3,KOSPI200,institution,008770,호텔신라,176929,68050,-108879,6956408600,2677022900,-4279385700,KRX MDCSTAT02401_OUT
recent3,KOSPI200,institution,069960,현대백화점,66813,17872,-48941,5942790950,1593665250,-4349125700,KRX MDCSTAT02401_OUT
recent3,KOSPI200,institution,052690,한전기술,153719,115483,-38236,18869817750,14312910600,-4556907150,KRX MDCSTAT02401_OUT
recent3,KOSPI200,institution,011200,HMM,626981,368067,-258914,13131318475,7745731250,-5385587225,KRX MDCSTAT02401_OUT
recent3,KOSPI200,institution,241560,두산밥캣,168448,69420,-99028,9249868850,3808350800,-5441518050,KRX MDCSTAT02401_OUT
recent3,KOSPI200,institution,000100,유한양행,219279,144597,-74682,16060279250,10616229450,-5444049800,KRX MDCSTAT02401_OUT
recent3,KOSPI200,institution,012450,한화에어로스페이스,84628,78802,-5826,85775179000,80186357000,-5588822000,KRX MDCSTAT02401_OUT
recent3,KOSPI200,institution,120110,코오롱인더,156411,48941,-107470,8566289500,2680844500,-5885445000,KRX MDCSTAT02401_OUT
recent3,KOSPI200,institution,035720,카카오,570015,392744,-177271,19149023225,13210225125,-5938798100,KRX MDCSTAT02401_OUT
recent3,KOSPI200,institution,267250,HD현대,121495,88647,-32848,24418213650,17821421450,-6596792200,KRX MDCSTAT02401_OUT
recent3,KOSPI200,institution,307950,현대오토에버,40229,20634,-19595,14891143750,7660137250,-7231006500,KRX MDCSTAT02401_OUT
recent3,KOSPI200,institution,375500,DL이앤씨,245855,147092,-98763,19003685650,11414160550,-7589525100,KRX MDCSTAT02401_OUT
recent3,KOSPI200,institution,298020,효성티앤씨,40113,13035,-27078,11335687500,3650163500,-7685524000,KRX MDCSTAT02401_OUT
recent3,KOSPI200,institution,003670,포스코퓨처엠,272749,226822,-45927,48330087800,40608166650,-7721921150,KRX MDCSTAT02401_OUT
recent3,KOSPI200,institution,161390,한국타이어앤테크놀로지,262008,121662,-140346,15382665250,7162091800,-8220573450,KRX MDCSTAT02401_OUT
recent3,KOSPI200,institution,030200,KT,391857,198080,-193777,20416324800,10357278400,-10059046400,KRX MDCSTAT02401_OUT
recent3,KOSPI200,institution,259960,크래프톤,119006,64249,-54757,23490969750,12716690650,-10774279100,KRX MDCSTAT02401_OUT
recent3,KOSPI200,institution,032830,삼성생명,182429,142996,-39433,51710626500,40623667250,-11086959250,KRX MDCSTAT02401_OUT
recent3,KOSPI200,institution,071050,한국금융지주,168659,104907,-63752,29969217150,18662363700,-11306853450,KRX MDCSTAT02401_OUT
recent3,KOSPI200,institution,004020,현대제철,659602,271000,-388602,19813926975,8156247525,-11657679450,KRX MDCSTAT02401_OUT
recent3,KOSPI200,institution,278470,에이피알,123472,90103,-33369,44895369500,32860519500,-12034850000,KRX MDCSTAT02401_OUT
recent3,KOSPI200,institution,000150,두산,52304,43505,-8799,72113938000,60071583500,-12042354500,KRX MDCSTAT02401_OUT
recent3,KOSPI200,institution,086280,현대글로비스,143047,79032,-64015,28186572750,15599713400,-12586859350,KRX MDCSTAT02401_OUT
recent3,KOSPI200,institution,064350,현대로템,319657,207716,-111941,36035438150,23399560000,-12635878150,KRX MDCSTAT02401_OUT
recent3,KOSPI200,institution,010120,LS ELECTRIC,253224,190722,-62502,51543053550,38887548300,-12655505250,KRX MDCSTAT02401_OUT
recent3,KOSPI200,institution,015760,한국전력,1142398,707577,-434821,34364569775,21293835800,-13070733975,KRX MDCSTAT02401_OUT
recent3,KOSPI200,institution,004170,신세계,56653,17246,-39407,18925646500,5764357000,-13161289500,KRX MDCSTAT02401_OUT
recent3,KOSPI200,institution,298040,효성중공업,23985,18872,-5113,66796345500,52698970000,-14097375500,KRX MDCSTAT02401_OUT
recent3,KOSPI200,institution,017670,SK텔레콤,563733,385706,-178027,48319625500,33060233750,-15259391750,KRX MDCSTAT02401_OUT
recent3,KOSPI200,institution,005490,POSCO홀딩스,213551,161683,-51868,65321986250,49497174750,-15824811500,KRX MDCSTAT02401_OUT
recent3,KOSPI200,institution,078930,GS,390661,227787,-162874,40910570450,24019023750,-16891546700,KRX MDCSTAT02401_OUT
recent3,KOSPI200,institution,028050,삼성E&A,753129,393172,-359957,35857599775,18734307050,-17123292725,KRX MDCSTAT02401_OUT
recent3,KOSPI200,institution,047040,대우건설,2955183,1763121,-1192062,51908959930,31226089045,-20682870885,KRX MDCSTAT02401_OUT
recent3,KOSPI200,institution,005380,현대차,393709,330198,-63511,136594695500,114637786000,-21956909500,KRX MDCSTAT02401_OUT
recent3,KOSPI200,institution,267260,HD현대일렉트릭,109171,75640,-33531,72856753500,50829399000,-22027354500,KRX MDCSTAT02401_OUT
recent3,KOSPI200,institution,006260,LS,142507,62671,-79836,43075357250,19351495500,-23723861750,KRX MDCSTAT02401_OUT
recent3,KOSPI200,institution,010130,고려아연,33386,10434,-22952,35387588500,11087916500,-24299672000,KRX MDCSTAT02401_OUT
recent3,KOSPI200,institution,010140,삼성중공업,2793992,1442568,-1351424,54616324165,28312311975,-26304012190,KRX MDCSTAT02401_OUT
recent3,KOSPI200,institution,000270,기아,671983,439164,-232819,76646372300,50093040400,-26553331900,KRX MDCSTAT02401_OUT
recent3,KOSPI200,institution,006400,삼성SDI,284750,229492,-55258,146095359500,117987581500,-28107778000,KRX MDCSTAT02401_OUT
recent3,KOSPI200,institution,042660,한화오션,673276,260800,-412476,52884416500,20528980150,-32355436350,KRX MDCSTAT02401_OUT
recent3,KOSPI200,institution,086790,하나금융지주,810742,550482,-260260,106045388550,72184178800,-33861209750,KRX MDCSTAT02401_OUT
recent3,KOSPI200,institution,267270,HD건설기계,362081,81510,-280571,43938902600,10014484900,-33924417700,KRX MDCSTAT02401_OUT
recent3,KOSPI200,institution,000720,현대건설,546822,246091,-300731,64099192100,28875281000,-35223911100,KRX MDCSTAT02401_OUT
recent3,KOSPI200,institution,034020,두산에너빌리티,1714818,1232220,-482598,138574914250,100141860150,-38433054100,KRX MDCSTAT02401_OUT
recent3,KOSPI200,institution,329180,HD현대중공업,235858,122974,-112884,101627864250,53136169000,-48491695250,KRX MDCSTAT02401_OUT
recent3,KOSPI200,institution,096770,SK이노베이션,912135,498243,-413892,131021852950,72817070100,-58204782850,KRX MDCSTAT02401_OUT
recent3,KOSPI200,institution,035420,NAVER,650882,241570,-409312,125651684000,46751307250,-78900376750,KRX MDCSTAT02401_OUT
recent3,KOSPI200,institution,000660,SK하이닉스,2518417,2449821,-68596,4495763617500,4377074331500,-118689286000,KRX MDCSTAT02401_OUT
recent3,KOSPI200,institution,005930,삼성전자,19469259,18159963,-1309296,5278232964500,4926651058500,-351581906000,KRX MDCSTAT02401_OUT
recent3,KOSDAQ150,foreign,036930,주성엔지니어링,816832,1073411,256579,186617217250,244144080500,57526863250,KRX MDCSTAT02401_OUT
recent3,KOSDAQ150,foreign,403870,HPSP,2705025,3460704,755679,170925556600,217608654000,46683097400,KRX MDCSTAT02401_OUT
recent3,KOSDAQ150,foreign,098460,고영,1109315,2327627,1218312,34814415925,73848850700,39034434775,KRX MDCSTAT02401_OUT
recent3,KOSDAQ150,foreign,080220,제주반도체,1006719,1417972,411253,81183158550,115016431750,33833273200,KRX MDCSTAT02401_OUT
recent3,KOSDAQ150,foreign,036540,SFA반도체,4301500,7105842,2804342,47379575630,77581972725,30202397095,KRX MDCSTAT02401_OUT
recent3,KOSDAQ150,foreign,214450,파마리서치,52650,146814,94164,16422249750,45742416500,29320166750,KRX MDCSTAT02401_OUT
recent3,KOSDAQ150,foreign,089030,테크윙,495465,976085,480620,26172737125,51903596075,25730858950,KRX MDCSTAT02401_OUT
recent3,KOSDAQ150,foreign,222800,심텍,438890,573122,134232,66377845450,86837646350,20459800900,KRX MDCSTAT02401_OUT
recent3,KOSDAQ150,foreign,086520,에코프로,464205,692751,228546,37157149600,56354374150,19197224550,KRX MDCSTAT02401_OUT
recent3,KOSDAQ150,foreign,196170,알테오젠,192012,263182,71170,49336991000,67466982000,18129991000,KRX MDCSTAT02401_OUT
recent3,KOSDAQ150,foreign,031980,피에스케이홀딩스,74847,153016,78169,13503218200,27864344450,14361126250,KRX MDCSTAT02401_OUT
recent3,KOSDAQ150,foreign,087010,펩트론,112268,209971,97703,15010211550,28120472150,13110260600,KRX MDCSTAT02401_OUT
recent3,KOSDAQ150,foreign,323280,태성,509458,696947,187489,28236270775,38430760425,10194489650,KRX MDCSTAT02401_OUT
recent3,KOSDAQ150,foreign,240810,원익IPS,1059936,1120898,60962,141443692250,149515136050,8071443800,KRX MDCSTAT02401_OUT
recent3,KOSDAQ150,foreign,161580,필옵틱스,682903,890249,207346,25952885525,33983302725,8030417200,KRX MDCSTAT02401_OUT
recent3,KOSDAQ150,foreign,096530,씨젠,397451,621601,224150,14021372800,21914851275,7893478475,KRX MDCSTAT02401_OUT
recent3,KOSDAQ150,foreign,277810,레인보우로보틱스,42018,58635,16617,17639642750,24918604750,7278962000,KRX MDCSTAT02401_OUT
recent3,KOSDAQ150,foreign,108490,로보티즈,161522,182221,20699,46278478750,52225402250,5946923500,KRX MDCSTAT02401_OUT
recent3,KOSDAQ150,foreign,131290,티에스이,83187,103009,19822,24425813750,30264902250,5839088500,KRX MDCSTAT02401_OUT
recent3,KOSDAQ150,foreign,475830,오름테라퓨틱,292485,548032,255547,6559597150,12287519375,5727922225,KRX MDCSTAT02401_OUT
recent3,KOSDAQ150,foreign,310210,보로노이,91937,130271,38334,12692451600,18062484850,5370033250,KRX MDCSTAT02401_OUT
recent3,KOSDAQ150,foreign,347850,디앤디파마텍,352390,479635,127245,15167987200,20460323850,5292336650,KRX MDCSTAT02401_OUT
recent3,KOSDAQ150,foreign,298380,에이비엘바이오,467554,562548,94994,23367524650,27995087375,4627562725,KRX MDCSTAT02401_OUT
recent3,KOSDAQ150,foreign,237690,에스티팜,53726,98393,44667,5000951900,9179364650,4178412750,KRX MDCSTAT02401_OUT
recent3,KOSDAQ150,foreign,058610,에스피지,60323,102008,41685,5895598400,10000696300,4105097900,KRX MDCSTAT02401_OUT
recent3,KOSDAQ150,foreign,399720,가온칩스,58219,140255,82036,2691396250,6544623600,3853227350,KRX MDCSTAT02401_OUT
recent3,KOSDAQ150,foreign,025980,아난티,745567,1499768,754201,3601134154,7230328188,3629194034,KRX MDCSTAT02401_OUT
recent3,KOSDAQ150,foreign,232140,와이씨,2443941,2680233,236292,36512165875,40004652815,3492486940,KRX MDCSTAT02401_OUT
recent3,KOSDAQ150,foreign,124500,아이티센글로벌,73498,181288,107790,2106241725,5185421425,3079179700,KRX MDCSTAT02401_OUT
recent3,KOSDAQ150,foreign,263750,펄어비스,283299,373710,90411,9370523575,12371593750,3001070175,KRX MDCSTAT02401_OUT
recent3,KOSDAQ150,foreign,253590,네오셈,707682,904184,196502,9751590685,12580901770,2829311085,KRX MDCSTAT02401_OUT
recent3,KOSDAQ150,foreign,067310,하나마이크론,1501408,1542980,41572,71769750500,74596442300,2826691800,KRX MDCSTAT02401_OUT
recent3,KOSDAQ150,foreign,420770,기가비스,46039,66973,20934,5840592050,8454479350,2613887300,KRX MDCSTAT02401_OUT
recent3,KOSDAQ150,foreign,050890,쏠리드,666265,930551,264286,6409424090,8977224785,2567800695,KRX MDCSTAT02401_OUT
recent3,KOSDAQ150,foreign,295310,에이치브이엠,125966,166861,40895,7478308900,9939663600,2461354700,KRX MDCSTAT02401_OUT
recent3,KOSDAQ150,foreign,043260,성호전자,2441874,2537031,95157,63490826125,65923929100,2433102975,KRX MDCSTAT02401_OUT
recent3,KOSDAQ150,foreign,053800,안랩,95968,128208,32240,7317343900,9740927300,2423583400,KRX MDCSTAT02401_OUT
recent3,KOSDAQ150,foreign,068760,셀트리온제약,61562,120823,59261,2364351550,4670363925,2306012375,KRX MDCSTAT02401_OUT
recent3,KOSDAQ150,foreign,293490,카카오게임즈,296004,508504,212500,2815891340,4907793455,2091902115,KRX MDCSTAT02401_OUT
recent3,KOSDAQ150,foreign,100790,미래에셋벤처투자,275929,389651,113722,4756860655,6773757105,2016896450,KRX MDCSTAT02401_OUT
recent3,KOSDAQ150,foreign,041190,우리기술투자,452905,783776,330871,2617969955,4531507765,1913537810,KRX MDCSTAT02401_OUT
recent3,KOSDAQ150,foreign,0009K0,에임드바이오,107760,185404,77644,2441353175,4279255250,1837902075,KRX MDCSTAT02401_OUT
recent3,KOSDAQ150,foreign,056080,유진로봇,266946,415259,148313,3120612680,4906646995,1786034315,KRX MDCSTAT02401_OUT
recent3,KOSDAQ150,foreign,048410,현대바이오,669312,913281,243969,4616590995,6324002605,1707411610,KRX MDCSTAT02401_OUT
recent3,KOSDAQ150,foreign,033100,제룡전기,43548,79188,35640,2070317025,3776305650,1705988625,KRX MDCSTAT02401_OUT
recent3,KOSDAQ150,foreign,466100,클로봇,131357,199480,68123,2944172025,4529098275,1584926250,KRX MDCSTAT02401_OUT
recent3,KOSDAQ150,foreign,090710,휴림로봇,649300,887850,238550,3943192900,5456665940,1513473040,KRX MDCSTAT02401_OUT
recent3,KOSDAQ150,foreign,042000,카페24,303436,368756,65320,5922753080,7213815030,1291061950,KRX MDCSTAT02401_OUT
recent3,KOSDAQ150,foreign,065350,신성델타테크,80617,119692,39075,2472916575,3734911500,1261994925,KRX MDCSTAT02401_OUT
recent3,KOSDAQ150,foreign,025320,시노펙스,348274,674333,326059,1322457800,2575076683,1252618883,KRX MDCSTAT02401_OUT
recent3,KOSDAQ150,foreign,082270,젬백스,111381,230475,119094,1174614230,2421763945,1247149715,KRX MDCSTAT02401_OUT
recent3,KOSDAQ150,foreign,036810,에프에스티,164971,199968,34997,5343683725,6523401900,1179718175,KRX MDCSTAT02401_OUT
recent3,KOSDAQ150,foreign,032500,케이엠더블유,120767,183034,62267,2267853500,3411648780,1143795280,KRX MDCSTAT02401_OUT
recent3,KOSDAQ150,foreign,140860,파크시스템스,66078,69954,3876,18650152000,19777861250,1127709250,KRX MDCSTAT02401_OUT
recent3,KOSDAQ150,foreign,125490,한라캐스트,393667,487109,93442,4657514555,5734098815,1076584260,KRX MDCSTAT02401_OUT
recent3,KOSDAQ150,foreign,358570,지아이이노베이션,436046,544993,108947,3687433975,4702389405,1014955430,KRX MDCSTAT02401_OUT
recent3,KOSDAQ150,foreign,388720,유일로보틱스,14061,28566,14505,948892850,1931376250,982483400,KRX MDCSTAT02401_OUT
recent3,KOSDAQ150,foreign,437730,삼현,189168,210033,20865,9340927500,10277332750,936405250,KRX MDCSTAT02401_OUT
recent3,KOSDAQ150,foreign,213420,덕산네오룩스,100003,126615,26612,2954881775,3732330300,777448525,KRX MDCSTAT02401_OUT
recent3,KOSDAQ150,foreign,090360,로보스타,55374,64661,9287,4204899500,4947841150,742941650,KRX MDCSTAT02401_OUT
recent3,KOSDAQ150,foreign,052400,코나아이,36306,55489,19183,1377326525,2106061475,728734950,KRX MDCSTAT02401_OUT
recent3,KOSDAQ150,foreign,141080,리가켐바이오,202135,211002,8867,16478090900,17149157250,671066350,KRX MDCSTAT02401_OUT
recent3,KOSDAQ150,foreign,033500,동성화인텍,104348,147059,42711,1643636985,2306419825,662782840,KRX MDCSTAT02401_OUT
recent3,KOSDAQ150,foreign,060370,LS마린솔루션,132393,153404,21011,4251936225,4910860175,658923950,KRX MDCSTAT02401_OUT
recent3,KOSDAQ150,foreign,348370,엔켐,119996,149634,29638,2453120990,3086244085,633123095,KRX MDCSTAT02401_OUT
recent3,KOSDAQ150,foreign,272290,이녹스첨단소재,66608,94786,28178,1436479825,2045566725,609086900,KRX MDCSTAT02401_OUT
recent3,KOSDAQ150,foreign,009520,포스코엠텍,76503,121401,44898,949645110,1512863845,563218735,KRX MDCSTAT02401_OUT
recent3,KOSDAQ150,foreign,060250,NHN KCP,154739,193843,39104,2082815595,2600172080,517356485,KRX MDCSTAT02401_OUT
recent3,KOSDAQ150,foreign,171090,선익시스템,35918,42257,6339,2500474850,2987371150,486896300,KRX MDCSTAT02401_OUT
recent3,KOSDAQ150,foreign,215200,메가스터디교육,49791,62730,12939,1837577500,2313282250,475704750,KRX MDCSTAT02401_OUT
recent3,KOSDAQ150,foreign,278280,천보,24299,36535,12236,862144050,1305722675,443578625,KRX MDCSTAT02401_OUT
recent3,KOSDAQ150,foreign,376300,디어유,159132,181942,22810,2891874410,3316110215,424235805,KRX MDCSTAT02401_OUT
recent3,KOSDAQ150,foreign,038500,삼표시멘트,244476,308124,63648,1598283285,2016850835,418567550,KRX MDCSTAT02401_OUT
recent3,KOSDAQ150,foreign,214430,아이쓰리시스템,31434,36940,5506,2317908700,2680341700,362433000,KRX MDCSTAT02401_OUT
recent3,KOSDAQ150,foreign,189300,인텔리안테크,36748,40851,4103,2458655250,2727818850,269163600,KRX MDCSTAT02401_OUT
recent3,KOSDAQ150,foreign,112040,위메이드,151922,164584,12662,2298061100,2526674945,228613845,KRX MDCSTAT02401_OUT
recent3,KOSDAQ150,foreign,030520,한컴,95563,107071,11508,1656335160,1857503435,201168275,KRX MDCSTAT02401_OUT
recent3,KOSDAQ150,foreign,025900,동화기업,35240,62118,26878,244170515,433644340,189473825,KRX MDCSTAT02401_OUT
recent3,KOSDAQ150,foreign,101730,위메이드맥스,135235,169126,33891,620767700,783955000,163187300,KRX MDCSTAT02401_OUT
recent3,KOSDAQ150,foreign,032190,다우데이타,50779,55040,4261,975372840,1055311805,79938965,KRX MDCSTAT02401_OUT
recent3,KOSDAQ150,foreign,007390,네이처셀,197504,196784,-720,4800545875,4830085475,29539600,KRX MDCSTAT02401_OUT
recent3,KOSDAQ150,foreign,060280,큐렉소,179844,175051,-4793,1470320510,1445909605,-24410905,KRX MDCSTAT02401_OUT
recent3,KOSDAQ150,foreign,352480,씨앤씨인터내셔널,14699,12562,-2137,310195900,265395625,-44800275,KRX MDCSTAT02401_OUT
recent3,KOSDAQ150,foreign,039200,오스코텍,153505,153122,-383,5561337200,5499449700,-61887500,KRX MDCSTAT02401_OUT
recent3,KOSDAQ150,foreign,348210,넥스틴,81361,80790,-571,2972190150,2903998050,-68192100,KRX MDCSTAT02401_OUT
recent3,KOSDAQ150,foreign,015750,성우하이텍,144063,127266,-16797,832864570,738254240,-94610330,KRX MDCSTAT02401_OUT
recent3,KOSDAQ150,foreign,194480,데브시스터즈,46884,37098,-9786,659920385,523990030,-135930355,KRX MDCSTAT02401_OUT
recent3,KOSDAQ150,foreign,036620,감성코퍼레이션,246675,207790,-38885,913600935,768334175,-145266760,KRX MDCSTAT02401_OUT
recent3,KOSDAQ150,foreign,166090,하나머티리얼즈,111299,109119,-2180,6727493050,6549534300,-177958750,KRX MDCSTAT02401_OUT
recent3,KOSDAQ150,foreign,036830,솔브레인홀딩스,65358,60453,-4905,2761484100,2554326400,-207157700,KRX MDCSTAT02401_OUT
recent3,KOSDAQ150,foreign,018290,브이티,334765,314417,-20348,4088109365,3867212795,-220896570,KRX MDCSTAT02401_OUT
recent3,KOSDAQ150,foreign,095340,ISC,219301,217885,-1416,46582332450,46358137850,-224194600,KRX MDCSTAT02401_OUT
recent3,KOSDAQ150,foreign,253450,스튜디오드래곤,62375,47608,-14767,1269599525,969638125,-299961400,KRX MDCSTAT02401_OUT
recent3,KOSDAQ150,foreign,030530,원익홀딩스,664594,652723,-11871,17893875325,17525214550,-368660775,KRX MDCSTAT02401_OUT
recent3,KOSDAQ150,foreign,067160,SOOP,71212,60735,-10477,2600169475,2217692700,-382476775,KRX MDCSTAT02401_OUT
recent3,KOSDAQ150,foreign,445680,큐리옥스바이오시스템즈,121666,114312,-7354,6825130450,6382403700,-442726750,KRX MDCSTAT02401_OUT
recent3,KOSDAQ150,foreign,214150,클래시스,186203,170926,-15277,5720380825,5256546050,-463834775,KRX MDCSTAT02401_OUT
recent3,KOSDAQ150,foreign,003380,하림지주,237589,192935,-44654,2577471210,2097944265,-479526945,KRX MDCSTAT02401_OUT
recent3,KOSDAQ150,foreign,214370,케어젠,107698,96273,-11425,4460271025,3975230650,-485040375,KRX MDCSTAT02401_OUT
recent3,KOSDAQ150,foreign,035900,JYP Ent.,212341,197934,-14407,7996883350,7466520000,-530363350,KRX MDCSTAT02401_OUT
recent3,KOSDAQ150,foreign,095660,네오위즈,70530,37426,-33104,1263506110,670523790,-592982320,KRX MDCSTAT02401_OUT
recent3,KOSDAQ150,foreign,241710,코스메카코리아,222583,218455,-4128,26217436150,25614152950,-603283200,KRX MDCSTAT02401_OUT
recent3,KOSDAQ150,foreign,211050,인카금융서비스,118857,56875,-61982,1156503010,548666750,-607836260,KRX MDCSTAT02401_OUT
recent3,KOSDAQ150,foreign,074600,원익QnC,234291,216637,-17654,7223207075,6595401400,-627805675,KRX MDCSTAT02401_OUT
recent3,KOSDAQ150,foreign,032820,우리기술,1616351,1567553,-48798,19938670320,19305568470,-633101850,KRX MDCSTAT02401_OUT
recent3,KOSDAQ150,foreign,056190,SFA,167419,146099,-21320,4880105375,4233350800,-646754575,KRX MDCSTAT02401_OUT
recent3,KOSDAQ150,foreign,137400,피엔티,158594,134079,-24515,4662712100,4008188775,-654523325,KRX MDCSTAT02401_OUT
recent3,KOSDAQ150,foreign,218410,RFHIC,206429,195277,-11152,12058637000,11322225050,-736411950,KRX MDCSTAT02401_OUT
recent3,KOSDAQ150,foreign,225570,넥슨게임즈,208156,136015,-72141,2224920905,1445392550,-779528355,KRX MDCSTAT02401_OUT
recent3,KOSDAQ150,foreign,085660,차바이오텍,305821,196736,-109085,2528407620,1626158285,-902249335,KRX MDCSTAT02401_OUT
recent3,KOSDAQ150,foreign,006730,서부T&D,319723,235306,-84417,3444940950,2538589925,-906351025,KRX MDCSTAT02401_OUT
recent3,KOSDAQ150,foreign,099320,쎄트렉아이,97446,85092,-12354,7527792050,6616258150,-911533900,KRX MDCSTAT02401_OUT
recent3,KOSDAQ150,foreign,005290,동진쎄미켐,707199,679310,-27889,34778269000,33652409300,-1125859700,KRX MDCSTAT02401_OUT
recent3,KOSDAQ150,foreign,078340,컴투스,134057,103835,-30222,5005758250,3879305775,-1126452475,KRX MDCSTAT02401_OUT
recent3,KOSDAQ150,foreign,069080,웹젠,182766,85459,-97307,2121505860,992782620,-1128723240,KRX MDCSTAT02401_OUT
recent3,KOSDAQ150,foreign,204270,제이앤티씨,567965,521575,-46390,12685538075,11517254375,-1168283700,KRX MDCSTAT02401_OUT
recent3,KOSDAQ150,foreign,035760,CJ ENM,101930,70740,-31190,3822555150,2633014675,-1189540475,KRX MDCSTAT02401_OUT
recent3,KOSDAQ150,foreign,082920,비츠로셀,224957,178592,-46365,6358566875,5060342875,-1298224000,KRX MDCSTAT02401_OUT
recent3,KOSDAQ150,foreign,183300,코미코,499747,453406,-46341,16839993500,15252261500,-1587732000,KRX MDCSTAT02401_OUT
recent3,KOSDAQ150,foreign,195940,HK이노엔,113639,70392,-43247,4491123800,2772866650,-1718257150,KRX MDCSTAT02401_OUT
recent3,KOSDAQ150,foreign,226950,올릭스,210547,194099,-16448,22912239950,20951174350,-1961065600,KRX MDCSTAT02401_OUT
recent3,KOSDAQ150,foreign,247540,에코프로비엠,481754,457980,-23774,52152264950,50112513250,-2039751700,KRX MDCSTAT02401_OUT
recent3,KOSDAQ150,foreign,122870,와이지엔터테인먼트,123133,73279,-49854,5229264400,3118762475,-2110501925,KRX MDCSTAT02401_OUT
recent3,KOSDAQ150,foreign,078600,대주전자재료,165956,142331,-23625,15316965500,13186170650,-2130794850,KRX MDCSTAT02401_OUT
recent3,KOSDAQ150,foreign,417200,LS머트리얼즈,1562729,1400074,-162655,21852807685,19646436485,-2206371200,KRX MDCSTAT02401_OUT
recent3,KOSDAQ150,foreign,014620,성광벤드,217593,142735,-74858,6771666625,4399971725,-2371694900,KRX MDCSTAT02401_OUT
recent3,KOSDAQ150,foreign,121600,나노신소재,78848,35822,-43026,4361926800,1978625250,-2383301550,KRX MDCSTAT02401_OUT
recent3,KOSDAQ150,foreign,281740,레이크머티리얼즈,820557,592060,-228497,9325690255,6820764355,-2504925900,KRX MDCSTAT02401_OUT
recent3,KOSDAQ150,foreign,251970,펌텍코리아,83966,43715,-40251,5266712900,2733254350,-2533458550,KRX MDCSTAT02401_OUT
recent3,KOSDAQ150,foreign,328130,루닛,1008973,783737,-225236,11310114930,8761564860,-2548550070,KRX MDCSTAT02401_OUT
recent3,KOSDAQ150,foreign,041510,에스엠,152404,111256,-41148,12329147900,8904497950,-3424649950,KRX MDCSTAT02401_OUT
recent3,KOSDAQ150,foreign,101490,에스앤에스텍,312243,242067,-70176,14972551450,11433261975,-3539289475,KRX MDCSTAT02401_OUT
recent3,KOSDAQ150,foreign,083650,비에이치아이,276137,206416,-69721,16491462000,12229332750,-4262129250,KRX MDCSTAT02401_OUT
recent3,KOSDAQ150,foreign,290650,엘앤씨바이오,342305,249074,-93231,18109027500,12604778075,-5504249425,KRX MDCSTAT02401_OUT
recent3,KOSDAQ150,foreign,089970,브이엠,641708,555464,-86244,41976722250,35696072800,-6280649450,KRX MDCSTAT02401_OUT
recent3,KOSDAQ150,foreign,000250,삼천당제약,184615,153048,-31567,34816598000,28298647600,-6517950400,KRX MDCSTAT02401_OUT
recent3,KOSDAQ150,foreign,145020,휴젤,142215,104517,-37698,25708660950,18881914150,-6826746800,KRX MDCSTAT02401_OUT
recent3,KOSDAQ150,foreign,319400,현대무벡스,789448,386771,-402677,16176219225,7920380425,-8255838800,KRX MDCSTAT02401_OUT
recent3,KOSDAQ150,foreign,131970,두산테스나,309876,203964,-105912,30287961950,19992264250,-10295697700,KRX MDCSTAT02401_OUT
recent3,KOSDAQ150,foreign,064760,티씨케이,94862,59773,-35089,28206639750,17773963500,-10432676250,KRX MDCSTAT02401_OUT
recent3,KOSDAQ150,foreign,257720,실리콘투,666470,277023,-389447,25613063400,10651791175,-14961272225,KRX MDCSTAT02401_OUT
recent3,KOSDAQ150,foreign,095610,테스,386830,301513,-85317,66539145850,51516373200,-15022772650,KRX MDCSTAT02401_OUT
recent3,KOSDAQ150,foreign,178320,서진시스템,1973765,1513062,-460703,75449812450,58158304475,-17291507975,KRX MDCSTAT02401_OUT
recent3,KOSDAQ150,foreign,039030,이오테크닉스,123190,80243,-42947,64459456750,41628292750,-22831164000,KRX MDCSTAT02401_OUT
recent3,KOSDAQ150,foreign,084370,유진테크,380519,208851,-171668,65300847850,35492618850,-29808229000,KRX MDCSTAT02401_OUT
recent3,KOSDAQ150,foreign,058470,리노공업,1276708,748834,-527874,96298945700,56251096000,-40047849700,KRX MDCSTAT02401_OUT
recent3,KOSDAQ150,foreign,028300,HLB,4158090,2025691,-2132399,175137605250,85021703325,-90115901925,KRX MDCSTAT02401_OUT
recent3,KOSDAQ150,institution,403870,HPSP,594225,1989543,1395318,37629874950,127473461600,89843586650,KRX MDCSTAT02401_OUT
recent3,KOSDAQ150,institution,036930,주성엔지니어링,300747,573611,272864,68647035750,132275166750,63628131000,KRX MDCSTAT02401_OUT
recent3,KOSDAQ150,institution,240810,원익IPS,417963,848551,430588,55745865550,114540845150,58794979600,KRX MDCSTAT02401_OUT
recent3,KOSDAQ150,institution,196170,알테오젠,200664,395456,194792,50936235250,102085810000,51149574750,KRX MDCSTAT02401_OUT
recent3,KOSDAQ150,institution,058470,리노공업,364450,979472,615022,27336846350,75166648300,47829801950,KRX MDCSTAT02401_OUT
recent3,KOSDAQ150,institution,039030,이오테크닉스,103275,186045,82770,53286022000,97208112250,43922090250,KRX MDCSTAT02401_OUT
recent3,KOSDAQ150,institution,095610,테스,220867,433374,212507,37665241650,75276425700,37611184050,KRX MDCSTAT02401_OUT
recent3,KOSDAQ150,institution,084370,유진테크,67822,275893,208071,11424533450,47638936900,36214403450,KRX MDCSTAT02401_OUT
recent3,KOSDAQ150,institution,080220,제주반도체,116225,392847,276622,9198267300,32676744600,23478477300,KRX MDCSTAT02401_OUT
recent3,KOSDAQ150,institution,131970,두산테스나,88052,306540,218488,8596276850,30300727000,21704450150,KRX MDCSTAT02401_OUT
recent3,KOSDAQ150,institution,226950,올릭스,135222,320349,185127,14339442950,35552725150,21213282200,KRX MDCSTAT02401_OUT
recent3,KOSDAQ150,institution,005290,동진쎄미켐,241003,640661,399658,11733700050,31888621300,20154921250,KRX MDCSTAT02401_OUT
recent3,KOSDAQ150,institution,178320,서진시스템,196324,600936,404612,7410596400,22837000000,15426403600,KRX MDCSTAT02401_OUT
recent3,KOSDAQ150,institution,067310,하나마이크론,339447,616920,277473,16205817225,30014608150,13808790925,KRX MDCSTAT02401_OUT
recent3,KOSDAQ150,institution,064760,티씨케이,61976,104580,42604,18645757250,31443318750,12797561500,KRX MDCSTAT02401_OUT
recent3,KOSDAQ150,institution,000250,삼천당제약,114331,164076,49745,20658414750,30705517250,10047102500,KRX MDCSTAT02401_OUT
recent3,KOSDAQ150,institution,086520,에코프로,559429,662389,102960,44693084650,54036926100,9343841450,KRX MDCSTAT02401_OUT
recent3,KOSDAQ150,institution,095340,ISC,94438,134094,39656,20039658500,28717289700,8677631200,KRX MDCSTAT02401_OUT
recent3,KOSDAQ150,institution,098460,고영,295282,542472,247190,9300125625,17630545900,8330420275,KRX MDCSTAT02401_OUT
recent3,KOSDAQ150,institution,247540,에코프로비엠,262530,324048,61518,28359915450,35552324950,7192409500,KRX MDCSTAT02401_OUT
recent3,KOSDAQ150,institution,074600,원익QnC,147894,378607,230713,4490146975,11668991075,7178844100,KRX MDCSTAT02401_OUT
recent3,KOSDAQ150,institution,140860,파크시스템스,10653,34812,24159,2912365000,9948473750,7036108750,KRX MDCSTAT02401_OUT
recent3,KOSDAQ150,institution,290650,엘앤씨바이오,67445,187517,120072,3389075800,9819258400,6430182600,KRX MDCSTAT02401_OUT
recent3,KOSDAQ150,institution,323280,태성,62747,172214,109467,3413521300,9753791075,6340269775,KRX MDCSTAT02401_OUT
recent3,KOSDAQ150,institution,131290,티에스이,66025,85889,19864,19297323500,25364765500,6067442000,KRX MDCSTAT02401_OUT
recent3,KOSDAQ150,institution,089970,브이엠,530188,597310,67122,33331352800,39279532550,5948179750,KRX MDCSTAT02401_OUT
recent3,KOSDAQ150,institution,257720,실리콘투,324105,466617,142512,12435293225,17957886000,5522592775,KRX MDCSTAT02401_OUT
recent3,KOSDAQ150,institution,141080,리가켐바이오,127551,165971,38420,10266052600,13767306100,3501253500,KRX MDCSTAT02401_OUT
recent3,KOSDAQ150,institution,089030,테크윙,227546,276545,48999,11587492075,14950962375,3363470300,KRX MDCSTAT02401_OUT
recent3,KOSDAQ150,institution,039200,오스코텍,66487,153465,86978,2361010000,5609773475,3248763475,KRX MDCSTAT02401_OUT
recent3,KOSDAQ150,institution,277810,레인보우로보틱스,28892,35936,7044,12107370500,15334419250,3227048750,KRX MDCSTAT02401_OUT
recent3,KOSDAQ150,institution,251970,펌텍코리아,29064,69656,40592,1808550400,4360119300,2551568900,KRX MDCSTAT02401_OUT
recent3,KOSDAQ150,institution,053800,안랩,21655,53712,32057,1632020350,4082606950,2450586600,KRX MDCSTAT02401_OUT
recent3,KOSDAQ150,institution,232140,와이씨,296747,425316,128569,4209350350,6570243550,2360893200,KRX MDCSTAT02401_OUT
recent3,KOSDAQ150,institution,166090,하나머티리얼즈,73468,109112,35644,4415334450,6606112950,2190778500,KRX MDCSTAT02401_OUT
recent3,KOSDAQ150,institution,145020,휴젤,33360,44825,11465,6011903400,8126339700,2114436300,KRX MDCSTAT02401_OUT
recent3,KOSDAQ150,institution,042000,카페24,33460,135484,102024,628135010,2693765675,2065630665,KRX MDCSTAT02401_OUT
recent3,KOSDAQ150,institution,078600,대주전자재료,55973,75333,19360,5147278200,7171715750,2024437550,KRX MDCSTAT02401_OUT
recent3,KOSDAQ150,institution,121600,나노신소재,41700,75856,34156,2292044550,4237874850,1945830300,KRX MDCSTAT02401_OUT
recent3,KOSDAQ150,institution,183300,코미코,356628,417022,60394,11971486225,13877849600,1906363375,KRX MDCSTAT02401_OUT
recent3,KOSDAQ150,institution,096530,씨젠,165589,211881,46292,5742432375,7570286450,1827854075,KRX MDCSTAT02401_OUT
recent3,KOSDAQ150,institution,195940,HK이노엔,71381,113078,41697,2802211575,4489519150,1687307575,KRX MDCSTAT02401_OUT
recent3,KOSDAQ150,institution,078340,컴투스,55584,95391,39807,2079714800,3573087300,1493372500,KRX MDCSTAT02401_OUT
recent3,KOSDAQ150,institution,101490,에스앤에스텍,44344,71984,27640,2035204575,3491758925,1456554350,KRX MDCSTAT02401_OUT
recent3,KOSDAQ150,institution,347850,디앤디파마텍,111610,137653,26043,4683825725,6034353350,1350527625,KRX MDCSTAT02401_OUT
recent3,KOSDAQ150,institution,036810,에프에스티,27428,67024,39596,859616075,2200913725,1341297650,KRX MDCSTAT02401_OUT
recent3,KOSDAQ150,institution,445680,큐리옥스바이오시스템즈,17449,38527,21078,928747650,2229832800,1301085150,KRX MDCSTAT02401_OUT
recent3,KOSDAQ150,institution,310210,보로노이,47253,53194,5941,6371450700,7583613650,1212162950,KRX MDCSTAT02401_OUT
recent3,KOSDAQ150,institution,035900,JYP Ent.,65067,97044,31977,2453377150,3654723525,1201346375,KRX MDCSTAT02401_OUT
recent3,KOSDAQ150,institution,161580,필옵틱스,29788,58179,28391,1114700500,2274805075,1160104575,KRX MDCSTAT02401_OUT
recent3,KOSDAQ150,institution,036830,솔브레인홀딩스,39212,65159,25947,1643179675,2759441400,1116261725,KRX MDCSTAT02401_OUT
recent3,KOSDAQ150,institution,225570,넥슨게임즈,106330,202472,96142,1123845455,2179521945,1055676490,KRX MDCSTAT02401_OUT
recent3,KOSDAQ150,institution,358570,지아이이노베이션,129340,216710,87370,1048839660,1969584835,920745175,KRX MDCSTAT02401_OUT
recent3,KOSDAQ150,institution,214370,케어젠,28403,45574,17171,1155861800,1902035050,746173250,KRX MDCSTAT02401_OUT
recent3,KOSDAQ150,institution,319400,현대무벡스,92998,127940,34942,1894752225,2619615025,724862800,KRX MDCSTAT02401_OUT
recent3,KOSDAQ150,institution,082920,비츠로셀,100703,124093,23390,2833037350,3512023600,678986250,KRX MDCSTAT02401_OUT
recent3,KOSDAQ150,institution,018290,브이티,55030,107918,52888,671497950,1340992235,669494285,KRX MDCSTAT02401_OUT
recent3,KOSDAQ150,institution,204270,제이앤티씨,27057,56648,29591,609391775,1258708000,649316225,KRX MDCSTAT02401_OUT
recent3,KOSDAQ150,institution,376300,디어유,19833,53992,34159,352005745,994167400,642161655,KRX MDCSTAT02401_OUT
recent3,KOSDAQ150,institution,218410,RFHIC,108202,117956,9754,6300113200,6913357850,613244650,KRX MDCSTAT02401_OUT
recent3,KOSDAQ150,institution,0009K0,에임드바이오,65270,83748,18478,1438337750,1980964525,542626775,KRX MDCSTAT02401_OUT
recent3,KOSDAQ150,institution,125490,한라캐스트,47457,89864,42407,549540520,1077205495,527664975,KRX MDCSTAT02401_OUT
recent3,KOSDAQ150,institution,033100,제룡전기,18843,29076,10233,891802900,1392088000,500285100,KRX MDCSTAT02401_OUT
recent3,KOSDAQ150,institution,417200,LS머트리얼즈,500049,528656,28607,6922216645,7407352320,485135675,KRX MDCSTAT02401_OUT
recent3,KOSDAQ150,institution,007390,네이처셀,94858,112390,17532,2301215300,2770319025,469103725,KRX MDCSTAT02401_OUT
recent3,KOSDAQ150,institution,298380,에이비엘바이오,170134,173221,3087,8384858925,8850082900,465223975,KRX MDCSTAT02401_OUT
recent3,KOSDAQ150,institution,215200,메가스터디교육,23467,35287,11820,863113250,1303767250,440654000,KRX MDCSTAT02401_OUT
recent3,KOSDAQ150,institution,090360,로보스타,7853,13045,5192,594881100,1006205000,411323900,KRX MDCSTAT02401_OUT
recent3,KOSDAQ150,institution,095660,네오위즈,28810,47361,18551,515580010,850809090,335229080,KRX MDCSTAT02401_OUT
recent3,KOSDAQ150,institution,211050,인카금융서비스,81123,112711,31588,780588460,1104605330,324016870,KRX MDCSTAT02401_OUT
recent3,KOSDAQ150,institution,032500,케이엠더블유,43427,58795,15368,808479325,1112336965,303857640,KRX MDCSTAT02401_OUT
recent3,KOSDAQ150,institution,065350,신성델타테크,26543,34733,8190,810797200,1089424750,278627550,KRX MDCSTAT02401_OUT
recent3,KOSDAQ150,institution,348210,넥스틴,41272,47643,6371,1484713175,1750078125,265364950,KRX MDCSTAT02401_OUT
recent3,KOSDAQ150,institution,100790,미래에셋벤처투자,25144,38635,13491,428596325,675445930,246849605,KRX MDCSTAT02401_OUT
recent3,KOSDAQ150,institution,348370,엔켐,53363,63537,10174,1080365360,1322969320,242603960,KRX MDCSTAT02401_OUT
recent3,KOSDAQ150,institution,171090,선익시스템,20814,23702,2888,1449046100,1678946550,229900450,KRX MDCSTAT02401_OUT
recent3,KOSDAQ150,institution,085660,차바이오텍,96084,117865,21781,786500780,995169410,208668630,KRX MDCSTAT02401_OUT
recent3,KOSDAQ150,institution,082270,젬백스,43697,60664,16967,445846140,652345925,206499785,KRX MDCSTAT02401_OUT
recent3,KOSDAQ150,institution,090710,휴림로봇,156434,182633,26199,946449155,1130988245,184539090,KRX MDCSTAT02401_OUT
recent3,KOSDAQ150,institution,036620,감성코퍼레이션,142073,185474,43401,522593450,691566800,168973350,KRX MDCSTAT02401_OUT
recent3,KOSDAQ150,institution,038500,삼표시멘트,95276,118943,23667,622208230,783282900,161074670,KRX MDCSTAT02401_OUT
recent3,KOSDAQ150,institution,388720,유일로보틱스,7926,10077,2151,531755900,689872500,158116600,KRX MDCSTAT02401_OUT
recent3,KOSDAQ150,institution,050890,쏠리드,71097,83191,12094,674528865,808472995,133944130,KRX MDCSTAT02401_OUT
recent3,KOSDAQ150,institution,137400,피엔티,63386,65904,2518,1846379250,1964311000,117931750,KRX MDCSTAT02401_OUT
recent3,KOSDAQ150,institution,030530,원익홀딩스,97933,100538,2605,2613607625,2726817100,113209475,KRX MDCSTAT02401_OUT
recent3,KOSDAQ150,institution,025320,시노펙스,97992,119792,21800,369137225,462641591,93504366,KRX MDCSTAT02401_OUT
recent3,KOSDAQ150,institution,253590,네오셈,64250,68945,4695,856030835,945969115,89938280,KRX MDCSTAT02401_OUT
recent3,KOSDAQ150,institution,041190,우리기술투자,68220,81001,12781,391258860,472555150,81296290,KRX MDCSTAT02401_OUT
recent3,KOSDAQ150,institution,032190,다우데이타,37943,42045,4102,726711790,803603930,76892140,KRX MDCSTAT02401_OUT
recent3,KOSDAQ150,institution,253450,스튜디오드래곤,29763,33413,3650,606760300,682308200,75547900,KRX MDCSTAT02401_OUT
recent3,KOSDAQ150,institution,009520,포스코엠텍,70623,76145,5522,874171785,949637440,75465655,KRX MDCSTAT02401_OUT
recent3,KOSDAQ150,institution,272290,이녹스첨단소재,42424,44660,2236,912633625,973155850,60522225,KRX MDCSTAT02401_OUT
recent3,KOSDAQ150,institution,025980,아난티,101100,110090,8990,484347995,542063253,57715258,KRX MDCSTAT02401_OUT
recent3,KOSDAQ150,institution,060280,큐렉소,38984,43656,4672,314883030,367799405,52916375,KRX MDCSTAT02401_OUT
recent3,KOSDAQ150,institution,263750,펄어비스,125218,125948,730,4140082300,4183666825,43584525,KRX MDCSTAT02401_OUT
recent3,KOSDAQ150,institution,043260,성호전자,1495316,1470379,-24937,38557593700,38598220875,40627175,KRX MDCSTAT02401_OUT
recent3,KOSDAQ150,institution,101730,위메이드맥스,24794,31233,6439,111095923,146261975,35166052,KRX MDCSTAT02401_OUT
recent3,KOSDAQ150,institution,069080,웹젠,95781,98040,2259,1111718950,1137455950,25737000,KRX MDCSTAT02401_OUT
recent3,KOSDAQ150,institution,030520,한컴,83821,84834,1013,1452124140,1473592710,21468570,KRX MDCSTAT02401_OUT
recent3,KOSDAQ150,institution,025900,동화기업,23507,25025,1518,162379900,176178420,13798520,KRX MDCSTAT02401_OUT
recent3,KOSDAQ150,institution,214430,아이쓰리시스템,12308,11993,-315,840576300,845756200,5179900,KRX MDCSTAT02401_OUT
recent3,KOSDAQ150,institution,194480,데브시스터즈,24712,23880,-832,348582310,337222020,-11360290,KRX MDCSTAT02401_OUT
recent3,KOSDAQ150,institution,278280,천보,14324,12659,-1665,503873800,458750000,-45123800,KRX MDCSTAT02401_OUT
recent3,KOSDAQ150,institution,058610,에스피지,34340,33352,-988,3351885750,3284562700,-67323050,KRX MDCSTAT02401_OUT
recent3,KOSDAQ150,institution,352480,씨앤씨인터내셔널,8920,5359,-3561,188599050,113309050,-75290000,KRX MDCSTAT02401_OUT
recent3,KOSDAQ150,institution,112040,위메이드,94612,88411,-6201,1441028200,1360356160,-80672040,KRX MDCSTAT02401_OUT
recent3,KOSDAQ150,institution,399720,가온칩스,11519,9369,-2150,527335375,443833125,-83502250,KRX MDCSTAT02401_OUT
recent3,KOSDAQ150,institution,015750,성우하이텍,110549,92562,-17987,640364005,538499920,-101864085,KRX MDCSTAT02401_OUT
recent3,KOSDAQ150,institution,466100,클로봇,53438,48434,-5004,1210460200,1107021500,-103438700,KRX MDCSTAT02401_OUT
recent3,KOSDAQ150,institution,067160,SOOP,25106,21592,-3514,915532350,787988250,-127544100,KRX MDCSTAT02401_OUT
recent3,KOSDAQ150,institution,048410,현대바이오,321922,298774,-23148,2210480060,2063149510,-147330550,KRX MDCSTAT02401_OUT
recent3,KOSDAQ150,institution,056190,SFA,100415,93237,-7178,2886379575,2719270225,-167109350,KRX MDCSTAT02401_OUT
recent3,KOSDAQ150,institution,281740,레이크머티리얼즈,155288,137554,-17734,1778249375,1594741055,-183508320,KRX MDCSTAT02401_OUT
recent3,KOSDAQ150,institution,295310,에이치브이엠,139437,130357,-9080,8124443900,7936201450,-188242450,KRX MDCSTAT02401_OUT
recent3,KOSDAQ150,institution,052400,코나아이,23420,17878,-5542,887730000,679714975,-208015025,KRX MDCSTAT02401_OUT
recent3,KOSDAQ150,institution,060250,NHN KCP,54476,36717,-17759,727393615,495110960,-232282655,KRX MDCSTAT02401_OUT
recent3,KOSDAQ150,institution,099320,쎄트렉아이,16258,12627,-3631,1259048750,986824100,-272224650,KRX MDCSTAT02401_OUT
recent3,KOSDAQ150,institution,035760,CJ ENM,61101,52008,-9093,2259951625,1941632275,-318319350,KRX MDCSTAT02401_OUT
recent3,KOSDAQ150,institution,189300,인텔리안테크,25938,20817,-5121,1729135800,1397310800,-331825000,KRX MDCSTAT02401_OUT
recent3,KOSDAQ150,institution,032820,우리기술,337587,305581,-32006,4144224880,3797046980,-347177900,KRX MDCSTAT02401_OUT
recent3,KOSDAQ150,institution,214150,클래시스,95125,78091,-17034,2898026300,2405218000,-492808300,KRX MDCSTAT02401_OUT
recent3,KOSDAQ150,institution,033500,동성화인텍,64751,30333,-34418,1004908975,480703930,-524205045,KRX MDCSTAT02401_OUT
recent3,KOSDAQ150,institution,003380,하림지주,210373,155159,-55214,2285321855,1687299420,-598022435,KRX MDCSTAT02401_OUT
recent3,KOSDAQ150,institution,006730,서부T&D,212927,151021,-61906,2294337210,1630508200,-663829010,KRX MDCSTAT02401_OUT
recent3,KOSDAQ150,institution,328130,루닛,366059,282566,-83493,4003674935,3232140630,-771534305,KRX MDCSTAT02401_OUT
recent3,KOSDAQ150,institution,041510,에스엠,88206,77646,-10560,7178755150,6264860800,-913894350,KRX MDCSTAT02401_OUT
recent3,KOSDAQ150,institution,213420,덕산네오룩스,125075,88738,-36337,3668491700,2629497050,-1038994650,KRX MDCSTAT02401_OUT
recent3,KOSDAQ150,institution,087010,펩트론,105016,93731,-11285,13906561950,12720997100,-1185564850,KRX MDCSTAT02401_OUT
recent3,KOSDAQ150,institution,124500,아이티센글로벌,80667,30232,-50435,2309628950,874029825,-1435599125,KRX MDCSTAT02401_OUT
recent3,KOSDAQ150,institution,293490,카카오게임즈,435123,275568,-159555,4162079530,2641033740,-1521045790,KRX MDCSTAT02401_OUT
recent3,KOSDAQ150,institution,122870,와이지엔터테인먼트,152562,115294,-37268,6452578350,4880939650,-1571638700,KRX MDCSTAT02401_OUT
recent3,KOSDAQ150,institution,237690,에스티팜,78766,59890,-18876,7336483050,5625975100,-1710507950,KRX MDCSTAT02401_OUT
recent3,KOSDAQ150,institution,056080,유진로봇,200532,35100,-165432,2364907820,416575660,-1948332160,KRX MDCSTAT02401_OUT
recent3,KOSDAQ150,institution,437730,삼현,104513,57609,-46904,5035175525,2845752725,-2189422800,KRX MDCSTAT02401_OUT
recent3,KOSDAQ150,institution,420770,기가비스,86851,65458,-21393,10806388750,8330061600,-2476327150,KRX MDCSTAT02401_OUT
recent3,KOSDAQ150,institution,241710,코스메카코리아,165140,135084,-30056,19472367000,16000051700,-3472315300,KRX MDCSTAT02401_OUT
recent3,KOSDAQ150,institution,014620,성광벤드,227307,100582,-126725,7012174275,3098071600,-3914102675,KRX MDCSTAT02401_OUT
recent3,KOSDAQ150,institution,068760,셀트리온제약,171543,52442,-119101,6583997300,2041454925,-4542542375,KRX MDCSTAT02401_OUT
recent3,KOSDAQ150,institution,475830,오름테라퓨틱,257823,49675,-208148,5677754500,1132124075,-4545630425,KRX MDCSTAT02401_OUT
recent3,KOSDAQ150,institution,031980,피에스케이홀딩스,148859,120755,-28104,27155717600,21969056000,-5186661600,KRX MDCSTAT02401_OUT
recent3,KOSDAQ150,institution,108490,로보티즈,75869,56284,-19585,21623308250,16255964750,-5367343500,KRX MDCSTAT02401_OUT
recent3,KOSDAQ150,institution,060370,LS마린솔루션,233528,49602,-183926,7462440975,1593651300,-5868789675,KRX MDCSTAT02401_OUT
recent3,KOSDAQ150,institution,083650,비에이치아이,166649,65604,-101045,9833195350,3922371050,-5910824300,KRX MDCSTAT02401_OUT
recent3,KOSDAQ150,institution,222800,심텍,456603,381433,-75170,68955344400,58538837600,-10416506800,KRX MDCSTAT02401_OUT
recent3,KOSDAQ150,institution,028300,HLB,1070486,591870,-478616,45441968350,24300876225,-21141092125,KRX MDCSTAT02401_OUT
recent3,KOSDAQ150,institution,036540,SFA반도체,5120591,2376324,-2744267,55607950710,26174975460,-29432975250,KRX MDCSTAT02401_OUT
recent3,KOSDAQ150,institution,214450,파마리서치,158047,40740,-117307,49157102000,12719440000,-36437662000,KRX MDCSTAT02401_OUT
