period_type,universe,investor,code,name,sell_volume,buy_volume,net_volume,sell_value,buy_value,net_value,source
daily,KOSPI200,foreign,007660,이수페타시스,365672,922031,556359,45926249150,116515574600,70589325450,KRX MDCSTAT02401_OUT
daily,KOSPI200,foreign,373220,LG에너지솔루션,305204,425335,120131,124462172250,172728657750,48266485500,KRX MDCSTAT02401_OUT
daily,KOSPI200,foreign,009540,HD한국조선해양,142797,274554,131757,42218164455,80914538205,38696373750,KRX MDCSTAT02401_OUT
daily,KOSPI200,foreign,000990,DB하이텍,194187,426310,232123,27053837950,59313190450,32259352500,KRX MDCSTAT02401_OUT
daily,KOSPI200,foreign,003490,대한항공,456800,1475891,1019091,14036387850,45294028650,31257640800,KRX MDCSTAT02401_OUT
daily,KOSPI200,foreign,012450,한화에어로스페이스,160974,190647,29673,146545667500,172533727500,25988060000,KRX MDCSTAT02401_OUT
daily,KOSPI200,foreign,032830,삼성생명,118590,214149,95559,32244527500,57976133500,25731606000,KRX MDCSTAT02401_OUT
daily,KOSPI200,foreign,329180,HD현대중공업,102220,158521,56301,39424446250,61133700250,21709254000,KRX MDCSTAT02401_OUT
daily,KOSPI200,foreign,000270,기아,753268,947757,194489,80604421750,101441638950,20837217200,KRX MDCSTAT02401_OUT
daily,KOSPI200,foreign,006260,LS,43128,103195,60067,11634867750,27818960750,16184093000,KRX MDCSTAT02401_OUT
daily,KOSPI200,foreign,078930,GS,137178,278204,141026,14474907600,29246388700,14771481100,KRX MDCSTAT02401_OUT
daily,KOSPI200,foreign,017670,SK텔레콤,149261,304080,154819,12733314850,25755032750,13021717900,KRX MDCSTAT02401_OUT
daily,KOSPI200,foreign,071050,한국금융지주,66296,142818,76522,11267135300,24215261600,12948126300,KRX MDCSTAT02401_OUT
daily,KOSPI200,foreign,278470,에이피알,117994,148011,30017,43525084250,54644027750,11118943500,KRX MDCSTAT02401_OUT
daily,KOSPI200,foreign,000810,삼성화재,59302,77286,17984,36339336062,47331083062,10991747000,KRX MDCSTAT02401_OUT
daily,KOSPI200,foreign,267250,HD현대,152566,210819,58253,27680166250,38208912800,10528746550,KRX MDCSTAT02401_OUT
daily,KOSPI200,foreign,068270,셀트리온,112619,169140,56521,20325304400,30466049200,10140744800,KRX MDCSTAT02401_OUT
daily,KOSPI200,foreign,033780,KT&G,101111,156050,54939,18000165400,27775989850,9775824450,KRX MDCSTAT02401_OUT
daily,KOSPI200,foreign,086790,하나금융지주,432526,508025,75499,54049162000,63529954800,9480792800,KRX MDCSTAT02401_OUT
daily,KOSPI200,foreign,028260,삼성물산,336556,366432,29876,108774410750,118227670750,9453260000,KRX MDCSTAT02401_OUT
daily,KOSPI200,foreign,003550,LG,122100,201061,78961,13275026000,21846847150,8571821150,KRX MDCSTAT02401_OUT
daily,KOSPI200,foreign,267260,HD현대일렉트릭,85808,98215,12407,52161743000,59760373000,7598630000,KRX MDCSTAT02401_OUT
daily,KOSPI200,foreign,018260,삼성에스디에스,85612,123759,38147,16957289650,24488158450,7530868800,KRX MDCSTAT02401_OUT
daily,KOSPI200,foreign,011200,HMM,386734,694917,308183,8071500575,14482702300,6411201725,KRX MDCSTAT02401_OUT
daily,KOSPI200,foreign,000100,유한양행,53460,132943,79483,3920533800,9747058850,5826525050,KRX MDCSTAT02401_OUT
daily,KOSPI200,foreign,375500,DL이앤씨,124153,206541,82388,8500504550,14110798550,5610294000,KRX MDCSTAT02401_OUT
daily,KOSPI200,foreign,097950,CJ제일제당,15833,44828,28995,2918559100,8265253300,5346694200,KRX MDCSTAT02401_OUT
daily,KOSPI200,foreign,103140,풍산,22394,98618,76224,1488336200,6535163050,5046826850,KRX MDCSTAT02401_OUT
daily,KOSPI200,foreign,009830,한화솔루션,424065,560637,136572,15427967800,20309303025,4881335225,KRX MDCSTAT02401_OUT
daily,KOSPI200,foreign,039490,키움증권,60740,80759,20019,14814554000,19690529000,4875975000,KRX MDCSTAT02401_OUT
daily,KOSPI200,foreign,086280,현대글로비스,103183,128349,25166,18964400250,23576773050,4612372800,KRX MDCSTAT02401_OUT
daily,KOSPI200,foreign,204320,HL만도,81693,180658,98965,3650167775,8081663875,4431496100,KRX MDCSTAT02401_OUT
daily,KOSPI200,foreign,161390,한국타이어앤테크놀로지,134793,202595,67802,8392815050,12608545900,4215730850,KRX MDCSTAT02401_OUT
daily,KOSPI200,foreign,010130,고려아연,5162,8712,3550,5352751000,9041960000,3689209000,KRX MDCSTAT02401_OUT
daily,KOSPI200,foreign,035720,카카오,625429,733898,108469,20276584900,23780940825,3504355925,KRX MDCSTAT02401_OUT
daily,KOSPI200,foreign,267270,HD건설기계,135692,167456,31764,14673439650,18015251350,3341811700,KRX MDCSTAT02401_OUT
daily,KOSPI200,foreign,090430,아모레퍼시픽,89331,114014,24683,12055370000,15385886800,3330516800,KRX MDCSTAT02401_OUT
daily,KOSPI200,foreign,030000,제일기획,89173,251224,162051,1688320240,4749572465,3061252225,KRX MDCSTAT02401_OUT
daily,KOSPI200,foreign,138930,BNK금융지주,298938,497175,198237,4582707010,7620172065,3037465055,KRX MDCSTAT02401_OUT
daily,KOSPI200,foreign,138040,메리츠금융지주,77804,101611,23807,9984027000,13019693250,3035666250,KRX MDCSTAT02401_OUT
daily,KOSPI200,foreign,028050,삼성E&A,596920,654878,57958,28787116075,31585335225,2798219150,KRX MDCSTAT02401_OUT
daily,KOSPI200,foreign,012330,현대모비스,212742,221141,8399,77317333500,80021121250,2703787750,KRX MDCSTAT02401_OUT
daily,KOSPI200,foreign,161890,한국콜마,143319,161720,18401,19684356300,22271183550,2586827250,KRX MDCSTAT02401_OUT
daily,KOSPI200,foreign,180640,한진칼,19833,38936,19103,2617685500,5140918500,2523233000,KRX MDCSTAT02401_OUT
daily,KOSPI200,foreign,064350,현대로템,202304,225403,23099,21359732900,23760246150,2400513250,KRX MDCSTAT02401_OUT
daily,KOSPI200,foreign,004020,현대제철,164640,244281,79641,4647596600,6893727300,2246130700,KRX MDCSTAT02401_OUT
daily,KOSPI200,foreign,001450,현대해상,119402,166622,47220,5623806325,7843142150,2219335825,KRX MDCSTAT02401_OUT
daily,KOSPI200,foreign,071970,HD현대마린엔진,56188,103696,47508,2437042700,4466837975,2029795275,KRX MDCSTAT02401_OUT
daily,KOSPI200,foreign,042660,한화오션,292562,320503,27941,21099232050,23126463050,2027231000,KRX MDCSTAT02401_OUT
daily,KOSPI200,foreign,003670,포스코퓨처엠,100597,109989,9392,19557826200,21479109250,1921283050,KRX MDCSTAT02401_OUT
daily,KOSPI200,foreign,088350,한화생명,660840,991436,330596,3440953895,5164834565,1723880670,KRX MDCSTAT02401_OUT
daily,KOSPI200,foreign,002380,KCC,10580,14002,3422,4889762500,6469787500,1580025000,KRX MDCSTAT02401_OUT
daily,KOSPI200,foreign,004170,신세계,30548,35528,4980,9483559500,10979158500,1495599000,KRX MDCSTAT02401_OUT
daily,KOSPI200,foreign,009420,한올바이오파마,63771,97110,33339,2823575225,4310260250,1486685025,KRX MDCSTAT02401_OUT
daily,KOSPI200,foreign,192820,코스맥스,64275,68972,4697,19709637000,21117098000,1407461000,KRX MDCSTAT02401_OUT
daily,KOSPI200,foreign,450080,에코프로머티,116484,150325,33841,4458081950,5765989775,1307907825,KRX MDCSTAT02401_OUT
daily,KOSPI200,foreign,139480,이마트,40757,58257,17500,2873267000,4101027650,1227760650,KRX MDCSTAT02401_OUT
daily,KOSPI200,foreign,241560,두산밥캣,85732,108149,22417,4591939000,5792659350,1200720350,KRX MDCSTAT02401_OUT
daily,KOSPI200,foreign,302440,SK바이오사이언스,15286,46357,31071,565397575,1710774100,1145376525,KRX MDCSTAT02401_OUT
daily,KOSPI200,foreign,282330,BGF리테일,22645,31588,8943,2897369600,4028423300,1131053700,KRX MDCSTAT02401_OUT
daily,KOSPI200,foreign,271560,오리온,30478,40197,9719,3192255350,4203169700,1010914350,KRX MDCSTAT02401_OUT
daily,KOSPI200,foreign,011780,금호석유화학,20556,29091,8535,2363502400,3349611500,986109100,KRX MDCSTAT02401_OUT
daily,KOSPI200,foreign,028670,팬오션,559842,717934,158092,3399687015,4353198170,953511155,KRX MDCSTAT02401_OUT
daily,KOSPI200,foreign,069620,대웅제약,6297,14985,8688,687437050,1636147750,948710700,KRX MDCSTAT02401_OUT
daily,KOSPI200,foreign,051600,한전KPS,22971,44058,21087,1006842150,1928278600,921436450,KRX MDCSTAT02401_OUT
daily,KOSPI200,foreign,323410,카카오뱅크,343428,386533,43105,6731437985,7570312250,838874265,KRX MDCSTAT02401_OUT
daily,KOSPI200,foreign,120110,코오롱인더,61309,75558,14249,3422207950,4240428850,818220900,KRX MDCSTAT02401_OUT
daily,KOSPI200,foreign,035250,강원랜드,71103,125746,54643,1012290920,1789091935,776801015,KRX MDCSTAT02401_OUT
daily,KOSPI200,foreign,036460,한국가스공사,48843,68033,19190,1755870850,2447519750,691648900,KRX MDCSTAT02401_OUT
daily,KOSPI200,foreign,000120,CJ대한통운,17075,26959,9884,1192769500,1881778100,689008600,KRX MDCSTAT02401_OUT
daily,KOSPI200,foreign,280360,롯데웰푸드,7949,13581,5632,972514950,1658616300,686101350,KRX MDCSTAT02401_OUT
daily,KOSPI200,foreign,001040,CJ,29681,34783,5102,3887171300,4558254500,671083200,KRX MDCSTAT02401_OUT
daily,KOSPI200,foreign,012750,에스원,33630,41580,7950,2832228900,3495862400,663633500,KRX MDCSTAT02401_OUT
daily,KOSPI200,foreign,047040,대우건설,912968,950766,37798,15319087100,15954344695,635257595,KRX MDCSTAT02401_OUT
daily,KOSPI200,foreign,192080,더블유게임즈,32111,43006,10895,1836115800,2456654100,620538300,KRX MDCSTAT02401_OUT
daily,KOSPI200,foreign,069960,현대백화점,33709,40732,7023,2903599800,3507568500,603968700,KRX MDCSTAT02401_OUT
daily,KOSPI200,foreign,006040,동원산업,9298,25838,16540,325159050,902811850,577652800,KRX MDCSTAT02401_OUT
daily,KOSPI200,foreign,081660,미스토홀딩스,83501,97643,14142,3205443075,3742776750,537333675,KRX MDCSTAT02401_OUT
daily,KOSPI200,foreign,023530,롯데쇼핑,32108,36833,4725,3148078500,3612051600,463973100,KRX MDCSTAT02401_OUT
daily,KOSPI200,foreign,005830,DB손해보험,133106,135594,2488,24877277800,25331773500,454495700,KRX MDCSTAT02401_OUT
daily,KOSPI200,foreign,352820,하이브,66531,69070,2539,10854614150,11301943050,447328900,KRX MDCSTAT02401_OUT
daily,KOSPI200,foreign,285130,SK케미칼,20735,28097,7362,1068578850,1441851600,373272750,KRX MDCSTAT02401_OUT
daily,KOSPI200,foreign,026960,동서,9914,23535,13621,261749450,620129100,358379650,KRX MDCSTAT02401_OUT
daily,KOSPI200,foreign,004370,농심,8072,8878,806,3214370750,3531462000,317091250,KRX MDCSTAT02401_OUT
daily,KOSPI200,foreign,011210,현대위아,25185,31118,5933,1288242300,1592935350,304693050,KRX MDCSTAT02401_OUT
daily,KOSPI200,foreign,005300,롯데칠성,4565,7720,3155,434840000,734741100,299901100,KRX MDCSTAT02401_OUT
daily,KOSPI200,foreign,185750,종근당,7257,11458,4201,477614700,754044450,276429750,KRX MDCSTAT02401_OUT
daily,KOSPI200,foreign,069260,TKG휴켐스,16074,30475,14401,253831190,480722970,226891780,KRX MDCSTAT02401_OUT
daily,KOSPI200,foreign,000210,DL,13463,17206,3743,656282100,837976775,181694675,KRX MDCSTAT02401_OUT
daily,KOSPI200,foreign,034730,SK,103715,104549,834,58400143896,58551687896,151544000,KRX MDCSTAT02401_OUT
daily,KOSPI200,foreign,005420,코스모화학,44113,56107,11994,512718815,654078665,141359850,KRX MDCSTAT02401_OUT
daily,KOSPI200,foreign,034230,파라다이스,210975,222677,11702,2067107345,2182439250,115331905,KRX MDCSTAT02401_OUT
daily,KOSPI200,foreign,300720,한일시멘트,17654,23946,6292,286151180,386748735,100597555,KRX MDCSTAT02401_OUT
daily,KOSPI200,foreign,002840,미원상사,1285,1869,584,179996300,261018000,81021700,KRX MDCSTAT02401_OUT
daily,KOSPI200,foreign,001800,오리온홀딩스,24743,28003,3260,562908325,635667400,72759075,KRX MDCSTAT02401_OUT
daily,KOSPI200,foreign,003030,세아제강지주,9293,9968,675,963455300,1031275400,67820100,KRX MDCSTAT02401_OUT
daily,KOSPI200,foreign,021240,코웨이,88782,89327,545,9096174100,9147405650,51231550,KRX MDCSTAT02401_OUT
daily,KOSPI200,foreign,000080,하이트진로,28412,30777,2365,420297100,455002555,34705455,KRX MDCSTAT02401_OUT
daily,KOSPI200,foreign,268280,미원에스씨,1006,1081,75,129480500,140173800,10693300,KRX MDCSTAT02401_OUT
daily,KOSPI200,foreign,014820,동원시스템즈,9373,9312,-61,207500900,203662900,-3838000,KRX MDCSTAT02401_OUT
daily,KOSPI200,foreign,007700,F&F홀딩스,1953,1247,-706,26252970,16712780,-9540190,KRX MDCSTAT02401_OUT
daily,KOSPI200,foreign,007310,오뚜기,7720,7689,-31,2416756500,2406597500,-10159000,KRX MDCSTAT02401_OUT
daily,KOSPI200,foreign,000240,한국앤컴퍼니,38956,38498,-458,1028515150,1007858250,-20656900,KRX MDCSTAT02401_OUT
daily,KOSPI200,foreign,005850,에스엘,34966,34540,-426,1757738650,1736007150,-21731500,KRX MDCSTAT02401_OUT
daily,KOSPI200,foreign,003240,태광산업,303,253,-50,275420000,230175000,-45245000,KRX MDCSTAT02401_OUT
daily,KOSPI200,foreign,137310,에스디바이오센서,64629,57527,-7102,422170010,373968740,-48201270,KRX MDCSTAT02401_OUT
daily,KOSPI200,foreign,001680,대상,16495,13722,-2773,289822470,241147930,-48674540,KRX MDCSTAT02401_OUT
daily,KOSPI200,foreign,002030,아세아,1074,830,-244,226934000,175054500,-51879500,KRX MDCSTAT02401_OUT
daily,KOSPI200,foreign,002790,아모레퍼시픽홀딩스,45873,43643,-2230,1179959725,1124461125,-55498600,KRX MDCSTAT02401_OUT
daily,KOSPI200,foreign,003090,대웅,31584,26205,-5379,489125425,404939260,-84186165,KRX MDCSTAT02401_OUT
daily,KOSPI200,foreign,009970,영원무역홀딩스,5187,4705,-482,887637600,798479100,-89158500,KRX MDCSTAT02401_OUT
daily,KOSPI200,foreign,000670,영풍,19696,17218,-2478,799462050,691094525,-108367525,KRX MDCSTAT02401_OUT
daily,KOSPI200,foreign,007070,GS리테일,51439,46361,-5078,1118519475,1007248050,-111271425,KRX MDCSTAT02401_OUT
daily,KOSPI200,foreign,007340,DN오토모티브,55686,53264,-2422,2717640775,2588936500,-128704275,KRX MDCSTAT02401_OUT
daily,KOSPI200,foreign,008770,호텔신라,65062,61568,-3494,2533260475,2394976250,-138284225,KRX MDCSTAT02401_OUT
daily,KOSPI200,foreign,251270,넷마블,75149,70088,-5061,2541907375,2369737575,-172169800,KRX MDCSTAT02401_OUT
daily,KOSPI200,foreign,009240,한샘,14988,10542,-4446,609627000,428551050,-181075950,KRX MDCSTAT02401_OUT
daily,KOSPI200,foreign,011790,SKC,71658,69650,-2008,7833977850,7606521500,-227456350,KRX MDCSTAT02401_OUT
daily,KOSPI200,foreign,006650,대한유화,13488,10782,-2706,1213080850,975287900,-237792950,KRX MDCSTAT02401_OUT
daily,KOSPI200,foreign,112610,씨에스윈드,83153,79266,-3887,4679311100,4439841600,-239469500,KRX MDCSTAT02401_OUT
daily,KOSPI200,foreign,008730,율촌화학,54533,39087,-15446,855798265,613120520,-242677745,KRX MDCSTAT02401_OUT
daily,KOSPI200,foreign,004000,롯데정밀화학,22431,16626,-5805,948213375,703937250,-244276125,KRX MDCSTAT02401_OUT
daily,KOSPI200,foreign,071320,지역난방공사,5595,2389,-3206,434130500,184620800,-249509700,KRX MDCSTAT02401_OUT
daily,KOSPI200,foreign,298050,HS효성첨단소재,4170,2533,-1637,684646900,415546600,-269100300,KRX MDCSTAT02401_OUT
daily,KOSPI200,foreign,139130,iM금융지주,420205,404604,-15601,7436610041,7158015641,-278594400,KRX MDCSTAT02401_OUT
daily,KOSPI200,foreign,004990,롯데지주,64207,50457,-13750,1478504250,1160145225,-318359025,KRX MDCSTAT02401_OUT
daily,KOSPI200,foreign,111770,영원무역,44789,39090,-5699,3171857400,2759911600,-411945800,KRX MDCSTAT02401_OUT
daily,KOSPI200,foreign,034220,LG디스플레이,1574111,1522375,-51736,12937533875,12524484555,-413049320,KRX MDCSTAT02401_OUT
daily,KOSPI200,foreign,029780,삼성카드,34691,23330,-11361,1434224175,963549075,-470675100,KRX MDCSTAT02401_OUT
daily,KOSPI200,foreign,017800,현대엘리베이터,64975,55806,-9169,4581967550,3923673550,-658294000,KRX MDCSTAT02401_OUT
daily,KOSPI200,foreign,017960,한국카본,86192,50353,-35839,1685449740,976039390,-709410350,KRX MDCSTAT02401_OUT
daily,KOSPI200,foreign,011170,롯데케미칼,50133,37711,-12422,3006869100,2285023050,-721846050,KRX MDCSTAT02401_OUT
daily,KOSPI200,foreign,001430,세아베스틸지주,72941,57387,-15554,3344743775,2610625650,-734118125,KRX MDCSTAT02401_OUT
daily,KOSPI200,foreign,361610,SK아이이테크놀로지,147710,107988,-39722,2729207745,1993841245,-735366500,KRX MDCSTAT02401_OUT
daily,KOSPI200,foreign,073240,금호타이어,543562,434679,-108883,3673278040,2923051300,-750226740,KRX MDCSTAT02401_OUT
daily,KOSPI200,foreign,051900,LG생활건강,32371,29164,-3207,8683891500,7822026000,-861865500,KRX MDCSTAT02401_OUT
daily,KOSPI200,foreign,032640,LG유플러스,381398,314565,-66833,5512642645,4547777125,-964865520,KRX MDCSTAT02401_OUT
daily,KOSPI200,foreign,298020,효성티앤씨,7984,4380,-3604,2225628000,1216959500,-1008668500,KRX MDCSTAT02401_OUT
daily,KOSPI200,foreign,022100,포스코DX,105999,54724,-51275,2231516125,1148195950,-1083320175,KRX MDCSTAT02401_OUT
daily,KOSPI200,foreign,377300,카카오페이,75211,45254,-29957,2900749725,1742617125,-1158132600,KRX MDCSTAT02401_OUT
daily,KOSPI200,foreign,030200,KT,120448,96094,-24354,6224494050,4957573750,-1266920300,KRX MDCSTAT02401_OUT
daily,KOSPI200,foreign,006280,녹십자,17927,6175,-11752,2312958600,796219700,-1516738900,KRX MDCSTAT02401_OUT
daily,KOSPI200,foreign,042700,한미반도체,432902,427574,-5328,116022535750,114499397500,-1523138250,KRX MDCSTAT02401_OUT
daily,KOSPI200,foreign,047050,포스코인터내셔널,192165,163174,-28991,10966489700,9305457750,-1661031950,KRX MDCSTAT02401_OUT
daily,KOSPI200,foreign,443060,HD현대마린솔루션,65648,57809,-7839,14280680000,12532129750,-1748550250,KRX MDCSTAT02401_OUT
daily,KOSPI200,foreign,093370,후성,697213,583370,-113843,10705383835,8924379990,-1781003845,KRX MDCSTAT02401_OUT
daily,KOSPI200,foreign,010060,OCI홀딩스,56769,49419,-7350,13566495250,11675388000,-1891107250,KRX MDCSTAT02401_OUT
daily,KOSPI200,foreign,483650,달바글로벌,46086,34828,-11258,8082123600,6101363500,-1980760100,KRX MDCSTAT02401_OUT
daily,KOSPI200,foreign,055550,신한지주,726511,706746,-19765,72781236480,70774684780,-2006551700,KRX MDCSTAT02401_OUT
daily,KOSPI200,foreign,000720,현대건설,305372,287908,-17464,32601392000,30482356850,-2119035150,KRX MDCSTAT02401_OUT
daily,KOSPI200,foreign,014680,한솔케미칼,26579,18567,-8012,7218373000,5043079000,-2175294000,KRX MDCSTAT02401_OUT
daily,KOSPI200,foreign,010950,S-Oil,113210,99704,-13506,19105471900,16812901500,-2292570400,KRX MDCSTAT02401_OUT
daily,KOSPI200,foreign,326030,SK바이오팜,76324,42308,-34016,5632315600,3116456500,-2515859100,KRX MDCSTAT02401_OUT
daily,KOSPI200,foreign,175330,JB금융지주,362229,270630,-91599,10130776075,7563636800,-2567139275,KRX MDCSTAT02401_OUT
daily,KOSPI200,foreign,259960,크래프톤,97013,82849,-14164,18312159450,15611318850,-2700840600,KRX MDCSTAT02401_OUT
daily,KOSPI200,foreign,000880,한화,96897,69351,-27546,10812365300,7727083700,-3085281600,KRX MDCSTAT02401_OUT
daily,KOSPI200,foreign,064400,LG씨엔에스,211279,164903,-46376,14360608550,11196916100,-3163692450,KRX MDCSTAT02401_OUT
daily,KOSPI200,foreign,005490,POSCO홀딩스,141590,129080,-12510,43737322750,39804092500,-3933230250,KRX MDCSTAT02401_OUT
daily,KOSPI200,foreign,018880,한온시스템,3811652,2596106,-1215546,15157137092,10306433106,-4850703986,KRX MDCSTAT02401_OUT
daily,KOSPI200,foreign,457190,이수스페셜티케미컬,96692,35259,-61433,7766919300,2833458250,-4933461050,KRX MDCSTAT02401_OUT
daily,KOSPI200,foreign,0126Z0,삼성에피스홀딩스,24619,9585,-15034,8549684250,3302860250,-5246824000,KRX MDCSTAT02401_OUT
daily,KOSPI200,foreign,454910,두산로보틱스,159154,82573,-76581,11159554800,5783673650,-5375881150,KRX MDCSTAT02401_OUT
daily,KOSPI200,foreign,016360,삼성증권,247494,173292,-74202,21380346650,14960494000,-6419852650,KRX MDCSTAT02401_OUT
daily,KOSPI200,foreign,036570,NC,83095,53444,-29651,18471160000,11868088000,-6603072000,KRX MDCSTAT02401_OUT
daily,KOSPI200,foreign,024110,기업은행,611247,259839,-351408,12160405180,5148403045,-7012002135,KRX MDCSTAT02401_OUT
daily,KOSPI200,foreign,003230,삼양식품,12524,6320,-6204,14724845000,7434411500,-7290433500,KRX MDCSTAT02401_OUT
daily,KOSPI200,foreign,307950,현대오토에버,36033,15620,-20413,13270863000,5704869750,-7565993250,KRX MDCSTAT02401_OUT
daily,KOSPI200,foreign,062040,산일전기,160094,125241,-34853,35858011750,28065803500,-7792208250,KRX MDCSTAT02401_OUT
daily,KOSPI200,foreign,047810,한국항공우주,177065,112722,-64343,21485449550,13667739750,-7817709800,KRX MDCSTAT02401_OUT
daily,KOSPI200,foreign,105560,KB금융,465447,407898,-57549,76452712050,66958161700,-9494550350,KRX MDCSTAT02401_OUT
daily,KOSPI200,foreign,010140,삼성중공업,1300977,791868,-509109,24722302340,15029043630,-9693258710,KRX MDCSTAT02401_OUT
daily,KOSPI200,foreign,316140,우리금융지주,2030934,1731835,-299099,66093597900,56316068475,-9777529425,KRX MDCSTAT02401_OUT
daily,KOSPI200,foreign,005940,NH투자증권,823565,419662,-403903,20660455600,10482961625,-10177493975,KRX MDCSTAT02401_OUT
daily,KOSPI200,foreign,015760,한국전력,615384,262562,-352822,17982149800,7663025925,-10319123875,KRX MDCSTAT02401_OUT
daily,KOSPI200,foreign,066970,엘앤에프,170922,83091,-87831,20056915750,9735551250,-10321364500,KRX MDCSTAT02401_OUT
daily,KOSPI200,foreign,006400,삼성SDI,177218,156684,-20534,102300666404,90465203404,-11835463000,KRX MDCSTAT02401_OUT
daily,KOSPI200,foreign,082740,한화엔진,579270,293449,-285821,24385763775,12260919150,-12124844625,KRX MDCSTAT02401_OUT
daily,KOSPI200,foreign,052690,한전기술,172220,66781,-105439,20346598700,7899060000,-12447538700,KRX MDCSTAT02401_OUT
daily,KOSPI200,foreign,051910,LG화학,245004,200048,-44956,69539365250,56470226250,-13069139000,KRX MDCSTAT02401_OUT
daily,KOSPI200,foreign,272210,한화시스템,513278,334448,-178830,38834601750,25344000700,-13490601050,KRX MDCSTAT02401_OUT
daily,KOSPI200,foreign,006800,미래에셋증권,851788,340502,-511286,25299443450,10086097175,-15213346275,KRX MDCSTAT02401_OUT
daily,KOSPI200,foreign,008930,한미사이언스,435550,138969,-296581,25241087450,7752152900,-17488934550,KRX MDCSTAT02401_OUT
daily,KOSPI200,foreign,005380,현대차,318447,263793,-54654,103835789250,85891905750,-17943883500,KRX MDCSTAT02401_OUT
daily,KOSPI200,foreign,207940,삼성바이오로직스,56439,39984,-16455,69334127000,49046671500,-20287455500,KRX MDCSTAT02401_OUT
daily,KOSPI200,foreign,079550,LIG디펜스앤에어로스페이스,116640,66530,-50110,72878186500,41351765000,-31526421500,KRX MDCSTAT02401_OUT
daily,KOSPI200,foreign,035420,NAVER,348157,170855,-177302,64034043450,31391527100,-32642516350,KRX MDCSTAT02401_OUT
daily,KOSPI200,foreign,001440,대한전선,1460569,303698,-1156871,41662902200,8688716650,-32974185550,KRX MDCSTAT02401_OUT
daily,KOSPI200,foreign,000150,두산,46589,20539,-26050,62780601000,27666764500,-35113836500,KRX MDCSTAT02401_OUT
daily,KOSPI200,foreign,096770,SK이노베이션,405940,174645,-231295,65439200700,28176490100,-37262710600,KRX MDCSTAT02401_OUT
daily,KOSPI200,foreign,011070,LG이노텍,116922,49196,-67726,67369039500,28354888500,-39014151000,KRX MDCSTAT02401_OUT
daily,KOSPI200,foreign,010120,LS ELECTRIC,344340,117592,-226748,68141761950,23252256250,-44889505700,KRX MDCSTAT02401_OUT
daily,KOSPI200,foreign,298040,효성중공업,42542,22543,-19999,106750811500,56622778500,-50128033000,KRX MDCSTAT02401_OUT
daily,KOSPI200,foreign,128940,한미약품,124500,19916,-104584,61108296500,9750185750,-51358110750,KRX MDCSTAT02401_OUT
daily,KOSPI200,foreign,066570,LG전자,588382,193481,-394901,118378835700,38989845650,-79388990050,KRX MDCSTAT02401_OUT
daily,KOSPI200,foreign,009150,삼성전기,196327,146508,-49819,309965956350,229936590850,-80029365500,KRX MDCSTAT02401_OUT
daily,KOSPI200,foreign,034020,두산에너빌리티,2106238,584449,-1521789,161874107250,44771040050,-117103067200,KRX MDCSTAT02401_OUT
daily,KOSPI200,foreign,005930,삼성전자,8495781,7172475,-1323306,2229610732868,1877408965368,-352201767500,KRX MDCSTAT02401_OUT
daily,KOSPI200,foreign,402340,SK스퀘어,521628,190229,-331399,560982953500,203973185500,-357009768000,KRX MDCSTAT02401_OUT
daily,KOSPI200,foreign,000660,SK하이닉스,1546497,1033945,-512552,2601594446580,1736025030080,-865569416500,KRX MDCSTAT02401_OUT
daily,KOSPI200,institution,402340,SK스퀘어,337853,462249,124396,365755155500,496935385500,131180230000,KRX MDCSTAT02401_OUT
daily,KOSPI200,institution,096770,SK이노베이션,285420,788145,502725,45997264400,127159574650,81162310250,KRX MDCSTAT02401_OUT
daily,KOSPI200,institution,006400,삼성SDI,202531,291666,89135,116563563500,168844902500,52281339000,KRX MDCSTAT02401_OUT
daily,KOSPI200,institution,051910,LG화학,191635,286966,95331,53937343000,81553488000,27616145000,KRX MDCSTAT02401_OUT
daily,KOSPI200,institution,034020,두산에너빌리티,1140071,1482793,342722,87009586850,114373785700,27364198850,KRX MDCSTAT02401_OUT
daily,KOSPI200,institution,018880,한온시스템,632813,4102352,3469539,2520719339,16409158378,13888439039,KRX MDCSTAT02401_OUT
daily,KOSPI200,institution,047810,한국항공우주,121940,217846,95906,14803072200,26466592700,11663520500,KRX MDCSTAT02401_OUT
daily,KOSPI200,institution,307950,현대오토에버,16297,40476,24179,5976515750,14970316000,8993800250,KRX MDCSTAT02401_OUT
daily,KOSPI200,institution,006800,미래에셋증권,470375,764415,294040,13890609525,22712534275,8821924750,KRX MDCSTAT02401_OUT
daily,KOSPI200,institution,011070,LG이노텍,50112,64291,14179,28837428000,36988106500,8150678500,KRX MDCSTAT02401_OUT
daily,KOSPI200,institution,000150,두산,19410,25235,5825,26177388500,34049981000,7872592500,KRX MDCSTAT02401_OUT
daily,KOSPI200,institution,030200,KT,291266,414826,123560,14988113750,21436364250,6448250500,KRX MDCSTAT02401_OUT
daily,KOSPI200,institution,005490,POSCO홀딩스,170083,187396,17313,52439402500,57933476250,5494073750,KRX MDCSTAT02401_OUT
daily,KOSPI200,institution,064350,현대로템,274705,322463,47758,28978307750,34073856150,5095548400,KRX MDCSTAT02401_OUT
daily,KOSPI200,institution,062040,산일전기,41291,63631,22340,9267247500,14251917500,4984670000,KRX MDCSTAT02401_OUT
daily,KOSPI200,institution,014680,한솔케미칼,14792,33067,18275,4027942250,8996268500,4968326250,KRX MDCSTAT02401_OUT
daily,KOSPI200,institution,298040,효성중공업,12858,14839,1981,32234443500,37126583000,4892139500,KRX MDCSTAT02401_OUT
daily,KOSPI200,institution,010950,S-Oil,124705,152638,27933,21007803650,25741280800,4733477150,KRX MDCSTAT02401_OUT
daily,KOSPI200,institution,128940,한미약품,65911,74247,8336,32070058500,36027375000,3957316500,KRX MDCSTAT02401_OUT
daily,KOSPI200,institution,001430,세아베스틸지주,31148,104507,73359,1415507950,4837280650,3421772700,KRX MDCSTAT02401_OUT
daily,KOSPI200,institution,066570,LG전자,235799,251787,15988,47356312450,50563524100,3207211650,KRX MDCSTAT02401_OUT
daily,KOSPI200,institution,175330,JB금융지주,207020,313033,106013,5779845500,8751217800,2971372300,KRX MDCSTAT02401_OUT
daily,KOSPI200,institution,047050,포스코인터내셔널,171957,223723,51766,9789649050,12755593000,2965943950,KRX MDCSTAT02401_OUT
daily,KOSPI200,institution,443060,HD현대마린솔루션,28188,41595,13407,6118323000,9083684000,2965361000,KRX MDCSTAT02401_OUT
daily,KOSPI200,institution,361610,SK아이이테크놀로지,108204,264698,156494,2002163420,4900639745,2898476325,KRX MDCSTAT02401_OUT
daily,KOSPI200,institution,073240,금호타이어,211640,546429,334789,1429143955,3696268420,2267124465,KRX MDCSTAT02401_OUT
daily,KOSPI200,institution,011790,SKC,104295,120735,16440,11332301350,13170650800,1838349450,KRX MDCSTAT02401_OUT
daily,KOSPI200,institution,005940,NH투자증권,162261,231328,69067,4059010600,5797695500,1738684900,KRX MDCSTAT02401_OUT
daily,KOSPI200,institution,457190,이수스페셜티케미컬,29996,51026,21030,2404118350,4101442100,1697323750,KRX MDCSTAT02401_OUT
daily,KOSPI200,institution,032640,LG유플러스,200744,312001,111257,2904349525,4516291170,1611941645,KRX MDCSTAT02401_OUT
daily,KOSPI200,institution,000240,한국앤컴퍼니,25882,76639,50757,679977675,2021875200,1341897525,KRX MDCSTAT02401_OUT
daily,KOSPI200,institution,022100,포스코DX,80398,138978,58580,1687595250,2925356775,1237761525,KRX MDCSTAT02401_OUT
daily,KOSPI200,institution,298020,효성티앤씨,3934,7512,3578,1094423500,2098767750,1004344250,KRX MDCSTAT02401_OUT
daily,KOSPI200,institution,112610,씨에스윈드,94775,112335,17560,5314112600,6313578150,999465550,KRX MDCSTAT02401_OUT
daily,KOSPI200,institution,009240,한샘,5536,26102,20566,224878175,1063902900,839024725,KRX MDCSTAT02401_OUT
daily,KOSPI200,institution,052690,한전기술,183934,186095,2161,21594841100,22381101500,786260400,KRX MDCSTAT02401_OUT
daily,KOSPI200,institution,377300,카카오페이,133326,151156,17830,5130701650,5817276500,686574850,KRX MDCSTAT02401_OUT
daily,KOSPI200,institution,161390,한국타이어앤테크놀로지,112567,122434,9867,7014105850,7653001050,638895200,KRX MDCSTAT02401_OUT
daily,KOSPI200,institution,007340,DN오토모티브,26815,39440,12625,1306759925,1934568525,627808600,KRX MDCSTAT02401_OUT
daily,KOSPI200,institution,111770,영원무역,34832,43500,8668,2455951550,3079552500,623600950,KRX MDCSTAT02401_OUT
daily,KOSPI200,institution,097950,CJ제일제당,14698,17954,3256,2707940400,3312768850,604828450,KRX MDCSTAT02401_OUT
daily,KOSPI200,institution,051900,LG생활건강,20312,22468,2156,5442838500,6038383750,595545250,KRX MDCSTAT02401_OUT
daily,KOSPI200,institution,000670,영풍,10656,24052,13396,427845875,978116925,550271050,KRX MDCSTAT02401_OUT
daily,KOSPI200,institution,006280,녹십자,7225,11023,3798,931042800,1423372050,492329250,KRX MDCSTAT02401_OUT
daily,KOSPI200,institution,034230,파라다이스,78650,114788,36138,770132130,1126297135,356165005,KRX MDCSTAT02401_OUT
daily,KOSPI200,institution,298050,HS효성첨단소재,2470,4084,1614,404298100,670396500,266098400,KRX MDCSTAT02401_OUT
daily,KOSPI200,institution,010060,OCI홀딩스,47549,48290,741,11255641750,11516075250,260433500,KRX MDCSTAT02401_OUT
daily,KOSPI200,institution,079550,LIG디펜스앤에어로스페이스,95394,95401,7,59388542000,59641843500,253301500,KRX MDCSTAT02401_OUT
daily,KOSPI200,institution,009970,영원무역홀딩스,5701,7020,1319,976246750,1212167000,235920250,KRX MDCSTAT02401_OUT
daily,KOSPI200,institution,069960,현대백화점,8588,11266,2678,739263700,971961350,232697650,KRX MDCSTAT02401_OUT
daily,KOSPI200,institution,006650,대한유화,3877,6236,2359,349102550,561637850,212535300,KRX MDCSTAT02401_OUT
daily,KOSPI200,institution,036460,한국가스공사,60473,63738,3265,2174734575,2292017850,117283275,KRX MDCSTAT02401_OUT
daily,KOSPI200,institution,005850,에스엘,18145,20408,2263,911402300,1026195150,114792850,KRX MDCSTAT02401_OUT
daily,KOSPI200,institution,014820,동원시스템즈,15059,19883,4824,330994275,440133950,109139675,KRX MDCSTAT02401_OUT
daily,KOSPI200,institution,021240,코웨이,61471,62358,887,6287101600,6384279900,97178300,KRX MDCSTAT02401_OUT
daily,KOSPI200,institution,011170,롯데케미칼,26893,28709,1816,1618862600,1715247600,96385000,KRX MDCSTAT02401_OUT
daily,KOSPI200,institution,454910,두산로보틱스,73735,74082,347,5151251300,5228496000,77244700,KRX MDCSTAT02401_OUT
daily,KOSPI200,institution,000080,하이트진로,23837,27732,3895,352442320,410321500,57879180,KRX MDCSTAT02401_OUT
daily,KOSPI200,institution,268280,미원에스씨,1410,1796,386,182287500,232839300,50551800,KRX MDCSTAT02401_OUT
daily,KOSPI200,institution,002030,아세아,728,882,154,153598000,186012000,32414000,KRX MDCSTAT02401_OUT
daily,KOSPI200,institution,008730,율촌화학,19183,21160,1977,300121580,331939220,31817640,KRX MDCSTAT02401_OUT
daily,KOSPI200,institution,007700,F&F홀딩스,1509,2943,1434,20241620,39513560,19271940,KRX MDCSTAT02401_OUT
daily,KOSPI200,institution,002840,미원상사,1329,1419,90,185429300,198191000,12761700,KRX MDCSTAT02401_OUT
daily,KOSPI200,institution,004370,농심,7094,7039,-55,2821128500,2802919250,-18209250,KRX MDCSTAT02401_OUT
daily,KOSPI200,institution,300720,한일시멘트,20912,19374,-1538,337363090,314212530,-23150560,KRX MDCSTAT02401_OUT
daily,KOSPI200,institution,001680,대상,12148,9925,-2223,213267820,174424690,-38843130,KRX MDCSTAT02401_OUT
daily,KOSPI200,institution,003240,태광산업,577,528,-49,524529000,479925000,-44604000,KRX MDCSTAT02401_OUT
daily,KOSPI200,institution,192080,더블유게임즈,17110,15942,-1168,978645000,914875800,-63769200,KRX MDCSTAT02401_OUT
daily,KOSPI200,institution,000210,DL,17333,15936,-1397,842051225,776318650,-65732575,KRX MDCSTAT02401_OUT
daily,KOSPI200,institution,007310,오뚜기,1062,841,-221,332166000,263907000,-68259000,KRX MDCSTAT02401_OUT
daily,KOSPI200,institution,003090,대웅,17073,11963,-5110,263675955,185826105,-77849850,KRX MDCSTAT02401_OUT
daily,KOSPI200,institution,005300,롯데칠성,4216,3145,-1071,401244250,299521000,-101723250,KRX MDCSTAT02401_OUT
daily,KOSPI200,institution,069260,TKG휴켐스,22165,15008,-7157,349900825,237030870,-112869955,KRX MDCSTAT02401_OUT
daily,KOSPI200,institution,001800,오리온홀딩스,26229,20943,-5286,594964400,476312275,-118652125,KRX MDCSTAT02401_OUT
daily,KOSPI200,institution,029780,삼성카드,26358,22579,-3779,1088406175,933338100,-155068075,KRX MDCSTAT02401_OUT
daily,KOSPI200,institution,005420,코스모화학,54557,40003,-14554,634698140,466501485,-168196655,KRX MDCSTAT02401_OUT
daily,KOSPI200,institution,012750,에스원,19048,16467,-2581,1604027700,1390447400,-213580300,KRX MDCSTAT02401_OUT
daily,KOSPI200,institution,071320,지역난방공사,4565,1704,-2861,352325100,131296000,-221029100,KRX MDCSTAT02401_OUT
daily,KOSPI200,institution,185750,종근당,6302,2923,-3379,414259300,192593400,-221665900,KRX MDCSTAT02401_OUT
daily,KOSPI200,institution,001040,CJ,38727,36959,-1768,5071305550,4839464000,-231841550,KRX MDCSTAT02401_OUT
daily,KOSPI200,institution,137310,에스디바이오센서,61386,24289,-37097,396187280,158177325,-238009955,KRX MDCSTAT02401_OUT
daily,KOSPI200,institution,002790,아모레퍼시픽홀딩스,21799,12445,-9354,559869825,320703375,-239166450,KRX MDCSTAT02401_OUT
daily,KOSPI200,institution,280360,롯데웰푸드,8586,6177,-2409,1044524900,754028600,-290496300,KRX MDCSTAT02401_OUT
daily,KOSPI200,institution,026960,동서,26009,14047,-11962,685271500,370808500,-314463000,KRX MDCSTAT02401_OUT
daily,KOSPI200,institution,139130,iM금융지주,130065,109214,-20851,2295674745,1928102395,-367572350,KRX MDCSTAT02401_OUT
daily,KOSPI200,institution,023530,롯데쇼핑,27618,23680,-3938,2706864900,2320897800,-385967100,KRX MDCSTAT02401_OUT
daily,KOSPI200,institution,285130,SK케미칼,35720,28050,-7670,1831779750,1444883500,-386896250,KRX MDCSTAT02401_OUT
daily,KOSPI200,institution,008770,호텔신라,51305,40595,-10710,1993194950,1582431750,-410763200,KRX MDCSTAT02401_OUT
daily,KOSPI200,institution,316140,우리금융지주,687452,674369,-13083,22385598675,21968450975,-417147700,KRX MDCSTAT02401_OUT
daily,KOSPI200,institution,004990,롯데지주,36129,17393,-18736,830263250,400905800,-429357450,KRX MDCSTAT02401_OUT
daily,KOSPI200,institution,003030,세아제강지주,10685,6446,-4239,1107752700,671871050,-435881650,KRX MDCSTAT02401_OUT
daily,KOSPI200,institution,009830,한화솔루션,458767,444101,-14666,16589460100,16125832950,-463627150,KRX MDCSTAT02401_OUT
daily,KOSPI200,institution,007070,GS리테일,39152,17455,-21697,851041350,378883525,-472157825,KRX MDCSTAT02401_OUT
daily,KOSPI200,institution,004000,롯데정밀화학,18476,6654,-11822,780659700,281028375,-499631325,KRX MDCSTAT02401_OUT
daily,KOSPI200,institution,011210,현대위아,20836,10792,-10044,1065143350,550890300,-514253050,KRX MDCSTAT02401_OUT
daily,KOSPI200,institution,006040,동원산업,17495,2683,-14812,610654075,93654550,-516999525,KRX MDCSTAT02401_OUT
daily,KOSPI200,institution,034220,LG디스플레이,597338,532097,-65241,4899505890,4382220360,-517285530,KRX MDCSTAT02401_OUT
daily,KOSPI200,institution,036570,NC,85043,82453,-2590,18842085250,18290458000,-551627250,KRX MDCSTAT02401_OUT
daily,KOSPI200,institution,138040,메리츠금융지주,69684,63942,-5742,8938423800,8224411900,-714011900,KRX MDCSTAT02401_OUT
daily,KOSPI200,institution,081660,미스토홀딩스,44211,24716,-19495,1692042500,949293900,-742748600,KRX MDCSTAT02401_OUT
daily,KOSPI200,institution,251270,넷마블,68735,46247,-22488,2322149775,1563590150,-758559625,KRX MDCSTAT02401_OUT
daily,KOSPI200,institution,069620,대웅제약,15161,8056,-7105,1652875000,878564050,-774310950,KRX MDCSTAT02401_OUT
daily,KOSPI200,institution,483650,달바글로벌,45513,40468,-5045,7950747100,7081405650,-869341450,KRX MDCSTAT02401_OUT
daily,KOSPI200,institution,088350,한화생명,497287,322913,-174374,2591591460,1678028910,-913562550,KRX MDCSTAT02401_OUT
daily,KOSPI200,institution,000720,현대건설,456895,443085,-13810,48273181650,47278634800,-994546850,KRX MDCSTAT02401_OUT
daily,KOSPI200,institution,017960,한국카본,74368,20039,-54329,1439554610,391737000,-1047817610,KRX MDCSTAT02401_OUT
daily,KOSPI200,institution,000880,한화,26801,16842,-9959,2977992150,1870546100,-1107446050,KRX MDCSTAT02401_OUT
daily,KOSPI200,institution,016360,삼성증권,88335,75354,-12981,7636832300,6512470250,-1124362050,KRX MDCSTAT02401_OUT
daily,KOSPI200,institution,282330,BGF리테일,28385,18776,-9609,3602711350,2387492900,-1215218450,KRX MDCSTAT02401_OUT
daily,KOSPI200,institution,015760,한국전력,695767,654649,-41118,20344705800,19114678250,-1230027550,KRX MDCSTAT02401_OUT
daily,KOSPI200,institution,009420,한올바이오파마,62389,34181,-28208,2771510875,1518461000,-1253049875,KRX MDCSTAT02401_OUT
daily,KOSPI200,institution,302440,SK바이오사이언스,55659,18828,-36831,2054259900,696650175,-1357609725,KRX MDCSTAT02401_OUT
daily,KOSPI200,institution,000120,CJ대한통운,23966,4319,-19647,1669832250,301355400,-1368476850,KRX MDCSTAT02401_OUT
daily,KOSPI200,institution,002380,KCC,7517,4485,-3032,3469118000,2067324000,-1401794000,KRX MDCSTAT02401_OUT
daily,KOSPI200,institution,051600,한전KPS,63685,29318,-34367,2785118150,1283845550,-1501272600,KRX MDCSTAT02401_OUT
daily,KOSPI200,institution,138930,BNK금융지주,427895,328267,-99628,6553273925,5027255660,-1526018265,KRX MDCSTAT02401_OUT
daily,KOSPI200,institution,271560,오리온,43924,29184,-14740,4590819400,3055721800,-1535097600,KRX MDCSTAT02401_OUT
daily,KOSPI200,institution,035250,강원랜드,183627,73462,-110165,2610151360,1044765050,-1565386310,KRX MDCSTAT02401_OUT
daily,KOSPI200,institution,011780,금호석유화학,19417,4949,-14468,2236158350,569998100,-1666160250,KRX MDCSTAT02401_OUT
daily,KOSPI200,institution,008930,한미사이언스,133911,104269,-29642,7420049100,5713568000,-1706481100,KRX MDCSTAT02401_OUT
daily,KOSPI200,institution,139480,이마트,53273,27343,-25930,3744997150,1933385850,-1811611300,KRX MDCSTAT02401_OUT
daily,KOSPI200,institution,093370,후성,251262,130584,-120678,3817208860,1990917310,-1826291550,KRX MDCSTAT02401_OUT
daily,KOSPI200,institution,241560,두산밥캣,75177,40856,-34321,4018152150,2182281200,-1835870950,KRX MDCSTAT02401_OUT
daily,KOSPI200,institution,005830,DB손해보험,84015,73945,-10070,15690927200,13819093200,-1871834000,KRX MDCSTAT02401_OUT
daily,KOSPI200,institution,003670,포스코퓨처엠,234736,223971,-10765,45623016100,43679611100,-1943405000,KRX MDCSTAT02401_OUT
daily,KOSPI200,institution,003230,삼양식품,12563,10918,-1645,14765008000,12816812000,-1948196000,KRX MDCSTAT02401_OUT
daily,KOSPI200,institution,192820,코스맥스,66760,60250,-6510,20384134250,18421223000,-1962911250,KRX MDCSTAT02401_OUT
daily,KOSPI200,institution,055550,신한지주,429343,409413,-19930,43134182950,41133606350,-2000576600,KRX MDCSTAT02401_OUT
daily,KOSPI200,institution,352820,하이브,86045,73563,-12482,14047103700,12025424400,-2021679300,KRX MDCSTAT02401_OUT
daily,KOSPI200,institution,373220,LG에너지솔루션,328374,319840,-8534,132757286250,130724300000,-2032986250,KRX MDCSTAT02401_OUT
daily,KOSPI200,institution,001440,대한전선,255959,185177,-70782,7297292175,5248229275,-2049062900,KRX MDCSTAT02401_OUT
daily,KOSPI200,institution,028670,팬오션,561848,217225,-344623,3399890810,1317943620,-2081947190,KRX MDCSTAT02401_OUT
daily,KOSPI200,institution,001450,현대해상,113380,66295,-47085,5337316375,3122723175,-2214593200,KRX MDCSTAT02401_OUT
daily,KOSPI200,institution,326030,SK바이오팜,48109,16720,-31389,3531569000,1225329500,-2306239500,KRX MDCSTAT02401_OUT
daily,KOSPI200,institution,066970,엘앤에프,112951,91800,-21151,13226184450,10733423550,-2492760900,KRX MDCSTAT02401_OUT
daily,KOSPI200,institution,0126Z0,삼성에피스홀딩스,10095,2736,-7359,3466014500,943778250,-2522236250,KRX MDCSTAT02401_OUT
daily,KOSPI200,institution,004020,현대제철,212829,119672,-93157,5996140525,3376415725,-2619724800,KRX MDCSTAT02401_OUT
daily,KOSPI200,institution,120110,코오롱인더,117159,70172,-46987,6546373050,3914391750,-2631981300,KRX MDCSTAT02401_OUT
daily,KOSPI200,institution,180640,한진칼,34755,14366,-20389,4581500300,1899802150,-2681698150,KRX MDCSTAT02401_OUT
daily,KOSPI200,institution,017800,현대엘리베이터,63373,22564,-40809,4449524150,1582470650,-2867053500,KRX MDCSTAT02401_OUT
daily,KOSPI200,institution,105560,KB금융,297555,277234,-20321,48909201800,45623889850,-3285311950,KRX MDCSTAT02401_OUT
daily,KOSPI200,institution,450080,에코프로머티,182969,95087,-87882,6995108500,3628014425,-3367094075,KRX MDCSTAT02401_OUT
daily,KOSPI200,institution,071970,HD현대마린엔진,97844,18381,-79463,4196230550,794616775,-3401613775,KRX MDCSTAT02401_OUT
daily,KOSPI200,institution,375500,DL이앤씨,123357,72875,-50482,8408608350,4981126500,-3427481850,KRX MDCSTAT02401_OUT
daily,KOSPI200,institution,064400,LG씨엔에스,189821,137081,-52740,12873940700,9340349350,-3533591350,KRX MDCSTAT02401_OUT
daily,KOSPI200,institution,272210,한화시스템,508954,455754,-53200,38455974500,34775855800,-3680118700,KRX MDCSTAT02401_OUT
daily,KOSPI200,institution,004170,신세계,25635,13255,-12380,7906596250,4126866250,-3779730000,KRX MDCSTAT02401_OUT
daily,KOSPI200,institution,030000,제일기획,276663,75121,-201542,5222276765,1418146355,-3804130410,KRX MDCSTAT02401_OUT
daily,KOSPI200,institution,323410,카카오뱅크,396212,200150,-196062,7751974050,3921726165,-3830247885,KRX MDCSTAT02401_OUT
daily,KOSPI200,institution,042700,한미반도체,439703,421653,-18050,117283554608,112771819608,-4511735000,KRX MDCSTAT02401_OUT
daily,KOSPI200,institution,047040,대우건설,973576,698021,-275555,16310481425,11683581430,-4626899995,KRX MDCSTAT02401_OUT
daily,KOSPI200,institution,039490,키움증권,46761,26295,-20466,11388927000,6420446750,-4968480250,KRX MDCSTAT02401_OUT
daily,KOSPI200,institution,090430,아모레퍼시픽,89889,52575,-37314,12088080900,7089556550,-4998524350,KRX MDCSTAT02401_OUT
daily,KOSPI200,institution,161890,한국콜마,147489,109139,-38350,20224768050,15005396500,-5219371550,KRX MDCSTAT02401_OUT
daily,KOSPI200,institution,259960,크래프톤,61522,33379,-28143,11603404400,6327839450,-5275564950,KRX MDCSTAT02401_OUT
daily,KOSPI200,institution,204320,HL만도,166223,37604,-128619,7436256950,1684732525,-5751524425,KRX MDCSTAT02401_OUT
daily,KOSPI200,institution,035720,카카오,392153,210087,-182066,12704679275,6810623275,-5894056000,KRX MDCSTAT02401_OUT
daily,KOSPI200,institution,024110,기업은행,452078,149008,-303070,8983572295,2959839085,-6023733210,KRX MDCSTAT02401_OUT
daily,KOSPI200,institution,028050,삼성E&A,405971,273905,-132066,19557166675,13230351700,-6326814975,KRX MDCSTAT02401_OUT
daily,KOSPI200,institution,042660,한화오션,283195,195070,-88125,20414352300,14064965150,-6349387150,KRX MDCSTAT02401_OUT
daily,KOSPI200,institution,278470,에이피알,74035,56504,-17531,27311284000,20883022250,-6428261750,KRX MDCSTAT02401_OUT
daily,KOSPI200,institution,010130,고려아연,13213,6507,-6706,13698750000,6739579500,-6959170500,KRX MDCSTAT02401_OUT
daily,KOSPI200,institution,034730,SK,84968,71396,-13572,47713159500,40455695500,-7257464000,KRX MDCSTAT02401_OUT
daily,KOSPI200,institution,103140,풍산,140569,29729,-110840,9310840900,1970987450,-7339853450,KRX MDCSTAT02401_OUT
daily,KOSPI200,institution,000100,유한양행,154030,49228,-104802,11296538350,3616623850,-7679914500,KRX MDCSTAT02401_OUT
daily,KOSPI200,institution,003550,LG,128775,52222,-76553,13976211250,5667175200,-8309036050,KRX MDCSTAT02401_OUT
daily,KOSPI200,institution,086280,현대글로비스,96700,49885,-46815,17773332800,9179034350,-8594298450,KRX MDCSTAT02401_OUT
daily,KOSPI200,institution,011200,HMM,655217,199009,-456208,13648230375,4146046250,-9502184125,KRX MDCSTAT02401_OUT
daily,KOSPI200,institution,033780,KT&G,97483,41732,-55751,17343396750,7433605450,-9909791300,KRX MDCSTAT02401_OUT
daily,KOSPI200,institution,207940,삼성바이오로직스,19142,10631,-8511,23495013000,13023826500,-10471186500,KRX MDCSTAT02401_OUT
daily,KOSPI200,institution,006260,LS,95664,47570,-48094,25795449000,12860308250,-12935140750,KRX MDCSTAT02401_OUT
daily,KOSPI200,institution,000810,삼성화재,57990,36024,-21966,35502908500,22065116500,-13437792000,KRX MDCSTAT02401_OUT
daily,KOSPI200,institution,071050,한국금융지주,136806,51308,-85498,23199392900,8729386750,-14470006150,KRX MDCSTAT02401_OUT
daily,KOSPI200,institution,010140,삼성중공업,1537627,776314,-761313,29206546585,14722465580,-14484081005,KRX MDCSTAT02401_OUT
daily,KOSPI200,institution,028260,삼성물산,153962,107501,-46461,49626923250,34791690750,-14835232500,KRX MDCSTAT02401_OUT
daily,KOSPI200,institution,082740,한화엔진,559674,180088,-379586,23284032475,7523712000,-15760320475,KRX MDCSTAT02401_OUT
daily,KOSPI200,institution,086790,하나금융지주,333493,202530,-130963,41738594400,25303093100,-16435501300,KRX MDCSTAT02401_OUT
daily,KOSPI200,institution,267260,HD현대일렉트릭,53478,26294,-27184,32456730500,15965713500,-16491017000,KRX MDCSTAT02401_OUT
daily,KOSPI200,institution,012330,현대모비스,204400,155924,-48476,73884389500,56820690000,-17063699500,KRX MDCSTAT02401_OUT
daily,KOSPI200,institution,078930,GS,276104,110461,-165643,28999179600,11654615650,-17344563950,KRX MDCSTAT02401_OUT
daily,KOSPI200,institution,267250,HD현대,157410,58763,-98647,28533595300,10663043100,-17870552200,KRX MDCSTAT02401_OUT
daily,KOSPI200,institution,035420,NAVER,347643,250168,-97475,63921015200,45982287800,-17938727400,KRX MDCSTAT02401_OUT
daily,KOSPI200,institution,018260,삼성에스디에스,122410,26363,-96047,24194768300,5236620700,-18958147600,KRX MDCSTAT02401_OUT
daily,KOSPI200,institution,267270,HD건설기계,276469,98498,-177971,29724620350,10637597800,-19087022550,KRX MDCSTAT02401_OUT
daily,KOSPI200,institution,068270,셀트리온,264501,150183,-114318,47740983800,27156874100,-20584109700,KRX MDCSTAT02401_OUT
daily,KOSPI200,institution,329180,HD현대중공업,176668,122922,-53746,68045825000,47347474250,-20698350750,KRX MDCSTAT02401_OUT
daily,KOSPI200,institution,017670,SK텔레콤,402260,147503,-254757,34096814900,12590274350,-21506540550,KRX MDCSTAT02401_OUT
daily,KOSPI200,institution,010120,LS ELECTRIC,235131,100076,-135055,46448475750,19763415650,-26685060100,KRX MDCSTAT02401_OUT
daily,KOSPI200,institution,000990,DB하이텍,340969,137586,-203383,47309128212,19216143912,-28092984300,KRX MDCSTAT02401_OUT
daily,KOSPI200,institution,000270,기아,457792,194411,-263381,49010039850,20802258050,-28207781800,KRX MDCSTAT02401_OUT
daily,KOSPI200,institution,003490,대한항공,1594529,641346,-953183,48955919275,19719645350,-29236273925,KRX MDCSTAT02401_OUT
daily,KOSPI200,institution,032830,삼성생명,193179,80281,-112898,52367795000,21904201000,-30463594000,KRX MDCSTAT02401_OUT
daily,KOSPI200,institution,005380,현대차,267168,165405,-101763,87036697750,53808209250,-33228488500,KRX MDCSTAT02401_OUT
daily,KOSPI200,institution,009540,HD한국조선해양,171772,37457,-134315,50466721750,11043247250,-39423474500,KRX MDCSTAT02401_OUT
daily,KOSPI200,institution,000660,SK하이닉스,1111562,1088967,-22595,1914182883500,1868627048500,-45555835000,KRX MDCSTAT02401_OUT
daily,KOSPI200,institution,007660,이수페타시스,852625,410595,-442030,107831634428,52033373628,-55798260800,KRX MDCSTAT02401_OUT
daily,KOSPI200,institution,012450,한화에어로스페이스,142366,36434,-105932,128728223000,33252874000,-95475349000,KRX MDCSTAT02401_OUT
daily,KOSPI200,institution,009150,삼성전기,241000,138490,-102510,379131963500,218771518000,-160360445500,KRX MDCSTAT02401_OUT
daily,KOSPI200,institution,005930,삼성전자,11192741,7105105,-4087636,2970442884750,1889138496750,-1081304388000,KRX MDCSTAT02401_OUT
daily,KOSDAQ150,foreign,036930,주성엔지니어링,691213,902805,211592,182510012750,242351366000,59841353250,KRX MDCSTAT02401_OUT
daily,KOSDAQ150,foreign,240810,원익IPS,357195,764121,406926,48700011900,104227986650,55527974750,KRX MDCSTAT02401_OUT
daily,KOSDAQ150,foreign,039030,이오테크닉스,29925,111054,81129,15818801000,58621450500,42802649500,KRX MDCSTAT02401_OUT
daily,KOSDAQ150,foreign,098460,고영,639962,1395586,755624,24467790550,51533830530,27066039980,KRX MDCSTAT02401_OUT
daily,KOSDAQ150,foreign,222800,심텍,157256,295439,138183,27207710950,51087663300,23879952350,KRX MDCSTAT02401_OUT
daily,KOSDAQ150,foreign,108490,로보티즈,63656,101090,37434,19266119000,30519509250,11253390250,KRX MDCSTAT02401_OUT
daily,KOSDAQ150,foreign,196170,알테오젠,183360,216034,32674,44123930500,52178277750,8054347250,KRX MDCSTAT02401_OUT
daily,KOSDAQ150,foreign,214450,파마리서치,33842,60067,26225,10183720000,18117465000,7933745000,KRX MDCSTAT02401_OUT
daily,KOSDAQ150,foreign,036540,SFA반도체,1307980,1793960,485980,15238987440,20903485940,5664498500,KRX MDCSTAT02401_OUT
daily,KOSDAQ150,foreign,083650,비에이치아이,56866,145173,88307,3077865350,7814091200,4736225850,KRX MDCSTAT02401_OUT
daily,KOSDAQ150,foreign,067310,하나마이크론,347112,434731,87619,17758862400,22205798350,4446935950,KRX MDCSTAT02401_OUT
daily,KOSDAQ150,foreign,058610,에스피지,45494,85716,40222,4525935200,8442084050,3916148850,KRX MDCSTAT02401_OUT
daily,KOSDAQ150,foreign,064760,티씨케이,33708,46623,12915,9966222250,13732686750,3766464500,KRX MDCSTAT02401_OUT
daily,KOSDAQ150,foreign,095610,테스,58412,77591,19179,9592930400,12719345600,3126415200,KRX MDCSTAT02401_OUT
daily,KOSDAQ150,foreign,005290,동진쎄미켐,97835,157150,59315,5023622750,8052388850,3028766100,KRX MDCSTAT02401_OUT
daily,KOSDAQ150,foreign,053800,안랩,36008,76353,40345,2723732600,5721060000,2997327400,KRX MDCSTAT02401_OUT
daily,KOSDAQ150,foreign,056190,SFA,57594,122737,65143,1826867525,3903056000,2076188475,KRX MDCSTAT02401_OUT
daily,KOSDAQ150,foreign,124500,아이티센글로벌,50294,128286,77992,1345464450,3406215150,2060750700,KRX MDCSTAT02401_OUT
daily,KOSDAQ150,foreign,204270,제이앤티씨,499325,573313,73988,13253069750,15186986100,1933916350,KRX MDCSTAT02401_OUT
daily,KOSDAQ150,foreign,403870,HPSP,408450,439647,31197,26611440350,28523202300,1911761950,KRX MDCSTAT02401_OUT
daily,KOSDAQ150,foreign,140860,파크시스템스,22499,28359,5860,7113106250,8938179750,1825073500,KRX MDCSTAT02401_OUT
daily,KOSDAQ150,foreign,237690,에스티팜,21440,40688,19248,1996344300,3777238150,1780893850,KRX MDCSTAT02401_OUT
daily,KOSDAQ150,foreign,437730,삼현,48455,84211,35756,2421566725,4139396500,1717829775,KRX MDCSTAT02401_OUT
daily,KOSDAQ150,foreign,257720,실리콘투,150959,196258,45299,5443255925,7016905400,1573649475,KRX MDCSTAT02401_OUT
daily,KOSDAQ150,foreign,195940,HK이노엔,21525,57907,36382,869305900,2315386150,1446080250,KRX MDCSTAT02401_OUT
daily,KOSDAQ150,foreign,166090,하나머티리얼즈,60487,81444,20957,3896878550,5228874750,1331996200,KRX MDCSTAT02401_OUT
daily,KOSDAQ150,foreign,183300,코미코,67594,104406,36812,2285956350,3524650375,1238694025,KRX MDCSTAT02401_OUT
daily,KOSDAQ150,foreign,420770,기가비스,7742,16922,9180,1053648400,2285279000,1231630600,KRX MDCSTAT02401_OUT
daily,KOSDAQ150,foreign,007390,네이처셀,29709,76972,47263,728069575,1891465850,1163396275,KRX MDCSTAT02401_OUT
daily,KOSDAQ150,foreign,213420,덕산네오룩스,34635,73376,38741,1033813675,2194212675,1160399000,KRX MDCSTAT02401_OUT
daily,KOSDAQ150,foreign,003380,하림지주,59829,157691,97862,689517750,1812252705,1122734955,KRX MDCSTAT02401_OUT
daily,KOSDAQ150,foreign,052400,코나아이,8732,39539,30807,315582850,1423286775,1107703925,KRX MDCSTAT02401_OUT
daily,KOSDAQ150,foreign,253590,네오셈,188054,255233,67179,3037017335,4131155445,1094138110,KRX MDCSTAT02401_OUT
daily,KOSDAQ150,foreign,090360,로보스타,24331,38768,14437,1865676950,2956898200,1091221250,KRX MDCSTAT02401_OUT
daily,KOSDAQ150,foreign,074600,원익QnC,65733,98281,32548,2145699225,3206168850,1060469625,KRX MDCSTAT02401_OUT
daily,KOSDAQ150,foreign,089030,테크윙,172757,191246,18489,9515016350,10528501350,1013485000,KRX MDCSTAT02401_OUT
daily,KOSDAQ150,foreign,215200,메가스터디교육,15423,40867,25444,597961150,1584687450,986726300,KRX MDCSTAT02401_OUT
daily,KOSDAQ150,foreign,298380,에이비엘바이오,127427,146166,18739,6170798025,7080291775,909493750,KRX MDCSTAT02401_OUT
daily,KOSDAQ150,foreign,263750,펄어비스,52759,77995,25236,1733305025,2553550075,820245050,KRX MDCSTAT02401_OUT
daily,KOSDAQ150,foreign,080220,제주반도체,310815,319435,8620,26808188400,27616426300,808237900,KRX MDCSTAT02401_OUT
daily,KOSDAQ150,foreign,041510,에스엠,16700,26784,10084,1294738900,2076650400,781911500,KRX MDCSTAT02401_OUT
daily,KOSDAQ150,foreign,161580,필옵틱스,70697,88369,17672,2974415125,3714928475,740513350,KRX MDCSTAT02401_OUT
daily,KOSDAQ150,foreign,171090,선익시스템,13479,22673,9194,1013355100,1725677250,712322150,KRX MDCSTAT02401_OUT
daily,KOSDAQ150,foreign,036810,에프에스티,26528,45882,19354,909514300,1570657125,661142825,KRX MDCSTAT02401_OUT
daily,KOSDAQ150,foreign,096530,씨젠,170261,187088,16827,6486070175,7139767250,653697075,KRX MDCSTAT02401_OUT
daily,KOSDAQ150,foreign,122870,와이지엔터테인먼트,19561,34733,15172,794095975,1407791100,613695125,KRX MDCSTAT02401_OUT
daily,KOSDAQ150,foreign,025980,아난티,174535,283884,109349,854872789,1387719946,532847157,KRX MDCSTAT02401_OUT
daily,KOSDAQ150,foreign,253450,스튜디오드래곤,16676,38012,21336,346379325,788271000,441891675,KRX MDCSTAT02401_OUT
daily,KOSDAQ150,foreign,078340,컴투스,18378,29837,11459,663529950,1073203400,409673450,KRX MDCSTAT02401_OUT
daily,KOSDAQ150,foreign,376300,디어유,33971,55033,21062,653473560,1057033610,403560050,KRX MDCSTAT02401_OUT
daily,KOSDAQ150,foreign,218410,RFHIC,85357,91517,6160,4999511550,5337559900,338048350,KRX MDCSTAT02401_OUT
daily,KOSDAQ150,foreign,100790,미래에셋벤처투자,145772,163465,17693,2484053065,2804325170,320272105,KRX MDCSTAT02401_OUT
daily,KOSDAQ150,foreign,060250,NHN KCP,31347,54239,22892,419237280,723395765,304158485,KRX MDCSTAT02401_OUT
daily,KOSDAQ150,foreign,067160,SOOP,18667,25898,7231,690069775,955793850,265724075,KRX MDCSTAT02401_OUT
daily,KOSDAQ150,foreign,060280,큐렉소,60498,90952,30454,524068995,787477050,263408055,KRX MDCSTAT02401_OUT
daily,KOSDAQ150,foreign,272290,이녹스첨단소재,29533,40932,11399,659981150,912358900,252377750,KRX MDCSTAT02401_OUT
daily,KOSDAQ150,foreign,050890,쏠리드,174017,198111,24094,1728854265,1961870385,233016120,KRX MDCSTAT02401_OUT
daily,KOSDAQ150,foreign,214150,클래시스,67488,74828,7340,2040297175,2264440350,224143175,KRX MDCSTAT02401_OUT
daily,KOSDAQ150,foreign,348210,넥스틴,31560,34587,3027,1252292125,1375424450,123132325,KRX MDCSTAT02401_OUT
daily,KOSDAQ150,foreign,014620,성광벤드,55492,59361,3869,1607738750,1719344950,111606200,KRX MDCSTAT02401_OUT
daily,KOSDAQ150,foreign,041190,우리기술투자,212302,230778,18476,1257122900,1367767035,110644135,KRX MDCSTAT02401_OUT
daily,KOSDAQ150,foreign,033100,제룡전기,31542,33738,2196,1531223675,1635658500,104434825,KRX MDCSTAT02401_OUT
daily,KOSDAQ150,foreign,025320,시노펙스,91615,116042,24427,363638020,462261633,98623613,KRX MDCSTAT02401_OUT
daily,KOSDAQ150,foreign,065350,신성델타테크,19637,22543,2906,641490150,734316600,92826450,KRX MDCSTAT02401_OUT
daily,KOSDAQ150,foreign,058470,리노공업,507318,508033,715,44675458550,44759210400,83751850,KRX MDCSTAT02401_OUT
daily,KOSDAQ150,foreign,278280,천보,15887,17656,1769,619574650,688168425,68593775,KRX MDCSTAT02401_OUT
daily,KOSDAQ150,foreign,015750,성우하이텍,43435,53509,10074,254805220,313780260,58975040,KRX MDCSTAT02401_OUT
daily,KOSDAQ150,foreign,310210,보로노이,28604,29148,544,4023261450,4079659900,56398450,KRX MDCSTAT02401_OUT
daily,KOSDAQ150,foreign,025900,동화기업,50167,57534,7367,371828390,424669140,52840750,KRX MDCSTAT02401_OUT
daily,KOSDAQ150,foreign,323280,태성,118993,119632,639,7329691850,7382417900,52726050,KRX MDCSTAT02401_OUT
daily,KOSDAQ150,foreign,211050,인카금융서비스,11033,12136,1103,109411270,119088740,9677470,KRX MDCSTAT02401_OUT
daily,KOSDAQ150,foreign,194480,데브시스터즈,15522,14568,-954,212410360,198911900,-13498460,KRX MDCSTAT02401_OUT
daily,KOSDAQ150,foreign,214370,케어젠,41401,40854,-547,1730899075,1702694850,-28204225,KRX MDCSTAT02401_OUT
daily,KOSDAQ150,foreign,068760,셀트리온제약,17582,16735,-847,687884475,652477400,-35407075,KRX MDCSTAT02401_OUT
daily,KOSDAQ150,foreign,145020,휴젤,29903,29706,-197,5432242700,5389122350,-43120350,KRX MDCSTAT02401_OUT
daily,KOSDAQ150,foreign,0009K0,에임드바이오,31541,29682,-1859,773209350,725245925,-47963425,KRX MDCSTAT02401_OUT
daily,KOSDAQ150,foreign,082270,젬백스,47130,41987,-5143,504377365,449601420,-54775945,KRX MDCSTAT02401_OUT
daily,KOSDAQ150,foreign,112040,위메이드,74676,70117,-4559,1163091390,1090493970,-72597420,KRX MDCSTAT02401_OUT
daily,KOSDAQ150,foreign,352480,씨앤씨인터내셔널,6587,2667,-3920,133314725,54045740,-79268985,KRX MDCSTAT02401_OUT
daily,KOSDAQ150,foreign,035760,CJ ENM,36878,34647,-2231,1301135875,1209856825,-91279050,KRX MDCSTAT02401_OUT
daily,KOSDAQ150,foreign,036620,감성코퍼레이션,54931,27958,-26973,206888224,105213165,-101675059,KRX MDCSTAT02401_OUT
daily,KOSDAQ150,foreign,348370,엔켐,129272,125383,-3889,2852587775,2731925875,-120661900,KRX MDCSTAT02401_OUT
daily,KOSDAQ150,foreign,006730,서부T&D,248416,236422,-11994,2951098070,2812685535,-138412535,KRX MDCSTAT02401_OUT
daily,KOSDAQ150,foreign,009520,포스코엠텍,54188,42041,-12147,716207590,555418050,-160789540,KRX MDCSTAT02401_OUT
daily,KOSDAQ150,foreign,085660,차바이오텍,62424,42709,-19715,514577970,350989220,-163588750,KRX MDCSTAT02401_OUT
daily,KOSDAQ150,foreign,101730,위메이드맥스,143414,109376,-34038,698811476,531729108,-167082368,KRX MDCSTAT02401_OUT
daily,KOSDAQ150,foreign,033500,동성화인텍,38507,26749,-11758,587102850,407272080,-179830770,KRX MDCSTAT02401_OUT
daily,KOSDAQ150,foreign,032500,케이엠더블유,49147,39319,-9828,978675630,779858275,-198817355,KRX MDCSTAT02401_OUT
daily,KOSDAQ150,foreign,225570,넥슨게임즈,82398,62242,-20156,821715620,617293760,-204421860,KRX MDCSTAT02401_OUT
daily,KOSDAQ150,foreign,095660,네오위즈,25234,12431,-12803,447804750,220080070,-227724680,KRX MDCSTAT02401_OUT
daily,KOSDAQ150,foreign,099320,쎄트렉아이,28805,25018,-3787,2052078900,1768722350,-283356550,KRX MDCSTAT02401_OUT
daily,KOSDAQ150,foreign,069080,웹젠,86721,62308,-24413,1055178170,756204800,-298973370,KRX MDCSTAT02401_OUT
daily,KOSDAQ150,foreign,475830,오름테라퓨틱,102262,85535,-16727,1986871995,1663051890,-323820105,KRX MDCSTAT02401_OUT
daily,KOSDAQ150,foreign,032190,다우데이타,32982,10783,-22199,614680440,200359740,-414320700,KRX MDCSTAT02401_OUT
daily,KOSDAQ150,foreign,189300,인텔리안테크,32100,25010,-7090,2085656550,1614322300,-471334250,KRX MDCSTAT02401_OUT
daily,KOSDAQ150,foreign,388720,유일로보틱스,12912,6033,-6879,896924950,417015700,-479909250,KRX MDCSTAT02401_OUT
daily,KOSDAQ150,foreign,214430,아이쓰리시스템,14459,8117,-6342,1135945050,635493800,-500451250,KRX MDCSTAT02401_OUT
daily,KOSDAQ150,foreign,042000,카페24,83948,60966,-22982,1872309900,1362334950,-509974950,KRX MDCSTAT02401_OUT
daily,KOSDAQ150,foreign,036830,솔브레인홀딩스,37529,27299,-10230,1870530675,1358676700,-511853975,KRX MDCSTAT02401_OUT
daily,KOSDAQ150,foreign,293490,카카오게임즈,190196,134447,-55749,1805444460,1284270195,-521174265,KRX MDCSTAT02401_OUT
daily,KOSDAQ150,foreign,445680,큐리옥스바이오시스템즈,58369,46928,-11441,3211414250,2603567150,-607847100,KRX MDCSTAT02401_OUT
daily,KOSDAQ150,foreign,095340,ISC,93818,90691,-3127,18876463950,18264742950,-611721000,KRX MDCSTAT02401_OUT
daily,KOSDAQ150,foreign,137400,피엔티,62753,41965,-20788,2067330525,1381207425,-686123100,KRX MDCSTAT02401_OUT
daily,KOSDAQ150,foreign,281740,레이크머티리얼즈,174937,121556,-53381,2252729690,1563990235,-688739455,KRX MDCSTAT02401_OUT
daily,KOSDAQ150,foreign,082920,비츠로셀,134091,109189,-24902,3774109100,3063459150,-710649950,KRX MDCSTAT02401_OUT
daily,KOSDAQ150,foreign,121600,나노신소재,34267,21158,-13109,2196200700,1350714150,-845486550,KRX MDCSTAT02401_OUT
daily,KOSDAQ150,foreign,347850,디앤디파마텍,191822,170792,-21030,8326148325,7418708250,-907440075,KRX MDCSTAT02401_OUT
daily,KOSDAQ150,foreign,048410,현대바이오,373313,243474,-129839,2625230085,1703356925,-921873160,KRX MDCSTAT02401_OUT
daily,KOSDAQ150,foreign,018290,브이티,142122,70444,-71678,1871635025,928218860,-943416165,KRX MDCSTAT02401_OUT
daily,KOSDAQ150,foreign,358570,지아이이노베이션,194550,79022,-115528,1645695900,669844540,-975851360,KRX MDCSTAT02401_OUT
daily,KOSDAQ150,foreign,039200,오스코텍,60343,32362,-27981,2290396750,1228697900,-1061698850,KRX MDCSTAT02401_OUT
daily,KOSDAQ150,foreign,087010,펩트론,177184,165231,-11953,16876757050,15759765650,-1116991400,KRX MDCSTAT02401_OUT
daily,KOSDAQ150,foreign,060370,LS마린솔루션,70923,34082,-36841,2293112375,1102363550,-1190748825,KRX MDCSTAT02401_OUT
daily,KOSDAQ150,foreign,131290,티에스이,29188,25039,-4149,9178274750,7854024250,-1324250500,KRX MDCSTAT02401_OUT
daily,KOSDAQ150,foreign,084370,유진테크,107856,100124,-7732,18759499700,17424866150,-1334633550,KRX MDCSTAT02401_OUT
daily,KOSDAQ150,foreign,032820,우리기술,553035,439113,-113922,6551292835,5209637250,-1341655585,KRX MDCSTAT02401_OUT
daily,KOSDAQ150,foreign,141080,리가켐바이오,93774,76564,-17210,7063363550,5695205850,-1368157700,KRX MDCSTAT02401_OUT
daily,KOSDAQ150,foreign,089970,브이엠,154648,134131,-20517,10354141900,8982608100,-1371533800,KRX MDCSTAT02401_OUT
daily,KOSDAQ150,foreign,295310,에이치브이엠,63088,45354,-17734,4738239150,3356046300,-1382192850,KRX MDCSTAT02401_OUT
daily,KOSDAQ150,foreign,090710,휴림로봇,428450,195111,-233339,2610524010,1192669700,-1417854310,KRX MDCSTAT02401_OUT
daily,KOSDAQ150,foreign,125490,한라캐스트,271845,162912,-108933,3519297470,2090775500,-1428521970,KRX MDCSTAT02401_OUT
daily,KOSDAQ150,foreign,031980,피에스케이홀딩스,103850,97145,-6705,22039896750,20579054500,-1460842250,KRX MDCSTAT02401_OUT
daily,KOSDAQ150,foreign,251970,펌텍코리아,43011,20532,-22479,2860071000,1358498200,-1501572800,KRX MDCSTAT02401_OUT
daily,KOSDAQ150,foreign,030520,한컴,118591,34631,-83960,2124640395,622280760,-1502359635,KRX MDCSTAT02401_OUT
daily,KOSDAQ150,foreign,399720,가온칩스,79302,47433,-31869,3830506500,2285677525,-1544828975,KRX MDCSTAT02401_OUT
daily,KOSDAQ150,foreign,241710,코스메카코리아,42424,27895,-14529,4817372800,3161211950,-1656160850,KRX MDCSTAT02401_OUT
daily,KOSDAQ150,foreign,030530,원익홀딩스,216129,159003,-57126,6233788300,4560183775,-1673604525,KRX MDCSTAT02401_OUT
daily,KOSDAQ150,foreign,178320,서진시스템,228626,187329,-41297,9424871600,7680450050,-1744421550,KRX MDCSTAT02401_OUT
daily,KOSDAQ150,foreign,290650,엘앤씨바이오,165129,134323,-30806,9371025600,7618466300,-1752559300,KRX MDCSTAT02401_OUT
daily,KOSDAQ150,foreign,328130,루닛,394205,232074,-162131,4435688245,2603464190,-1832224055,KRX MDCSTAT02401_OUT
daily,KOSDAQ150,foreign,466100,클로봇,129288,38878,-90410,2929498075,877394150,-2052103925,KRX MDCSTAT02401_OUT
daily,KOSDAQ150,foreign,035900,JYP Ent.,240792,163716,-77076,9367873125,6330093225,-3037779900,KRX MDCSTAT02401_OUT
daily,KOSDAQ150,foreign,232140,와이씨,649014,419502,-229512,11156794890,7210223520,-3946571370,KRX MDCSTAT02401_OUT
daily,KOSDAQ150,foreign,101490,에스앤에스텍,154337,79004,-75333,8227184850,4204025250,-4023159600,KRX MDCSTAT02401_OUT
daily,KOSDAQ150,foreign,277810,레인보우로보틱스,30134,19271,-10863,13180690000,8408618750,-4772071250,KRX MDCSTAT02401_OUT
daily,KOSDAQ150,foreign,417200,LS머트리얼즈,914262,618192,-296070,14585869975,9652717395,-4933152580,KRX MDCSTAT02401_OUT
daily,KOSDAQ150,foreign,028300,HLB,329005,205781,-123224,15106026175,9437178625,-5668847550,KRX MDCSTAT02401_OUT
daily,KOSDAQ150,foreign,056080,유진로봇,658188,190432,-467756,8148881035,2340474485,-5808406550,KRX MDCSTAT02401_OUT
daily,KOSDAQ150,foreign,131970,두산테스나,265000,209243,-55757,32575973550,25840751200,-6735222350,KRX MDCSTAT02401_OUT
daily,KOSDAQ150,foreign,226950,올릭스,112358,52099,-60259,13271681650,6129851950,-7141829700,KRX MDCSTAT02401_OUT
daily,KOSDAQ150,foreign,078600,대주전자재료,128156,60486,-67670,14715438650,6950701050,-7764737600,KRX MDCSTAT02401_OUT
daily,KOSDAQ150,foreign,000250,삼천당제약,74624,41226,-33398,17324293500,9415291250,-7909002250,KRX MDCSTAT02401_OUT
daily,KOSDAQ150,foreign,038500,삼표시멘트,2005097,649239,-1355858,15393846520,5011487760,-10382358760,KRX MDCSTAT02401_OUT
daily,KOSDAQ150,foreign,043260,성호전자,762653,440331,-322322,24606523200,14070287150,-10536236050,KRX MDCSTAT02401_OUT
daily,KOSDAQ150,foreign,319400,현대무벡스,814427,262025,-552402,16638016420,5317834490,-11320181930,KRX MDCSTAT02401_OUT
daily,KOSDAQ150,foreign,086520,에코프로,341859,217346,-124513,31509747350,20065734300,-11444013050,KRX MDCSTAT02401_OUT
daily,KOSDAQ150,foreign,247540,에코프로비엠,231676,126728,-104948,29534765850,16165402600,-13369363250,KRX MDCSTAT02401_OUT
daily,KOSDAQ150,institution,000250,삼천당제약,65766,110765,44999,15346122750,25995921500,10649798750,KRX MDCSTAT02401_OUT
daily,KOSDAQ150,institution,319400,현대무벡스,51701,536486,484785,1036593590,11077668750,10041075160,KRX MDCSTAT02401_OUT
daily,KOSDAQ150,institution,417200,LS머트리얼즈,304986,728913,423927,4796666440,11636081745,6839415305,KRX MDCSTAT02401_OUT
daily,KOSDAQ150,institution,078600,대주전자재료,23040,80749,57709,2641207250,9285051250,6643844000,KRX MDCSTAT02401_OUT
daily,KOSDAQ150,institution,031980,피에스케이홀딩스,57058,87532,30474,12085423500,18605352750,6519929250,KRX MDCSTAT02401_OUT
daily,KOSDAQ150,institution,056080,유진로봇,56945,524250,467305,699025910,6572684995,5873659085,KRX MDCSTAT02401_OUT
daily,KOSDAQ150,institution,226950,올릭스,78309,125738,47429,9178766250,14903402150,5724635900,KRX MDCSTAT02401_OUT
daily,KOSDAQ150,institution,089970,브이엠,97654,171806,74152,6551898950,11601768650,5049869700,KRX MDCSTAT02401_OUT
daily,KOSDAQ150,institution,058470,리노공업,535722,589869,54147,47249886844,52191360294,4941473450,KRX MDCSTAT02401_OUT
daily,KOSDAQ150,institution,131970,두산테스나,105505,143672,38167,13075238300,17879347900,4804109600,KRX MDCSTAT02401_OUT
daily,KOSDAQ150,institution,035900,JYP Ent.,47781,163137,115356,1832546575,6373605325,4541058750,KRX MDCSTAT02401_OUT
daily,KOSDAQ150,institution,247540,에코프로비엠,148505,181357,32852,18967165850,23237260500,4270094650,KRX MDCSTAT02401_OUT
daily,KOSDAQ150,institution,295310,에이치브이엠,41039,89463,48424,3064658050,6731699150,3667041100,KRX MDCSTAT02401_OUT
daily,KOSDAQ150,institution,196170,알테오젠,260594,273766,13172,62742109750,66212855000,3470745250,KRX MDCSTAT02401_OUT
daily,KOSDAQ150,institution,080220,제주반도체,38030,75695,37665,3290543500,6556947850,3266404350,KRX MDCSTAT02401_OUT
daily,KOSDAQ150,institution,084370,유진테크,54639,71571,16932,9500377300,12444531400,2944154100,KRX MDCSTAT02401_OUT
daily,KOSDAQ150,institution,328130,루닛,33885,282020,248135,377048855,3194628655,2817579800,KRX MDCSTAT02401_OUT
daily,KOSDAQ150,institution,277810,레인보우로보틱스,15948,21558,5610,6931455250,9443006250,2511551000,KRX MDCSTAT02401_OUT
daily,KOSDAQ150,institution,466100,클로봇,13008,106331,93323,293357700,2421617875,2128260175,KRX MDCSTAT02401_OUT
daily,KOSDAQ150,institution,086520,에코프로,301264,321963,20699,27785658900,29727638250,1941979350,KRX MDCSTAT02401_OUT
daily,KOSDAQ150,institution,251970,펌텍코리아,18806,47602,28796,1243430000,3165716700,1922286700,KRX MDCSTAT02401_OUT
daily,KOSDAQ150,institution,166090,하나머티리얼즈,35389,64114,28725,2270262950,4149466550,1879203600,KRX MDCSTAT02401_OUT
daily,KOSDAQ150,institution,140860,파크시스템스,12241,17173,4932,3845666750,5435078250,1589411500,KRX MDCSTAT02401_OUT
daily,KOSDAQ150,institution,241710,코스메카코리아,18329,30742,12413,2060090500,3483940400,1423849900,KRX MDCSTAT02401_OUT
daily,KOSDAQ150,institution,121600,나노신소재,15978,33384,17406,1020404200,2138893400,1118489200,KRX MDCSTAT02401_OUT
daily,KOSDAQ150,institution,089030,테크윙,60588,75637,15049,3333478550,4180404250,846925700,KRX MDCSTAT02401_OUT
daily,KOSDAQ150,institution,014620,성광벤드,25537,48047,22510,739195350,1392798050,653602700,KRX MDCSTAT02401_OUT
daily,KOSDAQ150,institution,376300,디어유,5819,38638,32819,110599420,746586060,635986640,KRX MDCSTAT02401_OUT
daily,KOSDAQ150,institution,053800,안랩,4816,12397,7581,362846500,940439750,577593250,KRX MDCSTAT02401_OUT
daily,KOSDAQ150,institution,214430,아이쓰리시스템,2835,9294,6459,222520700,737562800,515042100,KRX MDCSTAT02401_OUT
daily,KOSDAQ150,institution,161580,필옵틱스,8373,20416,12043,351385150,857837475,506452325,KRX MDCSTAT02401_OUT
daily,KOSDAQ150,institution,145020,휴젤,11778,14366,2588,2142903300,2622987100,480083800,KRX MDCSTAT02401_OUT
daily,KOSDAQ150,institution,388720,유일로보틱스,3004,9578,6574,207046300,669918000,462871700,KRX MDCSTAT02401_OUT
daily,KOSDAQ150,institution,178320,서진시스템,76434,86045,9611,3143816775,3550671125,406854350,KRX MDCSTAT02401_OUT
daily,KOSDAQ150,institution,399720,가온칩스,3437,10343,6906,164331025,498931075,334600050,KRX MDCSTAT02401_OUT
daily,KOSDAQ150,institution,098460,고영,319033,325999,6966,12076240525,12406139400,329898875,KRX MDCSTAT02401_OUT
daily,KOSDAQ150,institution,039200,오스코텍,24237,32674,8437,918693475,1241125575,322432100,KRX MDCSTAT02401_OUT
daily,KOSDAQ150,institution,067160,SOOP,11569,19743,8174,428751000,736574200,307823200,KRX MDCSTAT02401_OUT
daily,KOSDAQ150,institution,137400,피엔티,27478,36644,9166,903884050,1208334725,304450675,KRX MDCSTAT02401_OUT
daily,KOSDAQ150,institution,204270,제이앤티씨,8871,18856,9985,231487450,498223100,266735650,KRX MDCSTAT02401_OUT
daily,KOSDAQ150,institution,009520,포스코엠텍,35679,54111,18432,470919150,715056750,244137600,KRX MDCSTAT02401_OUT
daily,KOSDAQ150,institution,215200,메가스터디교육,9493,15302,5809,366193900,594030325,227836425,KRX MDCSTAT02401_OUT
daily,KOSDAQ150,institution,056190,SFA,69925,76463,6538,2214469025,2422567150,208098125,KRX MDCSTAT02401_OUT
daily,KOSDAQ150,institution,281740,레이크머티리얼즈,55985,70386,14401,720305415,907262695,186957280,KRX MDCSTAT02401_OUT
daily,KOSDAQ150,institution,033100,제룡전기,8521,12322,3801,412629575,599106025,186476450,KRX MDCSTAT02401_OUT
daily,KOSDAQ150,institution,348210,넥스틴,16173,20606,4433,641352900,822396625,181043725,KRX MDCSTAT02401_OUT
daily,KOSDAQ150,institution,171090,선익시스템,6218,8378,2160,468707700,633693950,164986250,KRX MDCSTAT02401_OUT
daily,KOSDAQ150,institution,125490,한라캐스트,10357,18565,8208,133413590,239763440,106349850,KRX MDCSTAT02401_OUT
daily,KOSDAQ150,institution,025900,동화기업,13080,27280,14200,96603200,202700990,106097790,KRX MDCSTAT02401_OUT
daily,KOSDAQ150,institution,323280,태성,18082,19148,1066,1107190300,1180052200,72861900,KRX MDCSTAT02401_OUT
daily,KOSDAQ150,institution,253590,네오셈,10168,14324,4156,163077520,231745570,68668050,KRX MDCSTAT02401_OUT
daily,KOSDAQ150,institution,112040,위메이드,67591,70884,3293,1048018700,1104621520,56602820,KRX MDCSTAT02401_OUT
daily,KOSDAQ150,institution,042000,카페24,15052,16232,1180,337041150,364817575,27776425,KRX MDCSTAT02401_OUT
daily,KOSDAQ150,institution,211050,인카금융서비스,13014,12318,-696,127436290,122381510,-5054780,KRX MDCSTAT02401_OUT
daily,KOSDAQ150,institution,272290,이녹스첨단소재,21810,21319,-491,486876600,474043625,-12832975,KRX MDCSTAT02401_OUT
daily,KOSDAQ150,institution,036830,솔브레인홀딩스,26614,26142,-472,1321415925,1302809225,-18606700,KRX MDCSTAT02401_OUT
daily,KOSDAQ150,institution,101730,위메이드맥스,9702,4449,-5253,47015324,21656820,-25358504,KRX MDCSTAT02401_OUT
daily,KOSDAQ150,institution,035760,CJ ENM,60048,58487,-1561,2098114725,2067599050,-30515675,KRX MDCSTAT02401_OUT
daily,KOSDAQ150,institution,032190,다우데이타,6541,4882,-1659,121850010,91151680,-30698330,KRX MDCSTAT02401_OUT
daily,KOSDAQ150,institution,015750,성우하이텍,27326,20740,-6586,160256060,122091940,-38164120,KRX MDCSTAT02401_OUT
daily,KOSDAQ150,institution,095660,네오위즈,13621,11158,-2463,241175890,198260850,-42915040,KRX MDCSTAT02401_OUT
daily,KOSDAQ150,institution,096530,씨젠,74031,72735,-1296,2812048975,2767082375,-44966600,KRX MDCSTAT02401_OUT
daily,KOSDAQ150,institution,025980,아난티,33034,21216,-11818,161754713,104189890,-57564823,KRX MDCSTAT02401_OUT
daily,KOSDAQ150,institution,100790,미래에셋벤처투자,8862,5273,-3589,150838605,90264120,-60574485,KRX MDCSTAT02401_OUT
daily,KOSDAQ150,institution,232140,와이씨,43202,38588,-4614,735767745,667130490,-68637255,KRX MDCSTAT02401_OUT
daily,KOSDAQ150,institution,194480,데브시스터즈,11201,5911,-5290,153126590,80848890,-72277700,KRX MDCSTAT02401_OUT
daily,KOSDAQ150,institution,025320,시노펙스,36570,17332,-19238,145242335,69039480,-76202855,KRX MDCSTAT02401_OUT
daily,KOSDAQ150,institution,475830,오름테라퓨틱,16687,12670,-4017,323126920,246011020,-77115900,KRX MDCSTAT02401_OUT
daily,KOSDAQ150,institution,060250,NHN KCP,10837,4665,-6172,143933640,62566410,-81367230,KRX MDCSTAT02401_OUT
daily,KOSDAQ150,institution,038500,삼표시멘트,311557,297542,-14015,2389641255,2270689045,-118952210,KRX MDCSTAT02401_OUT
daily,KOSDAQ150,institution,032500,케이엠더블유,17253,11030,-6223,342280110,219770040,-122510070,KRX MDCSTAT02401_OUT
daily,KOSDAQ150,institution,036620,감성코퍼레이션,49888,16579,-33309,187379053,62607620,-124771433,KRX MDCSTAT02401_OUT
daily,KOSDAQ150,institution,352480,씨앤씨인터내셔널,7329,796,-6533,148014790,16282050,-131732740,KRX MDCSTAT02401_OUT
daily,KOSDAQ150,institution,069080,웹젠,45885,34712,-11173,556542040,423457945,-133084095,KRX MDCSTAT02401_OUT
daily,KOSDAQ150,institution,033500,동성화인텍,14739,5781,-8958,224208540,88492440,-135716100,KRX MDCSTAT02401_OUT
daily,KOSDAQ150,institution,082270,젬백스,22851,9864,-12987,242950040,106578960,-136371080,KRX MDCSTAT02401_OUT
daily,KOSDAQ150,institution,090710,휴림로봇,55565,32628,-22937,338739515,200206890,-138532625,KRX MDCSTAT02401_OUT
daily,KOSDAQ150,institution,048410,현대바이오,113949,91556,-22393,797897295,639943070,-157954225,KRX MDCSTAT02401_OUT
daily,KOSDAQ150,institution,278280,천보,7333,2769,-4564,284375750,108050250,-176325500,KRX MDCSTAT02401_OUT
daily,KOSDAQ150,institution,085660,차바이오텍,46654,24671,-21983,383968460,204768450,-179200010,KRX MDCSTAT02401_OUT
daily,KOSDAQ150,institution,006730,서부T&D,74686,58217,-16469,883811105,692988950,-190822155,KRX MDCSTAT02401_OUT
daily,KOSDAQ150,institution,030530,원익홀딩스,38810,31996,-6814,1111401800,918996500,-192405300,KRX MDCSTAT02401_OUT
daily,KOSDAQ150,institution,050890,쏠리드,34169,13034,-21135,338719570,129809730,-208909840,KRX MDCSTAT02401_OUT
daily,KOSDAQ150,institution,0009K0,에임드바이오,19291,10192,-9099,469714975,250258500,-219456475,KRX MDCSTAT02401_OUT
daily,KOSDAQ150,institution,293490,카카오게임즈,80631,57073,-23558,772280380,547600490,-224679890,KRX MDCSTAT02401_OUT
daily,KOSDAQ150,institution,065350,신성델타테크,20242,11934,-8308,658633700,389739750,-268893950,KRX MDCSTAT02401_OUT
daily,KOSDAQ150,institution,445680,큐리옥스바이오시스템즈,16489,11333,-5156,907129800,617262800,-289867000,KRX MDCSTAT02401_OUT
daily,KOSDAQ150,institution,358570,지아이이노베이션,57685,22145,-35540,487307050,189459610,-297847440,KRX MDCSTAT02401_OUT
daily,KOSDAQ150,institution,018290,브이티,49192,24875,-24317,640273320,326125855,-314147465,KRX MDCSTAT02401_OUT
daily,KOSDAQ150,institution,030520,한컴,65903,47915,-17988,1174108525,848890980,-325217545,KRX MDCSTAT02401_OUT
daily,KOSDAQ150,institution,060280,큐렉소,51361,6503,-44858,444570660,56472600,-388098060,KRX MDCSTAT02401_OUT
daily,KOSDAQ150,institution,348370,엔켐,38306,20528,-17778,849938500,455269275,-394669225,KRX MDCSTAT02401_OUT
daily,KOSDAQ150,institution,036810,에프에스티,17318,3765,-13553,591505050,129345600,-462159450,KRX MDCSTAT02401_OUT
daily,KOSDAQ150,institution,253450,스튜디오드래곤,47224,23858,-23366,979854450,496932650,-482921800,KRX MDCSTAT02401_OUT
daily,KOSDAQ150,institution,214150,클래시스,60889,44385,-16504,1835359400,1342204400,-493155000,KRX MDCSTAT02401_OUT
daily,KOSDAQ150,institution,068760,셀트리온제약,19534,5631,-13903,760803700,220782350,-540021350,KRX MDCSTAT02401_OUT
daily,KOSDAQ150,institution,043260,성호전자,272116,253696,-18420,8748233450,8151024475,-597208975,KRX MDCSTAT02401_OUT
daily,KOSDAQ150,institution,078340,컴투스,40154,22405,-17749,1446139500,807077750,-639061750,KRX MDCSTAT02401_OUT
daily,KOSDAQ150,institution,041190,우리기술투자,122171,11002,-111169,722068310,65449625,-656618685,KRX MDCSTAT02401_OUT
daily,KOSDAQ150,institution,213420,덕산네오룩스,38571,15272,-23299,1152181525,458228600,-693952925,KRX MDCSTAT02401_OUT
daily,KOSDAQ150,institution,122870,와이지엔터테인먼트,43130,24468,-18662,1746091350,992078500,-754012850,KRX MDCSTAT02401_OUT
daily,KOSDAQ150,institution,052400,코나아이,32530,11386,-21144,1167491275,411706400,-755784875,KRX MDCSTAT02401_OUT
daily,KOSDAQ150,institution,263750,펄어비스,79297,54862,-24435,2592441100,1800702225,-791738875,KRX MDCSTAT02401_OUT
daily,KOSDAQ150,institution,218410,RFHIC,71123,57070,-14053,4145941200,3345864300,-800076900,KRX MDCSTAT02401_OUT
daily,KOSDAQ150,institution,214370,케어젠,31002,11239,-19763,1289782950,471387425,-818395525,KRX MDCSTAT02401_OUT
daily,KOSDAQ150,institution,225570,넥슨게임즈,103759,19327,-84432,1027443960,193626870,-833817090,KRX MDCSTAT02401_OUT
daily,KOSDAQ150,institution,101490,에스앤에스텍,28685,12463,-16222,1518536700,665500050,-853036650,KRX MDCSTAT02401_OUT
daily,KOSDAQ150,institution,041510,에스엠,30936,19609,-11327,2396217650,1521818000,-874399650,KRX MDCSTAT02401_OUT
daily,KOSDAQ150,institution,074600,원익QnC,94527,64085,-30442,3073647425,2086795725,-986851700,KRX MDCSTAT02401_OUT
daily,KOSDAQ150,institution,007390,네이처셀,76623,25504,-51119,1877029275,627098600,-1249930675,KRX MDCSTAT02401_OUT
daily,KOSDAQ150,institution,003380,하림지주,227215,113244,-113971,2608783250,1306907615,-1301875635,KRX MDCSTAT02401_OUT
daily,KOSDAQ150,institution,067310,하나마이크론,168120,140683,-27437,8601764000,7199128850,-1402635150,KRX MDCSTAT02401_OUT
daily,KOSDAQ150,institution,183300,코미코,95488,52959,-42529,3218491775,1790342250,-1428149525,KRX MDCSTAT02401_OUT
daily,KOSDAQ150,institution,064760,티씨케이,30679,25679,-5000,9034436000,7589484250,-1444951750,KRX MDCSTAT02401_OUT
daily,KOSDAQ150,institution,060370,LS마린솔루션,56228,10572,-45656,1817557975,341684225,-1475873750,KRX MDCSTAT02401_OUT
daily,KOSDAQ150,institution,082920,비츠로셀,113242,53437,-59805,3177543525,1505969900,-1671573625,KRX MDCSTAT02401_OUT
daily,KOSDAQ150,institution,189300,인텔리안테크,39037,12401,-26636,2512611000,808617300,-1703993700,KRX MDCSTAT02401_OUT
daily,KOSDAQ150,institution,124500,아이티센글로벌,68898,3936,-64962,1836327025,106156650,-1730170375,KRX MDCSTAT02401_OUT
daily,KOSDAQ150,institution,005290,동진쎄미켐,116977,81261,-35716,5984754650,4178687050,-1806067600,KRX MDCSTAT02401_OUT
daily,KOSDAQ150,institution,195940,HK이노엔,85288,38249,-47039,3415122475,1546303500,-1868818975,KRX MDCSTAT02401_OUT
daily,KOSDAQ150,institution,087010,펩트론,80796,60277,-20519,7614869400,5701645500,-1913223900,KRX MDCSTAT02401_OUT
daily,KOSDAQ150,institution,099320,쎄트렉아이,31661,3237,-28424,2218998000,229422900,-1989575100,KRX MDCSTAT02401_OUT
daily,KOSDAQ150,institution,032820,우리기술,215504,42294,-173210,2529946185,503422830,-2026523355,KRX MDCSTAT02401_OUT
daily,KOSDAQ150,institution,310210,보로노이,31291,15831,-15460,4375808550,2236310200,-2139498350,KRX MDCSTAT02401_OUT
daily,KOSDAQ150,institution,420770,기가비스,26116,9009,-17107,3528890600,1222549150,-2306341450,KRX MDCSTAT02401_OUT
daily,KOSDAQ150,institution,131290,티에스이,20996,12804,-8192,6585634500,4028154000,-2557480500,KRX MDCSTAT02401_OUT
daily,KOSDAQ150,institution,347850,디앤디파마텍,75400,14706,-60694,3251094800,642120675,-2608974125,KRX MDCSTAT02401_OUT
daily,KOSDAQ150,institution,095340,ISC,79997,66869,-13128,16054778350,13407218600,-2647559750,KRX MDCSTAT02401_OUT
daily,KOSDAQ150,institution,237690,에스티팜,57534,22171,-35363,5337759900,2061624800,-3276135100,KRX MDCSTAT02401_OUT
daily,KOSDAQ150,institution,036540,SFA반도체,865132,572131,-293001,10065767740,6673433510,-3392334230,KRX MDCSTAT02401_OUT
daily,KOSDAQ150,institution,257720,실리콘투,222111,121306,-100805,7921316075,4336927425,-3584388650,KRX MDCSTAT02401_OUT
daily,KOSDAQ150,institution,090360,로보스타,53245,2500,-50745,4041093650,191676750,-3849416900,KRX MDCSTAT02401_OUT
daily,KOSDAQ150,institution,028300,HLB,191957,105244,-86713,8787768225,4813278850,-3974489375,KRX MDCSTAT02401_OUT
daily,KOSDAQ150,institution,437730,삼현,99958,9552,-90406,4889078650,473643400,-4415435250,KRX MDCSTAT02401_OUT
daily,KOSDAQ150,institution,298380,에이비엘바이오,182479,83977,-98502,8814006925,4066698425,-4747308500,KRX MDCSTAT02401_OUT
daily,KOSDAQ150,institution,290650,엘앤씨바이오,123256,21877,-101379,6981521450,1243914750,-5737606700,KRX MDCSTAT02401_OUT
daily,KOSDAQ150,institution,095610,테스,92503,50421,-42082,15164698250,8281117850,-6883580400,KRX MDCSTAT02401_OUT
daily,KOSDAQ150,institution,083650,비에이치아이,151481,13145,-138336,8140987250,709240000,-7431747250,KRX MDCSTAT02401_OUT
daily,KOSDAQ150,institution,214450,파마리서치,61561,34744,-26817,18565280500,10509261250,-8056019250,KRX MDCSTAT02401_OUT
daily,KOSDAQ150,institution,403870,HPSP,423079,298212,-124867,27480713350,19367427100,-8113286250,KRX MDCSTAT02401_OUT
daily,KOSDAQ150,institution,058610,에스피지,102401,10190,-92211,10047116550,1004068800,-9043047750,KRX MDCSTAT02401_OUT
daily,KOSDAQ150,institution,141080,리가켐바이오,208439,61061,-147378,15509563350,4570906600,-10938656750,KRX MDCSTAT02401_OUT
daily,KOSDAQ150,institution,036930,주성엔지니어링,570076,520030,-50046,152631285520,139324560020,-13306725500,KRX MDCSTAT02401_OUT
daily,KOSDAQ150,institution,108490,로보티즈,104461,47473,-56988,31379539750,14392889750,-16986650000,KRX MDCSTAT02401_OUT
daily,KOSDAQ150,institution,222800,심텍,308683,162397,-146286,53375422950,28099830400,-25275592550,KRX MDCSTAT02401_OUT
daily,KOSDAQ150,institution,039030,이오테크닉스,134149,66403,-67746,70685016500,35005505500,-35679511000,KRX MDCSTAT02401_OUT
daily,KOSDAQ150,institution,240810,원익IPS,645502,325752,-319750,87461160554,44379344754,-43081815800,KRX MDCSTAT02401_OUT
weekly,KOSPI200,foreign,316140,우리금융지주,11021365,28565941,17544576,366125995533,951601591953,585475596420,KRX MDCSTAT02401_OUT
weekly,KOSPI200,foreign,009150,삼성전기,937060,1137990,200930,1500295643789,1821035604289,320739960500,KRX MDCSTAT02401_OUT
weekly,KOSPI200,foreign,007660,이수페타시스,1911159,2764754,853595,240420992150,349628872000,109207879850,KRX MDCSTAT02401_OUT
weekly,KOSPI200,foreign,006400,삼성SDI,471989,641263,169274,262962216904,357964185404,95001968500,KRX MDCSTAT02401_OUT
weekly,KOSPI200,foreign,373220,LG에너지솔루션,688011,847165,159154,269774583250,332858739500,63084156250,KRX MDCSTAT02401_OUT
weekly,KOSPI200,foreign,096770,SK이노베이션,1490939,1920463,429524,228081075228,291048284578,62967209350,KRX MDCSTAT02401_OUT
weekly,KOSPI200,foreign,000990,DB하이텍,762261,1157785,395524,106542502250,160571091150,54028588900,KRX MDCSTAT02401_OUT
weekly,KOSPI200,foreign,009540,HD한국조선해양,462984,630506,167522,143168987705,192728681955,49559694250,KRX MDCSTAT02401_OUT
weekly,KOSPI200,foreign,278470,에이피알,614485,744641,130156,226015827628,274608054628,48592227000,KRX MDCSTAT02401_OUT
weekly,KOSPI200,foreign,028260,삼성물산,780539,902671,122132,260770790750,301968784750,41197994000,KRX MDCSTAT02401_OUT
weekly,KOSPI200,foreign,329180,HD현대중공업,374405,457869,83464,153124755000,186112131500,32987376500,KRX MDCSTAT02401_OUT
weekly,KOSPI200,foreign,009830,한화솔루션,3405944,4286364,880420,120948750425,153364818425,32416068000,KRX MDCSTAT02401_OUT
weekly,KOSPI200,foreign,017670,SK텔레콤,712391,1080677,368286,61999193800,93562652100,31563458300,KRX MDCSTAT02401_OUT
weekly,KOSPI200,foreign,032830,삼성생명,554868,641312,86444,155989194250,179127307500,23138113250,KRX MDCSTAT02401_OUT
weekly,KOSPI200,foreign,071050,한국금융지주,329856,461530,131674,58211837800,80983207650,22771369850,KRX MDCSTAT02401_OUT
weekly,KOSPI200,foreign,003490,대한항공,2254312,2994034,739722,69509437350,92156979875,22647542525,KRX MDCSTAT02401_OUT
weekly,KOSPI200,foreign,011200,HMM,1387898,2447657,1059759,29352278365,51812031965,22459753600,KRX MDCSTAT02401_OUT
weekly,KOSPI200,foreign,000270,기아,2293776,2500058,206282,253512449950,275572024050,22059574100,KRX MDCSTAT02401_OUT
weekly,KOSPI200,foreign,086790,하나금융지주,1631348,1763168,131820,208499244240,225220096740,16720852500,KRX MDCSTAT02401_OUT
weekly,KOSPI200,foreign,078930,GS,877781,1025571,147790,92770308500,107745085350,14974776850,KRX MDCSTAT02401_OUT
weekly,KOSPI200,foreign,443060,HD현대마린솔루션,186149,249905,63756,41677479591,55974516841,14297037250,KRX MDCSTAT02401_OUT
weekly,KOSPI200,foreign,018260,삼성에스디에스,269212,336852,67640,56810672650,70753327450,13942654800,KRX MDCSTAT02401_OUT
weekly,KOSPI200,foreign,005830,DB손해보험,596838,671233,74395,109671305454,123363018104,13691712650,KRX MDCSTAT02401_OUT
weekly,KOSPI200,foreign,001450,현대해상,728602,1010423,281821,34532301100,47857483800,13325182700,KRX MDCSTAT02401_OUT
weekly,KOSPI200,foreign,023530,롯데쇼핑,158712,290537,131825,15774380450,28799344650,13024964200,KRX MDCSTAT02401_OUT
weekly,KOSPI200,foreign,004170,신세계,127852,167066,39214,41166347500,53833453000,12667105500,KRX MDCSTAT02401_OUT
weekly,KOSPI200,foreign,039490,키움증권,220750,262602,41852,55537848333,66005904083,10468055750,KRX MDCSTAT02401_OUT
weekly,KOSPI200,foreign,000100,유한양행,335032,466190,131158,25020855050,34737599000,9716743950,KRX MDCSTAT02401_OUT
weekly,KOSPI200,foreign,450080,에코프로머티,477169,723973,246804,18250547775,27447362125,9196814350,KRX MDCSTAT02401_OUT
weekly,KOSPI200,foreign,010950,S-Oil,775117,830377,55260,126095619950,135143958900,9048338950,KRX MDCSTAT02401_OUT
weekly,KOSPI200,foreign,000810,삼성화재,216340,230952,14612,135054610826,143980894326,8926283500,KRX MDCSTAT02401_OUT
weekly,KOSPI200,foreign,483650,달바글로벌,140229,186716,46487,25369452650,33907764000,8538311350,KRX MDCSTAT02401_OUT
weekly,KOSPI200,foreign,454910,두산로보틱스,482129,582996,100867,34783104500,42234719400,7451614900,KRX MDCSTAT02401_OUT
weekly,KOSPI200,foreign,097950,CJ제일제당,89501,129092,39591,16147100400,23439671250,7292570850,KRX MDCSTAT02401_OUT
weekly,KOSPI200,foreign,204320,HL만도,425978,580013,154035,19683789100,26815411850,7131622750,KRX MDCSTAT02401_OUT
weekly,KOSPI200,foreign,064400,LG씨엔에스,739554,830101,90547,51841815414,58788528014,6946712600,KRX MDCSTAT02401_OUT
weekly,KOSPI200,foreign,003550,LG,427446,489762,62316,47439502780,54171311230,6731808450,KRX MDCSTAT02401_OUT
weekly,KOSPI200,foreign,352820,하이브,355154,395708,40554,57035549228,63637741028,6602191800,KRX MDCSTAT02401_OUT
weekly,KOSPI200,foreign,375500,DL이앤씨,509568,602708,93140,37320060200,43743766450,6423706250,KRX MDCSTAT02401_OUT
weekly,KOSPI200,foreign,267270,HD건설기계,542099,598605,56506,62421891650,68544752000,6122860350,KRX MDCSTAT02401_OUT
weekly,KOSPI200,foreign,120110,코오롱인더,200486,299714,99228,11281246400,17016204000,5734957600,KRX MDCSTAT02401_OUT
weekly,KOSPI200,foreign,259960,크래프톤,231952,257936,25984,45195842950,50540404150,5344561200,KRX MDCSTAT02401_OUT
weekly,KOSPI200,foreign,004020,현대제철,1047392,1225257,177865,30913746300,36092411475,5178665175,KRX MDCSTAT02401_OUT
weekly,KOSPI200,foreign,161390,한국타이어앤테크놀로지,531288,605503,74215,32076504700,36600473050,4523968350,KRX MDCSTAT02401_OUT
weekly,KOSPI200,foreign,028670,팬오션,6064816,6768004,703188,36726515080,41248751435,4522236355,KRX MDCSTAT02401_OUT
weekly,KOSPI200,foreign,051900,LG생활건강,138036,154119,16083,37186261500,41487133750,4300872250,KRX MDCSTAT02401_OUT
weekly,KOSPI200,foreign,002380,KCC,35517,44552,9035,16661305750,20903650500,4242344750,KRX MDCSTAT02401_OUT
weekly,KOSPI200,foreign,0126Z0,삼성에피스홀딩스,91924,102329,10405,33414267000,37474351500,4060084500,KRX MDCSTAT02401_OUT
weekly,KOSPI200,foreign,271560,오리온,189473,226725,37252,19981011394,23894440294,3913428900,KRX MDCSTAT02401_OUT
weekly,KOSPI200,foreign,138930,BNK금융지주,1622726,1863032,240306,25531118835,29294856260,3763737425,KRX MDCSTAT02401_OUT
weekly,KOSPI200,foreign,069960,현대백화점,171354,214639,43285,14979521700,18701144500,3721622800,KRX MDCSTAT02401_OUT
weekly,KOSPI200,foreign,036460,한국가스공사,238758,334959,96201,8538354725,11982035550,3443680825,KRX MDCSTAT02401_OUT
weekly,KOSPI200,foreign,007340,DN오토모티브,214349,282641,68292,10618538575,14005177675,3386639100,KRX MDCSTAT02401_OUT
weekly,KOSPI200,foreign,180640,한진칼,95784,120854,25070,12688399780,16004111780,3315712000,KRX MDCSTAT02401_OUT
weekly,KOSPI200,foreign,090430,아모레퍼시픽,483707,505248,21541,64782110194,68077300944,3295190750,KRX MDCSTAT02401_OUT
weekly,KOSPI200,foreign,028050,삼성E&A,2653351,2710593,57242,127406001475,130510373875,3104372400,KRX MDCSTAT02401_OUT
weekly,KOSPI200,foreign,030000,제일기획,676283,828653,152370,12694136640,15621729505,2927592865,KRX MDCSTAT02401_OUT
weekly,KOSPI200,foreign,011780,금호석유화학,122188,146623,24435,14184450700,17056262150,2871811450,KRX MDCSTAT02401_OUT
weekly,KOSPI200,foreign,251270,넷마블,418678,497499,78821,14489852950,17255644750,2765791800,KRX MDCSTAT02401_OUT
weekly,KOSPI200,foreign,302440,SK바이오사이언스,96603,158656,62053,3585197000,5881779875,2296582875,KRX MDCSTAT02401_OUT
weekly,KOSPI200,foreign,002790,아모레퍼시픽홀딩스,249846,337755,87909,6394374025,8634855450,2240481425,KRX MDCSTAT02401_OUT
weekly,KOSPI200,foreign,010130,고려아연,23149,25177,2028,24762245600,26863618100,2101372500,KRX MDCSTAT02401_OUT
weekly,KOSPI200,foreign,022100,포스코DX,463356,562123,98767,9744350270,11828080765,2083730495,KRX MDCSTAT02401_OUT
weekly,KOSPI200,foreign,034230,파라다이스,657750,861135,203385,6339192095,8342795715,2003603620,KRX MDCSTAT02401_OUT
weekly,KOSPI200,foreign,051910,LG화학,523544,533056,9512,143293675250,145021822500,1728147250,KRX MDCSTAT02401_OUT
weekly,KOSPI200,foreign,068270,셀트리온,627188,636726,9538,114294094100,115945109750,1651015650,KRX MDCSTAT02401_OUT
weekly,KOSPI200,foreign,088350,한화생명,3143235,3427860,284625,16577442095,18052366225,1474924130,KRX MDCSTAT02401_OUT
weekly,KOSPI200,foreign,006260,LS,338961,348978,10017,98278705000,99732625750,1453920750,KRX MDCSTAT02401_OUT
weekly,KOSPI200,foreign,069620,대웅제약,29551,42006,12455,3211718750,4578449200,1366730450,KRX MDCSTAT02401_OUT
weekly,KOSPI200,foreign,298020,효성티앤씨,47899,52642,4743,13443261500,14786184250,1342922750,KRX MDCSTAT02401_OUT
weekly,KOSPI200,foreign,280360,롯데웰푸드,24703,35377,10674,2999907050,4280114600,1280207550,KRX MDCSTAT02401_OUT
weekly,KOSPI200,foreign,285130,SK케미칼,54683,77706,23023,2813584250,3991567900,1177983650,KRX MDCSTAT02401_OUT
weekly,KOSPI200,foreign,192080,더블유게임즈,105315,124020,18705,6033934750,7099356900,1065422150,KRX MDCSTAT02401_OUT
weekly,KOSPI200,foreign,005850,에스엘,136784,157458,20674,7035269200,8097714450,1062445250,KRX MDCSTAT02401_OUT
weekly,KOSPI200,foreign,282330,BGF리테일,119378,126515,7137,15299495900,16204031400,904535500,KRX MDCSTAT02401_OUT
weekly,KOSPI200,foreign,241560,두산밥캣,472462,488532,16070,25850842390,26707168390,856326000,KRX MDCSTAT02401_OUT
weekly,KOSPI200,foreign,137310,에스디바이오센서,315202,425167,109965,2075021115,2777906235,702885120,KRX MDCSTAT02401_OUT
weekly,KOSPI200,foreign,185750,종근당,29739,40197,10458,1942294000,2632607550,690313550,KRX MDCSTAT02401_OUT
weekly,KOSPI200,foreign,026960,동서,188319,210519,22200,5057465675,5701127975,643662300,KRX MDCSTAT02401_OUT
weekly,KOSPI200,foreign,011170,롯데케미칼,218318,226840,8522,13185264750,13754895300,569630550,KRX MDCSTAT02401_OUT
weekly,KOSPI200,foreign,086280,현대글로비스,333153,336138,2985,64199596950,64707375800,507778850,KRX MDCSTAT02401_OUT
weekly,KOSPI200,foreign,051600,한전KPS,183916,194363,10447,8184967550,8640124050,455156500,KRX MDCSTAT02401_OUT
weekly,KOSPI200,foreign,003240,태광산업,1777,2244,467,1601830000,2039018000,437188000,KRX MDCSTAT02401_OUT
weekly,KOSPI200,foreign,006040,동원산업,59596,70737,11141,2091320200,2479915125,388594925,KRX MDCSTAT02401_OUT
weekly,KOSPI200,foreign,361610,SK아이이테크놀로지,842646,853418,10772,14698115280,15004300765,306185485,KRX MDCSTAT02401_OUT
weekly,KOSPI200,foreign,300720,한일시멘트,61158,78918,17760,986054435,1272607540,286553105,KRX MDCSTAT02401_OUT
weekly,KOSPI200,foreign,000080,하이트진로,118583,135920,17337,1753675560,2014166860,260491300,KRX MDCSTAT02401_OUT
weekly,KOSPI200,foreign,001040,CJ,145678,147496,1818,19061276400,19306095500,244819100,KRX MDCSTAT02401_OUT
weekly,KOSPI200,foreign,005420,코스모화학,242404,265386,22982,2765014920,2988170915,223155995,KRX MDCSTAT02401_OUT
weekly,KOSPI200,foreign,002840,미원상사,3652,5169,1517,500292650,710529300,210236650,KRX MDCSTAT02401_OUT
weekly,KOSPI200,foreign,014820,동원시스템즈,27442,35999,8557,594081475,775447550,181366075,KRX MDCSTAT02401_OUT
weekly,KOSPI200,foreign,000240,한국앤컴퍼니,92724,99494,6770,2385477475,2549972000,164494525,KRX MDCSTAT02401_OUT
weekly,KOSPI200,foreign,007070,GS리테일,220044,227046,7002,4849919075,5008228025,158308950,KRX MDCSTAT02401_OUT
weekly,KOSPI200,foreign,069260,TKG휴켐스,92752,98398,5646,1467959210,1558046015,90086805,KRX MDCSTAT02401_OUT
weekly,KOSPI200,foreign,071320,지역난방공사,18345,18849,504,1438801800,1484729950,45928150,KRX MDCSTAT02401_OUT
weekly,KOSPI200,foreign,000670,영풍,60840,61434,594,2467944725,2486862250,18917525,KRX MDCSTAT02401_OUT
weekly,KOSPI200,foreign,003090,대웅,164138,164588,450,2530833205,2542157295,11324090,KRX MDCSTAT02401_OUT
weekly,KOSPI200,foreign,268280,미원에스씨,2319,2389,70,294893850,303747000,8853150,KRX MDCSTAT02401_OUT
weekly,KOSPI200,foreign,298050,HS효성첨단소재,12463,12485,22,2028488300,2031877000,3388700,KRX MDCSTAT02401_OUT
weekly,KOSPI200,foreign,002030,아세아,3351,3346,-5,690771650,686140200,-4631450,KRX MDCSTAT02401_OUT
weekly,KOSPI200,foreign,007700,F&F홀딩스,8165,4289,-3876,109337390,57574240,-51763150,KRX MDCSTAT02401_OUT
weekly,KOSPI200,foreign,000210,DL,66923,65919,-1004,3278813525,3226833050,-51980475,KRX MDCSTAT02401_OUT
weekly,KOSPI200,foreign,008730,율촌화학,152940,146407,-6533,2344511575,2227374810,-117136765,KRX MDCSTAT02401_OUT
weekly,KOSPI200,foreign,012750,에스원,257869,256435,-1434,21648612446,21512795696,-135816750,KRX MDCSTAT02401_OUT
weekly,KOSPI200,foreign,004000,롯데정밀화학,76401,72982,-3419,3248713900,3108169325,-140544575,KRX MDCSTAT02401_OUT
weekly,KOSPI200,foreign,005300,롯데칠성,35544,33841,-1703,3376964713,3219371063,-157593650,KRX MDCSTAT02401_OUT
weekly,KOSPI200,foreign,073240,금호타이어,1583992,1549504,-34488,10689372665,10465596830,-223775835,KRX MDCSTAT02401_OUT
weekly,KOSPI200,foreign,139480,이마트,161179,156782,-4397,11465898100,11152062800,-313835300,KRX MDCSTAT02401_OUT
weekly,KOSPI200,foreign,009970,영원무역홀딩스,26578,24467,-2111,4390839500,4049638700,-341200800,KRX MDCSTAT02401_OUT
weekly,KOSPI200,foreign,021240,코웨이,436024,432751,-3273,44086596200,43736689400,-349906800,KRX MDCSTAT02401_OUT
weekly,KOSPI200,foreign,001800,오리온홀딩스,137000,118399,-18601,3121120650,2694595550,-426525100,KRX MDCSTAT02401_OUT
weekly,KOSPI200,foreign,006280,녹십자,51895,48314,-3581,6662742100,6207369600,-455372500,KRX MDCSTAT02401_OUT
weekly,KOSPI200,foreign,006650,대한유화,77406,71414,-5992,6955645350,6453875600,-501769750,KRX MDCSTAT02401_OUT
weekly,KOSPI200,foreign,042700,한미반도체,1287423,1288814,1391,347706734250,347081816000,-624918250,KRX MDCSTAT02401_OUT
weekly,KOSPI200,foreign,007310,오뚜기,13070,10991,-2079,4101099000,3445180500,-655918500,KRX MDCSTAT02401_OUT
weekly,KOSPI200,foreign,009240,한샘,56753,37062,-19691,2263097875,1483410550,-779687325,KRX MDCSTAT02401_OUT
weekly,KOSPI200,foreign,011210,현대위아,153884,138754,-15130,8090183750,7291962450,-798221300,KRX MDCSTAT02401_OUT
weekly,KOSPI200,foreign,000120,CJ대한통운,98570,84976,-13594,6885095500,5945634050,-939461450,KRX MDCSTAT02401_OUT
weekly,KOSPI200,foreign,035250,강원랜드,392711,321494,-71217,5605356750,4587458735,-1017898015,KRX MDCSTAT02401_OUT
weekly,KOSPI200,foreign,001680,대상,144466,86517,-57949,2552740110,1529099855,-1023640255,KRX MDCSTAT02401_OUT
weekly,KOSPI200,foreign,267250,HD현대,570448,568421,-2027,109395212140,108040777340,-1354434800,KRX MDCSTAT02401_OUT
weekly,KOSPI200,foreign,017800,현대엘리베이터,271196,247184,-24012,19544103779,17824656329,-1719447450,KRX MDCSTAT02401_OUT
weekly,KOSPI200,foreign,029780,삼성카드,159605,116952,-42653,6654375825,4877087575,-1777288250,KRX MDCSTAT02401_OUT
weekly,KOSPI200,foreign,111770,영원무역,198411,168592,-29819,13682441700,11598691650,-2083750050,KRX MDCSTAT02401_OUT
weekly,KOSPI200,foreign,377300,카카오페이,214322,159678,-54644,8458288450,6331288350,-2127000100,KRX MDCSTAT02401_OUT
weekly,KOSPI200,foreign,030200,KT,344124,297157,-46967,17803244200,15374650550,-2428593650,KRX MDCSTAT02401_OUT
weekly,KOSPI200,foreign,004990,롯데지주,245332,132525,-112807,5738105350,3088248275,-2649857075,KRX MDCSTAT02401_OUT
weekly,KOSPI200,foreign,003670,포스코퓨처엠,602525,586240,-16285,116394561800,113588521200,-2806040600,KRX MDCSTAT02401_OUT
weekly,KOSPI200,foreign,003030,세아제강지주,63403,36084,-27319,7030891900,3960047450,-3070844450,KRX MDCSTAT02401_OUT
weekly,KOSPI200,foreign,175330,JB금융지주,1052169,934956,-117213,29865856500,26530141425,-3335715075,KRX MDCSTAT02401_OUT
weekly,KOSPI200,foreign,009420,한올바이오파마,463228,391058,-72170,21509410075,18106853850,-3402556225,KRX MDCSTAT02401_OUT
weekly,KOSPI200,foreign,008770,호텔신라,427828,331168,-96660,16725949050,12960558600,-3765390450,KRX MDCSTAT02401_OUT
weekly,KOSPI200,foreign,003230,삼양식품,49487,46256,-3231,59588705000,55818342500,-3770362500,KRX MDCSTAT02401_OUT
weekly,KOSPI200,foreign,017960,한국카본,339124,152529,-186595,6865651315,3067808220,-3797843095,KRX MDCSTAT02401_OUT
weekly,KOSPI200,foreign,047040,대우건설,4884458,4647551,-236907,85587878285,81489667370,-4098210915,KRX MDCSTAT02401_OUT
weekly,KOSPI200,foreign,004370,농심,48917,38680,-10237,19572515640,15459474140,-4113041500,KRX MDCSTAT02401_OUT
weekly,KOSPI200,foreign,093370,후성,6234951,5941575,-293376,97754980695,93510443570,-4244537125,KRX MDCSTAT02401_OUT
weekly,KOSPI200,foreign,081660,미스토홀딩스,414662,304873,-109789,15991056650,11717364600,-4273692050,KRX MDCSTAT02401_OUT
weekly,KOSPI200,foreign,034730,SK,282029,273410,-8619,161961384396,156755550896,-5205833500,KRX MDCSTAT02401_OUT
weekly,KOSPI200,foreign,000880,한화,281290,228846,-52444,33674767302,27688742552,-5986024750,KRX MDCSTAT02401_OUT
weekly,KOSPI200,foreign,016360,삼성증권,772851,702854,-69997,68354008404,62322949504,-6031058900,KRX MDCSTAT02401_OUT
weekly,KOSPI200,foreign,032640,LG유플러스,1826620,1399568,-427052,26504920780,20312241380,-6192679400,KRX MDCSTAT02401_OUT
weekly,KOSPI200,foreign,034220,LG디스플레이,6841743,6075485,-766258,57569606970,51238651640,-6330955330,KRX MDCSTAT02401_OUT
weekly,KOSPI200,foreign,103140,풍산,366088,282189,-83899,26666589650,20290591600,-6375998050,KRX MDCSTAT02401_OUT
weekly,KOSPI200,foreign,001430,세아베스틸지주,299473,161967,-137506,13858464300,7445228850,-6413235450,KRX MDCSTAT02401_OUT
weekly,KOSPI200,foreign,071970,HD현대마린엔진,369185,231558,-137627,17155627100,10558180600,-6597446500,KRX MDCSTAT02401_OUT
weekly,KOSPI200,foreign,323410,카카오뱅크,1658298,1292461,-365837,32769214215,25581622050,-7187592165,KRX MDCSTAT02401_OUT
weekly,KOSPI200,foreign,307950,현대오토에버,87711,68253,-19458,32932419750,25708867250,-7223552500,KRX MDCSTAT02401_OUT
weekly,KOSPI200,foreign,161890,한국콜마,886817,833003,-53814,124040382900,116737165450,-7303217450,KRX MDCSTAT02401_OUT
weekly,KOSPI200,foreign,139130,iM금융지주,1697498,1286024,-411474,30874093750,23326807650,-7547286100,KRX MDCSTAT02401_OUT
weekly,KOSPI200,foreign,011070,LG이노텍,518787,504845,-13942,308713069500,301020187000,-7692882500,KRX MDCSTAT02401_OUT
weekly,KOSPI200,foreign,138040,메리츠금융지주,334195,268832,-65363,43029430050,34610683700,-8418746350,KRX MDCSTAT02401_OUT
weekly,KOSPI200,foreign,018880,한온시스템,18753033,16533795,-2219238,71857994538,63184535934,-8673458604,KRX MDCSTAT02401_OUT
weekly,KOSPI200,foreign,326030,SK바이오팜,282407,160254,-122153,21287737000,12080515550,-9207221450,KRX MDCSTAT02401_OUT
weekly,KOSPI200,foreign,035720,카카오,2435359,2140634,-294725,80664076100,70801043575,-9863032525,KRX MDCSTAT02401_OUT
weekly,KOSPI200,foreign,112610,씨에스윈드,661521,478913,-182608,36924737150,26409461950,-10515275200,KRX MDCSTAT02401_OUT
weekly,KOSPI200,foreign,033780,KT&G,532033,467053,-64980,94052257800,82815341300,-11236916500,KRX MDCSTAT02401_OUT
weekly,KOSPI200,foreign,066970,엘앤에프,613652,515245,-98407,72138473500,60819315550,-11319157950,KRX MDCSTAT02401_OUT
weekly,KOSPI200,foreign,005940,NH투자증권,1467717,985362,-482355,37800156463,25513276188,-12286880275,KRX MDCSTAT02401_OUT
weekly,KOSPI200,foreign,047050,포스코인터내셔널,993488,758919,-234569,56003037950,43110753950,-12892284000,KRX MDCSTAT02401_OUT
weekly,KOSPI200,foreign,000720,현대건설,1093793,975008,-118785,122706933200,109084068400,-13622864800,KRX MDCSTAT02401_OUT
weekly,KOSPI200,foreign,008930,한미사이언스,705363,478577,-226786,41092121150,27356449700,-13735671450,KRX MDCSTAT02401_OUT
weekly,KOSPI200,foreign,052690,한전기술,482638,369289,-113349,60175914700,46380137250,-13795777450,KRX MDCSTAT02401_OUT
weekly,KOSPI200,foreign,064350,현대로템,1043894,918458,-125436,116133505450,101919480250,-14214025200,KRX MDCSTAT02401_OUT
weekly,KOSPI200,foreign,457190,이수스페셜티케미컬,454819,262023,-192796,36271735750,21040810250,-15230925500,KRX MDCSTAT02401_OUT
weekly,KOSPI200,foreign,011790,SKC,784880,621015,-163865,84151049300,67039938550,-17111110750,KRX MDCSTAT02401_OUT
weekly,KOSPI200,foreign,082740,한화엔진,1365466,938586,-426880,61676149825,43280290625,-18395859200,KRX MDCSTAT02401_OUT
weekly,KOSPI200,foreign,024110,기업은행,2336645,1226213,-1110432,46910221105,24622234920,-22287986185,KRX MDCSTAT02401_OUT
weekly,KOSPI200,foreign,014680,한솔케미칼,179707,91936,-87771,49091351500,25048650500,-24042701000,KRX MDCSTAT02401_OUT
weekly,KOSPI200,foreign,015760,한국전력,1707121,883466,-823655,50830026550,26389910325,-24440116225,KRX MDCSTAT02401_OUT
weekly,KOSPI200,foreign,006800,미래에셋증권,2511986,1670002,-841984,77591653350,52256481800,-25335171550,KRX MDCSTAT02401_OUT
weekly,KOSPI200,foreign,010140,삼성중공업,4612768,3165482,-1447286,89935790035,61754681655,-28181108380,KRX MDCSTAT02401_OUT
weekly,KOSPI200,foreign,192820,코스맥스,385817,287686,-98131,112441373750,83193295250,-29248078500,KRX MDCSTAT02401_OUT
weekly,KOSPI200,foreign,047810,한국항공우주,751830,510305,-241525,94391288750,64771012000,-29620276750,KRX MDCSTAT02401_OUT
weekly,KOSPI200,foreign,042660,한화오션,1302805,858850,-443955,98991920650,64802140500,-34189780150,KRX MDCSTAT02401_OUT
weekly,KOSPI200,foreign,062040,산일전기,783970,633375,-150595,178008922500,143714024250,-34294898250,KRX MDCSTAT02401_OUT
weekly,KOSPI200,foreign,010060,OCI홀딩스,398793,253460,-145333,93980530500,59428072750,-34552457750,KRX MDCSTAT02401_OUT
weekly,KOSPI200,foreign,036570,NC,504939,289274,-215665,116626835250,66688123000,-49938712250,KRX MDCSTAT02401_OUT
weekly,KOSPI200,foreign,000150,두산,190487,153150,-37337,264529964500,213828378000,-50701586500,KRX MDCSTAT02401_OUT
weekly,KOSPI200,foreign,267260,HD현대일렉트릭,431145,352148,-78997,281049204000,228918184000,-52131020000,KRX MDCSTAT02401_OUT
weekly,KOSPI200,foreign,010120,LS ELECTRIC,1008323,741617,-266706,209013242050,155393528050,-53619714000,KRX MDCSTAT02401_OUT
weekly,KOSPI200,foreign,005490,POSCO홀딩스,499495,313372,-186123,154731343000,97168486750,-57562856250,KRX MDCSTAT02401_OUT
weekly,KOSPI200,foreign,012330,현대모비스,726841,575000,-151841,272603390088,214499871088,-58103519000,KRX MDCSTAT02401_OUT
weekly,KOSPI200,foreign,272210,한화시스템,2189528,1382982,-806546,173757080000,109746824000,-64010256000,KRX MDCSTAT02401_OUT
weekly,KOSPI200,foreign,128940,한미약품,263281,133100,-130181,132924406500,68304114750,-64620291750,KRX MDCSTAT02401_OUT
weekly,KOSPI200,foreign,105560,KB금융,2475447,2074940,-400507,412495135800,345856884150,-66638251650,KRX MDCSTAT02401_OUT
weekly,KOSPI200,foreign,055550,신한지주,2845855,2199862,-645993,293386424880,226167267980,-67219156900,KRX MDCSTAT02401_OUT
weekly,KOSPI200,foreign,001440,대한전선,5041520,2518603,-2522917,152280863800,77717178975,-74563684825,KRX MDCSTAT02401_OUT
weekly,KOSPI200,foreign,012450,한화에어로스페이스,462109,368773,-93336,453493545758,356429097258,-97064448500,KRX MDCSTAT02401_OUT
weekly,KOSPI200,foreign,079550,LIG디펜스앤에어로스페이스,356500,182121,-174379,239970117000,124374040000,-115596077000,KRX MDCSTAT02401_OUT
weekly,KOSPI200,foreign,207940,삼성바이오로직스,235796,140513,-95283,308255571000,183954538500,-124301032500,KRX MDCSTAT02401_OUT
weekly,KOSPI200,foreign,035420,NAVER,1224076,506450,-717626,231501814550,95619897600,-135881916950,KRX MDCSTAT02401_OUT
weekly,KOSPI200,foreign,005380,현대차,1119853,718792,-401061,379274793750,243251858000,-136022935750,KRX MDCSTAT02401_OUT
weekly,KOSPI200,foreign,066570,LG전자,2167339,1233839,-933500,461900351700,271698022900,-190202328800,KRX MDCSTAT02401_OUT
weekly,KOSPI200,foreign,034020,두산에너빌리티,5702545,2870892,-2831653,455311998800,231383366550,-223928632250,KRX MDCSTAT02401_OUT
weekly,KOSPI200,foreign,298040,효성중공업,183942,83656,-100286,488828519000,225231795500,-263596723500,KRX MDCSTAT02401_OUT
weekly,KOSPI200,foreign,402340,SK스퀘어,1524164,1080976,-443188,1719290860318,1235849860818,-483440999500,KRX MDCSTAT02401_OUT
weekly,KOSPI200,foreign,005930,삼성전자,26760258,22152069,-4608189,7210760246207,5971847231457,-1238913014750,KRX MDCSTAT02401_OUT
weekly,KOSPI200,foreign,000660,SK하이닉스,5617936,3294316,-2323620,9862888787181,5786364620181,-4076524167000,KRX MDCSTAT02401_OUT
weekly,KOSPI200,institution,402340,SK스퀘어,907551,1175551,268000,1020975495500,1320025320000,299049824500,KRX MDCSTAT02401_OUT
weekly,KOSPI200,institution,006400,삼성SDI,502021,790317,288296,280256793000,443231735500,162974942500,KRX MDCSTAT02401_OUT
weekly,KOSPI200,institution,373220,LG에너지솔루션,615580,952281,336701,241822251750,370910167000,129087915250,KRX MDCSTAT02401_OUT
weekly,KOSPI200,institution,066570,LG전자,868193,1203550,335357,185182298950,260233316100,75051017150,KRX MDCSTAT02401_OUT
weekly,KOSPI200,institution,272210,한화시스템,1078936,1976459,897523,84001437000,156958632050,72957195050,KRX MDCSTAT02401_OUT
weekly,KOSPI200,institution,011070,LG이노텍,244365,342522,98157,145877139500,207172715500,61295576000,KRX MDCSTAT02401_OUT
weekly,KOSPI200,institution,096770,SK이노베이션,1588926,1913749,324823,239290324150,299343455350,60053131200,KRX MDCSTAT02401_OUT
weekly,KOSPI200,institution,036570,NC,328378,538709,210331,75125536250,125257017250,50131481000,KRX MDCSTAT02401_OUT
weekly,KOSPI200,institution,051910,LG화학,384318,556839,172521,105557810500,153976651750,48418841250,KRX MDCSTAT02401_OUT
weekly,KOSPI200,institution,011790,SKC,251351,695970,444619,27183425050,75031341050,47847916000,KRX MDCSTAT02401_OUT
weekly,KOSPI200,institution,316140,우리금융지주,2103199,3492019,1388820,69581500400,116078996380,46497495980,KRX MDCSTAT02401_OUT
weekly,KOSPI200,institution,010060,OCI홀딩스,141113,330051,188938,33191992500,78447609000,45255616500,KRX MDCSTAT02401_OUT
weekly,KOSPI200,institution,055550,신한지주,1417077,1832766,415689,145777776600,189276966900,43499190300,KRX MDCSTAT02401_OUT
weekly,KOSPI200,institution,018880,한온시스템,3366104,13020819,9654715,12876091252,50491313649,37615222397,KRX MDCSTAT02401_OUT
weekly,KOSPI200,institution,079550,LIG디펜스앤에어로스페이스,205616,254459,48843,137175978000,172967717000,35791739000,KRX MDCSTAT02401_OUT
weekly,KOSPI200,institution,009830,한화솔루션,1669001,2661657,992656,59737935750,95277885175,35539949425,KRX MDCSTAT02401_OUT
weekly,KOSPI200,institution,112610,씨에스윈드,221246,841342,620096,12371003350,46954929400,34583926050,KRX MDCSTAT02401_OUT
weekly,KOSPI200,institution,014680,한솔케미칼,66373,190454,124081,18153470500,52102520000,33949049500,KRX MDCSTAT02401_OUT
weekly,KOSPI200,institution,062040,산일전기,215335,364014,148679,48361015750,82023480250,33662464500,KRX MDCSTAT02401_OUT
weekly,KOSPI200,institution,105560,KB금융,1138922,1334735,195813,189628962300,222537022650,32908060350,KRX MDCSTAT02401_OUT
weekly,KOSPI200,institution,192820,코스맥스,180868,292053,111185,52869987000,85524499750,32654512750,KRX MDCSTAT02401_OUT
weekly,KOSPI200,institution,010950,S-Oil,454962,636018,181056,73930591350,104886952500,30956361150,KRX MDCSTAT02401_OUT
weekly,KOSPI200,institution,042700,한미반도체,1008718,1089676,80958,270496900384,293604220134,23107319750,KRX MDCSTAT02401_OUT
weekly,KOSPI200,institution,138040,메리츠금융지주,182095,319908,137813,23455082600,41233801900,17778719300,KRX MDCSTAT02401_OUT
weekly,KOSPI200,institution,047050,포스코인터내셔널,379998,601616,221618,21499119350,34096605500,12597486150,KRX MDCSTAT02401_OUT
weekly,KOSPI200,institution,005940,NH투자증권,498086,961175,463089,12959477925,25214193775,12254715850,KRX MDCSTAT02401_OUT
weekly,KOSPI200,institution,352820,하이브,295158,361738,66580,47465771850,58965852650,11500080800,KRX MDCSTAT02401_OUT
weekly,KOSPI200,institution,361610,SK아이이테크놀로지,306272,916073,609801,5431034165,16420214570,10989180405,KRX MDCSTAT02401_OUT
weekly,KOSPI200,institution,066970,엘앤에프,576911,656436,79525,67970312800,78218205750,10247892950,KRX MDCSTAT02401_OUT
weekly,KOSPI200,institution,006800,미래에셋증권,1425560,1752316,326756,43841977075,54064675575,10222698500,KRX MDCSTAT02401_OUT
weekly,KOSPI200,institution,028670,팬오션,2045548,3501022,1455474,12412860220,21282547225,8869687005,KRX MDCSTAT02401_OUT
weekly,KOSPI200,institution,012330,현대모비스,535778,554575,18797,199568155750,208246797250,8678641500,KRX MDCSTAT02401_OUT
weekly,KOSPI200,institution,047810,한국항공우주,393032,454988,61956,49118019800,56856937350,7738917550,KRX MDCSTAT02401_OUT
weekly,KOSPI200,institution,052690,한전기술,333536,388429,54893,40644596600,48141169600,7496573000,KRX MDCSTAT02401_OUT
weekly,KOSPI200,institution,001430,세아베스틸지주,155101,309843,154742,7098692975,14362391150,7263698175,KRX MDCSTAT02401_OUT
weekly,KOSPI200,institution,032640,LG유플러스,668205,1137356,469151,9689337455,16507728905,6818391450,KRX MDCSTAT02401_OUT
weekly,KOSPI200,institution,139130,iM금융지주,325725,668335,342610,5890223615,12240284000,6350060385,KRX MDCSTAT02401_OUT
weekly,KOSPI200,institution,034730,SK,227843,236134,8291,130792577500,136324658500,5532081000,KRX MDCSTAT02401_OUT
weekly,KOSPI200,institution,016360,삼성증권,280994,339055,58061,24828316150,30160714350,5332398200,KRX MDCSTAT02401_OUT
weekly,KOSPI200,institution,097950,CJ제일제당,35219,60826,25607,6377455000,11029455300,4652000300,KRX MDCSTAT02401_OUT
weekly,KOSPI200,institution,004370,농심,17348,28504,11156,6916076750,11412905250,4496828500,KRX MDCSTAT02401_OUT
weekly,KOSPI200,institution,003670,포스코퓨처엠,779243,794510,15267,149837043650,153793700050,3956656400,KRX MDCSTAT02401_OUT
weekly,KOSPI200,institution,128940,한미약품,161699,169086,7387,81170600000,85098579250,3927979250,KRX MDCSTAT02401_OUT
weekly,KOSPI200,institution,307950,현대오토에버,61405,71634,10229,23078558250,26844118750,3765560500,KRX MDCSTAT02401_OUT
weekly,KOSPI200,institution,457190,이수스페셜티케미컬,132461,177673,45212,10715596750,14341076250,3625479500,KRX MDCSTAT02401_OUT
weekly,KOSPI200,institution,081660,미스토홀딩스,93436,183493,90057,3572826975,7106790725,3533963750,KRX MDCSTAT02401_OUT
weekly,KOSPI200,institution,015760,한국전력,1765821,1877871,112050,52529633675,55967773050,3438139375,KRX MDCSTAT02401_OUT
weekly,KOSPI200,institution,175330,JB금융지주,687036,795889,108853,19430387450,22548819975,3118432525,KRX MDCSTAT02401_OUT
weekly,KOSPI200,institution,093370,후성,1350240,1521636,171396,21014520435,24092529190,3078008755,KRX MDCSTAT02401_OUT
weekly,KOSPI200,institution,073240,금호타이어,535949,964757,428808,3620856635,6536123815,2915267180,KRX MDCSTAT02401_OUT
weekly,KOSPI200,institution,278470,에이피알,257608,262779,5171,94785541000,97632609500,2847068500,KRX MDCSTAT02401_OUT
weekly,KOSPI200,institution,009240,한샘,15242,85270,70028,610023475,3413519650,2803496175,KRX MDCSTAT02401_OUT
weekly,KOSPI200,institution,022100,포스코DX,227488,327182,99694,4787683820,6914538360,2126854540,KRX MDCSTAT02401_OUT
weekly,KOSPI200,institution,003030,세아제강지주,38701,55281,16580,4249317300,6161798550,1912481250,KRX MDCSTAT02401_OUT
weekly,KOSPI200,institution,000240,한국앤컴퍼니,59350,130030,70680,1525490350,3371685325,1846194975,KRX MDCSTAT02401_OUT
weekly,KOSPI200,institution,006280,녹십자,28495,40365,11870,3651442650,5188015150,1536572500,KRX MDCSTAT02401_OUT
weekly,KOSPI200,institution,012750,에스원,57177,73188,16011,4796023650,6154474150,1358450500,KRX MDCSTAT02401_OUT
weekly,KOSPI200,institution,111770,영원무역,87971,104163,16192,6066894250,7285413850,1218519600,KRX MDCSTAT02401_OUT
weekly,KOSPI200,institution,005850,에스엘,95962,115030,19068,4932692650,5937205150,1004512500,KRX MDCSTAT02401_OUT
weekly,KOSPI200,institution,008930,한미사이언스,252109,268633,16524,14005263650,14892349150,887085500,KRX MDCSTAT02401_OUT
weekly,KOSPI200,institution,021240,코웨이,201162,207182,6020,20291176250,20953860250,662684000,KRX MDCSTAT02401_OUT
weekly,KOSPI200,institution,009970,영원무역홀딩스,16824,20579,3755,2804875150,3457859600,652984450,KRX MDCSTAT02401_OUT
weekly,KOSPI200,institution,009420,한올바이오파마,332377,339649,7272,15347301550,15921788025,574486475,KRX MDCSTAT02401_OUT
weekly,KOSPI200,institution,034230,파라다이스,308458,358215,49757,2935265915,3493487550,558221635,KRX MDCSTAT02401_OUT
weekly,KOSPI200,institution,161390,한국타이어앤테크놀로지,297499,302118,4619,17935688550,18369327450,433638900,KRX MDCSTAT02401_OUT
weekly,KOSPI200,institution,454910,두산로보틱스,195262,199746,4484,14009186600,14362230700,353044100,KRX MDCSTAT02401_OUT
weekly,KOSPI200,institution,088350,한화생명,1190801,1236201,45400,6266557920,6524728085,258170165,KRX MDCSTAT02401_OUT
weekly,KOSPI200,institution,002030,아세아,2262,3449,1187,463800150,709106850,245306700,KRX MDCSTAT02401_OUT
weekly,KOSPI200,institution,008730,율촌화학,35454,50555,15101,547164240,779002890,231838650,KRX MDCSTAT02401_OUT
weekly,KOSPI200,institution,017960,한국카본,140352,148040,7688,2782122960,3009116585,226993625,KRX MDCSTAT02401_OUT
weekly,KOSPI200,institution,001040,CJ,125085,125660,575,16367762500,16471675100,103912600,KRX MDCSTAT02401_OUT
weekly,KOSPI200,institution,298050,HS효성첨단소재,8244,8803,559,1339840900,1435587200,95746300,KRX MDCSTAT02401_OUT
weekly,KOSPI200,institution,007340,DN오토모티브,125539,127438,1899,6214801950,6306492700,91690750,KRX MDCSTAT02401_OUT
weekly,KOSPI200,institution,026960,동서,85514,87569,2055,2271560700,2354584300,83023600,KRX MDCSTAT02401_OUT
weekly,KOSPI200,institution,002840,미원상사,3687,4261,574,504693200,583774550,79081350,KRX MDCSTAT02401_OUT
weekly,KOSPI200,institution,014820,동원시스템즈,35769,38892,3123,773423675,846170750,72747075,KRX MDCSTAT02401_OUT
weekly,KOSPI200,institution,005420,코스모화학,119024,124145,5121,1359921865,1414078160,54156295,KRX MDCSTAT02401_OUT
weekly,KOSPI200,institution,300720,한일시멘트,49615,52592,2977,798974525,849153640,50179115,KRX MDCSTAT02401_OUT
weekly,KOSPI200,institution,069260,TKG휴켐스,56022,57375,1353,886372200,908969595,22597395,KRX MDCSTAT02401_OUT
weekly,KOSPI200,institution,007700,F&F홀딩스,4203,5229,1026,56286190,70091450,13805260,KRX MDCSTAT02401_OUT
weekly,KOSPI200,institution,000080,하이트진로,79985,79210,-775,1184079200,1172388895,-11690305,KRX MDCSTAT02401_OUT
weekly,KOSPI200,institution,268280,미원에스씨,3344,3212,-132,423888400,411195450,-12692950,KRX MDCSTAT02401_OUT
weekly,KOSPI200,institution,007310,오뚜기,2952,2845,-107,926284250,895188000,-31096250,KRX MDCSTAT02401_OUT
weekly,KOSPI200,institution,003090,대웅,75755,73595,-2160,1169011770,1137627690,-31384080,KRX MDCSTAT02401_OUT
weekly,KOSPI200,institution,003240,태광산업,2070,2027,-43,1873990000,1837772500,-36217500,KRX MDCSTAT02401_OUT
weekly,KOSPI200,institution,000670,영풍,38748,37593,-1155,1567734650,1527989825,-39744825,KRX MDCSTAT02401_OUT
weekly,KOSPI200,institution,377300,카카오페이,258953,258005,-948,10147563475,10092112650,-55450825,KRX MDCSTAT02401_OUT
weekly,KOSPI200,institution,137310,에스디바이오센서,164596,155017,-9579,1070172860,1008565410,-61607450,KRX MDCSTAT02401_OUT
weekly,KOSPI200,institution,034020,두산에너빌리티,3518967,3524772,5805,280914714500,280791796900,-122917600,KRX MDCSTAT02401_OUT
weekly,KOSPI200,institution,005300,롯데칠성,10118,8541,-1577,961415900,812935250,-148480650,KRX MDCSTAT02401_OUT
weekly,KOSPI200,institution,001680,대상,39747,30225,-9522,701323375,533888250,-167435125,KRX MDCSTAT02401_OUT
weekly,KOSPI200,institution,071320,지역난방공사,9377,6224,-3153,731731200,487205000,-244526200,KRX MDCSTAT02401_OUT
weekly,KOSPI200,institution,000210,DL,62259,53302,-8957,3042096350,2614767675,-427328675,KRX MDCSTAT02401_OUT
weekly,KOSPI200,institution,001800,오리온홀딩스,90076,69965,-20111,2045541000,1593799625,-451741375,KRX MDCSTAT02401_OUT
weekly,KOSPI200,institution,036460,한국가스공사,156033,138769,-17264,5573953500,4968032400,-605921100,KRX MDCSTAT02401_OUT
weekly,KOSPI200,institution,185750,종근당,18729,9241,-9488,1227448100,605637850,-621810250,KRX MDCSTAT02401_OUT
weekly,KOSPI200,institution,011210,현대위아,57371,44227,-13144,2990422050,2316731550,-673690500,KRX MDCSTAT02401_OUT
weekly,KOSPI200,institution,006040,동원산업,34388,15049,-19339,1203552975,529096200,-674456775,KRX MDCSTAT02401_OUT
weekly,KOSPI200,institution,0126Z0,삼성에피스홀딩스,23167,20583,-2584,8306558000,7533809000,-772749000,KRX MDCSTAT02401_OUT
weekly,KOSPI200,institution,282330,BGF리테일,54252,48000,-6252,6917626050,6141437450,-776188600,KRX MDCSTAT02401_OUT
weekly,KOSPI200,institution,003230,삼양식품,46575,45667,-908,55889429500,55076864000,-812565500,KRX MDCSTAT02401_OUT
weekly,KOSPI200,institution,192080,더블유게임즈,50003,35490,-14513,2861295000,2042317550,-818977450,KRX MDCSTAT02401_OUT
weekly,KOSPI200,institution,004990,롯데지주,97890,58520,-39370,2277775625,1372343400,-905432225,KRX MDCSTAT02401_OUT
weekly,KOSPI200,institution,069620,대웅제약,37413,28130,-9283,4072015000,3060937600,-1011077400,KRX MDCSTAT02401_OUT
weekly,KOSPI200,institution,285130,SK케미칼,81829,60389,-21440,4202665500,3111571550,-1091093950,KRX MDCSTAT02401_OUT
weekly,KOSPI200,institution,035250,강원랜드,323776,234481,-89295,4611959850,3345766085,-1266193765,KRX MDCSTAT02401_OUT
weekly,KOSPI200,institution,280360,롯데웰푸드,28143,15881,-12262,3387297200,1926348400,-1460948800,KRX MDCSTAT02401_OUT
weekly,KOSPI200,institution,007070,GS리테일,140049,69314,-70735,3078671100,1526703475,-1551967625,KRX MDCSTAT02401_OUT
weekly,KOSPI200,institution,139480,이마트,105943,82996,-22947,7504020250,5918203600,-1585816650,KRX MDCSTAT02401_OUT
weekly,KOSPI200,institution,029780,삼성카드,106529,68435,-38094,4437032075,2850174350,-1586857725,KRX MDCSTAT02401_OUT
weekly,KOSPI200,institution,326030,SK바이오팜,105059,82739,-22320,7853110900,6246488850,-1606622050,KRX MDCSTAT02401_OUT
weekly,KOSPI200,institution,006650,대한유화,32974,14667,-18307,2984668650,1321279800,-1663388850,KRX MDCSTAT02401_OUT
weekly,KOSPI200,institution,004000,롯데정밀화학,69071,29089,-39982,2936524450,1238486725,-1698037725,KRX MDCSTAT02401_OUT
weekly,KOSPI200,institution,302440,SK바이오사이언스,118160,65244,-52916,4371543475,2418191625,-1953351850,KRX MDCSTAT02401_OUT
weekly,KOSPI200,institution,005490,POSCO홀딩스,419240,411878,-7362,129706594500,127720031250,-1986563250,KRX MDCSTAT02401_OUT
weekly,KOSPI200,institution,002790,아모레퍼시픽홀딩스,158392,74315,-84077,3991615575,1901741925,-2089873650,KRX MDCSTAT02401_OUT
weekly,KOSPI200,institution,000880,한화,71815,52849,-18966,8508624200,6360254400,-2148369800,KRX MDCSTAT02401_OUT
weekly,KOSPI200,institution,033780,KT&G,269788,257211,-12577,47805752650,45576210300,-2229542350,KRX MDCSTAT02401_OUT
weekly,KOSPI200,institution,011170,롯데케미칼,150256,107985,-42271,9065162550,6524404750,-2540757800,KRX MDCSTAT02401_OUT
weekly,KOSPI200,institution,298020,효성티앤씨,37089,27194,-9895,10205303750,7628945250,-2576358500,KRX MDCSTAT02401_OUT
weekly,KOSPI200,institution,323410,카카오뱅크,973707,835904,-137803,19236910465,16528260795,-2708649670,KRX MDCSTAT02401_OUT
weekly,KOSPI200,institution,069960,현대백화점,61111,28829,-32282,5326074350,2515988850,-2810085500,KRX MDCSTAT02401_OUT
weekly,KOSPI200,institution,000120,CJ대한통운,72553,31843,-40710,5068150100,2231452800,-2836697300,KRX MDCSTAT02401_OUT
weekly,KOSPI200,institution,251270,넷마블,290976,195816,-95160,10032334575,6760185050,-3272149525,KRX MDCSTAT02401_OUT
weekly,KOSPI200,institution,138930,BNK금융지주,1015459,797661,-217798,15833905345,12443240875,-3390664470,KRX MDCSTAT02401_OUT
weekly,KOSPI200,institution,008770,호텔신라,213119,125219,-87900,8316017575,4895766625,-3420250950,KRX MDCSTAT02401_OUT
weekly,KOSPI200,institution,051600,한전KPS,190592,111709,-78883,8428009450,4958637000,-3469372450,KRX MDCSTAT02401_OUT
weekly,KOSPI200,institution,001440,대한전선,1102607,978965,-123642,33361115450,29825830900,-3535284550,KRX MDCSTAT02401_OUT
weekly,KOSPI200,institution,002380,KCC,18036,10280,-7756,8421375500,4799382500,-3621993000,KRX MDCSTAT02401_OUT
weekly,KOSPI200,institution,241560,두산밥캣,207348,134342,-73006,11274985550,7327318500,-3947667050,KRX MDCSTAT02401_OUT
weekly,KOSPI200,institution,030000,제일기획,532059,320342,-211717,10027215430,6026006370,-4001209060,KRX MDCSTAT02401_OUT
weekly,KOSPI200,institution,180640,한진칼,115050,84417,-30633,15186416650,11176937100,-4009479550,KRX MDCSTAT02401_OUT
weekly,KOSPI200,institution,011780,금호석유화학,67208,32383,-34825,7794622300,3762946150,-4031676150,KRX MDCSTAT02401_OUT
weekly,KOSPI200,institution,034220,LG디스플레이,1989912,1476442,-513470,16697083270,12392057940,-4305025330,KRX MDCSTAT02401_OUT
weekly,KOSPI200,institution,090430,아모레퍼시픽,318337,284370,-33967,42762273800,38310013850,-4452259950,KRX MDCSTAT02401_OUT
weekly,KOSPI200,institution,024110,기업은행,900451,646586,-253865,18003678145,12991231785,-5012446360,KRX MDCSTAT02401_OUT
weekly,KOSPI200,institution,003550,LG,261292,211679,-49613,28774551200,23579351150,-5195200050,KRX MDCSTAT02401_OUT
weekly,KOSPI200,institution,030200,KT,872095,767015,-105080,44970197250,39623653500,-5346543750,KRX MDCSTAT02401_OUT
weekly,KOSPI200,institution,071970,HD현대마린엔진,196671,54911,-141760,8872047250,2540197575,-6331849675,KRX MDCSTAT02401_OUT
weekly,KOSPI200,institution,017800,현대엘리베이터,157270,66744,-90526,11246007250,4785978550,-6460028700,KRX MDCSTAT02401_OUT
weekly,KOSPI200,institution,000150,두산,132941,124346,-8595,180907208500,174309446500,-6597762000,KRX MDCSTAT02401_OUT
weekly,KOSPI200,institution,051900,LG생활건강,102532,76798,-25734,27375903000,20703237250,-6672665750,KRX MDCSTAT02401_OUT
weekly,KOSPI200,institution,064350,현대로템,687082,622888,-64194,75068281550,67889495000,-7178786550,KRX MDCSTAT02401_OUT
weekly,KOSPI200,institution,271560,오리온,151216,81197,-70019,15902274600,8552517650,-7349756950,KRX MDCSTAT02401_OUT
weekly,KOSPI200,institution,023530,롯데쇼핑,149014,70406,-78608,14806391600,6992751350,-7813640250,KRX MDCSTAT02401_OUT
weekly,KOSPI200,institution,068270,셀트리온,590511,543149,-47362,107296058000,99050137000,-8245921000,KRX MDCSTAT02401_OUT
weekly,KOSPI200,institution,028050,삼성E&A,1263988,1071164,-192824,60707253500,51728497200,-8978756300,KRX MDCSTAT02401_OUT
weekly,KOSPI200,institution,450080,에코프로머티,686772,431176,-255596,26244685875,16439038100,-9805647775,KRX MDCSTAT02401_OUT
weekly,KOSPI200,institution,001450,현대해상,432443,221057,-211386,20440671400,10473355875,-9967315525,KRX MDCSTAT02401_OUT
weekly,KOSPI200,institution,120110,코오롱인더,332289,149081,-183208,18638002950,8384858500,-10253144450,KRX MDCSTAT02401_OUT
weekly,KOSPI200,institution,259960,크래프톤,170821,113049,-57772,33314975400,22149192300,-11165783100,KRX MDCSTAT02401_OUT
weekly,KOSPI200,institution,064400,LG씨엔에스,445671,279767,-165904,31183905100,19486529450,-11697375650,KRX MDCSTAT02401_OUT
weekly,KOSPI200,institution,443060,HD현대마린솔루션,141053,88525,-52528,31510320500,19806326000,-11703994500,KRX MDCSTAT02401_OUT
weekly,KOSPI200,institution,011200,HMM,1317463,756861,-560602,27745515475,16021579400,-11723936075,KRX MDCSTAT02401_OUT
weekly,KOSPI200,institution,000100,유한양행,368467,206773,-161694,27340968150,15436008650,-11904959500,KRX MDCSTAT02401_OUT
weekly,KOSPI200,institution,375500,DL이앤씨,392293,217604,-174689,28541551600,15814289750,-12727261850,KRX MDCSTAT02401_OUT
weekly,KOSPI200,institution,039490,키움증권,138345,86576,-51769,34647987750,21910243250,-12737744500,KRX MDCSTAT02401_OUT
weekly,KOSPI200,institution,161890,한국콜마,566729,464780,-101949,78011345950,65125151050,-12886194900,KRX MDCSTAT02401_OUT
weekly,KOSPI200,institution,005830,DB손해보험,267359,195989,-71370,49252968700,36231903400,-13021065300,KRX MDCSTAT02401_OUT
weekly,KOSPI200,institution,000810,삼성화재,114836,92373,-22463,71133356500,57402496500,-13730860000,KRX MDCSTAT02401_OUT
weekly,KOSPI200,institution,082740,한화엔진,1006883,661409,-345474,44672812775,30524536925,-14148275850,KRX MDCSTAT02401_OUT
weekly,KOSPI200,institution,010130,고려아연,31843,18043,-13800,33683477000,19165206500,-14518270500,KRX MDCSTAT02401_OUT
weekly,KOSPI200,institution,035720,카카오,1244087,794378,-449709,41104275450,26332927300,-14771348150,KRX MDCSTAT02401_OUT
weekly,KOSPI200,institution,047040,대우건설,3319413,2421288,-898125,57770772830,42204302430,-15566470400,KRX MDCSTAT02401_OUT
weekly,KOSPI200,institution,204320,HL만도,472179,125742,-346437,21712367100,5810354500,-15902012600,KRX MDCSTAT02401_OUT
weekly,KOSPI200,institution,483650,달바글로벌,174361,84610,-89751,31412915550,15203186450,-16209729100,KRX MDCSTAT02401_OUT
weekly,KOSPI200,institution,010120,LS ELECTRIC,586998,488803,-98195,120159400300,101804646700,-18354753600,KRX MDCSTAT02401_OUT
weekly,KOSPI200,institution,086280,현대글로비스,266413,161794,-104619,50944025250,31264900300,-19679124950,KRX MDCSTAT02401_OUT
weekly,KOSPI200,institution,032830,삼성생명,386612,310176,-76436,107081431000,87098975750,-19982455250,KRX MDCSTAT02401_OUT
weekly,KOSPI200,institution,207940,삼성바이오로직스,69378,52626,-16752,91706546000,70815578000,-20890968000,KRX MDCSTAT02401_OUT
weekly,KOSPI200,institution,071050,한국금융지주,318266,193181,-125085,55386163500,34000873450,-21385290050,KRX MDCSTAT02401_OUT
weekly,KOSPI200,institution,017670,SK텔레콤,883797,594979,-288818,76093337750,51772556200,-24320781550,KRX MDCSTAT02401_OUT
weekly,KOSPI200,institution,010140,삼성중공업,4123380,2849317,-1274063,80057539965,55512390805,-24545149160,KRX MDCSTAT02401_OUT
weekly,KOSPI200,institution,004170,신세계,118213,40106,-78107,38017593500,12877150750,-25140442750,KRX MDCSTAT02401_OUT
weekly,KOSPI200,institution,004020,현대제철,1461524,564791,-896733,42714920250,16611672675,-26103247575,KRX MDCSTAT02401_OUT
weekly,KOSPI200,institution,103140,풍산,473364,88271,-385093,33062984650,6326390450,-26736594200,KRX MDCSTAT02401_OUT
weekly,KOSPI200,institution,086790,하나금융지주,1038676,807152,-231524,132555477350,103221328400,-29334148950,KRX MDCSTAT02401_OUT
weekly,KOSPI200,institution,003490,대한항공,3216241,2227258,-988983,98905117600,68744112850,-30161004750,KRX MDCSTAT02401_OUT
weekly,KOSPI200,institution,078930,GS,883021,576268,-306753,92646428050,61100159900,-31546268150,KRX MDCSTAT02401_OUT
weekly,KOSPI200,institution,018260,삼성에스디에스,277407,107636,-169771,57476297300,22920963950,-34555333350,KRX MDCSTAT02401_OUT
weekly,KOSPI200,institution,267250,HD현대,401307,211030,-190277,76149629150,40549305650,-35600323500,KRX MDCSTAT02401_OUT
weekly,KOSPI200,institution,009150,삼성전기,889944,867637,-22307,1420525548500,1384517052500,-36008496000,KRX MDCSTAT02401_OUT
weekly,KOSPI200,institution,028260,삼성물산,490162,377758,-112404,164804624250,127539048000,-37265576250,KRX MDCSTAT02401_OUT
weekly,KOSPI200,institution,042660,한화오션,1174097,570017,-604080,89109823700,43011874350,-46097949350,KRX MDCSTAT02401_OUT
weekly,KOSPI200,institution,000720,현대건설,1276510,833170,-443340,142031972450,91826509450,-50205463000,KRX MDCSTAT02401_OUT
weekly,KOSPI200,institution,267260,HD현대일렉트릭,200408,112547,-87861,129586490500,73586308500,-56000182000,KRX MDCSTAT02401_OUT
weekly,KOSPI200,institution,007660,이수페타시스,1601257,1114027,-487230,200920172398,139746848998,-61173323400,KRX MDCSTAT02401_OUT
weekly,KOSPI200,institution,298040,효성중공업,64211,39585,-24626,171112796000,105187698000,-65925098000,KRX MDCSTAT02401_OUT
weekly,KOSPI200,institution,009540,HD한국조선해양,422454,186494,-235960,128962620750,58467539000,-70495081750,KRX MDCSTAT02401_OUT
weekly,KOSPI200,institution,000990,DB하이텍,859449,337709,-521740,118585049852,47282281002,-71302768850,KRX MDCSTAT02401_OUT
weekly,KOSPI200,institution,006260,LS,414989,142974,-272015,118922181750,40795398000,-78126783750,KRX MDCSTAT02401_OUT
weekly,KOSPI200,institution,267270,HD건설기계,955673,247890,-707783,109351734200,28174095450,-81177638750,KRX MDCSTAT02401_OUT
weekly,KOSPI200,institution,035420,NAVER,1088108,649224,-438884,205542837600,122337858700,-83204978900,KRX MDCSTAT02401_OUT
weekly,KOSPI200,institution,012450,한화에어로스페이스,262345,165605,-96740,251311840000,166715875500,-84595964500,KRX MDCSTAT02401_OUT
weekly,KOSPI200,institution,000270,기아,1612346,769112,-843234,177970543900,85273186700,-92697357200,KRX MDCSTAT02401_OUT
weekly,KOSPI200,institution,329180,HD현대중공업,578931,316691,-262240,235190133500,128114487000,-107075646500,KRX MDCSTAT02401_OUT
weekly,KOSPI200,institution,005380,현대차,940435,570321,-370114,318834083000,193937275500,-124896807500,KRX MDCSTAT02401_OUT
weekly,KOSPI200,institution,000660,SK하이닉스,4254000,4078443,-175557,7534563129500,7230559044000,-304004085500,KRX MDCSTAT02401_OUT
weekly,KOSPI200,institution,005930,삼성전자,34975644,30535450,-4440194,9461810880500,8295039439250,-1166771441250,KRX MDCSTAT02401_OUT
weekly,KOSDAQ150,foreign,036930,주성엔지니어링,2230570,2841741,611171,576028725000,742608127500,166579402500,KRX MDCSTAT02401_OUT
weekly,KOSDAQ150,foreign,222800,심텍,989259,1504360,515101,165977867200,253958653200,87980786000,KRX MDCSTAT02401_OUT
weekly,KOSDAQ150,foreign,098460,고영,2389763,4448761,2058998,85163787475,156824723230,71660935755,KRX MDCSTAT02401_OUT
weekly,KOSDAQ150,foreign,067310,하나마이크론,2549352,3806028,1256676,131519362475,196763710325,65244347850,KRX MDCSTAT02401_OUT
weekly,KOSDAQ150,foreign,086520,에코프로,1127301,1680360,553059,103004166250,151705693800,48701527550,KRX MDCSTAT02401_OUT
weekly,KOSDAQ150,foreign,108490,로보티즈,266175,397875,131700,81549633250,122142684500,40593051250,KRX MDCSTAT02401_OUT
weekly,KOSDAQ150,foreign,039030,이오테크닉스,183924,260786,76862,98881309000,138383893000,39502584000,KRX MDCSTAT02401_OUT
weekly,KOSDAQ150,foreign,214450,파마리서치,161953,276302,114349,49797782250,84671083500,34873301250,KRX MDCSTAT02401_OUT
weekly,KOSDAQ150,foreign,036540,SFA반도체,9255808,12155490,2899682,107082002810,139673588240,32591585430,KRX MDCSTAT02401_OUT
weekly,KOSDAQ150,foreign,277810,레인보우로보틱스,88512,135366,46854,39509722500,60524426500,21014704000,KRX MDCSTAT02401_OUT
weekly,KOSDAQ150,foreign,058610,에스피지,218562,419147,200585,22467189250,43074024050,20606834800,KRX MDCSTAT02401_OUT
weekly,KOSDAQ150,foreign,204270,제이앤티씨,2287012,2928877,641865,57852747175,74509246925,16656499750,KRX MDCSTAT02401_OUT
weekly,KOSDAQ150,foreign,089030,테크윙,1043790,1341319,297529,58119495950,74519513700,16400017750,KRX MDCSTAT02401_OUT
weekly,KOSDAQ150,foreign,064760,티씨케이,104971,160705,55734,31333159250,47155091250,15821932000,KRX MDCSTAT02401_OUT
weekly,KOSDAQ150,foreign,096530,씨젠,782723,1094012,311289,29734731000,41768958925,12034227925,KRX MDCSTAT02401_OUT
weekly,KOSDAQ150,foreign,031980,피에스케이홀딩스,336203,399937,63734,67413560300,79442684850,12029124550,KRX MDCSTAT02401_OUT
weekly,KOSDAQ150,foreign,030530,원익홀딩스,1422949,1651386,228437,41579687950,48664879250,7085191300,KRX MDCSTAT02401_OUT
weekly,KOSDAQ150,foreign,041190,우리기술투자,3244265,4312392,1068127,20361172270,27120959325,6759787055,KRX MDCSTAT02401_OUT
weekly,KOSDAQ150,foreign,131290,티에스이,299536,321389,21853,92771562250,99200008000,6428445750,KRX MDCSTAT02401_OUT
weekly,KOSDAQ150,foreign,090360,로보스타,107966,188864,80898,8523086250,14899899100,6376812850,KRX MDCSTAT02401_OUT
weekly,KOSDAQ150,foreign,080220,제주반도체,2781225,2881753,100528,247513497000,253815725650,6302228650,KRX MDCSTAT02401_OUT
weekly,KOSDAQ150,foreign,161580,필옵틱스,501065,636780,135715,20759070075,26159419125,5400349050,KRX MDCSTAT02401_OUT
weekly,KOSDAQ150,foreign,253590,네오셈,2065781,2402401,336620,32011943865,36895119540,4883175675,KRX MDCSTAT02401_OUT
weekly,KOSDAQ150,foreign,237690,에스티팜,144251,192231,47980,13714876750,18185412700,4470535950,KRX MDCSTAT02401_OUT
weekly,KOSDAQ150,foreign,056190,SFA,378605,500277,121672,11682849975,15599524675,3916674700,KRX MDCSTAT02401_OUT
weekly,KOSDAQ150,foreign,420770,기가비스,78078,105442,27364,10468151150,14034934850,3566783700,KRX MDCSTAT02401_OUT
weekly,KOSDAQ150,foreign,124500,아이티센글로벌,245827,371775,125948,7022485525,10484635050,3462149525,KRX MDCSTAT02401_OUT
weekly,KOSDAQ150,foreign,095610,테스,473395,503670,30275,82450462400,85908953050,3458490650,KRX MDCSTAT02401_OUT
weekly,KOSDAQ150,foreign,056080,유진로봇,1436115,1799594,363479,18028595550,21370704355,3342108805,KRX MDCSTAT02401_OUT
weekly,KOSDAQ150,foreign,068760,셀트리온제약,84512,169163,84651,3302862250,6642006450,3339144200,KRX MDCSTAT02401_OUT
weekly,KOSDAQ150,foreign,466100,클로봇,303951,426158,122207,7047305275,9974170500,2926865225,KRX MDCSTAT02401_OUT
weekly,KOSDAQ150,foreign,125490,한라캐스트,2130784,2348940,218156,28147842180,30942798010,2794955830,KRX MDCSTAT02401_OUT
weekly,KOSDAQ150,foreign,293490,카카오게임즈,795043,1039418,244375,7865933610,10332160125,2466226515,KRX MDCSTAT02401_OUT
weekly,KOSDAQ150,foreign,166090,하나머티리얼즈,236867,272086,35219,15056354050,17335117700,2278763650,KRX MDCSTAT02401_OUT
weekly,KOSDAQ150,foreign,025980,아난티,1020435,1449131,428696,5081727913,7202907954,2121180041,KRX MDCSTAT02401_OUT
weekly,KOSDAQ150,foreign,007390,네이처셀,244558,330093,85535,6065800900,8183208650,2117407750,KRX MDCSTAT02401_OUT
weekly,KOSDAQ150,foreign,033100,제룡전기,178184,218680,40496,8844568350,10804726350,1960158000,KRX MDCSTAT02401_OUT
weekly,KOSDAQ150,foreign,213420,덕산네오룩스,151372,213815,62443,4544577575,6419586675,1875009100,KRX MDCSTAT02401_OUT
weekly,KOSDAQ150,foreign,399720,가온칩스,176243,214805,38562,8468482500,10271215175,1802732675,KRX MDCSTAT02401_OUT
weekly,KOSDAQ150,foreign,388720,유일로보틱스,32178,57087,24909,2260619550,4036044450,1775424900,KRX MDCSTAT02401_OUT
weekly,KOSDAQ150,foreign,348370,엔켐,400900,477330,76430,9122818875,10850014050,1727195175,KRX MDCSTAT02401_OUT
weekly,KOSDAQ150,foreign,247540,에코프로비엠,859055,887780,28725,106482226300,108196299800,1714073500,KRX MDCSTAT02401_OUT
weekly,KOSDAQ150,foreign,215200,메가스터디교육,66838,105777,38939,2533516500,4030638300,1497121800,KRX MDCSTAT02401_OUT
weekly,KOSDAQ150,foreign,263750,펄어비스,260745,304637,43892,8655441225,10094024025,1438582800,KRX MDCSTAT02401_OUT
weekly,KOSDAQ150,foreign,003380,하림지주,538004,665761,127757,6170321905,7570484395,1400162490,KRX MDCSTAT02401_OUT
weekly,KOSDAQ150,foreign,052400,코나아이,70026,107423,37397,2596261700,3967841675,1371579975,KRX MDCSTAT02401_OUT
weekly,KOSDAQ150,foreign,090710,휴림로봇,1810456,2005855,195399,11569345905,12869417475,1300071570,KRX MDCSTAT02401_OUT
weekly,KOSDAQ150,foreign,112040,위메이드,213851,297040,83189,3352975405,4639295305,1286319900,KRX MDCSTAT02401_OUT
weekly,KOSDAQ150,foreign,018290,브이티,435617,515246,79629,5673347390,6761355320,1088007930,KRX MDCSTAT02401_OUT
weekly,KOSDAQ150,foreign,140860,파크시스템스,123424,126669,3245,37486723750,38394946000,908222250,KRX MDCSTAT02401_OUT
weekly,KOSDAQ150,foreign,278280,천보,52789,76097,23308,2033358550,2918564475,885205925,KRX MDCSTAT02401_OUT
weekly,KOSDAQ150,foreign,065350,신성델타테크,146093,175465,29372,4808019525,5689968350,881948825,KRX MDCSTAT02401_OUT
weekly,KOSDAQ150,foreign,015750,성우하이텍,195308,329776,134468,1155108420,1953465100,798356680,KRX MDCSTAT02401_OUT
weekly,KOSDAQ150,foreign,171090,선익시스템,71866,82117,10251,5400985350,6141087500,740102150,KRX MDCSTAT02401_OUT
weekly,KOSDAQ150,foreign,025320,시노펙스,545992,735289,189297,2170207252,2910112872,739905620,KRX MDCSTAT02401_OUT
weekly,KOSDAQ150,foreign,183300,코미코,734384,757256,22872,25244696450,25919531000,674834550,KRX MDCSTAT02401_OUT
weekly,KOSDAQ150,foreign,145020,휴젤,150177,153621,3444,27129702500,27749782000,620079500,KRX MDCSTAT02401_OUT
weekly,KOSDAQ150,foreign,475830,오름테라퓨틱,579014,603002,23988,12270972495,12853820015,582847520,KRX MDCSTAT02401_OUT
weekly,KOSDAQ150,foreign,060370,LS마린솔루션,283883,302637,18754,9501290425,10063894725,562604300,KRX MDCSTAT02401_OUT
weekly,KOSDAQ150,foreign,009520,포스코엠텍,267599,310469,42870,3513625350,4067259110,553633760,KRX MDCSTAT02401_OUT
weekly,KOSDAQ150,foreign,0009K0,에임드바이오,213740,234174,20434,5370070900,5829520225,459449325,KRX MDCSTAT02401_OUT
weekly,KOSDAQ150,foreign,253450,스튜디오드래곤,85494,105311,19817,1760908750,2174635625,413726875,KRX MDCSTAT02401_OUT
weekly,KOSDAQ150,foreign,067160,SOOP,91679,100353,8674,3357043125,3675243775,318200650,KRX MDCSTAT02401_OUT
weekly,KOSDAQ150,foreign,025900,동화기업,133702,169077,35375,990805385,1248581060,257775675,KRX MDCSTAT02401_OUT
weekly,KOSDAQ150,foreign,048410,현대바이오,1641709,1671167,29458,11671117505,11891718005,220600500,KRX MDCSTAT02401_OUT
weekly,KOSDAQ150,foreign,195940,HK이노엔,145343,150616,5273,5892920325,6078934350,186014025,KRX MDCSTAT02401_OUT
weekly,KOSDAQ150,foreign,060250,NHN KCP,311298,325197,13899,4241930020,4409751160,167821140,KRX MDCSTAT02401_OUT
weekly,KOSDAQ150,foreign,214150,클래시스,429642,435160,5518,13248485775,13405489050,157003275,KRX MDCSTAT02401_OUT
weekly,KOSDAQ150,foreign,041510,에스엠,213792,215946,2154,16706245500,16797372350,91126850,KRX MDCSTAT02401_OUT
weekly,KOSDAQ150,foreign,082270,젬백스,268313,277898,9585,2974192370,3051370415,77178045,KRX MDCSTAT02401_OUT
weekly,KOSDAQ150,foreign,036620,감성코퍼레이션,314040,332504,18464,1172649939,1244518040,71868101,KRX MDCSTAT02401_OUT
weekly,KOSDAQ150,foreign,006730,서부T&D,782276,785626,3350,9049489950,9067283490,17793540,KRX MDCSTAT02401_OUT
weekly,KOSDAQ150,foreign,352480,씨앤씨인터내셔널,20118,18027,-2091,415481275,373018890,-42462385,KRX MDCSTAT02401_OUT
weekly,KOSDAQ150,foreign,101730,위메이드맥스,1147820,1151427,3607,5882147054,5801109850,-81037204,KRX MDCSTAT02401_OUT
weekly,KOSDAQ150,foreign,060280,큐렉소,435949,429065,-6884,3834576845,3741336525,-93240320,KRX MDCSTAT02401_OUT
weekly,KOSDAQ150,foreign,376300,디어유,222157,215757,-6400,4175791325,4079564715,-96226610,KRX MDCSTAT02401_OUT
weekly,KOSDAQ150,foreign,225570,넥슨게임즈,299478,278818,-20660,3153271495,2951188870,-202082625,KRX MDCSTAT02401_OUT
weekly,KOSDAQ150,foreign,194480,데브시스터즈,80474,61542,-18932,1124814510,858900480,-265914030,KRX MDCSTAT02401_OUT
weekly,KOSDAQ150,foreign,211050,인카금융서비스,114936,86720,-28216,1126839620,845873210,-280966410,KRX MDCSTAT02401_OUT
weekly,KOSDAQ150,foreign,033500,동성화인텍,192804,166213,-26591,3064045055,2644202620,-419842435,KRX MDCSTAT02401_OUT
weekly,KOSDAQ150,foreign,328130,루닛,1115595,1075698,-39897,12312146015,11801224595,-510921420,KRX MDCSTAT02401_OUT
weekly,KOSDAQ150,foreign,437730,삼현,396798,390077,-6721,20401886725,19886555750,-515330975,KRX MDCSTAT02401_OUT
weekly,KOSDAQ150,foreign,032190,다우데이타,143716,101150,-42566,2730120130,1931074270,-799045860,KRX MDCSTAT02401_OUT
weekly,KOSDAQ150,foreign,078340,컴투스,164966,143287,-21679,6159506700,5321962550,-837544150,KRX MDCSTAT02401_OUT
weekly,KOSDAQ150,foreign,272290,이녹스첨단소재,176465,139531,-36934,3972171525,3117435525,-854736000,KRX MDCSTAT02401_OUT
weekly,KOSDAQ150,foreign,137400,피엔티,289814,264998,-24816,9383509175,8512901425,-870607750,KRX MDCSTAT02401_OUT
weekly,KOSDAQ150,foreign,085660,차바이오텍,359956,253336,-106620,3069339640,2149045075,-920294565,KRX MDCSTAT02401_OUT
weekly,KOSDAQ150,foreign,095660,네오위즈,122034,69984,-52050,2198733785,1262131030,-936602755,KRX MDCSTAT02401_OUT
weekly,KOSDAQ150,foreign,122870,와이지엔터테인먼트,194436,169256,-25180,7993389350,6954318025,-1039071325,KRX MDCSTAT02401_OUT
weekly,KOSDAQ150,foreign,035760,CJ ENM,167649,137882,-29767,5887171925,4836568425,-1050603500,KRX MDCSTAT02401_OUT
weekly,KOSDAQ150,foreign,214370,케어젠,209528,182868,-26660,9034122725,7887701800,-1146420925,KRX MDCSTAT02401_OUT
weekly,KOSDAQ150,foreign,036810,에프에스티,346710,318205,-28505,12230810150,11013763900,-1217046250,KRX MDCSTAT02401_OUT
weekly,KOSDAQ150,foreign,358570,지아이이노베이션,812441,667586,-144855,7266541450,6029589565,-1236951885,KRX MDCSTAT02401_OUT
weekly,KOSDAQ150,foreign,032500,케이엠더블유,429507,367701,-61806,8835871930,7539175385,-1296696545,KRX MDCSTAT02401_OUT
weekly,KOSDAQ150,foreign,069080,웹젠,309817,179399,-130418,3683451665,2139944090,-1543507575,KRX MDCSTAT02401_OUT
weekly,KOSDAQ150,foreign,082920,비츠로셀,544081,486217,-57864,15895024800,14213876550,-1681148250,KRX MDCSTAT02401_OUT
weekly,KOSDAQ150,foreign,100790,미래에셋벤처투자,1022916,891568,-131348,18329834520,16089225335,-2240609185,KRX MDCSTAT02401_OUT
weekly,KOSDAQ150,foreign,403870,HPSP,3328229,3292271,-35958,222378021050,219978653900,-2399367150,KRX MDCSTAT02401_OUT
weekly,KOSDAQ150,foreign,281740,레이크머티리얼즈,1016628,831452,-185176,12857034900,10454823965,-2402210935,KRX MDCSTAT02401_OUT
weekly,KOSDAQ150,foreign,074600,원익QnC,352565,277434,-75131,11408886600,8970789725,-2438096875,KRX MDCSTAT02401_OUT
weekly,KOSDAQ150,foreign,014620,성광벤드,316373,237617,-78756,9549632475,7107845500,-2441786975,KRX MDCSTAT02401_OUT
weekly,KOSDAQ150,foreign,087010,펩트론,568514,547001,-21513,64224877900,61649448600,-2575429300,KRX MDCSTAT02401_OUT
weekly,KOSDAQ150,foreign,251970,펌텍코리아,293920,255110,-38810,18927787250,16246129950,-2681657300,KRX MDCSTAT02401_OUT
weekly,KOSDAQ150,foreign,121600,나노신소재,171846,123034,-48812,10604397900,7660470600,-2943927300,KRX MDCSTAT02401_OUT
weekly,KOSDAQ150,foreign,214430,아이쓰리시스템,105205,66646,-38559,8235057450,5133354900,-3101702550,KRX MDCSTAT02401_OUT
weekly,KOSDAQ150,foreign,310210,보로노이,171081,150247,-20834,25117021900,21893393500,-3223628400,KRX MDCSTAT02401_OUT
weekly,KOSDAQ150,foreign,348210,넥스틴,208530,119595,-88935,8162613275,4673919125,-3488694150,KRX MDCSTAT02401_OUT
weekly,KOSDAQ150,foreign,043260,성호전자,4829947,4722959,-106988,152029615325,148501270925,-3528344400,KRX MDCSTAT02401_OUT
weekly,KOSDAQ150,foreign,030520,한컴,448882,225555,-223327,8078019345,4064695445,-4013323900,KRX MDCSTAT02401_OUT
weekly,KOSDAQ150,foreign,323280,태성,612130,543903,-68227,37207061450,33031635000,-4175426450,KRX MDCSTAT02401_OUT
weekly,KOSDAQ150,foreign,232140,와이씨,4516345,4282322,-234023,76058546330,71863514975,-4195031355,KRX MDCSTAT02401_OUT
weekly,KOSDAQ150,foreign,445680,큐리옥스바이오시스템즈,208549,137133,-71416,12234916750,8023793450,-4211123300,KRX MDCSTAT02401_OUT
weekly,KOSDAQ150,foreign,036830,솔브레인홀딩스,213737,122350,-91387,10272802825,5834837750,-4437965075,KRX MDCSTAT02401_OUT
weekly,KOSDAQ150,foreign,039200,오스코텍,317808,195871,-121937,12147113400,7402318175,-4744795225,KRX MDCSTAT02401_OUT
weekly,KOSDAQ150,foreign,035900,JYP Ent.,592770,455586,-137184,22705516150,17433674175,-5271841975,KRX MDCSTAT02401_OUT
weekly,KOSDAQ150,foreign,053800,안랩,441774,388724,-53050,37578533800,32104634150,-5473899650,KRX MDCSTAT02401_OUT
weekly,KOSDAQ150,foreign,196170,알테오젠,513198,493890,-19308,130159160750,124629884750,-5529276000,KRX MDCSTAT02401_OUT
weekly,KOSDAQ150,foreign,050890,쏠리드,2698214,2187824,-510390,28189039215,22649543085,-5539496130,KRX MDCSTAT02401_OUT
weekly,KOSDAQ150,foreign,083650,비에이치아이,462323,370687,-91636,27147003850,21110186000,-6036817850,KRX MDCSTAT02401_OUT
weekly,KOSDAQ150,foreign,005290,동진쎄미켐,997397,873120,-124277,51682150325,44952162700,-6729987625,KRX MDCSTAT02401_OUT
weekly,KOSDAQ150,foreign,295310,에이치브이엠,331492,240366,-91126,23750660750,16907087450,-6843573300,KRX MDCSTAT02401_OUT
weekly,KOSDAQ150,foreign,241710,코스메카코리아,459303,402828,-56475,51359201850,44478418250,-6880783600,KRX MDCSTAT02401_OUT
weekly,KOSDAQ150,foreign,042000,카페24,1275531,928710,-346821,26726401280,19828418305,-6897982975,KRX MDCSTAT02401_OUT
weekly,KOSDAQ150,foreign,032820,우리기술,3147357,2532016,-615341,39542157140,31763316130,-7778841010,KRX MDCSTAT02401_OUT
weekly,KOSDAQ150,foreign,218410,RFHIC,658799,532415,-126384,40312544200,32299430900,-8013113300,KRX MDCSTAT02401_OUT
weekly,KOSDAQ150,foreign,189300,인텔리안테크,264965,147333,-117632,19003739350,10435406800,-8568332550,KRX MDCSTAT02401_OUT
weekly,KOSDAQ150,foreign,257720,실리콘투,1073549,830589,-242960,40100299850,30749638525,-9350661325,KRX MDCSTAT02401_OUT
weekly,KOSDAQ150,foreign,240810,원익IPS,2020164,1959499,-60665,279028682000,269286081600,-9742600400,KRX MDCSTAT02401_OUT
weekly,KOSDAQ150,foreign,099320,쎄트렉아이,270767,142998,-127769,21520845800,11227711600,-10293134200,KRX MDCSTAT02401_OUT
weekly,KOSDAQ150,foreign,298380,에이비엘바이오,797667,594920,-202747,41057465225,30299394050,-10758071175,KRX MDCSTAT02401_OUT
weekly,KOSDAQ150,foreign,095340,ISC,412726,354736,-57990,86085254700,73740556200,-12344698500,KRX MDCSTAT02401_OUT
weekly,KOSDAQ150,foreign,078600,대주전자재료,541242,433766,-107476,59414439100,46898771050,-12515668050,KRX MDCSTAT02401_OUT
weekly,KOSDAQ150,foreign,131970,두산테스나,753503,617330,-136173,86373175000,70778312500,-15594862500,KRX MDCSTAT02401_OUT
weekly,KOSDAQ150,foreign,417200,LS머트리얼즈,3233841,2174401,-1059440,49319964640,33023665205,-16296299435,KRX MDCSTAT02401_OUT
weekly,KOSDAQ150,foreign,347850,디앤디파마텍,1255237,897948,-357289,56699727800,40234432725,-16465295075,KRX MDCSTAT02401_OUT
weekly,KOSDAQ150,foreign,178320,서진시스템,2005509,1596524,-408985,82803443425,65799294000,-17004149425,KRX MDCSTAT02401_OUT
weekly,KOSDAQ150,foreign,141080,리가켐바이오,531455,319182,-212273,43500447000,25941231900,-17559215100,KRX MDCSTAT02401_OUT
weekly,KOSDAQ150,foreign,319400,현대무벡스,1801225,879998,-921227,37056280920,18156806890,-18899474030,KRX MDCSTAT02401_OUT
weekly,KOSDAQ150,foreign,290650,엘앤씨바이오,753429,378515,-374914,42037624700,21083487050,-20954137650,KRX MDCSTAT02401_OUT
weekly,KOSDAQ150,foreign,038500,삼표시멘트,7261564,3767616,-3493948,56847878875,29381906805,-27465972070,KRX MDCSTAT02401_OUT
weekly,KOSDAQ150,foreign,084370,유진테크,628360,472500,-155860,111074026250,82899066800,-28174959450,KRX MDCSTAT02401_OUT
weekly,KOSDAQ150,foreign,028300,HLB,3504453,2769714,-734739,160110013800,129083097050,-31026916750,KRX MDCSTAT02401_OUT
weekly,KOSDAQ150,foreign,226950,올릭스,546378,284640,-261738,64993362100,33066520700,-31926841400,KRX MDCSTAT02401_OUT
weekly,KOSDAQ150,foreign,089970,브이엠,1275143,797393,-477750,86321685850,53961529700,-32360156150,KRX MDCSTAT02401_OUT
weekly,KOSDAQ150,foreign,101490,에스앤에스텍,1035238,399472,-635766,54524751250,20689674950,-33835076300,KRX MDCSTAT02401_OUT
weekly,KOSDAQ150,foreign,000250,삼천당제약,655479,342103,-313376,146464350800,74923215200,-71541135600,KRX MDCSTAT02401_OUT
weekly,KOSDAQ150,foreign,058470,리노공업,3454799,1647359,-1807440,293464140050,139237890350,-154226249700,KRX MDCSTAT02401_OUT
weekly,KOSDAQ150,institution,058470,리노공업,1405483,3359636,1954153,120484976822,286111637572,165626660750,KRX MDCSTAT02401_OUT
weekly,KOSDAQ150,institution,226950,올릭스,274807,696914,422107,32534242650,82790583250,50256340600,KRX MDCSTAT02401_OUT
weekly,KOSDAQ150,institution,403870,HPSP,1756281,2322284,566003,116615247800,155571925250,38956677450,KRX MDCSTAT02401_OUT
weekly,KOSDAQ150,institution,080220,제주반도체,271227,687067,415840,23745708550,60475005750,36729297200,KRX MDCSTAT02401_OUT
weekly,KOSDAQ150,institution,086520,에코프로,1032682,1439270,406588,93778002400,129521885000,35743882600,KRX MDCSTAT02401_OUT
weekly,KOSDAQ150,institution,196170,알테오젠,541396,645715,104319,135753856750,163695522000,27941665250,KRX MDCSTAT02401_OUT
weekly,KOSDAQ150,institution,084370,유진테크,208138,336154,128016,36332225600,59648091800,23315866200,KRX MDCSTAT02401_OUT
weekly,KOSDAQ150,institution,078600,대주전자재료,103493,313642,210149,11331731100,34066427000,22734695900,KRX MDCSTAT02401_OUT
weekly,KOSDAQ150,institution,295310,에이치브이엠,182392,459364,276972,13115405950,32927188150,19811782200,KRX MDCSTAT02401_OUT
weekly,KOSDAQ150,institution,000250,삼천당제약,322400,414020,91620,72311203150,91525457200,19214254050,KRX MDCSTAT02401_OUT
weekly,KOSDAQ150,institution,005290,동진쎄미켐,443088,775944,332856,22850939850,40225255325,17374315475,KRX MDCSTAT02401_OUT
weekly,KOSDAQ150,institution,417200,LS머트리얼즈,895134,1984965,1089831,13701233615,30801010820,17099777205,KRX MDCSTAT02401_OUT
weekly,KOSDAQ150,institution,277810,레인보우로보틱스,42783,77619,34836,18998823750,34667551750,15668728000,KRX MDCSTAT02401_OUT
weekly,KOSDAQ150,institution,140860,파크시스템스,28379,79767,51388,8689928500,24338390000,15648461500,KRX MDCSTAT02401_OUT
weekly,KOSDAQ150,institution,247540,에코프로비엠,504921,629728,124807,61851330200,77382724950,15531394750,KRX MDCSTAT02401_OUT
weekly,KOSDAQ150,institution,028300,HLB,678868,974842,295974,30565430975,43026601550,12461170575,KRX MDCSTAT02401_OUT
weekly,KOSDAQ150,institution,089970,브이엠,780045,961071,181026,52705483500,65151475400,12445991900,KRX MDCSTAT02401_OUT
weekly,KOSDAQ150,institution,131970,두산테스나,391654,495636,103982,45143280100,56638387750,11495107650,KRX MDCSTAT02401_OUT
weekly,KOSDAQ150,institution,319400,현대무벡스,164140,688008,523868,3368099615,14209449300,10841349685,KRX MDCSTAT02401_OUT
weekly,KOSDAQ150,institution,241710,코스메카코리아,243087,328790,85703,26551597850,37029514250,10477916400,KRX MDCSTAT02401_OUT
weekly,KOSDAQ150,institution,098460,고영,883804,1167424,283620,31764570250,41442842325,9678272075,KRX MDCSTAT02401_OUT
weekly,KOSDAQ150,institution,121600,나노신소재,55328,208857,153529,3445121850,12908420950,9463299100,KRX MDCSTAT02401_OUT
weekly,KOSDAQ150,institution,039200,오스코텍,102618,328260,225642,3838723475,12561366425,8722642950,KRX MDCSTAT02401_OUT
weekly,KOSDAQ150,institution,108490,로보티즈,171309,197510,26201,51783146500,60503859000,8720712500,KRX MDCSTAT02401_OUT
weekly,KOSDAQ150,institution,056080,유진로봇,226042,870449,644407,2779867585,10806958030,8027090445,KRX MDCSTAT02401_OUT
weekly,KOSDAQ150,institution,178320,서진시스템,274226,455670,181444,11346239225,18808114750,7461875525,KRX MDCSTAT02401_OUT
weekly,KOSDAQ150,institution,253590,네오셈,37199,495677,458478,587574010,7867201645,7279627635,KRX MDCSTAT02401_OUT
weekly,KOSDAQ150,institution,035900,JYP Ent.,136218,298070,161852,5175112325,11480155800,6305043475,KRX MDCSTAT02401_OUT
weekly,KOSDAQ150,institution,218410,RFHIC,353573,447058,93485,21386062850,27349542450,5963479600,KRX MDCSTAT02401_OUT
weekly,KOSDAQ150,institution,096530,씨젠,217572,373282,155710,8226659675,14129451250,5902791575,KRX MDCSTAT02401_OUT
weekly,KOSDAQ150,institution,251970,펌텍코리아,156261,242363,86102,9936943550,15568474500,5631530950,KRX MDCSTAT02401_OUT
weekly,KOSDAQ150,institution,323280,태성,60325,149101,88776,3646389050,9063775500,5417386450,KRX MDCSTAT02401_OUT
weekly,KOSDAQ150,institution,161580,필옵틱스,29629,159040,129411,1219182350,6546350000,5327167650,KRX MDCSTAT02401_OUT
weekly,KOSDAQ150,institution,074600,원익QnC,277489,443132,165643,8982093500,14303625025,5321531525,KRX MDCSTAT02401_OUT
weekly,KOSDAQ150,institution,232140,와이씨,623012,946085,323073,10634394135,15726219865,5091825730,KRX MDCSTAT02401_OUT
weekly,KOSDAQ150,institution,036810,에프에스티,37960,176262,138302,1321239650,6252103350,4930863700,KRX MDCSTAT02401_OUT
weekly,KOSDAQ150,institution,089030,테크윙,295779,365627,69848,16312518050,20427790900,4115272850,KRX MDCSTAT02401_OUT
weekly,KOSDAQ150,institution,042000,카페24,69822,248354,178532,1474250315,5372415145,3898164830,KRX MDCSTAT02401_OUT
weekly,KOSDAQ150,institution,310210,보로노이,68221,91116,22895,9817507050,13443991100,3626484050,KRX MDCSTAT02401_OUT
weekly,KOSDAQ150,institution,131290,티에스이,137496,149440,11944,41422158250,44982303250,3560145000,KRX MDCSTAT02401_OUT
weekly,KOSDAQ150,institution,166090,하나머티리얼즈,153342,207182,53840,9734520450,13197049500,3462529050,KRX MDCSTAT02401_OUT
weekly,KOSDAQ150,institution,290650,엘앤씨바이오,219298,276635,57337,12363986750,15547614250,3183627500,KRX MDCSTAT02401_OUT
weekly,KOSDAQ150,institution,030530,원익홀딩스,100522,201768,101246,2873292500,5814354750,2941062250,KRX MDCSTAT02401_OUT
weekly,KOSDAQ150,institution,043260,성호전자,2413266,2514943,101677,75983999250,78577442375,2593443125,KRX MDCSTAT02401_OUT
weekly,KOSDAQ150,institution,347850,디앤디파마텍,185838,232292,46454,8162152900,10486003750,2323850850,KRX MDCSTAT02401_OUT
weekly,KOSDAQ150,institution,125490,한라캐스트,28989,207328,178339,375439810,2666463855,2291024045,KRX MDCSTAT02401_OUT
weekly,KOSDAQ150,institution,033100,제룡전기,31228,72976,41748,1537038775,3595688275,2058649500,KRX MDCSTAT02401_OUT
weekly,KOSDAQ150,institution,006730,서부T&D,427019,595519,168500,4855212880,6802752095,1947539215,KRX MDCSTAT02401_OUT
weekly,KOSDAQ150,institution,041190,우리기술투자,216984,511029,294045,1315048835,3219018995,1903970160,KRX MDCSTAT02401_OUT
weekly,KOSDAQ150,institution,445680,큐리옥스바이오시스템즈,37475,68170,30695,2172574550,4038473550,1865899000,KRX MDCSTAT02401_OUT
weekly,KOSDAQ150,institution,032500,케이엠더블유,59645,149730,90085,1209853370,3055361060,1845507690,KRX MDCSTAT02401_OUT
weekly,KOSDAQ150,institution,328130,루닛,274396,428677,154281,2964259685,4808395455,1844135770,KRX MDCSTAT02401_OUT
weekly,KOSDAQ150,institution,214430,아이쓰리시스템,16059,39573,23514,1216105800,3049312750,1833206950,KRX MDCSTAT02401_OUT
weekly,KOSDAQ150,institution,358570,지아이이노베이션,142327,334210,191883,1242422635,3063285420,1820862785,KRX MDCSTAT02401_OUT
weekly,KOSDAQ150,institution,281740,레이크머티리얼즈,226543,353436,126893,2856978755,4480231545,1623252790,KRX MDCSTAT02401_OUT
weekly,KOSDAQ150,institution,101490,에스앤에스텍,110417,137112,26695,5817955500,7190288475,1372332975,KRX MDCSTAT02401_OUT
weekly,KOSDAQ150,institution,215200,메가스터디교육,24593,60232,35639,934578250,2286471625,1351893375,KRX MDCSTAT02401_OUT
weekly,KOSDAQ150,institution,137400,피엔티,86016,127342,41326,2779876825,4113139400,1333262575,KRX MDCSTAT02401_OUT
weekly,KOSDAQ150,institution,466100,클로봇,119532,179024,59492,2815480250,4120720925,1305240675,KRX MDCSTAT02401_OUT
weekly,KOSDAQ150,institution,078340,컴투스,87274,117840,30566,3206112450,4387440150,1181327700,KRX MDCSTAT02401_OUT
weekly,KOSDAQ150,institution,189300,인텔리안테크,77969,90704,12735,5290222750,6458334350,1168111600,KRX MDCSTAT02401_OUT
weekly,KOSDAQ150,institution,0009K0,에임드바이오,79434,124676,45242,1981848150,3140514600,1158666450,KRX MDCSTAT02401_OUT
weekly,KOSDAQ150,institution,053800,안랩,23221,37968,14747,1916299050,3071645800,1155346750,KRX MDCSTAT02401_OUT
weekly,KOSDAQ150,institution,056190,SFA,258959,295753,36794,8069601800,9201485850,1131884050,KRX MDCSTAT02401_OUT
weekly,KOSDAQ150,institution,041510,에스엠,143997,156809,12812,11180672950,12309541600,1128868650,KRX MDCSTAT02401_OUT
weekly,KOSDAQ150,institution,376300,디어유,69918,127948,58030,1309083745,2416930660,1107846915,KRX MDCSTAT02401_OUT
weekly,KOSDAQ150,institution,003380,하림지주,445331,533454,88123,5087347950,6075805185,988457235,KRX MDCSTAT02401_OUT
weekly,KOSDAQ150,institution,050890,쏠리드,100041,192253,92212,1021272610,1974422070,953149460,KRX MDCSTAT02401_OUT
weekly,KOSDAQ150,institution,214370,케어젠,55902,75397,19495,2362147175,3256521225,894374050,KRX MDCSTAT02401_OUT
weekly,KOSDAQ150,institution,225570,넥슨게임즈,168937,237024,68087,1726396770,2544265575,817868805,KRX MDCSTAT02401_OUT
weekly,KOSDAQ150,institution,018290,브이티,89949,150912,60963,1174570110,1960096615,785526505,KRX MDCSTAT02401_OUT
weekly,KOSDAQ150,institution,399720,가온칩스,10969,26279,15310,521895300,1259932200,738036900,KRX MDCSTAT02401_OUT
weekly,KOSDAQ150,institution,036930,주성엔지니어링,1450310,1458893,8583,376873303990,377593525740,720221750,KRX MDCSTAT02401_OUT
weekly,KOSDAQ150,institution,263750,펄어비스,173268,193367,20099,5719325750,6422633950,703308200,KRX MDCSTAT02401_OUT
weekly,KOSDAQ150,institution,036830,솔브레인홀딩스,83438,98384,14946,4007331050,4677547225,670216175,KRX MDCSTAT02401_OUT
weekly,KOSDAQ150,institution,085660,차바이오텍,138982,211963,72981,1173745270,1815243840,641498570,KRX MDCSTAT02401_OUT
weekly,KOSDAQ150,institution,095660,네오위즈,43050,78013,34963,772808290,1408676930,635868640,KRX MDCSTAT02401_OUT
weekly,KOSDAQ150,institution,007390,네이처셀,130985,154661,23676,3220662950,3840186575,619523625,KRX MDCSTAT02401_OUT
weekly,KOSDAQ150,institution,009520,포스코엠텍,119760,167162,47402,1572798485,2190820340,618021855,KRX MDCSTAT02401_OUT
weekly,KOSDAQ150,institution,145020,휴젤,39730,42718,2988,7172254100,7754373100,582119000,KRX MDCSTAT02401_OUT
weekly,KOSDAQ150,institution,348370,엔켐,95015,119573,24558,2161400200,2716322975,554922775,KRX MDCSTAT02401_OUT
weekly,KOSDAQ150,institution,211050,인카금융서비스,82158,137290,55132,799397690,1347839460,548441770,KRX MDCSTAT02401_OUT
weekly,KOSDAQ150,institution,065350,신성델타테크,42175,59032,16857,1374687025,1914649950,539962925,KRX MDCSTAT02401_OUT
weekly,KOSDAQ150,institution,100790,미래에셋벤처투자,25947,53264,27317,455585005,952884260,497299255,KRX MDCSTAT02401_OUT
weekly,KOSDAQ150,institution,348210,넥스틴,63269,74218,10949,2454781675,2901447700,446666025,KRX MDCSTAT02401_OUT
weekly,KOSDAQ150,institution,112040,위메이드,165190,193211,28021,2578445190,3021267985,442822795,KRX MDCSTAT02401_OUT
weekly,KOSDAQ150,institution,025980,아난티,93896,171201,77305,466016260,855020423,389004163,KRX MDCSTAT02401_OUT
weekly,KOSDAQ150,institution,082270,젬백스,55529,87199,31670,603283400,965816510,362533110,KRX MDCSTAT02401_OUT
weekly,KOSDAQ150,institution,025320,시노펙스,99003,178312,79309,392232840,702953250,310720410,KRX MDCSTAT02401_OUT
weekly,KOSDAQ150,institution,171090,선익시스템,45344,48979,3635,3353028800,3660232850,307204050,KRX MDCSTAT02401_OUT
weekly,KOSDAQ150,institution,038500,삼표시멘트,754661,799351,44690,5793496955,6091553660,298056705,KRX MDCSTAT02401_OUT
weekly,KOSDAQ150,institution,272290,이녹스첨단소재,73053,83178,10125,1633823075,1857222575,223399500,KRX MDCSTAT02401_OUT
weekly,KOSDAQ150,institution,069080,웹젠,117182,134799,17617,1393115400,1598631905,205516505,KRX MDCSTAT02401_OUT
weekly,KOSDAQ150,institution,030520,한컴,133703,143295,9592,2381858305,2547970035,166111730,KRX MDCSTAT02401_OUT
weekly,KOSDAQ150,institution,278280,천보,16855,21044,4189,646760825,796514250,149753425,KRX MDCSTAT02401_OUT
weekly,KOSDAQ150,institution,025900,동화기업,37530,55776,18246,277043260,411322980,134279720,KRX MDCSTAT02401_OUT
weekly,KOSDAQ150,institution,293490,카카오게임즈,539798,547378,7580,5331729455,5464668860,132939405,KRX MDCSTAT02401_OUT
weekly,KOSDAQ150,institution,388720,유일로보틱스,23638,25590,1952,1678547900,1794911600,116363700,KRX MDCSTAT02401_OUT
weekly,KOSDAQ150,institution,101730,위메이드맥스,27270,51031,23761,130046227,244148540,114102313,KRX MDCSTAT02401_OUT
weekly,KOSDAQ150,institution,067160,SOOP,46026,48678,2652,1685191750,1793853050,108661300,KRX MDCSTAT02401_OUT
weekly,KOSDAQ150,institution,048410,현대바이오,484963,496648,11685,3428262910,3511876995,83614085,KRX MDCSTAT02401_OUT
weekly,KOSDAQ150,institution,090710,휴림로봇,282022,293224,11202,1803269230,1860449135,57179905,KRX MDCSTAT02401_OUT
weekly,KOSDAQ150,institution,060250,NHN KCP,49871,53688,3817,672280500,729118260,56837760,KRX MDCSTAT02401_OUT
weekly,KOSDAQ150,institution,032190,다우데이타,53819,55010,1191,1022798570,1052896005,30097435,KRX MDCSTAT02401_OUT
weekly,KOSDAQ150,institution,194480,데브시스터즈,40061,41245,1184,558022030,578568860,20546830,KRX MDCSTAT02401_OUT
weekly,KOSDAQ150,institution,015750,성우하이텍,152525,141114,-11411,896834345,830397475,-66436870,KRX MDCSTAT02401_OUT
weekly,KOSDAQ150,institution,033500,동성화인텍,53180,46680,-6500,835167035,743908285,-91258750,KRX MDCSTAT02401_OUT
weekly,KOSDAQ150,institution,253450,스튜디오드래곤,80342,75887,-4455,1660083025,1567476875,-92606150,KRX MDCSTAT02401_OUT
weekly,KOSDAQ150,institution,036620,감성코퍼레이션,312010,262734,-49276,1164063513,986366570,-177696943,KRX MDCSTAT02401_OUT
weekly,KOSDAQ150,institution,352480,씨앤씨인터내셔널,18723,8670,-10053,384435240,181564275,-202870965,KRX MDCSTAT02401_OUT
weekly,KOSDAQ150,institution,060280,큐렉소,130576,86574,-44002,1133306605,753302470,-380004135,KRX MDCSTAT02401_OUT
weekly,KOSDAQ150,institution,035760,CJ ENM,129404,117089,-12315,4540844950,4138600000,-402244950,KRX MDCSTAT02401_OUT
weekly,KOSDAQ150,institution,032820,우리기술,490852,446364,-44488,6006865305,5601891445,-404973860,KRX MDCSTAT02401_OUT
weekly,KOSDAQ150,institution,082920,비츠로셀,216825,198583,-18242,6233473700,5758317025,-475156675,KRX MDCSTAT02401_OUT
weekly,KOSDAQ150,institution,014620,성광벤드,219682,204010,-15672,6667518675,6137444450,-530074225,KRX MDCSTAT02401_OUT
weekly,KOSDAQ150,institution,099320,쎄트렉아이,44257,32645,-11612,3231742850,2593490850,-638252000,KRX MDCSTAT02401_OUT
weekly,KOSDAQ150,institution,195940,HK이노엔,183349,161512,-21837,7392470150,6541746150,-850724000,KRX MDCSTAT02401_OUT
weekly,KOSDAQ150,institution,298380,에이비엘바이오,323617,296659,-26958,16107270300,15164079625,-943190675,KRX MDCSTAT02401_OUT
weekly,KOSDAQ150,institution,257720,실리콘투,714509,676885,-37624,26355391550,25297338325,-1058053225,KRX MDCSTAT02401_OUT
weekly,KOSDAQ150,institution,237690,에스티팜,173628,155644,-17984,16368348000,14834589050,-1533758950,KRX MDCSTAT02401_OUT
weekly,KOSDAQ150,institution,122870,와이지엔터테인먼트,167192,128960,-38232,6876452125,5324387800,-1552064325,KRX MDCSTAT02401_OUT
weekly,KOSDAQ150,institution,052400,코나아이,85990,37292,-48698,3153589100,1383122700,-1770466400,KRX MDCSTAT02401_OUT
weekly,KOSDAQ150,institution,214150,클래시스,211992,144953,-67039,6487251775,4462626800,-2024624975,KRX MDCSTAT02401_OUT
weekly,KOSDAQ150,institution,068760,셀트리온제약,121554,64566,-56988,4711987425,2536972300,-2175015125,KRX MDCSTAT02401_OUT
weekly,KOSDAQ150,institution,213420,덕산네오룩스,154254,78224,-76030,4622872475,2353210675,-2269661800,KRX MDCSTAT02401_OUT
weekly,KOSDAQ150,institution,090360,로보스타,64444,20507,-43937,4933450450,1611870250,-3321580200,KRX MDCSTAT02401_OUT
weekly,KOSDAQ150,institution,124500,아이티센글로벌,185316,47016,-138300,5201147625,1367168500,-3833979125,KRX MDCSTAT02401_OUT
weekly,KOSDAQ150,institution,475830,오름테라퓨틱,269096,63575,-205521,5596477670,1381227645,-4215250025,KRX MDCSTAT02401_OUT
weekly,KOSDAQ150,institution,204270,제이앤티씨,283870,119050,-164820,7435158600,2867843250,-4567315350,KRX MDCSTAT02401_OUT
weekly,KOSDAQ150,institution,420770,기가비스,127711,92247,-35464,17069212150,12439310950,-4629901200,KRX MDCSTAT02401_OUT
weekly,KOSDAQ150,institution,067310,하나마이크론,973390,882168,-91222,50516437475,45127231550,-5389205925,KRX MDCSTAT02401_OUT
weekly,KOSDAQ150,institution,087010,펩트론,220274,160363,-59911,25130477450,18231452500,-6899024950,KRX MDCSTAT02401_OUT
weekly,KOSDAQ150,institution,031980,피에스케이홀딩스,352340,305993,-46347,68620333000,61322895850,-7297437150,KRX MDCSTAT02401_OUT
weekly,KOSDAQ150,institution,141080,리가켐바이오,407507,301720,-105787,32015503250,24717304450,-7298198800,KRX MDCSTAT02401_OUT
weekly,KOSDAQ150,institution,437730,삼현,275961,113863,-162098,13955805050,5849580250,-8106224800,KRX MDCSTAT02401_OUT
weekly,KOSDAQ150,institution,060370,LS마린솔루션,339286,85971,-253315,11208060125,2865712000,-8342348125,KRX MDCSTAT02401_OUT
weekly,KOSDAQ150,institution,058610,에스피지,199082,108032,-91050,20181605450,11225366100,-8956239350,KRX MDCSTAT02401_OUT
weekly,KOSDAQ150,institution,183300,코미코,517882,216172,-301710,17689823500,7461238650,-10228584850,KRX MDCSTAT02401_OUT
weekly,KOSDAQ150,institution,064760,티씨케이,161356,114181,-47175,47561919500,34260367250,-13301552250,KRX MDCSTAT02401_OUT
weekly,KOSDAQ150,institution,083650,비에이치아이,351290,85414,-265876,19912902200,5014050500,-14898851700,KRX MDCSTAT02401_OUT
weekly,KOSDAQ150,institution,095340,ISC,339385,249938,-89447,69969515350,52125521600,-17843993750,KRX MDCSTAT02401_OUT
weekly,KOSDAQ150,institution,095610,테스,589874,439576,-150298,100155777850,77194970800,-22960807050,KRX MDCSTAT02401_OUT
weekly,KOSDAQ150,institution,039030,이오테크닉스,311762,263748,-48014,165142436500,141334801500,-23807635000,KRX MDCSTAT02401_OUT
weekly,KOSDAQ150,institution,240810,원익IPS,1513049,1306360,-206689,206492538498,180564265398,-25928273100,KRX MDCSTAT02401_OUT
weekly,KOSDAQ150,institution,036540,SFA반도체,6443039,4051795,-2391244,73427305240,46568897440,-26858407800,KRX MDCSTAT02401_OUT
weekly,KOSDAQ150,institution,214450,파마리서치,234333,87084,-147249,71866283000,26718036250,-45148246750,KRX MDCSTAT02401_OUT
weekly,KOSDAQ150,institution,222800,심텍,1165882,822305,-343577,197348822500,138074085850,-59274736650,KRX MDCSTAT02401_OUT
recent2,KOSPI200,foreign,000990,DB하이텍,291855,736087,444232,40552028350,101597905150,61045876800,KRX MDCSTAT02401_OUT
recent2,KOSPI200,foreign,007660,이수페타시스,1056009,1518918,462909,132530860000,191192223750,58661363750,KRX MDCSTAT02401_OUT
recent2,KOSPI200,foreign,373220,LG에너지솔루션,412265,557671,145406,166261950250,224325808750,58063858500,KRX MDCSTAT02401_OUT
recent2,KOSPI200,foreign,009540,HD한국조선해양,280024,441539,161515,84183695705,131895184705,47711489000,KRX MDCSTAT02401_OUT
recent2,KOSPI200,foreign,278470,에이피알,264286,355635,91349,98773767500,132970299750,34196532250,KRX MDCSTAT02401_OUT
recent2,KOSPI200,foreign,003490,대한항공,750088,1846038,1095950,23122108475,56846687250,33724578775,KRX MDCSTAT02401_OUT
recent2,KOSPI200,foreign,032830,삼성생명,211728,308231,96503,58620293750,84601847000,25981553250,KRX MDCSTAT02401_OUT
recent2,KOSPI200,foreign,329180,HD현대중공업,199019,264365,65346,78674348500,104000528250,25326179750,KRX MDCSTAT02401_OUT
recent2,KOSPI200,foreign,000270,기아,1036951,1254096,217145,111834433950,135153433650,23318999700,KRX MDCSTAT02401_OUT
recent2,KOSPI200,foreign,033780,KT&G,167965,260719,92754,29958044350,46478435700,16520391350,KRX MDCSTAT02401_OUT
recent2,KOSPI200,foreign,068270,셀트리온,174259,262632,88373,31616556700,47595908750,15979352050,KRX MDCSTAT02401_OUT
recent2,KOSPI200,foreign,071050,한국금융지주,126093,214155,88062,21751399900,36726574700,14975174800,KRX MDCSTAT02401_OUT
recent2,KOSPI200,foreign,017670,SK텔레콤,209757,380580,170823,18031019600,32452290200,14421270600,KRX MDCSTAT02401_OUT
recent2,KOSPI200,foreign,086790,하나금융지주,679761,788884,109123,85912547300,99715225700,13802678400,KRX MDCSTAT02401_OUT
recent2,KOSPI200,foreign,028260,삼성물산,476298,508855,32557,156262973250,166751274250,10488301000,KRX MDCSTAT02401_OUT
recent2,KOSPI200,foreign,003550,LG,179625,272821,93196,19713053150,29871851950,10158798800,KRX MDCSTAT02401_OUT
recent2,KOSPI200,foreign,090430,아모레퍼시픽,178061,248634,70573,24393338500,34108122950,9714784450,KRX MDCSTAT02401_OUT
recent2,KOSPI200,foreign,028050,삼성E&A,1229149,1426024,196875,59655628325,69306412750,9650784425,KRX MDCSTAT02401_OUT
recent2,KOSPI200,foreign,267250,HD현대,271345,323777,52432,50198674700,59599611250,9400936550,KRX MDCSTAT02401_OUT
recent2,KOSPI200,foreign,011200,HMM,538729,983367,444638,11321170750,20654324750,9333154000,KRX MDCSTAT02401_OUT
recent2,KOSPI200,foreign,042700,한미반도체,626426,662444,36018,168231349750,177411255000,9179905250,KRX MDCSTAT02401_OUT
recent2,KOSPI200,foreign,023530,롯데쇼핑,68133,156607,88474,6709899100,15366354100,8656455000,KRX MDCSTAT02401_OUT
recent2,KOSPI200,foreign,078930,GS,366563,445548,78985,39605594800,47561905300,7956310500,KRX MDCSTAT02401_OUT
recent2,KOSPI200,foreign,039490,키움증권,97970,128980,31010,24055462500,31724324500,7668862000,KRX MDCSTAT02401_OUT
recent2,KOSPI200,foreign,097950,CJ제일제당,45172,85297,40125,8238171650,15614905700,7376734050,KRX MDCSTAT02401_OUT
recent2,KOSPI200,foreign,000810,삼성화재,110875,122298,11423,68746784326,75616232326,6869448000,KRX MDCSTAT02401_OUT
recent2,KOSPI200,foreign,030000,제일기획,137716,490739,353023,2607126470,9283245615,6676119145,KRX MDCSTAT02401_OUT
recent2,KOSPI200,foreign,018260,삼성에스디에스,144435,178464,34029,29423512400,35971689450,6548177050,KRX MDCSTAT02401_OUT
recent2,KOSPI200,foreign,000100,유한양행,133774,220699,86925,9969987400,16347334950,6377347550,KRX MDCSTAT02401_OUT
recent2,KOSPI200,foreign,005830,DB손해보험,217107,249446,32339,40716909350,46792288200,6075378850,KRX MDCSTAT02401_OUT
recent2,KOSPI200,foreign,001450,현대해상,263646,374885,111239,12576424800,17870858150,5294433350,KRX MDCSTAT02401_OUT
recent2,KOSPI200,foreign,004170,신세계,64160,80916,16756,20264192000,25511876500,5247684500,KRX MDCSTAT02401_OUT
recent2,KOSPI200,foreign,375500,DL이앤씨,204908,281964,77056,14393090450,19609218000,5216127550,KRX MDCSTAT02401_OUT
recent2,KOSPI200,foreign,443060,HD현대마린솔루션,93242,115668,22426,20364425750,25290427500,4926001750,KRX MDCSTAT02401_OUT
recent2,KOSPI200,foreign,352820,하이브,183384,212845,29461,30284450550,35108290200,4823839650,KRX MDCSTAT02401_OUT
recent2,KOSPI200,foreign,028670,팬오션,1840957,2532658,691701,11377158075,15614199485,4237041410,KRX MDCSTAT02401_OUT
recent2,KOSPI200,foreign,161390,한국타이어앤테크놀로지,242039,300122,58083,14868576300,18495350050,3626773750,KRX MDCSTAT02401_OUT
recent2,KOSPI200,foreign,009830,한화솔루션,858575,962453,103878,31312468975,34926081875,3613612900,KRX MDCSTAT02401_OUT
recent2,KOSPI200,foreign,069960,현대백화점,73747,113223,39476,6379531900,9769613900,3390082000,KRX MDCSTAT02401_OUT
recent2,KOSPI200,foreign,180640,한진칼,31596,54985,23389,4188711700,7280324700,3091613000,KRX MDCSTAT02401_OUT
recent2,KOSPI200,foreign,271560,오리온,64023,91945,27922,6742635194,9675843194,2933208000,KRX MDCSTAT02401_OUT
recent2,KOSPI200,foreign,001040,CJ,49826,70516,20690,6546067650,9270921550,2724853900,KRX MDCSTAT02401_OUT
recent2,KOSPI200,foreign,064350,현대로템,332160,356922,24762,35591557900,38138719950,2547162050,KRX MDCSTAT02401_OUT
recent2,KOSPI200,foreign,088350,한화생명,1063572,1502330,438758,5587025805,7885569390,2298543585,KRX MDCSTAT02401_OUT
recent2,KOSPI200,foreign,483650,달바글로벌,79424,90208,10784,14222484500,16364692050,2142207550,KRX MDCSTAT02401_OUT
recent2,KOSPI200,foreign,241560,두산밥캣,160162,199227,39065,8700993500,10822067550,2121074050,KRX MDCSTAT02401_OUT
recent2,KOSPI200,foreign,034230,파라다이스,393507,599037,205530,3868052505,5886248760,2018196255,KRX MDCSTAT02401_OUT
recent2,KOSPI200,foreign,036460,한국가스공사,86740,139686,52946,3122579700,5035775100,1913195400,KRX MDCSTAT02401_OUT
recent2,KOSPI200,foreign,138040,메리츠금융지주,132239,146752,14513,17092861400,18911625350,1818763950,KRX MDCSTAT02401_OUT
recent2,KOSPI200,foreign,021240,코웨이,163327,181044,17717,16721956400,18529017900,1807061500,KRX MDCSTAT02401_OUT
recent2,KOSPI200,foreign,267270,HD건설기계,281604,299970,18366,31479710500,33224544400,1744833900,KRX MDCSTAT02401_OUT
recent2,KOSPI200,foreign,004020,현대제철,406590,462874,56284,11619351250,13146248025,1526896775,KRX MDCSTAT02401_OUT
recent2,KOSPI200,foreign,002380,KCC,19323,22613,3290,9019815500,10540233250,1520417750,KRX MDCSTAT02401_OUT
recent2,KOSPI200,foreign,007340,DN오토모티브,91612,122139,30527,4492542475,5994509125,1501966650,KRX MDCSTAT02401_OUT
recent2,KOSPI200,foreign,139480,이마트,69030,89686,20656,4896796300,6351013200,1454216900,KRX MDCSTAT02401_OUT
recent2,KOSPI200,foreign,450080,에코프로머티,201208,236064,34856,7730110300,9072533650,1342423350,KRX MDCSTAT02401_OUT
recent2,KOSPI200,foreign,000120,CJ대한통운,30941,49477,18536,2166068950,3465741550,1299672600,KRX MDCSTAT02401_OUT
recent2,KOSPI200,foreign,192080,더블유게임즈,61698,84267,22569,3523350350,4808833350,1285483000,KRX MDCSTAT02401_OUT
recent2,KOSPI200,foreign,069620,대웅제약,8980,20618,11638,983174600,2257160900,1273986300,KRX MDCSTAT02401_OUT
recent2,KOSPI200,foreign,302440,SK바이오사이언스,43283,76400,33117,1629379750,2851368375,1221988625,KRX MDCSTAT02401_OUT
recent2,KOSPI200,foreign,011780,금호석유화학,56541,65926,9385,6524249600,7617798500,1093548900,KRX MDCSTAT02401_OUT
recent2,KOSPI200,foreign,035250,강원랜드,141274,215959,74685,2016009100,3079776255,1063767155,KRX MDCSTAT02401_OUT
recent2,KOSPI200,foreign,251270,넷마블,126292,155566,29274,4316871725,5337823675,1020951950,KRX MDCSTAT02401_OUT
recent2,KOSPI200,foreign,051600,한전KPS,49101,72264,23163,2185495075,3195466900,1009971825,KRX MDCSTAT02401_OUT
recent2,KOSPI200,foreign,002790,아모레퍼시픽홀딩스,112043,149231,37188,2911392075,3890644250,979252175,KRX MDCSTAT02401_OUT
recent2,KOSPI200,foreign,282330,BGF리테일,55805,62943,7138,7185384300,8084213900,898829600,KRX MDCSTAT02401_OUT
recent2,KOSPI200,foreign,204320,HL만도,221310,243678,22368,10085522625,10975947225,890424600,KRX MDCSTAT02401_OUT
recent2,KOSPI200,foreign,259960,크래프톤,139410,143041,3631,26850736550,27735431350,884694800,KRX MDCSTAT02401_OUT
recent2,KOSPI200,foreign,280360,롯데웰푸드,12044,18481,6437,1475787150,2260264700,784477550,KRX MDCSTAT02401_OUT
recent2,KOSPI200,foreign,011790,SKC,137973,144857,6884,15192631950,15887134050,694502100,KRX MDCSTAT02401_OUT
recent2,KOSPI200,foreign,006040,동원산업,18639,37799,19160,652660200,1322519600,669859400,KRX MDCSTAT02401_OUT
recent2,KOSPI200,foreign,009420,한올바이오파마,141535,157144,15609,6413534925,7080029150,666494225,KRX MDCSTAT02401_OUT
recent2,KOSPI200,foreign,185750,종근당,11292,20884,9592,744430750,1377203050,632772300,KRX MDCSTAT02401_OUT
recent2,KOSPI200,foreign,010130,고려아연,11618,12290,672,12254827000,12868091500,613264500,KRX MDCSTAT02401_OUT
recent2,KOSPI200,foreign,005300,롯데칠성,7576,13658,6082,722432100,1301941700,579509600,KRX MDCSTAT02401_OUT
recent2,KOSPI200,foreign,161890,한국콜마,340154,342550,2396,47943316000,48466363300,523047300,KRX MDCSTAT02401_OUT
recent2,KOSPI200,foreign,285130,SK케미칼,27506,37444,9938,1417145150,1923452700,506307550,KRX MDCSTAT02401_OUT
recent2,KOSPI200,foreign,000080,하이트진로,39929,72284,32355,591311220,1071612685,480301465,KRX MDCSTAT02401_OUT
recent2,KOSPI200,foreign,138930,BNK금융지주,720038,753148,33110,11165519695,11601446285,435926590,KRX MDCSTAT02401_OUT
recent2,KOSPI200,foreign,003240,태광산업,533,989,456,487860000,909426000,421566000,KRX MDCSTAT02401_OUT
recent2,KOSPI200,foreign,300720,한일시멘트,22366,45914,23548,362246680,741976310,379729630,KRX MDCSTAT02401_OUT
recent2,KOSPI200,foreign,026960,동서,21572,34140,12568,568699525,899165825,330466300,KRX MDCSTAT02401_OUT
recent2,KOSPI200,foreign,009970,영원무역홀딩스,10770,12738,1968,1836454400,2154507200,318052800,KRX MDCSTAT02401_OUT
recent2,KOSPI200,foreign,029780,삼성카드,58483,65456,6973,2429054025,2724505025,295451000,KRX MDCSTAT02401_OUT
recent2,KOSPI200,foreign,069260,TKG휴켐스,35005,53358,18353,553741220,843620930,289879710,KRX MDCSTAT02401_OUT
recent2,KOSPI200,foreign,004370,농심,17191,17900,709,6867038500,7145431750,278393250,KRX MDCSTAT02401_OUT
recent2,KOSPI200,foreign,002840,미원상사,1548,3383,1835,216326400,469391100,253064700,KRX MDCSTAT02401_OUT
recent2,KOSPI200,foreign,001800,오리온홀딩스,38309,49160,10851,871527775,1116529000,245001225,KRX MDCSTAT02401_OUT
recent2,KOSPI200,foreign,000210,DL,27606,32045,4439,1351608075,1567992475,216384400,KRX MDCSTAT02401_OUT
recent2,KOSPI200,foreign,000240,한국앤컴퍼니,49374,56818,7444,1293642050,1474176850,180534800,KRX MDCSTAT02401_OUT
recent2,KOSPI200,foreign,003090,대웅,63597,73705,10108,985662430,1140990780,155328350,KRX MDCSTAT02401_OUT
recent2,KOSPI200,foreign,012750,에스원,150211,152151,1940,12652911596,12808132296,155220700,KRX MDCSTAT02401_OUT
recent2,KOSPI200,foreign,007070,GS리테일,83220,88893,5673,1828123750,1956931475,128807725,KRX MDCSTAT02401_OUT
recent2,KOSPI200,foreign,005850,에스엘,47936,49914,1978,2420784750,2520508800,99724050,KRX MDCSTAT02401_OUT
recent2,KOSPI200,foreign,004000,롯데정밀화학,34443,36360,1917,1459462375,1546335700,86873325,KRX MDCSTAT02401_OUT
recent2,KOSPI200,foreign,001680,대상,32641,36755,4114,574653870,647669430,73015560,KRX MDCSTAT02401_OUT
recent2,KOSPI200,foreign,137310,에스디바이오센서,225098,234946,9848,1503999200,1574500665,70501465,KRX MDCSTAT02401_OUT
recent2,KOSPI200,foreign,007310,오뚜기,9034,9181,147,2829638500,2875545500,45907000,KRX MDCSTAT02401_OUT
recent2,KOSPI200,foreign,268280,미원에스씨,1229,1454,225,157524200,186975500,29451300,KRX MDCSTAT02401_OUT
recent2,KOSPI200,foreign,014820,동원시스템즈,12957,14208,1251,285444700,309816600,24371900,KRX MDCSTAT02401_OUT
recent2,KOSPI200,foreign,071320,지역난방공사,7388,7412,24,575167800,581778200,6610400,KRX MDCSTAT02401_OUT
recent2,KOSPI200,foreign,007700,F&F홀딩스,2528,2662,134,34000280,35808270,1807990,KRX MDCSTAT02401_OUT
recent2,KOSPI200,foreign,002030,아세아,1851,1565,-286,386559000,326181000,-60378000,KRX MDCSTAT02401_OUT
recent2,KOSPI200,foreign,008770,호텔신라,154149,151361,-2788,6033460525,5927121000,-106339525,KRX MDCSTAT02401_OUT
recent2,KOSPI200,foreign,011170,롯데케미칼,89487,86696,-2791,5377911900,5271151950,-106759950,KRX MDCSTAT02401_OUT
recent2,KOSPI200,foreign,073240,금호타이어,811672,798136,-13536,5465266810,5353278525,-111988285,KRX MDCSTAT02401_OUT
recent2,KOSPI200,foreign,005420,코스모화학,90449,76996,-13453,1050416635,896839985,-153576650,KRX MDCSTAT02401_OUT
recent2,KOSPI200,foreign,009240,한샘,23046,18532,-4514,935496250,751351750,-184144500,KRX MDCSTAT02401_OUT
recent2,KOSPI200,foreign,006650,대한유화,32313,29633,-2680,2884906150,2670063350,-214842800,KRX MDCSTAT02401_OUT
recent2,KOSPI200,foreign,298050,HS효성첨단소재,6222,4488,-1734,1017892600,732958700,-284933900,KRX MDCSTAT02401_OUT
recent2,KOSPI200,foreign,000670,영풍,29244,22213,-7031,1185583000,893344975,-292238025,KRX MDCSTAT02401_OUT
recent2,KOSPI200,foreign,003030,세아제강지주,16922,14079,-2843,1795054900,1478945900,-316109000,KRX MDCSTAT02401_OUT
recent2,KOSPI200,foreign,008730,율촌화학,83598,57631,-25967,1312999325,904597160,-408402165,KRX MDCSTAT02401_OUT
recent2,KOSPI200,foreign,004990,롯데지주,85322,65805,-19517,1969294450,1517036225,-452258225,KRX MDCSTAT02401_OUT
recent2,KOSPI200,foreign,011210,현대위아,60306,51230,-9076,3131995400,2647200450,-484794950,KRX MDCSTAT02401_OUT
recent2,KOSPI200,foreign,361610,SK아이이테크놀로지,291625,261145,-30480,5354945425,4796177385,-558768040,KRX MDCSTAT02401_OUT
recent2,KOSPI200,foreign,120110,코오롱인더,108903,98581,-10322,6115682800,5541762050,-573920750,KRX MDCSTAT02401_OUT
recent2,KOSPI200,foreign,051900,LG생활건강,56635,54488,-2147,15276677750,14694752250,-581925500,KRX MDCSTAT02401_OUT
recent2,KOSPI200,foreign,047050,포스코인터내셔널,325835,308164,-17671,18622915350,17620993150,-1001922200,KRX MDCSTAT02401_OUT
recent2,KOSPI200,foreign,047040,대우건설,1976977,1915426,-61551,34061911045,33000049000,-1061862045,KRX MDCSTAT02401_OUT
recent2,KOSPI200,foreign,323410,카카오뱅크,564167,509554,-54613,11120171295,10016877020,-1103294275,KRX MDCSTAT02401_OUT
recent2,KOSPI200,foreign,014680,한솔케미칼,38968,34432,-4536,10554634500,9301319750,-1253314750,KRX MDCSTAT02401_OUT
recent2,KOSPI200,foreign,081660,미스토홀딩스,224635,191330,-33305,8716280900,7396041800,-1320239100,KRX MDCSTAT02401_OUT
recent2,KOSPI200,foreign,006280,녹십자,26248,15415,-10833,3397114050,1998970750,-1398143300,KRX MDCSTAT02401_OUT
recent2,KOSPI200,foreign,030200,KT,155359,127072,-28287,8017284750,6549659950,-1467624800,KRX MDCSTAT02401_OUT
recent2,KOSPI200,foreign,001430,세아베스틸지주,122470,90628,-31842,5580697450,4104909050,-1475788400,KRX MDCSTAT02401_OUT
recent2,KOSPI200,foreign,032640,LG유플러스,711438,603928,-107510,10307582070,8752278715,-1555303355,KRX MDCSTAT02401_OUT
recent2,KOSPI200,foreign,022100,포스코DX,198690,121164,-77526,4208993325,2564993150,-1644000175,KRX MDCSTAT02401_OUT
recent2,KOSPI200,foreign,111770,영원무역,90482,67178,-23304,6398861900,4745637700,-1653224200,KRX MDCSTAT02401_OUT
recent2,KOSPI200,foreign,017800,현대엘리베이터,112683,89734,-22949,8039169700,6385114950,-1654054750,KRX MDCSTAT02401_OUT
recent2,KOSPI200,foreign,298020,효성티앤씨,15839,9722,-6117,4444827750,2722111500,-1722716250,KRX MDCSTAT02401_OUT
recent2,KOSPI200,foreign,035720,카카오,1200792,1143320,-57472,39422601450,37453217725,-1969383725,KRX MDCSTAT02401_OUT
recent2,KOSPI200,foreign,017960,한국카본,163670,65956,-97714,3271489890,1295396515,-1976093375,KRX MDCSTAT02401_OUT
recent2,KOSPI200,foreign,139130,iM금융지주,930136,790371,-139765,16656672889,14124935244,-2531737645,KRX MDCSTAT02401_OUT
recent2,KOSPI200,foreign,071970,HD현대마린엔진,185420,131067,-54353,8358008950,5709234050,-2648774900,KRX MDCSTAT02401_OUT
recent2,KOSPI200,foreign,012330,현대모비스,300220,293893,-6327,110154167338,107334031588,-2820135750,KRX MDCSTAT02401_OUT
recent2,KOSPI200,foreign,377300,카카오페이,130095,56420,-73675,5083093575,2186440575,-2896653000,KRX MDCSTAT02401_OUT
recent2,KOSPI200,foreign,093370,후성,1547506,1365988,-181518,23950158000,21029140360,-2921017640,KRX MDCSTAT02401_OUT
recent2,KOSPI200,foreign,112610,씨에스윈드,176564,125503,-51061,10039541350,7091549700,-2947991650,KRX MDCSTAT02401_OUT
recent2,KOSPI200,foreign,006260,LS,197424,192110,-5314,56259032000,53080891250,-3178140750,KRX MDCSTAT02401_OUT
recent2,KOSPI200,foreign,016360,삼성증권,334057,294775,-39282,29144564350,25863621350,-3280943000,KRX MDCSTAT02401_OUT
recent2,KOSPI200,foreign,034730,SK,152648,147466,-5182,86907391896,83608498896,-3298893000,KRX MDCSTAT02401_OUT
recent2,KOSPI200,foreign,175330,JB금융지주,493354,374830,-118524,13853878675,10518402075,-3335476600,KRX MDCSTAT02401_OUT
recent2,KOSPI200,foreign,036570,NC,147582,129877,-17705,33810073000,29945201750,-3864871250,KRX MDCSTAT02401_OUT
recent2,KOSPI200,foreign,003230,삼양식품,18314,14910,-3404,21766509000,17883177000,-3883332000,KRX MDCSTAT02401_OUT
recent2,KOSPI200,foreign,103140,풍산,212921,159104,-53817,14842986750,10715230150,-4127756600,KRX MDCSTAT02401_OUT
recent2,KOSPI200,foreign,326030,SK바이오팜,115045,58989,-56056,8586446800,4386951150,-4199495650,KRX MDCSTAT02401_OUT
recent2,KOSPI200,foreign,105560,KB금융,736614,705938,-30676,122123735150,117146155950,-4977579200,KRX MDCSTAT02401_OUT
recent2,KOSPI200,foreign,457190,이수스페셜티케미컬,147065,82957,-64108,11857210800,6675687800,-5181523000,KRX MDCSTAT02401_OUT
recent2,KOSPI200,foreign,086280,현대글로비스,198196,172117,-26079,37301348700,32025735250,-5275613450,KRX MDCSTAT02401_OUT
recent2,KOSPI200,foreign,0126Z0,삼성에피스홀딩스,38700,22775,-15925,13788691500,8210132250,-5578559250,KRX MDCSTAT02401_OUT
recent2,KOSPI200,foreign,010950,S-Oil,271662,237482,-34180,45954794950,40178010250,-5776784700,KRX MDCSTAT02401_OUT
recent2,KOSPI200,foreign,010060,OCI홀딩스,111574,81886,-29688,26929951500,19553873000,-7376078500,KRX MDCSTAT02401_OUT
recent2,KOSPI200,foreign,000880,한화,165921,102073,-63848,19075977400,11628931000,-7447046400,KRX MDCSTAT02401_OUT
recent2,KOSPI200,foreign,024110,기업은행,865327,477807,-387520,17272340480,9539320120,-7733020360,KRX MDCSTAT02401_OUT
recent2,KOSPI200,foreign,006400,삼성SDI,272763,258546,-14217,156432684904,148118289404,-8314395500,KRX MDCSTAT02401_OUT
recent2,KOSPI200,foreign,010140,삼성중공업,2131679,1672069,-459610,40993214235,32260953130,-8732261105,KRX MDCSTAT02401_OUT
recent2,KOSPI200,foreign,316140,우리금융지주,2938644,2663973,-274671,96451196750,87492686300,-8958510450,KRX MDCSTAT02401_OUT
recent2,KOSPI200,foreign,055550,신한지주,1099272,1010460,-88812,111288120380,102152365230,-9135755150,KRX MDCSTAT02401_OUT
recent2,KOSPI200,foreign,018880,한온시스템,5696732,3344453,-2352279,22450264201,13197451316,-9252812885,KRX MDCSTAT02401_OUT
recent2,KOSPI200,foreign,034220,LG디스플레이,3268844,2104806,-1164038,27098889455,17393293845,-9705595610,KRX MDCSTAT02401_OUT
recent2,KOSPI200,foreign,454910,두산로보틱스,271904,128636,-143268,19334857450,9125164750,-10209692700,KRX MDCSTAT02401_OUT
recent2,KOSPI200,foreign,005940,NH투자증권,964136,538437,-425699,24416445150,13660922500,-10755522650,KRX MDCSTAT02401_OUT
recent2,KOSPI200,foreign,000720,현대건설,476378,376578,-99800,51789798500,40417092750,-11372705750,KRX MDCSTAT02401_OUT
recent2,KOSPI200,foreign,051910,LG화학,318588,276766,-41822,89826142000,77641196750,-12184945250,KRX MDCSTAT02401_OUT
recent2,KOSPI200,foreign,307950,현대오토에버,57283,23228,-34055,21376946750,8608320250,-12768626500,KRX MDCSTAT02401_OUT
recent2,KOSPI200,foreign,042660,한화오션,619054,433975,-185079,45769342800,31654997600,-14114345200,KRX MDCSTAT02401_OUT
recent2,KOSPI200,foreign,015760,한국전력,1026885,479922,-546963,30375832275,14226406350,-16149425925,KRX MDCSTAT02401_OUT
recent2,KOSPI200,foreign,192820,코스맥스,181569,126776,-54793,55690818750,38822982250,-16867836500,KRX MDCSTAT02401_OUT
recent2,KOSPI200,foreign,008930,한미사이언스,570617,284253,-286364,33755429000,16684003600,-17071425400,KRX MDCSTAT02401_OUT
recent2,KOSPI200,foreign,066970,엘앤에프,324821,159908,-164913,38542793150,18933876800,-19608916350,KRX MDCSTAT02401_OUT
recent2,KOSPI200,foreign,096770,SK이노베이션,640443,516767,-123676,102732454278,82604399378,-20128054900,KRX MDCSTAT02401_OUT
recent2,KOSPI200,foreign,082740,한화엔진,816362,338090,-478272,35347312575,14315183750,-21032128825,KRX MDCSTAT02401_OUT
recent2,KOSPI200,foreign,052690,한전기술,302230,129494,-172736,37347017500,16034625700,-21312391800,KRX MDCSTAT02401_OUT
recent2,KOSPI200,foreign,064400,LG씨엔에스,553109,245786,-307323,38400754600,16924646100,-21476108500,KRX MDCSTAT02401_OUT
recent2,KOSPI200,foreign,006800,미래에셋증권,1358793,537233,-821560,40944579850,16143241950,-24801337900,KRX MDCSTAT02401_OUT
recent2,KOSPI200,foreign,005490,POSCO홀딩스,250291,167416,-82875,77401843750,51649166500,-25752677250,KRX MDCSTAT02401_OUT
recent2,KOSPI200,foreign,062040,산일전기,386451,273052,-113399,89561719500,62863614750,-26698104750,KRX MDCSTAT02401_OUT
recent2,KOSPI200,foreign,047810,한국항공우주,439827,189191,-250636,54020987100,23071370850,-30949616250,KRX MDCSTAT02401_OUT
recent2,KOSPI200,foreign,272210,한화시스템,887172,475628,-411544,68416897150,36556719200,-31860177950,KRX MDCSTAT02401_OUT
recent2,KOSPI200,foreign,003670,포스코퓨처엠,401751,225278,-176473,77600285000,43840785600,-33759499400,KRX MDCSTAT02401_OUT
recent2,KOSPI200,foreign,207940,삼성바이오로직스,101427,72227,-29200,127038531500,90342407500,-36696124000,KRX MDCSTAT02401_OUT
recent2,KOSPI200,foreign,000150,두산,74585,34387,-40198,102701802000,47406355000,-55295447000,KRX MDCSTAT02401_OUT
recent2,KOSPI200,foreign,012450,한화에어로스페이스,285194,225453,-59741,269342454000,206773998000,-62568456000,KRX MDCSTAT02401_OUT
recent2,KOSPI200,foreign,128940,한미약품,192514,62862,-129652,97110614000,32600480750,-64510133250,KRX MDCSTAT02401_OUT
recent2,KOSPI200,foreign,035420,NAVER,593383,243622,-349761,110573930750,45200182250,-65373748500,KRX MDCSTAT02401_OUT
recent2,KOSPI200,foreign,267260,HD현대일렉트릭,243183,138579,-104604,155084531000,85771820500,-69312710500,KRX MDCSTAT02401_OUT
recent2,KOSPI200,foreign,011070,LG이노텍,258782,136792,-121990,154258104500,82083070500,-72175034000,KRX MDCSTAT02401_OUT
recent2,KOSPI200,foreign,001440,대한전선,3269559,642145,-2627414,97596956450,19168052325,-78428904125,KRX MDCSTAT02401_OUT
recent2,KOSPI200,foreign,005380,현대차,615562,337755,-277807,204525664500,110917161750,-93608502750,KRX MDCSTAT02401_OUT
recent2,KOSPI200,foreign,010120,LS ELECTRIC,757614,277702,-479912,157105548450,57715022500,-99390525950,KRX MDCSTAT02401_OUT
recent2,KOSPI200,foreign,079550,LIG디펜스앤에어로스페이스,248055,88665,-159390,160911036000,56162503000,-104748533000,KRX MDCSTAT02401_OUT
recent2,KOSPI200,foreign,034020,두산에너빌리티,3096310,1091983,-2004327,242804069950,86430975900,-156373094050,KRX MDCSTAT02401_OUT
recent2,KOSPI200,foreign,009150,삼성전기,450856,348102,-102754,726949994220,560432194720,-166517799500,KRX MDCSTAT02401_OUT
recent2,KOSPI200,foreign,066570,LG전자,1575284,547277,-1028007,331424162950,116942090150,-214482072800,KRX MDCSTAT02401_OUT
recent2,KOSPI200,foreign,298040,효성중공업,139780,35268,-104512,366176547000,90385283000,-275791264000,KRX MDCSTAT02401_OUT
recent2,KOSPI200,foreign,005930,삼성전자,14105466,12661760,-1443706,3753275652204,3373912562704,-379363089500,KRX MDCSTAT02401_OUT
recent2,KOSPI200,foreign,402340,SK스퀘어,796732,386748,-409984,880017637000,431915644500,-448101992500,KRX MDCSTAT02401_OUT
recent2,KOSPI200,foreign,000660,SK하이닉스,2899804,1596695,-1303109,4955759286350,2713913041850,-2241846244500,KRX MDCSTAT02401_OUT
recent2,KOSPI200,institution,402340,SK스퀘어,504180,723617,219437,558480014500,800507838000,242027823500,KRX MDCSTAT02401_OUT
recent2,KOSPI200,institution,096770,SK이노베이션,513187,1157065,643878,82206064650,186102658900,103896594250,KRX MDCSTAT02401_OUT
recent2,KOSPI200,institution,006400,삼성SDI,316285,407874,91589,180997676500,234762095500,53764419000,KRX MDCSTAT02401_OUT
recent2,KOSPI200,institution,051910,LG화학,255337,360256,104919,71447052250,101779565750,30332513500,KRX MDCSTAT02401_OUT
recent2,KOSPI200,institution,373220,LG에너지솔루션,448906,502679,53773,179698417500,202232079250,22533661750,KRX MDCSTAT02401_OUT
recent2,KOSPI200,institution,010950,S-Oil,182270,313690,131420,30756506250,53135408100,22378901850,KRX MDCSTAT02401_OUT
recent2,KOSPI200,institution,034020,두산에너빌리티,1704695,1973870,269175,133126261950,154373200050,21246938100,KRX MDCSTAT02401_OUT
recent2,KOSPI200,institution,000150,두산,34179,48571,14392,47193336500,67362378500,20169042000,KRX MDCSTAT02401_OUT
recent2,KOSPI200,institution,011070,LG이노텍,119128,151420,32292,71361869500,90521287500,19159418000,KRX MDCSTAT02401_OUT
recent2,KOSPI200,institution,018880,한온시스템,1003409,5524637,4521228,3951817305,21903552136,17951734831,KRX MDCSTAT02401_OUT
recent2,KOSPI200,institution,278470,에이피알,117210,162731,45521,43634919750,61085106250,17450186500,KRX MDCSTAT02401_OUT
recent2,KOSPI200,institution,352820,하이브,170658,268788,98130,28106685100,44498125900,16391440800,KRX MDCSTAT02401_OUT
recent2,KOSPI200,institution,062040,산일전기,88415,154431,66016,20396746250,35723165750,15326419500,KRX MDCSTAT02401_OUT
recent2,KOSPI200,institution,192820,코스맥스,108586,154175,45589,33203710000,47261580750,14057870750,KRX MDCSTAT02401_OUT
recent2,KOSPI200,institution,307950,현대오토에버,23263,54934,31671,8623232000,20473348500,11850116500,KRX MDCSTAT02401_OUT
recent2,KOSPI200,institution,036570,NC,131665,178566,46901,29948989250,41219867750,11270878500,KRX MDCSTAT02401_OUT
recent2,KOSPI200,institution,010060,OCI홀딩스,79050,115727,36677,18893954250,27976176750,9082222500,KRX MDCSTAT02401_OUT
recent2,KOSPI200,institution,079550,LIG디펜스앤에어로스페이스,133088,143873,10785,84645144000,92058747000,7413603000,KRX MDCSTAT02401_OUT
recent2,KOSPI200,institution,272210,한화시스템,647730,729560,81830,49453247000,56547142750,7093895750,KRX MDCSTAT02401_OUT
recent2,KOSPI200,institution,161890,한국콜마,198270,244591,46321,27522327750,34504038250,6981710500,KRX MDCSTAT02401_OUT
recent2,KOSPI200,institution,003230,삼양식품,16949,21980,5031,20097046000,26302558000,6205512000,KRX MDCSTAT02401_OUT
recent2,KOSPI200,institution,011790,SKC,149969,202312,52343,16374144900,22224884750,5850739850,KRX MDCSTAT02401_OUT
recent2,KOSPI200,institution,361610,SK아이이테크놀로지,159334,469446,310112,2932310225,8641259805,5708949580,KRX MDCSTAT02401_OUT
recent2,KOSPI200,institution,047050,포스코인터내셔널,228696,327027,98331,13037246000,18685813750,5648567750,KRX MDCSTAT02401_OUT
recent2,KOSPI200,institution,009830,한화솔루션,704537,844226,139689,25551648775,30706999700,5155350925,KRX MDCSTAT02401_OUT
recent2,KOSPI200,institution,030200,KT,407367,502070,94703,20948287200,25916369050,4968081850,KRX MDCSTAT02401_OUT
recent2,KOSPI200,institution,014680,한솔케미칼,24489,42143,17654,6631991250,11445581250,4813590000,KRX MDCSTAT02401_OUT
recent2,KOSPI200,institution,005940,NH투자증권,270817,452161,181344,6955607100,11707608150,4752001050,KRX MDCSTAT02401_OUT
recent2,KOSPI200,institution,051900,LG생활건강,30786,43674,12888,8284194250,11808500250,3524306000,KRX MDCSTAT02401_OUT
recent2,KOSPI200,institution,175330,JB금융지주,323156,442585,119429,9071439325,12431199050,3359759725,KRX MDCSTAT02401_OUT
recent2,KOSPI200,institution,097950,CJ제일제당,18139,35301,17162,3331741950,6474610150,3142868200,KRX MDCSTAT02401_OUT
recent2,KOSPI200,institution,032640,LG유플러스,352007,557463,205456,5099515580,8083486585,2983971005,KRX MDCSTAT02401_OUT
recent2,KOSPI200,institution,001430,세아베스틸지주,89659,150335,60676,4037699750,6900802475,2863102725,KRX MDCSTAT02401_OUT
recent2,KOSPI200,institution,112610,씨에스윈드,119050,166794,47744,6708028650,9447042600,2739013950,KRX MDCSTAT02401_OUT
recent2,KOSPI200,institution,138040,메리츠금융지주,108258,127918,19660,13971985100,16581248050,2609262950,KRX MDCSTAT02401_OUT
recent2,KOSPI200,institution,052690,한전기술,219275,234636,15361,26186942450,28676613200,2489670750,KRX MDCSTAT02401_OUT
recent2,KOSPI200,institution,016360,삼성증권,141819,168740,26921,12434150800,14903016000,2468865200,KRX MDCSTAT02401_OUT
recent2,KOSPI200,institution,105560,KB금융,471238,484850,13612,78142290950,80602548100,2460257150,KRX MDCSTAT02401_OUT
recent2,KOSPI200,institution,047810,한국항공우주,258568,279511,20943,31701529500,34086794800,2385265300,KRX MDCSTAT02401_OUT
recent2,KOSPI200,institution,111770,영원무역,42799,75011,32212,3019370600,5310673600,2291303000,KRX MDCSTAT02401_OUT
recent2,KOSPI200,institution,316140,우리금융지주,1018800,1084490,65690,33470107325,35693277300,2223169975,KRX MDCSTAT02401_OUT
recent2,KOSPI200,institution,073240,금호타이어,290996,613663,322667,1959993725,4145858380,2185864655,KRX MDCSTAT02401_OUT
recent2,KOSPI200,institution,457190,이수스페셜티케미컬,46991,72850,25859,3782192550,5866205050,2084012500,KRX MDCSTAT02401_OUT
recent2,KOSPI200,institution,161390,한국타이어앤테크놀로지,136354,167807,31453,8447774000,10393968300,1946194300,KRX MDCSTAT02401_OUT
recent2,KOSPI200,institution,034230,파라다이스,115391,276806,161415,1131547575,2728334550,1596786975,KRX MDCSTAT02401_OUT
recent2,KOSPI200,institution,000240,한국앤컴퍼니,36916,90895,53979,960708400,2385180950,1424472550,KRX MDCSTAT02401_OUT
recent2,KOSPI200,institution,004370,농심,8694,12240,3546,3460778250,4883877500,1423099250,KRX MDCSTAT02401_OUT
recent2,KOSPI200,institution,028050,삼성E&A,645647,670597,24950,31286736325,32650887425,1364151100,KRX MDCSTAT02401_OUT
recent2,KOSPI200,institution,009240,한샘,8220,41104,32884,333178725,1671066350,1337887625,KRX MDCSTAT02401_OUT
recent2,KOSPI200,institution,081660,미스토홀딩스,54014,85908,31894,2074098950,3346291800,1272192850,KRX MDCSTAT02401_OUT
recent2,KOSPI200,institution,055550,신한지주,678792,690275,11483,68888829750,70145970750,1257141000,KRX MDCSTAT02401_OUT
recent2,KOSPI200,institution,006800,미래에셋증권,887768,930523,42755,26740785275,27831782950,1090997675,KRX MDCSTAT02401_OUT
recent2,KOSPI200,institution,298020,효성티앤씨,6712,10449,3737,1873842000,2930720750,1056878750,KRX MDCSTAT02401_OUT
recent2,KOSPI200,institution,022100,포스코DX,123819,162730,38911,2610676000,3431479475,820803475,KRX MDCSTAT02401_OUT
recent2,KOSPI200,institution,012750,에스원,28000,36383,8383,2358025550,3069414750,711389200,KRX MDCSTAT02401_OUT
recent2,KOSPI200,institution,015760,한국전력,982628,1005811,23183,28996578600,29695362850,698784250,KRX MDCSTAT02401_OUT
recent2,KOSPI200,institution,006280,녹십자,12193,16565,4372,1576571300,2145399000,568827700,KRX MDCSTAT02401_OUT
recent2,KOSPI200,institution,009970,영원무역홀딩스,10446,13316,2870,1774156850,2284095300,509938450,KRX MDCSTAT02401_OUT
recent2,KOSPI200,institution,000670,영풍,17555,28439,10884,707614375,1156301225,448686850,KRX MDCSTAT02401_OUT
recent2,KOSPI200,institution,377300,카카오페이,171355,175667,4312,6643329750,6791152475,147822725,KRX MDCSTAT02401_OUT
recent2,KOSPI200,institution,139130,iM금융지주,184274,191043,6769,3275934200,3411419695,135485495,KRX MDCSTAT02401_OUT
recent2,KOSPI200,institution,298050,HS효성첨단소재,4289,5041,752,699395800,825778550,126382750,KRX MDCSTAT02401_OUT
recent2,KOSPI200,institution,008730,율촌화학,25699,30899,5200,402317030,485776750,83459720,KRX MDCSTAT02401_OUT
recent2,KOSPI200,institution,014820,동원시스템즈,20320,23686,3366,445179175,522823050,77643875,KRX MDCSTAT02401_OUT
recent2,KOSPI200,institution,002030,아세아,1050,1412,362,219450500,295252500,75802000,KRX MDCSTAT02401_OUT
recent2,KOSPI200,institution,268280,미원에스씨,1710,2129,419,219653200,274558900,54905700,KRX MDCSTAT02401_OUT
recent2,KOSPI200,institution,000210,DL,30154,30809,655,1472648175,1509520800,36872625,KRX MDCSTAT02401_OUT
recent2,KOSPI200,institution,002840,미원상사,1913,2048,135,265666600,284728000,19061400,KRX MDCSTAT02401_OUT
recent2,KOSPI200,institution,007700,F&F홀딩스,1821,3124,1303,24446610,41949820,17503210,KRX MDCSTAT02401_OUT
recent2,KOSPI200,institution,002790,아모레퍼시픽홀딩스,33540,32544,-996,867301475,846745750,-20555725,KRX MDCSTAT02401_OUT
recent2,KOSPI200,institution,003240,태광산업,878,852,-26,802167000,778707000,-23460000,KRX MDCSTAT02401_OUT
recent2,KOSPI200,institution,000080,하이트진로,40577,37678,-2899,601386920,558140790,-43246130,KRX MDCSTAT02401_OUT
recent2,KOSPI200,institution,001680,대상,17965,14526,-3439,315797135,255576940,-60220195,KRX MDCSTAT02401_OUT
recent2,KOSPI200,institution,300720,한일시멘트,29232,24968,-4264,471555510,404718270,-66837240,KRX MDCSTAT02401_OUT
recent2,KOSPI200,institution,005300,롯데칠성,5540,4316,-1224,527684950,411393300,-116291650,KRX MDCSTAT02401_OUT
recent2,KOSPI200,institution,007310,오뚜기,1576,1128,-448,493598250,354187500,-139410750,KRX MDCSTAT02401_OUT
recent2,KOSPI200,institution,001800,오리온홀딩스,34699,28490,-6209,787453575,647991975,-139461600,KRX MDCSTAT02401_OUT
recent2,KOSPI200,institution,069260,TKG휴켐스,32787,23466,-9321,518216185,371183495,-147032690,KRX MDCSTAT02401_OUT
recent2,KOSPI200,institution,008770,호텔신라,66970,62456,-4514,2607778300,2442523350,-165254950,KRX MDCSTAT02401_OUT
recent2,KOSPI200,institution,003090,대웅,34846,22455,-12391,538852765,348601860,-190250905,KRX MDCSTAT02401_OUT
recent2,KOSPI200,institution,036460,한국가스공사,90402,84213,-6189,3249992475,3029204950,-220787525,KRX MDCSTAT02401_OUT
recent2,KOSPI200,institution,007340,DN오토모티브,50585,45830,-4755,2481142525,2251261425,-229881100,KRX MDCSTAT02401_OUT
recent2,KOSPI200,institution,137310,에스디바이오센서,108524,69125,-39399,714859905,462570190,-252289715,KRX MDCSTAT02401_OUT
recent2,KOSPI200,institution,128940,한미약품,106054,106086,32,53129545000,52875895000,-253650000,KRX MDCSTAT02401_OUT
recent2,KOSPI200,institution,006650,대한유화,12847,9958,-2889,1158239600,898047050,-260192550,KRX MDCSTAT02401_OUT
recent2,KOSPI200,institution,005420,코스모화학,67663,44722,-22941,786315560,521228475,-265087085,KRX MDCSTAT02401_OUT
recent2,KOSPI200,institution,280360,롯데웰푸드,10912,8628,-2284,1330035000,1055733050,-274301950,KRX MDCSTAT02401_OUT
recent2,KOSPI200,institution,005850,에스엘,33000,26712,-6288,1669332100,1348247050,-321085050,KRX MDCSTAT02401_OUT
recent2,KOSPI200,institution,071320,지역난방공사,6784,2252,-4532,527659400,174551100,-353108300,KRX MDCSTAT02401_OUT
recent2,KOSPI200,institution,088350,한화생명,734564,660636,-73928,3855327120,3480607145,-374719975,KRX MDCSTAT02401_OUT
recent2,KOSPI200,institution,026960,동서,38123,22446,-15677,1004387650,592712050,-411675600,KRX MDCSTAT02401_OUT
recent2,KOSPI200,institution,282330,BGF리테일,34717,31288,-3429,4419334350,4004088050,-415246300,KRX MDCSTAT02401_OUT
recent2,KOSPI200,institution,069960,현대백화점,20713,15607,-5106,1791234700,1348665950,-442568750,KRX MDCSTAT02401_OUT
recent2,KOSPI200,institution,185750,종근당,11002,3998,-7004,724643650,263735700,-460907950,KRX MDCSTAT02401_OUT
recent2,KOSPI200,institution,003030,세아제강지주,13088,8526,-4562,1371363050,899971450,-471391600,KRX MDCSTAT02401_OUT
recent2,KOSPI200,institution,011170,롯데케미칼,47990,40080,-7910,2898787200,2407640900,-491146300,KRX MDCSTAT02401_OUT
recent2,KOSPI200,institution,004990,롯데지주,45162,23730,-21432,1040088900,548435375,-491653525,KRX MDCSTAT02401_OUT
recent2,KOSPI200,institution,007070,GS리테일,51371,26577,-24794,1122994125,582551375,-540442750,KRX MDCSTAT02401_OUT
recent2,KOSPI200,institution,006040,동원산업,21272,4394,-16878,742898125,153736900,-589161225,KRX MDCSTAT02401_OUT
recent2,KOSPI200,institution,192080,더블유게임즈,31810,21176,-10634,1815738850,1213467450,-602271400,KRX MDCSTAT02401_OUT
recent2,KOSPI200,institution,285130,SK케미칼,43864,31587,-12277,2251152100,1626988300,-624163800,KRX MDCSTAT02401_OUT
recent2,KOSPI200,institution,017960,한국카본,90562,56640,-33922,1770506210,1140743825,-629762385,KRX MDCSTAT02401_OUT
recent2,KOSPI200,institution,021240,코웨이,90228,83385,-6843,9226584150,8535560900,-691023250,KRX MDCSTAT02401_OUT
recent2,KOSPI200,institution,004000,롯데정밀화학,29500,11466,-18034,1250819250,486362825,-764456425,KRX MDCSTAT02401_OUT
recent2,KOSPI200,institution,011210,현대위아,35943,16944,-18999,1856631650,872697300,-983934350,KRX MDCSTAT02401_OUT
recent2,KOSPI200,institution,069620,대웅제약,19800,10268,-9532,2164036650,1122638750,-1041397900,KRX MDCSTAT02401_OUT
recent2,KOSPI200,institution,029780,삼성카드,59266,33093,-26173,2463713900,1372942925,-1090770975,KRX MDCSTAT02401_OUT
recent2,KOSPI200,institution,000720,현대건설,572604,557801,-14803,61221283700,60106486100,-1114797600,KRX MDCSTAT02401_OUT
recent2,KOSPI200,institution,251270,넷마블,125513,89700,-35813,4289687025,3072058250,-1217628775,KRX MDCSTAT02401_OUT
recent2,KOSPI200,institution,008930,한미사이언스,156505,131560,-24945,8723222950,7292530800,-1430692150,KRX MDCSTAT02401_OUT
recent2,KOSPI200,institution,034730,SK,121026,117336,-3690,68836299500,67302748500,-1533551000,KRX MDCSTAT02401_OUT
recent2,KOSPI200,institution,454910,두산로보틱스,118835,95961,-22874,8405586100,6815488200,-1590097900,KRX MDCSTAT02401_OUT
recent2,KOSPI200,institution,302440,SK바이오사이언스,73868,30112,-43756,2743915600,1124340700,-1619574900,KRX MDCSTAT02401_OUT
recent2,KOSPI200,institution,001040,CJ,68666,55718,-12948,9020999150,7319603500,-1701395650,KRX MDCSTAT02401_OUT
recent2,KOSPI200,institution,000120,CJ대한통운,37027,10949,-26078,2588348050,767997350,-1820350700,KRX MDCSTAT02401_OUT
recent2,KOSPI200,institution,035250,강원랜드,233591,101622,-131969,3324520140,1447804370,-1876715770,KRX MDCSTAT02401_OUT
recent2,KOSPI200,institution,028670,팬오션,1081030,758135,-322895,6628452285,4691541880,-1936910405,KRX MDCSTAT02401_OUT
recent2,KOSPI200,institution,002380,KCC,9690,5485,-4205,4495456250,2539235000,-1956221250,KRX MDCSTAT02401_OUT
recent2,KOSPI200,institution,138930,BNK금융지주,618242,489149,-129093,9517143720,7531143250,-1986000470,KRX MDCSTAT02401_OUT
recent2,KOSPI200,institution,090430,아모레퍼시픽,143203,127221,-15982,19489589050,17477128250,-2012460800,KRX MDCSTAT02401_OUT
recent2,KOSPI200,institution,034220,LG디스플레이,1064741,808986,-255755,8801886400,6695167355,-2106719045,KRX MDCSTAT02401_OUT
recent2,KOSPI200,institution,139480,이마트,77038,45061,-31977,5444533150,3201707950,-2242825200,KRX MDCSTAT02401_OUT
recent2,KOSPI200,institution,120110,코오롱인더,143915,98053,-45862,8056856700,5491591350,-2565265350,KRX MDCSTAT02401_OUT
recent2,KOSPI200,institution,023530,롯데쇼핑,63033,36860,-26173,6201640800,3623268600,-2578372200,KRX MDCSTAT02401_OUT
recent2,KOSPI200,institution,000880,한화,47113,24156,-22957,5395918850,2743763800,-2652155050,KRX MDCSTAT02401_OUT
recent2,KOSPI200,institution,326030,SK바이오팜,63194,26808,-36386,4681835900,1994411250,-2687424650,KRX MDCSTAT02401_OUT
recent2,KOSPI200,institution,241560,두산밥캣,116867,66093,-50774,6318988250,3576131400,-2742856850,KRX MDCSTAT02401_OUT
recent2,KOSPI200,institution,011780,금호석유화학,35712,11642,-24070,4123274900,1345466950,-2777807950,KRX MDCSTAT02401_OUT
recent2,KOSPI200,institution,009420,한올바이오파마,130968,68792,-62176,5929486050,3114312500,-2815173550,KRX MDCSTAT02401_OUT
recent2,KOSPI200,institution,051600,한전KPS,113268,48428,-64840,5010579150,2143215350,-2867363800,KRX MDCSTAT02401_OUT
recent2,KOSPI200,institution,0126Z0,삼성에피스홀딩스,13737,4820,-8917,4820577500,1717943250,-3102634250,KRX MDCSTAT02401_OUT
recent2,KOSPI200,institution,271560,오리온,70475,39774,-30701,7396588750,4176969300,-3219619450,KRX MDCSTAT02401_OUT
recent2,KOSPI200,institution,017800,현대엘리베이터,77010,30571,-46439,5437856650,2162629800,-3275226850,KRX MDCSTAT02401_OUT
recent2,KOSPI200,institution,180640,한진칼,49567,24524,-25043,6554569600,3257745150,-3296824450,KRX MDCSTAT02401_OUT
recent2,KOSPI200,institution,005830,DB손해보험,123636,105480,-18156,23167020300,19771959500,-3395060800,KRX MDCSTAT02401_OUT
recent2,KOSPI200,institution,066970,엘앤에프,259359,229988,-29371,30797304000,27351445150,-3445858850,KRX MDCSTAT02401_OUT
recent2,KOSPI200,institution,001450,현대해상,187214,107890,-79324,8895445450,5127825100,-3767620350,KRX MDCSTAT02401_OUT
recent2,KOSPI200,institution,323410,카카오뱅크,524592,322115,-202477,10304578415,6347690615,-3956887800,KRX MDCSTAT02401_OUT
recent2,KOSPI200,institution,443060,HD현대마린솔루션,69565,50870,-18695,15239991250,11129710250,-4110281000,KRX MDCSTAT02401_OUT
recent2,KOSPI200,institution,071970,HD현대마린엔진,120679,23743,-96936,5236787875,1036823775,-4199964100,KRX MDCSTAT02401_OUT
recent2,KOSPI200,institution,375500,DL이앤씨,173788,107301,-66487,12080666900,7495032250,-4585634650,KRX MDCSTAT02401_OUT
recent2,KOSPI200,institution,064350,현대로템,426789,384574,-42215,45601983050,40888017250,-4713965800,KRX MDCSTAT02401_OUT
recent2,KOSPI200,institution,030000,제일기획,396119,115054,-281065,7483554615,2174515235,-5309039380,KRX MDCSTAT02401_OUT
recent2,KOSPI200,institution,450080,에코프로머티,330142,169272,-160870,12672035950,6491970825,-6180065125,KRX MDCSTAT02401_OUT
recent2,KOSPI200,institution,024110,기업은행,542281,227284,-314997,10799357295,4535874085,-6263483210,KRX MDCSTAT02401_OUT
recent2,KOSPI200,institution,005490,POSCO홀딩스,248705,226052,-22653,76772428000,69908552000,-6863876000,KRX MDCSTAT02401_OUT
recent2,KOSPI200,institution,093370,후성,713261,252322,-460939,10927945725,3874051240,-7053894485,KRX MDCSTAT02401_OUT
recent2,KOSPI200,institution,483650,달바글로벌,96795,57052,-39743,17382164950,10138810400,-7243354550,KRX MDCSTAT02401_OUT
recent2,KOSPI200,institution,259960,크래프톤,84062,46018,-38044,16141173100,8873085550,-7268087550,KRX MDCSTAT02401_OUT
recent2,KOSPI200,institution,064400,LG씨엔에스,274493,167855,-106638,18856918750,11516521200,-7340397550,KRX MDCSTAT02401_OUT
recent2,KOSPI200,institution,033780,KT&G,157705,110153,-47552,28101096950,19681716850,-8419380100,KRX MDCSTAT02401_OUT
recent2,KOSPI200,institution,035720,카카오,587918,324076,-263842,19229047900,10614345925,-8614701975,KRX MDCSTAT02401_OUT
recent2,KOSPI200,institution,001440,대한전선,711070,399146,-311924,21284805750,11864137125,-9420668625,KRX MDCSTAT02401_OUT
recent2,KOSPI200,institution,047040,대우건설,1633888,1070906,-562982,27921126495,18260485345,-9660641150,KRX MDCSTAT02401_OUT
recent2,KOSPI200,institution,000810,삼성화재,70583,54457,-16126,43407663500,33648978000,-9758685500,KRX MDCSTAT02401_OUT
recent2,KOSPI200,institution,004170,신세계,52969,21633,-31336,16641822500,6812231250,-9829591250,KRX MDCSTAT02401_OUT
recent2,KOSPI200,institution,012330,현대모비스,269308,239958,-29350,98211433000,88314205250,-9897227750,KRX MDCSTAT02401_OUT
recent2,KOSPI200,institution,039490,키움증권,75923,34907,-41016,18695238750,8570859750,-10124379000,KRX MDCSTAT02401_OUT
recent2,KOSPI200,institution,204320,HL만도,275659,50626,-225033,12462141300,2281509825,-10180631475,KRX MDCSTAT02401_OUT
recent2,KOSPI200,institution,000100,유한양행,220260,81475,-138785,16279104650,6043628550,-10235476100,KRX MDCSTAT02401_OUT
recent2,KOSPI200,institution,003550,LG,172197,74475,-97722,18829061350,8157327850,-10671733500,KRX MDCSTAT02401_OUT
recent2,KOSPI200,institution,010130,고려아연,18997,8728,-10269,19880736500,9112971500,-10767765000,KRX MDCSTAT02401_OUT
recent2,KOSPI200,institution,011200,HMM,854652,322474,-532178,17909634375,6787691000,-11121943375,KRX MDCSTAT02401_OUT
recent2,KOSPI200,institution,028260,삼성물산,209276,168076,-41200,68462285750,55477510500,-12984775250,KRX MDCSTAT02401_OUT
recent2,KOSPI200,institution,078930,GS,420460,292122,-128338,44819760700,31613280350,-13206480350,KRX MDCSTAT02401_OUT
recent2,KOSPI200,institution,010140,삼성중공업,2349300,1601023,-748277,45105758185,30883282575,-14222475610,KRX MDCSTAT02401_OUT
recent2,KOSPI200,institution,004020,현대제철,749496,236252,-513244,21347927825,6714690850,-14633236975,KRX MDCSTAT02401_OUT
recent2,KOSPI200,institution,082740,한화엔진,636513,262900,-373613,26826201275,11340177525,-15486023750,KRX MDCSTAT02401_OUT
recent2,KOSPI200,institution,066570,LG전자,616339,535369,-80970,129628929450,112685306100,-16943623350,KRX MDCSTAT02401_OUT
recent2,KOSPI200,institution,086280,현대글로비스,177000,80820,-96180,33184016400,15136147000,-18047869400,KRX MDCSTAT02401_OUT
recent2,KOSPI200,institution,042660,한화오션,538558,292491,-246067,39644821250,21372923550,-18271897700,KRX MDCSTAT02401_OUT
recent2,KOSPI200,institution,086790,하나금융지주,492384,338610,-153774,62221051650,42867022450,-19354029200,KRX MDCSTAT02401_OUT
recent2,KOSPI200,institution,071050,한국금융지주,200235,86504,-113731,34317389700,14903340050,-19414049650,KRX MDCSTAT02401_OUT
recent2,KOSPI200,institution,207940,삼성바이오로직스,32379,15785,-16594,40432925500,19633532500,-20799393000,KRX MDCSTAT02401_OUT
recent2,KOSPI200,institution,103140,풍산,364261,51221,-313040,24671205800,3453954250,-21217251550,KRX MDCSTAT02401_OUT
recent2,KOSPI200,institution,068270,셀트리온,345461,220907,-124554,62559838300,40109966800,-22449871500,KRX MDCSTAT02401_OUT
recent2,KOSPI200,institution,010120,LS ELECTRIC,373916,255271,-118645,76120379250,53027300650,-23093078600,KRX MDCSTAT02401_OUT
recent2,KOSPI200,institution,017670,SK텔레콤,496897,218887,-278010,42383744750,18841415250,-23542329500,KRX MDCSTAT02401_OUT
recent2,KOSPI200,institution,003670,포스코퓨처엠,521989,391147,-130842,101005732550,76055785600,-24949946950,KRX MDCSTAT02401_OUT
recent2,KOSPI200,institution,267250,HD현대,229440,93033,-136407,42160208100,17153421350,-25006786750,KRX MDCSTAT02401_OUT
recent2,KOSPI200,institution,035420,NAVER,493541,353267,-140274,91633468100,65552994800,-26080473300,KRX MDCSTAT02401_OUT
recent2,KOSPI200,institution,042700,한미반도체,708769,608400,-100369,189191481634,163009057384,-26182424250,KRX MDCSTAT02401_OUT
recent2,KOSPI200,institution,032830,삼성생명,244580,134454,-110126,66889145250,37260904000,-29628241250,KRX MDCSTAT02401_OUT
recent2,KOSPI200,institution,003490,대한항공,1938518,942951,-995567,59602593950,29097273100,-30505320850,KRX MDCSTAT02401_OUT
recent2,KOSPI200,institution,018260,삼성에스디에스,195736,42995,-152741,39605328550,8722654450,-30882674100,KRX MDCSTAT02401_OUT
recent2,KOSPI200,institution,267270,HD건설기계,435292,151392,-283900,47817239200,16754543250,-31062695950,KRX MDCSTAT02401_OUT
recent2,KOSPI200,institution,267260,HD현대일렉트릭,105433,47377,-58056,66012590000,29784308500,-36228281500,KRX MDCSTAT02401_OUT
recent2,KOSPI200,institution,006260,LS,220605,88480,-132125,61274072500,24596971750,-36677100750,KRX MDCSTAT02401_OUT
recent2,KOSPI200,institution,298040,효성중공업,40444,22312,-18132,105031603000,57069415500,-47962187500,KRX MDCSTAT02401_OUT
recent2,KOSPI200,institution,000270,기아,865113,325704,-539409,93862505050,35244075850,-58618429200,KRX MDCSTAT02401_OUT
recent2,KOSPI200,institution,000990,DB하이텍,605075,175034,-430041,83184424102,24353186752,-58831237350,KRX MDCSTAT02401_OUT
recent2,KOSPI200,institution,329180,HD현대중공업,354573,203097,-151476,140000455000,79772149000,-60228306000,KRX MDCSTAT02401_OUT
recent2,KOSPI200,institution,009540,HD한국조선해양,288648,72110,-216538,86014448750,21621991500,-64392457250,KRX MDCSTAT02401_OUT
recent2,KOSPI200,institution,007660,이수페타시스,1265114,562361,-702753,158944508598,70979014648,-87965493950,KRX MDCSTAT02401_OUT
recent2,KOSPI200,institution,005380,현대차,481949,216647,-265302,159899511750,71163668500,-88735843250,KRX MDCSTAT02401_OUT
recent2,KOSPI200,institution,012450,한화에어로스페이스,177969,56509,-121460,163925978500,53054295000,-110871683500,KRX MDCSTAT02401_OUT
recent2,KOSPI200,institution,000660,SK하이닉스,2012385,1882169,-130216,3484834009500,3251382652500,-233451357000,KRX MDCSTAT02401_OUT
recent2,KOSPI200,institution,009150,삼성전기,440437,289590,-150847,706493184000,466426869500,-240066314500,KRX MDCSTAT02401_OUT
recent2,KOSPI200,institution,005930,삼성전자,18740992,13833815,-4907177,5029208316500,3728093729250,-1301114587250,KRX MDCSTAT02401_OUT
recent2,KOSDAQ150,foreign,039030,이오테크닉스,61083,179902,118819,32164939000,94596506500,62431567500,KRX MDCSTAT02401_OUT
recent2,KOSDAQ150,foreign,240810,원익IPS,752628,1090826,338198,102180372850,148069647700,45889274850,KRX MDCSTAT02401_OUT
recent2,KOSDAQ150,foreign,222800,심텍,300180,499401,199221,51342541700,85746418450,34403876750,KRX MDCSTAT02401_OUT
recent2,KOSDAQ150,foreign,098460,고영,994614,1801829,807215,37390909550,66306495780,28915586230,KRX MDCSTAT02401_OUT
recent2,KOSDAQ150,foreign,036930,주성엔지니어링,1201018,1290904,89886,317277866250,344204245000,26926378750,KRX MDCSTAT02401_OUT
recent2,KOSDAQ150,foreign,095610,테스,143636,256169,112533,23802654250,42224543600,18421889350,KRX MDCSTAT02401_OUT
recent2,KOSDAQ150,foreign,067310,하나마이크론,657098,980348,323250,33542899450,49880659650,16337760200,KRX MDCSTAT02401_OUT
recent2,KOSDAQ150,foreign,064760,티씨케이,44519,97423,52904,13076740000,28301974500,15225234500,KRX MDCSTAT02401_OUT
recent2,KOSDAQ150,foreign,204270,제이앤티씨,1448065,1926665,478600,38276617925,51180294600,12903676675,KRX MDCSTAT02401_OUT
recent2,KOSDAQ150,foreign,036540,SFA반도체,2321880,3426770,1104890,26679323435,39303357635,12624034200,KRX MDCSTAT02401_OUT
recent2,KOSDAQ150,foreign,214450,파마리서치,64519,100226,35707,19690568000,30566330750,10875762750,KRX MDCSTAT02401_OUT
recent2,KOSDAQ150,foreign,403870,HPSP,777427,938977,161550,51489983200,61887436450,10397453250,KRX MDCSTAT02401_OUT
recent2,KOSDAQ150,foreign,108490,로보티즈,117251,148017,30766,35987732750,45151627750,9163895000,KRX MDCSTAT02401_OUT
recent2,KOSDAQ150,foreign,096530,씨젠,475668,670281,194613,18485909150,26195216775,7709307625,KRX MDCSTAT02401_OUT
recent2,KOSDAQ150,foreign,031980,피에스케이홀딩스,185244,209608,24364,38410570950,43081342150,4670771200,KRX MDCSTAT02401_OUT
recent2,KOSDAQ150,foreign,056190,SFA,108590,208937,100347,3411533650,6580167375,3168633725,KRX MDCSTAT02401_OUT
recent2,KOSDAQ150,foreign,183300,코미코,196106,282249,86143,6628205300,9528926650,2900721350,KRX MDCSTAT02401_OUT
recent2,KOSDAQ150,foreign,058610,에스피지,106832,135084,28252,10833759400,13532243600,2698484200,KRX MDCSTAT02401_OUT
recent2,KOSDAQ150,foreign,053800,안랩,102660,134518,31858,8134368450,10432311000,2297942550,KRX MDCSTAT02401_OUT
recent2,KOSDAQ150,foreign,089030,테크윙,315336,353658,38322,17364410250,19411043050,2046632800,KRX MDCSTAT02401_OUT
recent2,KOSDAQ150,foreign,437730,삼현,122304,164065,41761,6315745425,8339705600,2023960175,KRX MDCSTAT02401_OUT
recent2,KOSDAQ150,foreign,166090,하나머티리얼즈,91192,122957,31765,5813669100,7817667100,2003998000,KRX MDCSTAT02401_OUT
recent2,KOSDAQ150,foreign,087010,펩트론,372322,385880,13558,38030393900,39884588600,1854194700,KRX MDCSTAT02401_OUT
recent2,KOSDAQ150,foreign,124500,아이티센글로벌,133049,198391,65342,3711673175,5403967000,1692293825,KRX MDCSTAT02401_OUT
recent2,KOSDAQ150,foreign,195940,HK이노엔,55933,91566,35633,2269653500,3685864625,1416211125,KRX MDCSTAT02401_OUT
recent2,KOSDAQ150,foreign,263750,펄어비스,89839,131659,41820,2972264250,4345971050,1373706800,KRX MDCSTAT02401_OUT
recent2,KOSDAQ150,foreign,007390,네이처셀,59309,114686,55377,1462731525,2828197500,1365465975,KRX MDCSTAT02401_OUT
recent2,KOSDAQ150,foreign,237690,에스티팜,49656,64219,14563,4734268250,6061925250,1327657000,KRX MDCSTAT02401_OUT
recent2,KOSDAQ150,foreign,253590,네오셈,424480,504354,79874,6859948220,8160550230,1300602010,KRX MDCSTAT02401_OUT
recent2,KOSDAQ150,foreign,005290,동진쎄미켐,234919,258926,24007,12112873500,13302963050,1190089550,KRX MDCSTAT02401_OUT
recent2,KOSDAQ150,foreign,215200,메가스터디교육,24646,54297,29651,950039350,2097571850,1147532500,KRX MDCSTAT02401_OUT
recent2,KOSDAQ150,foreign,018290,브이티,250419,330139,79720,3342250595,4432897930,1090647335,KRX MDCSTAT02401_OUT
recent2,KOSDAQ150,foreign,171090,선익시스템,20680,34036,13356,1542073400,2554712300,1012638900,KRX MDCSTAT02401_OUT
recent2,KOSDAQ150,foreign,213420,덕산네오룩스,69243,102060,32817,2072368675,3052768150,980399475,KRX MDCSTAT02401_OUT
recent2,KOSDAQ150,foreign,041510,에스엠,41755,53664,11909,3292972050,4222176850,929204800,KRX MDCSTAT02401_OUT
recent2,KOSDAQ150,foreign,083650,비에이치아이,185156,208568,23412,10572828900,11489562300,916733400,KRX MDCSTAT02401_OUT
recent2,KOSDAQ150,foreign,052400,코나아이,25121,49724,24603,908768100,1790919425,882151325,KRX MDCSTAT02401_OUT
recent2,KOSDAQ150,foreign,074600,원익QnC,113167,138186,25019,3661277425,4478204500,816927075,KRX MDCSTAT02401_OUT
recent2,KOSDAQ150,foreign,122870,와이지엔터테인먼트,52135,71272,19137,2152748125,2931816675,779068550,KRX MDCSTAT02401_OUT
recent2,KOSDAQ150,foreign,036810,에프에스티,67182,88641,21459,2321741175,3053443125,731701950,KRX MDCSTAT02401_OUT
recent2,KOSDAQ150,foreign,218410,RFHIC,196399,209253,12854,11767965100,12411506500,643541400,KRX MDCSTAT02401_OUT
recent2,KOSDAQ150,foreign,376300,디어유,63464,93904,30440,1209542210,1791251530,581709320,KRX MDCSTAT02401_OUT
recent2,KOSDAQ150,foreign,078340,컴투스,31429,47052,15623,1146478200,1710363000,563884800,KRX MDCSTAT02401_OUT
recent2,KOSDAQ150,foreign,025980,아난티,354357,461485,107128,1758415799,2279536046,521120247,KRX MDCSTAT02401_OUT
recent2,KOSDAQ150,foreign,084370,유진테크,251179,254824,3645,43346921050,43853884300,506963250,KRX MDCSTAT02401_OUT
recent2,KOSDAQ150,foreign,253450,스튜디오드래곤,28126,52348,24222,584794225,1086597900,501803675,KRX MDCSTAT02401_OUT
recent2,KOSDAQ150,foreign,420770,기가비스,33853,37886,4033,4637973750,5135847800,497874050,KRX MDCSTAT02401_OUT
recent2,KOSDAQ150,foreign,041190,우리기술투자,515277,595252,79975,3117985240,3606137640,488152400,KRX MDCSTAT02401_OUT
recent2,KOSDAQ150,foreign,225570,넥슨게임즈,156977,194085,37108,1614260945,2044919130,430658185,KRX MDCSTAT02401_OUT
recent2,KOSDAQ150,foreign,131290,티에스이,217387,218392,1005,68252836750,68630762250,377925500,KRX MDCSTAT02401_OUT
recent2,KOSDAQ150,foreign,060280,큐렉소,133759,177505,43746,1170306905,1545721220,375414315,KRX MDCSTAT02401_OUT
recent2,KOSDAQ150,foreign,068760,셀트리온제약,28221,36406,8185,1113643875,1440069450,326425575,KRX MDCSTAT02401_OUT
recent2,KOSDAQ150,foreign,060250,NHN KCP,111516,131165,19649,1504835825,1764205695,259369870,KRX MDCSTAT02401_OUT
recent2,KOSDAQ150,foreign,090360,로보스타,47259,51023,3764,3692112950,3933866900,241753950,KRX MDCSTAT02401_OUT
recent2,KOSDAQ150,foreign,211050,인카금융서비스,18454,36282,17828,182574370,357606980,175032610,KRX MDCSTAT02401_OUT
recent2,KOSDAQ150,foreign,067160,SOOP,30902,33592,2690,1138624575,1237883450,99258875,KRX MDCSTAT02401_OUT
recent2,KOSDAQ150,foreign,036620,감성코퍼레이션,95760,117260,21500,362649804,444095175,81445371,KRX MDCSTAT02401_OUT
recent2,KOSDAQ150,foreign,025900,동화기업,74280,83034,8754,550656890,613308760,62651870,KRX MDCSTAT02401_OUT
recent2,KOSDAQ150,foreign,015750,성우하이텍,80017,88302,8285,473338300,520964845,47626545,KRX MDCSTAT02401_OUT
recent2,KOSDAQ150,foreign,278280,천보,25707,26941,1234,998370125,1045892875,47522750,KRX MDCSTAT02401_OUT
recent2,KOSDAQ150,foreign,025320,시노펙스,182920,191560,8640,729231493,764665493,35434000,KRX MDCSTAT02401_OUT
recent2,KOSDAQ150,foreign,352480,씨앤씨인터내셔널,9638,10985,1347,196824975,227216840,30391865,KRX MDCSTAT02401_OUT
recent2,KOSDAQ150,foreign,014620,성광벤드,109064,109847,783,3198607125,3217286925,18679800,KRX MDCSTAT02401_OUT
recent2,KOSDAQ150,foreign,272290,이녹스첨단소재,61301,61842,541,1368548250,1378329700,9781450,KRX MDCSTAT02401_OUT
recent2,KOSDAQ150,foreign,194480,데브시스터즈,24024,23967,-57,330956035,330131900,-824135,KRX MDCSTAT02401_OUT
recent2,KOSDAQ150,foreign,035760,CJ ENM,58788,58793,5,2073551150,2060183925,-13367225,KRX MDCSTAT02401_OUT
recent2,KOSDAQ150,foreign,145020,휴젤,44885,44780,-105,8193408600,8168006150,-25402450,KRX MDCSTAT02401_OUT
recent2,KOSDAQ150,foreign,293490,카카오게임즈,281291,271455,-9836,2726290955,2670449805,-55841150,KRX MDCSTAT02401_OUT
recent2,KOSDAQ150,foreign,214150,클래시스,120068,117705,-2363,3676351425,3597420625,-78930800,KRX MDCSTAT02401_OUT
recent2,KOSDAQ150,foreign,0009K0,에임드바이오,68468,65278,-3190,1731494800,1648473900,-83020900,KRX MDCSTAT02401_OUT
recent2,KOSDAQ150,foreign,214370,케어젠,97616,95195,-2421,4238449675,4123536050,-114913625,KRX MDCSTAT02401_OUT
recent2,KOSDAQ150,foreign,112040,위메이드,136791,127534,-9257,2152192915,2001604510,-150588405,KRX MDCSTAT02401_OUT
recent2,KOSDAQ150,foreign,475830,오름테라퓨틱,188403,176497,-11906,3752188420,3533032040,-219156380,KRX MDCSTAT02401_OUT
recent2,KOSDAQ150,foreign,032500,케이엠더블유,115196,104860,-10336,2346192280,2119537200,-226655080,KRX MDCSTAT02401_OUT
recent2,KOSDAQ150,foreign,003380,하림지주,286547,268454,-18093,3337565680,3104558875,-233006805,KRX MDCSTAT02401_OUT
recent2,KOSDAQ150,foreign,033500,동성화인텍,80934,64716,-16218,1259057975,1006587815,-252470160,KRX MDCSTAT02401_OUT
recent2,KOSDAQ150,foreign,101730,위메이드맥스,1013139,978888,-34251,5253258179,4990983840,-262274339,KRX MDCSTAT02401_OUT
recent2,KOSDAQ150,foreign,082270,젬백스,102708,74452,-28256,1123099785,811065510,-312034275,KRX MDCSTAT02401_OUT
recent2,KOSDAQ150,foreign,388720,유일로보틱스,17894,13098,-4796,1248884200,918063750,-330820450,KRX MDCSTAT02401_OUT
recent2,KOSDAQ150,foreign,009520,포스코엠텍,98613,72843,-25770,1308145450,965063520,-343081930,KRX MDCSTAT02401_OUT
recent2,KOSDAQ150,foreign,095660,네오위즈,42904,22996,-19908,767981145,411383810,-356597335,KRX MDCSTAT02401_OUT
recent2,KOSDAQ150,foreign,085660,차바이오텍,127634,85721,-41913,1077437090,719952700,-357484390,KRX MDCSTAT02401_OUT
recent2,KOSDAQ150,foreign,048410,현대바이오,681223,620659,-60564,4856317095,4431155800,-425161295,KRX MDCSTAT02401_OUT
recent2,KOSDAQ150,foreign,065350,신성델타테크,51502,31909,-19593,1689464000,1042266225,-647197775,KRX MDCSTAT02401_OUT
recent2,KOSDAQ150,foreign,069080,웹젠,149167,94809,-54358,1809024730,1149359090,-659665640,KRX MDCSTAT02401_OUT
recent2,KOSDAQ150,foreign,032190,다우데이타,57780,21275,-36505,1087416275,400308610,-687107665,KRX MDCSTAT02401_OUT
recent2,KOSDAQ150,foreign,036830,솔브레인홀딩스,53057,39043,-14014,2618275575,1919552850,-698722725,KRX MDCSTAT02401_OUT
recent2,KOSDAQ150,foreign,006730,서부T&D,457545,397052,-60493,5425997960,4713017090,-712980870,KRX MDCSTAT02401_OUT
recent2,KOSDAQ150,foreign,348210,넥스틴,67795,48990,-18805,2653320125,1928992200,-724327925,KRX MDCSTAT02401_OUT
recent2,KOSDAQ150,foreign,140860,파크시스템스,51119,48550,-2569,15990503500,15200793000,-789710500,KRX MDCSTAT02401_OUT
recent2,KOSDAQ150,foreign,095340,ISC,147155,143149,-4006,29775350200,28949770200,-825580000,KRX MDCSTAT02401_OUT
recent2,KOSDAQ150,foreign,348370,엔켐,200118,166038,-34080,4512512825,3686004225,-826508600,KRX MDCSTAT02401_OUT
recent2,KOSDAQ150,foreign,137400,피엔티,106914,79481,-27433,3508039675,2601189500,-906850175,KRX MDCSTAT02401_OUT
recent2,KOSDAQ150,foreign,121600,나노신소재,54989,38468,-16521,3507344100,2442393200,-1064950900,KRX MDCSTAT02401_OUT
recent2,KOSDAQ150,foreign,214430,아이쓰리시스템,27076,12015,-15061,2143544750,946618200,-1196926550,KRX MDCSTAT02401_OUT
recent2,KOSDAQ150,foreign,033100,제룡전기,102049,75298,-26751,5089134550,3724390175,-1364744375,KRX MDCSTAT02401_OUT
recent2,KOSDAQ150,foreign,399720,가온칩스,97926,68112,-29814,4707500350,3259349225,-1448151125,KRX MDCSTAT02401_OUT
recent2,KOSDAQ150,foreign,358570,지아이이노베이션,302540,127448,-175092,2619425450,1106760535,-1512664915,KRX MDCSTAT02401_OUT
recent2,KOSDAQ150,foreign,196170,알테오젠,261358,257179,-4179,64450914750,62868581750,-1582333000,KRX MDCSTAT02401_OUT
recent2,KOSDAQ150,foreign,082920,비츠로셀,255734,201293,-54441,7390709650,5805281850,-1585427800,KRX MDCSTAT02401_OUT
recent2,KOSDAQ150,foreign,281740,레이크머티리얼즈,331674,198470,-133204,4254232705,2545191865,-1709040840,KRX MDCSTAT02401_OUT
recent2,KOSDAQ150,foreign,161580,필옵틱스,182154,142181,-39973,7690318250,5969176075,-1721142175,KRX MDCSTAT02401_OUT
recent2,KOSDAQ150,foreign,050890,쏠리드,570266,375427,-194839,5870409190,3787268935,-2083140255,KRX MDCSTAT02401_OUT
recent2,KOSDAQ150,foreign,042000,카페24,292990,193869,-99121,6596096250,4369881550,-2226214700,KRX MDCSTAT02401_OUT
recent2,KOSDAQ150,foreign,030520,한컴,198748,69594,-129154,3555272980,1249603680,-2305669300,KRX MDCSTAT02401_OUT
recent2,KOSDAQ150,foreign,295310,에이치브이엠,120384,88788,-31596,8947130950,6568161050,-2378969900,KRX MDCSTAT02401_OUT
recent2,KOSDAQ150,foreign,060370,LS마린솔루션,149893,78129,-71764,4977882600,2596585275,-2381297325,KRX MDCSTAT02401_OUT
recent2,KOSDAQ150,foreign,251970,펌텍코리아,127587,92136,-35451,8505348550,6119251000,-2386097550,KRX MDCSTAT02401_OUT
recent2,KOSDAQ150,foreign,328130,루닛,588746,369752,-218994,6619252595,4148832045,-2470420550,KRX MDCSTAT02401_OUT
recent2,KOSDAQ150,foreign,125490,한라캐스트,539686,348908,-190778,7094076050,4575731905,-2518344145,KRX MDCSTAT02401_OUT
recent2,KOSDAQ150,foreign,445680,큐리옥스바이오시스템즈,102148,58917,-43231,5849540150,3326300000,-2523240150,KRX MDCSTAT02401_OUT
recent2,KOSDAQ150,foreign,232140,와이씨,1307211,1156990,-150221,22564583060,19969875890,-2594707170,KRX MDCSTAT02401_OUT
recent2,KOSDAQ150,foreign,466100,클로봇,181920,61217,-120703,4158822825,1404039325,-2754783500,KRX MDCSTAT02401_OUT
recent2,KOSDAQ150,foreign,090710,휴림로봇,864421,351186,-513235,5412261850,2197752245,-3214509605,KRX MDCSTAT02401_OUT
recent2,KOSDAQ150,foreign,035900,JYP Ent.,347616,264862,-82754,13505200750,10246657875,-3258542875,KRX MDCSTAT02401_OUT
recent2,KOSDAQ150,foreign,100790,미래에셋벤처투자,441284,251075,-190209,7599219940,4332968515,-3266251425,KRX MDCSTAT02401_OUT
recent2,KOSDAQ150,foreign,039200,오스코텍,142190,56826,-85364,5563932000,2206700750,-3357231250,KRX MDCSTAT02401_OUT
recent2,KOSDAQ150,foreign,178320,서진시스템,497596,407844,-89752,20682024775,16853453050,-3828571725,KRX MDCSTAT02401_OUT
recent2,KOSDAQ150,foreign,310210,보로노이,64801,38948,-25853,9446063550,5549042200,-3897021350,KRX MDCSTAT02401_OUT
recent2,KOSDAQ150,foreign,030530,원익홀딩스,404873,270980,-133893,11831554475,7883840050,-3947714425,KRX MDCSTAT02401_OUT
recent2,KOSDAQ150,foreign,189300,인텔리안테크,109740,40386,-69354,7563157600,2696292400,-4866865200,KRX MDCSTAT02401_OUT
recent2,KOSDAQ150,foreign,131970,두산테스나,372295,330541,-41754,44642033400,39269058450,-5372974950,KRX MDCSTAT02401_OUT
recent2,KOSDAQ150,foreign,257720,실리콘투,459351,307738,-151613,17044618125,11209012700,-5835605425,KRX MDCSTAT02401_OUT
recent2,KOSDAQ150,foreign,099320,쎄트렉아이,121826,46929,-74897,9343829150,3493833150,-5849996000,KRX MDCSTAT02401_OUT
recent2,KOSDAQ150,foreign,089970,브이엠,372560,282499,-90061,24904566250,18870311950,-6034254300,KRX MDCSTAT02401_OUT
recent2,KOSDAQ150,foreign,298380,에이비엘바이오,319059,204603,-114456,16200036875,10109591825,-6090445050,KRX MDCSTAT02401_OUT
recent2,KOSDAQ150,foreign,241710,코스메카코리아,145358,87867,-57491,16788072300,10144437450,-6643634850,KRX MDCSTAT02401_OUT
recent2,KOSDAQ150,foreign,290650,엘앤씨바이오,354918,238334,-116584,20255091350,13533179500,-6721911850,KRX MDCSTAT02401_OUT
recent2,KOSDAQ150,foreign,417200,LS머트리얼즈,1307626,879635,-427991,20766328420,13761509420,-7004819000,KRX MDCSTAT02401_OUT
recent2,KOSDAQ150,foreign,323280,태성,297141,177173,-119968,18222969600,10882975550,-7339994050,KRX MDCSTAT02401_OUT
recent2,KOSDAQ150,foreign,056080,유진로봇,845379,248495,-596884,10515149645,3076771385,-7438378260,KRX MDCSTAT02401_OUT
recent2,KOSDAQ150,foreign,277810,레인보우로보틱스,48282,30736,-17546,21429545250,13658462500,-7771082750,KRX MDCSTAT02401_OUT
recent2,KOSDAQ150,foreign,032820,우리기술,1695105,1068417,-626688,21247969550,13300388220,-7947581330,KRX MDCSTAT02401_OUT
recent2,KOSDAQ150,foreign,141080,리가켐바이오,223769,123533,-100236,17792951800,9549475050,-8243476750,KRX MDCSTAT02401_OUT
recent2,KOSDAQ150,foreign,101490,에스앤에스텍,332932,151717,-181215,17770083100,8037418550,-9732664550,KRX MDCSTAT02401_OUT
recent2,KOSDAQ150,foreign,347850,디앤디파마텍,557048,341521,-215527,25270430400,15329603825,-9940826575,KRX MDCSTAT02401_OUT
recent2,KOSDAQ150,foreign,086520,에코프로,543829,433789,-110040,50301579850,40167964350,-10133615500,KRX MDCSTAT02401_OUT
recent2,KOSDAQ150,foreign,043260,성호전자,1717190,1388960,-328230,57061288275,46229549400,-10831738875,KRX MDCSTAT02401_OUT
recent2,KOSDAQ150,foreign,078600,대주전자재료,209291,108304,-100987,23790319200,12270941300,-11519377900,KRX MDCSTAT02401_OUT
recent2,KOSDAQ150,foreign,028300,HLB,749660,462554,-287106,34577167050,21453243950,-13123923100,KRX MDCSTAT02401_OUT
recent2,KOSDAQ150,foreign,319400,현대무벡스,1004248,299926,-704322,20521893195,6100075340,-14421817855,KRX MDCSTAT02401_OUT
recent2,KOSDAQ150,foreign,226950,올릭스,216346,77100,-139246,26089737550,9207657950,-16882079600,KRX MDCSTAT02401_OUT
recent2,KOSDAQ150,foreign,080220,제주반도체,882258,681916,-200342,76670219250,59039493000,-17630726250,KRX MDCSTAT02401_OUT
recent2,KOSDAQ150,foreign,247540,에코프로비엠,389823,249942,-139881,49512105400,31688882800,-17823222600,KRX MDCSTAT02401_OUT
recent2,KOSDAQ150,foreign,058470,리노공업,937759,725032,-212727,82028391150,63495167300,-18533223850,KRX MDCSTAT02401_OUT
recent2,KOSDAQ150,foreign,038500,삼표시멘트,7004523,3457041,-3547482,55109679905,27279839125,-27829840780,KRX MDCSTAT02401_OUT
recent2,KOSDAQ150,foreign,000250,삼천당제약,277272,102499,-174773,66607833500,24233805250,-42374028250,KRX MDCSTAT02401_OUT
recent2,KOSDAQ150,institution,058470,리노공업,793245,1035237,241992,69550698672,90872515172,21321816500,KRX MDCSTAT02401_OUT
recent2,KOSDAQ150,institution,226950,올릭스,144015,277725,133710,17250688900,33614206350,16363517450,KRX MDCSTAT02401_OUT
recent2,KOSDAQ150,institution,319400,현대무벡스,71746,558906,487160,1446379240,11537496950,10091117710,KRX MDCSTAT02401_OUT
recent2,KOSDAQ150,institution,241710,코스메카코리아,29050,109126,80076,3305736800,12599585750,9293848950,KRX MDCSTAT02401_OUT
recent2,KOSDAQ150,institution,417200,LS머트리얼즈,474888,1035726,560838,7462639030,16451616910,8988977880,KRX MDCSTAT02401_OUT
recent2,KOSDAQ150,institution,031980,피에스케이홀딩스,128978,168645,39667,26455639700,35038302950,8582663250,KRX MDCSTAT02401_OUT
recent2,KOSDAQ150,institution,078600,대주전자재료,40741,104500,63759,4618354100,11944926700,7326572600,KRX MDCSTAT02401_OUT
recent2,KOSDAQ150,institution,140860,파크시스템스,15623,37804,22181,4892107500,11835352750,6943245250,KRX MDCSTAT02401_OUT
recent2,KOSDAQ150,institution,000250,삼천당제약,156903,181955,25052,37472399500,43183026750,5710627250,KRX MDCSTAT02401_OUT
recent2,KOSDAQ150,institution,257720,실리콘투,271621,416027,144406,9778477750,15446549350,5668071600,KRX MDCSTAT02401_OUT
recent2,KOSDAQ150,institution,056080,유진로봇,84221,530618,446397,1041860135,6652983375,5611123240,KRX MDCSTAT02401_OUT
recent2,KOSDAQ150,institution,035900,JYP Ent.,70389,191089,120700,2707484475,7456478600,4748994125,KRX MDCSTAT02401_OUT
recent2,KOSDAQ150,institution,089970,브이엠,220594,275853,55259,14759332600,18551831700,3792499100,KRX MDCSTAT02401_OUT
recent2,KOSDAQ150,institution,295310,에이치브이엠,102679,148468,45789,7561497850,11067145650,3505647800,KRX MDCSTAT02401_OUT
recent2,KOSDAQ150,institution,039200,오스코텍,36061,111665,75604,1390479325,4401949650,3011470325,KRX MDCSTAT02401_OUT
recent2,KOSDAQ150,institution,328130,루닛,46736,305203,258467,521284265,3454514630,2933230365,KRX MDCSTAT02401_OUT
recent2,KOSDAQ150,institution,251970,펌텍코리아,65679,108208,42529,4401788950,7256194600,2854405650,KRX MDCSTAT02401_OUT
recent2,KOSDAQ150,institution,028300,HLB,237507,292881,55374,10889443650,13551044575,2661600925,KRX MDCSTAT02401_OUT
recent2,KOSDAQ150,institution,277810,레인보우로보틱스,20005,25516,5511,8776921250,11250793500,2473872250,KRX MDCSTAT02401_OUT
recent2,KOSDAQ150,institution,096530,씨젠,125583,187569,61986,4848676000,7302166900,2453490900,KRX MDCSTAT02401_OUT
recent2,KOSDAQ150,institution,466100,클로봇,22470,116506,94036,513846000,2659826675,2145980675,KRX MDCSTAT02401_OUT
recent2,KOSDAQ150,institution,323280,태성,27538,61763,34225,1681042000,3769865500,2088823500,KRX MDCSTAT02401_OUT
recent2,KOSDAQ150,institution,121600,나노신소재,24545,53458,28913,1561707350,3410275750,1848568400,KRX MDCSTAT02401_OUT
recent2,KOSDAQ150,institution,178320,서진시스템,113655,157079,43424,4694252975,6520847650,1826594675,KRX MDCSTAT02401_OUT
recent2,KOSDAQ150,institution,166090,하나머티리얼즈,64185,91629,27444,4066282700,5868371650,1802088950,KRX MDCSTAT02401_OUT
recent2,KOSDAQ150,institution,005290,동진쎄미켐,190836,220937,30101,9801473650,11406345250,1604871600,KRX MDCSTAT02401_OUT
recent2,KOSDAQ150,institution,145020,휴젤,13987,21560,7573,2549572800,3950124000,1400551200,KRX MDCSTAT02401_OUT
recent2,KOSDAQ150,institution,098460,고영,458855,493406,34551,17157983100,18499692825,1341709725,KRX MDCSTAT02401_OUT
recent2,KOSDAQ150,institution,014620,성광벤드,45552,82885,37333,1332410400,2428461300,1096050900,KRX MDCSTAT02401_OUT
recent2,KOSDAQ150,institution,033100,제룡전기,16502,37113,20611,814093725,1843037600,1028943875,KRX MDCSTAT02401_OUT
recent2,KOSDAQ150,institution,161580,필옵틱스,15439,38142,22703,646911200,1605044400,958133200,KRX MDCSTAT02401_OUT
recent2,KOSDAQ150,institution,006730,서부T&D,148199,209380,61181,1750544710,2490032290,739487580,KRX MDCSTAT02401_OUT
recent2,KOSDAQ150,institution,281740,레이크머티리얼즈,86102,140832,54730,1104310860,1805044415,700733555,KRX MDCSTAT02401_OUT
recent2,KOSDAQ150,institution,376300,디어유,24416,58418,34002,461303985,1119757890,658453905,KRX MDCSTAT02401_OUT
recent2,KOSDAQ150,institution,214430,아이쓰리시스템,4398,12329,7931,346691300,979368150,632676850,KRX MDCSTAT02401_OUT
recent2,KOSDAQ150,institution,042000,카페24,28268,50474,22206,636062650,1140667700,504605050,KRX MDCSTAT02401_OUT
recent2,KOSDAQ150,institution,053800,안랩,10511,16349,5838,814844150,1262373300,447529150,KRX MDCSTAT02401_OUT
recent2,KOSDAQ150,institution,137400,피엔티,37378,50372,12994,1225557000,1656035325,430478325,KRX MDCSTAT02401_OUT
recent2,KOSDAQ150,institution,399720,가온칩스,5232,14079,8847,248551975,674670100,426118125,KRX MDCSTAT02401_OUT
recent2,KOSDAQ150,institution,215200,메가스터디교육,12500,23141,10641,480685050,893361925,412676875,KRX MDCSTAT02401_OUT
recent2,KOSDAQ150,institution,247540,에코프로비엠,252841,254887,2046,32088117050,32500584650,412467600,KRX MDCSTAT02401_OUT
recent2,KOSDAQ150,institution,009520,포스코엠텍,66604,96874,30270,882647400,1285653730,403006330,KRX MDCSTAT02401_OUT
recent2,KOSDAQ150,institution,253590,네오셈,13484,36213,22729,216509415,585979090,369469675,KRX MDCSTAT02401_OUT
recent2,KOSDAQ150,institution,388720,유일로보틱스,6386,11527,5141,444780100,808118200,363338100,KRX MDCSTAT02401_OUT
recent2,KOSDAQ150,institution,067160,SOOP,17282,26391,9109,638081700,980563300,342481600,KRX MDCSTAT02401_OUT
recent2,KOSDAQ150,institution,196170,알테오젠,340048,340906,858,83373577500,83655213000,281635500,KRX MDCSTAT02401_OUT
recent2,KOSDAQ150,institution,035760,CJ ENM,68301,74986,6685,2388683675,2650693375,262009700,KRX MDCSTAT02401_OUT
recent2,KOSDAQ150,institution,125490,한라캐스트,15376,29550,14174,199308040,385288065,185980025,KRX MDCSTAT02401_OUT
recent2,KOSDAQ150,institution,025900,동화기업,21354,32534,11180,157634200,241629180,83994980,KRX MDCSTAT02401_OUT
recent2,KOSDAQ150,institution,036830,솔브레인홀딩스,32546,34189,1643,1607080225,1689417400,82337175,KRX MDCSTAT02401_OUT
recent2,KOSDAQ150,institution,038500,삼표시멘트,661370,673563,12193,5164257570,5246483025,82225455,KRX MDCSTAT02401_OUT
recent2,KOSDAQ150,institution,095660,네오위즈,18239,22489,4250,324868460,403987280,79118820,KRX MDCSTAT02401_OUT
recent2,KOSDAQ150,institution,112040,위메이드,106971,108871,1900,1672550760,1706900625,34349865,KRX MDCSTAT02401_OUT
recent2,KOSDAQ150,institution,0009K0,에임드바이오,27370,28006,636,679332625,713658900,34326275,KRX MDCSTAT02401_OUT
recent2,KOSDAQ150,institution,018290,브이티,71131,71457,326,938040210,962271905,24231695,KRX MDCSTAT02401_OUT
recent2,KOSDAQ150,institution,475830,오름테라퓨틱,19552,20117,565,382043270,399045570,17002300,KRX MDCSTAT02401_OUT
recent2,KOSDAQ150,institution,101730,위메이드맥스,13452,15521,2069,66035899,76736230,10700331,KRX MDCSTAT02401_OUT
recent2,KOSDAQ150,institution,211050,인카금융서비스,24728,25593,865,243285750,253423110,10137360,KRX MDCSTAT02401_OUT
recent2,KOSDAQ150,institution,032190,다우데이타,9155,9495,340,171643780,179186085,7542305,KRX MDCSTAT02401_OUT
recent2,KOSDAQ150,institution,025980,아난티,45561,46304,743,224279540,229913960,5634420,KRX MDCSTAT02401_OUT
recent2,KOSDAQ150,institution,030530,원익홀딩스,49096,48822,-274,1415512625,1416830975,1318350,KRX MDCSTAT02401_OUT
recent2,KOSDAQ150,institution,015750,성우하이텍,37154,36898,-256,218875040,218661170,-213870,KRX MDCSTAT02401_OUT
recent2,KOSDAQ150,institution,272290,이녹스첨단소재,33217,32740,-477,741579600,729056825,-12522775,KRX MDCSTAT02401_OUT
recent2,KOSDAQ150,institution,025320,시노펙스,47497,43577,-3920,188927105,174241490,-14685615,KRX MDCSTAT02401_OUT
recent2,KOSDAQ150,institution,090710,휴림로봇,76042,72085,-3957,469746345,453506710,-16239635,KRX MDCSTAT02401_OUT
recent2,KOSDAQ150,institution,100790,미래에셋벤처투자,12509,11160,-1349,213916075,192547370,-21368705,KRX MDCSTAT02401_OUT
recent2,KOSDAQ150,institution,060250,NHN KCP,14083,11858,-2225,187855060,160180620,-27674440,KRX MDCSTAT02401_OUT
recent2,KOSDAQ150,institution,069080,웹젠,60106,57249,-2857,727826030,695199390,-32626640,KRX MDCSTAT02401_OUT
recent2,KOSDAQ150,institution,085660,차바이오텍,64793,58671,-6122,540214040,498130930,-42083110,KRX MDCSTAT02401_OUT
recent2,KOSDAQ150,institution,048410,현대바이오,180382,170694,-9688,1277682895,1213053580,-64629315,KRX MDCSTAT02401_OUT
recent2,KOSDAQ150,institution,082270,젬백스,28768,21648,-7120,308478300,238985280,-69493020,KRX MDCSTAT02401_OUT
recent2,KOSDAQ150,institution,194480,데브시스터즈,16790,10322,-6468,231084950,142480390,-88604560,KRX MDCSTAT02401_OUT
recent2,KOSDAQ150,institution,050890,쏠리드,45079,35171,-9908,450756010,358554025,-92201985,KRX MDCSTAT02401_OUT
recent2,KOSDAQ150,institution,032500,케이엠더블유,28051,22398,-5653,561689510,453728550,-107960960,KRX MDCSTAT02401_OUT
recent2,KOSDAQ150,institution,278280,천보,9330,5966,-3364,361454100,231772900,-129681200,KRX MDCSTAT02401_OUT
recent2,KOSDAQ150,institution,065350,신성델타테크,25435,20813,-4622,828991400,682211100,-146780300,KRX MDCSTAT02401_OUT
recent2,KOSDAQ150,institution,036620,감성코퍼레이션,116173,67360,-48813,437964773,256725430,-181239343,KRX MDCSTAT02401_OUT
recent2,KOSDAQ150,institution,358570,지아이이노베이션,71407,48206,-23201,610069065,426471980,-183597085,KRX MDCSTAT02401_OUT
recent2,KOSDAQ150,institution,080220,제주반도체,156480,153248,-3232,13451659500,13253851500,-197808000,KRX MDCSTAT02401_OUT
recent2,KOSDAQ150,institution,352480,씨앤씨인터내셔널,13076,2080,-10996,267375490,43118350,-224257140,KRX MDCSTAT02401_OUT
recent2,KOSDAQ150,institution,056190,SFA,103359,94513,-8846,3253694100,2983379150,-270314950,KRX MDCSTAT02401_OUT
recent2,KOSDAQ150,institution,348210,넥스틴,34386,26905,-7481,1341166175,1065315325,-275850850,KRX MDCSTAT02401_OUT
recent2,KOSDAQ150,institution,214370,케어젠,38390,30199,-8191,1616352650,1320878075,-295474575,KRX MDCSTAT02401_OUT
recent2,KOSDAQ150,institution,030520,한컴,74297,55604,-18693,1324892785,986543935,-338348850,KRX MDCSTAT02401_OUT
recent2,KOSDAQ150,institution,293490,카카오게임즈,135219,98804,-36415,1323399460,969545040,-353854420,KRX MDCSTAT02401_OUT
recent2,KOSDAQ150,institution,036810,에프에스티,20558,9293,-11265,703793100,321833150,-381959950,KRX MDCSTAT02401_OUT
recent2,KOSDAQ150,institution,074600,원익QnC,139740,128170,-11570,4515732050,4133201050,-382531000,KRX MDCSTAT02401_OUT
recent2,KOSDAQ150,institution,033500,동성화인텍,39818,14621,-25197,619777330,228830415,-390946915,KRX MDCSTAT02401_OUT
recent2,KOSDAQ150,institution,068760,셀트리온제약,22690,12340,-10350,886864250,489997400,-396866850,KRX MDCSTAT02401_OUT
recent2,KOSDAQ150,institution,445680,큐리옥스바이오시스템즈,23904,16401,-7503,1356515950,923240150,-433275800,KRX MDCSTAT02401_OUT
recent2,KOSDAQ150,institution,253450,스튜디오드래곤,54664,32361,-22303,1134556450,674284025,-460272425,KRX MDCSTAT02401_OUT
recent2,KOSDAQ150,institution,348370,엔켐,53388,31505,-21883,1201685075,712974975,-488710100,KRX MDCSTAT02401_OUT
recent2,KOSDAQ150,institution,041190,우리기술투자,129833,44265,-85568,769076430,270343755,-498732675,KRX MDCSTAT02401_OUT
recent2,KOSDAQ150,institution,263750,펄어비스,101159,84922,-16237,3322452375,2805928075,-516524300,KRX MDCSTAT02401_OUT
recent2,KOSDAQ150,institution,041510,에스엠,55936,47818,-8118,4386874700,3771989500,-614885200,KRX MDCSTAT02401_OUT
recent2,KOSDAQ150,institution,101490,에스앤에스텍,54265,39846,-14419,2883210800,2120806900,-762403900,KRX MDCSTAT02401_OUT
recent2,KOSDAQ150,institution,225570,넥슨게임즈,124869,44524,-80345,1253887280,464471420,-789415860,KRX MDCSTAT02401_OUT
recent2,KOSDAQ150,institution,060280,큐렉소,113239,15826,-97413,982573675,139107130,-843466545,KRX MDCSTAT02401_OUT
recent2,KOSDAQ150,institution,078340,컴투스,54449,30951,-23498,1975351150,1123631475,-851719675,KRX MDCSTAT02401_OUT
recent2,KOSDAQ150,institution,086520,에코프로,480593,470487,-10106,44435434950,43561912350,-873522600,KRX MDCSTAT02401_OUT
recent2,KOSDAQ150,institution,122870,와이지엔터테인먼트,66961,44642,-22319,2739447700,1834597250,-904850450,KRX MDCSTAT02401_OUT
recent2,KOSDAQ150,institution,214150,클래시스,92810,60830,-31980,2826703850,1854345150,-972358700,KRX MDCSTAT02401_OUT
recent2,KOSDAQ150,institution,003380,하림지주,314568,227136,-87432,3628822180,2632887205,-995934975,KRX MDCSTAT02401_OUT
recent2,KOSDAQ150,institution,007390,네이처셀,85514,44306,-41208,2097585275,1094002050,-1003583225,KRX MDCSTAT02401_OUT
recent2,KOSDAQ150,institution,052400,코나아이,45082,16803,-28279,1620186025,607610900,-1012575125,KRX MDCSTAT02401_OUT
recent2,KOSDAQ150,institution,171090,선익시스템,29661,14690,-14971,2177462200,1095211600,-1082250600,KRX MDCSTAT02401_OUT
recent2,KOSDAQ150,institution,213420,덕산네오룩스,57722,20523,-37199,1725624850,616168500,-1109456350,KRX MDCSTAT02401_OUT
recent2,KOSDAQ150,institution,082920,비츠로셀,131675,74629,-57046,3724852675,2136479550,-1588373125,KRX MDCSTAT02401_OUT
recent2,KOSDAQ150,institution,189300,인텔리안테크,47680,22455,-25225,3118986500,1516670500,-1602316000,KRX MDCSTAT02401_OUT
recent2,KOSDAQ150,institution,084370,유진테크,133590,122868,-10722,22975636250,21234933450,-1740702800,KRX MDCSTAT02401_OUT
recent2,KOSDAQ150,institution,032820,우리기술,282841,127943,-154898,3382871125,1600673910,-1782197215,KRX MDCSTAT02401_OUT
recent2,KOSDAQ150,institution,347850,디앤디파마텍,95588,51171,-44417,4177997425,2340449900,-1837547525,KRX MDCSTAT02401_OUT
recent2,KOSDAQ150,institution,099320,쎄트렉아이,33758,7281,-26477,2381294500,543646700,-1837647800,KRX MDCSTAT02401_OUT
recent2,KOSDAQ150,institution,310210,보로노이,39014,25058,-13956,5530704950,3629665750,-1901039200,KRX MDCSTAT02401_OUT
recent2,KOSDAQ150,institution,290650,엘앤씨바이오,174568,138636,-35932,9953727750,8022000750,-1931727000,KRX MDCSTAT02401_OUT
recent2,KOSDAQ150,institution,089030,테크윙,136112,97654,-38458,7442596600,5390088950,-2052507650,KRX MDCSTAT02401_OUT
recent2,KOSDAQ150,institution,237690,에스티팜,84341,60704,-23637,7928000200,5795654300,-2132345900,KRX MDCSTAT02401_OUT
recent2,KOSDAQ150,institution,124500,아이티센글로벌,98754,9860,-88894,2691028425,276616750,-2414411675,KRX MDCSTAT02401_OUT
recent2,KOSDAQ150,institution,195940,HK이노엔,116920,56038,-60882,4697645275,2271924350,-2425720925,KRX MDCSTAT02401_OUT
recent2,KOSDAQ150,institution,131970,두산테스나,216463,187898,-28565,25391842250,22798907350,-2592934900,KRX MDCSTAT02401_OUT
recent2,KOSDAQ150,institution,087010,펩트론,129949,103284,-26665,13160448500,10349473050,-2810975450,KRX MDCSTAT02401_OUT
recent2,KOSDAQ150,institution,060370,LS마린솔루션,138863,45762,-93101,4615683425,1538166275,-3077517150,KRX MDCSTAT02401_OUT
recent2,KOSDAQ150,institution,420770,기가비스,59594,35484,-24110,8107662650,4870707900,-3236954750,KRX MDCSTAT02401_OUT
recent2,KOSDAQ150,institution,043260,성호전자,855520,751511,-104009,28452813300,25012197100,-3440616200,KRX MDCSTAT02401_OUT
recent2,KOSDAQ150,institution,131290,티에스이,54794,43183,-11611,16935111250,13345159500,-3589951750,KRX MDCSTAT02401_OUT
recent2,KOSDAQ150,institution,183300,코미코,186291,77118,-109173,6265180400,2606330375,-3658850025,KRX MDCSTAT02401_OUT
recent2,KOSDAQ150,institution,218410,RFHIC,170190,106843,-63347,10094136100,6351250700,-3742885400,KRX MDCSTAT02401_OUT
recent2,KOSDAQ150,institution,090360,로보스타,56136,6541,-49595,4271228850,513855950,-3757372900,KRX MDCSTAT02401_OUT
recent2,KOSDAQ150,institution,095340,ISC,148229,128820,-19409,29961355350,26062625600,-3898729750,KRX MDCSTAT02401_OUT
recent2,KOSDAQ150,institution,298380,에이비엘바이오,209681,112787,-96894,10224840725,5571652325,-4653188400,KRX MDCSTAT02401_OUT
recent2,KOSDAQ150,institution,067310,하나마이크론,316112,222074,-94038,16104499650,11333657050,-4770842600,KRX MDCSTAT02401_OUT
recent2,KOSDAQ150,institution,437730,삼현,129745,29753,-99992,6433577050,1529174300,-4904402750,KRX MDCSTAT02401_OUT
recent2,KOSDAQ150,institution,232140,와이씨,470202,178522,-291680,8100135070,3091361990,-5008773080,KRX MDCSTAT02401_OUT
recent2,KOSDAQ150,institution,204270,제이앤티씨,265895,56050,-209845,7032173875,1471401800,-5560772075,KRX MDCSTAT02401_OUT
recent2,KOSDAQ150,institution,083650,비에이치아이,191603,26537,-165066,10467176200,1494099400,-8973076800,KRX MDCSTAT02401_OUT
recent2,KOSDAQ150,institution,036540,SFA반도체,1813060,1011540,-801520,20716139480,11622652710,-9093486770,KRX MDCSTAT02401_OUT
recent2,KOSDAQ150,institution,058610,에스피지,116417,16017,-100400,11478005100,1604207500,-9873797600,KRX MDCSTAT02401_OUT
recent2,KOSDAQ150,institution,064760,티씨케이,80270,38916,-41354,23262839750,11399742250,-11863097500,KRX MDCSTAT02401_OUT
recent2,KOSDAQ150,institution,214450,파마리서치,88769,49501,-39268,26994587000,15083694000,-11910893000,KRX MDCSTAT02401_OUT
recent2,KOSDAQ150,institution,141080,리가켐바이오,296462,110872,-185590,22746727600,8665860900,-14080866700,KRX MDCSTAT02401_OUT
recent2,KOSDAQ150,institution,108490,로보티즈,121040,67723,-53317,36497905750,20674817500,-15823088250,KRX MDCSTAT02401_OUT
recent2,KOSDAQ150,institution,403870,HPSP,996966,682622,-314344,65616785500,44958807150,-20657978350,KRX MDCSTAT02401_OUT
recent2,KOSDAQ150,institution,095610,테스,336599,100951,-235648,55497769350,16659030000,-38838739350,KRX MDCSTAT02401_OUT
recent2,KOSDAQ150,institution,222800,심텍,555460,273196,-282264,95290540450,46927277850,-48363262600,KRX MDCSTAT02401_OUT
recent2,KOSDAQ150,institution,039030,이오테크닉스,223259,119548,-103711,117228281000,62813676500,-54414604500,KRX MDCSTAT02401_OUT
recent2,KOSDAQ150,institution,240810,원익IPS,1003878,502171,-501707,135495076448,68145535448,-67349541000,KRX MDCSTAT02401_OUT
recent2,KOSDAQ150,institution,036930,주성엔지니어링,971214,705952,-265262,256504789740,188216666490,-68288123250,KRX MDCSTAT02401_OUT
recent3,KOSPI200,foreign,007660,이수페타시스,1482000,2255586,773586,188693372600,288435241100,99741868500,KRX MDCSTAT02401_OUT
recent3,KOSPI200,foreign,006400,삼성SDI,343718,509094,165376,196374776404,289110358904,92735582500,KRX MDCSTAT02401_OUT
recent3,KOSPI200,foreign,000990,DB하이텍,460139,923963,463824,64019832350,127641228200,63621395850,KRX MDCSTAT02401_OUT
recent3,KOSPI200,foreign,373220,LG에너지솔루션,569688,714455,144767,226763441250,284576024500,57812583250,KRX MDCSTAT02401_OUT
recent3,KOSPI200,foreign,009540,HD한국조선해양,346503,518841,172338,105439242705,156567215455,51127972750,KRX MDCSTAT02401_OUT
recent3,KOSPI200,foreign,278470,에이피알,474967,577222,102255,174931118378,213201388128,38270269750,KRX MDCSTAT02401_OUT
recent3,KOSPI200,foreign,003490,대한항공,1308695,2474116,1165421,40304348275,76194065150,35889716875,KRX MDCSTAT02401_OUT
recent3,KOSPI200,foreign,028260,삼성물산,594389,677662,83273,196868160500,224783784500,27915624000,KRX MDCSTAT02401_OUT
recent3,KOSPI200,foreign,329180,HD현대중공업,271974,340949,68975,109356414000,136200656000,26844242000,KRX MDCSTAT02401_OUT
recent3,KOSPI200,foreign,000270,기아,1377478,1612777,235299,150218537700,175578272200,25359734500,KRX MDCSTAT02401_OUT
recent3,KOSPI200,foreign,032830,삼성생명,377244,457474,80230,105665473000,127089519000,21424046000,KRX MDCSTAT02401_OUT
recent3,KOSPI200,foreign,009830,한화솔루션,1674066,2207970,533904,61108318975,80699320750,19591001775,KRX MDCSTAT02401_OUT
recent3,KOSPI200,foreign,086790,하나금융지주,976800,1125459,148659,124153075600,143041908000,18888832400,KRX MDCSTAT02401_OUT
recent3,KOSPI200,foreign,017670,SK텔레콤,370690,546741,176051,32220716500,47107524250,14886807750,KRX MDCSTAT02401_OUT
recent3,KOSPI200,foreign,011200,HMM,819739,1430620,610881,17328397190,30213944215,12885547025,KRX MDCSTAT02401_OUT
recent3,KOSPI200,foreign,071050,한국금융지주,215960,288952,72992,37839349050,50106913500,12267564450,KRX MDCSTAT02401_OUT
recent3,KOSPI200,foreign,000810,삼성화재,171322,190723,19401,106926034826,118837758826,11911724000,KRX MDCSTAT02401_OUT
recent3,KOSPI200,foreign,028050,삼성E&A,1679397,1906951,227554,81227491100,92364843975,11137352875,KRX MDCSTAT02401_OUT
recent3,KOSPI200,foreign,443060,HD현대마린솔루션,136073,182526,46453,29984043591,40247178341,10263134750,KRX MDCSTAT02401_OUT
recent3,KOSPI200,foreign,078930,GS,526406,623693,97287,56182547850,66052342350,9869794500,KRX MDCSTAT02401_OUT
recent3,KOSPI200,foreign,006260,LS,233722,271334,37612,67067589750,76665358750,9597769000,KRX MDCSTAT02401_OUT
recent3,KOSPI200,foreign,039490,키움증권,123290,161346,38056,30483079583,39939933833,9456854250,KRX MDCSTAT02401_OUT
recent3,KOSPI200,foreign,018260,삼성에스디에스,185706,232035,46329,38466932900,47697321450,9230388550,KRX MDCSTAT02401_OUT
recent3,KOSPI200,foreign,003550,LG,285565,369609,84044,31887327280,40991755880,9104428600,KRX MDCSTAT02401_OUT
recent3,KOSPI200,foreign,000100,유한양행,210689,332210,121521,15810820600,24810565100,8999744500,KRX MDCSTAT02401_OUT
recent3,KOSPI200,foreign,161890,한국콜마,451222,511994,60772,63029507250,71485186000,8455678750,KRX MDCSTAT02401_OUT
recent3,KOSPI200,foreign,023530,롯데쇼핑,114611,199307,84696,11326430050,19600548000,8274117950,KRX MDCSTAT02401_OUT
recent3,KOSPI200,foreign,483650,달바글로벌,95926,140041,44115,17216428600,25333016800,8116588200,KRX MDCSTAT02401_OUT
recent3,KOSPI200,foreign,097950,CJ제일제당,60839,104560,43721,11042392800,19066666950,8024274150,KRX MDCSTAT02401_OUT
recent3,KOSPI200,foreign,033780,KT&G,341727,385988,44261,60584259150,68563844800,7979585650,KRX MDCSTAT02401_OUT
recent3,KOSPI200,foreign,005830,DB손해보험,311180,352866,41686,57896579404,65667988854,7771409450,KRX MDCSTAT02401_OUT
recent3,KOSPI200,foreign,001450,현대해상,402021,565911,163890,19063350050,26806807250,7743457200,KRX MDCSTAT02401_OUT
recent3,KOSPI200,foreign,047040,대우건설,2745066,3151820,406754,47712429600,55026687805,7314258205,KRX MDCSTAT02401_OUT
recent3,KOSPI200,foreign,352820,하이브,242639,283125,40486,39572844878,46146279078,6573434200,KRX MDCSTAT02401_OUT
recent3,KOSPI200,foreign,267250,HD현대,399214,437309,38095,75365121140,81938157090,6573035950,KRX MDCSTAT02401_OUT
recent3,KOSPI200,foreign,204320,HL만도,323210,450081,126871,14903665900,20761404275,5857738375,KRX MDCSTAT02401_OUT
recent3,KOSPI200,foreign,004020,현대제철,661884,861920,200036,19284294775,25137390125,5853095350,KRX MDCSTAT02401_OUT
recent3,KOSPI200,foreign,030000,제일기획,338084,635845,297761,6341252975,11988884145,5647631170,KRX MDCSTAT02401_OUT
recent3,KOSPI200,foreign,375500,DL이앤씨,291080,372129,81049,20806701550,26315590850,5508889300,KRX MDCSTAT02401_OUT
recent3,KOSPI200,foreign,090430,아모레퍼시픽,334987,373121,38134,44933415064,50426659264,5493244200,KRX MDCSTAT02401_OUT
recent3,KOSPI200,foreign,068270,셀트리온,313292,342420,29128,57047721500,62288060050,5240338550,KRX MDCSTAT02401_OUT
recent3,KOSPI200,foreign,004170,신세계,89660,104151,14491,28553258750,33059052250,4505793500,KRX MDCSTAT02401_OUT
recent3,KOSPI200,foreign,271560,오리온,100981,141210,40229,10646101494,14880876594,4234775100,KRX MDCSTAT02401_OUT
recent3,KOSPI200,foreign,138930,BNK금융지주,976102,1245993,269891,15258274950,19485963040,4227688090,KRX MDCSTAT02401_OUT
recent3,KOSPI200,foreign,180640,한진칼,57328,87918,30590,7616580180,11661337830,4044757650,KRX MDCSTAT02401_OUT
recent3,KOSPI200,foreign,069960,현대백화점,110001,155300,45299,9545327750,13438541200,3893213450,KRX MDCSTAT02401_OUT
recent3,KOSPI200,foreign,120110,코오롱인더,151217,213919,62702,8565586950,12264154000,3698567050,KRX MDCSTAT02401_OUT
recent3,KOSPI200,foreign,323410,카카오뱅크,787548,967302,179754,15586401665,19168668670,3582267005,KRX MDCSTAT02401_OUT
recent3,KOSPI200,foreign,002380,KCC,25650,32731,7081,12031209500,15356500250,3325290750,KRX MDCSTAT02401_OUT
recent3,KOSPI200,foreign,021240,코웨이,289213,322056,32843,29344035000,32651961250,3307926250,KRX MDCSTAT02401_OUT
recent3,KOSPI200,foreign,001040,CJ,88332,111459,23127,11528647450,14573329300,3044681850,KRX MDCSTAT02401_OUT
recent3,KOSPI200,foreign,161390,한국타이어앤테크놀로지,355743,401694,45951,21699733000,24596530750,2896797750,KRX MDCSTAT02401_OUT
recent3,KOSPI200,foreign,011780,금호석유화학,78287,100871,22584,9095798150,11753417850,2657619700,KRX MDCSTAT02401_OUT
recent3,KOSPI200,foreign,047050,포스코인터내셔널,412509,452894,40385,23550611250,25882206800,2331595550,KRX MDCSTAT02401_OUT
recent3,KOSPI200,foreign,088350,한화생명,1680940,2116182,435242,8871900420,11157601680,2285701260,KRX MDCSTAT02401_OUT
recent3,KOSPI200,foreign,034230,파라다이스,463210,695469,232259,4522390025,6792244250,2269854225,KRX MDCSTAT02401_OUT
recent3,KOSPI200,foreign,267270,HD건설기계,366588,389150,22562,41474386900,43714537950,2240151050,KRX MDCSTAT02401_OUT
recent3,KOSPI200,foreign,036460,한국가스공사,133241,190151,56910,4791930650,6848690550,2056759900,KRX MDCSTAT02401_OUT
recent3,KOSPI200,foreign,450080,에코프로머티,316520,363892,47372,12258456100,14099890125,1841434025,KRX MDCSTAT02401_OUT
recent3,KOSPI200,foreign,002790,아모레퍼시픽홀딩스,136097,207624,71527,3514888375,5350757550,1835869175,KRX MDCSTAT02401_OUT
recent3,KOSPI200,foreign,241560,두산밥캣,280423,313051,32628,15346994490,17111506490,1764512000,KRX MDCSTAT02401_OUT
recent3,KOSPI200,foreign,259960,크래프톤,180253,187893,7640,34958185300,36647135050,1688949750,KRX MDCSTAT02401_OUT
recent3,KOSPI200,foreign,302440,SK바이오사이언스,60519,105658,45139,2268597475,3939881650,1671284175,KRX MDCSTAT02401_OUT
recent3,KOSPI200,foreign,069620,대웅제약,14089,27685,13596,1537773100,3025639250,1487866150,KRX MDCSTAT02401_OUT
recent3,KOSPI200,foreign,010130,고려아연,17294,18667,1373,18490703100,19890218600,1399515500,KRX MDCSTAT02401_OUT
recent3,KOSPI200,foreign,007340,DN오토모티브,124791,152595,27804,6161032375,7519759325,1358726950,KRX MDCSTAT02401_OUT
recent3,KOSPI200,foreign,003230,삼양식품,28972,29953,981,34559271500,35903991000,1344719500,KRX MDCSTAT02401_OUT
recent3,KOSPI200,foreign,192080,더블유게임즈,81993,100812,18819,4678199650,5749286550,1071086900,KRX MDCSTAT02401_OUT
recent3,KOSPI200,foreign,280360,롯데웰푸드,16681,25443,8762,2030030250,3088614800,1058584550,KRX MDCSTAT02401_OUT
recent3,KOSPI200,foreign,005850,에스엘,74198,93463,19265,3787365800,4781176600,993810800,KRX MDCSTAT02401_OUT
recent3,KOSPI200,foreign,298020,효성티앤씨,30651,33658,3007,8704390250,9596837250,892447000,KRX MDCSTAT02401_OUT
recent3,KOSPI200,foreign,139480,이마트,95886,108392,12506,6824972500,7694835050,869862550,KRX MDCSTAT02401_OUT
recent3,KOSPI200,foreign,285130,SK케미칼,34306,51267,16961,1769280550,2637521300,868240750,KRX MDCSTAT02401_OUT
recent3,KOSPI200,foreign,185750,종근당,13519,26325,12806,890383850,1733506800,843122950,KRX MDCSTAT02401_OUT
recent3,KOSPI200,foreign,251270,넷마블,217845,241371,23526,7460112550,8282505375,822392825,KRX MDCSTAT02401_OUT
recent3,KOSPI200,foreign,138040,메리츠금융지주,200517,207079,6562,25956284350,26744974300,788689950,KRX MDCSTAT02401_OUT
recent3,KOSPI200,foreign,009420,한올바이오파마,225077,243106,18029,10400438650,11177506875,777068225,KRX MDCSTAT02401_OUT
recent3,KOSPI200,foreign,003240,태광산업,709,1483,774,647158000,1357837000,710679000,KRX MDCSTAT02401_OUT
recent3,KOSPI200,foreign,282330,BGF리테일,77099,82359,5260,9894016550,10553407550,659391000,KRX MDCSTAT02401_OUT
recent3,KOSPI200,foreign,035250,강원랜드,217973,255670,37697,3112497200,3647710785,535213585,KRX MDCSTAT02401_OUT
recent3,KOSPI200,foreign,011170,롯데케미칼,120099,127011,6912,7246580400,7734024700,487444300,KRX MDCSTAT02401_OUT
recent3,KOSPI200,foreign,006040,동원산업,38990,51823,12833,1364864325,1813141425,448277100,KRX MDCSTAT02401_OUT
recent3,KOSPI200,foreign,000080,하이트진로,70829,98713,27884,1047069540,1461710115,414640575,KRX MDCSTAT02401_OUT
recent3,KOSPI200,foreign,051910,LG화학,363047,367284,4237,102001877250,102405398000,403520750,KRX MDCSTAT02401_OUT
recent3,KOSPI200,foreign,022100,포스코DX,283764,298230,14466,6052485075,6404981425,352496350,KRX MDCSTAT02401_OUT
recent3,KOSPI200,foreign,006650,대한유화,46247,49585,3338,4155046350,4495870050,340823700,KRX MDCSTAT02401_OUT
recent3,KOSPI200,foreign,300720,한일시멘트,34479,55598,21119,556659560,897298170,340638610,KRX MDCSTAT02401_OUT
recent3,KOSPI200,foreign,004000,롯데정밀화학,47472,54323,6851,2014734275,2312081625,297347350,KRX MDCSTAT02401_OUT
recent3,KOSPI200,foreign,137310,에스디바이오센서,260728,300397,39669,1733750910,1996990920,263240010,KRX MDCSTAT02401_OUT
recent3,KOSPI200,foreign,002840,미원상사,2376,4273,1897,328641500,590019200,261377700,KRX MDCSTAT02401_OUT
recent3,KOSPI200,foreign,069260,TKG휴켐스,50236,65758,15522,796152820,1040911090,244758270,KRX MDCSTAT02401_OUT
recent3,KOSPI200,foreign,005300,롯데칠성,20766,22981,2215,1974971063,2188788663,213817600,KRX MDCSTAT02401_OUT
recent3,KOSPI200,foreign,000120,CJ대한통운,61458,64192,2734,4298518100,4493768350,195250250,KRX MDCSTAT02401_OUT
recent3,KOSPI200,foreign,003090,대웅,87009,96568,9559,1344489625,1492034595,147544970,KRX MDCSTAT02401_OUT
recent3,KOSPI200,foreign,007070,GS리테일,130217,135293,5076,2865552925,2981179550,115626625,KRX MDCSTAT02401_OUT
recent3,KOSPI200,foreign,000240,한국앤컴퍼니,62774,67246,4472,1631264350,1736868450,105604100,KRX MDCSTAT02401_OUT
recent3,KOSPI200,foreign,014820,동원시스템즈,16336,21033,4697,359554650,458883450,99328800,KRX MDCSTAT02401_OUT
recent3,KOSPI200,foreign,051600,한전KPS,98602,101583,2981,4423729250,4520221600,96492350,KRX MDCSTAT02401_OUT
recent3,KOSPI200,foreign,000210,DL,39258,41142,1884,1929156025,2018886950,89730925,KRX MDCSTAT02401_OUT
recent3,KOSPI200,foreign,009970,영원무역홀딩스,16998,17375,377,2846669400,2906736300,60066900,KRX MDCSTAT02401_OUT
recent3,KOSPI200,foreign,268280,미원에스씨,1882,2032,150,239363300,258532700,19169400,KRX MDCSTAT02401_OUT
recent3,KOSPI200,foreign,007700,F&F홀딩스,3818,3524,-294,51309750,47365850,-3943900,KRX MDCSTAT02401_OUT
recent3,KOSPI200,foreign,002030,아세아,2412,2277,-135,499883200,469894000,-29989200,KRX MDCSTAT02401_OUT
recent3,KOSPI200,foreign,298050,HS효성첨단소재,7986,7591,-395,1307003400,1241998000,-65005400,KRX MDCSTAT02401_OUT
recent3,KOSPI200,foreign,001800,오리온홀딩스,82801,78610,-4191,1875277375,1778340750,-96936625,KRX MDCSTAT02401_OUT
recent3,KOSPI200,foreign,000670,영풍,37776,35124,-2652,1536363500,1424157725,-112205775,KRX MDCSTAT02401_OUT
recent3,KOSPI200,foreign,071320,지역난방공사,12411,10539,-1872,973011700,829805300,-143206400,KRX MDCSTAT02401_OUT
recent3,KOSPI200,foreign,008730,율촌화학,107745,92431,-15314,1685429105,1439448350,-245980755,KRX MDCSTAT02401_OUT
recent3,KOSPI200,foreign,009240,한샘,33276,25566,-7710,1345289100,1033225350,-312063750,KRX MDCSTAT02401_OUT
recent3,KOSPI200,foreign,007310,오뚜기,10689,9656,-1033,3351493500,3024972000,-326521500,KRX MDCSTAT02401_OUT
recent3,KOSPI200,foreign,005420,코스모화학,175827,138432,-37395,2048034300,1618731320,-429302980,KRX MDCSTAT02401_OUT
recent3,KOSPI200,foreign,011210,현대위아,96488,88183,-8305,5072654600,4630126450,-442528150,KRX MDCSTAT02401_OUT
recent3,KOSPI200,foreign,034730,SK,203588,203025,-563,116478288896,115975725396,-502563500,KRX MDCSTAT02401_OUT
recent3,KOSPI200,foreign,001680,대상,85428,55875,-29553,1505908440,985342440,-520566000,KRX MDCSTAT02401_OUT
recent3,KOSPI200,foreign,003030,세아제강지주,22730,17916,-4814,2457563400,1919166500,-538396900,KRX MDCSTAT02401_OUT
recent3,KOSPI200,foreign,012750,에스원,190431,183333,-7098,16043103296,15434456296,-608647000,KRX MDCSTAT02401_OUT
recent3,KOSPI200,foreign,014680,한솔케미칼,61972,59758,-2214,16911093500,16288208000,-622885500,KRX MDCSTAT02401_OUT
recent3,KOSPI200,foreign,004370,농심,25404,23830,-1574,10110353500,9484483000,-625870500,KRX MDCSTAT02401_OUT
recent3,KOSPI200,foreign,029780,삼성카드,102846,86259,-16587,4283795575,3594657450,-689138125,KRX MDCSTAT02401_OUT
recent3,KOSPI200,foreign,006280,녹십자,32074,25663,-6411,4141563750,3312042850,-829520900,KRX MDCSTAT02401_OUT
recent3,KOSPI200,foreign,028670,팬오션,3646613,3485408,-161205,22235085580,21357405055,-877680525,KRX MDCSTAT02401_OUT
recent3,KOSPI200,foreign,111770,영원무역,150233,136908,-13325,10425234550,9455796400,-969438150,KRX MDCSTAT02401_OUT
recent3,KOSPI200,foreign,051900,LG생활건강,81213,77580,-3633,21782917000,20785646750,-997270250,KRX MDCSTAT02401_OUT
recent3,KOSPI200,foreign,017800,현대엘리베이터,176118,160303,-15815,12668770329,11536876979,-1131893350,KRX MDCSTAT02401_OUT
recent3,KOSPI200,foreign,026960,동서,112851,64109,-48742,3060693425,1716099925,-1344593500,KRX MDCSTAT02401_OUT
recent3,KOSPI200,foreign,361610,SK아이이테크놀로지,470862,390239,-80623,8496381100,7074769225,-1421611875,KRX MDCSTAT02401_OUT
recent3,KOSPI200,foreign,004990,롯데지주,169787,103612,-66175,3946218025,2401467125,-1544750900,KRX MDCSTAT02401_OUT
recent3,KOSPI200,foreign,073240,금호타이어,1307942,1044416,-263526,8803819900,7007611835,-1796208065,KRX MDCSTAT02401_OUT
recent3,KOSPI200,foreign,030200,KT,230759,193319,-37440,11920427820,9984005870,-1936421950,KRX MDCSTAT02401_OUT
recent3,KOSPI200,foreign,081660,미스토홀딩스,279207,227258,-51949,10829537275,8785274850,-2044262425,KRX MDCSTAT02401_OUT
recent3,KOSPI200,foreign,008770,호텔신라,243586,186542,-57044,9526518725,7301949875,-2224568850,KRX MDCSTAT02401_OUT
recent3,KOSPI200,foreign,035720,카카오,1742363,1675420,-66943,57553469275,55266137100,-2287332175,KRX MDCSTAT02401_OUT
recent3,KOSPI200,foreign,377300,카카오페이,167559,107147,-60412,6593290200,4232449050,-2360841150,KRX MDCSTAT02401_OUT
recent3,KOSPI200,foreign,175330,JB금융지주,673750,581664,-92086,19007320875,16418629625,-2588691250,KRX MDCSTAT02401_OUT
recent3,KOSPI200,foreign,001430,세아베스틸지주,181598,118086,-63512,8384271725,5411083250,-2973188475,KRX MDCSTAT02401_OUT
recent3,KOSPI200,foreign,017960,한국카본,248913,92010,-156903,5026976540,1835105590,-3191870950,KRX MDCSTAT02401_OUT
recent3,KOSPI200,foreign,139130,iM금융지주,1261989,1078266,-183723,22860005360,19507061120,-3352944240,KRX MDCSTAT02401_OUT
recent3,KOSPI200,foreign,032640,LG유플러스,1140117,869995,-270122,16545011065,12627456645,-3917554420,KRX MDCSTAT02401_OUT
recent3,KOSPI200,foreign,009150,삼성전기,666006,661118,-4888,1084874676789,1080746559289,-4128117500,KRX MDCSTAT02401_OUT
recent3,KOSPI200,foreign,011790,SKC,306438,268316,-38122,33731671950,29486271450,-4245400500,KRX MDCSTAT02401_OUT
recent3,KOSPI200,foreign,086280,현대글로비스,235218,214184,-21034,44727864100,40464045500,-4263818600,KRX MDCSTAT02401_OUT
recent3,KOSPI200,foreign,016360,삼성증권,557894,505419,-52475,49068279204,44602884704,-4465394500,KRX MDCSTAT02401_OUT
recent3,KOSPI200,foreign,0126Z0,삼성에피스홀딩스,53042,39250,-13792,19082825750,14294608500,-4788217250,KRX MDCSTAT02401_OUT
recent3,KOSPI200,foreign,457190,이수스페셜티케미컬,210443,147185,-63258,17115232850,12021915400,-5093317450,KRX MDCSTAT02401_OUT
recent3,KOSPI200,foreign,000720,현대건설,660507,613040,-47467,72686510700,67292743700,-5393767000,KRX MDCSTAT02401_OUT
recent3,KOSPI200,foreign,454910,두산로보틱스,386118,299290,-86828,27917369300,21961018850,-5956350450,KRX MDCSTAT02401_OUT
recent3,KOSPI200,foreign,071970,HD현대마린엔진,296843,158730,-138113,13663171150,7027474750,-6635696400,KRX MDCSTAT02401_OUT
recent3,KOSPI200,foreign,326030,SK바이오팜,176446,84729,-91717,13270036850,6358800650,-6911236200,KRX MDCSTAT02401_OUT
recent3,KOSPI200,foreign,000880,한화,212490,149637,-62853,25004628552,17681712652,-7322915900,KRX MDCSTAT02401_OUT
recent3,KOSPI200,foreign,112610,씨에스윈드,363739,221946,-141793,20765820800,12569851450,-8195969350,KRX MDCSTAT02401_OUT
recent3,KOSPI200,foreign,096770,SK이노베이션,917151,865499,-51652,145137140178,136263967328,-8873172850,KRX MDCSTAT02401_OUT
recent3,KOSPI200,foreign,018880,한온시스템,9440104,7168771,-2271333,37164794150,28289247907,-8875546243,KRX MDCSTAT02401_OUT
recent3,KOSPI200,foreign,103140,풍산,327986,206105,-121881,23679639450,14314843950,-9364795500,KRX MDCSTAT02401_OUT
recent3,KOSPI200,foreign,034220,LG디스플레이,4550035,3410253,-1139782,38097528095,28606061225,-9491466870,KRX MDCSTAT02401_OUT
recent3,KOSPI200,foreign,093370,후성,2929210,2290435,-638775,45960547040,35894467895,-10066079145,KRX MDCSTAT02401_OUT
recent3,KOSPI200,foreign,066970,엘앤에프,443080,352331,-90749,52944997450,42430849300,-10514148150,KRX MDCSTAT02401_OUT
recent3,KOSPI200,foreign,003670,포스코퓨처엠,511082,446942,-64140,99638457100,87975962700,-11662494400,KRX MDCSTAT02401_OUT
recent3,KOSPI200,foreign,064350,현대로템,544130,442053,-102077,59494355500,47750924600,-11743430900,KRX MDCSTAT02401_OUT
recent3,KOSPI200,foreign,024110,기업은행,1409668,815288,-594380,28232131230,16343543745,-11888587485,KRX MDCSTAT02401_OUT
recent3,KOSPI200,foreign,064400,LG씨엔에스,647322,468342,-178980,45342867914,33300243814,-12042624100,KRX MDCSTAT02401_OUT
recent3,KOSPI200,foreign,042700,한미반도체,842373,801432,-40941,227972404750,215898181000,-12074223750,KRX MDCSTAT02401_OUT
recent3,KOSPI200,foreign,307950,현대오토에버,66398,33923,-32475,24923465250,12769559500,-12153905750,KRX MDCSTAT02401_OUT
recent3,KOSPI200,foreign,005940,NH투자증권,1187833,700387,-487446,30389308813,17982257663,-12407051150,KRX MDCSTAT02401_OUT
recent3,KOSPI200,foreign,105560,KB금융,1303941,1224529,-79412,216914443900,203789097850,-13125346050,KRX MDCSTAT02401_OUT
recent3,KOSPI200,foreign,052690,한전기술,351678,230410,-121268,43631071700,28869661750,-14761409950,KRX MDCSTAT02401_OUT
recent3,KOSPI200,foreign,008930,한미사이언스,612843,361511,-251332,36138356800,21065410050,-15072946750,KRX MDCSTAT02401_OUT
recent3,KOSPI200,foreign,015760,한국전력,1284220,707978,-576242,38144535700,21111988900,-17032546800,KRX MDCSTAT02401_OUT
recent3,KOSPI200,foreign,010950,S-Oil,494435,387585,-106850,82137041600,64742073700,-17394967900,KRX MDCSTAT02401_OUT
recent3,KOSPI200,foreign,036570,NC,291683,198373,-93310,66506247750,45461202250,-21045045500,KRX MDCSTAT02401_OUT
recent3,KOSPI200,foreign,010060,OCI홀딩스,208340,112684,-95656,50328708750,27002711750,-23325997000,KRX MDCSTAT02401_OUT
recent3,KOSPI200,foreign,316140,우리금융지주,4826375,4073327,-753048,159417882191,134499335466,-24918546725,KRX MDCSTAT02401_OUT
recent3,KOSPI200,foreign,192820,코스맥스,290653,208142,-82511,86656844500,61690160750,-24966683750,KRX MDCSTAT02401_OUT
recent3,KOSPI200,foreign,012330,현대모비스,451781,383934,-67847,167873237338,141620485838,-26252751500,KRX MDCSTAT02401_OUT
recent3,KOSPI200,foreign,010140,삼성중공업,3423518,2066908,-1356610,66495903855,40054600360,-26441303495,KRX MDCSTAT02401_OUT
recent3,KOSPI200,foreign,006800,미래에셋증권,1959187,1077079,-882108,60262083525,33634174025,-26627909500,KRX MDCSTAT02401_OUT
recent3,KOSPI200,foreign,082740,한화엔진,1077957,466253,-611704,47731813025,20392274950,-27339538075,KRX MDCSTAT02401_OUT
recent3,KOSPI200,foreign,055550,신한지주,1585184,1314670,-270514,161681473730,133726551330,-27954922400,KRX MDCSTAT02401_OUT
recent3,KOSPI200,foreign,042660,한화오션,916663,550575,-366088,68830696500,40686076550,-28144619950,KRX MDCSTAT02401_OUT
recent3,KOSPI200,foreign,011070,LG이노텍,371136,321362,-49774,224961237500,196552922500,-28408315000,KRX MDCSTAT02401_OUT
recent3,KOSPI200,foreign,005490,POSCO홀딩스,341595,247691,-93904,106201457000,76951575000,-29249882000,KRX MDCSTAT02401_OUT
recent3,KOSPI200,foreign,062040,산일전기,562332,409430,-152902,130295398000,94560015750,-35735382250,KRX MDCSTAT02401_OUT
recent3,KOSPI200,foreign,047810,한국항공우주,616630,273640,-342990,76979300000,34014875050,-42964424950,KRX MDCSTAT02401_OUT
recent3,KOSPI200,foreign,000150,두산,128816,95138,-33678,181905308500,136063745000,-45841563500,KRX MDCSTAT02401_OUT
recent3,KOSPI200,foreign,010120,LS ELECTRIC,839904,525638,-314266,174698158200,110836337000,-63861821200,KRX MDCSTAT02401_OUT
recent3,KOSPI200,foreign,128940,한미약품,218618,88460,-130158,110487295000,45788655250,-64698639750,KRX MDCSTAT02401_OUT
recent3,KOSPI200,foreign,272210,한화시스템,1627719,758012,-869707,129119089100,60096318100,-69022771000,KRX MDCSTAT02401_OUT
recent3,KOSPI200,foreign,267260,HD현대일렉트릭,282004,175493,-106511,181600741500,111037451000,-70563290500,KRX MDCSTAT02401_OUT
recent3,KOSPI200,foreign,001440,대한전선,3940119,1277242,-2662877,118883011200,39440612975,-79442398225,KRX MDCSTAT02401_OUT
recent3,KOSPI200,foreign,035420,NAVER,826538,333334,-493204,155317649300,62417331500,-92900317800,KRX MDCSTAT02401_OUT
recent3,KOSPI200,foreign,012450,한화에어로스페이스,363296,272528,-90768,350177661500,255790623000,-94387038500,KRX MDCSTAT02401_OUT
recent3,KOSPI200,foreign,207940,삼성바이오로직스,173156,99644,-73512,221300503000,126357629500,-94942873500,KRX MDCSTAT02401_OUT
recent3,KOSPI200,foreign,005380,현대차,771713,482227,-289486,258895924250,161330189500,-97565734750,KRX MDCSTAT02401_OUT
recent3,KOSPI200,foreign,079550,LIG디펜스앤에어로스페이스,302825,115289,-187536,200331893000,75357948500,-124973944500,KRX MDCSTAT02401_OUT
recent3,KOSPI200,foreign,034020,두산에너빌리티,3920140,1916456,-2003684,309634232200,153331500700,-156302731500,KRX MDCSTAT02401_OUT
recent3,KOSPI200,foreign,066570,LG전자,1856065,1027942,-828123,396208294950,227892103150,-168316191800,KRX MDCSTAT02401_OUT
recent3,KOSPI200,foreign,298040,효성중공업,153469,58023,-95446,404450068500,154025735500,-250424333000,KRX MDCSTAT02401_OUT
recent3,KOSPI200,foreign,402340,SK스퀘어,1157345,768064,-389281,1301210727318,877723829818,-423486897500,KRX MDCSTAT02401_OUT
recent3,KOSPI200,foreign,005930,삼성전자,19545209,16033426,-3511783,5242422121324,4297075043324,-945347078000,KRX MDCSTAT02401_OUT
recent3,KOSPI200,foreign,000660,SK하이닉스,4413228,2325014,-2088214,7668816414369,4016980112869,-3651836301500,KRX MDCSTAT02401_OUT
recent3,KOSPI200,institution,402340,SK스퀘어,650180,867781,217601,728871969500,969329617000,240457647500,KRX MDCSTAT02401_OUT
recent3,KOSPI200,institution,006400,삼성SDI,387666,625646,237980,221096282500,357611606000,136515323500,KRX MDCSTAT02401_OUT
recent3,KOSPI200,institution,096770,SK이노베이션,778301,1464295,685994,122890567050,233530476800,110639909750,KRX MDCSTAT02401_OUT
recent3,KOSPI200,institution,373220,LG에너지솔루션,531202,744300,213098,211332744500,295396896000,84064151500,KRX MDCSTAT02401_OUT
recent3,KOSPI200,institution,011070,LG이노텍,177518,288446,110928,107994053500,176320307000,68326253500,KRX MDCSTAT02401_OUT
recent3,KOSPI200,institution,000150,두산,50964,90236,39272,71687846500,128234009000,56546162500,KRX MDCSTAT02401_OUT
recent3,KOSPI200,institution,051910,LG화학,316802,455919,139117,88207733500,127925440500,39717707000,KRX MDCSTAT02401_OUT
recent3,KOSPI200,institution,272210,한화시스템,794522,1219739,425217,61565978350,96732850400,35166872050,KRX MDCSTAT02401_OUT
recent3,KOSPI200,institution,010950,S-Oil,267793,458801,191008,44769141700,76925984550,32156842850,KRX MDCSTAT02401_OUT
recent3,KOSPI200,institution,066570,LG전자,741748,864497,122749,158518114700,188645293600,30127178900,KRX MDCSTAT02401_OUT
recent3,KOSPI200,institution,192820,코스맥스,129682,215888,86206,39054558750,64848260250,25793701500,KRX MDCSTAT02401_OUT
recent3,KOSPI200,institution,018880,한온시스템,1680128,7941346,6261218,6607897467,31430046947,24822149480,KRX MDCSTAT02401_OUT
recent3,KOSPI200,institution,010060,OCI홀딩스,97600,188204,90604,23373785750,45555904500,22182118750,KRX MDCSTAT02401_OUT
recent3,KOSPI200,institution,011790,SKC,180154,372640,192486,19696929050,41060965950,21364036900,KRX MDCSTAT02401_OUT
recent3,KOSPI200,institution,062040,산일전기,113197,200026,86829,26128502500,46282638750,20154136250,KRX MDCSTAT02401_OUT
recent3,KOSPI200,institution,112610,씨에스윈드,157332,435681,278349,8896379600,24947612900,16051233300,KRX MDCSTAT02401_OUT
recent3,KOSPI200,institution,352820,하이브,195248,287259,92011,31961247850,47398507400,15437259550,KRX MDCSTAT02401_OUT
recent3,KOSPI200,institution,055550,신한지주,922402,1054065,131663,94107541200,107817960600,13710419400,KRX MDCSTAT02401_OUT
recent3,KOSPI200,institution,066970,엘앤에프,403660,508937,105277,48460103650,61610024600,13149920950,KRX MDCSTAT02401_OUT
recent3,KOSPI200,institution,278470,에이피알,161553,190273,28720,59609863500,71047544750,11437681250,KRX MDCSTAT02401_OUT
recent3,KOSPI200,institution,034020,두산에너빌리티,2402060,2544843,142783,189630356050,200675333500,11044977450,KRX MDCSTAT02401_OUT
recent3,KOSPI200,institution,316140,우리금융지주,1262776,1585510,322734,41602407025,52411147825,10808740800,KRX MDCSTAT02401_OUT
recent3,KOSPI200,institution,307950,현대오토에버,32507,61277,28770,12210902000,22938530750,10727628750,KRX MDCSTAT02401_OUT
recent3,KOSPI200,institution,009830,한화솔루션,1021905,1297148,275243,37214141825,47359114500,10144972675,KRX MDCSTAT02401_OUT
recent3,KOSPI200,institution,361610,SK아이이테크놀로지,209825,709318,499493,3821370370,12885721775,9064351405,KRX MDCSTAT02401_OUT
recent3,KOSPI200,institution,015760,한국전력,1234880,1509070,274190,36608589525,44894126750,8285537225,KRX MDCSTAT02401_OUT
recent3,KOSPI200,institution,036570,NC,233812,264837,31025,52979899000,60783565000,7803666000,KRX MDCSTAT02401_OUT
recent3,KOSPI200,institution,047050,포스코인터내셔널,261619,389544,127925,14911512600,22252488850,7340976250,KRX MDCSTAT02401_OUT
recent3,KOSPI200,institution,052690,한전기술,252900,299684,46784,30469072000,36956259500,6487187500,KRX MDCSTAT02401_OUT
recent3,KOSPI200,institution,005940,NH투자증권,344183,576024,231841,8912197675,15017437650,6105239975,KRX MDCSTAT02401_OUT
recent3,KOSPI200,institution,105560,KB금융,690760,726093,35333,114804397300,120907605150,6103207850,KRX MDCSTAT02401_OUT
recent3,KOSPI200,institution,138040,메리츠금융지주,139573,185965,46392,18032439450,24118053700,6085614250,KRX MDCSTAT02401_OUT
recent3,KOSPI200,institution,032640,LG유플러스,442578,789573,346995,6416682850,11461199995,5044517145,KRX MDCSTAT02401_OUT
recent3,KOSPI200,institution,006800,미래에셋증권,1190173,1351230,161057,36478722850,41489337500,5010614650,KRX MDCSTAT02401_OUT
recent3,KOSPI200,institution,034730,SK,163455,171091,7636,93592057000,98602144000,5010087000,KRX MDCSTAT02401_OUT
recent3,KOSPI200,institution,014680,한솔케미칼,51335,68559,17224,14036260750,18748099250,4711838500,KRX MDCSTAT02401_OUT
recent3,KOSPI200,institution,001430,세아베스틸지주,116338,186770,70432,5299059350,8626908700,3327849350,KRX MDCSTAT02401_OUT
recent3,KOSPI200,institution,097950,CJ제일제당,22515,39078,16563,4115091850,7151829850,3036738000,KRX MDCSTAT02401_OUT
recent3,KOSPI200,institution,161390,한국타이어앤테크놀로지,169986,212394,42408,10463581150,13070638550,2607057400,KRX MDCSTAT02401_OUT
recent3,KOSPI200,institution,175330,JB금융지주,471692,561522,89830,13307494500,15832827650,2525333150,KRX MDCSTAT02401_OUT
recent3,KOSPI200,institution,073240,금호타이어,384681,711171,326490,2588334855,4800325785,2211990930,KRX MDCSTAT02401_OUT
recent3,KOSPI200,institution,128940,한미약품,128129,131866,3737,64295448500,66166549500,1871101000,KRX MDCSTAT02401_OUT
recent3,KOSPI200,institution,457190,이수스페셜티케미컬,93155,116056,22901,7629728450,9466602300,1836873850,KRX MDCSTAT02401_OUT
recent3,KOSPI200,institution,022100,포스코DX,167061,252337,85276,3552005075,5380056450,1828051375,KRX MDCSTAT02401_OUT
recent3,KOSPI200,institution,009240,한샘,10983,55265,44282,443852675,2238597200,1794744525,KRX MDCSTAT02401_OUT
recent3,KOSPI200,institution,081660,미스토홀딩스,61849,106875,45026,2377287150,4160942850,1783655700,KRX MDCSTAT02401_OUT
recent3,KOSPI200,institution,111770,영원무역,58791,83127,24336,4100797500,5859418150,1758620650,KRX MDCSTAT02401_OUT
recent3,KOSPI200,institution,034230,파라다이스,143246,304310,161064,1393216250,2986694030,1593477780,KRX MDCSTAT02401_OUT
recent3,KOSPI200,institution,047810,한국항공우주,320892,335544,14652,39791664700,41364697800,1573033100,KRX MDCSTAT02401_OUT
recent3,KOSPI200,institution,012750,에스원,38716,56566,17850,3260214650,4771501650,1511287000,KRX MDCSTAT02401_OUT
recent3,KOSPI200,institution,004370,농심,11378,15081,3703,4516670250,6004705250,1488035000,KRX MDCSTAT02401_OUT
recent3,KOSPI200,institution,000240,한국앤컴퍼니,45173,100925,55752,1168696150,2638155700,1469459550,KRX MDCSTAT02401_OUT
recent3,KOSPI200,institution,298020,효성티앤씨,12980,17361,4381,3629023750,4928381000,1299357250,KRX MDCSTAT02401_OUT
recent3,KOSPI200,institution,003230,삼양식품,26961,27817,856,32043085500,33284603000,1241517500,KRX MDCSTAT02401_OUT
recent3,KOSPI200,institution,139130,iM금융지주,231921,297204,65283,4165240225,5396139070,1230898845,KRX MDCSTAT02401_OUT
recent3,KOSPI200,institution,161890,한국콜마,318575,317842,-733,43758221250,44457244200,699022950,KRX MDCSTAT02401_OUT
recent3,KOSPI200,institution,009970,영원무역홀딩스,13731,16480,2749,2306076150,2797306500,491230350,KRX MDCSTAT02401_OUT
recent3,KOSPI200,institution,003670,포스코퓨처엠,639802,635873,-3929,124289487150,124767400400,477913250,KRX MDCSTAT02401_OUT
recent3,KOSPI200,institution,006280,녹십자,22219,24794,2575,2852510450,3194954000,342443550,KRX MDCSTAT02401_OUT
recent3,KOSPI200,institution,000670,영풍,23847,30557,6710,966111675,1243267725,277156050,KRX MDCSTAT02401_OUT
recent3,KOSPI200,institution,298050,HS효성첨단소재,5168,6125,957,843430500,1003414950,159984450,KRX MDCSTAT02401_OUT
recent3,KOSPI200,institution,000210,DL,38287,41190,2903,1875306750,2024385050,149078300,KRX MDCSTAT02401_OUT
recent3,KOSPI200,institution,002030,아세아,1632,2281,649,336561900,471114500,134552600,KRX MDCSTAT02401_OUT
recent3,KOSPI200,institution,008730,율촌화학,28657,37102,8445,447841310,581618910,133777600,KRX MDCSTAT02401_OUT
recent3,KOSPI200,institution,002840,미원상사,2643,3205,562,364516200,441694500,77178300,KRX MDCSTAT02401_OUT
recent3,KOSPI200,institution,014820,동원시스템즈,23407,26587,3180,512650275,586209800,73559525,KRX MDCSTAT02401_OUT
recent3,KOSPI200,institution,003240,태광산업,1227,1273,46,1118573000,1160703000,42130000,KRX MDCSTAT02401_OUT
recent3,KOSPI200,institution,090430,아모레퍼시픽,197507,196967,-540,26572319050,26604035500,31716450,KRX MDCSTAT02401_OUT
recent3,KOSPI200,institution,007700,F&F홀딩스,2454,3711,1257,32951730,49840170,16888440,KRX MDCSTAT02401_OUT
recent3,KOSPI200,institution,268280,미원에스씨,2713,2578,-135,343873600,330722900,-13150700,KRX MDCSTAT02401_OUT
recent3,KOSPI200,institution,300720,한일시멘트,38224,35399,-2825,615676135,572230710,-43445425,KRX MDCSTAT02401_OUT
recent3,KOSPI200,institution,377300,카카오페이,208162,207448,-714,8124122850,8072518350,-51604500,KRX MDCSTAT02401_OUT
recent3,KOSPI200,institution,036460,한국가스공사,105463,102827,-2636,3789890800,3696484325,-93406475,KRX MDCSTAT02401_OUT
recent3,KOSPI200,institution,001680,대상,25117,19575,-5542,441936385,344693410,-97242975,KRX MDCSTAT02401_OUT
recent3,KOSPI200,institution,005420,코스모화학,91786,82325,-9461,1069884395,965326165,-104558230,KRX MDCSTAT02401_OUT
recent3,KOSPI200,institution,007310,오뚜기,2280,1905,-375,715166250,599292000,-115874250,KRX MDCSTAT02401_OUT
recent3,KOSPI200,institution,069260,TKG휴켐스,42030,34330,-7700,665226640,544138985,-121087655,KRX MDCSTAT02401_OUT
recent3,KOSPI200,institution,137310,에스디바이오센서,134046,113205,-20841,879209100,746615855,-132593245,KRX MDCSTAT02401_OUT
recent3,KOSPI200,institution,000080,하이트진로,59068,47682,-11386,874036890,705865560,-168171330,KRX MDCSTAT02401_OUT
recent3,KOSPI200,institution,088350,한화생명,901718,856154,-45564,4743100065,4521651710,-221448355,KRX MDCSTAT02401_OUT
recent3,KOSPI200,institution,001800,오리온홀딩스,61132,50286,-10846,1380957600,1140606225,-240351375,KRX MDCSTAT02401_OUT
recent3,KOSPI200,institution,003090,대웅,46350,30464,-15886,715000665,471613880,-243386785,KRX MDCSTAT02401_OUT
recent3,KOSPI200,institution,282330,BGF리테일,37868,35682,-2186,4819899800,4563605700,-256294100,KRX MDCSTAT02401_OUT
recent3,KOSPI200,institution,007340,DN오토모티브,70165,64333,-5832,3461126125,3178670025,-282456100,KRX MDCSTAT02401_OUT
recent3,KOSPI200,institution,017960,한국카본,102606,84577,-18029,2017744935,1715993950,-301750985,KRX MDCSTAT02401_OUT
recent3,KOSPI200,institution,005300,롯데칠성,8537,5314,-3223,811298650,506434500,-304864150,KRX MDCSTAT02401_OUT
recent3,KOSPI200,institution,008930,한미사이언스,213113,207871,-5242,11933036400,11618249200,-314787200,KRX MDCSTAT02401_OUT
recent3,KOSPI200,institution,030200,KT,631540,622743,-8797,32515965900,32145248600,-370717300,KRX MDCSTAT02401_OUT
recent3,KOSPI200,institution,071320,지역난방공사,8112,3027,-5085,632432500,235900100,-396532400,KRX MDCSTAT02401_OUT
recent3,KOSPI200,institution,003030,세아제강지주,15851,11498,-4353,1686937250,1239792950,-447144300,KRX MDCSTAT02401_OUT
recent3,KOSPI200,institution,026960,동서,56795,37380,-19415,1512343425,998874400,-513469025,KRX MDCSTAT02401_OUT
recent3,KOSPI200,institution,007070,GS리테일,70339,44792,-25547,1541470600,985197275,-556273325,KRX MDCSTAT02401_OUT
recent3,KOSPI200,institution,185750,종근당,14371,5891,-8480,945182400,387989450,-557192950,KRX MDCSTAT02401_OUT
recent3,KOSPI200,institution,008770,호텔신라,89021,73550,-15471,3468449850,2876228575,-592221275,KRX MDCSTAT02401_OUT
recent3,KOSPI200,institution,006040,동원산업,26124,8441,-17683,912624925,296021450,-616603475,KRX MDCSTAT02401_OUT
recent3,KOSPI200,institution,280360,롯데웰푸드,17946,11893,-6053,2165997100,1445637550,-720359550,KRX MDCSTAT02401_OUT
recent3,KOSPI200,institution,051900,LG생활건강,57206,53365,-3841,15240720250,14367124500,-873595750,KRX MDCSTAT02401_OUT
recent3,KOSPI200,institution,192080,더블유게임즈,40316,24829,-15487,2298969850,1422253650,-876716200,KRX MDCSTAT02401_OUT
recent3,KOSPI200,institution,285130,SK케미칼,59542,41562,-17980,3061066800,2143373400,-917693400,KRX MDCSTAT02401_OUT
recent3,KOSPI200,institution,002790,아모레퍼시픽홀딩스,80282,43181,-37101,2032886225,1113506150,-919380075,KRX MDCSTAT02401_OUT
recent3,KOSPI200,institution,011210,현대위아,42109,23905,-18204,2187421100,1246355100,-941066000,KRX MDCSTAT02401_OUT
recent3,KOSPI200,institution,029780,삼성카드,68981,45784,-23197,2869873550,1903100675,-966772875,KRX MDCSTAT02401_OUT
recent3,KOSPI200,institution,004990,롯데지주,77697,31319,-46378,1799093325,726521200,-1072572125,KRX MDCSTAT02401_OUT
recent3,KOSPI200,institution,009420,한올바이오파마,177295,150877,-26418,8140632800,7039995700,-1100637100,KRX MDCSTAT02401_OUT
recent3,KOSPI200,institution,004000,롯데정밀화학,51081,17815,-33266,2169460875,757258975,-1412201900,KRX MDCSTAT02401_OUT
recent3,KOSPI200,institution,011170,롯데케미칼,70429,47149,-23280,4267856050,2839794850,-1428061200,KRX MDCSTAT02401_OUT
recent3,KOSPI200,institution,006650,대한유화,26879,11158,-15721,2438508700,1007511600,-1430997100,KRX MDCSTAT02401_OUT
recent3,KOSPI200,institution,069620,대웅제약,27268,13246,-14022,2973818900,1446356650,-1527462250,KRX MDCSTAT02401_OUT
recent3,KOSPI200,institution,302440,SK바이오사이언스,88112,43720,-44392,3271924350,1630617250,-1641307100,KRX MDCSTAT02401_OUT
recent3,KOSPI200,institution,035250,강원랜드,265980,143835,-122145,3787691605,2051706590,-1735985015,KRX MDCSTAT02401_OUT
recent3,KOSPI200,institution,016360,삼성증권,220884,200038,-20846,19463300000,17697572900,-1765727100,KRX MDCSTAT02401_OUT
recent3,KOSPI200,institution,012330,현대모비스,310824,302512,-8312,114023942500,112133673750,-1890268750,KRX MDCSTAT02401_OUT
recent3,KOSPI200,institution,005850,에스엘,77245,39015,-38230,3963456100,1987037600,-1976418500,KRX MDCSTAT02401_OUT
recent3,KOSPI200,institution,028670,팬오션,1510419,1179657,-330762,9198735955,7220635250,-1978100705,KRX MDCSTAT02401_OUT
recent3,KOSPI200,institution,139480,이마트,84629,56237,-28392,5989439250,4004664950,-1984774300,KRX MDCSTAT02401_OUT
recent3,KOSPI200,institution,326030,SK바이오팜,78744,50198,-28546,5866849350,3783177200,-2083672150,KRX MDCSTAT02401_OUT
recent3,KOSPI200,institution,079550,LIG디펜스앤에어로스페이스,165152,162245,-2907,107547366000,105422037500,-2125328500,KRX MDCSTAT02401_OUT
recent3,KOSPI200,institution,251270,넷마블,197534,133348,-64186,6762503225,4571424425,-2191078800,KRX MDCSTAT02401_OUT
recent3,KOSPI200,institution,000120,CJ대한통운,48281,16154,-32127,3373705850,1132194850,-2241511000,KRX MDCSTAT02401_OUT
recent3,KOSPI200,institution,454910,두산로보틱스,160747,129019,-31728,11546852050,9291415450,-2255436600,KRX MDCSTAT02401_OUT
recent3,KOSPI200,institution,069960,현대백화점,46991,20283,-26708,4075968450,1757959850,-2318008600,KRX MDCSTAT02401_OUT
recent3,KOSPI200,institution,002380,KCC,11944,6601,-5343,5567417250,3070752500,-2496664750,KRX MDCSTAT02401_OUT
recent3,KOSPI200,institution,051600,한전KPS,127990,66257,-61733,5675378525,2949105800,-2726272725,KRX MDCSTAT02401_OUT
recent3,KOSPI200,institution,241560,두산밥캣,139505,88692,-50813,7569535250,4825884650,-2743650600,KRX MDCSTAT02401_OUT
recent3,KOSPI200,institution,001040,CJ,97265,75845,-21420,12721452150,9928330400,-2793121750,KRX MDCSTAT02401_OUT
recent3,KOSPI200,institution,000880,한화,58039,33611,-24428,6780992750,3947707800,-2833284950,KRX MDCSTAT02401_OUT
recent3,KOSPI200,institution,021240,코웨이,159877,130889,-28988,16171237250,13286712850,-2884524400,KRX MDCSTAT02401_OUT
recent3,KOSPI200,institution,138930,BNK금융지주,790018,598118,-191900,12263265115,9272309640,-2990955475,KRX MDCSTAT02401_OUT
recent3,KOSPI200,institution,028050,삼성E&A,896022,825150,-70872,43277011875,40062753200,-3214258675,KRX MDCSTAT02401_OUT
recent3,KOSPI200,institution,0126Z0,삼성에피스홀딩스,16753,7367,-9386,5931484250,2658689000,-3272795250,KRX MDCSTAT02401_OUT
recent3,KOSPI200,institution,011780,금호석유화학,44902,16588,-28314,5210120950,1930179100,-3279941850,KRX MDCSTAT02401_OUT
recent3,KOSPI200,institution,271560,오리온,98039,61698,-36341,10304019000,6495038100,-3808980900,KRX MDCSTAT02401_OUT
recent3,KOSPI200,institution,034220,LG디스플레이,1436707,958506,-478201,11993981415,7981221235,-4012760180,KRX MDCSTAT02401_OUT
recent3,KOSPI200,institution,005490,POSCO홀딩스,317216,303210,-14006,98340205000,94252958750,-4087246250,KRX MDCSTAT02401_OUT
recent3,KOSPI200,institution,180640,한진칼,78994,47739,-31255,10451343700,6339982900,-4111360800,KRX MDCSTAT02401_OUT
recent3,KOSPI200,institution,017800,현대엘리베이터,97433,38688,-58745,6927062950,2754880700,-4172182250,KRX MDCSTAT02401_OUT
recent3,KOSPI200,institution,023530,롯데쇼핑,87752,43933,-43819,8646902750,4326075600,-4320827150,KRX MDCSTAT02401_OUT
recent3,KOSPI200,institution,005830,DB손해보험,162295,133059,-29236,30199164600,24802584400,-5396580200,KRX MDCSTAT02401_OUT
recent3,KOSPI200,institution,120110,코오롱인더,217265,122197,-95068,12303707400,6894892300,-5408815100,KRX MDCSTAT02401_OUT
recent3,KOSPI200,institution,071970,HD현대마린엔진,156729,29983,-126746,6942736250,1334230875,-5608505375,KRX MDCSTAT02401_OUT
recent3,KOSPI200,institution,001450,현대해상,271539,147263,-124276,12827199875,6974864600,-5852335275,KRX MDCSTAT02401_OUT
recent3,KOSPI200,institution,030000,제일기획,469795,157418,-312377,8857093175,2964500985,-5892592190,KRX MDCSTAT02401_OUT
recent3,KOSPI200,institution,033780,KT&G,187400,154023,-33377,33333782100,27416974250,-5916807850,KRX MDCSTAT02401_OUT
recent3,KOSPI200,institution,323410,카카오뱅크,825235,506260,-318975,16304346070,10023404460,-6280941610,KRX MDCSTAT02401_OUT
recent3,KOSPI200,institution,375500,DL이앤씨,223045,130041,-93004,15744054800,9191846700,-6552208100,KRX MDCSTAT02401_OUT
recent3,KOSPI200,institution,003550,LG,209088,147052,-62036,23059306800,16489056850,-6570249950,KRX MDCSTAT02401_OUT
recent3,KOSPI200,institution,024110,기업은행,659191,328772,-330419,13151668520,6580260135,-6571408385,KRX MDCSTAT02401_OUT
recent3,KOSPI200,institution,450080,에코프로머티,479241,271336,-207905,18535708400,10512658850,-8023049550,KRX MDCSTAT02401_OUT
recent3,KOSPI200,institution,093370,후성,943384,416491,-526893,14625569570,6517879415,-8107690155,KRX MDCSTAT02401_OUT
recent3,KOSPI200,institution,259960,크래프톤,106580,62945,-43635,20599087200,12226684450,-8372402750,KRX MDCSTAT02401_OUT
recent3,KOSPI200,institution,064350,현대로템,534143,455530,-78613,57683008000,48877889500,-8805118500,KRX MDCSTAT02401_OUT
recent3,KOSPI200,institution,001440,대한전선,860859,557884,-302975,26037686250,16900235975,-9137450275,KRX MDCSTAT02401_OUT
recent3,KOSPI200,institution,000100,유한양행,270578,138202,-132376,20099385350,10352214200,-9747171150,KRX MDCSTAT02401_OUT
recent3,KOSPI200,institution,443060,HD현대마린솔루션,109273,64790,-44483,24098080000,14261726250,-9836353750,KRX MDCSTAT02401_OUT
recent3,KOSPI200,institution,035720,카카오,813144,502455,-310689,26757933525,16587896550,-10170036975,KRX MDCSTAT02401_OUT
recent3,KOSPI200,institution,010130,고려아연,21979,11275,-10704,23151523000,11908566000,-11242957000,KRX MDCSTAT02401_OUT
recent3,KOSPI200,institution,064400,LG씨엔에스,373312,194806,-178506,26093255300,13496770100,-12596485200,KRX MDCSTAT02401_OUT
recent3,KOSPI200,institution,011200,HMM,1051433,434302,-617131,22107252850,9177312075,-12929940775,KRX MDCSTAT02401_OUT
recent3,KOSPI200,institution,000720,현대건설,770621,645940,-124681,83696012300,70140815900,-13555196400,KRX MDCSTAT02401_OUT
recent3,KOSPI200,institution,000810,삼성화재,88655,65730,-22925,54790902000,40757438000,-14033464000,KRX MDCSTAT02401_OUT
recent3,KOSPI200,institution,004170,신세계,71902,26911,-44991,22761555000,8524880500,-14236674500,KRX MDCSTAT02401_OUT
recent3,KOSPI200,institution,082740,한화엔진,746565,395476,-351089,32021884325,17617312800,-14404571525,KRX MDCSTAT02401_OUT
recent3,KOSPI200,institution,483650,달바글로벌,143465,62689,-80776,25747629650,11159492450,-14588137200,KRX MDCSTAT02401_OUT
recent3,KOSPI200,institution,204320,HL만도,418881,82447,-336434,19233217375,3788303200,-15444914175,KRX MDCSTAT02401_OUT
recent3,KOSPI200,institution,039490,키움증권,105104,42569,-62535,26112843250,10527231750,-15585611500,KRX MDCSTAT02401_OUT
recent3,KOSPI200,institution,010120,LS ELECTRIC,440034,354920,-85114,90235870750,74345242650,-15890628100,KRX MDCSTAT02401_OUT
recent3,KOSPI200,institution,047040,대우건설,2349169,1425260,-923909,40615926355,24564735920,-16051190435,KRX MDCSTAT02401_OUT
recent3,KOSPI200,institution,042700,한미반도체,798684,730716,-67968,214090071134,196837835634,-17252235500,KRX MDCSTAT02401_OUT
recent3,KOSPI200,institution,086280,현대글로비스,200399,101225,-99174,37867792550,19229279350,-18638513200,KRX MDCSTAT02401_OUT
recent3,KOSPI200,institution,071050,한국금융지주,242058,128695,-113363,41791763200,22469626600,-19322136600,KRX MDCSTAT02401_OUT
recent3,KOSPI200,institution,078930,GS,562411,374479,-187932,59535085750,40168191650,-19366894100,KRX MDCSTAT02401_OUT
recent3,KOSPI200,institution,207940,삼성바이오로직스,40311,24654,-15657,50853110000,31296605000,-19556505000,KRX MDCSTAT02401_OUT
recent3,KOSPI200,institution,017670,SK텔레콤,591138,358082,-233056,50683361050,31107892350,-19575468700,KRX MDCSTAT02401_OUT
recent3,KOSPI200,institution,004020,현대제철,1077895,395813,-682082,31183997500,11510318350,-19673679150,KRX MDCSTAT02401_OUT
recent3,KOSPI200,institution,068270,셀트리온,443565,324766,-118799,80521824000,59191381500,-21330442500,KRX MDCSTAT02401_OUT
recent3,KOSPI200,institution,010140,삼성중공업,3036188,1927174,-1109014,58669529190,37320164710,-21349364480,KRX MDCSTAT02401_OUT
recent3,KOSPI200,institution,103140,풍산,429874,69117,-360757,29664695750,4829074150,-24835621600,KRX MDCSTAT02401_OUT
recent3,KOSPI200,institution,086790,하나금융지주,660444,462179,-198265,83848245200,58776637350,-25071607850,KRX MDCSTAT02401_OUT
recent3,KOSPI200,institution,032830,삼성생명,289622,191230,-98392,79683621500,53398046000,-26285575500,KRX MDCSTAT02401_OUT
recent3,KOSPI200,institution,042660,한화오션,762640,378527,-384113,57001031750,28044560150,-28956471600,KRX MDCSTAT02401_OUT
recent3,KOSPI200,institution,003490,대한항공,2266301,1264788,-1001513,69656303550,38980591125,-30675712425,KRX MDCSTAT02401_OUT
recent3,KOSPI200,institution,018260,삼성에스디에스,217715,61587,-156128,44404645550,12794586450,-31610059100,KRX MDCSTAT02401_OUT
recent3,KOSPI200,institution,267250,HD현대,292819,122344,-170475,54602368050,22912789350,-31689578700,KRX MDCSTAT02401_OUT
recent3,KOSPI200,institution,035420,NAVER,630568,454050,-176518,117866783550,84899738950,-32967044600,KRX MDCSTAT02401_OUT
recent3,KOSPI200,institution,028260,삼성물산,321475,217558,-103917,106969200500,72490099500,-34479101000,KRX MDCSTAT02401_OUT
recent3,KOSPI200,institution,267270,HD건설기계,515090,201157,-313933,57181064550,22603794250,-34577270300,KRX MDCSTAT02401_OUT
recent3,KOSPI200,institution,267260,HD현대일렉트릭,127214,66216,-60998,80873280000,42644805500,-38228474500,KRX MDCSTAT02401_OUT
recent3,KOSPI200,institution,006260,LS,296922,108660,-188262,83913548250,30597639250,-53315909000,KRX MDCSTAT02401_OUT
recent3,KOSPI200,institution,298040,효성중공업,47762,26330,-21432,125467977500,68302010500,-57165967000,KRX MDCSTAT02401_OUT
recent3,KOSPI200,institution,009540,HD한국조선해양,355655,116990,-238665,107349868750,35934898000,-71414970750,KRX MDCSTAT02401_OUT
recent3,KOSPI200,institution,000270,기아,1121739,433712,-688027,122757287550,47417666900,-75339620650,KRX MDCSTAT02401_OUT
recent3,KOSPI200,institution,329180,HD현대중공업,425748,235598,-190150,169912192500,93446413250,-76465779250,KRX MDCSTAT02401_OUT
recent3,KOSPI200,institution,000990,DB하이텍,772990,206147,-566843,106433279552,28697569402,-77735710150,KRX MDCSTAT02401_OUT
recent3,KOSPI200,institution,007660,이수페타시스,1397237,759939,-637298,176349443648,97047459448,-79301984200,KRX MDCSTAT02401_OUT
recent3,KOSPI200,institution,005380,현대차,622076,350817,-271259,208722566000,117942705750,-90779860250,KRX MDCSTAT02401_OUT
recent3,KOSPI200,institution,012450,한화에어로스페이스,224917,87688,-137229,212502270500,85312810000,-127189460500,KRX MDCSTAT02401_OUT
recent3,KOSPI200,institution,009150,삼성전기,633722,527635,-106087,1027963096500,862467895500,-165495201000,KRX MDCSTAT02401_OUT
recent3,KOSPI200,institution,000660,SK하이닉스,2862393,2586536,-275857,5007628265500,4514273562000,-493354703500,KRX MDCSTAT02401_OUT
recent3,KOSPI200,institution,005930,삼성전자,24306997,19206398,-5100599,6551010880250,5197709868750,-1353301011500,KRX MDCSTAT02401_OUT
recent3,KOSDAQ150,foreign,036930,주성엔지니어링,1621827,2277456,655629,429926715500,606679830750,176753115250,KRX MDCSTAT02401_OUT
recent3,KOSDAQ150,foreign,039030,이오테크닉스,87198,202099,114901,46197964000,106541021500,60343057500,KRX MDCSTAT02401_OUT
recent3,KOSDAQ150,foreign,222800,심텍,540409,839376,298967,93759738300,145974636550,52214898250,KRX MDCSTAT02401_OUT
recent3,KOSDAQ150,foreign,098460,고영,1452976,2671084,1218108,53757159550,97490369405,43733209855,KRX MDCSTAT02401_OUT
recent3,KOSDAQ150,foreign,067310,하나마이크론,1380226,2058598,678372,71944225100,107268232800,35324007700,KRX MDCSTAT02401_OUT
recent3,KOSDAQ150,foreign,240810,원익IPS,1113201,1337083,223882,152537997550,182646633050,30108635500,KRX MDCSTAT02401_OUT
recent3,KOSDAQ150,foreign,403870,HPSP,1302028,1658801,356773,87035279800,111082615550,24047335750,KRX MDCSTAT02401_OUT
recent3,KOSDAQ150,foreign,108490,로보티즈,166732,240169,73437,51690787000,74407021250,22716234250,KRX MDCSTAT02401_OUT
recent3,KOSDAQ150,foreign,214450,파마리서치,105498,177472,71974,32129240000,53968137000,21838897000,KRX MDCSTAT02401_OUT
recent3,KOSDAQ150,foreign,064760,티씨케이,58408,121238,62830,17162082750,35302058000,18139975250,KRX MDCSTAT02401_OUT
recent3,KOSDAQ150,foreign,204270,제이앤티씨,1892412,2597685,705273,49235235750,67327254200,18092018450,KRX MDCSTAT02401_OUT
recent3,KOSDAQ150,foreign,095610,테스,232047,338152,106105,39272544400,56548856000,17276311600,KRX MDCSTAT02401_OUT
recent3,KOSDAQ150,foreign,086520,에코프로,817173,958481,141308,76074029900,89569559600,13495529700,KRX MDCSTAT02401_OUT
recent3,KOSDAQ150,foreign,058610,에스피지,165955,285012,119057,17130753050,29524935150,12394182100,KRX MDCSTAT02401_OUT
recent3,KOSDAQ150,foreign,096530,씨젠,525457,756304,230847,20333476975,29386308900,9052831925,KRX MDCSTAT02401_OUT
recent3,KOSDAQ150,foreign,036540,SFA반도체,5475644,6275016,799372,64158649550,73176381355,9017731805,KRX MDCSTAT02401_OUT
recent3,KOSDAQ150,foreign,087010,펩트론,409533,450290,40757,42885140600,48287906800,5402766200,KRX MDCSTAT02401_OUT
recent3,KOSDAQ150,foreign,031980,피에스케이홀딩스,271934,296856,24922,55263383850,60045848250,4782464400,KRX MDCSTAT02401_OUT
recent3,KOSDAQ150,foreign,030530,원익홀딩스,767746,909726,141980,23015901400,27660754700,4644853300,KRX MDCSTAT02401_OUT
recent3,KOSDAQ150,foreign,089030,테크윙,523826,603851,80025,29188884050,33663765600,4474881550,KRX MDCSTAT02401_OUT
recent3,KOSDAQ150,foreign,095340,ISC,220304,240660,20356,44830813450,49021275450,4190462000,KRX MDCSTAT02401_OUT
recent3,KOSDAQ150,foreign,056190,SFA,168874,284792,115918,5305559675,8967333275,3661773600,KRX MDCSTAT02401_OUT
recent3,KOSDAQ150,foreign,166090,하나머티리얼즈,142297,190258,47961,9115315750,12189592500,3074276750,KRX MDCSTAT02401_OUT
recent3,KOSDAQ150,foreign,090360,로보스타,69589,107928,38339,5513097150,8576122750,3063025600,KRX MDCSTAT02401_OUT
recent3,KOSDAQ150,foreign,124500,아이티센글로벌,166172,249314,83142,4701484975,6927548300,2226063325,KRX MDCSTAT02401_OUT
recent3,KOSDAQ150,foreign,237690,에스티팜,91263,115081,23818,8745585150,10943271450,2197686300,KRX MDCSTAT02401_OUT
recent3,KOSDAQ150,foreign,131290,티에스이,247527,254523,6996,77404879000,79535538250,2130659250,KRX MDCSTAT02401_OUT
recent3,KOSDAQ150,foreign,420770,기가비스,40380,54891,14511,5520754050,7444835600,1924081550,KRX MDCSTAT02401_OUT
recent3,KOSDAQ150,foreign,068760,셀트리온제약,43811,86884,43073,1731176900,3440410700,1709233800,KRX MDCSTAT02401_OUT
recent3,KOSDAQ150,foreign,475830,오름테라퓨틱,258977,337297,78320,5210850695,6834050440,1623199745,KRX MDCSTAT02401_OUT
recent3,KOSDAQ150,foreign,025980,아난티,614478,917983,303505,3051867220,4556724413,1504857193,KRX MDCSTAT02401_OUT
recent3,KOSDAQ150,foreign,213420,덕산네오룩스,96194,141840,45646,2894042550,4267434650,1373392100,KRX MDCSTAT02401_OUT
recent3,KOSDAQ150,foreign,007390,네이처셀,120861,174702,53841,2989776000,4321965675,1332189675,KRX MDCSTAT02401_OUT
recent3,KOSDAQ150,foreign,145020,휴젤,85026,92172,7146,15434447250,16716906300,1282459050,KRX MDCSTAT02401_OUT
recent3,KOSDAQ150,foreign,195940,HK이노엔,89773,121204,31431,3662195250,4904806925,1242611675,KRX MDCSTAT02401_OUT
recent3,KOSDAQ150,foreign,215200,메가스터디교육,38222,68744,30522,1463539300,2643418850,1179879550,KRX MDCSTAT02401_OUT
recent3,KOSDAQ150,foreign,183300,코미코,402203,437190,34987,13636414525,14784825275,1148410750,KRX MDCSTAT02401_OUT
recent3,KOSDAQ150,foreign,018290,브이티,317739,389463,71724,4195227305,5185408730,990181425,KRX MDCSTAT02401_OUT
recent3,KOSDAQ150,foreign,083650,비에이치아이,237063,259000,21937,13601954100,14433878100,831924000,KRX MDCSTAT02401_OUT
recent3,KOSDAQ150,foreign,348370,엔켐,275530,309061,33531,6327912300,7135108375,807196075,KRX MDCSTAT02401_OUT
recent3,KOSDAQ150,foreign,052400,코나아이,43270,64839,21569,1583380850,2353112975,769732125,KRX MDCSTAT02401_OUT
recent3,KOSDAQ150,foreign,388720,유일로보틱스,24399,34715,10316,1720542200,2484883950,764341750,KRX MDCSTAT02401_OUT
recent3,KOSDAQ150,foreign,033100,제룡전기,127963,143301,15338,6385172225,7131087450,745915225,KRX MDCSTAT02401_OUT
recent3,KOSDAQ150,foreign,122870,와이지엔터테인먼트,95148,110488,15340,3916801350,4549730300,632928950,KRX MDCSTAT02401_OUT
recent3,KOSDAQ150,foreign,056080,유진로봇,1198531,1338146,139615,15096896720,15727414825,630518105,KRX MDCSTAT02401_OUT
recent3,KOSDAQ150,foreign,263750,펄어비스,143650,161972,18322,4755989375,5350185550,594196175,KRX MDCSTAT02401_OUT
recent3,KOSDAQ150,foreign,253450,스튜디오드래곤,49023,76588,27565,1018123900,1589793350,571669450,KRX MDCSTAT02401_OUT
recent3,KOSDAQ150,foreign,140860,파크시스템스,77100,78898,1798,23843437500,24376757250,533319750,KRX MDCSTAT02401_OUT
recent3,KOSDAQ150,foreign,015750,성우하이텍,116514,184839,68325,691920790,1099540335,407619545,KRX MDCSTAT02401_OUT
recent3,KOSDAQ150,foreign,278280,천보,36498,46260,9762,1423038375,1806258900,383220525,KRX MDCSTAT02401_OUT
recent3,KOSDAQ150,foreign,041510,에스엠,79100,83592,4492,6221563650,6568461550,346897900,KRX MDCSTAT02401_OUT
recent3,KOSDAQ150,foreign,067160,SOOP,56439,65513,9074,2075456075,2408776000,333319925,KRX MDCSTAT02401_OUT
recent3,KOSDAQ150,foreign,003380,하림지주,405796,432682,26886,4707034575,4994193155,287158580,KRX MDCSTAT02401_OUT
recent3,KOSDAQ150,foreign,036620,감성코퍼레이션,149858,190412,40554,564572214,717495680,152923466,KRX MDCSTAT02401_OUT
recent3,KOSDAQ150,foreign,376300,디어유,133629,140338,6709,2528426470,2672110015,143683545,KRX MDCSTAT02401_OUT
recent3,KOSDAQ150,foreign,211050,인카금융서비스,36214,50005,13791,356225480,491352250,135126770,KRX MDCSTAT02401_OUT
recent3,KOSDAQ150,foreign,225570,넥슨게임즈,198205,205115,6910,2061469875,2164189360,102719485,KRX MDCSTAT02401_OUT
recent3,KOSDAQ150,foreign,025900,동화기업,107030,118550,11520,795759920,879396890,83636970,KRX MDCSTAT02401_OUT
recent3,KOSDAQ150,foreign,025320,시노펙스,292245,311149,18904,1166427618,1242808138,76380520,KRX MDCSTAT02401_OUT
recent3,KOSDAQ150,foreign,161580,필옵틱스,283815,286386,2571,11919830450,11984247925,64417475,KRX MDCSTAT02401_OUT
recent3,KOSDAQ150,foreign,171090,선익시스템,40889,41532,643,3072850100,3122668850,49818750,KRX MDCSTAT02401_OUT
recent3,KOSDAQ150,foreign,352480,씨앤씨인터내셔널,11724,13405,1681,239771375,276827890,37056515,KRX MDCSTAT02401_OUT
recent3,KOSDAQ150,foreign,277810,레인보우로보틱스,65998,65314,-684,29640890250,29677042250,36152000,KRX MDCSTAT02401_OUT
recent3,KOSDAQ150,foreign,112040,위메이드,163189,165740,2551,2566557725,2601717640,35159915,KRX MDCSTAT02401_OUT
recent3,KOSDAQ150,foreign,009520,포스코엠텍,136018,136595,577,1811825070,1818965260,7140190,KRX MDCSTAT02401_OUT
recent3,KOSDAQ150,foreign,060250,NHN KCP,185284,186348,1064,2522111705,2523640620,1528915,KRX MDCSTAT02401_OUT
recent3,KOSDAQ150,foreign,194480,데브시스터즈,39403,34933,-4470,546857265,484315720,-62541545,KRX MDCSTAT02401_OUT
recent3,KOSDAQ150,foreign,060280,큐렉소,282358,270379,-11979,2513375845,2387282895,-126092950,KRX MDCSTAT02401_OUT
recent3,KOSDAQ150,foreign,101730,위메이드맥스,1036880,1018333,-18547,5362767904,5173115650,-189652254,KRX MDCSTAT02401_OUT
recent3,KOSDAQ150,foreign,078340,컴투스,71066,66467,-4599,2630862025,2440294500,-190567525,KRX MDCSTAT02401_OUT
recent3,KOSDAQ150,foreign,041190,우리기술투자,1160212,1121795,-38417,7127624120,6887615880,-240008240,KRX MDCSTAT02401_OUT
recent3,KOSDAQ150,foreign,272290,이녹스첨단소재,93160,79964,-13196,2096382250,1792314100,-304068150,KRX MDCSTAT02401_OUT
recent3,KOSDAQ150,foreign,014620,성광벤드,172536,161895,-10641,5108951850,4782823050,-326128800,KRX MDCSTAT02401_OUT
recent3,KOSDAQ150,foreign,006730,서부T&D,556124,520222,-35902,6555833630,6127500190,-428333440,KRX MDCSTAT02401_OUT
recent3,KOSDAQ150,foreign,214370,케어젠,138033,128282,-9751,6004684425,5576323950,-428360475,KRX MDCSTAT02401_OUT
recent3,KOSDAQ150,foreign,0009K0,에임드바이오,124882,107219,-17663,3181826850,2728540600,-453286250,KRX MDCSTAT02401_OUT
recent3,KOSDAQ150,foreign,033500,동성화인텍,120068,90357,-29711,1895005345,1423284105,-471721240,KRX MDCSTAT02401_OUT
recent3,KOSDAQ150,foreign,095660,네오위즈,71192,44371,-26821,1283132655,801482720,-481649935,KRX MDCSTAT02401_OUT
recent3,KOSDAQ150,foreign,437730,삼현,267651,261390,-6261,13856943525,13372209400,-484734125,KRX MDCSTAT02401_OUT
recent3,KOSDAQ150,foreign,082270,젬백스,151923,106774,-45149,1675276835,1173789605,-501487230,KRX MDCSTAT02401_OUT
recent3,KOSDAQ150,foreign,214150,클래시스,217333,200687,-16646,6696162125,6178594725,-517567400,KRX MDCSTAT02401_OUT
recent3,KOSDAQ150,foreign,074600,원익QnC,184753,168770,-15983,6010708075,5481666250,-529041825,KRX MDCSTAT02401_OUT
recent3,KOSDAQ150,foreign,085660,차바이오텍,206339,139075,-67264,1759985975,1183128140,-576857835,KRX MDCSTAT02401_OUT
recent3,KOSDAQ150,foreign,035760,CJ ENM,90460,72677,-17783,3165276950,2539978775,-625298175,KRX MDCSTAT02401_OUT
recent3,KOSDAQ150,foreign,048410,현대바이오,999706,905538,-94168,7129524165,6480504430,-649019735,KRX MDCSTAT02401_OUT
recent3,KOSDAQ150,foreign,328130,루닛,736162,682887,-53275,8228591360,7578040670,-650550690,KRX MDCSTAT02401_OUT
recent3,KOSDAQ150,foreign,069080,웹젠,183887,128122,-55765,2221406905,1544086090,-677320815,KRX MDCSTAT02401_OUT
recent3,KOSDAQ150,foreign,032190,다우데이타,88587,50154,-38433,1682097935,961012470,-721085465,KRX MDCSTAT02401_OUT
recent3,KOSDAQ150,foreign,065350,신성델타테크,95557,67387,-28170,3174691525,2237921575,-936769950,KRX MDCSTAT02401_OUT
recent3,KOSDAQ150,foreign,036810,에프에스티,153684,127286,-26398,5431812975,4440392025,-991420950,KRX MDCSTAT02401_OUT
recent3,KOSDAQ150,foreign,293490,카카오게임즈,500892,390502,-110390,4940782325,3877387850,-1063394475,KRX MDCSTAT02401_OUT
recent3,KOSDAQ150,foreign,032500,케이엠더블유,212958,161749,-51209,4375476705,3306174825,-1069301880,KRX MDCSTAT02401_OUT
recent3,KOSDAQ150,foreign,082920,비츠로셀,393852,354011,-39841,11512730850,10365897050,-1146833800,KRX MDCSTAT02401_OUT
recent3,KOSDAQ150,foreign,042000,카페24,514665,464829,-49836,11672294950,10504992475,-1167302475,KRX MDCSTAT02401_OUT
recent3,KOSDAQ150,foreign,121600,나노신소재,113918,95380,-18538,7241807150,6052996800,-1188810350,KRX MDCSTAT02401_OUT
recent3,KOSDAQ150,foreign,466100,클로봇,234371,172996,-61375,5424130650,4100030975,-1324099675,KRX MDCSTAT02401_OUT
recent3,KOSDAQ150,foreign,060370,LS마린솔루션,204918,160959,-43959,6891484925,5456179750,-1435305175,KRX MDCSTAT02401_OUT
recent3,KOSDAQ150,foreign,399720,가온칩스,122714,91784,-30930,5899700375,4396047050,-1503653325,KRX MDCSTAT02401_OUT
recent3,KOSDAQ150,foreign,125490,한라캐스트,1097364,963893,-133471,14742510480,13049715720,-1692794760,KRX MDCSTAT02401_OUT
recent3,KOSDAQ150,foreign,358570,지아이이노베이션,428522,229706,-198816,3761602300,2040029135,-1721573165,KRX MDCSTAT02401_OUT
recent3,KOSDAQ150,foreign,137400,피엔티,178487,126093,-52394,5885190350,4150559975,-1734630375,KRX MDCSTAT02401_OUT
recent3,KOSDAQ150,foreign,196170,알테오젠,340618,335604,-5014,85082371250,83319263250,-1763108000,KRX MDCSTAT02401_OUT
recent3,KOSDAQ150,foreign,084370,유진테크,342942,332686,-10256,59965514650,57965894700,-1999619950,KRX MDCSTAT02401_OUT
recent3,KOSDAQ150,foreign,348210,넥스틴,128415,77093,-51322,5079272075,3053566225,-2025705850,KRX MDCSTAT02401_OUT
recent3,KOSDAQ150,foreign,036830,솔브레인홀딩스,96251,53909,-42342,4726587975,2645267425,-2081320550,KRX MDCSTAT02401_OUT
recent3,KOSDAQ150,foreign,253590,네오셈,1030482,894098,-136384,16554923815,14374634230,-2180289585,KRX MDCSTAT02401_OUT
recent3,KOSDAQ150,foreign,214430,아이쓰리시스템,50577,23274,-27303,4031656050,1849358300,-2182297750,KRX MDCSTAT02401_OUT
recent3,KOSDAQ150,foreign,090710,휴림로봇,1344656,971253,-373403,8600791345,6321781280,-2279010065,KRX MDCSTAT02401_OUT
recent3,KOSDAQ150,foreign,035900,JYP Ent.,408098,342693,-65405,15806364975,13213513275,-2592851700,KRX MDCSTAT02401_OUT
recent3,KOSDAQ150,foreign,281740,레이크머티리얼즈,608136,380546,-227590,7839094670,4914481840,-2924612830,KRX MDCSTAT02401_OUT
recent3,KOSDAQ150,foreign,218410,RFHIC,343305,296417,-46888,20890252300,17805613550,-3084638750,KRX MDCSTAT02401_OUT
recent3,KOSDAQ150,foreign,039200,오스코텍,196926,113862,-83064,7669934200,4386115650,-3283818550,KRX MDCSTAT02401_OUT
recent3,KOSDAQ150,foreign,445680,큐리옥스바이오시스템즈,147589,90582,-57007,8637089400,5279759050,-3357330350,KRX MDCSTAT02401_OUT
recent3,KOSDAQ150,foreign,030520,한컴,389676,181005,-208671,7053754675,3292773830,-3760980845,KRX MDCSTAT02401_OUT
recent3,KOSDAQ150,foreign,251970,펌텍코리아,223321,161795,-61526,14547031250,10516502000,-4030529250,KRX MDCSTAT02401_OUT
recent3,KOSDAQ150,foreign,310210,보로노이,95924,68376,-27548,14223109700,10059787500,-4163322200,KRX MDCSTAT02401_OUT
recent3,KOSDAQ150,foreign,295310,에이치브이엠,192988,137351,-55637,14442574350,10212504000,-4230070350,KRX MDCSTAT02401_OUT
recent3,KOSDAQ150,foreign,100790,미래에셋벤처투자,779483,532865,-246618,13977514750,9722199895,-4255314855,KRX MDCSTAT02401_OUT
recent3,KOSDAQ150,foreign,232140,와이씨,2366042,2092914,-273128,41459284375,36660627965,-4798656410,KRX MDCSTAT02401_OUT
recent3,KOSDAQ150,foreign,241710,코스메카코리아,293034,243434,-49600,32638063350,26606902600,-6031160750,KRX MDCSTAT02401_OUT
recent3,KOSDAQ150,foreign,050890,쏠리드,1251808,650862,-600946,13042052665,6679673560,-6362379105,KRX MDCSTAT02401_OUT
recent3,KOSDAQ150,foreign,032820,우리기술,2110600,1593948,-516652,26564223880,20021616205,-6542607675,KRX MDCSTAT02401_OUT
recent3,KOSDAQ150,foreign,323280,태성,386879,277782,-109097,23724393800,17060867800,-6663526000,KRX MDCSTAT02401_OUT
recent3,KOSDAQ150,foreign,131970,두산테스나,503839,448774,-55065,59977789700,53115962250,-6861827450,KRX MDCSTAT02401_OUT
recent3,KOSDAQ150,foreign,257720,실리콘투,649358,446975,-202383,23958886775,16288044600,-7670842175,KRX MDCSTAT02401_OUT
recent3,KOSDAQ150,foreign,005290,동진쎄미켐,461360,313889,-147471,23874174850,16150030900,-7724143950,KRX MDCSTAT02401_OUT
recent3,KOSDAQ150,foreign,053800,안랩,399641,316270,-83371,34321451750,26506166650,-7815285100,KRX MDCSTAT02401_OUT
recent3,KOSDAQ150,foreign,290650,엘앤씨바이오,414314,274258,-140056,23366368400,15412771200,-7953597200,KRX MDCSTAT02401_OUT
recent3,KOSDAQ150,foreign,298380,에이비엘바이오,466363,311294,-155069,23939229425,15715961125,-8223268300,KRX MDCSTAT02401_OUT
recent3,KOSDAQ150,foreign,189300,인텔리안테크,212649,83349,-129300,15289775750,5908883600,-9380892150,KRX MDCSTAT02401_OUT
recent3,KOSDAQ150,foreign,141080,리가켐바이오,309713,192819,-116894,25015594400,15375263250,-9640331150,KRX MDCSTAT02401_OUT
recent3,KOSDAQ150,foreign,247540,에코프로비엠,668868,590183,-78685,84841114550,74361100250,-10480014300,KRX MDCSTAT02401_OUT
recent3,KOSDAQ150,foreign,099320,쎄트렉아이,212576,74729,-137847,16849379750,5777376350,-11072003400,KRX MDCSTAT02401_OUT
recent3,KOSDAQ150,foreign,043260,성호전자,2511889,2170428,-341461,82452525925,71260318400,-11192207525,KRX MDCSTAT02401_OUT
recent3,KOSDAQ150,foreign,178320,서진시스템,887242,608486,-278756,37138428075,25344342425,-11794085650,KRX MDCSTAT02401_OUT
recent3,KOSDAQ150,foreign,028300,HLB,2704549,2428531,-276018,128213509750,115445490625,-12768019125,KRX MDCSTAT02401_OUT
recent3,KOSDAQ150,foreign,417200,LS머트리얼즈,2141469,1286160,-855309,33750279320,20111029215,-13639250105,KRX MDCSTAT02401_OUT
recent3,KOSDAQ150,foreign,347850,디앤디파마텍,904823,610407,-294416,41332341200,27647991750,-13684349450,KRX MDCSTAT02401_OUT
recent3,KOSDAQ150,foreign,089970,브이엠,644995,419501,-225494,43565981050,28285450750,-15280530300,KRX MDCSTAT02401_OUT
recent3,KOSDAQ150,foreign,319400,현대무벡스,1242158,484521,-757637,25536717220,9992866115,-15543851105,KRX MDCSTAT02401_OUT
recent3,KOSDAQ150,foreign,101490,에스앤에스텍,552521,198610,-353911,29540437250,10548564600,-18991872650,KRX MDCSTAT02401_OUT
recent3,KOSDAQ150,foreign,078600,대주전자재료,346419,176817,-169602,39150308200,19956716450,-19193591750,KRX MDCSTAT02401_OUT
recent3,KOSDAQ150,foreign,226950,올릭스,346750,130397,-216353,42125970550,15721124250,-26404846300,KRX MDCSTAT02401_OUT
recent3,KOSDAQ150,foreign,038500,삼표시멘트,7124016,3590940,-3533076,55926050625,28198866630,-27727183995,KRX MDCSTAT02401_OUT
recent3,KOSDAQ150,foreign,080220,제주반도체,1483220,1052361,-430859,132184521650,93338393350,-38846128300,KRX MDCSTAT02401_OUT
recent3,KOSDAQ150,foreign,000250,삼천당제약,395272,189189,-206083,94561411250,44753505000,-49807906250,KRX MDCSTAT02401_OUT
recent3,KOSDAQ150,foreign,058470,리노공업,1801038,904242,-896796,157027583350,79057513750,-77970069600,KRX MDCSTAT02401_OUT
recent3,KOSDAQ150,institution,058470,리노공업,943651,1762099,818448,82596371572,154038775122,71442403550,KRX MDCSTAT02401_OUT
recent3,KOSDAQ150,institution,226950,올릭스,186942,403338,216396,22506000300,49070227050,26564226750,KRX MDCSTAT02401_OUT
recent3,KOSDAQ150,institution,417200,LS머트리얼즈,644411,1469635,825224,10110358470,23265971415,13155612945,KRX MDCSTAT02401_OUT
recent3,KOSDAQ150,institution,247540,에코프로비엠,339087,436816,97729,42932376600,55456571450,12524194850,KRX MDCSTAT02401_OUT
recent3,KOSDAQ150,institution,086520,에코프로,704191,822093,117902,65386011650,76570294300,11184282650,KRX MDCSTAT02401_OUT
recent3,KOSDAQ150,institution,078600,대주전자재료,67443,154806,87363,7596637000,17598268450,10001631450,KRX MDCSTAT02401_OUT
recent3,KOSDAQ150,institution,319400,현대무벡스,114063,585497,471434,2335644065,12097898875,9762254810,KRX MDCSTAT02401_OUT
recent3,KOSDAQ150,institution,277810,레인보우로보틱스,28844,49092,20248,12872607250,22196303250,9323696000,KRX MDCSTAT02401_OUT
recent3,KOSDAQ150,institution,295310,에이치브이엠,136379,253164,116785,10110957800,19002461200,8891503400,KRX MDCSTAT02401_OUT
recent3,KOSDAQ150,institution,056080,유진로봇,117665,832388,714723,1476997220,10340774315,8863777095,KRX MDCSTAT02401_OUT
recent3,KOSDAQ150,institution,241710,코스메카코리아,134053,202410,68357,14368431550,22718643550,8350212000,KRX MDCSTAT02401_OUT
recent3,KOSDAQ150,institution,140860,파크시스템스,20731,47093,26362,6429350000,14659226750,8229876750,KRX MDCSTAT02401_OUT
recent3,KOSDAQ150,institution,000250,삼천당제약,213324,243543,30219,50864878750,57813720250,6948841500,KRX MDCSTAT02401_OUT
recent3,KOSDAQ150,institution,031980,피에스케이홀딩스,194693,225072,30379,39133796950,46016935950,6883139000,KRX MDCSTAT02401_OUT
recent3,KOSDAQ150,institution,121600,나노신소재,41762,136945,95183,2657447700,8743007200,6085559500,KRX MDCSTAT02401_OUT
recent3,KOSDAQ150,institution,039200,오스코텍,47109,197195,150086,1812849750,7689853300,5877003550,KRX MDCSTAT02401_OUT
recent3,KOSDAQ150,institution,251970,펌텍코리아,85410,174876,89466,5642272850,11454775900,5812503050,KRX MDCSTAT02401_OUT
recent3,KOSDAQ150,institution,089970,브이엠,364790,443414,78624,24596384550,30105135400,5508750850,KRX MDCSTAT02401_OUT
recent3,KOSDAQ150,institution,035900,JYP Ent.,84158,216102,131944,3230920300,8408562250,5177641950,KRX MDCSTAT02401_OUT
recent3,KOSDAQ150,institution,253590,네오셈,28003,332528,304525,450283375,5379984670,4929701295,KRX MDCSTAT02401_OUT
recent3,KOSDAQ150,institution,257720,실리콘투,390435,496877,106442,14092048825,18387587550,4295538725,KRX MDCSTAT02401_OUT
recent3,KOSDAQ150,institution,178320,서진시스템,147289,244365,97076,6124881425,10242534175,4117652750,KRX MDCSTAT02401_OUT
recent3,KOSDAQ150,institution,096530,씨젠,151307,235130,83823,5801948800,9065380425,3263431625,KRX MDCSTAT02401_OUT
recent3,KOSDAQ150,institution,328130,루닛,63486,332172,268686,704639885,3750516125,3045876240,KRX MDCSTAT02401_OUT
recent3,KOSDAQ150,institution,028300,HLB,491706,554120,62414,23125732225,26079332200,2953599975,KRX MDCSTAT02401_OUT
recent3,KOSDAQ150,institution,080220,제주반도체,193592,215756,22164,16899895450,19058725000,2158829550,KRX MDCSTAT02401_OUT
recent3,KOSDAQ150,institution,323280,태성,38557,73896,35339,2353813500,4511910450,2158096950,KRX MDCSTAT02401_OUT
recent3,KOSDAQ150,institution,042000,카페24,38149,127105,88956,859124950,2900674700,2041549750,KRX MDCSTAT02401_OUT
recent3,KOSDAQ150,institution,166090,하나머티리얼즈,99257,127988,28731,6340062600,8226444250,1886381650,KRX MDCSTAT02401_OUT
recent3,KOSDAQ150,institution,036810,에프에스티,32458,83252,50794,1130698625,2981703625,1851005000,KRX MDCSTAT02401_OUT
recent3,KOSDAQ150,institution,161580,필옵틱스,20184,54622,34438,844057750,2289346925,1445289175,KRX MDCSTAT02401_OUT
recent3,KOSDAQ150,institution,293490,카카오게임즈,160130,299892,139762,1574385215,2997877165,1423491950,KRX MDCSTAT02401_OUT
recent3,KOSDAQ150,institution,098460,고영,629445,660660,31215,23264837700,24500811575,1235973875,KRX MDCSTAT02401_OUT
recent3,KOSDAQ150,institution,281740,레이크머티리얼즈,134284,226210,91926,1731115660,2918869300,1187753640,KRX MDCSTAT02401_OUT
recent3,KOSDAQ150,institution,006730,서부T&D,237357,329978,92621,2773561385,3875145065,1101583680,KRX MDCSTAT02401_OUT
recent3,KOSDAQ150,institution,014620,성광벤드,87473,123586,36113,2592434850,3653586500,1061151650,KRX MDCSTAT02401_OUT
recent3,KOSDAQ150,institution,033100,제룡전기,22243,42568,20325,1101025325,2115691475,1014666150,KRX MDCSTAT02401_OUT
recent3,KOSDAQ150,institution,466100,클로봇,84207,127667,43460,1996239850,2928849975,932610125,KRX MDCSTAT02401_OUT
recent3,KOSDAQ150,institution,214430,아이쓰리시스템,7650,18804,11154,606630900,1496450750,889819850,KRX MDCSTAT02401_OUT
recent3,KOSDAQ150,institution,125490,한라캐스트,20869,81157,60288,274269600,1092595785,818326185,KRX MDCSTAT02401_OUT
recent3,KOSDAQ150,institution,137400,피엔티,56428,77567,21139,1858748600,2562145300,703396700,KRX MDCSTAT02401_OUT
recent3,KOSDAQ150,institution,376300,디어유,43537,77508,33971,819586325,1478387940,658801615,KRX MDCSTAT02401_OUT
recent3,KOSDAQ150,institution,215200,메가스터디교육,18736,34240,15504,715834050,1312973825,597139775,KRX MDCSTAT02401_OUT
recent3,KOSDAQ150,institution,053800,안랩,20393,27410,7017,1698497650,2255196000,556698350,KRX MDCSTAT02401_OUT
recent3,KOSDAQ150,institution,005290,동진쎄미켐,295776,304761,8985,15247673300,15769122100,521448800,KRX MDCSTAT02401_OUT
recent3,KOSDAQ150,institution,030530,원익홀딩스,61952,78085,16133,1807936425,2318402675,510466250,KRX MDCSTAT02401_OUT
recent3,KOSDAQ150,institution,074600,원익QnC,194123,209022,14899,6300478100,6788117925,487639825,KRX MDCSTAT02401_OUT
recent3,KOSDAQ150,institution,145020,휴젤,22133,24573,2440,4017597650,4495127900,477530250,KRX MDCSTAT02401_OUT
recent3,KOSDAQ150,institution,399720,가온칩스,7408,16088,8680,353237700,771383700,418146000,KRX MDCSTAT02401_OUT
recent3,KOSDAQ150,institution,009520,포스코엠텍,82308,111212,28904,1092459020,1477117340,384658320,KRX MDCSTAT02401_OUT
recent3,KOSDAQ150,institution,036830,솔브레인홀딩스,46735,52725,5990,2301556050,2597554150,295998100,KRX MDCSTAT02401_OUT
recent3,KOSDAQ150,institution,445680,큐리옥스바이오시스템즈,32212,36376,4164,1865626650,2156466350,290839700,KRX MDCSTAT02401_OUT
recent3,KOSDAQ150,institution,035760,CJ ENM,75759,83080,7321,2646234075,2931483400,285249325,KRX MDCSTAT02401_OUT
recent3,KOSDAQ150,institution,095660,네오위즈,28041,41071,13030,503008670,742543310,239534640,KRX MDCSTAT02401_OUT
recent3,KOSDAQ150,institution,0009K0,에임드바이오,50219,57978,7759,1267961450,1486309200,218347750,KRX MDCSTAT02401_OUT
recent3,KOSDAQ150,institution,067160,SOOP,25508,31101,5593,939794175,1153572400,213778225,KRX MDCSTAT02401_OUT
recent3,KOSDAQ150,institution,211050,인카금융서비스,39221,58138,18917,384186430,571131470,186945040,KRX MDCSTAT02401_OUT
recent3,KOSDAQ150,institution,100790,미래에셋벤처투자,17764,26638,8874,311123855,479333805,168209950,KRX MDCSTAT02401_OUT
recent3,KOSDAQ150,institution,018290,브이티,80227,89666,9439,1053145660,1192453225,139307565,KRX MDCSTAT02401_OUT
recent3,KOSDAQ150,institution,050890,쏠리드,66623,77094,10471,676888825,798959575,122070750,KRX MDCSTAT02401_OUT
recent3,KOSDAQ150,institution,025900,동화기업,29985,39385,9400,222294860,293066700,70771840,KRX MDCSTAT02401_OUT
recent3,KOSDAQ150,institution,085660,차바이오텍,99360,103708,4348,839511900,889728780,50216880,KRX MDCSTAT02401_OUT
recent3,KOSDAQ150,institution,084370,유진테크,156590,155662,-928,27137394700,27185293150,47898450,KRX MDCSTAT02401_OUT
recent3,KOSDAQ150,institution,025980,아난티,64794,72412,7618,320550965,360405573,39854608,KRX MDCSTAT02401_OUT
recent3,KOSDAQ150,institution,348210,넥스틴,43026,43379,353,1687275725,1726638100,39362375,KRX MDCSTAT02401_OUT
recent3,KOSDAQ150,institution,056190,SFA,149935,150276,341,4720772350,4745212275,24439925,KRX MDCSTAT02401_OUT
recent3,KOSDAQ150,institution,032500,케이엠더블유,36454,37039,585,736501235,758584225,22082990,KRX MDCSTAT02401_OUT
recent3,KOSDAQ150,institution,112040,위메이드,125480,126378,898,1962735490,1981808905,19073415,KRX MDCSTAT02401_OUT
recent3,KOSDAQ150,institution,101730,위메이드맥스,20068,22091,2023,96531459,107093195,10561736,KRX MDCSTAT02401_OUT
recent3,KOSDAQ150,institution,025320,시노펙스,66038,68139,2101,262966015,272652700,9686685,KRX MDCSTAT02401_OUT
recent3,KOSDAQ150,institution,015750,성우하이텍,54570,55526,956,322989540,330275810,7286270,KRX MDCSTAT02401_OUT
recent3,KOSDAQ150,institution,048410,현대바이오,234825,235016,191,1666833580,1674065555,7231975,KRX MDCSTAT02401_OUT
recent3,KOSDAQ150,institution,038500,삼표시멘트,699800,699504,-296,5426720745,5423925470,-2795275,KRX MDCSTAT02401_OUT
recent3,KOSDAQ150,institution,069080,웹젠,74808,74374,-434,902197310,898526645,-3670665,KRX MDCSTAT02401_OUT
recent3,KOSDAQ150,institution,032190,다우데이타,22069,21295,-774,421317100,408923205,-12393895,KRX MDCSTAT02401_OUT
recent3,KOSDAQ150,institution,082270,젬백스,39253,36926,-2327,425202480,410496790,-14705690,KRX MDCSTAT02401_OUT
recent3,KOSDAQ150,institution,214370,케어젠,45293,43365,-1928,1916293900,1899776675,-16517225,KRX MDCSTAT02401_OUT
recent3,KOSDAQ150,institution,272290,이녹스첨단소재,43639,42286,-1353,979434350,946935525,-32498825,KRX MDCSTAT02401_OUT
recent3,KOSDAQ150,institution,194480,데브시스터즈,22350,18561,-3789,309109160,258623720,-50485440,KRX MDCSTAT02401_OUT
recent3,KOSDAQ150,institution,041190,우리기술투자,141808,123599,-18209,843620730,767024305,-76596425,KRX MDCSTAT02401_OUT
recent3,KOSDAQ150,institution,358570,지아이이노베이션,86020,71886,-14134,741246235,642549750,-98696485,KRX MDCSTAT02401_OUT
recent3,KOSDAQ150,institution,060250,NHN KCP,28316,20539,-7777,382300085,279864540,-102435545,KRX MDCSTAT02401_OUT
recent3,KOSDAQ150,institution,278280,천보,11791,8925,-2866,458038325,347712475,-110325850,KRX MDCSTAT02401_OUT
recent3,KOSDAQ150,institution,065350,신성델타테크,32696,28860,-3836,1072605100,953516750,-119088350,KRX MDCSTAT02401_OUT
recent3,KOSDAQ150,institution,036620,감성코퍼레이션,181386,145033,-36353,681441298,547820140,-133621158,KRX MDCSTAT02401_OUT
recent3,KOSDAQ150,institution,041510,에스엠,67853,65771,-2082,5320844350,5181072100,-139772250,KRX MDCSTAT02401_OUT
recent3,KOSDAQ150,institution,348370,엔켐,75205,66645,-8560,1729417000,1564587775,-164829225,KRX MDCSTAT02401_OUT
recent3,KOSDAQ150,institution,030520,한컴,108195,97370,-10825,1940989355,1751652765,-189336590,KRX MDCSTAT02401_OUT
recent3,KOSDAQ150,institution,189300,인텔리안테크,58745,52054,-6691,3947138900,3727562400,-219576500,KRX MDCSTAT02401_OUT
recent3,KOSDAQ150,institution,352480,씨앤씨인터내셔널,14381,3394,-10987,294162140,70261200,-223900940,KRX MDCSTAT02401_OUT
recent3,KOSDAQ150,institution,068760,셀트리온제약,27939,20516,-7423,1093881575,814314800,-279566775,KRX MDCSTAT02401_OUT
recent3,KOSDAQ150,institution,078340,컴투스,62938,53835,-9103,2293302300,1981970550,-311331750,KRX MDCSTAT02401_OUT
recent3,KOSDAQ150,institution,225570,넥슨게임즈,133623,95854,-37769,1348537300,1021924770,-326612530,KRX MDCSTAT02401_OUT
recent3,KOSDAQ150,institution,263750,펄어비스,116860,105983,-10877,3841955775,3504632200,-337323575,KRX MDCSTAT02401_OUT
recent3,KOSDAQ150,institution,033500,동성화인텍,44636,19832,-24804,697853330,313851875,-384001455,KRX MDCSTAT02401_OUT
recent3,KOSDAQ150,institution,003380,하림지주,360556,323897,-36659,4156142870,3746439530,-409703340,KRX MDCSTAT02401_OUT
recent3,KOSDAQ150,institution,253450,스튜디오드래곤,61515,41185,-20330,1276093550,858490350,-417603200,KRX MDCSTAT02401_OUT
recent3,KOSDAQ150,institution,388720,유일로보틱스,20178,14424,-5754,1437716200,1017801200,-419915000,KRX MDCSTAT02401_OUT
recent3,KOSDAQ150,institution,347850,디앤디파마텍,130426,111173,-19253,5770601000,5108723050,-661877950,KRX MDCSTAT02401_OUT
recent3,KOSDAQ150,institution,090710,휴림로봇,231062,125684,-105378,1483153720,808243730,-674909990,KRX MDCSTAT02401_OUT
recent3,KOSDAQ150,institution,101490,에스앤에스텍,79766,66901,-12865,4248530400,3573363350,-675167050,KRX MDCSTAT02401_OUT
recent3,KOSDAQ150,institution,122870,와이지엔터테인먼트,76972,59819,-17153,3150734825,2458953000,-691781825,KRX MDCSTAT02401_OUT
recent3,KOSDAQ150,institution,237690,에스티팜,114051,104515,-9536,10777619300,10002354050,-775265250,KRX MDCSTAT02401_OUT
recent3,KOSDAQ150,institution,290650,엘앤씨바이오,187494,173238,-14256,10629080050,9837520550,-791559500,KRX MDCSTAT02401_OUT
recent3,KOSDAQ150,institution,131970,두산테스나,318052,304370,-13682,37413900250,36619231700,-794668550,KRX MDCSTAT02401_OUT
recent3,KOSDAQ150,institution,060280,큐렉소,119909,26325,-93584,1042418190,234123680,-808294510,KRX MDCSTAT02401_OUT
recent3,KOSDAQ150,institution,007390,네이처셀,98246,63570,-34676,2413091275,1573361400,-839729875,KRX MDCSTAT02401_OUT
recent3,KOSDAQ150,institution,089030,테크윙,166880,148165,-18715,9191951900,8261204700,-930747200,KRX MDCSTAT02401_OUT
recent3,KOSDAQ150,institution,171090,선익시스템,35821,22333,-13488,2643397000,1674236050,-969160950,KRX MDCSTAT02401_OUT
recent3,KOSDAQ150,institution,214150,클래시스,114586,77628,-36958,3501727900,2378867800,-1122860100,KRX MDCSTAT02401_OUT
recent3,KOSDAQ150,institution,310210,보로노이,50327,41256,-9071,7268437100,6121249950,-1147187150,KRX MDCSTAT02401_OUT
recent3,KOSDAQ150,institution,099320,쎄트렉아이,38177,18066,-20111,2743347200,1432140500,-1311206700,KRX MDCSTAT02401_OUT
recent3,KOSDAQ150,institution,052400,코나아이,62631,21134,-41497,2271659175,769447750,-1502211425,KRX MDCSTAT02401_OUT
recent3,KOSDAQ150,institution,213420,덕산네오룩스,90724,38669,-52055,2728907550,1168783400,-1560124150,KRX MDCSTAT02401_OUT
recent3,KOSDAQ150,institution,032820,우리기술,339802,190805,-148997,4111753490,2405008145,-1706745345,KRX MDCSTAT02401_OUT
recent3,KOSDAQ150,institution,082920,비츠로셀,178376,106900,-71476,5117334225,3099403725,-2017930500,KRX MDCSTAT02401_OUT
recent3,KOSDAQ150,institution,232140,와이씨,484711,350905,-133806,8360818480,6180210900,-2180607580,KRX MDCSTAT02401_OUT
recent3,KOSDAQ150,institution,124500,아이티센글로벌,105410,19219,-86191,2889334850,556413975,-2332920875,KRX MDCSTAT02401_OUT
recent3,KOSDAQ150,institution,043260,성호전자,1191005,1116550,-74455,39191594550,36691061300,-2500533250,KRX MDCSTAT02401_OUT
recent3,KOSDAQ150,institution,131290,티에스이,85275,76859,-8416,26081719500,23516531500,-2565188000,KRX MDCSTAT02401_OUT
recent3,KOSDAQ150,institution,195940,HK이노엔,155434,90535,-64899,6279326350,3691242250,-2588084100,KRX MDCSTAT02401_OUT
recent3,KOSDAQ150,institution,475830,오름테라퓨틱,160612,28001,-132611,3271732170,561811820,-2709920350,KRX MDCSTAT02401_OUT
recent3,KOSDAQ150,institution,420770,기가비스,78489,53094,-25395,10669503600,7268426600,-3401077000,KRX MDCSTAT02401_OUT
recent3,KOSDAQ150,institution,218410,RFHIC,226593,165829,-60764,13593527050,10010697100,-3582829950,KRX MDCSTAT02401_OUT
recent3,KOSDAQ150,institution,090360,로보스타,59211,9268,-49943,4522184550,736224750,-3785959800,KRX MDCSTAT02401_OUT
recent3,KOSDAQ150,institution,060370,LS마린솔루션,196130,59008,-137122,6593017125,1994415300,-4598601825,KRX MDCSTAT02401_OUT
recent3,KOSDAQ150,institution,298380,에이비엘바이오,254805,150196,-104609,12584510775,7540066475,-5044444300,KRX MDCSTAT02401_OUT
recent3,KOSDAQ150,institution,204270,제이앤티씨,274286,69540,-204746,7227006225,1780930025,-5446076200,KRX MDCSTAT02401_OUT
recent3,KOSDAQ150,institution,183300,코미코,275069,106026,-169043,9268348875,3585829700,-5682519175,KRX MDCSTAT02401_OUT
recent3,KOSDAQ150,institution,087010,펩트론,170850,114408,-56442,18479984600,11800577950,-6679406650,KRX MDCSTAT02401_OUT
recent3,KOSDAQ150,institution,196170,알테오젠,426354,396010,-30344,105807179750,98032562500,-7774617250,KRX MDCSTAT02401_OUT
recent3,KOSDAQ150,institution,108490,로보티즈,147410,113016,-34394,44849045500,35082799000,-9766246500,KRX MDCSTAT02401_OUT
recent3,KOSDAQ150,institution,437730,삼현,262105,60480,-201625,13255764650,3128442050,-10127322600,KRX MDCSTAT02401_OUT
recent3,KOSDAQ150,institution,036540,SFA반도체,2929718,1978013,-951705,33972900365,23107308260,-10865592105,KRX MDCSTAT02401_OUT
recent3,KOSDAQ150,institution,058610,에스피지,180822,68982,-111840,18348536750,7293013850,-11055522900,KRX MDCSTAT02401_OUT
recent3,KOSDAQ150,institution,083650,비에이치아이,257358,39404,-217954,14298101250,2246365100,-12051736150,KRX MDCSTAT02401_OUT
recent3,KOSDAQ150,institution,064760,티씨케이,103313,54817,-48496,30044126500,16081155500,-13962971000,KRX MDCSTAT02401_OUT
recent3,KOSDAQ150,institution,141080,리가켐바이오,338876,153778,-185098,26296208450,12268855500,-14027352950,KRX MDCSTAT02401_OUT
recent3,KOSDAQ150,institution,403870,HPSP,1249258,1028828,-220430,82904852600,68644422750,-14260429850,KRX MDCSTAT02401_OUT
recent3,KOSDAQ150,institution,095340,ISC,231541,159319,-72222,47120219850,32349215350,-14771004500,KRX MDCSTAT02401_OUT
recent3,KOSDAQ150,institution,067310,하나마이크론,717728,356033,-361695,37493651150,18456456600,-19037194550,KRX MDCSTAT02401_OUT
recent3,KOSDAQ150,institution,214450,파마리서치,125129,59799,-65330,38009455500,18208146000,-19801309500,KRX MDCSTAT02401_OUT
recent3,KOSDAQ150,institution,036930,주성엔지니어링,1168723,1002519,-166204,309441468990,267938974490,-41502494500,KRX MDCSTAT02401_OUT
recent3,KOSDAQ150,institution,039030,이오테크닉스,248857,152812,-96045,130993769500,80721035000,-50272734500,KRX MDCSTAT02401_OUT
recent3,KOSDAQ150,institution,095610,테스,445321,141573,-303748,74455841800,23764103550,-50691738250,KRX MDCSTAT02401_OUT
recent3,KOSDAQ150,institution,222800,심텍,786970,460837,-326133,136364177300,80233723400,-56130453900,KRX MDCSTAT02401_OUT
recent3,KOSDAQ150,institution,240810,원익IPS,1154541,666310,-488231,156577163448,91223210998,-65353952450,KRX MDCSTAT02401_OUT
