period_type,universe,investor,code,name,sell_volume,buy_volume,net_volume,sell_value,buy_value,net_value,source
daily,KOSPI200,foreign,009150,삼성전기,128941,255282,126341,201324452500,399780628000,198456175500,KRX MDCSTAT02401_OUT
daily,KOSPI200,foreign,096770,SK이노베이션,195481,697350,501869,29254230150,104112700450,74858470300,KRX MDCSTAT02401_OUT
daily,KOSPI200,foreign,010950,S-Oil,118024,304836,186812,19201761700,49456736750,30254975050,KRX MDCSTAT02401_OUT
daily,KOSPI200,foreign,009830,한화솔루션,758627,1239649,481022,26978257250,44226429225,17248171975,KRX MDCSTAT02401_OUT
daily,KOSPI200,foreign,010120,LS ELECTRIC,54527,135750,81223,11340194250,28300769500,16960575250,KRX MDCSTAT02401_OUT
daily,KOSPI200,foreign,047810,한국항공우주,50840,160540,109700,6705280950,21093458250,14388177300,KRX MDCSTAT02401_OUT
daily,KOSPI200,foreign,001440,대한전선,615203,1032009,416806,19067227625,32111898725,13044671100,KRX MDCSTAT02401_OUT
daily,KOSPI200,foreign,062040,산일전기,127233,179578,52345,28014071750,39936698500,11922626750,KRX MDCSTAT02401_OUT
daily,KOSPI200,foreign,006400,삼성SDI,65090,85522,20432,34122362000,44885982500,10763620500,KRX MDCSTAT02401_OUT
daily,KOSPI200,foreign,028260,삼성물산,112145,142652,30507,38520173750,48991376750,10471203000,KRX MDCSTAT02401_OUT
daily,KOSPI200,foreign,329180,HD현대중공업,59871,79384,19513,25469371500,33758725750,8289354250,KRX MDCSTAT02401_OUT
daily,KOSPI200,foreign,064400,LG씨엔에스,57046,161957,104911,4047623500,11519601150,7471977650,KRX MDCSTAT02401_OUT
daily,KOSPI200,foreign,028670,팬오션,1057764,2266652,1208888,6517937180,13886742130,7368804950,KRX MDCSTAT02401_OUT
daily,KOSPI200,foreign,011200,HMM,163933,507198,343265,3494464825,10833112125,7338647300,KRX MDCSTAT02401_OUT
daily,KOSPI200,foreign,003670,포스코퓨처엠,50620,89990,39370,9374431050,16698037100,7323606050,KRX MDCSTAT02401_OUT
daily,KOSPI200,foreign,093370,후성,1049332,1496806,447474,16863668020,24169915860,7306247840,KRX MDCSTAT02401_OUT
daily,KOSPI200,foreign,373220,LG에너지솔루션,66761,84726,17965,24501235500,31071610500,6570375000,KRX MDCSTAT02401_OUT
daily,KOSPI200,foreign,004170,신세계,14400,31685,17285,4750285000,10439023500,5688738500,KRX MDCSTAT02401_OUT
daily,KOSPI200,foreign,066570,LG전자,122876,148446,25570,26170613000,31769671750,5599058750,KRX MDCSTAT02401_OUT
daily,KOSPI200,foreign,454910,두산로보틱스,54419,130174,75755,3953807050,9462478250,5508671200,KRX MDCSTAT02401_OUT
daily,KOSPI200,foreign,017670,SK텔레콤,200818,261769,60951,17725490000,23144340950,5418850950,KRX MDCSTAT02401_OUT
daily,KOSPI200,foreign,052690,한전기술,45809,88450,42641,5773806450,11161654750,5387848300,KRX MDCSTAT02401_OUT
daily,KOSPI200,foreign,361610,SK아이이테크놀로지,94679,406848,312169,1632035295,6987914240,5355878945,KRX MDCSTAT02401_OUT
daily,KOSPI200,foreign,000270,기아,426731,472444,45713,47882729550,53039540400,5156810850,KRX MDCSTAT02401_OUT
daily,KOSPI200,foreign,267270,HD건설기계,67703,111559,43856,7940666850,13075288000,5134621150,KRX MDCSTAT02401_OUT
daily,KOSPI200,foreign,278470,에이피알,80927,92611,11684,29717771500,34036849750,4319078250,KRX MDCSTAT02401_OUT
daily,KOSPI200,foreign,402340,SK스퀘어,173087,176317,3230,199448593000,203423981500,3975388500,KRX MDCSTAT02401_OUT
daily,KOSPI200,foreign,005830,DB손해보험,198763,220425,21662,35937884450,39853948300,3916063850,KRX MDCSTAT02401_OUT
daily,KOSPI200,foreign,064350,현대로템,240678,272829,32151,27705668250,31418765600,3713097350,KRX MDCSTAT02401_OUT
daily,KOSPI200,foreign,001450,현대해상,166135,243139,77004,7844365450,11481910575,3637545125,KRX MDCSTAT02401_OUT
daily,KOSPI200,foreign,047050,포스코인터내셔널,168642,231581,62939,9546517050,13102452850,3555935800,KRX MDCSTAT02401_OUT
daily,KOSPI200,foreign,051900,LG생활건강,16158,28701,12543,4331298250,7667992000,3336693750,KRX MDCSTAT02401_OUT
daily,KOSPI200,foreign,071050,한국금융지주,67776,86278,18502,12155134300,15486803000,3331668700,KRX MDCSTAT02401_OUT
daily,KOSPI200,foreign,450080,에코프로머티,110096,194988,84892,4170179625,7395891850,3225712225,KRX MDCSTAT02401_OUT
daily,KOSPI200,foreign,103140,풍산,21072,61672,40600,1666478300,4856903350,3190425050,KRX MDCSTAT02401_OUT
daily,KOSPI200,foreign,443060,HD현대마린솔루션,24036,37121,13085,5605780750,8653539500,3047758750,KRX MDCSTAT02401_OUT
daily,KOSPI200,foreign,023530,롯데쇼핑,16462,43380,26918,1671112500,4397411150,2726298650,KRX MDCSTAT02401_OUT
daily,KOSPI200,foreign,026960,동서,33206,131193,97987,909093750,3591565350,2682471600,KRX MDCSTAT02401_OUT
daily,KOSPI200,foreign,267260,HD현대일렉트릭,65262,69085,3823,43756153000,46382908500,2626755500,KRX MDCSTAT02401_OUT
daily,KOSPI200,foreign,483650,달바글로벌,16421,29572,13151,3004777250,5419323200,2414545950,KRX MDCSTAT02401_OUT
daily,KOSPI200,foreign,034730,SK,35209,38879,3670,20318176500,22443869500,2125693000,KRX MDCSTAT02401_OUT
daily,KOSPI200,foreign,006260,LS,43550,50186,6636,12918059250,14906392000,1988332750,KRX MDCSTAT02401_OUT
daily,KOSPI200,foreign,267250,HD현대,69547,78312,8765,13888176950,15632616650,1744439700,KRX MDCSTAT02401_OUT
daily,KOSPI200,foreign,079550,LIG디펜스앤에어로스페이스,33120,35425,2305,24887479500,26602080500,1714601000,KRX MDCSTAT02401_OUT
daily,KOSPI200,foreign,000880,한화,43114,56530,13416,5483652700,7190103300,1706450600,KRX MDCSTAT02401_OUT
daily,KOSPI200,foreign,051600,한전KPS,19386,54160,34774,867664100,2418172050,1550507950,KRX MDCSTAT02401_OUT
daily,KOSPI200,foreign,307950,현대오토에버,8325,12363,4038,3165846500,4708684750,1542838250,KRX MDCSTAT02401_OUT
daily,KOSPI200,foreign,011170,롯데케미칼,33637,59363,25726,2031254750,3571566100,1540311350,KRX MDCSTAT02401_OUT
daily,KOSPI200,foreign,018880,한온시스템,4115662,4523646,407984,15623908440,17138273111,1514364671,KRX MDCSTAT02401_OUT
daily,KOSPI200,foreign,120110,코오롱인더,14873,40559,25686,826876800,2261834600,1434957800,KRX MDCSTAT02401_OUT
daily,KOSPI200,foreign,007340,DN오토모티브,33784,61695,27911,1701349350,3111609500,1410260150,KRX MDCSTAT02401_OUT
daily,KOSPI200,foreign,000150,두산,41577,42416,839,54800312000,56164869500,1364557500,KRX MDCSTAT02401_OUT
daily,KOSPI200,foreign,298020,효성티앤씨,5860,10869,5009,1595045750,2954330250,1359284500,KRX MDCSTAT02401_OUT
daily,KOSPI200,foreign,017800,현대엘리베이터,32976,50488,17512,2394210400,3661425750,1267215350,KRX MDCSTAT02401_OUT
daily,KOSPI200,foreign,086280,현대글로비스,49736,55442,5706,9931542150,11078221250,1146679100,KRX MDCSTAT02401_OUT
daily,KOSPI200,foreign,008930,한미사이언스,50960,71513,20553,2752431200,3875624350,1123193150,KRX MDCSTAT02401_OUT
daily,KOSPI200,foreign,251270,넷마블,75926,106360,30434,2664429000,3729751825,1065322825,KRX MDCSTAT02401_OUT
daily,KOSPI200,foreign,002380,KCC,5094,6808,1714,2386983750,3191100250,804116500,KRX MDCSTAT02401_OUT
daily,KOSPI200,foreign,139480,이마트,25980,35701,9721,1855953100,2557126150,701173050,KRX MDCSTAT02401_OUT
daily,KOSPI200,foreign,018260,삼성에스디에스,41596,44614,3018,9073345500,9734320750,660975250,KRX MDCSTAT02401_OUT
daily,KOSPI200,foreign,022100,포스코DX,88524,119488,30964,1838382825,2486238100,647855275,KRX MDCSTAT02401_OUT
daily,KOSPI200,foreign,073240,금호타이어,114520,206994,92474,791126195,1432043050,640916855,KRX MDCSTAT02401_OUT
daily,KOSPI200,foreign,071970,HD현대마린엔진,33569,44679,11110,1630844075,2177150600,546306525,KRX MDCSTAT02401_OUT
daily,KOSPI200,foreign,271560,오리온,58065,62977,4912,6103959250,6619306200,515346950,KRX MDCSTAT02401_OUT
daily,KOSPI200,foreign,069960,현대백화점,28474,34184,5710,2526690900,3034071000,507380100,KRX MDCSTAT02401_OUT
daily,KOSPI200,foreign,002790,아모레퍼시픽홀딩스,73731,93766,20035,1846993900,2346149775,499155875,KRX MDCSTAT02401_OUT
daily,KOSPI200,foreign,005420,코스모화학,41171,83362,42191,453712185,915988245,462276060,KRX MDCSTAT02401_OUT
daily,KOSPI200,foreign,036460,한국가스공사,65452,77942,12490,2343060100,2787462625,444402525,KRX MDCSTAT02401_OUT
daily,KOSPI200,foreign,097950,CJ제일제당,8543,10956,2413,1523436100,1955887300,432451200,KRX MDCSTAT02401_OUT
daily,KOSPI200,foreign,010130,고려아연,2699,3058,359,2912728000,3301006500,388278500,KRX MDCSTAT02401_OUT
daily,KOSPI200,foreign,071320,지역난방공사,1723,6314,4591,135827150,498141350,362314200,KRX MDCSTAT02401_OUT
daily,KOSPI200,foreign,280360,롯데웰푸드,3752,6710,2958,447543700,797238600,349694900,KRX MDCSTAT02401_OUT
daily,KOSPI200,foreign,128940,한미약품,19091,19718,627,9540827750,9888310750,347483000,KRX MDCSTAT02401_OUT
daily,KOSPI200,foreign,005850,에스엘,15523,21672,6149,807181650,1125986150,318804500,KRX MDCSTAT02401_OUT
daily,KOSPI200,foreign,042700,한미반도체,230047,230211,164,63048032500,63364311000,316278500,KRX MDCSTAT02401_OUT
daily,KOSPI200,foreign,088350,한화생명,670520,730427,59907,3528341590,3832636275,304294685,KRX MDCSTAT02401_OUT
daily,KOSPI200,foreign,259960,크래프톤,29177,30560,1383,5768344050,6039944250,271600200,KRX MDCSTAT02401_OUT
daily,KOSPI200,foreign,377300,카카오페이,24236,30897,6661,970723150,1238441850,267718700,KRX MDCSTAT02401_OUT
daily,KOSPI200,foreign,003490,대한항공,395701,403191,7490,12058547400,12310002175,251454775,KRX MDCSTAT02401_OUT
daily,KOSPI200,foreign,204320,HL만도,40217,44859,4642,1888083625,2105806475,217722850,KRX MDCSTAT02401_OUT
daily,KOSPI200,foreign,285130,SK케미칼,9030,12968,3938,465631100,665924000,200292900,KRX MDCSTAT02401_OUT
daily,KOSPI200,foreign,192080,더블유게임즈,9862,12709,2847,574805200,740438050,165632850,KRX MDCSTAT02401_OUT
daily,KOSPI200,foreign,000670,영풍,6065,9949,3884,243974975,401113675,157138700,KRX MDCSTAT02401_OUT
daily,KOSPI200,foreign,298050,HS효성첨단소재,2416,3271,855,390641650,529127300,138485650,KRX MDCSTAT02401_OUT
daily,KOSPI200,foreign,000240,한국앤컴퍼니,11657,16637,4980,295847950,421955150,126107200,KRX MDCSTAT02401_OUT
daily,KOSPI200,foreign,012750,에스원,44026,45233,1207,3651521400,3750755900,99234500,KRX MDCSTAT02401_OUT
daily,KOSPI200,foreign,014820,동원시스템즈,3477,7837,4360,73927525,166783550,92856025,KRX MDCSTAT02401_OUT
daily,KOSPI200,foreign,069260,TKG휴켐스,12454,16858,4404,198295270,268278675,69983405,KRX MDCSTAT02401_OUT
daily,KOSPI200,foreign,137310,에스디바이오센서,24598,35010,10412,154888365,220307050,65418685,KRX MDCSTAT02401_OUT
daily,KOSPI200,foreign,272210,한화시스템,329178,328889,-289,26581051550,26625018850,43967300,KRX MDCSTAT02401_OUT
daily,KOSPI200,foreign,138930,BNK금융지주,325381,326539,1158,5204937060,5220113450,15176390,KRX MDCSTAT02401_OUT
daily,KOSPI200,foreign,008730,율촌화학,13740,14505,765,203445600,215311690,11866090,KRX MDCSTAT02401_OUT
daily,KOSPI200,foreign,004020,현대제철,155917,156151,234,4662645425,4673944150,11298725,KRX MDCSTAT02401_OUT
daily,KOSPI200,foreign,006040,동원산업,8251,8354,103,290116750,293598900,3482150,KRX MDCSTAT02401_OUT
daily,KOSPI200,foreign,268280,미원에스씨,189,185,-4,23900350,23314900,-585450,KRX MDCSTAT02401_OUT
daily,KOSPI200,foreign,007700,F&F홀딩스,704,401,-303,9407030,5352360,-4054670,KRX MDCSTAT02401_OUT
daily,KOSPI200,foreign,000210,DL,11071,10760,-311,534774100,519770350,-15003750,KRX MDCSTAT02401_OUT
daily,KOSPI200,foreign,002840,미원상사,436,298,-138,58439950,39896500,-18543450,KRX MDCSTAT02401_OUT
daily,KOSPI200,foreign,375500,DL이앤씨,96879,96439,-440,7248503950,7216306700,-32197250,KRX MDCSTAT02401_OUT
daily,KOSPI200,foreign,002030,아세아,688,484,-204,139623750,98559000,-41064750,KRX MDCSTAT02401_OUT
daily,KOSPI200,foreign,300720,한일시멘트,10647,7587,-3060,171057005,121868920,-49188085,KRX MDCSTAT02401_OUT
daily,KOSPI200,foreign,004000,롯데정밀화학,10415,9045,-1370,443743725,385310650,-58433075,KRX MDCSTAT02401_OUT
daily,KOSPI200,foreign,011210,현대위아,19904,18654,-1250,1049220300,983806900,-65413400,KRX MDCSTAT02401_OUT
daily,KOSPI200,foreign,000120,CJ대한통운,10947,9755,-1192,766919900,684462800,-82457100,KRX MDCSTAT02401_OUT
daily,KOSPI200,foreign,007070,GS리테일,37419,33384,-4035,823873225,735186800,-88686425,KRX MDCSTAT02401_OUT
daily,KOSPI200,foreign,003550,LG,66833,65986,-847,7361679500,7266525400,-95154100,KRX MDCSTAT02401_OUT
daily,KOSPI200,foreign,007310,오뚜기,958,577,-381,304030500,182655500,-121375000,KRX MDCSTAT02401_OUT
daily,KOSPI200,foreign,009240,한샘,10005,6873,-3132,393103800,269994250,-123109550,KRX MDCSTAT02401_OUT
daily,KOSPI200,foreign,011780,금호석유화학,16243,15178,-1065,1897918950,1773584500,-124334450,KRX MDCSTAT02401_OUT
daily,KOSPI200,foreign,005300,롯데칠성,5367,3966,-1401,510884650,377535650,-133349000,KRX MDCSTAT02401_OUT
daily,KOSPI200,foreign,010140,삼성중공업,626150,618123,-8027,12407663170,12264191770,-143471400,KRX MDCSTAT02401_OUT
daily,KOSPI200,foreign,001680,대상,26919,18655,-8264,476163125,330610415,-145552710,KRX MDCSTAT02401_OUT
daily,KOSPI200,foreign,003240,태광산업,575,360,-215,508703000,318989000,-189714000,KRX MDCSTAT02401_OUT
daily,KOSPI200,foreign,000080,하이트진로,17933,5034,-12899,264309110,74234660,-190074450,KRX MDCSTAT02401_OUT
daily,KOSPI200,foreign,001800,오리온홀딩스,22761,13618,-9143,520299325,311124425,-209174900,KRX MDCSTAT02401_OUT
daily,KOSPI200,foreign,004990,롯데지주,27793,18275,-9518,660430000,434374450,-226055550,KRX MDCSTAT02401_OUT
daily,KOSPI200,foreign,034230,파라다이스,119925,91152,-28773,1118298815,851542225,-266756590,KRX MDCSTAT02401_OUT
daily,KOSPI200,foreign,003030,세아제강지주,10220,7771,-2449,1172735600,884395600,-288340000,KRX MDCSTAT02401_OUT
daily,KOSPI200,foreign,302440,SK바이오사이언스,22582,14165,-8417,820922775,515655425,-305267350,KRX MDCSTAT02401_OUT
daily,KOSPI200,foreign,009970,영원무역홀딩스,5398,3475,-1923,867181300,557304500,-309876800,KRX MDCSTAT02401_OUT
daily,KOSPI200,foreign,030200,KT,40749,34723,-6026,2113151628,1801290928,-311860700,KRX MDCSTAT02401_OUT
daily,KOSPI200,foreign,082740,한화엔진,113270,106742,-6528,5497600750,5184442550,-313158200,KRX MDCSTAT02401_OUT
daily,KOSPI200,foreign,185750,종근당,8601,3120,-5481,558621150,202668050,-355953100,KRX MDCSTAT02401_OUT
daily,KOSPI200,foreign,032640,LG유플러스,184490,159712,-24778,2680610885,2319944470,-360666415,KRX MDCSTAT02401_OUT
daily,KOSPI200,foreign,003090,대웅,40748,15149,-25599,623480060,232254240,-391225820,KRX MDCSTAT02401_OUT
daily,KOSPI200,foreign,029780,삼성카드,24790,14971,-9819,1036844500,626206575,-410637925,KRX MDCSTAT02401_OUT
daily,KOSPI200,foreign,180640,한진칼,20731,17577,-3154,2716012600,2302313500,-413699100,KRX MDCSTAT02401_OUT
daily,KOSPI200,foreign,017960,한국카본,52343,31382,-20961,1074380700,644710300,-429670400,KRX MDCSTAT02401_OUT
daily,KOSPI200,foreign,078930,GS,193253,189008,-4245,20344445050,19885975750,-458469300,KRX MDCSTAT02401_OUT
daily,KOSPI200,foreign,066970,엘앤에프,96039,91012,-5027,10842743800,10325715500,-517028300,KRX MDCSTAT02401_OUT
daily,KOSPI200,foreign,241560,두산밥캣,57853,48086,-9767,3179130200,2642379400,-536750800,KRX MDCSTAT02401_OUT
daily,KOSPI200,foreign,008770,호텔신라,68751,54411,-14340,2691435875,2133359875,-558076000,KRX MDCSTAT02401_OUT
daily,KOSPI200,foreign,034220,LG디스플레이,1188598,1117174,-71424,10144622560,9540089890,-604532670,KRX MDCSTAT02401_OUT
daily,KOSPI200,foreign,069620,대웅제약,9525,3806,-5719,1030794500,411747000,-619047500,KRX MDCSTAT02401_OUT
daily,KOSPI200,foreign,282330,BGF리테일,25995,21140,-4855,3314273500,2695035550,-619237950,KRX MDCSTAT02401_OUT
daily,KOSPI200,foreign,000100,유한양행,59970,50702,-9268,4425710450,3741192000,-684518450,KRX MDCSTAT02401_OUT
daily,KOSPI200,foreign,111770,영원무역,32017,20330,-11687,2145611150,1361175350,-784435800,KRX MDCSTAT02401_OUT
daily,KOSPI200,foreign,0126Z0,삼성에피스홀딩스,11545,9276,-2269,4278682750,3442786250,-835896500,KRX MDCSTAT02401_OUT
daily,KOSPI200,foreign,006280,녹십자,9908,3156,-6752,1246394550,397889950,-848504600,KRX MDCSTAT02401_OUT
daily,KOSPI200,foreign,005940,NH투자증권,141486,108922,-32564,3774030825,2903827250,-870203575,KRX MDCSTAT02401_OUT
daily,KOSPI200,foreign,006650,대한유화,22947,13037,-9910,2073044900,1178675200,-894369700,KRX MDCSTAT02401_OUT
daily,KOSPI200,foreign,161390,한국타이어앤테크놀로지,83024,67698,-15326,4947227600,4033541100,-913686500,KRX MDCSTAT02401_OUT
daily,KOSPI200,foreign,035250,강원랜드,102418,35899,-66519,1461273580,512737970,-948535610,KRX MDCSTAT02401_OUT
daily,KOSPI200,foreign,001430,세아베스틸지주,31498,11023,-20475,1468431500,515038050,-953393450,KRX MDCSTAT02401_OUT
daily,KOSPI200,foreign,028050,삼성E&A,477131,454124,-23007,22663774200,21595472700,-1068301500,KRX MDCSTAT02401_OUT
daily,KOSPI200,foreign,139130,iM금융지주,133224,74287,-58937,2473838345,1378674940,-1095163405,KRX MDCSTAT02401_OUT
daily,KOSPI200,foreign,000990,DB하이텍,114916,106610,-8306,16234420700,15110541400,-1123879300,KRX MDCSTAT02401_OUT
daily,KOSPI200,foreign,032830,삼성생명,91102,87067,-4035,26013912250,24845271500,-1168640750,KRX MDCSTAT02401_OUT
daily,KOSPI200,foreign,004370,농심,7532,4610,-2922,3016650500,1846526000,-1170124500,KRX MDCSTAT02401_OUT
daily,KOSPI200,foreign,011070,LG이노텍,73018,70683,-2335,41444318000,40258736000,-1185582000,KRX MDCSTAT02401_OUT
daily,KOSPI200,foreign,175330,JB금융지주,197086,152861,-44225,5689883225,4410016400,-1279866825,KRX MDCSTAT02401_OUT
daily,KOSPI200,foreign,051910,LG화학,71537,66384,-5153,18565444250,17218945750,-1346498500,KRX MDCSTAT02401_OUT
daily,KOSPI200,foreign,001040,CJ,22423,11773,-10650,2941961350,1541481400,-1400479950,KRX MDCSTAT02401_OUT
daily,KOSPI200,foreign,016360,삼성증권,115429,97808,-17621,10388697550,8809270000,-1579427550,KRX MDCSTAT02401_OUT
daily,KOSPI200,foreign,030000,제일기획,138361,49354,-89007,2592895695,924421180,-1668474515,KRX MDCSTAT02401_OUT
daily,KOSPI200,foreign,039490,키움증권,34958,28432,-6526,8988351500,7316846000,-1671505500,KRX MDCSTAT02401_OUT
daily,KOSPI200,foreign,042660,한화오션,184059,161427,-22632,14387343800,12644901300,-1742442500,KRX MDCSTAT02401_OUT
daily,KOSPI200,foreign,326030,SK바이오팜,39486,12849,-26637,2982540500,971294550,-2011245950,KRX MDCSTAT02401_OUT
daily,KOSPI200,foreign,081660,미스토홀딩스,81367,23676,-57691,3138238125,912990700,-2225247425,KRX MDCSTAT02401_OUT
daily,KOSPI200,foreign,090430,아모레퍼시픽,98375,79815,-18560,12981228830,10515693330,-2465535500,KRX MDCSTAT02401_OUT
daily,KOSPI200,foreign,192820,코스맥스,56615,45693,-10922,15190712500,12217693500,-2973019000,KRX MDCSTAT02401_OUT
daily,KOSPI200,foreign,021240,코웨이,83758,52965,-30793,8475517300,5349911450,-3125605850,KRX MDCSTAT02401_OUT
daily,KOSPI200,foreign,000810,삼성화재,28111,22656,-5455,17562860500,14155138500,-3407722000,KRX MDCSTAT02401_OUT
daily,KOSPI200,foreign,006800,미래에셋증권,343701,231878,-111823,10791823800,7291971625,-3499852175,KRX MDCSTAT02401_OUT
daily,KOSPI200,foreign,009420,한올바이오파마,127298,46798,-80500,5887388550,2181394725,-3705993825,KRX MDCSTAT02401_OUT
daily,KOSPI200,foreign,112610,씨에스윈드,161480,94178,-67302,8969343650,5227729450,-3741614200,KRX MDCSTAT02401_OUT
daily,KOSPI200,foreign,352820,하이브,61375,35762,-25613,9499751100,5534694750,-3965056350,KRX MDCSTAT02401_OUT
daily,KOSPI200,foreign,000720,현대건설,251508,213276,-38232,28713488550,24340547850,-4372940700,KRX MDCSTAT02401_OUT
daily,KOSPI200,foreign,012450,한화에어로스페이스,55387,51213,-4174,58620159500,54242428000,-4377731500,KRX MDCSTAT02401_OUT
daily,KOSPI200,foreign,015760,한국전력,197265,41745,-155520,5902192900,1253798475,-4648394425,KRX MDCSTAT02401_OUT
daily,KOSPI200,foreign,035720,카카오,404440,259429,-145011,13444737300,8636805475,-4807931825,KRX MDCSTAT02401_OUT
daily,KOSPI200,foreign,047040,대우건설,852716,571654,-281062,14994478250,10058719030,-4935759220,KRX MDCSTAT02401_OUT
daily,KOSPI200,foreign,009540,HD한국조선해양,60262,44712,-15550,19505447250,14467511750,-5037935500,KRX MDCSTAT02401_OUT
daily,KOSPI200,foreign,011790,SKC,286644,236351,-50293,30824385450,25605750750,-5218634700,KRX MDCSTAT02401_OUT
daily,KOSPI200,foreign,024110,기업은행,407710,148824,-258886,8243640500,3010280075,-5233360425,KRX MDCSTAT02401_OUT
daily,KOSPI200,foreign,323410,카카오뱅크,456315,185790,-270525,8981928970,3655048260,-5326880710,KRX MDCSTAT02401_OUT
daily,KOSPI200,foreign,457190,이수스페셜티케미컬,127841,59474,-68367,10192135100,4769682950,-5422452150,KRX MDCSTAT02401_OUT
daily,KOSPI200,foreign,138040,메리츠금융지주,61371,16599,-44772,7881669600,2132116250,-5749553350,KRX MDCSTAT02401_OUT
daily,KOSPI200,foreign,010060,OCI홀딩스,130634,104304,-26330,30521543000,24415302750,-6106240250,KRX MDCSTAT02401_OUT
daily,KOSPI200,foreign,003230,삼양식품,10491,5462,-5029,12774901500,6656187000,-6118714500,KRX MDCSTAT02401_OUT
daily,KOSPI200,foreign,012330,현대모비스,81194,62121,-19073,30976691500,23733271250,-7243420250,KRX MDCSTAT02401_OUT
daily,KOSPI200,foreign,086790,하나금융지주,251191,194249,-56942,32352730050,25014970700,-7337759350,KRX MDCSTAT02401_OUT
daily,KOSPI200,foreign,035420,NAVER,148000,104682,-43318,28379750900,20086504150,-8293246750,KRX MDCSTAT02401_OUT
daily,KOSPI200,foreign,105560,KB금융,348233,293482,-54751,58243034550,49117988000,-9125046550,KRX MDCSTAT02401_OUT
daily,KOSPI200,foreign,005490,POSCO홀딩스,67429,36614,-30815,20832693000,11306146500,-9526546500,KRX MDCSTAT02401_OUT
daily,KOSPI200,foreign,014680,한솔케미칼,53234,17613,-35621,14601783000,4834597250,-9767185750,KRX MDCSTAT02401_OUT
daily,KOSPI200,foreign,055550,신한지주,476859,380783,-96076,49899410150,39825451850,-10073958300,KRX MDCSTAT02401_OUT
daily,KOSPI200,foreign,007660,이수페타시스,188630,105307,-83323,22919711850,12766390800,-10153321050,KRX MDCSTAT02401_OUT
daily,KOSPI200,foreign,033780,KT&G,84496,26599,-57897,14881575650,4684911300,-10196664350,KRX MDCSTAT02401_OUT
daily,KOSPI200,foreign,068270,셀트리온,192420,121750,-70670,35020984200,22166871100,-12854113100,KRX MDCSTAT02401_OUT
daily,KOSPI200,foreign,298040,효성중공업,10578,5750,-4828,29402586500,16002824000,-13399762500,KRX MDCSTAT02401_OUT
daily,KOSPI200,foreign,161890,한국콜마,297299,195675,-101624,40747910000,26852153950,-13895756050,KRX MDCSTAT02401_OUT
daily,KOSPI200,foreign,036570,NC,101901,32221,-69680,24332983500,7672684000,-16660299500,KRX MDCSTAT02401_OUT
daily,KOSPI200,foreign,005380,현대차,213953,134147,-79806,73850261500,46352042750,-27498218750,KRX MDCSTAT02401_OUT
daily,KOSPI200,foreign,316140,우리금융지주,2583690,1755559,-828131,86583423017,58842691092,-27740731925,KRX MDCSTAT02401_OUT
daily,KOSPI200,foreign,034020,두산에너빌리티,857482,412332,-445150,69500286500,33422662400,-36077624100,KRX MDCSTAT02401_OUT
daily,KOSPI200,foreign,207940,삼성바이오로직스,37807,9523,-28284,51635090000,12984037000,-38651053000,KRX MDCSTAT02401_OUT
daily,KOSPI200,foreign,005930,삼성전자,3293557,2947896,-345661,906287014500,811577215000,-94709799500,KRX MDCSTAT02401_OUT
daily,KOSPI200,foreign,000660,SK하이닉스,689769,576890,-112879,1268677328691,1061621167691,-207056161000,KRX MDCSTAT02401_OUT
daily,KOSPI200,institution,005930,삼성전자,4829204,5443482,614278,1329197568250,1499850635750,170653067500,KRX MDCSTAT02401_OUT
daily,KOSPI200,institution,000660,SK하이닉스,627118,703167,76049,1153680959000,1294837645000,141156686000,KRX MDCSTAT02401_OUT
daily,KOSPI200,institution,402340,SK스퀘어,86261,123883,37622,99348392500,142795918500,43447526000,KRX MDCSTAT02401_OUT
daily,KOSPI200,institution,012450,한화에어로스페이스,14727,46248,31521,15485836000,48831186000,33345350000,KRX MDCSTAT02401_OUT
daily,KOSPI200,institution,373220,LG에너지솔루션,31556,109038,77482,11549901750,39966786000,28416884250,KRX MDCSTAT02401_OUT
daily,KOSPI200,institution,316140,우리금융지주,233376,989313,755937,7794362025,33145415050,25351053025,KRX MDCSTAT02401_OUT
daily,KOSPI200,institution,272210,한화시스템,143382,422431,279049,11527520100,34202065000,22674544900,KRX MDCSTAT02401_OUT
daily,KOSPI200,institution,010060,OCI홀딩스,18108,113282,95174,4228000250,26588355750,22360355500,KRX MDCSTAT02401_OUT
daily,KOSPI200,institution,006400,삼성SDI,46505,87678,41173,24337352000,46046062500,21708710500,KRX MDCSTAT02401_OUT
daily,KOSPI200,institution,036570,NC,35978,125481,89503,8593957250,30027795750,21433838500,KRX MDCSTAT02401_OUT
daily,KOSPI200,institution,009150,삼성전기,108863,121682,12819,169800340500,190094528000,20294187500,KRX MDCSTAT02401_OUT
daily,KOSPI200,institution,009830,한화솔루션,345843,895742,549899,12346145500,32041111875,19694966375,KRX MDCSTAT02401_OUT
daily,KOSPI200,institution,066570,LG전자,54570,135053,80483,11601550250,28807083250,17205533000,KRX MDCSTAT02401_OUT
daily,KOSPI200,institution,079550,LIG디펜스앤에어로스페이스,20009,42281,22272,15004633500,31725631500,16720998000,KRX MDCSTAT02401_OUT
daily,KOSPI200,institution,042700,한미반도체,115646,170840,55194,31600031000,46960668500,15360637500,KRX MDCSTAT02401_OUT
daily,KOSPI200,institution,011790,SKC,38014,147176,109162,4125871800,15937617950,11811746150,KRX MDCSTAT02401_OUT
daily,KOSPI200,institution,014680,한솔케미칼,4315,42048,37733,1188721500,11532610750,10343889250,KRX MDCSTAT02401_OUT
daily,KOSPI200,institution,055550,신한지주,206133,301484,95351,21533412800,31548227050,10014814250,KRX MDCSTAT02401_OUT
daily,KOSPI200,institution,018880,한온시스템,759661,3268200,2508539,2893562976,12466982717,9573419741,KRX MDCSTAT02401_OUT
daily,KOSPI200,institution,105560,KB금융,191287,237733,46446,31987502450,39752611700,7765109250,KRX MDCSTAT02401_OUT
daily,KOSPI200,institution,012330,현대모비스,40251,59431,19180,15334991000,22675004750,7340013750,KRX MDCSTAT02401_OUT
daily,KOSPI200,institution,062040,산일전기,65268,96896,31628,14545719500,21618132000,7072412500,KRX MDCSTAT02401_OUT
daily,KOSPI200,institution,028670,팬오션,260099,1367217,1107118,1600992530,8458641450,6857648920,KRX MDCSTAT02401_OUT
daily,KOSPI200,institution,138040,메리츠금융지주,19586,72136,52550,2512453900,9262390350,6749936450,KRX MDCSTAT02401_OUT
daily,KOSPI200,institution,051910,LG화학,26933,52504,25571,6979233000,13663010250,6683777250,KRX MDCSTAT02401_OUT
daily,KOSPI200,institution,112610,씨에스윈드,38322,154221,115899,2119820650,8569277000,6449456350,KRX MDCSTAT02401_OUT
daily,KOSPI200,institution,086790,하나금융지주,122052,168736,46684,15717936050,21739384300,6021448250,KRX MDCSTAT02401_OUT
daily,KOSPI200,institution,093370,후성,100617,461013,360396,1628337445,7506635165,5878297720,KRX MDCSTAT02401_OUT
daily,KOSPI200,institution,009540,HD한국조선해양,19772,37504,17732,6392846000,12153273750,5760427750,KRX MDCSTAT02401_OUT
daily,KOSPI200,institution,001440,대한전선,135681,292490,156809,4195770400,9115081925,4919311525,KRX MDCSTAT02401_OUT
daily,KOSPI200,institution,005940,NH투자증권,28940,212395,183455,770488100,5662984875,4892496775,KRX MDCSTAT02401_OUT
daily,KOSPI200,institution,047810,한국항공우주,40161,73895,33734,5272476650,9704493050,4432016400,KRX MDCSTAT02401_OUT
daily,KOSPI200,institution,005490,POSCO홀딩스,44173,57967,13794,13646465500,17921485000,4275019500,KRX MDCSTAT02401_OUT
daily,KOSPI200,institution,032830,삼성생명,44419,59158,14739,12646959500,16896232500,4249273000,KRX MDCSTAT02401_OUT
daily,KOSPI200,institution,016360,삼성증권,24049,66359,42310,2165434500,5974607800,3809173300,KRX MDCSTAT02401_OUT
daily,KOSPI200,institution,010120,LS ELECTRIC,39902,57781,17879,8295341500,12037046750,3741705250,KRX MDCSTAT02401_OUT
daily,KOSPI200,institution,010950,S-Oil,75382,97531,22149,12284050600,15900973700,3616923100,KRX MDCSTAT02401_OUT
daily,KOSPI200,institution,192820,코스맥스,30821,44011,13190,8243323500,11829086750,3585763250,KRX MDCSTAT02401_OUT
daily,KOSPI200,institution,033780,KT&G,39449,59382,19933,6943649650,10466012750,3522363100,KRX MDCSTAT02401_OUT
daily,KOSPI200,institution,021240,코웨이,12908,44449,31541,1302693200,4501456200,3198763000,KRX MDCSTAT02401_OUT
daily,KOSPI200,institution,047050,포스코인터내셔널,23140,75525,52385,1308256800,4276251900,2967995100,KRX MDCSTAT02401_OUT
daily,KOSPI200,institution,086280,현대글로비스,14856,29294,14438,2961365500,5844973450,2883607950,KRX MDCSTAT02401_OUT
daily,KOSPI200,institution,323410,카카오뱅크,58592,178597,120005,1153682885,3514672440,2360989555,KRX MDCSTAT02401_OUT
daily,KOSPI200,institution,071050,한국금융지주,27842,40346,12504,4983232100,7234967850,2251735750,KRX MDCSTAT02401_OUT
daily,KOSPI200,institution,000810,삼성화재,11216,14666,3450,6994738500,9159602500,2164864000,KRX MDCSTAT02401_OUT
daily,KOSPI200,institution,024110,기업은행,48852,155416,106564,988000075,3144153550,2156153475,KRX MDCSTAT02401_OUT
daily,KOSPI200,institution,175330,JB금융지주,28262,100638,72376,814492525,2906513025,2092020500,KRX MDCSTAT02401_OUT
daily,KOSPI200,institution,361610,SK아이이테크놀로지,28301,142771,114470,489594785,2474798915,1985204130,KRX MDCSTAT02401_OUT
daily,KOSPI200,institution,139130,iM금융지주,30721,133868,103147,569462045,2487422630,1917960585,KRX MDCSTAT02401_OUT
daily,KOSPI200,institution,081660,미스토홀딩스,12335,61624,49289,475362900,2384513475,1909150575,KRX MDCSTAT02401_OUT
daily,KOSPI200,institution,457190,이수스페셜티케미컬,19167,40883,21716,1537458750,3279072000,1741613250,KRX MDCSTAT02401_OUT
daily,KOSPI200,institution,001040,CJ,13950,26544,12594,1824621550,3483476050,1658854500,KRX MDCSTAT02401_OUT
daily,KOSPI200,institution,007660,이수페타시스,89552,102945,13393,10857854400,12496575650,1638721250,KRX MDCSTAT02401_OUT
daily,KOSPI200,institution,454910,두산로보틱스,20532,41966,21434,1483427900,3048360300,1564932400,KRX MDCSTAT02401_OUT
daily,KOSPI200,institution,068270,셀트리온,72518,80349,7831,13188744500,14632979150,1444234650,KRX MDCSTAT02401_OUT
daily,KOSPI200,institution,010140,삼성중공업,433921,504786,70865,8591677575,10008198835,1416521260,KRX MDCSTAT02401_OUT
daily,KOSPI200,institution,064400,LG씨엔에스,21816,40249,18433,1549959000,2865256750,1315297750,KRX MDCSTAT02401_OUT
daily,KOSPI200,institution,161390,한국타이어앤테크놀로지,16823,37164,20341,1001410900,2216291300,1214880400,KRX MDCSTAT02401_OUT
daily,KOSPI200,institution,006800,미래에셋증권,121082,158608,37526,3800719250,4988924600,1188205350,KRX MDCSTAT02401_OUT
daily,KOSPI200,institution,128940,한미약품,10635,12746,2111,5311881000,6394389250,1082508250,KRX MDCSTAT02401_OUT
daily,KOSPI200,institution,008930,한미사이언스,17846,35741,17895,953425250,1950052550,996627300,KRX MDCSTAT02401_OUT
daily,KOSPI200,institution,139480,이마트,7183,20517,13334,513340300,1470992350,957652050,KRX MDCSTAT02401_OUT
daily,KOSPI200,institution,003550,LG,21244,29798,8554,2335946700,3283564850,947618150,KRX MDCSTAT02401_OUT
daily,KOSPI200,institution,004370,농심,3141,5253,2112,1257177500,2107598500,850421000,KRX MDCSTAT02401_OUT
daily,KOSPI200,institution,064350,현대로템,90476,97682,7206,10418152350,11232009750,813857400,KRX MDCSTAT02401_OUT
daily,KOSPI200,institution,017670,SK텔레콤,123252,131927,8675,10900633050,11669678600,769045550,KRX MDCSTAT02401_OUT
daily,KOSPI200,institution,241560,두산밥캣,12176,24744,12568,668176550,1360279850,692103300,KRX MDCSTAT02401_OUT
daily,KOSPI200,institution,026960,동서,12410,37061,24651,341171925,1018509700,677337775,KRX MDCSTAT02401_OUT
daily,KOSPI200,institution,138930,BNK금융지주,63149,100823,37674,1009292425,1611935860,602643435,KRX MDCSTAT02401_OUT
daily,KOSPI200,institution,030000,제일기획,22758,54425,31667,426371120,1020332955,593961835,KRX MDCSTAT02401_OUT
daily,KOSPI200,institution,010130,고려아연,2917,3449,532,3147048000,3723136500,576088500,KRX MDCSTAT02401_OUT
daily,KOSPI200,institution,017960,한국카본,7096,35101,28005,145549025,720440550,574891525,KRX MDCSTAT02401_OUT
daily,KOSPI200,institution,003030,세아제강지주,5396,10237,4841,617646750,1177242650,559595900,KRX MDCSTAT02401_OUT
daily,KOSPI200,institution,009240,한샘,1163,15334,14171,45631100,603407150,557776050,KRX MDCSTAT02401_OUT
daily,KOSPI200,institution,088350,한화생명,68614,161059,92445,360796410,849216840,488420430,KRX MDCSTAT02401_OUT
daily,KOSPI200,institution,096770,SK이노베이션,267189,270182,2993,39886707950,40362134100,475426150,KRX MDCSTAT02401_OUT
daily,KOSPI200,institution,035250,강원랜드,17510,49605,32095,249676925,708435295,458758370,KRX MDCSTAT02401_OUT
daily,KOSPI200,institution,032640,LG유플러스,140595,169400,28805,2040555365,2461287145,420731780,KRX MDCSTAT02401_OUT
daily,KOSPI200,institution,097950,CJ제일제당,4467,6675,2208,796326400,1192614350,396287950,KRX MDCSTAT02401_OUT
daily,KOSPI200,institution,0126Z0,삼성에피스홀딩스,1738,2703,965,642795250,998825500,356030250,KRX MDCSTAT02401_OUT
daily,KOSPI200,institution,051600,한전KPS,5648,12599,6951,252694500,564668950,311974450,KRX MDCSTAT02401_OUT
daily,KOSPI200,institution,069620,대웅제약,4054,6515,2461,438340600,706871850,268531250,KRX MDCSTAT02401_OUT
daily,KOSPI200,institution,282330,BGF리테일,5145,7155,2010,655876050,914791850,258915800,KRX MDCSTAT02401_OUT
daily,KOSPI200,institution,006280,녹십자,2060,4062,2002,259156350,511520450,252364100,KRX MDCSTAT02401_OUT
daily,KOSPI200,institution,204320,HL만도,17320,22338,5018,812409000,1049751450,237342450,KRX MDCSTAT02401_OUT
daily,KOSPI200,institution,011200,HMM,141478,152140,10662,3013406475,3247164000,233757525,KRX MDCSTAT02401_OUT
daily,KOSPI200,institution,004990,롯데지주,5511,15320,9809,130709900,364080700,233370800,KRX MDCSTAT02401_OUT
daily,KOSPI200,institution,000880,한화,6471,8221,1750,820650500,1045537300,224886800,KRX MDCSTAT02401_OUT
daily,KOSPI200,institution,011210,현대위아,5176,8914,3738,272973800,470415200,197441400,KRX MDCSTAT02401_OUT
daily,KOSPI200,institution,000240,한국앤컴퍼니,5665,13430,7765,143618900,340817750,197198850,KRX MDCSTAT02401_OUT
daily,KOSPI200,institution,029780,삼성카드,6578,10918,4340,274951750,456926825,181975075,KRX MDCSTAT02401_OUT
daily,KOSPI200,institution,005850,에스엘,4889,8020,3131,253885300,416795100,162909800,KRX MDCSTAT02401_OUT
daily,KOSPI200,institution,012750,에스원,6767,8610,1843,560604000,714215800,153611800,KRX MDCSTAT02401_OUT
daily,KOSPI200,institution,326030,SK바이오팜,11858,13538,1680,895742450,1023095350,127352900,KRX MDCSTAT02401_OUT
daily,KOSPI200,institution,000080,하이트진로,3886,11377,7491,57272050,167815435,110543385,KRX MDCSTAT02401_OUT
daily,KOSPI200,institution,022100,포스코DX,20708,25744,5036,429644925,535503425,105858500,KRX MDCSTAT02401_OUT
daily,KOSPI200,institution,009970,영원무역홀딩스,1660,2320,660,266780200,372363300,105583100,KRX MDCSTAT02401_OUT
daily,KOSPI200,institution,285130,SK케미칼,11421,13263,1842,586621800,684331750,97709950,KRX MDCSTAT02401_OUT
daily,KOSPI200,institution,005420,코스모화학,11315,19158,7843,124758270,212227085,87468815,KRX MDCSTAT02401_OUT
daily,KOSPI200,institution,185750,종근당,755,1859,1104,49032000,120978300,71946300,KRX MDCSTAT02401_OUT
daily,KOSPI200,institution,005300,롯데칠성,591,1287,696,56203900,122560650,66356750,KRX MDCSTAT02401_OUT
daily,KOSPI200,institution,069260,TKG휴켐스,4752,8368,3616,75572070,133370070,57798000,KRX MDCSTAT02401_OUT
daily,KOSPI200,institution,003090,대웅,4064,7746,3682,62205125,118518750,56313625,KRX MDCSTAT02401_OUT
daily,KOSPI200,institution,007310,오뚜기,292,439,147,92066500,138955500,46889000,KRX MDCSTAT02401_OUT
daily,KOSPI200,institution,137310,에스디바이오센서,10361,17593,7232,65059650,110760940,45701290,KRX MDCSTAT02401_OUT
daily,KOSPI200,institution,071320,지역난방공사,543,893,350,42674200,70626500,27952300,KRX MDCSTAT02401_OUT
daily,KOSPI200,institution,073240,금호타이어,52408,55745,3337,361710575,385680980,23970405,KRX MDCSTAT02401_OUT
daily,KOSPI200,institution,300720,한일시멘트,6266,7726,1460,100658740,124209920,23551180,KRX MDCSTAT02401_OUT
daily,KOSPI200,institution,002030,아세아,358,456,98,72858250,92620750,19762500,KRX MDCSTAT02401_OUT
daily,KOSPI200,institution,002840,미원상사,379,501,122,50696900,67192950,16496050,KRX MDCSTAT02401_OUT
daily,KOSPI200,institution,377300,카카오페이,27865,28212,347,1115124725,1130810100,15685375,KRX MDCSTAT02401_OUT
daily,KOSPI200,institution,036460,한국가스공사,17877,18372,495,641223900,656434400,15210500,KRX MDCSTAT02401_OUT
daily,KOSPI200,institution,008730,율촌화학,2398,3355,957,35589360,49796590,14207230,KRX MDCSTAT02401_OUT
daily,KOSPI200,institution,268280,미원에스씨,225,254,29,28363500,32102550,3739050,KRX MDCSTAT02401_OUT
daily,KOSPI200,institution,007700,F&F홀딩스,895,743,-152,11944850,9911960,-2032890,KRX MDCSTAT02401_OUT
daily,KOSPI200,institution,443060,HD현대마린솔루션,10956,10919,-37,2555437000,2548044750,-7392250,KRX MDCSTAT02401_OUT
daily,KOSPI200,institution,014820,동원시스템즈,5339,4926,-413,113345275,104763350,-8581925,KRX MDCSTAT02401_OUT
daily,KOSPI200,institution,001680,대상,5335,4636,-699,94183140,82156950,-12026190,KRX MDCSTAT02401_OUT
daily,KOSPI200,institution,192080,더블유게임즈,3849,3486,-363,223555450,203396000,-20159450,KRX MDCSTAT02401_OUT
daily,KOSPI200,institution,001430,세아베스틸지주,15186,14709,-477,707478250,686129275,-21348975,KRX MDCSTAT02401_OUT
daily,KOSPI200,institution,006040,동원산업,5089,3657,-1432,178827350,128722150,-50105200,KRX MDCSTAT02401_OUT
daily,KOSPI200,institution,003240,태광산업,330,273,-57,292308000,241789500,-50518500,KRX MDCSTAT02401_OUT
daily,KOSPI200,institution,302440,SK바이오사이언스,11870,10180,-1690,431433075,370106925,-61326150,KRX MDCSTAT02401_OUT
daily,KOSPI200,institution,000210,DL,8791,7236,-1555,422698225,350516800,-72181425,KRX MDCSTAT02401_OUT
daily,KOSPI200,institution,000120,CJ대한통운,13298,12215,-1083,931360700,857477350,-73883350,KRX MDCSTAT02401_OUT
daily,KOSPI200,institution,007070,GS리테일,20453,15821,-4632,449208250,348935750,-100272500,KRX MDCSTAT02401_OUT
daily,KOSPI200,institution,004000,롯데정밀화학,8074,5552,-2522,343767425,236715550,-107051875,KRX MDCSTAT02401_OUT
daily,KOSPI200,institution,011780,금호석유화학,8295,7232,-1063,967741550,844686550,-123055000,KRX MDCSTAT02401_OUT
daily,KOSPI200,institution,298050,HS효성첨단소재,2079,1259,-820,336231100,203765550,-132465550,KRX MDCSTAT02401_OUT
daily,KOSPI200,institution,000670,영풍,5777,2270,-3507,232619325,91475275,-141144050,KRX MDCSTAT02401_OUT
daily,KOSPI200,institution,001800,오리온홀딩스,15376,8373,-7003,350780825,191468600,-159312225,KRX MDCSTAT02401_OUT
daily,KOSPI200,institution,034220,LG디스플레이,362406,340680,-21726,3091453110,2910424430,-181028680,KRX MDCSTAT02401_OUT
daily,KOSPI200,institution,017800,현대엘리베이터,16479,12728,-3751,1191705500,925618650,-266086850,KRX MDCSTAT02401_OUT
daily,KOSPI200,institution,069960,현대백화점,8297,4938,-3359,735718150,438617250,-297100900,KRX MDCSTAT02401_OUT
daily,KOSPI200,institution,006650,대한유화,4840,1433,-3407,434915050,129615100,-305299950,KRX MDCSTAT02401_OUT
daily,KOSPI200,institution,180640,한진칼,24636,21478,-3158,3219127550,2815611800,-403515750,KRX MDCSTAT02401_OUT
daily,KOSPI200,institution,071970,HD현대마린엔진,17495,8874,-8621,850929500,432910725,-418018775,KRX MDCSTAT02401_OUT
daily,KOSPI200,institution,000990,DB하이텍,39672,36499,-3173,5603396250,5169254450,-434141800,KRX MDCSTAT02401_OUT
daily,KOSPI200,institution,280360,롯데웰푸드,7204,2238,-4966,855517300,266255150,-589262150,KRX MDCSTAT02401_OUT
daily,KOSPI200,institution,111770,영원무역,21950,12612,-9338,1469236950,845728800,-623508150,KRX MDCSTAT02401_OUT
daily,KOSPI200,institution,120110,코오롱인더,23262,11860,-11402,1296491800,661708100,-634783700,KRX MDCSTAT02401_OUT
daily,KOSPI200,institution,008770,호텔신라,28210,11592,-16618,1105101875,454449525,-650652350,KRX MDCSTAT02401_OUT
daily,KOSPI200,institution,007340,DN오토모티브,23108,9009,-14099,1159655925,453081400,-706574525,KRX MDCSTAT02401_OUT
daily,KOSPI200,institution,052690,한전기술,40147,34175,-5972,5062750150,4314425900,-748324250,KRX MDCSTAT02401_OUT
daily,KOSPI200,institution,251270,넷마블,50233,28253,-21980,1757199950,990366950,-766833000,KRX MDCSTAT02401_OUT
daily,KOSPI200,institution,039490,키움증권,15935,12918,-3017,4098343250,3326732000,-771611250,KRX MDCSTAT02401_OUT
daily,KOSPI200,institution,034230,파라다이스,102148,14096,-88052,951233905,131372905,-819861000,KRX MDCSTAT02401_OUT
daily,KOSPI200,institution,002380,KCC,3522,1571,-1951,1646856250,737049000,-909807250,KRX MDCSTAT02401_OUT
daily,KOSPI200,institution,082740,한화엔진,68955,49175,-19780,3344012050,2389799250,-954212800,KRX MDCSTAT02401_OUT
daily,KOSPI200,institution,259960,크래프톤,28892,24000,-4892,5702113650,4741348550,-960765100,KRX MDCSTAT02401_OUT
daily,KOSPI200,institution,009420,한올바이오파마,79387,55212,-24175,3660950350,2548670725,-1112279625,KRX MDCSTAT02401_OUT
daily,KOSPI200,institution,002790,아모레퍼시픽홀딩스,66146,19090,-47056,1650185550,477297900,-1172887650,KRX MDCSTAT02401_OUT
daily,KOSPI200,institution,090430,아모레퍼시픽,60940,51436,-9504,8021850050,6793936350,-1227913700,KRX MDCSTAT02401_OUT
daily,KOSPI200,institution,047040,대우건설,420255,347567,-72688,7392461350,6114318440,-1278142910,KRX MDCSTAT02401_OUT
daily,KOSPI200,institution,023530,롯데쇼핑,24048,11176,-12872,2434919700,1131997650,-1302922050,KRX MDCSTAT02401_OUT
daily,KOSPI200,institution,103140,풍산,28602,10456,-18146,2242736450,821522500,-1421213950,KRX MDCSTAT02401_OUT
daily,KOSPI200,institution,030200,KT,118108,90635,-27473,6123225400,4701722750,-1421502650,KRX MDCSTAT02401_OUT
daily,KOSPI200,institution,000100,유한양행,43438,22926,-20512,3204859900,1691483800,-1513376100,KRX MDCSTAT02401_OUT
daily,KOSPI200,institution,267250,HD현대,60267,51552,-8715,11992453450,10274121600,-1718331850,KRX MDCSTAT02401_OUT
daily,KOSPI200,institution,450080,에코프로머티,136190,89961,-46229,5154260100,3408670050,-1745590050,KRX MDCSTAT02401_OUT
daily,KOSPI200,institution,001450,현대해상,72590,34430,-38160,3425196800,1627642475,-1797554325,KRX MDCSTAT02401_OUT
daily,KOSPI200,institution,078930,GS,118359,98810,-19549,12435099950,10396166400,-2038933550,KRX MDCSTAT02401_OUT
daily,KOSPI200,institution,483650,달바글로벌,18351,6538,-11813,3357527700,1198743500,-2158784200,KRX MDCSTAT02401_OUT
daily,KOSPI200,institution,307950,현대오토에버,9849,4082,-5767,3745303500,1552463500,-2192840000,KRX MDCSTAT02401_OUT
daily,KOSPI200,institution,375500,DL이앤씨,69980,38627,-31353,5236743700,2893939850,-2342803850,KRX MDCSTAT02401_OUT
daily,KOSPI200,institution,066970,엘앤에프,96981,76070,-20911,10960049450,8605057100,-2354992350,KRX MDCSTAT02401_OUT
daily,KOSPI200,institution,267260,HD현대일렉트릭,25353,21568,-3785,17008575000,14485663000,-2522912000,KRX MDCSTAT02401_OUT
daily,KOSPI200,institution,028260,삼성물산,77738,69942,-7796,26692360000,24066628500,-2625731500,KRX MDCSTAT02401_OUT
daily,KOSPI200,institution,028050,삼성E&A,165125,109667,-55458,7842716825,5216512600,-2626204225,KRX MDCSTAT02401_OUT
daily,KOSPI200,institution,271560,오리온,41304,12726,-28578,4338493400,1337850500,-3000642900,KRX MDCSTAT02401_OUT
daily,KOSPI200,institution,011170,롯데케미칼,62820,11700,-51120,3767922700,705451600,-3062471100,KRX MDCSTAT02401_OUT
daily,KOSPI200,institution,006260,LS,24967,14414,-10553,7410093750,4281018500,-3129075250,KRX MDCSTAT02401_OUT
daily,KOSPI200,institution,298020,효성티앤씨,13727,2021,-11706,3728319250,550289500,-3178029750,KRX MDCSTAT02401_OUT
daily,KOSPI200,institution,003670,포스코퓨처엠,82626,65077,-17549,15291273700,12080506100,-3210767600,KRX MDCSTAT02401_OUT
daily,KOSPI200,institution,015760,한국전력,265046,150874,-114172,7927805475,4518002400,-3409803075,KRX MDCSTAT02401_OUT
daily,KOSPI200,institution,003490,대한항공,507636,384150,-123486,15455784250,11720597875,-3735186375,KRX MDCSTAT02401_OUT
daily,KOSPI200,institution,018260,삼성에스디에스,36351,19135,-17216,7916803500,4172851250,-3743952250,KRX MDCSTAT02401_OUT
daily,KOSPI200,institution,035720,카카오,282392,159187,-123205,9371776950,5295974425,-4075802525,KRX MDCSTAT02401_OUT
daily,KOSPI200,institution,352820,하이브,49869,22878,-26991,7708123200,3536751850,-4171371350,KRX MDCSTAT02401_OUT
daily,KOSPI200,institution,005830,DB손해보험,49139,25011,-24128,8885767000,4530534300,-4355232700,KRX MDCSTAT02401_OUT
daily,KOSPI200,institution,003230,삼양식품,10674,6981,-3693,12925325500,8500493500,-4424832000,KRX MDCSTAT02401_OUT
daily,KOSPI200,institution,207940,삼성바이오로직스,10134,6812,-3322,13860660500,9344341000,-4516319500,KRX MDCSTAT02401_OUT
daily,KOSPI200,institution,004020,현대제철,218756,59881,-158875,6536641300,1791591250,-4745050050,KRX MDCSTAT02401_OUT
daily,KOSPI200,institution,034730,SK,37606,28935,-8671,21608799500,16665501000,-4943298500,KRX MDCSTAT02401_OUT
daily,KOSPI200,institution,034020,두산에너빌리티,514314,446350,-67964,41685049000,36182323150,-5502725850,KRX MDCSTAT02401_OUT
daily,KOSPI200,institution,051900,LG생활건강,32774,9725,-23049,8720505250,2597191250,-6123314000,KRX MDCSTAT02401_OUT
daily,KOSPI200,institution,278470,에이피알,52578,33832,-18746,19301983750,12434616000,-6867367750,KRX MDCSTAT02401_OUT
daily,KOSPI200,institution,004170,신세계,29291,7224,-22067,9636482750,2380716750,-7255766000,KRX MDCSTAT02401_OUT
daily,KOSPI200,institution,042660,한화오션,212709,101738,-110971,16630469150,7967081250,-8663387900,KRX MDCSTAT02401_OUT
daily,KOSPI200,institution,298040,효성중공업,8563,4538,-4025,23793113500,12628316500,-11164797000,KRX MDCSTAT02401_OUT
daily,KOSPI200,institution,000270,기아,279544,157824,-121720,31338664550,17709632000,-13629032550,KRX MDCSTAT02401_OUT
daily,KOSPI200,institution,035420,NAVER,176395,101211,-75184,33818861150,19416478500,-14402382650,KRX MDCSTAT02401_OUT
daily,KOSPI200,institution,011070,LG이노텍,41544,14623,-26921,23570954000,8314627000,-15256327000,KRX MDCSTAT02401_OUT
daily,KOSPI200,institution,161890,한국콜마,217475,95666,-121809,29739955050,13106361350,-16633593700,KRX MDCSTAT02401_OUT
daily,KOSPI200,institution,267270,HD건설기계,215897,15659,-200238,25259396550,1836300450,-23423096100,KRX MDCSTAT02401_OUT
daily,KOSPI200,institution,005380,현대차,187046,115490,-71556,64592049000,39909874500,-24682174500,KRX MDCSTAT02401_OUT
daily,KOSPI200,institution,000720,현대건설,305802,82262,-223540,34972194650,9415321400,-25556873250,KRX MDCSTAT02401_OUT
daily,KOSPI200,institution,329180,HD현대중공업,104381,40038,-64343,44319749000,17034439500,-27285309500,KRX MDCSTAT02401_OUT
daily,KOSPI200,institution,000150,두산,57082,17252,-39830,74843051500,22736898000,-52106153500,KRX MDCSTAT02401_OUT
daily,KOSDAQ150,foreign,222800,심텍,268419,451835,183416,44526038100,75082771700,30556733600,KRX MDCSTAT02401_OUT
daily,KOSDAQ150,foreign,067310,하나마이크론,530446,891730,361284,27905242350,46763738000,18858495650,KRX MDCSTAT02401_OUT
daily,KOSDAQ150,foreign,108490,로보티즈,60663,111701,51038,18723090750,34497251750,15774161000,KRX MDCSTAT02401_OUT
daily,KOSDAQ150,foreign,086520,에코프로,221526,395657,174131,19554511050,35021589500,15467078450,KRX MDCSTAT02401_OUT
daily,KOSDAQ150,foreign,080220,제주반도체,784794,936557,151763,72224608850,86186192200,13961583350,KRX MDCSTAT02401_OUT
daily,KOSDAQ150,foreign,277810,레인보우로보틱스,13447,39886,26439,6001123000,17844132000,11843009000,KRX MDCSTAT02401_OUT
daily,KOSDAQ150,foreign,036540,SFA반도체,1409911,2160215,750304,16090723925,24757977245,8667253320,KRX MDCSTAT02401_OUT
daily,KOSDAQ150,foreign,043260,성호전자,1511812,1774888,263076,47542500950,55830758750,8288257800,KRX MDCSTAT02401_OUT
daily,KOSDAQ150,foreign,078600,대주전자재료,143279,217696,74417,15322510900,23194191000,7871680100,KRX MDCSTAT02401_OUT
daily,KOSDAQ150,foreign,041190,우리기술투자,1924475,2831104,906629,12301736035,18133209135,5831473100,KRX MDCSTAT02401_OUT
daily,KOSDAQ150,foreign,247540,에코프로비엠,100485,147597,47112,11571391450,17002750900,5431359450,KRX MDCSTAT02401_OUT
daily,KOSDAQ150,foreign,058610,에스피지,38900,81925,43025,3988178750,8397491500,4409312750,KRX MDCSTAT02401_OUT
daily,KOSDAQ150,foreign,125490,한라캐스트,843712,1178162,334450,11131583350,15419343235,4287759885,KRX MDCSTAT02401_OUT
daily,KOSDAQ150,foreign,253590,네오셈,615969,877485,261516,9558411835,13583468345,4025056510,KRX MDCSTAT02401_OUT
daily,KOSDAQ150,foreign,131290,티에스이,26459,38389,11930,7744733250,11224232750,3479499500,KRX MDCSTAT02401_OUT
daily,KOSDAQ150,foreign,098460,고영,494902,567194,72292,16801458150,19243944750,2442486600,KRX MDCSTAT02401_OUT
daily,KOSDAQ150,foreign,251970,펌텍코리아,33945,66998,33053,2079635000,4079261950,1999626950,KRX MDCSTAT02401_OUT
daily,KOSDAQ150,foreign,064760,티씨케이,21691,27567,5876,6496746500,8204609250,1707862750,KRX MDCSTAT02401_OUT
daily,KOSDAQ150,foreign,417200,LS머트리얼즈,627771,728293,100522,9173273975,10708674105,1535400130,KRX MDCSTAT02401_OUT
daily,KOSDAQ150,foreign,466100,클로봇,46832,110941,64109,1107346550,2622930900,1515584350,KRX MDCSTAT02401_OUT
daily,KOSDAQ150,foreign,293490,카카오게임즈,184380,323851,139471,1857067305,3270871110,1413803805,KRX MDCSTAT02401_OUT
daily,KOSDAQ150,foreign,241710,코스메카코리아,74888,87177,12289,8302908100,9661176800,1358268700,KRX MDCSTAT02401_OUT
daily,KOSDAQ150,foreign,056190,SFA,104027,146452,42425,3251619200,4587115875,1335496675,KRX MDCSTAT02401_OUT
daily,KOSDAQ150,foreign,161580,필옵틱스,145821,174664,28843,5996932775,7197699075,1200766300,KRX MDCSTAT02401_OUT
daily,KOSDAQ150,foreign,090710,휴림로봇,339934,501550,161616,2190439180,3238391315,1047952135,KRX MDCSTAT02401_OUT
daily,KOSDAQ150,foreign,214450,파마리서치,38724,42471,3747,12151469500,13177150250,1025680750,KRX MDCSTAT02401_OUT
daily,KOSDAQ150,foreign,257720,실리콘투,233117,262164,29047,8809880225,9799226700,989346475,KRX MDCSTAT02401_OUT
daily,KOSDAQ150,foreign,090360,로보스타,27363,39368,12005,2166512800,3124144450,957631650,KRX MDCSTAT02401_OUT
daily,KOSDAQ150,foreign,030530,원익홀딩스,399292,429677,30385,11591740550,12512509750,920769200,KRX MDCSTAT02401_OUT
daily,KOSDAQ150,foreign,060370,LS마린솔루션,44020,70751,26731,1481482050,2349085500,867603450,KRX MDCSTAT02401_OUT
daily,KOSDAQ150,foreign,056080,유진로봇,156823,212056,55233,1970614925,2661265545,690650620,KRX MDCSTAT02401_OUT
daily,KOSDAQ150,foreign,003380,하림지주,83763,140929,57166,934689905,1570658695,635968790,KRX MDCSTAT02401_OUT
daily,KOSDAQ150,foreign,053800,안랩,20740,28068,7328,1603478700,2171545200,568066500,KRX MDCSTAT02401_OUT
daily,KOSDAQ150,foreign,189300,인텔리안테크,39076,46808,7732,2820813150,3373001150,552188000,KRX MDCSTAT02401_OUT
daily,KOSDAQ150,foreign,420770,기가비스,22656,26374,3718,2984337750,3448926800,464589050,KRX MDCSTAT02401_OUT
daily,KOSDAQ150,foreign,032820,우리기술,462773,498192,35419,5835385640,6280179185,444793545,KRX MDCSTAT02401_OUT
daily,KOSDAQ150,foreign,096530,씨젠,107429,119061,11632,3965267425,4397791175,432523750,KRX MDCSTAT02401_OUT
daily,KOSDAQ150,foreign,388720,유일로보틱스,3832,9856,6024,269887950,694177150,424289200,KRX MDCSTAT02401_OUT
daily,KOSDAQ150,foreign,137400,피엔티,68074,79879,11805,2176848250,2557731250,380883000,KRX MDCSTAT02401_OUT
daily,KOSDAQ150,foreign,009520,포스코엠텍,104702,133429,28727,1364417310,1740144000,375726690,KRX MDCSTAT02401_OUT
daily,KOSDAQ150,foreign,263750,펄어비스,39111,50306,11195,1308244425,1682155800,373911375,KRX MDCSTAT02401_OUT
daily,KOSDAQ150,foreign,006730,서부T&D,123951,155908,31957,1384441000,1754781485,370340485,KRX MDCSTAT02401_OUT
daily,KOSDAQ150,foreign,399720,가온칩스,34084,41373,7289,1649723075,2014032850,364309775,KRX MDCSTAT02401_OUT
daily,KOSDAQ150,foreign,215200,메가스터디교육,12373,20450,8077,465922850,770510550,304587700,KRX MDCSTAT02401_OUT
daily,KOSDAQ150,foreign,437730,삼현,63687,69413,5726,3282096700,3568590650,286493950,KRX MDCSTAT02401_OUT
daily,KOSDAQ150,foreign,015750,성우하이텍,42544,86143,43599,252584680,512199395,259614715,KRX MDCSTAT02401_OUT
daily,KOSDAQ150,foreign,124500,아이티센글로벌,54943,63063,8120,1605418125,1844361975,238943850,KRX MDCSTAT02401_OUT
daily,KOSDAQ150,foreign,214150,클래시스,104060,111843,7783,3205042750,3441264425,236221675,KRX MDCSTAT02401_OUT
daily,KOSDAQ150,foreign,348370,엔켐,96408,106099,9691,2183159575,2409128725,225969150,KRX MDCSTAT02401_OUT
daily,KOSDAQ150,foreign,033100,제룡전기,36673,40340,3667,1809885250,1992309375,182424125,KRX MDCSTAT02401_OUT
daily,KOSDAQ150,foreign,278280,천보,9294,13707,4413,354173475,524950800,170777325,KRX MDCSTAT02401_OUT
daily,KOSDAQ150,foreign,213420,덕산네오룩스,33960,39265,5305,1018231950,1178341450,160109500,KRX MDCSTAT02401_OUT
daily,KOSDAQ150,foreign,033500,동성화인텍,30221,39474,9253,492968485,643932705,150964220,KRX MDCSTAT02401_OUT
daily,KOSDAQ150,foreign,025900,동화기업,17585,31704,14119,130321215,235205140,104883925,KRX MDCSTAT02401_OUT
daily,KOSDAQ150,foreign,065350,신성델타테크,33216,35580,2364,1085538400,1162033525,76495125,KRX MDCSTAT02401_OUT
daily,KOSDAQ150,foreign,112040,위메이드,24117,28331,4214,375560060,442483500,66923440,KRX MDCSTAT02401_OUT
daily,KOSDAQ150,foreign,038500,삼표시멘트,71289,78313,7024,483793620,531813945,48020325,KRX MDCSTAT02401_OUT
daily,KOSDAQ150,foreign,281740,레이크머티리얼즈,254049,256237,2188,3200780555,3244522170,43741615,KRX MDCSTAT02401_OUT
daily,KOSDAQ150,foreign,036620,감성코퍼레이션,52587,61783,9196,195685550,229777275,34091725,KRX MDCSTAT02401_OUT
daily,KOSDAQ150,foreign,018290,브이티,48551,50726,2175,611274795,640006455,28731660,KRX MDCSTAT02401_OUT
daily,KOSDAQ150,foreign,211050,인카금융서비스,17373,20068,2695,168877230,193657770,24780540,KRX MDCSTAT02401_OUT
daily,KOSDAQ150,foreign,060250,NHN KCP,53514,55196,1682,735153660,758102990,22949330,KRX MDCSTAT02401_OUT
daily,KOSDAQ150,foreign,253450,스튜디오드래곤,11213,11788,575,229975300,241346950,11371650,KRX MDCSTAT02401_OUT
daily,KOSDAQ150,foreign,067160,SOOP,13860,14117,257,503236375,512315850,9079475,KRX MDCSTAT02401_OUT
daily,KOSDAQ150,foreign,014620,성광벤드,42427,41855,-572,1294501950,1276636350,-17865600,KRX MDCSTAT02401_OUT
daily,KOSDAQ150,foreign,166090,하나머티리얼즈,46745,46396,-349,2974341850,2942619050,-31722800,KRX MDCSTAT02401_OUT
daily,KOSDAQ150,foreign,352480,씨앤씨인터내셔널,4120,2491,-1629,85781850,51509450,-34272400,KRX MDCSTAT02401_OUT
daily,KOSDAQ150,foreign,025320,시노펙스,169777,157750,-12027,679930389,633785710,-46144679,KRX MDCSTAT02401_OUT
daily,KOSDAQ150,foreign,101730,위메이드맥스,35982,20916,-15066,167447820,97975090,-69472730,KRX MDCSTAT02401_OUT
daily,KOSDAQ150,foreign,082270,젬백스,57765,49385,-8380,658750625,562880790,-95869835,KRX MDCSTAT02401_OUT
daily,KOSDAQ150,foreign,145020,휴젤,29469,28734,-735,5313205750,5181452600,-131753150,KRX MDCSTAT02401_OUT
daily,KOSDAQ150,foreign,052400,코나아이,14535,10871,-3664,549429000,411107400,-138321600,KRX MDCSTAT02401_OUT
daily,KOSDAQ150,foreign,194480,데브시스터즈,19345,9099,-10246,272290310,128127880,-144162430,KRX MDCSTAT02401_OUT
daily,KOSDAQ150,foreign,035760,CJ ENM,38162,33699,-4463,1328941725,1175506850,-153434875,KRX MDCSTAT02401_OUT
daily,KOSDAQ150,foreign,041510,에스엠,71693,70075,-1618,5544502950,5372915900,-171587050,KRX MDCSTAT02401_OUT
daily,KOSDAQ150,foreign,083650,비에이치아이,59461,56557,-2904,3525079500,3351064900,-174014600,KRX MDCSTAT02401_OUT
daily,KOSDAQ150,foreign,085660,차바이오텍,59767,34533,-25234,509551330,293426700,-216124630,KRX MDCSTAT02401_OUT
daily,KOSDAQ150,foreign,095660,네오위즈,22326,10329,-11997,402926460,186342640,-216583820,KRX MDCSTAT02401_OUT
daily,KOSDAQ150,foreign,171090,선익시스템,25145,21847,-3298,1906587950,1666804700,-239783250,KRX MDCSTAT02401_OUT
daily,KOSDAQ150,foreign,376300,디어유,46711,33592,-13119,871459365,628101230,-243358135,KRX MDCSTAT02401_OUT
daily,KOSDAQ150,foreign,225570,넥슨게임즈,33645,10545,-23100,362809975,113950470,-248859505,KRX MDCSTAT02401_OUT
daily,KOSDAQ150,foreign,060280,큐렉소,93962,63760,-30202,820130410,555745195,-264385215,KRX MDCSTAT02401_OUT
daily,KOSDAQ150,foreign,445680,큐리옥스바이오시스템즈,23030,18265,-4765,1355485350,1074802000,-280683350,KRX MDCSTAT02401_OUT
daily,KOSDAQ150,foreign,025980,아난티,184957,127414,-57543,932870445,642572245,-290298200,KRX MDCSTAT02401_OUT
daily,KOSDAQ150,foreign,183300,코미코,176050,168802,-7248,6099159600,5797762200,-301397400,KRX MDCSTAT02401_OUT
daily,KOSDAQ150,foreign,048410,현대바이오,359917,315818,-44099,2583381120,2277639890,-305741230,KRX MDCSTAT02401_OUT
daily,KOSDAQ150,foreign,032190,다우데이타,40526,23262,-17264,768771905,439992600,-328779305,KRX MDCSTAT02401_OUT
daily,KOSDAQ150,foreign,030520,한컴,31413,11852,-19561,542521530,205162260,-337359270,KRX MDCSTAT02401_OUT
daily,KOSDAQ150,foreign,099320,쎄트렉아이,38717,34268,-4449,3161718500,2803429250,-358289250,KRX MDCSTAT02401_OUT
daily,KOSDAQ150,foreign,0009K0,에임드바이오,45977,31106,-14871,1142730050,777513100,-365216950,KRX MDCSTAT02401_OUT
daily,KOSDAQ150,foreign,032500,케이엠더블유,180228,160841,-19387,3771967195,3382930095,-389037100,KRX MDCSTAT02401_OUT
daily,KOSDAQ150,foreign,232140,와이씨,1104716,1080318,-24398,18422325240,18026320160,-396005080,KRX MDCSTAT02401_OUT
daily,KOSDAQ150,foreign,328130,루닛,186109,148322,-37787,1986074395,1583957995,-402116400,KRX MDCSTAT02401_OUT
daily,KOSDAQ150,foreign,082920,비츠로셀,92264,78075,-14189,2718153825,2297800000,-420353825,KRX MDCSTAT02401_OUT
daily,KOSDAQ150,foreign,122870,와이지엔터테인먼트,49899,38907,-10992,2019503750,1575864300,-443639450,KRX MDCSTAT02401_OUT
daily,KOSDAQ150,foreign,069080,웹젠,55257,16540,-38717,644783520,192853310,-451930210,KRX MDCSTAT02401_OUT
daily,KOSDAQ150,foreign,214370,케어젠,30646,19879,-10767,1315302325,853764200,-461538125,KRX MDCSTAT02401_OUT
daily,KOSDAQ150,foreign,078340,컴투스,48017,35710,-12307,1806323075,1343946400,-462376675,KRX MDCSTAT02401_OUT
daily,KOSDAQ150,foreign,100790,미래에셋벤처투자,163336,133916,-29420,2947282195,2422636300,-524645895,KRX MDCSTAT02401_OUT
daily,KOSDAQ150,foreign,195940,HK이노엔,20477,6882,-13595,822514400,277123100,-545391300,KRX MDCSTAT02401_OUT
daily,KOSDAQ150,foreign,068760,셀트리온제약,31680,15636,-16044,1221030900,604611700,-616419200,KRX MDCSTAT02401_OUT
daily,KOSDAQ150,foreign,039200,오스코텍,46193,27608,-18585,1712779900,1012745925,-700033975,KRX MDCSTAT02401_OUT
daily,KOSDAQ150,foreign,358570,지아이이노베이션,224452,134781,-89671,2037803530,1231655360,-806148170,KRX MDCSTAT02401_OUT
daily,KOSDAQ150,foreign,272290,이녹스첨단소재,60194,22908,-37286,1367778450,518269925,-849508525,KRX MDCSTAT02401_OUT
daily,KOSDAQ150,foreign,121600,나노신소재,34980,20042,-14938,2058735500,1178684350,-880051150,KRX MDCSTAT02401_OUT
daily,KOSDAQ150,foreign,348210,넥스틴,39416,12653,-26763,1540401350,493884750,-1046516600,KRX MDCSTAT02401_OUT
daily,KOSDAQ150,foreign,050890,쏠리드,1149045,1047655,-101390,12242592870,11184055980,-1058536890,KRX MDCSTAT02401_OUT
daily,KOSDAQ150,foreign,140860,파크시스템스,14813,11134,-3679,4431949000,3328361000,-1103588000,KRX MDCSTAT02401_OUT
daily,KOSDAQ150,foreign,214430,아이쓰리시스템,34597,17734,-16863,2655011000,1360009100,-1295001900,KRX MDCSTAT02401_OUT
daily,KOSDAQ150,foreign,007390,네이처셀,93464,39460,-54004,2325365800,994199850,-1331165950,KRX MDCSTAT02401_OUT
daily,KOSDAQ150,foreign,237690,에스티팜,31380,16454,-14926,2931940450,1536457550,-1395482900,KRX MDCSTAT02401_OUT
daily,KOSDAQ150,foreign,319400,현대무벡스,238304,170162,-68142,4946014150,3531220550,-1414793600,KRX MDCSTAT02401_OUT
daily,KOSDAQ150,foreign,035900,JYP Ent.,95055,53704,-41351,3542990975,2004147825,-1538843150,KRX MDCSTAT02401_OUT
daily,KOSDAQ150,foreign,074600,원익QnC,82785,34134,-48651,2688101350,1108799400,-1579301950,KRX MDCSTAT02401_OUT
daily,KOSDAQ150,foreign,031980,피에스케이홀딩스,46575,38387,-8188,8876019250,7254132850,-1621886400,KRX MDCSTAT02401_OUT
daily,KOSDAQ150,foreign,028300,HLB,227106,185623,-41483,9154828750,7477966400,-1676862350,KRX MDCSTAT02401_OUT
daily,KOSDAQ150,foreign,036810,에프에스티,124479,73558,-50921,4482115025,2638518625,-1843596400,KRX MDCSTAT02401_OUT
daily,KOSDAQ150,foreign,204270,제이앤티씨,239022,148208,-90814,5296375025,3285362800,-2011012225,KRX MDCSTAT02401_OUT
daily,KOSDAQ150,foreign,036830,솔브레인홀딩스,94242,51580,-42662,4535391500,2460564775,-2074826725,KRX MDCSTAT02401_OUT
daily,KOSDAQ150,foreign,005290,동진쎄미켐,213090,170655,-42435,11158763200,8945264900,-2213498300,KRX MDCSTAT02401_OUT
daily,KOSDAQ150,foreign,095610,테스,81903,66939,-14964,14817506350,12012292800,-2805213550,KRX MDCSTAT02401_OUT
daily,KOSDAQ150,foreign,310210,보로노이,34635,14706,-19929,5023081900,2144257300,-2878824600,KRX MDCSTAT02401_OUT
daily,KOSDAQ150,foreign,178320,서진시스템,666034,595589,-70445,27907747675,25010080700,-2897666975,KRX MDCSTAT02401_OUT
daily,KOSDAQ150,foreign,323280,태성,129289,76060,-53229,7717026600,4534337550,-3182689050,KRX MDCSTAT02401_OUT
daily,KOSDAQ150,foreign,475830,오름테라퓨틱,231022,75779,-155243,5005689075,1641509475,-3364179600,KRX MDCSTAT02401_OUT
daily,KOSDAQ150,foreign,298380,에이비엘바이오,137333,70005,-67328,7133164400,3640051100,-3493113300,KRX MDCSTAT02401_OUT
daily,KOSDAQ150,foreign,347850,디앤디파마텍,160227,77281,-82946,6974060750,3363439275,-3610621475,KRX MDCSTAT02401_OUT
daily,KOSDAQ150,foreign,295310,에이치브이엠,97756,44748,-53008,6727946200,3027309650,-3700636550,KRX MDCSTAT02401_OUT
daily,KOSDAQ150,foreign,089030,테크윙,307222,221972,-85250,17212399500,12380448800,-4831950700,KRX MDCSTAT02401_OUT
daily,KOSDAQ150,foreign,226950,올릭스,82838,37813,-45025,9575793500,4383703250,-5192090250,KRX MDCSTAT02401_OUT
daily,KOSDAQ150,foreign,218410,RFHIC,260572,172602,-87970,16192018700,10774382950,-5417635750,KRX MDCSTAT02401_OUT
daily,KOSDAQ150,foreign,042000,카페24,605201,253083,-352118,11875857440,5031589670,-6844267770,KRX MDCSTAT02401_OUT
daily,KOSDAQ150,foreign,131970,두산테스나,140477,75650,-64827,15201780650,8173385700,-7028394950,KRX MDCSTAT02401_OUT
daily,KOSDAQ150,foreign,196170,알테오젠,90525,61416,-29109,23565813000,15996789750,-7569023250,KRX MDCSTAT02401_OUT
daily,KOSDAQ150,foreign,290650,엘앤씨바이오,164689,27151,-137538,9062299850,1482938400,-7579361450,KRX MDCSTAT02401_OUT
daily,KOSDAQ150,foreign,089970,브이엠,297331,183005,-114326,20242855850,12560537500,-7682318350,KRX MDCSTAT02401_OUT
daily,KOSDAQ150,foreign,141080,리가켐바이오,125784,31233,-94551,10434614300,2607028600,-7827585700,KRX MDCSTAT02401_OUT
daily,KOSDAQ150,foreign,039030,이오테크닉스,45478,30272,-15206,24607059000,16273784000,-8333275000,KRX MDCSTAT02401_OUT
daily,KOSDAQ150,foreign,101490,에스앤에스텍,291356,65124,-226232,15436721350,3435937550,-12000783800,KRX MDCSTAT02401_OUT
daily,KOSDAQ150,foreign,036930,주성엔지니어링,298530,247959,-50571,72805472500,60689314250,-12116158250,KRX MDCSTAT02401_OUT
daily,KOSDAQ150,foreign,084370,유진테크,126766,57947,-68819,22653798950,10348033950,-12305765000,KRX MDCSTAT02401_OUT
daily,KOSDAQ150,foreign,087010,펩트론,123570,20404,-103166,16400819700,2754806800,-13646012900,KRX MDCSTAT02401_OUT
daily,KOSDAQ150,foreign,000250,삼천당제약,120930,50708,-70222,24721628350,10413989600,-14307638750,KRX MDCSTAT02401_OUT
daily,KOSDAQ150,foreign,095340,ISC,113778,37044,-76734,23922467250,7775313000,-16147154250,KRX MDCSTAT02401_OUT
daily,KOSDAQ150,foreign,403870,HPSP,1208885,601166,-607719,80487186250,40065513750,-40421672500,KRX MDCSTAT02401_OUT
daily,KOSDAQ150,foreign,240810,원익IPS,508847,186144,-322703,71082756150,26097128050,-44985628100,KRX MDCSTAT02401_OUT
daily,KOSDAQ150,foreign,058470,리노공업,1088660,392339,-696321,92237488800,33038320400,-59199168400,KRX MDCSTAT02401_OUT
daily,KOSDAQ150,institution,058470,리노공업,294157,993429,699272,24938359200,84387562050,59449202850,KRX MDCSTAT02401_OUT
daily,KOSDAQ150,institution,108490,로보티즈,5460,48318,42858,1681257500,14907991750,13226734250,KRX MDCSTAT02401_OUT
daily,KOSDAQ150,institution,080220,제주반도체,39646,177847,138201,3641560000,16412941650,12771381650,KRX MDCSTAT02401_OUT
daily,KOSDAQ150,institution,036930,주성엔지니어링,150498,188890,38392,36528875000,46018078500,9489203500,KRX MDCSTAT02401_OUT
daily,KOSDAQ150,institution,078600,대주전자재료,23527,102693,79166,2536120850,11045249800,8509128950,KRX MDCSTAT02401_OUT
daily,KOSDAQ150,institution,295310,에이치브이엠,23671,143592,119921,1612499950,9920127100,8307627150,KRX MDCSTAT02401_OUT
daily,KOSDAQ150,institution,028300,HLB,37568,234033,196465,1513949450,9465275850,7951326400,KRX MDCSTAT02401_OUT
daily,KOSDAQ150,institution,218410,RFHIC,93741,217367,123626,5838608100,13560256050,7721647950,KRX MDCSTAT02401_OUT
daily,KOSDAQ150,institution,086520,에코프로,212861,288453,75592,18787915150,25501110400,6713195250,KRX MDCSTAT02401_OUT
daily,KOSDAQ150,institution,403870,HPSP,303154,401310,98156,20109413350,26673139050,6563725700,KRX MDCSTAT02401_OUT
daily,KOSDAQ150,institution,084370,유진테크,29174,53420,24246,5209341800,9551531800,4342190000,KRX MDCSTAT02401_OUT
daily,KOSDAQ150,institution,417200,LS머트리얼즈,141767,397520,255753,2086172420,5906824775,3820652355,KRX MDCSTAT02401_OUT
daily,KOSDAQ150,institution,226950,올릭스,39394,71829,32435,4565644750,8310313850,3744669100,KRX MDCSTAT02401_OUT
daily,KOSDAQ150,institution,161580,필옵틱스,4119,84383,80264,168415350,3453589700,3285174350,KRX MDCSTAT02401_OUT
daily,KOSDAQ150,institution,005290,동진쎄미켐,57147,105870,48723,2990226850,5556666300,2566439450,KRX MDCSTAT02401_OUT
daily,KOSDAQ150,institution,043260,성호전자,802452,877983,75531,25232143325,27537080500,2304937175,KRX MDCSTAT02401_OUT
daily,KOSDAQ150,institution,000250,삼천당제약,48051,57943,9892,9669751100,11689357800,2019606700,KRX MDCSTAT02401_OUT
daily,KOSDAQ150,institution,253590,네오셈,5812,129929,124117,90095860,2017995005,1927899145,KRX MDCSTAT02401_OUT
daily,KOSDAQ150,institution,036810,에프에스티,3529,56698,53169,125952950,2035281400,1909328450,KRX MDCSTAT02401_OUT
daily,KOSDAQ150,institution,140860,파크시스템스,5339,11479,6140,1596216000,3439250250,1843034250,KRX MDCSTAT02401_OUT
daily,KOSDAQ150,institution,232140,와이씨,112352,221994,109642,1870926945,3710977350,1840050405,KRX MDCSTAT02401_OUT
daily,KOSDAQ150,institution,041190,우리기술투자,65158,328526,263368,413377080,2106110400,1692733320,KRX MDCSTAT02401_OUT
daily,KOSDAQ150,institution,074600,원익QnC,46002,94511,48509,1495507875,3070194975,1574687100,KRX MDCSTAT02401_OUT
daily,KOSDAQ150,institution,121600,나노신소재,8489,34583,26094,501321700,2043785450,1542463750,KRX MDCSTAT02401_OUT
daily,KOSDAQ150,institution,067310,하나마이크론,119150,145659,26509,6214360300,7662877300,1448517000,KRX MDCSTAT02401_OUT
daily,KOSDAQ150,institution,030530,원익홀딩스,11589,60557,48968,337530950,1763051625,1425520675,KRX MDCSTAT02401_OUT
daily,KOSDAQ150,institution,131290,티에스이,32501,36979,4478,9479575750,10835313250,1355737500,KRX MDCSTAT02401_OUT
daily,KOSDAQ150,institution,310210,보로노이,5977,14874,8897,867254500,2157518100,1290263600,KRX MDCSTAT02401_OUT
daily,KOSDAQ150,institution,032500,케이엠더블유,17330,76579,59249,364242575,1608354130,1244111555,KRX MDCSTAT02401_OUT
daily,KOSDAQ150,institution,003380,하림지주,34694,141810,107116,385360300,1589105235,1203744935,KRX MDCSTAT02401_OUT
daily,KOSDAQ150,institution,131970,두산테스나,38292,49073,10781,4114128200,5301482450,1187354250,KRX MDCSTAT02401_OUT
daily,KOSDAQ150,institution,189300,인텔리안테크,10319,25323,15004,745399050,1832764500,1087365450,KRX MDCSTAT02401_OUT
daily,KOSDAQ150,institution,290650,엘앤씨바이오,13518,31293,17775,739628050,1730572700,990944650,KRX MDCSTAT02401_OUT
daily,KOSDAQ150,institution,437730,삼현,4643,23773,19130,239690000,1229949350,990259350,KRX MDCSTAT02401_OUT
daily,KOSDAQ150,institution,058610,에스피지,8488,18040,9552,871435300,1850011450,978576150,KRX MDCSTAT02401_OUT
daily,KOSDAQ150,institution,006730,서부T&D,86243,159550,73307,967498625,1783234690,815736065,KRX MDCSTAT02401_OUT
daily,KOSDAQ150,institution,171090,선익시스템,6006,16146,10140,456155900,1224405900,768250000,KRX MDCSTAT02401_OUT
daily,KOSDAQ150,institution,277810,레인보우로보틱스,8556,10125,1569,3832302500,4528872750,696570250,KRX MDCSTAT02401_OUT
daily,KOSDAQ150,institution,214430,아이쓰리시스템,2853,11606,8753,219311100,897967500,678656400,KRX MDCSTAT02401_OUT
daily,KOSDAQ150,institution,125490,한라캐스트,5024,56202,51178,65105540,727460045,662354505,KRX MDCSTAT02401_OUT
daily,KOSDAQ150,institution,141080,리가켐바이오,27504,34422,6918,2280452700,2857304000,576851300,KRX MDCSTAT02401_OUT
daily,KOSDAQ150,institution,039030,이오테크닉스,30435,31296,861,16407040500,16915253500,508213000,KRX MDCSTAT02401_OUT
daily,KOSDAQ150,institution,204270,제이앤티씨,4807,27477,22670,105629025,612551600,506922575,KRX MDCSTAT02401_OUT
daily,KOSDAQ150,institution,082920,비츠로셀,23304,40021,16717,685337200,1176579350,491242150,KRX MDCSTAT02401_OUT
daily,KOSDAQ150,institution,101490,에스앤에스텍,16248,24566,8318,860463350,1300648100,440184750,KRX MDCSTAT02401_OUT
daily,KOSDAQ150,institution,041510,에스엠,49186,53294,4108,3745542600,4172270900,426728300,KRX MDCSTAT02401_OUT
daily,KOSDAQ150,institution,078340,컴투스,7268,17774,10506,273128000,668773800,395645800,KRX MDCSTAT02401_OUT
daily,KOSDAQ150,institution,050890,쏠리드,22127,54410,32283,235318545,579818295,344499750,KRX MDCSTAT02401_OUT
daily,KOSDAQ150,institution,215200,메가스터디교육,2780,11492,8712,104713700,434002050,329288350,KRX MDCSTAT02401_OUT
daily,KOSDAQ150,institution,056190,SFA,77422,87637,10215,2413440950,2741120475,327679525,KRX MDCSTAT02401_OUT
daily,KOSDAQ150,institution,033100,제룡전기,5278,11584,6306,259934250,572870650,312936400,KRX MDCSTAT02401_OUT
daily,KOSDAQ150,institution,323280,태성,7005,11608,4603,416997200,693956750,276959550,KRX MDCSTAT02401_OUT
daily,KOSDAQ150,institution,281740,레이크머티리얼즈,46082,67695,21613,581727510,851961985,270234475,KRX MDCSTAT02401_OUT
daily,KOSDAQ150,institution,358570,지아이이노베이션,42771,69756,26985,382264140,644906530,262642390,KRX MDCSTAT02401_OUT
daily,KOSDAQ150,institution,042000,카페24,25895,36917,11022,500647095,729148745,228501650,KRX MDCSTAT02401_OUT
daily,KOSDAQ150,institution,195940,HK이노엔,8704,14108,5404,349474650,567582850,218108200,KRX MDCSTAT02401_OUT
daily,KOSDAQ150,institution,225570,넥슨게임즈,12493,32633,20140,134727330,352308540,217581210,KRX MDCSTAT02401_OUT
daily,KOSDAQ150,institution,053800,안랩,1469,4271,2802,113396300,330042750,216646450,KRX MDCSTAT02401_OUT
daily,KOSDAQ150,institution,445680,큐리옥스바이오시스템즈,3410,6499,3089,200199200,383758400,183559200,KRX MDCSTAT02401_OUT
daily,KOSDAQ150,institution,060280,큐렉소,6469,27262,20793,56428365,237997365,181569000,KRX MDCSTAT02401_OUT
daily,KOSDAQ150,institution,348370,엔켐,11433,19374,7941,258670300,438436600,179766300,KRX MDCSTAT02401_OUT
daily,KOSDAQ150,institution,099320,쎄트렉아이,4115,6303,2188,336147600,514060850,177913250,KRX MDCSTAT02401_OUT
daily,KOSDAQ150,institution,388720,유일로보틱스,2225,4260,2035,156677200,299963900,143286700,KRX MDCSTAT02401_OUT
daily,KOSDAQ150,institution,056080,유진로봇,5747,16512,10765,72007795,207047390,135039595,KRX MDCSTAT02401_OUT
daily,KOSDAQ150,institution,466100,클로봇,9784,14991,5207,231681850,354290600,122608750,KRX MDCSTAT02401_OUT
daily,KOSDAQ150,institution,095660,네오위즈,8197,13029,4832,147776360,235619080,87842720,KRX MDCSTAT02401_OUT
daily,KOSDAQ150,institution,399720,가온칩스,1588,2958,1370,76731175,142849000,66117825,KRX MDCSTAT02401_OUT
daily,KOSDAQ150,institution,137400,피엔티,14486,16213,1727,465105375,520662100,55556725,KRX MDCSTAT02401_OUT
daily,KOSDAQ150,institution,194480,데브시스터즈,6747,9522,2775,95056060,134165990,39109930,KRX MDCSTAT02401_OUT
daily,KOSDAQ150,institution,214370,케어젠,5204,6036,832,222531650,259353700,36822050,KRX MDCSTAT02401_OUT
daily,KOSDAQ150,institution,033500,동성화인텍,4344,6384,2040,70832880,104063060,33230180,KRX MDCSTAT02401_OUT
daily,KOSDAQ150,institution,319400,현대무벡스,24784,25952,1168,513925675,537445550,23519875,KRX MDCSTAT02401_OUT
daily,KOSDAQ150,institution,090710,휴림로봇,28609,31741,3132,184502805,204367690,19864885,KRX MDCSTAT02401_OUT
daily,KOSDAQ150,institution,038500,삼표시멘트,29599,32141,2542,200764260,218056710,17292450,KRX MDCSTAT02401_OUT
daily,KOSDAQ150,institution,098460,고영,113159,113698,539,3841376750,3857259350,15882600,KRX MDCSTAT02401_OUT
daily,KOSDAQ150,institution,069080,웹젠,11801,13108,1307,137562500,152821930,15259430,KRX MDCSTAT02401_OUT
daily,KOSDAQ150,institution,253450,스튜디오드래곤,11909,12435,526,243688275,255238100,11549825,KRX MDCSTAT02401_OUT
daily,KOSDAQ150,institution,100790,미래에셋벤처투자,4626,5249,623,83359220,94691970,11332750,KRX MDCSTAT02401_OUT
daily,KOSDAQ150,institution,018290,브이티,6602,7424,822,83176750,93897830,10721080,KRX MDCSTAT02401_OUT
daily,KOSDAQ150,institution,007390,네이처셀,16877,17046,169,419355650,427967250,8611600,KRX MDCSTAT02401_OUT
daily,KOSDAQ150,institution,112040,위메이드,12539,13006,467,195617610,203718990,8101380,KRX MDCSTAT02401_OUT
daily,KOSDAQ150,institution,166090,하나머티리얼즈,29041,29090,49,1841349800,1848881300,7531500,KRX MDCSTAT02401_OUT
daily,KOSDAQ150,institution,085660,차바이오텍,21308,22003,695,181159740,188236700,7076960,KRX MDCSTAT02401_OUT
daily,KOSDAQ150,institution,065350,신성델타테크,4718,4887,169,153501950,159619700,6117750,KRX MDCSTAT02401_OUT
daily,KOSDAQ150,institution,348210,넥스틴,5415,5526,111,211017200,215190200,4173000,KRX MDCSTAT02401_OUT
daily,KOSDAQ150,institution,025320,시노펙스,17877,18352,475,71431285,73752625,2321340,KRX MDCSTAT02401_OUT
daily,KOSDAQ150,institution,278280,천보,2897,2946,49,110547900,112473975,1926075,KRX MDCSTAT02401_OUT
daily,KOSDAQ150,institution,101730,위메이드맥스,4673,4785,112,21673560,22354685,681125,KRX MDCSTAT02401_OUT
daily,KOSDAQ150,institution,060250,NHN KCP,5406,5345,-61,74229610,73339890,-889720,KRX MDCSTAT02401_OUT
daily,KOSDAQ150,institution,030520,한컴,4666,4545,-121,80530780,78837190,-1693590,KRX MDCSTAT02401_OUT
daily,KOSDAQ150,institution,082270,젬백스,8403,8033,-370,94498760,91418890,-3079870,KRX MDCSTAT02401_OUT
daily,KOSDAQ150,institution,272290,이녹스첨단소재,13455,13309,-146,304912275,301343500,-3568775,KRX MDCSTAT02401_OUT
daily,KOSDAQ150,institution,025900,동화기업,3564,2926,-638,26441380,21700540,-4740840,KRX MDCSTAT02401_OUT
daily,KOSDAQ150,institution,009520,포스코엠텍,22314,21905,-409,290605430,284958530,-5646900,KRX MDCSTAT02401_OUT
daily,KOSDAQ150,institution,025980,아난티,19164,17101,-2063,96928190,86337520,-10590670,KRX MDCSTAT02401_OUT
daily,KOSDAQ150,institution,298380,에이비엘바이오,28787,28187,-600,1483420650,1462811850,-20608800,KRX MDCSTAT02401_OUT
daily,KOSDAQ150,institution,0009K0,에임드바이오,14639,13576,-1063,364378150,338245200,-26132950,KRX MDCSTAT02401_OUT
daily,KOSDAQ150,institution,352480,씨앤씨인터내셔널,3259,1207,-2052,67722650,25440175,-42282475,KRX MDCSTAT02401_OUT
daily,KOSDAQ150,institution,376300,디어유,24743,20223,-4520,459212420,377238510,-81973910,KRX MDCSTAT02401_OUT
daily,KOSDAQ150,institution,067160,SOOP,8544,4718,-3826,309985675,171544750,-138440925,KRX MDCSTAT02401_OUT
daily,KOSDAQ150,institution,015750,성우하이텍,39472,14322,-25150,234182395,84885535,-149296860,KRX MDCSTAT02401_OUT
daily,KOSDAQ150,institution,090360,로보스타,3866,1970,-1896,306590800,155812200,-150778600,KRX MDCSTAT02401_OUT
daily,KOSDAQ150,institution,036620,감성코퍼레이션,63070,18027,-45043,234166280,67375785,-166790495,KRX MDCSTAT02401_OUT
daily,KOSDAQ150,institution,036830,솔브레인홀딩스,25848,22150,-3698,1236195425,1055105075,-181090350,KRX MDCSTAT02401_OUT
daily,KOSDAQ150,institution,211050,인카금융서비스,31502,10417,-21085,303594500,101426300,-202168200,KRX MDCSTAT02401_OUT
daily,KOSDAQ150,institution,096530,씨젠,31278,25514,-5764,1153952100,944362950,-209589150,KRX MDCSTAT02401_OUT
daily,KOSDAQ150,institution,032190,다우데이타,20203,8099,-12104,381941760,154327940,-227613820,KRX MDCSTAT02401_OUT
daily,KOSDAQ150,institution,048410,현대바이오,111457,79216,-32241,798538850,569425270,-229113580,KRX MDCSTAT02401_OUT
daily,KOSDAQ150,institution,095610,테스,75800,73507,-2293,13518428400,13273606700,-244821700,KRX MDCSTAT02401_OUT
daily,KOSDAQ150,institution,263750,펄어비스,24862,17182,-7680,830400250,575615950,-254784300,KRX MDCSTAT02401_OUT
daily,KOSDAQ150,institution,039200,오스코텍,43083,35613,-7470,1573089925,1317938350,-255151575,KRX MDCSTAT02401_OUT
daily,KOSDAQ150,institution,014620,성광벤드,23672,14205,-9467,722021100,434354000,-287667100,KRX MDCSTAT02401_OUT
daily,KOSDAQ150,institution,035760,CJ ENM,20004,10996,-9008,695981300,383495750,-312485550,KRX MDCSTAT02401_OUT
daily,KOSDAQ150,institution,035900,JYP Ent.,32747,24223,-8524,1221258125,904218550,-317039575,KRX MDCSTAT02401_OUT
daily,KOSDAQ150,institution,240810,원익IPS,187038,184962,-2076,26157236000,25822311400,-334924600,KRX MDCSTAT02401_OUT
daily,KOSDAQ150,institution,122870,와이지엔터테인먼트,21322,11665,-9657,862033000,473366750,-388666250,KRX MDCSTAT02401_OUT
daily,KOSDAQ150,institution,145020,휴젤,4507,2296,-2211,813717300,415412800,-398304500,KRX MDCSTAT02401_OUT
daily,KOSDAQ150,institution,293490,카카오게임즈,175093,130298,-44795,1757679880,1318087780,-439592100,KRX MDCSTAT02401_OUT
daily,KOSDAQ150,institution,237690,에스티팜,16403,10776,-5627,1530928250,1009512600,-521415650,KRX MDCSTAT02401_OUT
daily,KOSDAQ150,institution,052400,코나아이,18904,4963,-13941,713592075,187949900,-525642175,KRX MDCSTAT02401_OUT
daily,KOSDAQ150,institution,032820,우리기술,94930,41937,-52993,1198809650,528369750,-670439900,KRX MDCSTAT02401_OUT
daily,KOSDAQ150,institution,347850,디앤디파마텍,35389,18475,-16914,1527821350,808967400,-718853950,KRX MDCSTAT02401_OUT
daily,KOSDAQ150,institution,251970,펌텍코리아,61249,49118,-12131,3694760000,2962760200,-731999800,KRX MDCSTAT02401_OUT
daily,KOSDAQ150,institution,178320,서진시스템,100851,81562,-19289,4210564950,3426727400,-783837550,KRX MDCSTAT02401_OUT
daily,KOSDAQ150,institution,213420,덕산네오룩스,42285,13769,-28516,1262071000,413648850,-848422150,KRX MDCSTAT02401_OUT
daily,KOSDAQ150,institution,124500,아이티센글로벌,42725,6791,-35934,1237829125,199604075,-1038225050,KRX MDCSTAT02401_OUT
daily,KOSDAQ150,institution,214150,클래시스,53456,16998,-36458,1643615000,525423400,-1118191600,KRX MDCSTAT02401_OUT
daily,KOSDAQ150,institution,060370,LS마린솔루션,43623,4980,-38643,1444224100,163954000,-1280270100,KRX MDCSTAT02401_OUT
daily,KOSDAQ150,institution,328130,루닛,143057,16705,-126352,1522251845,179592145,-1342659700,KRX MDCSTAT02401_OUT
daily,KOSDAQ150,institution,083650,비에이치아이,30991,7777,-23214,1834775100,462286800,-1372488300,KRX MDCSTAT02401_OUT
daily,KOSDAQ150,institution,068760,셀트리온제약,56084,5427,-50657,2159151425,210834350,-1948317075,KRX MDCSTAT02401_OUT
daily,KOSDAQ150,institution,475830,오름테라퓨틱,99729,6276,-93453,2124485800,138651000,-1985834800,KRX MDCSTAT02401_OUT
daily,KOSDAQ150,institution,420770,기가비스,32749,15810,-16939,4257001100,2114824150,-2142176950,KRX MDCSTAT02401_OUT
daily,KOSDAQ150,institution,087010,펩트론,27935,6719,-21216,3680643150,919672700,-2760970450,KRX MDCSTAT02401_OUT
daily,KOSDAQ150,institution,241710,코스메카코리아,73461,47738,-25723,8136350800,5297031300,-2839319500,KRX MDCSTAT02401_OUT
daily,KOSDAQ150,institution,196170,알테오젠,61015,48922,-12093,15845591000,12790610500,-3054980500,KRX MDCSTAT02401_OUT
daily,KOSDAQ150,institution,036540,SFA반도체,880296,593882,-286414,10079304280,6780975870,-3298328410,KRX MDCSTAT02401_OUT
daily,KOSDAQ150,institution,183300,코미코,124516,25225,-99291,4246299825,873174825,-3373125000,KRX MDCSTAT02401_OUT
daily,KOSDAQ150,institution,089030,테크윙,101425,35792,-65633,5617234800,1998334800,-3618900000,KRX MDCSTAT02401_OUT
daily,KOSDAQ150,institution,257720,실리콘투,150719,38839,-111880,5623716650,1467246475,-4156470175,KRX MDCSTAT02401_OUT
daily,KOSDAQ150,institution,064760,티씨케이,33303,17744,-15559,9895065250,5317409500,-4577655750,KRX MDCSTAT02401_OUT
daily,KOSDAQ150,institution,247540,에코프로비엠,104879,45984,-58895,12064376050,5313581950,-6750794100,KRX MDCSTAT02401_OUT
daily,KOSDAQ150,institution,031980,피에스케이홀딩스,81765,39135,-42630,15362025200,7439749150,-7922276050,KRX MDCSTAT02401_OUT
daily,KOSDAQ150,institution,089970,브이엠,293812,158593,-135219,19932161150,10766201750,-9165959400,KRX MDCSTAT02401_OUT
daily,KOSDAQ150,institution,095340,ISC,74599,26835,-47764,15551245750,5668660500,-9882585250,KRX MDCSTAT02401_OUT
daily,KOSDAQ150,institution,214450,파마리서치,43797,6601,-37196,13533709750,2058412250,-11475297500,KRX MDCSTAT02401_OUT
daily,KOSDAQ150,institution,222800,심텍,213223,142160,-71063,35480231800,23612776100,-11867455700,KRX MDCSTAT02401_OUT
weekly,KOSPI200,foreign,316140,우리금융지주,10061620,28039467,17977847,343931814767,943541846062,599610031295,KRX MDCSTAT02401_OUT
weekly,KOSPI200,foreign,096770,SK이노베이션,1292280,2033997,741717,191663474000,304879234950,113215760950,KRX MDCSTAT02401_OUT
weekly,KOSPI200,foreign,042700,한미반도체,877598,1139429,261831,226679428750,292609920250,65930491500,KRX MDCSTAT02401_OUT
weekly,KOSPI200,foreign,010950,S-Oil,721485,978745,257260,114966230350,156763152500,41796922150,KRX MDCSTAT02401_OUT
weekly,KOSPI200,foreign,066570,LG전자,1043901,1206392,162491,222664522250,258787866500,36123344250,KRX MDCSTAT02401_OUT
weekly,KOSPI200,foreign,329180,HD현대중공업,250436,331413,80977,108209859500,143047768750,34837909250,KRX MDCSTAT02401_OUT
weekly,KOSPI200,foreign,010120,LS ELECTRIC,441075,594099,153024,90122143100,122051150050,31929006950,KRX MDCSTAT02401_OUT
weekly,KOSPI200,foreign,009150,삼성전기,932530,941316,8786,1420165680097,1450259527597,30093847500,KRX MDCSTAT02401_OUT
weekly,KOSPI200,foreign,017670,SK텔레콤,849987,1158151,308164,73690772700,100549782500,26859009800,KRX MDCSTAT02401_OUT
weekly,KOSPI200,foreign,006400,삼성SDI,401429,444341,42912,208136101500,231887199000,23751097500,KRX MDCSTAT02401_OUT
weekly,KOSPI200,foreign,086280,현대글로비스,263335,375949,112614,52155595550,74513746800,22358151250,KRX MDCSTAT02401_OUT
weekly,KOSPI200,foreign,064400,LG씨엔에스,386454,670206,283752,26919504750,47081708700,20162203950,KRX MDCSTAT02401_OUT
weekly,KOSPI200,foreign,011200,HMM,1295760,2210412,914652,27287432750,46697294575,19409861825,KRX MDCSTAT02401_OUT
weekly,KOSPI200,foreign,004170,신세계,120897,177267,56370,40675456500,59539845000,18864388500,KRX MDCSTAT02401_OUT
weekly,KOSPI200,foreign,047810,한국항공우주,380675,510568,129893,48749262250,65905329650,17156067400,KRX MDCSTAT02401_OUT
weekly,KOSPI200,foreign,018260,삼성에스디에스,237168,313974,76806,51831050000,68665911750,16834861750,KRX MDCSTAT02401_OUT
weekly,KOSPI200,foreign,278470,에이피알,385357,428587,43230,140981927500,156931468250,15949540750,KRX MDCSTAT02401_OUT
weekly,KOSPI200,foreign,082740,한화엔진,756128,1067711,311583,36422244500,51714262525,15292018025,KRX MDCSTAT02401_OUT
weekly,KOSPI200,foreign,004020,현대제철,977257,1414969,437712,29634924700,43031139200,13396214500,KRX MDCSTAT02401_OUT
weekly,KOSPI200,foreign,373220,LG에너지솔루션,425152,459572,34420,152183962000,165275775750,13091813750,KRX MDCSTAT02401_OUT
weekly,KOSPI200,foreign,086790,하나금융지주,1978540,2075386,96846,259266958840,272231710140,12964751300,KRX MDCSTAT02401_OUT
weekly,KOSPI200,foreign,0126Z0,삼성에피스홀딩스,87972,122131,34159,30886831250,43332691000,12445859750,KRX MDCSTAT02401_OUT
weekly,KOSPI200,foreign,062040,산일전기,436495,486398,49903,92054092950,103159698400,11105605450,KRX MDCSTAT02401_OUT
weekly,KOSPI200,foreign,071050,한국금융지주,428615,486934,58319,76636444900,87051170150,10414725250,KRX MDCSTAT02401_OUT
weekly,KOSPI200,foreign,009830,한화솔루션,6773033,7025834,252801,225444724475,235777765175,10333040700,KRX MDCSTAT02401_OUT
weekly,KOSPI200,foreign,259960,크래프톤,190976,238432,47456,37834790800,47253960500,9419169700,KRX MDCSTAT02401_OUT
weekly,KOSPI200,foreign,079550,LIG디펜스앤에어로스페이스,110855,123846,12991,78748482500,88164865500,9416383000,KRX MDCSTAT02401_OUT
weekly,KOSPI200,foreign,443060,HD현대마린솔루션,133211,171543,38332,31536169250,40610027000,9073857750,KRX MDCSTAT02401_OUT
weekly,KOSPI200,foreign,093370,후성,6567649,7134653,567004,99575575970,108595149990,9019574020,KRX MDCSTAT02401_OUT
weekly,KOSPI200,foreign,001450,현대해상,1234489,1411816,177327,59975305100,68505190975,8529885875,KRX MDCSTAT02401_OUT
weekly,KOSPI200,foreign,375500,DL이앤씨,598270,701779,103509,46544425400,54875136750,8330711350,KRX MDCSTAT02401_OUT
weekly,KOSPI200,foreign,078930,GS,858601,931426,72825,92360570645,99762198845,7401628200,KRX MDCSTAT02401_OUT
weekly,KOSPI200,foreign,010130,고려아연,19337,26335,6998,20840050500,28205714500,7365664000,KRX MDCSTAT02401_OUT
weekly,KOSPI200,foreign,023530,롯데쇼핑,192417,263971,71554,19489818250,26733453400,7243635150,KRX MDCSTAT02401_OUT
weekly,KOSPI200,foreign,454910,두산로보틱스,310490,406472,95982,21669391650,28746608650,7077217000,KRX MDCSTAT02401_OUT
weekly,KOSPI200,foreign,450080,에코프로머티,532938,718499,185561,18939512950,25961089675,7021576725,KRX MDCSTAT02401_OUT
weekly,KOSPI200,foreign,028670,팬오션,4966287,6041407,1075120,29179241325,35836446520,6657205195,KRX MDCSTAT02401_OUT
weekly,KOSPI200,foreign,161390,한국타이어앤테크놀로지,708464,819848,111384,41862850550,48364969700,6502119150,KRX MDCSTAT02401_OUT
weekly,KOSPI200,foreign,000720,현대건설,846155,882699,36544,99291776100,105037029500,5745253400,KRX MDCSTAT02401_OUT
weekly,KOSPI200,foreign,073240,금호타이어,1992688,2809258,816570,13551549565,19183567855,5632018290,KRX MDCSTAT02401_OUT
weekly,KOSPI200,foreign,307950,현대오토에버,53889,68559,14670,20117197000,25644864250,5527667250,KRX MDCSTAT02401_OUT
weekly,KOSPI200,foreign,204320,HL만도,260598,374302,113704,12028856750,17342074550,5313217800,KRX MDCSTAT02401_OUT
weekly,KOSPI200,foreign,120110,코오롱인더,117027,211139,94112,6438541850,11663864850,5225323000,KRX MDCSTAT02401_OUT
weekly,KOSPI200,foreign,000100,유한양행,395194,458887,63693,29133210250,33859036500,4725826250,KRX MDCSTAT02401_OUT
weekly,KOSPI200,foreign,001040,CJ,226848,258825,31977,30456088500,34786619000,4330530500,KRX MDCSTAT02401_OUT
weekly,KOSPI200,foreign,128940,한미약품,100242,108041,7799,50440709750,54455609000,4014899250,KRX MDCSTAT02401_OUT
weekly,KOSPI200,foreign,251270,넷마블,359722,472101,112379,12550351750,16509095550,3958743800,KRX MDCSTAT02401_OUT
weekly,KOSPI200,foreign,069960,현대백화점,233653,275725,42072,20998652700,24735432750,3736780050,KRX MDCSTAT02401_OUT
weekly,KOSPI200,foreign,000880,한화,275198,303100,27902,35352931030,39009546680,3656615650,KRX MDCSTAT02401_OUT
weekly,KOSPI200,foreign,009420,한올바이오파마,462360,541814,79454,20812589100,24073286525,3260697425,KRX MDCSTAT02401_OUT
weekly,KOSPI200,foreign,483650,달바글로벌,154351,170765,16414,28608688400,31689969650,3081281250,KRX MDCSTAT02401_OUT
weekly,KOSPI200,foreign,002380,KCC,38011,44129,6118,17917716500,20831161250,2913444750,KRX MDCSTAT02401_OUT
weekly,KOSPI200,foreign,103140,풍산,103627,139198,35571,8085748850,10904777200,2819028350,KRX MDCSTAT02401_OUT
weekly,KOSPI200,foreign,097950,CJ제일제당,82909,98034,15125,14795872450,17504930900,2709058450,KRX MDCSTAT02401_OUT
weekly,KOSPI200,foreign,029780,삼성카드,168877,222826,53949,7129926025,9508062625,2378136600,KRX MDCSTAT02401_OUT
weekly,KOSPI200,foreign,007340,DN오토모티브,273467,317955,44488,13555406700,15763985900,2208579200,KRX MDCSTAT02401_OUT
weekly,KOSPI200,foreign,192080,더블유게임즈,94494,120699,26205,5515343700,7051728100,1536384400,KRX MDCSTAT02401_OUT
weekly,KOSPI200,foreign,005850,에스엘,141682,172225,30543,7178209775,8712473750,1534263975,KRX MDCSTAT02401_OUT
weekly,KOSPI200,foreign,026960,동서,144954,197168,52214,3776091075,5286307225,1510216150,KRX MDCSTAT02401_OUT
weekly,KOSPI200,foreign,285130,SK케미칼,52030,81393,29363,2672820700,4179977300,1507156600,KRX MDCSTAT02401_OUT
weekly,KOSPI200,foreign,003670,포스코퓨처엠,419566,424705,5139,75716503600,77174608900,1458105300,KRX MDCSTAT02401_OUT
weekly,KOSPI200,foreign,032640,LG유플러스,2165176,2257363,92187,31648877370,33053263935,1404386565,KRX MDCSTAT02401_OUT
weekly,KOSPI200,foreign,036460,한국가스공사,250190,288766,38576,8807523700,10181256975,1373733275,KRX MDCSTAT02401_OUT
weekly,KOSPI200,foreign,302440,SK바이오사이언스,98447,133884,35437,3558849700,4863711000,1304861300,KRX MDCSTAT02401_OUT
weekly,KOSPI200,foreign,267270,HD건설기계,381335,393735,12400,46842240600,48134804200,1292563600,KRX MDCSTAT02401_OUT
weekly,KOSPI200,foreign,006280,녹십자,40556,49753,9197,5068556450,6227958750,1159402300,KRX MDCSTAT02401_OUT
weekly,KOSPI200,foreign,007070,GS리테일,288100,338843,50743,6488898675,7642671725,1153773050,KRX MDCSTAT02401_OUT
weekly,KOSPI200,foreign,000210,DL,73072,94588,21516,3647926650,4751452900,1103526250,KRX MDCSTAT02401_OUT
weekly,KOSPI200,foreign,361610,SK아이이테크놀로지,750498,782255,31757,12798985755,13594212005,795226250,KRX MDCSTAT02401_OUT
weekly,KOSPI200,foreign,008930,한미사이언스,220184,231902,11718,11613421900,12295662500,682240600,KRX MDCSTAT02401_OUT
weekly,KOSPI200,foreign,282330,BGF리테일,124978,130096,5118,16265455250,16919229750,653774500,KRX MDCSTAT02401_OUT
weekly,KOSPI200,foreign,022100,포스코DX,440593,468777,28184,8907298015,9532480250,625182235,KRX MDCSTAT02401_OUT
weekly,KOSPI200,foreign,137310,에스디바이오센서,212583,301048,88465,1304578140,1858858990,554280850,KRX MDCSTAT02401_OUT
weekly,KOSPI200,foreign,066970,엘앤에프,483069,483931,862,54071025200,54615516600,544491400,KRX MDCSTAT02401_OUT
weekly,KOSPI200,foreign,005420,코스모화학,227828,272231,44403,2376287620,2875950865,499663245,KRX MDCSTAT02401_OUT
weekly,KOSPI200,foreign,071970,HD현대마린엔진,277860,281400,3540,13339418350,13700331725,360913375,KRX MDCSTAT02401_OUT
weekly,KOSPI200,foreign,000670,영풍,89425,97653,8228,3719786175,4056639175,336853000,KRX MDCSTAT02401_OUT
weekly,KOSPI200,foreign,004000,롯데정밀화학,79003,84784,5781,3406720350,3675402200,268681850,KRX MDCSTAT02401_OUT
weekly,KOSPI200,foreign,300720,한일시멘트,78005,92218,14213,1259776795,1493669685,233892890,KRX MDCSTAT02401_OUT
weekly,KOSPI200,foreign,002790,아모레퍼시픽홀딩스,273085,281641,8556,7054842475,7266282825,211440350,KRX MDCSTAT02401_OUT
weekly,KOSPI200,foreign,006800,미래에셋증권,1454804,1459459,4655,45538783200,45706235600,167452400,KRX MDCSTAT02401_OUT
weekly,KOSPI200,foreign,008730,율촌화학,128534,138215,9681,1879430100,2027510730,148080630,KRX MDCSTAT02401_OUT
weekly,KOSPI200,foreign,014820,동원시스템즈,28628,33261,4633,602660075,700808300,98148225,KRX MDCSTAT02401_OUT
weekly,KOSPI200,foreign,002840,미원상사,4055,4745,690,550193350,645598750,95405400,KRX MDCSTAT02401_OUT
weekly,KOSPI200,foreign,011210,현대위아,128463,129374,911,6791308700,6871272700,79964000,KRX MDCSTAT02401_OUT
weekly,KOSPI200,foreign,005300,롯데칠성,38783,39325,542,3693681700,3751892600,58210900,KRX MDCSTAT02401_OUT
weekly,KOSPI200,foreign,052690,한전기술,291576,293208,1632,36575864600,36608553150,32688550,KRX MDCSTAT02401_OUT
weekly,KOSPI200,foreign,003240,태광산업,1932,1958,26,1734707000,1765649000,30942000,KRX MDCSTAT02401_OUT
weekly,KOSPI200,foreign,268280,미원에스씨,1276,1456,180,166123550,189889400,23765850,KRX MDCSTAT02401_OUT
weekly,KOSPI200,foreign,280360,롯데웰푸드,26805,27053,248,3301641550,3317957200,16315650,KRX MDCSTAT02401_OUT
weekly,KOSPI200,foreign,006040,동원산업,57321,57721,400,2035112200,2050833000,15720800,KRX MDCSTAT02401_OUT
weekly,KOSPI200,foreign,005830,DB손해보험,690078,691380,1302,127852069450,127849707050,-2362400,KRX MDCSTAT02401_OUT
weekly,KOSPI200,foreign,007700,F&F홀딩스,6757,3050,-3707,90271230,40845420,-49425810,KRX MDCSTAT02401_OUT
weekly,KOSPI200,foreign,185750,종근당,61274,59811,-1463,3963589000,3869705950,-93883050,KRX MDCSTAT02401_OUT
weekly,KOSPI200,foreign,377300,카카오페이,182213,176430,-5783,7316296625,7136890475,-179406150,KRX MDCSTAT02401_OUT
weekly,KOSPI200,foreign,180640,한진칼,127399,125359,-2040,17255083450,17066696500,-188386950,KRX MDCSTAT02401_OUT
weekly,KOSPI200,foreign,000270,기아,2969778,2965082,-4696,340021497600,339813849200,-207648400,KRX MDCSTAT02401_OUT
weekly,KOSPI200,foreign,000240,한국앤컴퍼니,114864,105135,-9729,2872964325,2632093300,-240871025,KRX MDCSTAT02401_OUT
weekly,KOSPI200,foreign,000080,하이트진로,189194,164520,-24674,2816767100,2466264270,-350502830,KRX MDCSTAT02401_OUT
weekly,KOSPI200,foreign,002030,아세아,4439,2665,-1774,906985750,543303500,-363682250,KRX MDCSTAT02401_OUT
weekly,KOSPI200,foreign,298050,HS효성첨단소재,17284,14897,-2387,2786818100,2419158450,-367659650,KRX MDCSTAT02401_OUT
weekly,KOSPI200,foreign,006650,대한유화,66699,62161,-4538,5993849500,5591859950,-401989550,KRX MDCSTAT02401_OUT
weekly,KOSPI200,foreign,007310,오뚜기,6887,5524,-1363,2178418750,1751033750,-427385000,KRX MDCSTAT02401_OUT
weekly,KOSPI200,foreign,011780,금호석유화학,148304,144244,-4060,17186761400,16745283600,-441477800,KRX MDCSTAT02401_OUT
weekly,KOSPI200,foreign,030000,제일기획,874229,847430,-26799,16169863155,15645301235,-524561920,KRX MDCSTAT02401_OUT
weekly,KOSPI200,foreign,001680,대상,137643,107055,-30588,2472269250,1929863830,-542405420,KRX MDCSTAT02401_OUT
weekly,KOSPI200,foreign,009970,영원무역홀딩스,26028,22586,-3442,4252193450,3699320900,-552872550,KRX MDCSTAT02401_OUT
weekly,KOSPI200,foreign,071320,지역난방공사,27725,19790,-7935,2180841750,1560926300,-619915450,KRX MDCSTAT02401_OUT
weekly,KOSPI200,foreign,009240,한샘,69024,50811,-18213,2730372500,2029232325,-701140175,KRX MDCSTAT02401_OUT
weekly,KOSPI200,foreign,012750,에스원,231824,223276,-8548,19202760681,18497608781,-705151900,KRX MDCSTAT02401_OUT
weekly,KOSPI200,foreign,069260,TKG휴켐스,157145,112019,-45126,2543528335,1812100945,-731427390,KRX MDCSTAT02401_OUT
weekly,KOSPI200,foreign,039490,키움증권,229089,226054,-3035,58553976500,57817731000,-736245500,KRX MDCSTAT02401_OUT
weekly,KOSPI200,foreign,001800,오리온홀딩스,172138,132099,-40039,4035438625,3115986675,-919451950,KRX MDCSTAT02401_OUT
weekly,KOSPI200,foreign,111770,영원무역,133410,118993,-14417,9239293750,8271415000,-967878750,KRX MDCSTAT02401_OUT
weekly,KOSPI200,foreign,003230,삼양식품,53803,52924,-879,65585933500,64607422000,-978511500,KRX MDCSTAT02401_OUT
weekly,KOSPI200,foreign,012450,한화에어로스페이스,274593,273384,-1209,282662742758,281657139758,-1005603000,KRX MDCSTAT02401_OUT
weekly,KOSPI200,foreign,298020,효성티앤씨,41777,38255,-3522,11883574000,10819657000,-1063917000,KRX MDCSTAT02401_OUT
weekly,KOSPI200,foreign,030200,KT,514131,492386,-21745,26997226285,25866241185,-1130985100,KRX MDCSTAT02401_OUT
weekly,KOSPI200,foreign,003090,대웅,194245,115949,-78296,2995855595,1794710375,-1201145220,KRX MDCSTAT02401_OUT
weekly,KOSPI200,foreign,017960,한국카본,251800,191873,-59927,5085265665,3883948070,-1201317595,KRX MDCSTAT02401_OUT
weekly,KOSPI200,foreign,069620,대웅제약,39261,26581,-12680,4211760700,2864396200,-1347364500,KRX MDCSTAT02401_OUT
weekly,KOSPI200,foreign,271560,오리온,244532,228817,-15715,26370655700,24683105400,-1687550300,KRX MDCSTAT02401_OUT
weekly,KOSPI200,foreign,047040,대우건설,8811945,8476155,-335790,156652096580,154936227535,-1715869045,KRX MDCSTAT02401_OUT
weekly,KOSPI200,foreign,000120,CJ대한통운,75540,49500,-26040,5287501850,3474545400,-1812956450,KRX MDCSTAT02401_OUT
weekly,KOSPI200,foreign,011070,LG이노텍,540004,534664,-5340,309568878500,307672590500,-1896288000,KRX MDCSTAT02401_OUT
weekly,KOSPI200,foreign,139480,이마트,181824,151107,-30717,12987258600,10820551950,-2166706650,KRX MDCSTAT02401_OUT
weekly,KOSPI200,foreign,011170,롯데케미칼,253869,218523,-35346,15417710200,13246601000,-2171109200,KRX MDCSTAT02401_OUT
weekly,KOSPI200,foreign,003030,세아제강지주,77609,58432,-19177,8757371150,6524335700,-2233035450,KRX MDCSTAT02401_OUT
weekly,KOSPI200,foreign,352820,하이브,356384,339995,-16389,56462009700,54119980100,-2342029600,KRX MDCSTAT02401_OUT
weekly,KOSPI200,foreign,004370,농심,54960,49059,-5901,22149470140,19764137140,-2385333000,KRX MDCSTAT02401_OUT
weekly,KOSPI200,foreign,003550,LG,581078,558582,-22496,64632133900,62204699450,-2427434450,KRX MDCSTAT02401_OUT
weekly,KOSPI200,foreign,034230,파라다이스,629867,356124,-273743,5932674510,3354810645,-2577863865,KRX MDCSTAT02401_OUT
weekly,KOSPI200,foreign,004990,롯데지주,250268,124972,-125296,6017395775,3016394675,-3001001100,KRX MDCSTAT02401_OUT
weekly,KOSPI200,foreign,035250,강원랜드,614187,395791,-218396,8805753185,5688064045,-3117689140,KRX MDCSTAT02401_OUT
weekly,KOSPI200,foreign,051600,한전KPS,298528,226021,-72507,13281745425,10096835375,-3184910050,KRX MDCSTAT02401_OUT
weekly,KOSPI200,foreign,272210,한화시스템,1228018,1175439,-52579,93466679150,90184421300,-3282257850,KRX MDCSTAT02401_OUT
weekly,KOSPI200,foreign,032830,삼성생명,722007,708655,-13352,208144109420,204584163170,-3559946250,KRX MDCSTAT02401_OUT
weekly,KOSPI200,foreign,005940,NH투자증권,992501,851898,-140603,26017741200,22326241950,-3691499250,KRX MDCSTAT02401_OUT
weekly,KOSPI200,foreign,017800,현대엘리베이터,203315,151416,-51899,14821130750,11037748850,-3783381900,KRX MDCSTAT02401_OUT
weekly,KOSPI200,foreign,241560,두산밥캣,618263,543851,-74412,34235798000,30196151750,-4039646250,KRX MDCSTAT02401_OUT
weekly,KOSPI200,foreign,068270,셀트리온,726918,704210,-22708,130873841915,126764948965,-4108892950,KRX MDCSTAT02401_OUT
weekly,KOSPI200,foreign,081660,미스토홀딩스,370020,258196,-111824,14075316700,9799091775,-4276224925,KRX MDCSTAT02401_OUT
weekly,KOSPI200,foreign,139130,iM금융지주,1401319,1164884,-236435,25778050625,21484256925,-4293793700,KRX MDCSTAT02401_OUT
weekly,KOSPI200,foreign,035720,카카오,1957930,1818777,-139153,65803753475,61338549825,-4465203650,KRX MDCSTAT02401_OUT
weekly,KOSPI200,foreign,034220,LG디스플레이,7721220,7161132,-560088,64917583670,60387908140,-4529675530,KRX MDCSTAT02401_OUT
weekly,KOSPI200,foreign,138930,BNK금융지주,2316335,1987825,-328510,37081830055,31949844275,-5131985780,KRX MDCSTAT02401_OUT
weekly,KOSPI200,foreign,088350,한화생명,5241817,4238520,-1003297,28547049445,23314424690,-5232624755,KRX MDCSTAT02401_OUT
weekly,KOSPI200,foreign,326030,SK바이오팜,255258,178269,-76989,19229596200,13460135400,-5769460800,KRX MDCSTAT02401_OUT
weekly,KOSPI200,foreign,192820,코스맥스,190166,169082,-21084,51929000750,46133307000,-5795693750,KRX MDCSTAT02401_OUT
weekly,KOSPI200,foreign,018880,한온시스템,18208924,16467192,-1741732,65252302619,59281633413,-5970669206,KRX MDCSTAT02401_OUT
weekly,KOSPI200,foreign,024110,기업은행,2296321,1959977,-336344,46673976125,40190038175,-6483937950,KRX MDCSTAT02401_OUT
weekly,KOSPI200,foreign,010060,OCI홀딩스,522034,488726,-33308,117042595750,110497818750,-6544777000,KRX MDCSTAT02401_OUT
weekly,KOSPI200,foreign,267250,HD현대,413475,378548,-34927,83830280500,77114922250,-6715358250,KRX MDCSTAT02401_OUT
weekly,KOSPI200,foreign,064350,현대로템,1281402,1216407,-64995,145482689050,138405807600,-7076881450,KRX MDCSTAT02401_OUT
weekly,KOSPI200,foreign,001430,세아베스틸지주,314281,153313,-160968,14327360750,6980161550,-7347199200,KRX MDCSTAT02401_OUT
weekly,KOSPI200,foreign,175330,JB금융지주,1268436,1003019,-265417,37524923900,29589013450,-7935910450,KRX MDCSTAT02401_OUT
weekly,KOSPI200,foreign,035420,NAVER,932840,881736,-51104,180634351700,172171145850,-8463205850,KRX MDCSTAT02401_OUT
weekly,KOSPI200,foreign,003490,대한항공,3781746,3497101,-284645,118425943050,109765532375,-8660410675,KRX MDCSTAT02401_OUT
weekly,KOSPI200,foreign,090430,아모레퍼시픽,468516,405537,-62979,64989614580,56196877880,-8792736700,KRX MDCSTAT02401_OUT
weekly,KOSPI200,foreign,006260,LS,227142,196648,-30494,69412042500,60401693500,-9010349000,KRX MDCSTAT02401_OUT
weekly,KOSPI200,foreign,015760,한국전력,1487990,1173939,-314051,44897931900,35644244375,-9253687525,KRX MDCSTAT02401_OUT
weekly,KOSPI200,foreign,161890,한국콜마,707830,635710,-72120,101402753250,91949750700,-9453002550,KRX MDCSTAT02401_OUT
weekly,KOSPI200,foreign,112610,씨에스윈드,729121,541110,-188011,38107123075,28480207025,-9626916050,KRX MDCSTAT02401_OUT
weekly,KOSPI200,foreign,008770,호텔신라,503864,258083,-245781,19929789300,10214897350,-9714891950,KRX MDCSTAT02401_OUT
weekly,KOSPI200,foreign,051900,LG생활건강,245163,211309,-33854,68007384500,58286389500,-9720995000,KRX MDCSTAT02401_OUT
weekly,KOSPI200,foreign,021240,코웨이,533304,434621,-98683,53550152300,43526694400,-10023457900,KRX MDCSTAT02401_OUT
weekly,KOSPI200,foreign,009540,HD한국조선해양,414276,383331,-30945,134750600964,124698010714,-10052590250,KRX MDCSTAT02401_OUT
weekly,KOSPI200,foreign,051910,LG화학,522643,480684,-41959,132964747500,122814509500,-10150238000,KRX MDCSTAT02401_OUT
weekly,KOSPI200,foreign,016360,삼성증권,728618,613150,-115468,64779625250,54575201450,-10204423800,KRX MDCSTAT02401_OUT
weekly,KOSPI200,foreign,457190,이수스페셜티케미컬,705676,562511,-143165,52713633900,42464303500,-10249330400,KRX MDCSTAT02401_OUT
weekly,KOSPI200,foreign,047050,포스코인터내셔널,1042439,829469,-212970,58253855150,46874360050,-11379495100,KRX MDCSTAT02401_OUT
weekly,KOSPI200,foreign,011790,SKC,667912,556624,-111288,68303767300,56741886200,-11561881100,KRX MDCSTAT02401_OUT
weekly,KOSPI200,foreign,138040,메리츠금융지주,413497,301097,-112400,53518018000,38986713700,-14531304300,KRX MDCSTAT02401_OUT
weekly,KOSPI200,foreign,000990,DB하이텍,911085,805021,-106064,125179497800,109646719000,-15532778800,KRX MDCSTAT02401_OUT
weekly,KOSPI200,foreign,323410,카카오뱅크,2202053,1403752,-798301,43919463335,28159257130,-15760206205,KRX MDCSTAT02401_OUT
weekly,KOSPI200,foreign,000810,삼성화재,197914,171746,-26168,127115054500,110411519500,-16703535000,KRX MDCSTAT02401_OUT
weekly,KOSPI200,foreign,207940,삼성바이오로직스,134954,117220,-17734,187296376000,163677745500,-23618630500,KRX MDCSTAT02401_OUT
weekly,KOSPI200,foreign,007660,이수페타시스,1352524,1135408,-217116,158200826650,133508141600,-24692685050,KRX MDCSTAT02401_OUT
weekly,KOSPI200,foreign,034730,SK,346116,303239,-42877,202350343000,177454467500,-24895875500,KRX MDCSTAT02401_OUT
weekly,KOSPI200,foreign,028050,삼성E&A,3748179,3176132,-572047,180334734186,153309388036,-27025346150,KRX MDCSTAT02401_OUT
weekly,KOSPI200,foreign,033780,KT&G,705320,545525,-159795,124254103750,96167684650,-28086419100,KRX MDCSTAT02401_OUT
weekly,KOSPI200,foreign,042660,한화오션,1279844,920094,-359750,100850242600,72718848550,-28131394050,KRX MDCSTAT02401_OUT
weekly,KOSPI200,foreign,036570,NC,337305,195227,-142078,76315530750,43358482750,-32957048000,KRX MDCSTAT02401_OUT
weekly,KOSPI200,foreign,005490,POSCO홀딩스,402281,284973,-117308,123758379000,87991100250,-35767278750,KRX MDCSTAT02401_OUT
weekly,KOSPI200,foreign,028260,삼성물산,937200,832765,-104435,323699240862,287247286112,-36451954750,KRX MDCSTAT02401_OUT
weekly,KOSPI200,foreign,012330,현대모비스,733421,631122,-102299,273774219500,235718662750,-38055556750,KRX MDCSTAT02401_OUT
weekly,KOSPI200,foreign,298040,효성중공업,88736,74937,-13799,247255857500,209185676000,-38070181500,KRX MDCSTAT02401_OUT
weekly,KOSPI200,foreign,014680,한솔케미칼,237816,90469,-147347,62226379500,23229116250,-38997263250,KRX MDCSTAT02401_OUT
weekly,KOSPI200,foreign,267260,HD현대일렉트릭,640693,581489,-59204,432062440000,391456178000,-40606262000,KRX MDCSTAT02401_OUT
weekly,KOSPI200,foreign,001440,대한전선,3535484,2145514,-1389970,106561848325,65609743800,-40952104525,KRX MDCSTAT02401_OUT
weekly,KOSPI200,foreign,000150,두산,173811,136615,-37196,240821173884,188553217884,-52267956000,KRX MDCSTAT02401_OUT
weekly,KOSPI200,foreign,010140,삼성중공업,7559384,4185618,-3373766,148825177670,82935891015,-65889286655,KRX MDCSTAT02401_OUT
weekly,KOSPI200,foreign,055550,신한지주,3771943,2881065,-890878,403973140604,308590919704,-95382220900,KRX MDCSTAT02401_OUT
weekly,KOSPI200,foreign,402340,SK스퀘어,1303701,1210511,-93190,1466461890734,1364394079234,-102067811500,KRX MDCSTAT02401_OUT
weekly,KOSPI200,foreign,105560,KB금융,3000737,2389714,-611023,509829148076,406376544976,-103452603100,KRX MDCSTAT02401_OUT
weekly,KOSPI200,foreign,034020,두산에너빌리티,3770743,2256803,-1513940,306074385600,183742760100,-122331625500,KRX MDCSTAT02401_OUT
weekly,KOSPI200,foreign,005380,현대차,1208107,811589,-396518,421068885000,283566804500,-137502080500,KRX MDCSTAT02401_OUT
weekly,KOSPI200,foreign,005930,삼성전자,31193310,19359375,-11833935,8500806867735,5283345072735,-3217461795000,KRX MDCSTAT02401_OUT
weekly,KOSPI200,foreign,000660,SK하이닉스,6373370,3916575,-2456795,11400925175329,7031726893829,-4369198281500,KRX MDCSTAT02401_OUT
weekly,KOSPI200,institution,009150,삼성전기,763128,897371,134243,1164918128000,1372769712000,207851584000,KRX MDCSTAT02401_OUT
weekly,KOSPI200,institution,042700,한미반도체,450147,869353,419206,115149398000,223265870000,108116472000,KRX MDCSTAT02401_OUT
weekly,KOSPI200,institution,009830,한화솔루션,1822657,4127038,2304381,61635383425,139643513625,78008130200,KRX MDCSTAT02401_OUT
weekly,KOSPI200,institution,055550,신한지주,1190514,1888770,698256,127625342450,202922196150,75296853700,KRX MDCSTAT02401_OUT
weekly,KOSPI200,institution,373220,LG에너지솔루션,350677,528393,177716,125210992750,190120292750,64909300000,KRX MDCSTAT02401_OUT
weekly,KOSPI200,institution,066570,LG전자,469148,769079,299931,100233347500,163857073750,63623726250,KRX MDCSTAT02401_OUT
weekly,KOSPI200,institution,105560,KB금융,1151105,1505846,354741,195666338900,256297317350,60630978450,KRX MDCSTAT02401_OUT
weekly,KOSPI200,institution,011070,LG이노텍,251350,347259,95909,144033162500,200602484500,56569322000,KRX MDCSTAT02401_OUT
weekly,KOSPI200,institution,014680,한솔케미칼,49340,257433,208093,12650664250,67442537750,54791873500,KRX MDCSTAT02401_OUT
weekly,KOSPI200,institution,272210,한화시스템,625184,1192158,566974,47464039500,92368265300,44904225800,KRX MDCSTAT02401_OUT
weekly,KOSPI200,institution,036570,NC,156606,335992,179386,35261004500,77615680000,42354675500,KRX MDCSTAT02401_OUT
weekly,KOSPI200,institution,012330,현대모비스,406984,492843,85859,152753850250,185257837750,32503987500,KRX MDCSTAT02401_OUT
weekly,KOSPI200,institution,011790,SKC,182619,488138,305519,17932672850,49578063950,31645391100,KRX MDCSTAT02401_OUT
weekly,KOSPI200,institution,079550,LIG디펜스앤에어로스페이스,99385,140869,41484,69853228000,100901693500,31048465500,KRX MDCSTAT02401_OUT
weekly,KOSPI200,institution,010060,OCI홀딩스,206037,336039,130002,46113681750,76414932250,30301250500,KRX MDCSTAT02401_OUT
weekly,KOSPI200,institution,112610,씨에스윈드,197397,731186,533789,10287550400,38710222650,28422672250,KRX MDCSTAT02401_OUT
weekly,KOSPI200,institution,012450,한화에어로스페이스,124321,149780,25459,127219979500,154704248000,27484268500,KRX MDCSTAT02401_OUT
weekly,KOSPI200,institution,000990,DB하이텍,375786,565784,189998,50900159550,77794828600,26894669050,KRX MDCSTAT02401_OUT
weekly,KOSPI200,institution,316140,우리금융지주,2449402,3178415,729013,85174291125,109055398355,23881107230,KRX MDCSTAT02401_OUT
weekly,KOSPI200,institution,034730,SK,173618,213876,40258,100989248000,124675973000,23686725000,KRX MDCSTAT02401_OUT
weekly,KOSPI200,institution,138040,메리츠금융지주,204280,382967,178687,26428149750,49768760500,23340610750,KRX MDCSTAT02401_OUT
weekly,KOSPI200,institution,018880,한온시스템,2913083,8993943,6080860,10480606837,32673290189,22192683352,KRX MDCSTAT02401_OUT
weekly,KOSPI200,institution,007660,이수페타시스,581242,759138,177896,68026543750,89610604200,21584060450,KRX MDCSTAT02401_OUT
weekly,KOSPI200,institution,062040,산일전기,222647,313237,90590,46819151450,67016831700,20197680250,KRX MDCSTAT02401_OUT
weekly,KOSPI200,institution,003490,대한항공,2436395,2998222,561827,76098609625,93928666375,17830056750,KRX MDCSTAT02401_OUT
weekly,KOSPI200,institution,010950,S-Oil,342357,442558,100201,54156473500,70792680650,16636207150,KRX MDCSTAT02401_OUT
weekly,KOSPI200,institution,093370,후성,1132132,2177607,1045475,17031361180,33325181650,16293820470,KRX MDCSTAT02401_OUT
weekly,KOSPI200,institution,028670,팬오션,1859937,3979743,2119806,10849746925,23641363780,12791616855,KRX MDCSTAT02401_OUT
weekly,KOSPI200,institution,005940,NH투자증권,515827,990017,474190,13500619075,26020392125,12519773050,KRX MDCSTAT02401_OUT
weekly,KOSPI200,institution,016360,삼성증권,243669,381080,137411,21607327050,33904057450,12296730400,KRX MDCSTAT02401_OUT
weekly,KOSPI200,institution,192820,코스맥스,97929,142470,44541,26649826500,38892801250,12242974750,KRX MDCSTAT02401_OUT
weekly,KOSPI200,institution,000810,삼성화재,68140,85205,17065,43495138500,54587269500,11092131000,KRX MDCSTAT02401_OUT
weekly,KOSPI200,institution,021240,코웨이,122525,224403,101878,12292983700,22656207600,10363223900,KRX MDCSTAT02401_OUT
weekly,KOSPI200,institution,051910,LG화학,223240,260535,37295,56842682000,66696682000,9854000000,KRX MDCSTAT02401_OUT
weekly,KOSPI200,institution,139130,iM금융지주,359181,830342,471161,6640727165,15328489075,8687761910,KRX MDCSTAT02401_OUT
weekly,KOSPI200,institution,047050,포스코인터내셔널,471926,606556,134630,26202893000,34035608600,7832715600,KRX MDCSTAT02401_OUT
weekly,KOSPI200,institution,001430,세아베스틸지주,128910,295467,166557,5860542825,13504875275,7644332450,KRX MDCSTAT02401_OUT
weekly,KOSPI200,institution,483650,달바글로벌,54728,90329,35601,10101548250,16808584450,6707036200,KRX MDCSTAT02401_OUT
weekly,KOSPI200,institution,361610,SK아이이테크놀로지,216151,587630,371479,3703005375,10278790975,6575785600,KRX MDCSTAT02401_OUT
weekly,KOSPI200,institution,068270,셀트리온,438911,470106,31195,78805643700,84794799300,5989155600,KRX MDCSTAT02401_OUT
weekly,KOSPI200,institution,090430,아모레퍼시픽,282114,319855,37741,38786010350,44446980000,5660969650,KRX MDCSTAT02401_OUT
weekly,KOSPI200,institution,175330,JB금융지주,580508,751968,171460,17009333225,22294751575,5285418350,KRX MDCSTAT02401_OUT
weekly,KOSPI200,institution,004370,농심,19340,31199,11859,7778042500,12567252250,4789209750,KRX MDCSTAT02401_OUT
weekly,KOSPI200,institution,001440,대한전선,714633,847619,132986,21629771225,25725557100,4095785875,KRX MDCSTAT02401_OUT
weekly,KOSPI200,institution,009540,HD한국조선해양,167000,179021,12021,54403982750,58376972500,3972989750,KRX MDCSTAT02401_OUT
weekly,KOSPI200,institution,008930,한미사이언스,95136,164859,69723,5006176550,8714144600,3707968050,KRX MDCSTAT02401_OUT
weekly,KOSPI200,institution,003030,세아제강지주,56421,86571,30150,6322479600,9764544800,3442065200,KRX MDCSTAT02401_OUT
weekly,KOSPI200,institution,0126Z0,삼성에피스홀딩스,16553,25929,9376,5814155750,9253103000,3438947250,KRX MDCSTAT02401_OUT
weekly,KOSPI200,institution,457190,이수스페셜티케미컬,175674,212974,37300,13045040750,16155001000,3109960250,KRX MDCSTAT02401_OUT
weekly,KOSPI200,institution,081660,미스토홀딩스,95355,171044,75689,3620573550,6540867100,2920293550,KRX MDCSTAT02401_OUT
weekly,KOSPI200,institution,005850,에스엘,72618,121603,48985,3645842500,6224099525,2578257025,KRX MDCSTAT02401_OUT
weekly,KOSPI200,institution,030000,제일기획,567952,696702,128750,10472930380,12915566690,2442636310,KRX MDCSTAT02401_OUT
weekly,KOSPI200,institution,047810,한국항공우주,219677,237568,17891,28189271900,30614635000,2425363100,KRX MDCSTAT02401_OUT
weekly,KOSPI200,institution,009240,한샘,15451,74982,59531,610857150,2970846925,2359989775,KRX MDCSTAT02401_OUT
weekly,KOSPI200,institution,082740,한화엔진,563240,599768,36528,26984467750,29182943725,2198475975,KRX MDCSTAT02401_OUT
weekly,KOSPI200,institution,001040,CJ,109564,124651,15087,14655776550,16679582250,2023805700,KRX MDCSTAT02401_OUT
weekly,KOSPI200,institution,033780,KT&G,234116,244705,10589,41176560450,43106799000,1930238550,KRX MDCSTAT02401_OUT
weekly,KOSPI200,institution,024110,기업은행,770873,862788,91915,15701896325,17572163525,1870267200,KRX MDCSTAT02401_OUT
weekly,KOSPI200,institution,011170,롯데케미칼,190950,219533,28583,11559496500,13416133600,1856637100,KRX MDCSTAT02401_OUT
weekly,KOSPI200,institution,007340,DN오토모티브,168614,199231,30617,8339778250,9882652250,1542874000,KRX MDCSTAT02401_OUT
weekly,KOSPI200,institution,004990,롯데지주,74346,130690,56344,1790760350,3153483925,1362723575,KRX MDCSTAT02401_OUT
weekly,KOSPI200,institution,003230,삼양식품,37979,38912,933,46213051500,47538543500,1325492000,KRX MDCSTAT02401_OUT
weekly,KOSPI200,institution,097950,CJ제일제당,46159,53280,7121,8236854400,9512913700,1276059300,KRX MDCSTAT02401_OUT
weekly,KOSPI200,institution,000240,한국앤컴퍼니,57589,103881,46292,1441179400,2601370025,1160190625,KRX MDCSTAT02401_OUT
weekly,KOSPI200,institution,066970,엘앤에프,491201,497670,6469,54914729400,56026665700,1111936300,KRX MDCSTAT02401_OUT
weekly,KOSPI200,institution,069620,대웅제약,22044,31745,9701,2366692050,3416294800,1049602750,KRX MDCSTAT02401_OUT
weekly,KOSPI200,institution,454910,두산로보틱스,110235,123867,13632,7692206200,8736826250,1044620050,KRX MDCSTAT02401_OUT
weekly,KOSPI200,institution,012750,에스원,68338,79454,11116,5660181000,6584929900,924748900,KRX MDCSTAT02401_OUT
weekly,KOSPI200,institution,000670,영풍,41216,58002,16786,1711815650,2446758225,734942575,KRX MDCSTAT02401_OUT
weekly,KOSPI200,institution,032640,LG유플러스,714862,764406,49544,10437125490,11168879110,731753620,KRX MDCSTAT02401_OUT
weekly,KOSPI200,institution,026960,동서,79234,102931,23697,2052136325,2709643775,657507450,KRX MDCSTAT02401_OUT
weekly,KOSPI200,institution,138930,BNK금융지주,625039,665392,40353,10026677475,10674130785,647453310,KRX MDCSTAT02401_OUT
weekly,KOSPI200,institution,022100,포스코DX,190269,218352,28083,3828852845,4407463285,578610440,KRX MDCSTAT02401_OUT
weekly,KOSPI200,institution,073240,금호타이어,444893,516486,71593,3027445305,3530050020,502604715,KRX MDCSTAT02401_OUT
weekly,KOSPI200,institution,051900,LG생활건강,80868,80779,-89,22059887500,22557922500,498035000,KRX MDCSTAT02401_OUT
weekly,KOSPI200,institution,006280,녹십자,21430,24937,3507,2657485400,3145632700,488147300,KRX MDCSTAT02401_OUT
weekly,KOSPI200,institution,139480,이마트,69299,73819,4520,4949440400,5288895650,339455250,KRX MDCSTAT02401_OUT
weekly,KOSPI200,institution,002030,아세아,2506,4109,1603,508669850,839266350,330596500,KRX MDCSTAT02401_OUT
weekly,KOSPI200,institution,009970,영원무역홀딩스,10762,12669,1907,1760969700,2069868250,308898550,KRX MDCSTAT02401_OUT
weekly,KOSPI200,institution,005420,코스모화학,86792,111601,24809,901516590,1170513560,268996970,KRX MDCSTAT02401_OUT
weekly,KOSPI200,institution,007310,오뚜기,2268,2950,682,717488250,934732250,217244000,KRX MDCSTAT02401_OUT
weekly,KOSPI200,institution,008730,율촌화학,24366,38218,13852,356139200,560010480,203871280,KRX MDCSTAT02401_OUT
weekly,KOSPI200,institution,001680,대상,58019,68221,10202,1045355225,1236289210,190933985,KRX MDCSTAT02401_OUT
weekly,KOSPI200,institution,017800,현대엘리베이터,117830,119275,1445,8579856600,8730430600,150574000,KRX MDCSTAT02401_OUT
weekly,KOSPI200,institution,069260,TKG휴켐스,57573,65525,7952,922638590,1050977455,128338865,KRX MDCSTAT02401_OUT
weekly,KOSPI200,institution,300720,한일시멘트,69803,76532,6729,1128619660,1238412995,109793335,KRX MDCSTAT02401_OUT
weekly,KOSPI200,institution,137310,에스디바이오센서,74683,89754,15071,459692885,554866965,95174080,KRX MDCSTAT02401_OUT
weekly,KOSPI200,institution,323410,카카오뱅크,782850,787686,4836,15651335775,15735194860,83859085,KRX MDCSTAT02401_OUT
weekly,KOSPI200,institution,071320,지역난방공사,10132,10650,518,794999900,839424650,44424750,KRX MDCSTAT02401_OUT
weekly,KOSPI200,institution,014820,동원시스템즈,31770,32230,460,668331850,679336000,11004150,KRX MDCSTAT02401_OUT
weekly,KOSPI200,institution,007700,F&F홀딩스,2359,2328,-31,31493920,31091350,-402570,KRX MDCSTAT02401_OUT
weekly,KOSPI200,institution,003090,대웅,92897,91465,-1432,1439936200,1420397100,-19539100,KRX MDCSTAT02401_OUT
weekly,KOSPI200,institution,268280,미원에스씨,1769,1587,-182,229416350,206302350,-23114000,KRX MDCSTAT02401_OUT
weekly,KOSPI200,institution,298050,HS효성첨단소재,9197,8856,-341,1487649500,1438694300,-48955200,KRX MDCSTAT02401_OUT
weekly,KOSPI200,institution,002840,미원상사,4458,4049,-409,603635000,550517350,-53117650,KRX MDCSTAT02401_OUT
weekly,KOSPI200,institution,005300,롯데칠성,8406,7734,-672,801203050,737357650,-63845400,KRX MDCSTAT02401_OUT
weekly,KOSPI200,institution,003240,태광산업,1940,1842,-98,1746872000,1662507000,-84365000,KRX MDCSTAT02401_OUT
weekly,KOSPI200,institution,180640,한진칼,97674,95866,-1808,13140162600,12953717050,-186445550,KRX MDCSTAT02401_OUT
weekly,KOSPI200,institution,000080,하이트진로,96882,83774,-13108,1446040625,1251517275,-194523350,KRX MDCSTAT02401_OUT
weekly,KOSPI200,institution,103140,풍산,87548,85030,-2518,6828919300,6630593450,-198325850,KRX MDCSTAT02401_OUT
weekly,KOSPI200,institution,001800,오리온홀딩스,78994,68862,-10132,1850693900,1620664150,-230029750,KRX MDCSTAT02401_OUT
weekly,KOSPI200,institution,128940,한미약품,94656,93550,-1106,47626028250,47365299500,-260728750,KRX MDCSTAT02401_OUT
weekly,KOSPI200,institution,006040,동원산업,25495,17697,-7798,902517875,629107550,-273410325,KRX MDCSTAT02401_OUT
weekly,KOSPI200,institution,035250,강원랜드,279800,259442,-20358,4012519170,3719681865,-292837305,KRX MDCSTAT02401_OUT
weekly,KOSPI200,institution,011210,현대위아,44659,38300,-6359,2365357350,2027796900,-337560450,KRX MDCSTAT02401_OUT
weekly,KOSPI200,institution,185750,종근당,17950,11600,-6350,1159419700,751634650,-407785050,KRX MDCSTAT02401_OUT
weekly,KOSPI200,institution,088350,한화생명,1884130,1800559,-83571,10468068445,10054765895,-413302550,KRX MDCSTAT02401_OUT
weekly,KOSPI200,institution,326030,SK바이오팜,82128,76502,-5626,6183535200,5767665400,-415869800,KRX MDCSTAT02401_OUT
weekly,KOSPI200,institution,302440,SK바이오사이언스,83312,70150,-13162,3019246150,2541104600,-478141550,KRX MDCSTAT02401_OUT
weekly,KOSPI200,institution,003550,LG,186934,182444,-4490,20775578300,20273521600,-502056700,KRX MDCSTAT02401_OUT
weekly,KOSPI200,institution,006800,미래에셋증권,883656,865133,-18523,27662773525,27150687325,-512086200,KRX MDCSTAT02401_OUT
weekly,KOSPI200,institution,377300,카카오페이,157352,142501,-14851,6302922325,5767148800,-535773525,KRX MDCSTAT02401_OUT
weekly,KOSPI200,institution,000880,한화,61502,57013,-4489,7870330150,7281189950,-589140200,KRX MDCSTAT02401_OUT
weekly,KOSPI200,institution,285130,SK케미칼,51183,36698,-14485,2622819800,1887362850,-735456950,KRX MDCSTAT02401_OUT
weekly,KOSPI200,institution,280360,롯데웰푸드,25026,18616,-6410,3065482550,2302470300,-763012250,KRX MDCSTAT02401_OUT
weekly,KOSPI200,institution,017960,한국카본,144475,103623,-40852,2908073700,2099665975,-808407725,KRX MDCSTAT02401_OUT
weekly,KOSPI200,institution,034230,파라다이스,244811,154999,-89812,2295664420,1466775575,-828888845,KRX MDCSTAT02401_OUT
weekly,KOSPI200,institution,006400,삼성SDI,412048,408328,-3720,213471238500,212634567000,-836671500,KRX MDCSTAT02401_OUT
weekly,KOSPI200,institution,004000,롯데정밀화학,60197,37906,-22291,2596966125,1640194325,-956771800,KRX MDCSTAT02401_OUT
weekly,KOSPI200,institution,000120,CJ대한통운,46020,32244,-13776,3224688850,2264619650,-960069200,KRX MDCSTAT02401_OUT
weekly,KOSPI200,institution,002790,아모레퍼시픽홀딩스,120770,80054,-40716,3076073900,2080026475,-996047425,KRX MDCSTAT02401_OUT
weekly,KOSPI200,institution,192080,더블유게임즈,51251,33002,-18249,2993372950,1929387700,-1063985250,KRX MDCSTAT02401_OUT
weekly,KOSPI200,institution,282330,BGF리테일,58562,49932,-8630,7627775600,6532140050,-1095635550,KRX MDCSTAT02401_OUT
weekly,KOSPI200,institution,111770,영원무역,69713,50548,-19165,4789819950,3502835550,-1286984400,KRX MDCSTAT02401_OUT
weekly,KOSPI200,institution,005830,DB손해보험,224660,215527,-9133,41628224300,40295448950,-1332775350,KRX MDCSTAT02401_OUT
weekly,KOSPI200,institution,207940,삼성바이오로직스,68751,67599,-1152,95860215500,94518669000,-1341546500,KRX MDCSTAT02401_OUT
weekly,KOSPI200,institution,036460,한국가스공사,153332,112359,-40973,5369068100,3947938125,-1421129975,KRX MDCSTAT02401_OUT
weekly,KOSPI200,institution,204320,HL만도,135146,101598,-33548,6246729875,4706210100,-1540519775,KRX MDCSTAT02401_OUT
weekly,KOSPI200,institution,006650,대한유화,28316,8971,-19345,2540290550,803910350,-1736380200,KRX MDCSTAT02401_OUT
weekly,KOSPI200,institution,000210,DL,92904,56904,-36000,4661060850,2875069125,-1785991725,KRX MDCSTAT02401_OUT
weekly,KOSPI200,institution,003670,포스코퓨처엠,424751,411000,-13751,76323681400,74522615700,-1801065700,KRX MDCSTAT02401_OUT
weekly,KOSPI200,institution,251270,넷마블,202054,144335,-57719,7051744700,5043597525,-2008147175,KRX MDCSTAT02401_OUT
weekly,KOSPI200,institution,039490,키움증권,89983,81405,-8578,22975102500,20914173250,-2060929250,KRX MDCSTAT02401_OUT
weekly,KOSPI200,institution,051600,한전KPS,177083,128200,-48883,7847470800,5721445200,-2126025600,KRX MDCSTAT02401_OUT
weekly,KOSPI200,institution,034220,LG디스플레이,1179470,871714,-307756,9935770755,7377654940,-2558115815,KRX MDCSTAT02401_OUT
weekly,KOSPI200,institution,007070,GS리테일,216290,101879,-114411,4865233250,2303012275,-2562220975,KRX MDCSTAT02401_OUT
weekly,KOSPI200,institution,002380,KCC,18257,12485,-5772,8610693500,5899699250,-2710994250,KRX MDCSTAT02401_OUT
weekly,KOSPI200,institution,352820,하이브,230369,211369,-19000,36343695450,33563819550,-2779875900,KRX MDCSTAT02401_OUT
weekly,KOSPI200,institution,011780,금호석유화학,63590,33716,-29874,7380274000,3917996650,-3462277350,KRX MDCSTAT02401_OUT
weekly,KOSPI200,institution,001450,현대해상,445700,365701,-79999,21616645150,17868788475,-3747856675,KRX MDCSTAT02401_OUT
weekly,KOSPI200,institution,450080,에코프로머티,482745,369567,-113178,17265039650,13257942650,-4007097000,KRX MDCSTAT02401_OUT
weekly,KOSPI200,institution,064400,LG씨엔에스,233924,175705,-58219,16330001500,12314022600,-4015978900,KRX MDCSTAT02401_OUT
weekly,KOSPI200,institution,443060,HD현대마린솔루션,84852,66397,-18455,20030232500,15712292250,-4317940250,KRX MDCSTAT02401_OUT
weekly,KOSPI200,institution,011200,HMM,882461,667826,-214635,18559552400,14121260525,-4438291875,KRX MDCSTAT02401_OUT
weekly,KOSPI200,institution,029780,삼성카드,202176,88228,-113948,8625194575,3744905625,-4880288950,KRX MDCSTAT02401_OUT
weekly,KOSPI200,institution,008770,호텔신라,233515,100838,-132677,9204493275,3987504525,-5216988750,KRX MDCSTAT02401_OUT
weekly,KOSPI200,institution,241560,두산밥캣,216003,117658,-98345,11980895800,6539015150,-5441880650,KRX MDCSTAT02401_OUT
weekly,KOSPI200,institution,271560,오리온,118394,62051,-56343,12704274400,6739750400,-5964524000,KRX MDCSTAT02401_OUT
weekly,KOSPI200,institution,120110,코오롱인더,199415,82116,-117299,10964261100,4532194500,-6432066600,KRX MDCSTAT02401_OUT
weekly,KOSPI200,institution,071970,HD현대마린엔진,213516,77560,-135956,10276355425,3766713700,-6509641725,KRX MDCSTAT02401_OUT
weekly,KOSPI200,institution,018260,삼성에스디에스,127804,97759,-30045,27928769250,21419091250,-6509678000,KRX MDCSTAT02401_OUT
weekly,KOSPI200,institution,005490,POSCO홀딩스,306311,283783,-22528,94280608750,87636875250,-6643733500,KRX MDCSTAT02401_OUT
weekly,KOSPI200,institution,161390,한국타이어앤테크놀로지,310315,194343,-115972,18232604200,11471439600,-6761164600,KRX MDCSTAT02401_OUT
weekly,KOSPI200,institution,023530,롯데쇼핑,134824,66492,-68332,13620011300,6744933100,-6875078200,KRX MDCSTAT02401_OUT
weekly,KOSPI200,institution,267250,HD현대,209961,172015,-37946,42355710100,34788330300,-7567379800,KRX MDCSTAT02401_OUT
weekly,KOSPI200,institution,035720,카카오,1030716,787629,-243087,34607386425,26560249250,-8047137175,KRX MDCSTAT02401_OUT
weekly,KOSPI200,institution,000100,유한양행,327930,205526,-122404,24130124400,15143341400,-8986783000,KRX MDCSTAT02401_OUT
weekly,KOSPI200,institution,009420,한올바이오파마,588330,367273,-221057,26095978550,16689307000,-9406671550,KRX MDCSTAT02401_OUT
weekly,KOSPI200,institution,052690,한전기술,257682,180483,-77199,32080355300,22574616800,-9505738500,KRX MDCSTAT02401_OUT
weekly,KOSPI200,institution,069960,현대백화점,136262,29214,-107048,12258543700,2619945450,-9638598250,KRX MDCSTAT02401_OUT
weekly,KOSPI200,institution,307950,현대오토에버,54482,27113,-27369,20303152000,10120614500,-10182537500,KRX MDCSTAT02401_OUT
weekly,KOSPI200,institution,030200,KT,622417,414311,-208106,32478385950,21703149100,-10775236850,KRX MDCSTAT02401_OUT
weekly,KOSPI200,institution,064350,현대로템,505617,408400,-97217,57620789800,46684013250,-10936776550,KRX MDCSTAT02401_OUT
weekly,KOSPI200,institution,028260,삼성물산,394016,362083,-31933,135972204750,124946987500,-11025217250,KRX MDCSTAT02401_OUT
weekly,KOSPI200,institution,017670,SK텔레콤,791821,660702,-131119,68442503400,57371131200,-11071372200,KRX MDCSTAT02401_OUT
weekly,KOSPI200,institution,298020,효성티앤씨,55238,15712,-39526,15502075750,4406165500,-11095910250,KRX MDCSTAT02401_OUT
weekly,KOSPI200,institution,259960,크래프톤,160693,104120,-56573,31765443100,20651289900,-11114153200,KRX MDCSTAT02401_OUT
weekly,KOSPI200,institution,375500,DL이앤씨,397268,250545,-146723,30893165750,19617149900,-11276015850,KRX MDCSTAT02401_OUT
weekly,KOSPI200,institution,010120,LS ELECTRIC,377818,321271,-56547,77125094050,65826227550,-11298866500,KRX MDCSTAT02401_OUT
weekly,KOSPI200,institution,032830,삼성생명,295397,254912,-40485,84524930750,73096438500,-11428492250,KRX MDCSTAT02401_OUT
weekly,KOSPI200,institution,047040,대우건설,4301295,3593488,-707807,76620245600,65113905010,-11506340590,KRX MDCSTAT02401_OUT
weekly,KOSPI200,institution,402340,SK스퀘어,714823,700758,-14065,803817278000,790822315000,-12994963000,KRX MDCSTAT02401_OUT
weekly,KOSPI200,institution,278470,에이피알,191347,152674,-38673,69832001250,55906367000,-13925634250,KRX MDCSTAT02401_OUT
weekly,KOSPI200,institution,015760,한국전력,1704031,1228553,-475478,51380864525,37177204550,-14203659975,KRX MDCSTAT02401_OUT
weekly,KOSPI200,institution,028050,삼성E&A,1097951,783060,-314891,52633183050,37946659075,-14686523975,KRX MDCSTAT02401_OUT
weekly,KOSPI200,institution,078930,GS,661943,515693,-146250,70761413200,56004631750,-14756781450,KRX MDCSTAT02401_OUT
weekly,KOSPI200,institution,071050,한국금융지주,262742,175377,-87365,47038256650,31398607350,-15639649300,KRX MDCSTAT02401_OUT
weekly,KOSPI200,institution,086280,현대글로비스,224033,137656,-86377,44334187800,27296323450,-17037864350,KRX MDCSTAT02401_OUT
weekly,KOSPI200,institution,161890,한국콜마,358583,220765,-137818,50624882300,31637656550,-18987225750,KRX MDCSTAT02401_OUT
weekly,KOSPI200,institution,004020,현대제철,1226200,480848,-745352,37128337575,14591998150,-22536339425,KRX MDCSTAT02401_OUT
weekly,KOSPI200,institution,004170,신세계,100862,32449,-68413,33715646500,10907493250,-22808153250,KRX MDCSTAT02401_OUT
weekly,KOSPI200,institution,006260,LS,186188,103247,-82941,56373529750,31870302000,-24503227750,KRX MDCSTAT02401_OUT
weekly,KOSPI200,institution,010130,고려아연,41950,18011,-23939,44762942500,19373739000,-25389203500,KRX MDCSTAT02401_OUT
weekly,KOSPI200,institution,010140,삼성중공업,3622951,2171571,-1451380,71183225915,42857551785,-28325674130,KRX MDCSTAT02401_OUT
weekly,KOSPI200,institution,267260,HD현대일렉트릭,159140,113639,-45501,107001190000,76779184000,-30222006000,KRX MDCSTAT02401_OUT
weekly,KOSPI200,institution,086790,하나금융지주,1133314,891080,-242234,148705763950,117005336150,-31700427800,KRX MDCSTAT02401_OUT
weekly,KOSPI200,institution,096770,SK이노베이션,1415337,1142973,-272364,208167027000,172310025400,-35857001600,KRX MDCSTAT02401_OUT
weekly,KOSPI200,institution,298040,효성중공업,42206,29091,-13115,117623123500,81267136500,-36355987000,KRX MDCSTAT02401_OUT
weekly,KOSPI200,institution,005380,현대차,688822,572276,-116546,239620506000,199589062250,-40031443750,KRX MDCSTAT02401_OUT
weekly,KOSPI200,institution,000270,기아,1137908,774239,-363669,129788011450,88532766700,-41255244750,KRX MDCSTAT02401_OUT
weekly,KOSPI200,institution,042660,한화오션,1031168,447208,-583960,81185219350,35322339750,-45862879600,KRX MDCSTAT02401_OUT
weekly,KOSPI200,institution,034020,두산에너빌리티,2633306,2034469,-598837,213396478050,165543164300,-47853313750,KRX MDCSTAT02401_OUT
weekly,KOSPI200,institution,000720,현대건설,1057966,543839,-514127,124596270700,65185740650,-59410530050,KRX MDCSTAT02401_OUT
weekly,KOSPI200,institution,267270,HD건설기계,665726,141451,-524275,80545835900,17651450800,-62894385100,KRX MDCSTAT02401_OUT
weekly,KOSPI200,institution,000150,두산,128962,76033,-52929,175279398500,104916287000,-70363111500,KRX MDCSTAT02401_OUT
weekly,KOSPI200,institution,329180,HD현대중공업,364850,189719,-175131,156838123750,81996685750,-74841438000,KRX MDCSTAT02401_OUT
weekly,KOSPI200,institution,035420,NAVER,940605,541800,-398805,181931687650,105666166800,-76265520850,KRX MDCSTAT02401_OUT
weekly,KOSPI200,institution,000660,SK하이닉스,4167272,3899854,-267418,7477225656500,7009037732500,-468187924000,KRX MDCSTAT02401_OUT
weekly,KOSPI200,institution,005930,삼성전자,32231344,29125602,-3105742,8786363811000,7941854739000,-844509072000,KRX MDCSTAT02401_OUT
weekly,KOSDAQ150,foreign,036930,주성엔지니어링,1290110,1585474,295364,296191133500,360588894750,64397761250,KRX MDCSTAT02401_OUT
weekly,KOSDAQ150,foreign,222800,심텍,886439,1280610,394171,137677049250,200091672100,62414622850,KRX MDCSTAT02401_OUT
weekly,KOSDAQ150,foreign,080220,제주반도체,1937167,2504473,567306,164584602350,212687829450,48103227100,KRX MDCSTAT02401_OUT
weekly,KOSDAQ150,foreign,036540,SFA반도체,6355639,10765220,4409581,70254529890,118143961895,47889432005,KRX MDCSTAT02401_OUT
weekly,KOSDAQ150,foreign,086520,에코프로,771352,1321415,550063,63693713550,110463793550,46770080000,KRX MDCSTAT02401_OUT
weekly,KOSDAQ150,foreign,098460,고영,1787167,3177181,1390014,56973127375,101376045425,44402918050,KRX MDCSTAT02401_OUT
weekly,KOSDAQ150,foreign,214450,파마리서치,108782,205962,97180,34167561000,64283571250,30116010250,KRX MDCSTAT02401_OUT
weekly,KOSDAQ150,foreign,089030,테크윙,876202,1348866,472664,47004442525,71724091450,24719648925,KRX MDCSTAT02401_OUT
weekly,KOSDAQ150,foreign,403870,HPSP,4203497,4649317,445820,267602016350,290652069000,23050052650,KRX MDCSTAT02401_OUT
weekly,KOSDAQ150,foreign,078600,대주전자재료,360002,537477,177475,35304470400,52703738950,17399268550,KRX MDCSTAT02401_OUT
weekly,KOSDAQ150,foreign,031980,피에스케이홀딩스,130248,225307,95059,23862529500,40864340650,17001811150,KRX MDCSTAT02401_OUT
weekly,KOSDAQ150,foreign,067310,하나마이크론,2526376,2810458,284082,122449423275,138640171250,16190747975,KRX MDCSTAT02401_OUT
weekly,KOSDAQ150,foreign,277810,레인보우로보틱스,78000,107708,29708,33237559750,46699425750,13461866000,KRX MDCSTAT02401_OUT
weekly,KOSDAQ150,foreign,247540,에코프로비엠,720638,817722,97084,78960074750,90317592550,11357517800,KRX MDCSTAT02401_OUT
weekly,KOSDAQ150,foreign,131290,티에스이,118090,154889,36799,34625255500,45402121750,10776866250,KRX MDCSTAT02401_OUT
weekly,KOSDAQ150,foreign,096530,씨젠,634386,939613,305227,22438786521,33152020571,10713234050,KRX MDCSTAT02401_OUT
weekly,KOSDAQ150,foreign,108490,로보티즈,301952,334544,32592,88165124000,98454682750,10289558750,KRX MDCSTAT02401_OUT
weekly,KOSDAQ150,foreign,043260,성호전자,4335632,4652061,316429,120939558475,130428699725,9489141250,KRX MDCSTAT02401_OUT
weekly,KOSDAQ150,foreign,323280,태성,748867,928740,179873,41314452675,50625810025,9311357350,KRX MDCSTAT02401_OUT
weekly,KOSDAQ150,foreign,161580,필옵틱스,970467,1207600,237133,36909962675,46142157775,9232195100,KRX MDCSTAT02401_OUT
weekly,KOSDAQ150,foreign,041190,우리기술투자,2530310,3942018,1411708,15819055180,24587608550,8768553370,KRX MDCSTAT02401_OUT
weekly,KOSDAQ150,foreign,058610,에스피지,133680,218710,85030,13275929550,21834504200,8558574650,KRX MDCSTAT02401_OUT
weekly,KOSDAQ150,foreign,196170,알테오젠,360353,389409,29056,92748289250,99982820000,7234530750,KRX MDCSTAT02401_OUT
weekly,KOSDAQ150,foreign,253590,네오셈,1563190,2019466,456276,22556828695,29367031395,6810202700,KRX MDCSTAT02401_OUT
weekly,KOSDAQ150,foreign,241710,코스메카코리아,323834,375333,51499,37831643500,44030967050,6199323550,KRX MDCSTAT02401_OUT
weekly,KOSDAQ150,foreign,125490,한라캐스트,1338715,1790170,451455,17002101520,22646144490,5644042970,KRX MDCSTAT02401_OUT
weekly,KOSDAQ150,foreign,293490,카카오게임즈,567639,1121362,553723,5502405955,10926212515,5423806560,KRX MDCSTAT02401_OUT
weekly,KOSDAQ150,foreign,399720,가온칩스,125106,215053,89947,5841436425,10089929675,4248493250,KRX MDCSTAT02401_OUT
weekly,KOSDAQ150,foreign,053800,안랩,148030,204225,56195,11273830250,15521640800,4247810550,KRX MDCSTAT02401_OUT
weekly,KOSDAQ150,foreign,025980,아난티,1204337,2025625,821288,5910456724,9879468888,3969012164,KRX MDCSTAT02401_OUT
weekly,KOSDAQ150,foreign,237690,에스티팜,116130,156440,40310,10824597650,14606975000,3782377350,KRX MDCSTAT02401_OUT
weekly,KOSDAQ150,foreign,124500,아이티센글로벌,168174,287783,119609,4884912250,8312688575,3427776325,KRX MDCSTAT02401_OUT
weekly,KOSDAQ150,foreign,068760,셀트리온제약,111872,194709,82837,4319295950,7569928675,3250632725,KRX MDCSTAT02401_OUT
weekly,KOSDAQ150,foreign,263750,펄어비스,444601,533708,89107,14767202075,17724337925,2957135850,KRX MDCSTAT02401_OUT
weekly,KOSDAQ150,foreign,006730,서부T&D,538208,762614,224406,5896641055,8488045860,2591404805,KRX MDCSTAT02401_OUT
weekly,KOSDAQ150,foreign,232140,와이씨,4020455,4188404,167949,61542911110,64001100030,2458188920,KRX MDCSTAT02401_OUT
weekly,KOSDAQ150,foreign,056080,유진로봇,519295,719842,200547,6233464345,8681767740,2448303395,KRX MDCSTAT02401_OUT
weekly,KOSDAQ150,foreign,050890,쏠리드,2073635,2320554,246919,21161830550,23513696510,2351865960,KRX MDCSTAT02401_OUT
weekly,KOSDAQ150,foreign,171090,선익시스템,74002,105815,31813,5347193700,7679165550,2331971850,KRX MDCSTAT02401_OUT
weekly,KOSDAQ150,foreign,090710,휴림로봇,1323964,1675540,351576,8215786035,10476261760,2260475725,KRX MDCSTAT02401_OUT
weekly,KOSDAQ150,foreign,033100,제룡전기,99338,144752,45414,4790705425,6971983000,2181277575,KRX MDCSTAT02401_OUT
weekly,KOSDAQ150,foreign,466100,클로봇,251197,338118,86921,5710823925,7786313300,2075489375,KRX MDCSTAT02401_OUT
weekly,KOSDAQ150,foreign,475830,오름테라퓨틱,633019,715314,82295,14300461800,16241805925,1941344125,KRX MDCSTAT02401_OUT
weekly,KOSDAQ150,foreign,348370,엔켐,263468,350140,86672,5613345430,7460866345,1847520915,KRX MDCSTAT02401_OUT
weekly,KOSDAQ150,foreign,033500,동성화인텍,151706,265796,114090,2411420950,4221625080,1810204130,KRX MDCSTAT02401_OUT
weekly,KOSDAQ150,foreign,0009K0,에임드바이오,191659,267736,76077,4431592300,6204698450,1773106150,KRX MDCSTAT02401_OUT
weekly,KOSDAQ150,foreign,065350,신성델타테크,139050,192084,53034,4358315575,6069628250,1711312675,KRX MDCSTAT02401_OUT
weekly,KOSDAQ150,foreign,007390,네이처셀,336880,397880,61000,8294261550,9935242350,1640980800,KRX MDCSTAT02401_OUT
weekly,KOSDAQ150,foreign,056190,SFA,284058,338800,54742,8484246675,10115598400,1631351725,KRX MDCSTAT02401_OUT
weekly,KOSDAQ150,foreign,009520,포스코엠텍,200622,326908,126286,2557023110,4157130025,1600106915,KRX MDCSTAT02401_OUT
weekly,KOSDAQ150,foreign,388720,유일로보틱스,22318,44848,22530,1521429350,3066683400,1545254050,KRX MDCSTAT02401_OUT
weekly,KOSDAQ150,foreign,090360,로보스타,103968,122476,18508,8019215650,9520115050,1500899400,KRX MDCSTAT02401_OUT
weekly,KOSDAQ150,foreign,420770,기가비스,97375,109352,11977,12405005300,13896989850,1491984550,KRX MDCSTAT02401_OUT
weekly,KOSDAQ150,foreign,025320,시노펙스,637359,1016974,379615,2458398774,3917389288,1458990514,KRX MDCSTAT02401_OUT
weekly,KOSDAQ150,foreign,060250,NHN KCP,259842,364989,105147,3515985645,4924422620,1408436975,KRX MDCSTAT02401_OUT
weekly,KOSDAQ150,foreign,052400,코나아이,62345,98109,35764,2367117600,3733683025,1366565425,KRX MDCSTAT02401_OUT
weekly,KOSDAQ150,foreign,437730,삼현,301299,330236,28937,15090865950,16422717250,1331851300,KRX MDCSTAT02401_OUT
weekly,KOSDAQ150,foreign,032500,케이엠더블유,355995,426459,70464,7099009895,8386235675,1287225780,KRX MDCSTAT02401_OUT
weekly,KOSDAQ150,foreign,048410,현대바이오,1280953,1446306,165353,8948645570,10122173105,1173527535,KRX MDCSTAT02401_OUT
weekly,KOSDAQ150,foreign,213420,덕산네오룩스,158247,197005,38758,4683812725,5823920375,1140107650,KRX MDCSTAT02401_OUT
weekly,KOSDAQ150,foreign,112040,위메이드,206114,276186,70072,3142025450,4265185600,1123160150,KRX MDCSTAT02401_OUT
weekly,KOSDAQ150,foreign,278280,천보,41271,70867,29596,1491476825,2573527850,1082051025,KRX MDCSTAT02401_OUT
weekly,KOSDAQ150,foreign,215200,메가스터디교육,71964,100885,28921,2665758100,3738114075,1072355975,KRX MDCSTAT02401_OUT
weekly,KOSDAQ150,foreign,060370,LS마린솔루션,228620,257338,28718,7459403075,8361518675,902115600,KRX MDCSTAT02401_OUT
weekly,KOSDAQ150,foreign,082270,젬백스,238054,308044,69990,2534857200,3272496985,737639785,KRX MDCSTAT02401_OUT
weekly,KOSDAQ150,foreign,003380,하림지주,375688,436980,61292,4120185240,4824115895,703930655,KRX MDCSTAT02401_OUT
weekly,KOSDAQ150,foreign,038500,삼표시멘트,474598,579918,105320,3164906635,3866842530,701935895,KRX MDCSTAT02401_OUT
weekly,KOSDAQ150,foreign,030520,한컴,148352,181950,33598,2573705740,3168620875,594915135,KRX MDCSTAT02401_OUT
weekly,KOSDAQ150,foreign,298380,에이비엘바이오,770590,787172,16582,38907364100,39479122575,571758475,KRX MDCSTAT02401_OUT
weekly,KOSDAQ150,foreign,100790,미래에셋벤처투자,556457,586578,30121,9757481475,10301303765,543822290,KRX MDCSTAT02401_OUT
weekly,KOSDAQ150,foreign,015750,성우하이텍,208692,297289,88597,1214124985,1739415350,525290365,KRX MDCSTAT02401_OUT
weekly,KOSDAQ150,foreign,036620,감성코퍼레이션,389538,522153,132615,1440292399,1924586625,484294226,KRX MDCSTAT02401_OUT
weekly,KOSDAQ150,foreign,025900,동화기업,68448,132381,63933,482905830,935532860,452627030,KRX MDCSTAT02401_OUT
weekly,KOSDAQ150,foreign,376300,디어유,229226,247546,18320,4162011705,4489862385,327850680,KRX MDCSTAT02401_OUT
weekly,KOSDAQ150,foreign,060280,큐렉소,358270,398209,39939,2990067375,3315977900,325910525,KRX MDCSTAT02401_OUT
weekly,KOSDAQ150,foreign,189300,인텔리안테크,95334,98774,3440,6623470950,6864875400,241404450,KRX MDCSTAT02401_OUT
weekly,KOSDAQ150,foreign,018290,브이티,424781,440644,15863,5172491275,5368538945,196047670,KRX MDCSTAT02401_OUT
weekly,KOSDAQ150,foreign,101730,위메이드맥스,211523,242079,30556,975270220,1124117445,148847225,KRX MDCSTAT02401_OUT
weekly,KOSDAQ150,foreign,214150,클래시스,315942,318811,2869,9720384725,9812652725,92268000,KRX MDCSTAT02401_OUT
weekly,KOSDAQ150,foreign,078340,컴투스,213058,215167,2109,7962720075,8012430825,49710750,KRX MDCSTAT02401_OUT
weekly,KOSDAQ150,foreign,032190,다우데이타,105468,107470,2002,2024739395,2074030245,49290850,KRX MDCSTAT02401_OUT
weekly,KOSDAQ150,foreign,253450,스튜디오드래곤,81650,82433,783,1665610025,1685287625,19677600,KRX MDCSTAT02401_OUT
weekly,KOSDAQ150,foreign,272290,이녹스첨단소재,154444,153023,-1421,3393966425,3319899750,-74066675,KRX MDCSTAT02401_OUT
weekly,KOSDAQ150,foreign,194480,데브시스터즈,75866,69255,-6611,1073324215,990205660,-83118555,KRX MDCSTAT02401_OUT
weekly,KOSDAQ150,foreign,352480,씨앤씨인터내셔널,22561,17605,-4956,478732450,372979075,-105753375,KRX MDCSTAT02401_OUT
weekly,KOSDAQ150,foreign,082920,비츠로셀,359729,352119,-7610,10297850375,10102764025,-195086350,KRX MDCSTAT02401_OUT
weekly,KOSDAQ150,foreign,183300,코미코,754622,755271,649,25371666100,25145726600,-225939500,KRX MDCSTAT02401_OUT
weekly,KOSDAQ150,foreign,358570,지아이이노베이션,788810,758678,-30132,6856914785,6625425120,-231489665,KRX MDCSTAT02401_OUT
weekly,KOSDAQ150,foreign,140860,파크시스템스,91445,90566,-879,25861066750,25601986750,-259080000,KRX MDCSTAT02401_OUT
weekly,KOSDAQ150,foreign,137400,피엔티,287539,273751,-13788,8621273950,8320409075,-300864875,KRX MDCSTAT02401_OUT
weekly,KOSDAQ150,foreign,166090,하나머티리얼즈,182885,178210,-4675,11134774500,10797822500,-336952000,KRX MDCSTAT02401_OUT
weekly,KOSDAQ150,foreign,083650,비에이치아이,371838,366041,-5797,22210510650,21852158150,-358352500,KRX MDCSTAT02401_OUT
weekly,KOSDAQ150,foreign,211050,인카금융서비스,146815,99934,-46881,1430929920,971702660,-459227260,KRX MDCSTAT02401_OUT
weekly,KOSDAQ150,foreign,067160,SOOP,113199,96734,-16465,4133650725,3532075700,-601575025,KRX MDCSTAT02401_OUT
weekly,KOSDAQ150,foreign,036810,에프에스티,312492,298466,-14026,10532908350,9927839725,-605068625,KRX MDCSTAT02401_OUT
weekly,KOSDAQ150,foreign,348210,넥스틴,133866,117473,-16393,4953740350,4207311600,-746428750,KRX MDCSTAT02401_OUT
weekly,KOSDAQ150,foreign,095660,네오위즈,106847,61778,-45069,1917446600,1108087970,-809358630,KRX MDCSTAT02401_OUT
weekly,KOSDAQ150,foreign,310210,보로노이,177326,171759,-5567,24766597400,23936607850,-829989550,KRX MDCSTAT02401_OUT
weekly,KOSDAQ150,foreign,039200,오스코텍,234644,209705,-24939,8527870525,7550306975,-977563550,KRX MDCSTAT02401_OUT
weekly,KOSDAQ150,foreign,035900,JYP Ent.,366530,338584,-27946,13788295775,12777935350,-1010360425,KRX MDCSTAT02401_OUT
weekly,KOSDAQ150,foreign,225570,넥슨게임즈,269794,175633,-94161,2893579970,1877202275,-1016377695,KRX MDCSTAT02401_OUT
weekly,KOSDAQ150,foreign,214370,케어젠,160879,134138,-26741,6679937500,5551279700,-1128657800,KRX MDCSTAT02401_OUT
weekly,KOSDAQ150,foreign,214430,아이쓰리시스템,77385,62463,-14922,5730368550,4558974600,-1171393950,KRX MDCSTAT02401_OUT
weekly,KOSDAQ150,foreign,085660,차바이오텍,459867,317739,-142128,3809560880,2628172335,-1181388545,KRX MDCSTAT02401_OUT
weekly,KOSDAQ150,foreign,069080,웹젠,272561,165370,-107191,3168758180,1923344710,-1245413470,KRX MDCSTAT02401_OUT
weekly,KOSDAQ150,foreign,035760,CJ ENM,161337,127225,-34112,5980216425,4696986125,-1283230300,KRX MDCSTAT02401_OUT
weekly,KOSDAQ150,foreign,445680,큐리옥스바이오시스템즈,200945,176043,-24902,11028209850,9668799950,-1359409900,KRX MDCSTAT02401_OUT
weekly,KOSDAQ150,foreign,417200,LS머트리얼즈,2563648,2437291,-126357,36019511015,34591459145,-1428051870,KRX MDCSTAT02401_OUT
weekly,KOSDAQ150,foreign,099320,쎄트렉아이,171463,151959,-19504,13536052050,12048372350,-1487679700,KRX MDCSTAT02401_OUT
weekly,KOSDAQ150,foreign,030530,원익홀딩스,1349558,1293699,-55859,37483902125,35925135625,-1558766500,KRX MDCSTAT02401_OUT
weekly,KOSDAQ150,foreign,074600,원익QnC,335427,288546,-46881,10442277325,8789886725,-1652390600,KRX MDCSTAT02401_OUT
weekly,KOSDAQ150,foreign,087010,펩트론,279153,265870,-13283,37590426700,35933810150,-1656616550,KRX MDCSTAT02401_OUT
weekly,KOSDAQ150,foreign,014620,성광벤드,288814,234812,-54002,8968817625,7251047900,-1717769725,KRX MDCSTAT02401_OUT
weekly,KOSDAQ150,foreign,032820,우리기술,2783351,2640443,-142908,34860898005,32990534365,-1870363640,KRX MDCSTAT02401_OUT
weekly,KOSDAQ150,foreign,036830,솔브레인홀딩스,175333,127884,-47449,7940590175,5664317050,-2276273125,KRX MDCSTAT02401_OUT
weekly,KOSDAQ150,foreign,195940,HK이노엔,161966,102640,-59326,6409494375,4047593625,-2361900750,KRX MDCSTAT02401_OUT
weekly,KOSDAQ150,foreign,281740,레이크머티리얼즈,1244356,1007351,-237005,14406882725,11821476500,-2585406225,KRX MDCSTAT02401_OUT
weekly,KOSDAQ150,foreign,251970,펌텍코리아,171746,127185,-44561,10688337000,7818467900,-2869869100,KRX MDCSTAT02401_OUT
weekly,KOSDAQ150,foreign,122870,와이지엔터테인먼트,205855,137565,-68290,8657853375,5782876875,-2874976500,KRX MDCSTAT02401_OUT
weekly,KOSDAQ150,foreign,121600,나노신소재,148688,94012,-54676,8351107800,5245170250,-3105937550,KRX MDCSTAT02401_OUT
weekly,KOSDAQ150,foreign,295310,에이치브이엠,283440,228809,-54631,17749813650,14000431300,-3749382350,KRX MDCSTAT02401_OUT
weekly,KOSDAQ150,foreign,347850,디앤디파마텍,719493,640597,-78896,31313866600,27539171550,-3774695050,KRX MDCSTAT02401_OUT
weekly,KOSDAQ150,foreign,204270,제이앤티씨,1136813,897260,-239553,26025375000,20390888025,-5634486975,KRX MDCSTAT02401_OUT
weekly,KOSDAQ150,foreign,218410,RFHIC,530891,435462,-95429,31961815950,25997217550,-5964598400,KRX MDCSTAT02401_OUT
weekly,KOSDAQ150,foreign,041510,에스엠,285678,213358,-72320,22941343750,16908349950,-6032993800,KRX MDCSTAT02401_OUT
weekly,KOSDAQ150,foreign,042000,카페24,1120202,793332,-326870,21759036235,15364969820,-6394066415,KRX MDCSTAT02401_OUT
weekly,KOSDAQ150,foreign,328130,루닛,2642037,2072374,-569663,30427798550,23752579115,-6675219435,KRX MDCSTAT02401_OUT
weekly,KOSDAQ150,foreign,145020,휴젤,214445,168485,-45960,39015581300,30672596000,-8342985300,KRX MDCSTAT02401_OUT
weekly,KOSDAQ150,foreign,005290,동진쎄미켐,1180197,976841,-203356,57795176075,48383276200,-9411899875,KRX MDCSTAT02401_OUT
weekly,KOSDAQ150,foreign,141080,리가켐바이오,416159,299483,-116676,34098575650,24409716250,-9688859400,KRX MDCSTAT02401_OUT
weekly,KOSDAQ150,foreign,064760,티씨케이,145278,111425,-33853,42753126250,32732437250,-10020689000,KRX MDCSTAT02401_OUT
weekly,KOSDAQ150,foreign,178320,서진시스템,3509618,3255125,-254493,134887821175,124363602600,-10524218575,KRX MDCSTAT02401_OUT
weekly,KOSDAQ150,foreign,319400,현대무벡스,1197008,680193,-516815,24658718100,14029639875,-10629078225,KRX MDCSTAT02401_OUT
weekly,KOSDAQ150,foreign,226950,올릭스,375941,278828,-97113,41203024250,30318938500,-10884085750,KRX MDCSTAT02401_OUT
weekly,KOSDAQ150,foreign,095610,테스,504292,441860,-62432,87143094600,75460052950,-11683041650,KRX MDCSTAT02401_OUT
weekly,KOSDAQ150,foreign,290650,엘앤씨바이오,560716,321988,-238728,29646664025,16191423075,-13455240950,KRX MDCSTAT02401_OUT
weekly,KOSDAQ150,foreign,257720,실리콘투,1126589,758062,-368527,43329064125,29081992775,-14247071350,KRX MDCSTAT02401_OUT
weekly,KOSDAQ150,foreign,101490,에스앤에스텍,679991,329830,-350161,33749462175,15860091200,-17889370975,KRX MDCSTAT02401_OUT
weekly,KOSDAQ150,foreign,131970,두산테스나,503833,326725,-177108,50366565100,32453841850,-17912723250,KRX MDCSTAT02401_OUT
weekly,KOSDAQ150,foreign,089970,브이엠,1161812,844638,-317174,75805665600,54723392500,-21082273100,KRX MDCSTAT02401_OUT
weekly,KOSDAQ150,foreign,095340,ISC,408759,295978,-112781,86077906950,62574416350,-23503490600,KRX MDCSTAT02401_OUT
weekly,KOSDAQ150,foreign,000250,삼천당제약,344768,218753,-126015,66048774350,41200601500,-24848172850,KRX MDCSTAT02401_OUT
weekly,KOSDAQ150,foreign,039030,이오테크닉스,186614,139241,-47373,97590011000,71522286000,-26067725000,KRX MDCSTAT02401_OUT
weekly,KOSDAQ150,foreign,084370,유진테크,573688,337278,-236410,98360856700,56872178750,-41488677950,KRX MDCSTAT02401_OUT
weekly,KOSDAQ150,foreign,240810,원익IPS,1958338,1523320,-435018,261919639500,202942830100,-58976809400,KRX MDCSTAT02401_OUT
weekly,KOSDAQ150,foreign,028300,HLB,4541954,2211414,-2330540,190515726600,92503639725,-98012086875,KRX MDCSTAT02401_OUT
weekly,KOSDAQ150,foreign,058470,리노공업,2617225,1359124,-1258101,206771644750,105024785050,-101746859700,KRX MDCSTAT02401_OUT
weekly,KOSDAQ150,institution,058470,리노공업,849707,2102806,1253099,66042637600,168944590500,102901952900,KRX MDCSTAT02401_OUT
weekly,KOSDAQ150,institution,403870,HPSP,1169217,2529344,1360127,72986662250,161925764650,88939102400,KRX MDCSTAT02401_OUT
weekly,KOSDAQ150,institution,036930,주성엔지니어링,553739,842529,288790,126714361000,195198477750,68484116750,KRX MDCSTAT02401_OUT
weekly,KOSDAQ150,institution,196170,알테오젠,340147,543694,203547,86765683750,140251224000,53485540250,KRX MDCSTAT02401_OUT
weekly,KOSDAQ150,institution,240810,원익IPS,813544,1141773,328229,108260863550,154121116150,45860252600,KRX MDCSTAT02401_OUT
weekly,KOSDAQ150,institution,039030,이오테크닉스,161328,242087,80759,82774958750,125885110250,43110151500,KRX MDCSTAT02401_OUT
weekly,KOSDAQ150,institution,084370,유진테크,121471,341643,220172,20458130250,59126400950,38668270700,KRX MDCSTAT02401_OUT
weekly,KOSDAQ150,institution,095610,테스,342343,550286,207943,58596114050,95609815900,37013701850,KRX MDCSTAT02401_OUT
weekly,KOSDAQ150,institution,080220,제주반도체,209101,602686,393585,16870521000,51544010850,34673489850,KRX MDCSTAT02401_OUT
weekly,KOSDAQ150,institution,226950,올릭스,228459,502129,273670,24582128250,55517222500,30935094250,KRX MDCSTAT02401_OUT
weekly,KOSDAQ150,institution,005290,동진쎄미켐,339039,869420,530381,16584958200,43055586300,26470628100,KRX MDCSTAT02401_OUT
weekly,KOSDAQ150,institution,131970,두산테스나,162959,387434,224475,16043035200,38508373300,22465338100,KRX MDCSTAT02401_OUT
weekly,KOSDAQ150,institution,086520,에코프로,939261,1158029,218768,77099691100,96480985650,19381294550,KRX MDCSTAT02401_OUT
weekly,KOSDAQ150,institution,178320,서진시스템,398486,827047,428561,15286553700,31549948100,16263394400,KRX MDCSTAT02401_OUT
weekly,KOSDAQ150,institution,067310,하나마이크론,578560,835275,256715,27934735400,41026247700,13091512300,KRX MDCSTAT02401_OUT
weekly,KOSDAQ150,institution,247540,에코프로비엠,505510,617013,111503,55576658150,68231949600,12655291450,KRX MDCSTAT02401_OUT
weekly,KOSDAQ150,institution,078600,대주전자재료,109364,220823,111459,10437057250,22177934600,11740877350,KRX MDCSTAT02401_OUT
weekly,KOSDAQ150,institution,000250,삼천당제약,190477,241451,50974,35000893350,45641074150,10640180800,KRX MDCSTAT02401_OUT
weekly,KOSDAQ150,institution,140860,파크시스템스,19537,49958,30421,5440233500,14355243500,8915010000,KRX MDCSTAT02401_OUT
weekly,KOSDAQ150,institution,074600,원익QnC,216929,493523,276594,6650557600,15328219750,8677662150,KRX MDCSTAT02401_OUT
weekly,KOSDAQ150,institution,064760,티씨케이,109238,136736,27498,32459670500,40803152750,8343482250,KRX MDCSTAT02401_OUT
weekly,KOSDAQ150,institution,218410,RFHIC,239359,361757,122398,14303905900,22001746900,7697841000,KRX MDCSTAT02401_OUT
weekly,KOSDAQ150,institution,131290,티에스이,117270,141818,24548,34182529250,41703930500,7521401250,KRX MDCSTAT02401_OUT
weekly,KOSDAQ150,institution,098460,고영,471101,675736,204635,14977241250,22063179750,7085938500,KRX MDCSTAT02401_OUT
weekly,KOSDAQ150,institution,290650,엘앤씨바이오,96915,221492,124577,4862219800,11674416050,6812196250,KRX MDCSTAT02401_OUT
weekly,KOSDAQ150,institution,323280,태성,99333,201186,101853,5271308050,11295880175,6024572125,KRX MDCSTAT02401_OUT
weekly,KOSDAQ150,institution,121600,나노신소재,68632,171842,103210,3815455150,9691142400,5875687250,KRX MDCSTAT02401_OUT
weekly,KOSDAQ150,institution,251970,펌텍코리아,110315,203409,93094,6742259800,12567882500,5825622700,KRX MDCSTAT02401_OUT
weekly,KOSDAQ150,institution,095340,ISC,189442,214404,24962,39780801750,45399700200,5618898450,KRX MDCSTAT02401_OUT
weekly,KOSDAQ150,institution,295310,에이치브이엠,230828,298901,68073,13719871550,19334229700,5614358150,KRX MDCSTAT02401_OUT
weekly,KOSDAQ150,institution,417200,LS머트리얼즈,721986,989442,267456,10087892415,14175577730,4087685315,KRX MDCSTAT02401_OUT
weekly,KOSDAQ150,institution,161580,필옵틱스,48906,144543,95637,1800987375,5797727875,3996740500,KRX MDCSTAT02401_OUT
weekly,KOSDAQ150,institution,232140,와이씨,490562,662802,172240,7215266785,10497676005,3282409220,KRX MDCSTAT02401_OUT
weekly,KOSDAQ150,institution,078340,컴투스,79437,161519,82082,2965783250,6044148800,3078365550,KRX MDCSTAT02401_OUT
weekly,KOSDAQ150,institution,036810,에프에스티,38188,124802,86614,1206063000,4269827975,3063764975,KRX MDCSTAT02401_OUT
weekly,KOSDAQ150,institution,053800,안랩,26838,65869,39031,2024669300,5006905550,2982236250,KRX MDCSTAT02401_OUT
weekly,KOSDAQ150,institution,445680,큐리옥스바이오시스템즈,29445,82565,53120,1562036850,4521397500,2959360650,KRX MDCSTAT02401_OUT
weekly,KOSDAQ150,institution,039200,오스코텍,138067,214946,76879,4955456075,7860311475,2904855400,KRX MDCSTAT02401_OUT
weekly,KOSDAQ150,institution,042000,카페24,67926,200772,132846,1286851755,3949135610,2662283855,KRX MDCSTAT02401_OUT
weekly,KOSDAQ150,institution,195940,HK이노엔,100972,153537,52565,3972728250,6095175525,2122447275,KRX MDCSTAT02401_OUT
weekly,KOSDAQ150,institution,096530,씨젠,230389,277880,47491,8047096275,9906723375,1859627100,KRX MDCSTAT02401_OUT
weekly,KOSDAQ150,institution,253590,네오셈,92635,205971,113336,1248510065,3059954520,1811444455,KRX MDCSTAT02401_OUT
weekly,KOSDAQ150,institution,041190,우리기술투자,157478,413734,256256,945708715,2603639025,1657930310,KRX MDCSTAT02401_OUT
weekly,KOSDAQ150,institution,171090,선익시스템,34465,54042,19577,2455118600,3937012800,1481894200,KRX MDCSTAT02401_OUT
weekly,KOSDAQ150,institution,101490,에스앤에스텍,76523,102950,26427,3592440775,5074008400,1481567625,KRX MDCSTAT02401_OUT
weekly,KOSDAQ150,institution,166090,하나머티리얼즈,124863,147658,22795,7545351300,9001205050,1455853750,KRX MDCSTAT02401_OUT
weekly,KOSDAQ150,institution,277810,레인보우로보틱스,46813,49415,2602,19932080000,21302797000,1370717000,KRX MDCSTAT02401_OUT
weekly,KOSDAQ150,institution,225570,넥슨게임즈,133344,252570,119226,1417146070,2723488135,1306342065,KRX MDCSTAT02401_OUT
weekly,KOSDAQ150,institution,125490,한라캐스트,65905,160983,95078,774163920,1983392220,1209228300,KRX MDCSTAT02401_OUT
weekly,KOSDAQ150,institution,032500,케이엠더블유,88000,141706,53706,1695796270,2843706475,1147910205,KRX MDCSTAT02401_OUT
weekly,KOSDAQ150,institution,036830,솔브레인홀딩스,78728,105439,26711,3438460650,4557020450,1118559800,KRX MDCSTAT02401_OUT
weekly,KOSDAQ150,institution,145020,휴젤,64643,70441,5798,11838860100,12924952250,1086092150,KRX MDCSTAT02401_OUT
weekly,KOSDAQ150,institution,347850,디앤디파마텍,219052,238182,19130,9387590200,10473295700,1085705500,KRX MDCSTAT02401_OUT
weekly,KOSDAQ150,institution,030530,원익홀딩스,142759,177655,34896,3874915275,4953536525,1078621250,KRX MDCSTAT02401_OUT
weekly,KOSDAQ150,institution,358570,지아이이노베이션,209982,292341,82359,1760993695,2666475755,905482060,KRX MDCSTAT02401_OUT
weekly,KOSDAQ150,institution,215200,메가스터디교육,32504,56056,23552,1198681600,2080530550,881848950,KRX MDCSTAT02401_OUT
weekly,KOSDAQ150,institution,033100,제룡전기,31238,48902,17664,1490696125,2357914375,867218250,KRX MDCSTAT02401_OUT
weekly,KOSDAQ150,institution,204270,제이앤티씨,47066,85619,38553,1080282400,1907946350,827663950,KRX MDCSTAT02401_OUT
weekly,KOSDAQ150,institution,082920,비츠로셀,156934,180454,23520,4462933375,5158260300,695326925,KRX MDCSTAT02401_OUT
weekly,KOSDAQ150,institution,214430,아이쓰리시스템,17492,25578,8086,1215335700,1876063050,660727350,KRX MDCSTAT02401_OUT
weekly,KOSDAQ150,institution,003380,하림지주,303000,358045,55045,3318356595,3961108015,642751420,KRX MDCSTAT02401_OUT
weekly,KOSDAQ150,institution,099320,쎄트렉아이,25997,33116,7119,2046374650,2648588550,602213900,KRX MDCSTAT02401_OUT
weekly,KOSDAQ150,institution,189300,인텔리안테크,42732,49968,7236,2918307450,3494445100,576137650,KRX MDCSTAT02401_OUT
weekly,KOSDAQ150,institution,319400,현대무벡스,153861,176351,22490,3161020275,3627831075,466810800,KRX MDCSTAT02401_OUT
weekly,KOSDAQ150,institution,018290,브이티,82006,116940,34934,986843250,1453064820,466221570,KRX MDCSTAT02401_OUT
weekly,KOSDAQ150,institution,095660,네오위즈,47467,70808,23341,850740460,1273600140,422859680,KRX MDCSTAT02401_OUT
weekly,KOSDAQ150,institution,214370,케어젠,46753,55396,8643,1903497750,2314197250,410699500,KRX MDCSTAT02401_OUT
weekly,KOSDAQ150,institution,310210,보로노이,78619,78121,-498,10760913600,11134272250,373358650,KRX MDCSTAT02401_OUT
weekly,KOSDAQ150,institution,348370,엔켐,90002,103993,13991,1860756035,2198894530,338138495,KRX MDCSTAT02401_OUT
weekly,KOSDAQ150,institution,050890,쏠리드,121794,150673,28879,1184392855,1515375555,330982700,KRX MDCSTAT02401_OUT
weekly,KOSDAQ150,institution,007390,네이처셀,143807,154101,10294,3536238700,3826613275,290374575,KRX MDCSTAT02401_OUT
weekly,KOSDAQ150,institution,060280,큐렉소,60083,89975,29892,491046460,764083225,273036765,KRX MDCSTAT02401_OUT
weekly,KOSDAQ150,institution,035900,JYP Ent.,128132,135452,7320,4826703275,5097914375,271211100,KRX MDCSTAT02401_OUT
weekly,KOSDAQ150,institution,100790,미래에셋벤처투자,38476,50592,12116,663918500,888513000,224594500,KRX MDCSTAT02401_OUT
weekly,KOSDAQ150,institution,376300,디어유,66467,75146,8679,1183411790,1387343425,203931635,KRX MDCSTAT02401_OUT
weekly,KOSDAQ150,institution,141080,리가켐바이오,232086,229255,-2831,18790745550,18976314700,185569150,KRX MDCSTAT02401_OUT
weekly,KOSDAQ150,institution,0009K0,에임드바이오,110868,111313,445,2495383425,2633044325,137660900,KRX MDCSTAT02401_OUT
weekly,KOSDAQ150,institution,211050,인카금융서비스,127890,138112,10222,1235742850,1356375130,120632280,KRX MDCSTAT02401_OUT
weekly,KOSDAQ150,institution,388720,유일로보틱스,13457,14979,1522,914248200,1034028300,119780100,KRX MDCSTAT02401_OUT
weekly,KOSDAQ150,institution,082270,젬백스,67403,74748,7345,695841365,806029215,110187850,KRX MDCSTAT02401_OUT
weekly,KOSDAQ150,institution,090360,로보스타,15104,16423,1319,1163883750,1272297100,108413350,KRX MDCSTAT02401_OUT
weekly,KOSDAQ150,institution,065350,신성델타테크,40813,42858,2045,1265027550,1352120100,87092550,KRX MDCSTAT02401_OUT
weekly,KOSDAQ150,institution,038500,삼표시멘트,172470,179314,6844,1144071875,1193132780,49060905,KRX MDCSTAT02401_OUT
weekly,KOSDAQ150,institution,137400,피엔티,100592,100308,-284,2976253325,3019509325,43256000,KRX MDCSTAT02401_OUT
weekly,KOSDAQ150,institution,272290,이녹스첨단소재,70793,71804,1011,1535269775,1570106100,34836325,KRX MDCSTAT02401_OUT
weekly,KOSDAQ150,institution,009520,포스코엠텍,125019,126226,1207,1566098745,1588462000,22363255,KRX MDCSTAT02401_OUT
weekly,KOSDAQ150,institution,085660,차바이오텍,153940,152655,-1285,1266547300,1288426080,21878780,KRX MDCSTAT02401_OUT
weekly,KOSDAQ150,institution,281740,레이크머티리얼즈,241410,237560,-3850,2802591230,2804180415,1589185,KRX MDCSTAT02401_OUT
weekly,KOSDAQ150,institution,101730,위메이드맥스,38892,37425,-1467,176310668,175200815,-1109853,KRX MDCSTAT02401_OUT
weekly,KOSDAQ150,institution,348210,넥스틴,63805,62182,-1623,2272748325,2269234975,-3513350,KRX MDCSTAT02401_OUT
weekly,KOSDAQ150,institution,194480,데브시스터즈,45123,44854,-269,644000370,639645120,-4355250,KRX MDCSTAT02401_OUT
weekly,KOSDAQ150,institution,025900,동화기업,37589,36453,-1136,261522740,256984550,-4538190,KRX MDCSTAT02401_OUT
weekly,KOSDAQ150,institution,025320,시노펙스,151549,143486,-8063,576399805,556983236,-19416569,KRX MDCSTAT02401_OUT
weekly,KOSDAQ150,institution,069080,웹젠,139256,131636,-7620,1618064920,1528662405,-89402515,KRX MDCSTAT02401_OUT
weekly,KOSDAQ150,institution,352480,씨앤씨인터내셔널,15784,11385,-4399,335530550,245548025,-89982525,KRX MDCSTAT02401_OUT
weekly,KOSDAQ150,institution,090710,휴림로봇,242191,223039,-19152,1484540865,1389841645,-94699220,KRX MDCSTAT02401_OUT
weekly,KOSDAQ150,institution,253450,스튜디오드래곤,55932,51095,-4837,1143615325,1045592250,-98023075,KRX MDCSTAT02401_OUT
weekly,KOSDAQ150,institution,112040,위메이드,135053,127563,-7490,2070535240,1971058360,-99476880,KRX MDCSTAT02401_OUT
weekly,KOSDAQ150,institution,006730,서부T&D,454434,442675,-11759,5012404030,4912102475,-100301555,KRX MDCSTAT02401_OUT
weekly,KOSDAQ150,institution,025980,아난티,154986,132028,-22958,756007680,652926746,-103080934,KRX MDCSTAT02401_OUT
weekly,KOSDAQ150,institution,030520,한컴,123903,115573,-8330,2152339710,2011932850,-140406860,KRX MDCSTAT02401_OUT
weekly,KOSDAQ150,institution,032190,다우데이타,72547,63483,-9064,1394027570,1222364580,-171662990,KRX MDCSTAT02401_OUT
weekly,KOSDAQ150,institution,067160,SOOP,39527,34450,-5077,1441230775,1259000700,-182230075,KRX MDCSTAT02401_OUT
weekly,KOSDAQ150,institution,278280,천보,23233,17115,-6118,829191425,625437500,-203753925,KRX MDCSTAT02401_OUT
weekly,KOSDAQ150,institution,466100,클로봇,76741,66875,-9866,1748875300,1539989125,-208886175,KRX MDCSTAT02401_OUT
weekly,KOSDAQ150,institution,399720,가온칩스,21952,15673,-6279,1010264100,740502775,-269761325,KRX MDCSTAT02401_OUT
weekly,KOSDAQ150,institution,089030,테크윙,380945,362477,-18468,19767693300,19423702775,-343990525,KRX MDCSTAT02401_OUT
weekly,KOSDAQ150,institution,015750,성우하이텍,173757,112656,-61101,1012823300,656999805,-355823495,KRX MDCSTAT02401_OUT
weekly,KOSDAQ150,institution,298380,에이비엘바이오,272565,256237,-16328,13595960825,13086448650,-509512175,KRX MDCSTAT02401_OUT
weekly,KOSDAQ150,institution,056190,SFA,218260,196824,-21436,6427794825,5905806400,-521988425,KRX MDCSTAT02401_OUT
weekly,KOSDAQ150,institution,048410,현대바이오,530367,439316,-91051,3681047940,3060304850,-620743090,KRX MDCSTAT02401_OUT
weekly,KOSDAQ150,institution,060250,NHN KCP,97425,47255,-50170,1306386545,639097620,-667288925,KRX MDCSTAT02401_OUT
weekly,KOSDAQ150,institution,263750,펄어비스,193025,168786,-24239,6406798100,5622054325,-784743775,KRX MDCSTAT02401_OUT
weekly,KOSDAQ150,institution,036620,감성코퍼레이션,487491,254323,-233168,1791437305,945507597,-845929708,KRX MDCSTAT02401_OUT
weekly,KOSDAQ150,institution,052400,코나아이,54665,31378,-23287,2072079375,1195452825,-876626550,KRX MDCSTAT02401_OUT
weekly,KOSDAQ150,institution,237690,에스티팜,117294,106200,-11094,10930014550,9953699950,-976314600,KRX MDCSTAT02401_OUT
weekly,KOSDAQ150,institution,035760,CJ ENM,106779,74815,-31964,3957018525,2785716125,-1171302400,KRX MDCSTAT02401_OUT
weekly,KOSDAQ150,institution,033500,동성화인텍,119897,38001,-81896,1889597235,605458760,-1284138475,KRX MDCSTAT02401_OUT
weekly,KOSDAQ150,institution,437730,삼현,120782,84047,-36735,5864802925,4211043975,-1653758950,KRX MDCSTAT02401_OUT
weekly,KOSDAQ150,institution,213420,덕산네오룩스,182140,116432,-65708,5363153775,3452071600,-1911082175,KRX MDCSTAT02401_OUT
weekly,KOSDAQ150,institution,214150,클래시스,172354,107883,-64471,5276650875,3327448600,-1949202275,KRX MDCSTAT02401_OUT
weekly,KOSDAQ150,institution,043260,성호전자,2721414,2598489,-122925,74562060325,72575179975,-1986880350,KRX MDCSTAT02401_OUT
weekly,KOSDAQ150,institution,056080,유진로봇,240859,60312,-180547,2850350195,728227070,-2122123125,KRX MDCSTAT02401_OUT
weekly,KOSDAQ150,institution,032820,우리기술,538525,364330,-174195,6703149940,4543662330,-2159487610,KRX MDCSTAT02401_OUT
weekly,KOSDAQ150,institution,293490,카카오게임즈,676358,436314,-240044,6545047855,4245628585,-2299419270,KRX MDCSTAT02401_OUT
weekly,KOSDAQ150,institution,041510,에스엠,177456,147461,-29995,14217620600,11796304150,-2421316450,KRX MDCSTAT02401_OUT
weekly,KOSDAQ150,institution,124500,아이티센글로벌,131611,41343,-90268,3788966225,1201432900,-2587533325,KRX MDCSTAT02401_OUT
weekly,KOSDAQ150,institution,089970,브이엠,917310,855295,-62015,58955478100,56115286800,-2840191300,KRX MDCSTAT02401_OUT
weekly,KOSDAQ150,institution,058610,에스피지,87066,55702,-31364,8591789700,5562048750,-3029740950,KRX MDCSTAT02401_OUT
weekly,KOSDAQ150,institution,328130,루닛,665560,372376,-293184,7354352320,4263181415,-3091170905,KRX MDCSTAT02401_OUT
weekly,KOSDAQ150,institution,122870,와이지엔터테인먼트,233851,152129,-81722,9885550275,6434437450,-3451112825,KRX MDCSTAT02401_OUT
weekly,KOSDAQ150,institution,108490,로보티즈,128735,110023,-18712,36923283250,32745823500,-4177459750,KRX MDCSTAT02401_OUT
weekly,KOSDAQ150,institution,183300,코미코,633019,504511,-128508,20886267425,16670837550,-4215429875,KRX MDCSTAT02401_OUT
weekly,KOSDAQ150,institution,257720,실리콘투,646636,528427,-118209,24747185400,20333516600,-4413668800,KRX MDCSTAT02401_OUT
weekly,KOSDAQ150,institution,014620,성광벤드,266753,121549,-145204,8227748300,3744970625,-4482777675,KRX MDCSTAT02401_OUT
weekly,KOSDAQ150,institution,420770,기가비스,137880,97129,-40751,17325648350,12411334750,-4914313600,KRX MDCSTAT02401_OUT
weekly,KOSDAQ150,institution,087010,펩트론,150971,108109,-42862,20138186250,14738991100,-5399195150,KRX MDCSTAT02401_OUT
weekly,KOSDAQ150,institution,475830,오름테라퓨틱,369951,60113,-309838,8109363825,1375011975,-6734351850,KRX MDCSTAT02401_OUT
weekly,KOSDAQ150,institution,060370,LS마린솔루션,298061,73050,-225011,9598463075,2368942875,-7229520200,KRX MDCSTAT02401_OUT
weekly,KOSDAQ150,institution,083650,비에이치아이,222747,83532,-139215,13190986150,5004062550,-8186923600,KRX MDCSTAT02401_OUT
weekly,KOSDAQ150,institution,068760,셀트리온제약,302475,82960,-219515,11690145175,3243396825,-8446748350,KRX MDCSTAT02401_OUT
weekly,KOSDAQ150,institution,031980,피에스케이홀딩스,249720,190967,-58753,45750001450,34670074950,-11079926500,KRX MDCSTAT02401_OUT
weekly,KOSDAQ150,institution,241710,코스메카코리아,288107,190903,-97204,33824817500,22314762700,-11510054800,KRX MDCSTAT02401_OUT
weekly,KOSDAQ150,institution,028300,HLB,1217272,831104,-386168,51291872400,33972631775,-17319240625,KRX MDCSTAT02401_OUT
weekly,KOSDAQ150,institution,222800,심텍,870586,613318,-257268,134330907150,95575997550,-38754909600,KRX MDCSTAT02401_OUT
weekly,KOSDAQ150,institution,036540,SFA반도체,7257825,3399273,-3858552,78935386030,37474430130,-41460955900,KRX MDCSTAT02401_OUT
weekly,KOSDAQ150,institution,214450,파마리서치,213755,60404,-153351,66516681250,18975329000,-47541352250,KRX MDCSTAT02401_OUT
recent2,KOSPI200,foreign,316140,우리금융지주,6194990,24492614,18297624,206708113342,817102256487,610394143145,KRX MDCSTAT02401_OUT
recent2,KOSPI200,foreign,009150,삼성전기,271054,476872,205818,415420967000,740289045000,324868078000,KRX MDCSTAT02401_OUT
recent2,KOSPI200,foreign,096770,SK이노베이션,573788,1054964,481176,82943935050,154784317250,71840382200,KRX MDCSTAT02401_OUT
recent2,KOSPI200,foreign,010950,S-Oil,280682,442792,162110,43958578350,70401885200,26443306850,KRX MDCSTAT02401_OUT
recent2,KOSPI200,foreign,011070,LG이노텍,147651,183483,35832,83751832000,104467264500,20715432500,KRX MDCSTAT02401_OUT
recent2,KOSPI200,foreign,064400,LG씨엔에스,92232,361759,269527,6498947500,25488284200,18989336700,KRX MDCSTAT02401_OUT
recent2,KOSPI200,foreign,267260,HD현대일렉트릭,149141,176655,27514,99448462500,117880733000,18432270500,KRX MDCSTAT02401_OUT
recent2,KOSPI200,foreign,017670,SK텔레콤,341701,533936,192235,29778477300,46455127850,16676650550,KRX MDCSTAT02401_OUT
recent2,KOSPI200,foreign,454910,두산로보틱스,96011,283706,187695,6865735200,20273700550,13407965350,KRX MDCSTAT02401_OUT
recent2,KOSPI200,foreign,047810,한국항공우주,135200,236665,101465,17411988750,30756136950,13344148200,KRX MDCSTAT02401_OUT
recent2,KOSPI200,foreign,028260,삼성물산,186150,225009,38859,63902630250,77185000250,13282370000,KRX MDCSTAT02401_OUT
recent2,KOSPI200,foreign,009830,한화솔루션,1731878,2078394,346516,59840431450,72665497675,12825066225,KRX MDCSTAT02401_OUT
recent2,KOSPI200,foreign,042700,한미반도체,445050,487382,42332,119734329500,131183635000,11449305500,KRX MDCSTAT02401_OUT
recent2,KOSPI200,foreign,071050,한국금융지주,113896,172578,58682,20372488750,30876294150,10503805400,KRX MDCSTAT02401_OUT
recent2,KOSPI200,foreign,278470,에이피알,139518,167419,27901,51084709250,61406666500,10321957250,KRX MDCSTAT02401_OUT
recent2,KOSPI200,foreign,010120,LS ELECTRIC,168419,215979,47560,34315083850,44557191050,10242107200,KRX MDCSTAT02401_OUT
recent2,KOSPI200,foreign,011200,HMM,568159,1017037,448878,12023881175,21598087750,9574206575,KRX MDCSTAT02401_OUT
recent2,KOSPI200,foreign,007660,이수페타시스,429159,509168,80009,51727619550,61193630900,9466011350,KRX MDCSTAT02401_OUT
recent2,KOSPI200,foreign,079550,LIG디펜스앤에어로스페이스,53675,66832,13157,39638224000,49016091500,9377867500,KRX MDCSTAT02401_OUT
recent2,KOSPI200,foreign,082740,한화엔진,287509,472333,184824,13944336800,22888015675,8943678875,KRX MDCSTAT02401_OUT
recent2,KOSPI200,foreign,003670,포스코퓨처엠,91443,139298,47855,16756104700,25612558500,8856453800,KRX MDCSTAT02401_OUT
recent2,KOSPI200,foreign,0126Z0,삼성에피스홀딩스,38882,63079,24197,14331441250,23179743000,8848301750,KRX MDCSTAT02401_OUT
recent2,KOSPI200,foreign,004170,신세계,38192,62915,24723,12613088750,20774400750,8161312000,KRX MDCSTAT02401_OUT
recent2,KOSPI200,foreign,450080,에코프로머티,160649,360081,199432,5992091675,13347472000,7355380325,KRX MDCSTAT02401_OUT
recent2,KOSPI200,foreign,329180,HD현대중공업,102431,116920,14489,43768341000,49911475500,6143134500,KRX MDCSTAT02401_OUT
recent2,KOSPI200,foreign,005830,DB손해보험,285658,318367,32709,51774726050,57695029250,5920303200,KRX MDCSTAT02401_OUT
recent2,KOSPI200,foreign,093370,후성,3305741,3651140,345399,51794433655,57615975675,5821542020,KRX MDCSTAT02401_OUT
recent2,KOSPI200,foreign,001450,현대해상,326581,444512,117931,15468951050,21050676550,5581725500,KRX MDCSTAT02401_OUT
recent2,KOSPI200,foreign,028670,팬오션,2418203,3282596,864393,14491429500,19891346380,5399916880,KRX MDCSTAT02401_OUT
recent2,KOSPI200,foreign,051900,LG생활건강,56823,76539,19716,15403344500,20701487000,5298142500,KRX MDCSTAT02401_OUT
recent2,KOSPI200,foreign,373220,LG에너지솔루션,118323,132710,14387,43011142000,48282715000,5271573000,KRX MDCSTAT02401_OUT
recent2,KOSPI200,foreign,078930,GS,351375,401878,50503,36587760650,41692743000,5104982350,KRX MDCSTAT02401_OUT
recent2,KOSPI200,foreign,272210,한화시스템,561809,624970,63161,44637990900,49650505900,5012515000,KRX MDCSTAT02401_OUT
recent2,KOSPI200,foreign,307950,현대오토에버,21313,34330,13017,8008954500,12939307750,4930353250,KRX MDCSTAT02401_OUT
recent2,KOSPI200,foreign,001440,대한전선,1101401,1241361,139960,33397852600,38276566000,4878713400,KRX MDCSTAT02401_OUT
recent2,KOSPI200,foreign,086280,현대글로비스,97935,121954,24019,19471732850,24243330300,4771597450,KRX MDCSTAT02401_OUT
recent2,KOSPI200,foreign,023530,롯데쇼핑,44101,91230,47129,4447950400,9198796650,4750846250,KRX MDCSTAT02401_OUT
recent2,KOSPI200,foreign,018260,삼성에스디에스,83506,104817,21311,18343739750,23056006000,4712266250,KRX MDCSTAT02401_OUT
recent2,KOSPI200,foreign,443060,HD현대마린솔루션,50076,67379,17303,11693436000,15727338500,4033902500,KRX MDCSTAT02401_OUT
recent2,KOSPI200,foreign,267270,HD건설기계,175511,209455,33944,20947504750,24830214050,3882709300,KRX MDCSTAT02401_OUT
recent2,KOSPI200,foreign,259960,크래프톤,51699,70043,18344,10237657650,13893269100,3655611450,KRX MDCSTAT02401_OUT
recent2,KOSPI200,foreign,034220,LG디스플레이,2291708,2665232,373524,19472078875,22632590415,3160511540,KRX MDCSTAT02401_OUT
recent2,KOSPI200,foreign,103140,풍산,38102,76084,37982,2986950200,5975747650,2988797450,KRX MDCSTAT02401_OUT
recent2,KOSPI200,foreign,006400,삼성SDI,128271,132169,3898,66587440500,68853826500,2266386000,KRX MDCSTAT02401_OUT
recent2,KOSPI200,foreign,120110,코오롱인더,49269,85795,36526,2715659450,4752050000,2036390550,KRX MDCSTAT02401_OUT
recent2,KOSPI200,foreign,007340,DN오토모티브,89558,130046,40488,4457506200,6485418350,2027912150,KRX MDCSTAT02401_OUT
recent2,KOSPI200,foreign,026960,동서,75468,146410,70942,1996772250,3985028050,1988255800,KRX MDCSTAT02401_OUT
recent2,KOSPI200,foreign,251270,넷마블,200833,256128,55295,7029740400,8973139375,1943398975,KRX MDCSTAT02401_OUT
recent2,KOSPI200,foreign,022100,포스코DX,179592,263893,84301,3691865195,5423099340,1731234145,KRX MDCSTAT02401_OUT
recent2,KOSPI200,foreign,361610,SK아이이테크놀로지,371784,463179,91395,6201734180,7929531540,1727797360,KRX MDCSTAT02401_OUT
recent2,KOSPI200,foreign,032830,삼성생명,177624,183838,6214,50323721250,52037788500,1714067250,KRX MDCSTAT02401_OUT
recent2,KOSPI200,foreign,161390,한국타이어앤테크놀로지,175545,203809,28264,10376771700,12003942300,1627170600,KRX MDCSTAT02401_OUT
recent2,KOSPI200,foreign,073240,금호타이어,276050,505088,229038,1885552765,3457984995,1572432230,KRX MDCSTAT02401_OUT
recent2,KOSPI200,foreign,062040,산일전기,221638,223945,2307,47713524500,49154008500,1440484000,KRX MDCSTAT02401_OUT
recent2,KOSPI200,foreign,036460,한국가스공사,105517,144808,39291,3746424075,5133345000,1386920925,KRX MDCSTAT02401_OUT
recent2,KOSPI200,foreign,008930,한미사이언스,92520,117066,24546,4953764350,6291039650,1337275300,KRX MDCSTAT02401_OUT
recent2,KOSPI200,foreign,000880,한화,68800,79209,10409,8670138750,10007029900,1336891150,KRX MDCSTAT02401_OUT
recent2,KOSPI200,foreign,051910,LG화학,160497,165772,5275,41291798000,42616424500,1324626500,KRX MDCSTAT02401_OUT
recent2,KOSPI200,foreign,006800,미래에셋증권,552799,592923,40124,17329569825,18622307775,1292737950,KRX MDCSTAT02401_OUT
recent2,KOSPI200,foreign,204320,HL만도,102768,129932,27164,4780123200,6054007575,1273884375,KRX MDCSTAT02401_OUT
recent2,KOSPI200,foreign,039490,키움증권,97460,101256,3796,25054768750,26065970250,1011201500,KRX MDCSTAT02401_OUT
recent2,KOSPI200,foreign,052690,한전기술,130960,138879,7919,16544843000,17510475500,965632500,KRX MDCSTAT02401_OUT
recent2,KOSPI200,foreign,002380,KCC,9867,11821,1954,4630096250,5547150250,917054000,KRX MDCSTAT02401_OUT
recent2,KOSPI200,foreign,375500,DL이앤씨,218488,230579,12091,16513358650,17428175600,914816950,KRX MDCSTAT02401_OUT
recent2,KOSPI200,foreign,000100,유한양행,124343,133980,9637,9210034450,9927033900,716999450,KRX MDCSTAT02401_OUT
recent2,KOSPI200,foreign,010130,고려아연,5855,6510,655,6271542500,6973399500,701857000,KRX MDCSTAT02401_OUT
recent2,KOSPI200,foreign,005420,코스모화학,66577,126954,60377,716980620,1369439595,652458975,KRX MDCSTAT02401_OUT
recent2,KOSPI200,foreign,302440,SK바이오사이언스,36084,52998,16914,1316599525,1941898225,625298700,KRX MDCSTAT02401_OUT
recent2,KOSPI200,foreign,012750,에스원,67438,73102,5664,5605509150,6078339400,472830250,KRX MDCSTAT02401_OUT
recent2,KOSPI200,foreign,298020,효성티앤씨,17248,18984,1736,4738871250,5189347000,450475750,KRX MDCSTAT02401_OUT
recent2,KOSPI200,foreign,137310,에스디바이오센서,54474,124770,70296,341270205,780915315,439645110,KRX MDCSTAT02401_OUT
recent2,KOSPI200,foreign,483650,달바글로벌,44303,46675,2372,8153024050,8574747200,421723150,KRX MDCSTAT02401_OUT
recent2,KOSPI200,foreign,002790,아모레퍼시픽홀딩스,113749,130131,16382,2879485650,3284097900,404612250,KRX MDCSTAT02401_OUT
recent2,KOSPI200,foreign,006280,녹십자,19821,22651,2830,2521178350,2895326750,374148400,KRX MDCSTAT02401_OUT
recent2,KOSPI200,foreign,051600,한전KPS,85314,92780,7466,3761238300,4119902450,358664150,KRX MDCSTAT02401_OUT
recent2,KOSPI200,foreign,285130,SK케미칼,20377,26439,6062,1044303700,1354046600,309742900,KRX MDCSTAT02401_OUT
recent2,KOSPI200,foreign,282330,BGF리테일,42279,44156,1877,5405479350,5650623850,245144500,KRX MDCSTAT02401_OUT
recent2,KOSPI200,foreign,377300,카카오페이,46763,52531,5768,1864998250,2098839300,233841050,KRX MDCSTAT02401_OUT
recent2,KOSPI200,foreign,280360,롯데웰푸드,8022,9934,1912,969876800,1191499800,221623000,KRX MDCSTAT02401_OUT
recent2,KOSPI200,foreign,011780,금호석유화학,43901,45752,1851,5088652550,5302844300,214191750,KRX MDCSTAT02401_OUT
recent2,KOSPI200,foreign,018880,한온시스템,9312929,9365024,52095,34693200388,34895288027,202087639,KRX MDCSTAT02401_OUT
recent2,KOSPI200,foreign,071320,지역난방공사,5934,8310,2376,465790100,654924650,189134550,KRX MDCSTAT02401_OUT
recent2,KOSPI200,foreign,000670,영풍,23064,26310,3246,931581225,1062704525,131123300,KRX MDCSTAT02401_OUT
recent2,KOSPI200,foreign,008730,율촌화학,45195,53976,8781,659082470,787926460,128843990,KRX MDCSTAT02401_OUT
recent2,KOSPI200,foreign,005940,NH투자증권,279884,284975,5091,7410847650,7531018525,120170875,KRX MDCSTAT02401_OUT
recent2,KOSPI200,foreign,011170,롯데케미칼,98219,99829,1610,5938684350,6020870600,82186250,KRX MDCSTAT02401_OUT
recent2,KOSPI200,foreign,014820,동원시스템즈,11106,14966,3860,234526825,316564100,82037275,KRX MDCSTAT02401_OUT
recent2,KOSPI200,foreign,128940,한미약품,44663,44640,-23,22437111500,22515459500,78348000,KRX MDCSTAT02401_OUT
recent2,KOSPI200,foreign,005850,에스엘,62586,63995,1409,3247903400,3316537850,68634450,KRX MDCSTAT02401_OUT
recent2,KOSPI200,foreign,298050,HS효성첨단소재,4477,4894,417,721484900,789879000,68394100,KRX MDCSTAT02401_OUT
recent2,KOSPI200,foreign,000240,한국앤컴퍼니,29950,32248,2298,754213125,813103550,58890425,KRX MDCSTAT02401_OUT
recent2,KOSPI200,foreign,007070,GS리테일,89827,91753,1926,1984366150,2027048475,42682325,KRX MDCSTAT02401_OUT
recent2,KOSPI200,foreign,071970,HD현대마린엔진,72342,72828,486,3492455950,3530705850,38249900,KRX MDCSTAT02401_OUT
recent2,KOSPI200,foreign,352820,하이브,112515,112583,68,17462704350,17491461950,28757600,KRX MDCSTAT02401_OUT
recent2,KOSPI200,foreign,002030,아세아,939,1069,130,190888450,216246200,25357750,KRX MDCSTAT02401_OUT
recent2,KOSPI200,foreign,192080,더블유게임즈,23322,23208,-114,1355735100,1350070350,-5664750,KRX MDCSTAT02401_OUT
recent2,KOSPI200,foreign,268280,미원에스씨,437,357,-80,55530550,45214300,-10316250,KRX MDCSTAT02401_OUT
recent2,KOSPI200,foreign,007700,F&F홀딩스,4347,765,-3582,58027640,10208390,-47819250,KRX MDCSTAT02401_OUT
recent2,KOSPI200,foreign,002840,미원상사,1276,896,-380,171651150,120510100,-51141050,KRX MDCSTAT02401_OUT
recent2,KOSPI200,foreign,300720,한일시멘트,26679,23320,-3359,429394875,375309370,-54085505,KRX MDCSTAT02401_OUT
recent2,KOSPI200,foreign,006040,동원산업,20606,18914,-1692,726455875,666773700,-59682175,KRX MDCSTAT02401_OUT
recent2,KOSPI200,foreign,069620,대웅제약,15462,14321,-1141,1673945650,1552809950,-121135700,KRX MDCSTAT02401_OUT
recent2,KOSPI200,foreign,003090,대웅,77129,68020,-9109,1186343580,1050122700,-136220880,KRX MDCSTAT02401_OUT
recent2,KOSPI200,foreign,000210,DL,27665,24777,-2888,1349657500,1207946100,-141711400,KRX MDCSTAT02401_OUT
recent2,KOSPI200,foreign,185750,종근당,16220,13872,-2348,1051910150,899100750,-152809400,KRX MDCSTAT02401_OUT
recent2,KOSPI200,foreign,000080,하이트진로,47754,37207,-10547,706606020,552456745,-154149275,KRX MDCSTAT02401_OUT
recent2,KOSPI200,foreign,069260,TKG휴켐스,42516,32640,-9876,671806390,517134925,-154671465,KRX MDCSTAT02401_OUT
recent2,KOSPI200,foreign,069960,현대백화점,61353,59339,-2014,5434193950,5262603300,-171590650,KRX MDCSTAT02401_OUT
recent2,KOSPI200,foreign,034230,파라다이스,194540,165666,-28874,1816802070,1550551465,-266250605,KRX MDCSTAT02401_OUT
recent2,KOSPI200,foreign,003240,태광산업,1068,761,-307,954672000,681181000,-273491000,KRX MDCSTAT02401_OUT
recent2,KOSPI200,foreign,271560,오리온,88492,85515,-2977,9334909900,9013563700,-321346200,KRX MDCSTAT02401_OUT
recent2,KOSPI200,foreign,007310,오뚜기,2381,1335,-1046,749605500,420208500,-329397000,KRX MDCSTAT02401_OUT
recent2,KOSPI200,foreign,001800,오리온홀딩스,54199,39789,-14410,1245843275,916254800,-329588475,KRX MDCSTAT02401_OUT
recent2,KOSPI200,foreign,011210,현대위아,57396,50571,-6825,3017529150,2661836000,-355693150,KRX MDCSTAT02401_OUT
recent2,KOSPI200,foreign,005300,롯데칠성,14778,10860,-3918,1401993650,1030582400,-371411250,KRX MDCSTAT02401_OUT
recent2,KOSPI200,foreign,009970,영원무역홀딩스,9580,7092,-2488,1544170100,1142902400,-401267700,KRX MDCSTAT02401_OUT
recent2,KOSPI200,foreign,004000,롯데정밀화학,28929,18659,-10270,1233979625,796087700,-437891925,KRX MDCSTAT02401_OUT
recent2,KOSPI200,foreign,138930,BNK금융지주,646624,617039,-29585,10272843885,9808893220,-463950665,KRX MDCSTAT02401_OUT
recent2,KOSPI200,foreign,009240,한샘,23477,11496,-11981,917808775,450185200,-467623575,KRX MDCSTAT02401_OUT
recent2,KOSPI200,foreign,030200,KT,113365,103838,-9527,5882816380,5390644680,-492171700,KRX MDCSTAT02401_OUT
recent2,KOSPI200,foreign,001680,대상,59038,30642,-28396,1046831670,543757415,-503074255,KRX MDCSTAT02401_OUT
recent2,KOSPI200,foreign,017800,현대엘리베이터,95078,86881,-8197,6875333450,6287779350,-587554100,KRX MDCSTAT02401_OUT
recent2,KOSPI200,foreign,017960,한국카본,90211,60519,-29692,1838674775,1232702630,-605972145,KRX MDCSTAT02401_OUT
recent2,KOSPI200,foreign,004020,현대제철,385508,363337,-22171,11629451525,10955021350,-674430175,KRX MDCSTAT02401_OUT
recent2,KOSPI200,foreign,180640,한진칼,38456,32936,-5520,5071819600,4342773950,-729045650,KRX MDCSTAT02401_OUT
recent2,KOSPI200,foreign,097950,CJ제일제당,28662,24532,-4130,5104707600,4373004300,-731703300,KRX MDCSTAT02401_OUT
recent2,KOSPI200,foreign,175330,JB금융지주,378419,353292,-25127,10858535625,10111511800,-747023825,KRX MDCSTAT02401_OUT
recent2,KOSPI200,foreign,066970,엘앤에프,170572,162914,-7658,19193476050,18388466250,-805009800,KRX MDCSTAT02401_OUT
recent2,KOSPI200,foreign,088350,한화생명,1462295,1311678,-150617,7705541675,6894764545,-810777130,KRX MDCSTAT02401_OUT
recent2,KOSPI200,foreign,006650,대한유화,31159,21829,-9330,2800599000,1958005550,-842593450,KRX MDCSTAT02401_OUT
recent2,KOSPI200,foreign,241560,두산밥캣,192039,175481,-16558,10503847900,9595661900,-908186000,KRX MDCSTAT02401_OUT
recent2,KOSPI200,foreign,029780,삼성카드,56759,30693,-26066,2370580250,1282430125,-1088150125,KRX MDCSTAT02401_OUT
recent2,KOSPI200,foreign,004990,롯데지주,75545,28913,-46632,1791887325,686781150,-1105106175,KRX MDCSTAT02401_OUT
recent2,KOSPI200,foreign,111770,영원무역,48178,31684,-16494,3257207150,2142895250,-1114311900,KRX MDCSTAT02401_OUT
recent2,KOSPI200,foreign,000120,CJ대한통운,37112,20784,-16328,2586577400,1451865700,-1134711700,KRX MDCSTAT02401_OUT
recent2,KOSPI200,foreign,139480,이마트,65293,48390,-16903,4640925600,3457227750,-1183697850,KRX MDCSTAT02401_OUT
recent2,KOSPI200,foreign,008770,호텔신라,184242,144626,-39616,7199430325,5658608725,-1540821600,KRX MDCSTAT02401_OUT
recent2,KOSPI200,foreign,035250,강원랜드,174738,65824,-108914,2492859550,939747950,-1553111600,KRX MDCSTAT02401_OUT
recent2,KOSPI200,foreign,016360,삼성증권,214957,197435,-17522,19285729200,17720064800,-1565664400,KRX MDCSTAT02401_OUT
recent2,KOSPI200,foreign,009540,HD한국조선해양,116481,111665,-4816,37729745000,36161466500,-1568278500,KRX MDCSTAT02401_OUT
recent2,KOSPI200,foreign,010140,삼성중공업,1189250,1098574,-90676,23439886180,21700081295,-1739804885,KRX MDCSTAT02401_OUT
recent2,KOSPI200,foreign,086790,하나금융지주,654548,637709,-16839,84346168640,82178188740,-2167979900,KRX MDCSTAT02401_OUT
recent2,KOSPI200,foreign,090430,아모레퍼시픽,148720,132127,-16593,19848695130,17650641680,-2198053450,KRX MDCSTAT02401_OUT
recent2,KOSPI200,foreign,081660,미스토홀딩스,135455,77615,-57840,5161519375,2932089750,-2229429625,KRX MDCSTAT02401_OUT
recent2,KOSPI200,foreign,032640,LG유플러스,686503,529573,-156930,9959909715,7684784735,-2275124980,KRX MDCSTAT02401_OUT
recent2,KOSPI200,foreign,326030,SK바이오팜,105961,75525,-30436,8017700150,5721714900,-2295985250,KRX MDCSTAT02401_OUT
recent2,KOSPI200,foreign,112610,씨에스윈드,297782,256967,-40815,16158916350,13839610500,-2319305850,KRX MDCSTAT02401_OUT
recent2,KOSPI200,foreign,003550,LG,141881,120153,-21728,15552175500,13179555350,-2372620150,KRX MDCSTAT02401_OUT
recent2,KOSPI200,foreign,064350,현대로템,499764,476405,-23359,56639149950,54168555650,-2470594300,KRX MDCSTAT02401_OUT
recent2,KOSPI200,foreign,003030,세아제강지주,40673,18168,-22505,4573328500,2040880950,-2532447550,KRX MDCSTAT02401_OUT
recent2,KOSPI200,foreign,012450,한화에어로스페이스,98813,96245,-2568,103315884258,100638474258,-2677410000,KRX MDCSTAT02401_OUT
recent2,KOSPI200,foreign,030000,제일기획,338199,192808,-145391,6352883665,3632845360,-2720038305,KRX MDCSTAT02401_OUT
recent2,KOSPI200,foreign,001040,CJ,57346,36037,-21309,7532628950,4732766200,-2799862750,KRX MDCSTAT02401_OUT
recent2,KOSPI200,foreign,000810,삼성화재,45018,40229,-4789,28128576000,25143135500,-2985440500,KRX MDCSTAT02401_OUT
recent2,KOSPI200,foreign,000270,기아,916298,887281,-29017,103293912250,99993751850,-3300160400,KRX MDCSTAT02401_OUT
recent2,KOSPI200,foreign,001430,세아베스틸지주,117875,43881,-73994,5474192575,2034145600,-3440046975,KRX MDCSTAT02401_OUT
recent2,KOSPI200,foreign,004370,농심,23513,14850,-8663,9462162140,5974991140,-3487171000,KRX MDCSTAT02401_OUT
recent2,KOSPI200,foreign,068270,셀트리온,313896,294306,-19590,57246372600,53657049700,-3589322900,KRX MDCSTAT02401_OUT
recent2,KOSPI200,foreign,021240,코웨이,146811,110695,-36116,14742561200,11084728150,-3657833050,KRX MDCSTAT02401_OUT
recent2,KOSPI200,foreign,009420,한올바이오파마,238151,147952,-90199,11108971425,6929346975,-4179624450,KRX MDCSTAT02401_OUT
recent2,KOSPI200,foreign,139130,iM금융지주,435509,207758,-227751,8014088390,3819746530,-4194341860,KRX MDCSTAT02401_OUT
recent2,KOSPI200,foreign,192820,코스맥스,95164,79544,-15620,25784529250,21503134500,-4281394750,KRX MDCSTAT02401_OUT
recent2,KOSPI200,foreign,034730,SK,78441,70385,-8056,45483095500,40779825500,-4703270000,KRX MDCSTAT02401_OUT
recent2,KOSPI200,foreign,000150,두산,61671,58012,-3659,82624656000,77764633000,-4860023000,KRX MDCSTAT02401_OUT
recent2,KOSPI200,foreign,003230,삼양식품,20515,16303,-4212,25029433500,19914351500,-5115082000,KRX MDCSTAT02401_OUT
recent2,KOSPI200,foreign,042660,한화오션,386142,308275,-77867,30161224150,24116063950,-6045160200,KRX MDCSTAT02401_OUT
recent2,KOSPI200,foreign,015760,한국전력,422901,175488,-247413,12685490850,5277921425,-7407569425,KRX MDCSTAT02401_OUT
recent2,KOSPI200,foreign,035720,카카오,692996,465214,-227782,23110606825,15534906475,-7575700350,KRX MDCSTAT02401_OUT
recent2,KOSPI200,foreign,267250,HD현대,171234,131112,-40122,34030091000,26102620250,-7927470750,KRX MDCSTAT02401_OUT
recent2,KOSPI200,foreign,028050,삼성E&A,973954,803642,-170312,46178510375,38145529900,-8032980475,KRX MDCSTAT02401_OUT
recent2,KOSPI200,foreign,006260,LS,105239,77644,-27595,31211115250,23067267000,-8143848250,KRX MDCSTAT02401_OUT
recent2,KOSPI200,foreign,000720,현대건설,433286,361968,-71318,50020422500,41791324700,-8229097800,KRX MDCSTAT02401_OUT
recent2,KOSPI200,foreign,138040,메리츠금융지주,133678,61753,-71925,17073145700,7865709400,-9207436300,KRX MDCSTAT02401_OUT
recent2,KOSPI200,foreign,000990,DB하이텍,302122,233822,-68300,42522669900,32929862950,-9592806950,KRX MDCSTAT02401_OUT
recent2,KOSPI200,foreign,457190,이수스페셜티케미컬,244376,114838,-129538,19156502900,9018894850,-10137608050,KRX MDCSTAT02401_OUT
recent2,KOSPI200,foreign,024110,기업은행,926977,410925,-516052,18678089875,8278691175,-10399398700,KRX MDCSTAT02401_OUT
recent2,KOSPI200,foreign,323410,카카오뱅크,870750,325159,-545591,17182812550,6412953380,-10769859170,KRX MDCSTAT02401_OUT
recent2,KOSPI200,foreign,010060,OCI홀딩스,190453,140776,-49677,43651821750,32425361000,-11226460750,KRX MDCSTAT02401_OUT
recent2,KOSPI200,foreign,047040,대우건설,2139392,1495731,-643661,37875448685,26462979565,-11412469120,KRX MDCSTAT02401_OUT
recent2,KOSPI200,foreign,011790,SKC,478442,352699,-125743,50419377350,37553667100,-12865710250,KRX MDCSTAT02401_OUT
recent2,KOSPI200,foreign,298040,효성중공업,30473,25633,-4840,84378450500,71206060000,-13172390500,KRX MDCSTAT02401_OUT
recent2,KOSPI200,foreign,003490,대한항공,945617,519918,-425699,29205089075,15962914725,-13242174350,KRX MDCSTAT02401_OUT
recent2,KOSPI200,foreign,047050,포스코인터내셔널,580979,306025,-274954,32452426700,17228547150,-15223879550,KRX MDCSTAT02401_OUT
recent2,KOSPI200,foreign,161890,한국콜마,435595,321009,-114586,61010875650,45251979450,-15758896200,KRX MDCSTAT02401_OUT
recent2,KOSPI200,foreign,033780,KT&G,190306,81065,-109241,33467998650,14251496500,-19216502150,KRX MDCSTAT02401_OUT
recent2,KOSPI200,foreign,066570,LG전자,311274,205897,-105377,65692056750,43805919750,-21886137000,KRX MDCSTAT02401_OUT
recent2,KOSPI200,foreign,014680,한솔케미칼,117735,32178,-85557,32180258000,8760442500,-23419815500,KRX MDCSTAT02401_OUT
recent2,KOSPI200,foreign,005490,POSCO홀딩스,157900,65681,-92219,48529886000,20216911750,-28312974250,KRX MDCSTAT02401_OUT
recent2,KOSPI200,foreign,036570,NC,213256,90901,-122355,50120587500,21226920750,-28893666750,KRX MDCSTAT02401_OUT
recent2,KOSPI200,foreign,207940,삼성바이오로직스,62640,40869,-21771,86955068000,57596909000,-29358159000,KRX MDCSTAT02401_OUT
recent2,KOSPI200,foreign,012330,현대모비스,275060,191066,-83994,104730152750,72879385250,-31850767500,KRX MDCSTAT02401_OUT
recent2,KOSPI200,foreign,005380,현대차,348140,236565,-111575,120378869500,81921668500,-38457201000,KRX MDCSTAT02401_OUT
recent2,KOSPI200,foreign,055550,신한지주,1260671,885192,-375479,131704951150,92440716650,-39264234500,KRX MDCSTAT02401_OUT
recent2,KOSPI200,foreign,035420,NAVER,397538,173116,-224422,76184165250,33202566100,-42981599150,KRX MDCSTAT02401_OUT
recent2,KOSPI200,foreign,105560,KB금융,1171506,850411,-321095,195580691900,142067786300,-53512905600,KRX MDCSTAT02401_OUT
recent2,KOSPI200,foreign,402340,SK스퀘어,366819,312912,-53907,418080133000,358126031000,-59954102000,KRX MDCSTAT02401_OUT
recent2,KOSPI200,foreign,034020,두산에너빌리티,1782405,954436,-827969,145677766600,78051865850,-67625900750,KRX MDCSTAT02401_OUT
recent2,KOSPI200,foreign,005930,삼성전자,7215049,6118643,-1096406,1968338124883,1674772188133,-293565936750,KRX MDCSTAT02401_OUT
recent2,KOSPI200,foreign,000660,SK하이닉스,1204708,969302,-235406,2194072372812,1769384507312,-424687865500,KRX MDCSTAT02401_OUT
recent2,KOSPI200,institution,000660,SK하이닉스,1391607,1491907,100300,2526934864000,2716285482000,189350618000,KRX MDCSTAT02401_OUT
recent2,KOSPI200,institution,005930,삼성전자,10668647,11329052,660405,2910800000250,3097329570500,186529570250,KRX MDCSTAT02401_OUT
recent2,KOSPI200,institution,009150,삼성전기,256222,340002,83780,392562452000,522049157000,129486705000,KRX MDCSTAT02401_OUT
recent2,KOSPI200,institution,402340,SK스퀘어,257371,307770,50399,292103526000,350695703000,58592177000,KRX MDCSTAT02401_OUT
recent2,KOSPI200,institution,373220,LG에너지솔루션,84378,207981,123603,30489507250,75513271000,45023763750,KRX MDCSTAT02401_OUT
recent2,KOSPI200,institution,066570,LG전자,126445,339053,212608,26664184250,71588022500,44923838250,KRX MDCSTAT02401_OUT
recent2,KOSPI200,institution,012450,한화에어로스페이스,37428,77917,40489,38809569500,81403065500,42593496000,KRX MDCSTAT02401_OUT
recent2,KOSPI200,institution,036570,NC,94566,273872,179306,22145637250,64473452250,42327815000,KRX MDCSTAT02401_OUT
recent2,KOSPI200,institution,042700,한미반도체,210034,358960,148926,56406829250,96766384500,40359555250,KRX MDCSTAT02401_OUT
recent2,KOSPI200,institution,079550,LIG디펜스앤에어로스페이스,40464,92214,51750,29628612000,67545679500,37917067500,KRX MDCSTAT02401_OUT
recent2,KOSPI200,institution,272210,한화시스템,284414,756720,472306,22435458650,60225781650,37790323000,KRX MDCSTAT02401_OUT
recent2,KOSPI200,institution,316140,우리금융지주,840423,1906509,1066086,27979093375,63667848555,35688755180,KRX MDCSTAT02401_OUT
recent2,KOSPI200,institution,055550,신한지주,494675,778701,284026,51670235400,81459006300,29788770900,KRX MDCSTAT02401_OUT
recent2,KOSPI200,institution,014680,한솔케미칼,15038,121895,106857,4117209750,33354420750,29237211000,KRX MDCSTAT02401_OUT
recent2,KOSPI200,institution,105560,KB금융,448162,608642,160480,74824565000,101629417500,26804852500,KRX MDCSTAT02401_OUT
recent2,KOSPI200,institution,011790,SKC,71197,323330,252133,7486496000,33970375100,26483879100,KRX MDCSTAT02401_OUT
recent2,KOSPI200,institution,006400,삼성SDI,114355,164671,50316,59160510500,85620129500,26459619000,KRX MDCSTAT02401_OUT
recent2,KOSPI200,institution,009830,한화솔루션,647096,1364509,717413,22523793925,47918770675,25394976750,KRX MDCSTAT02401_OUT
recent2,KOSPI200,institution,010060,OCI홀딩스,43513,141847,98334,9818206750,32891704500,23073497750,KRX MDCSTAT02401_OUT
recent2,KOSPI200,institution,112610,씨에스윈드,63914,405661,341747,3474623750,22007316500,18532692750,KRX MDCSTAT02401_OUT
recent2,KOSPI200,institution,007660,이수페타시스,204020,354088,150068,24570728750,42699389550,18128660800,KRX MDCSTAT02401_OUT
recent2,KOSPI200,institution,062040,산일전기,102138,163988,61850,22232513250,35740841500,13508328250,KRX MDCSTAT02401_OUT
recent2,KOSPI200,institution,068270,셀트리온,146946,218383,71437,26774234000,39858755500,13084521500,KRX MDCSTAT02401_OUT
recent2,KOSPI200,institution,018880,한온시스템,1685976,5079473,3393497,6268193785,19061266702,12793072917,KRX MDCSTAT02401_OUT
recent2,KOSPI200,institution,138040,메리츠금융지주,42522,133943,91421,5422643150,17115748200,11693105050,KRX MDCSTAT02401_OUT
recent2,KOSPI200,institution,093370,후성,406856,1105145,698289,6388950865,17574649775,11185698910,KRX MDCSTAT02401_OUT
recent2,KOSPI200,institution,028670,팬오션,535129,2321365,1786236,3214124265,14061911975,10847787710,KRX MDCSTAT02401_OUT
recent2,KOSPI200,institution,012330,현대모비스,224954,252063,27109,85544213250,96113123500,10568910250,KRX MDCSTAT02401_OUT
recent2,KOSPI200,institution,051910,LG화학,67516,100920,33404,17350077000,26051211250,8701134250,KRX MDCSTAT02401_OUT
recent2,KOSPI200,institution,016360,삼성증권,60110,139017,78907,5365016150,12463141450,7098125300,KRX MDCSTAT02401_OUT
recent2,KOSPI200,institution,192820,코스맥스,51186,76165,24979,13815428250,20676239500,6860811250,KRX MDCSTAT02401_OUT
recent2,KOSPI200,institution,000990,DB하이텍,86459,131562,45103,12151770300,18584711600,6432941300,KRX MDCSTAT02401_OUT
recent2,KOSPI200,institution,032830,삼성생명,96990,118946,21956,27397809500,33700929750,6303120250,KRX MDCSTAT02401_OUT
recent2,KOSPI200,institution,047810,한국항공우주,72140,119444,47304,9326355100,15492239550,6165884450,KRX MDCSTAT02401_OUT
recent2,KOSPI200,institution,005940,NH투자증권,153903,385151,231248,4047280250,10196756125,6149475875,KRX MDCSTAT02401_OUT
recent2,KOSPI200,institution,001440,대한전선,241748,421081,179333,7323429200,12925594925,5602165725,KRX MDCSTAT02401_OUT
recent2,KOSPI200,institution,047050,포스코인터내셔널,118379,212072,93693,6587606750,11844116650,5256509900,KRX MDCSTAT02401_OUT
recent2,KOSPI200,institution,006800,미래에셋증권,235387,401086,165699,7363254225,12575338075,5212083850,KRX MDCSTAT02401_OUT
recent2,KOSPI200,institution,139130,iM금융지주,93804,371131,277327,1724983390,6844144930,5119161540,KRX MDCSTAT02401_OUT
recent2,KOSPI200,institution,001430,세아베스틸지주,38763,123073,84310,1799633625,5735482450,3935848825,KRX MDCSTAT02401_OUT
recent2,KOSPI200,institution,033780,KT&G,82388,103188,20800,14471970550,18159236050,3687265500,KRX MDCSTAT02401_OUT
recent2,KOSPI200,institution,323410,카카오뱅크,148472,329644,181172,2932564395,6504856335,3572291940,KRX MDCSTAT02401_OUT
recent2,KOSPI200,institution,021240,코웨이,41285,76293,35008,4119939000,7667147400,3547208400,KRX MDCSTAT02401_OUT
recent2,KOSPI200,institution,003670,포스코퓨처엠,139441,158637,19196,25547556500,29026299650,3478743150,KRX MDCSTAT02401_OUT
recent2,KOSPI200,institution,004370,농심,5970,13423,7453,2399406500,5408200000,3008793500,KRX MDCSTAT02401_OUT
recent2,KOSPI200,institution,005850,에스엘,18717,76015,57298,969236550,3950167550,2980931000,KRX MDCSTAT02401_OUT
recent2,KOSPI200,institution,001040,CJ,27820,49815,21995,3646310350,6543344700,2897034350,KRX MDCSTAT02401_OUT
recent2,KOSPI200,institution,039490,키움증권,33241,44007,10766,8535144500,11383011500,2847867000,KRX MDCSTAT02401_OUT
recent2,KOSPI200,institution,454910,두산로보틱스,34515,70727,36212,2462334550,5070815250,2608480700,KRX MDCSTAT02401_OUT
recent2,KOSPI200,institution,0126Z0,삼성에피스홀딩스,6414,13216,6802,2375073750,4875120000,2500046250,KRX MDCSTAT02401_OUT
recent2,KOSPI200,institution,003030,세아제강지주,22850,43783,20933,2562380050,4922005600,2359625550,KRX MDCSTAT02401_OUT
recent2,KOSPI200,institution,005490,POSCO홀딩스,102024,108668,6644,31366389500,33467072500,2100683000,KRX MDCSTAT02401_OUT
recent2,KOSPI200,institution,128940,한미약품,33570,37220,3650,16875151500,18932029750,2056878250,KRX MDCSTAT02401_OUT
recent2,KOSPI200,institution,361610,SK아이이테크놀로지,96447,206755,110308,1609663795,3534492795,1924829000,KRX MDCSTAT02401_OUT
recent2,KOSPI200,institution,030000,제일기획,62264,162924,100660,1170122255,3061505385,1891383130,KRX MDCSTAT02401_OUT
recent2,KOSPI200,institution,457190,이수스페셜티케미컬,39306,61617,22311,3085868300,4874473950,1788605650,KRX MDCSTAT02401_OUT
recent2,KOSPI200,institution,032640,LG유플러스,225627,347783,122156,3272654605,5046528910,1773874305,KRX MDCSTAT02401_OUT
recent2,KOSPI200,institution,081660,미스토홀딩스,31587,76618,45031,1195539825,2945847875,1750308050,KRX MDCSTAT02401_OUT
recent2,KOSPI200,institution,009420,한올바이오파마,155082,188772,33690,7206668750,8881792325,1675123575,KRX MDCSTAT02401_OUT
recent2,KOSPI200,institution,064350,현대로템,152939,167358,14419,17385273550,19011605500,1626331950,KRX MDCSTAT02401_OUT
recent2,KOSPI200,institution,097950,CJ제일제당,12704,21748,9044,2262363150,3877625450,1615262300,KRX MDCSTAT02401_OUT
recent2,KOSPI200,institution,024110,기업은행,241260,317814,76554,4852009625,6410971650,1558962025,KRX MDCSTAT02401_OUT
recent2,KOSPI200,institution,003550,LG,52204,64627,12423,5715244400,7090294300,1375049900,KRX MDCSTAT02401_OUT
recent2,KOSPI200,institution,011200,HMM,266030,322559,56529,5638262625,6844267325,1206004700,KRX MDCSTAT02401_OUT
recent2,KOSPI200,institution,008930,한미사이언스,38996,60762,21766,2072227250,3274099950,1201872700,KRX MDCSTAT02401_OUT
recent2,KOSPI200,institution,006280,녹십자,6276,15571,9295,798932200,1993061150,1194128950,KRX MDCSTAT02401_OUT
recent2,KOSPI200,institution,052690,한전기술,80636,88745,8109,10175524600,11184910100,1009385500,KRX MDCSTAT02401_OUT
recent2,KOSPI200,institution,009240,한샘,4259,30005,25746,166170800,1174922450,1008751650,KRX MDCSTAT02401_OUT
recent2,KOSPI200,institution,009540,HD한국조선해양,66799,69504,2705,21612752000,22532641000,919889000,KRX MDCSTAT02401_OUT
recent2,KOSPI200,institution,064400,LG씨엔에스,72359,84961,12602,5090649800,5989759350,899109550,KRX MDCSTAT02401_OUT
recent2,KOSPI200,institution,073240,금호타이어,151268,253586,102318,1032521780,1735798030,703276250,KRX MDCSTAT02401_OUT
recent2,KOSPI200,institution,000880,한화,13776,19238,5462,1727631450,2412546600,684915150,KRX MDCSTAT02401_OUT
recent2,KOSPI200,institution,026960,동서,28719,50189,21470,759217275,1355709900,596492625,KRX MDCSTAT02401_OUT
recent2,KOSPI200,institution,175330,JB금융지주,215344,234367,19023,6122892950,6715992325,593099375,KRX MDCSTAT02401_OUT
recent2,KOSPI200,institution,017960,한국카본,37746,63463,25717,764378025,1293122635,528744610,KRX MDCSTAT02401_OUT
recent2,KOSPI200,institution,034730,SK,64388,65043,655,37200520500,37722514500,521994000,KRX MDCSTAT02401_OUT
recent2,KOSPI200,institution,069620,대웅제약,10145,14884,4739,1098196100,1614580950,516384850,KRX MDCSTAT02401_OUT
recent2,KOSPI200,institution,003490,대한항공,949940,962470,12530,29248814050,29763521725,514707675,KRX MDCSTAT02401_OUT
recent2,KOSPI200,institution,047040,대우건설,970244,996028,25784,17154846475,17639566510,484720035,KRX MDCSTAT02401_OUT
recent2,KOSPI200,institution,088350,한화생명,289083,380047,90964,1523457855,2003076375,479618520,KRX MDCSTAT02401_OUT
recent2,KOSPI200,institution,326030,SK바이오팜,26315,32541,6226,1986261550,2463311650,477050100,KRX MDCSTAT02401_OUT
recent2,KOSPI200,institution,035250,강원랜드,57796,90646,32850,824268245,1294059495,469791250,KRX MDCSTAT02401_OUT
recent2,KOSPI200,institution,139480,이마트,21314,26759,5445,1514581000,1913538650,398957650,KRX MDCSTAT02401_OUT
recent2,KOSPI200,institution,000240,한국앤컴퍼니,14177,29105,14928,356794200,733529625,376735425,KRX MDCSTAT02401_OUT
recent2,KOSPI200,institution,007340,DN오토모티브,55374,63105,7731,2753675825,3127822675,374146850,KRX MDCSTAT02401_OUT
recent2,KOSPI200,institution,000810,삼성화재,26181,26643,462,16342454500,16645058500,302604000,KRX MDCSTAT02401_OUT
recent2,KOSPI200,institution,022100,포스코DX,60427,74845,14418,1235678745,1534481910,298803165,KRX MDCSTAT02401_OUT
recent2,KOSPI200,institution,011210,현대위아,15262,20322,5060,803000950,1070376450,267375500,KRX MDCSTAT02401_OUT
recent2,KOSPI200,institution,082740,한화엔진,260318,265933,5615,12650928450,12907224125,256295675,KRX MDCSTAT02401_OUT
recent2,KOSPI200,institution,003090,대웅,29405,43131,13726,454011105,666013810,212002705,KRX MDCSTAT02401_OUT
recent2,KOSPI200,institution,004990,롯데지주,20193,27201,7008,478682300,645822200,167139900,KRX MDCSTAT02401_OUT
recent2,KOSPI200,institution,009970,영원무역홀딩스,3093,4099,1006,498799000,660553100,161754100,KRX MDCSTAT02401_OUT
recent2,KOSPI200,institution,005420,코스모화학,27238,41820,14582,290037470,448751995,158714525,KRX MDCSTAT02401_OUT
recent2,KOSPI200,institution,000080,하이트진로,20917,31528,10611,310042310,466523335,156481025,KRX MDCSTAT02401_OUT
recent2,KOSPI200,institution,005300,롯데칠성,1581,3227,1646,150117250,306500750,156383500,KRX MDCSTAT02401_OUT
recent2,KOSPI200,institution,071320,지역난방공사,1265,3197,1932,99298700,251304900,152006200,KRX MDCSTAT02401_OUT
recent2,KOSPI200,institution,069260,TKG휴켐스,13992,23045,9053,221145560,364830610,143685050,KRX MDCSTAT02401_OUT
recent2,KOSPI200,institution,002030,아세아,630,1168,538,127238250,237992350,110754100,KRX MDCSTAT02401_OUT
recent2,KOSPI200,institution,180640,한진칼,36056,36678,622,4735072950,4836954200,101881250,KRX MDCSTAT02401_OUT
recent2,KOSPI200,institution,008730,율촌화학,6797,13453,6656,99322930,197383980,98061050,KRX MDCSTAT02401_OUT
recent2,KOSPI200,institution,300720,한일시멘트,11391,17193,5802,183298390,276922930,93624540,KRX MDCSTAT02401_OUT
recent2,KOSPI200,institution,007310,오뚜기,672,940,268,211118000,295896000,84778000,KRX MDCSTAT02401_OUT
recent2,KOSPI200,institution,137310,에스디바이오센서,30550,41812,11262,190963760,261949555,70985795,KRX MDCSTAT02401_OUT
recent2,KOSPI200,institution,192080,더블유게임즈,9687,10661,974,562325150,620063900,57738750,KRX MDCSTAT02401_OUT
recent2,KOSPI200,institution,002840,미원상사,1044,1056,12,140177000,142080050,1903050,KRX MDCSTAT02401_OUT
recent2,KOSPI200,institution,268280,미원에스씨,631,634,3,80014800,80472550,457750,KRX MDCSTAT02401_OUT
recent2,KOSPI200,institution,014820,동원시스템즈,12362,12305,-57,260773400,259960950,-812450,KRX MDCSTAT02401_OUT
recent2,KOSPI200,institution,007700,F&F홀딩스,1749,1518,-231,23334460,20251280,-3083180,KRX MDCSTAT02401_OUT
recent2,KOSPI200,institution,377300,카카오페이,50791,50557,-234,2023440625,2019594300,-3846325,KRX MDCSTAT02401_OUT
recent2,KOSPI200,institution,006040,동원산업,8264,6608,-1656,290928050,233074750,-57853300,KRX MDCSTAT02401_OUT
recent2,KOSPI200,institution,298050,HS효성첨단소재,3076,2678,-398,496410400,432172250,-64238150,KRX MDCSTAT02401_OUT
recent2,KOSPI200,institution,185750,종근당,4358,3350,-1008,282265700,217648400,-64617300,KRX MDCSTAT02401_OUT
recent2,KOSPI200,institution,001680,대상,14630,10650,-3980,259386990,189194840,-70192150,KRX MDCSTAT02401_OUT
recent2,KOSPI200,institution,003240,태광산업,843,754,-89,755417000,677069500,-78347500,KRX MDCSTAT02401_OUT
recent2,KOSPI200,institution,012750,에스원,18461,16622,-1839,1535809000,1382972500,-152836500,KRX MDCSTAT02401_OUT
recent2,KOSPI200,institution,285130,SK케미칼,22287,18827,-3460,1141598700,968198150,-173400550,KRX MDCSTAT02401_OUT
recent2,KOSPI200,institution,001800,오리온홀딩스,28944,19679,-9265,664583400,453193400,-211390000,KRX MDCSTAT02401_OUT
recent2,KOSPI200,institution,006650,대한유화,6095,3509,-2586,546159950,313768200,-232391750,KRX MDCSTAT02401_OUT
recent2,KOSPI200,institution,004000,롯데정밀화학,17990,11274,-6716,767063575,481227750,-285835825,KRX MDCSTAT02401_OUT
recent2,KOSPI200,institution,034220,LG디스플레이,553205,517936,-35269,4703101855,4410836705,-292265150,KRX MDCSTAT02401_OUT
recent2,KOSPI200,institution,302440,SK바이오사이언스,30048,21524,-8524,1099619125,787574375,-312044750,KRX MDCSTAT02401_OUT
recent2,KOSPI200,institution,000670,영풍,14901,7036,-7865,601622975,284722100,-316900875,KRX MDCSTAT02401_OUT
recent2,KOSPI200,institution,138930,BNK금융지주,225441,199543,-25898,3570640230,3170931235,-399708995,KRX MDCSTAT02401_OUT
recent2,KOSPI200,institution,204320,HL만도,53298,43295,-10003,2479149725,2022051300,-457098425,KRX MDCSTAT02401_OUT
recent2,KOSPI200,institution,069960,현대백화점,14120,8546,-5574,1250105900,758029000,-492076900,KRX MDCSTAT02401_OUT
recent2,KOSPI200,institution,036460,한국가스공사,50570,35942,-14628,1784062700,1271548075,-512514625,KRX MDCSTAT02401_OUT
recent2,KOSPI200,institution,282330,BGF리테일,16384,12318,-4066,2097726250,1577831750,-519894500,KRX MDCSTAT02401_OUT
recent2,KOSPI200,institution,111770,영원무역,29180,21036,-8144,1966096750,1425995700,-540101050,KRX MDCSTAT02401_OUT
recent2,KOSPI200,institution,000210,DL,23972,12112,-11860,1166789600,590382625,-576406975,KRX MDCSTAT02401_OUT
recent2,KOSPI200,institution,000120,CJ대한통운,24272,15689,-8583,1694444250,1099257950,-595186300,KRX MDCSTAT02401_OUT
recent2,KOSPI200,institution,029780,삼성카드,37548,22651,-14897,1567158525,947073675,-620084850,KRX MDCSTAT02401_OUT
recent2,KOSPI200,institution,071970,HD현대마린엔진,39942,24928,-15014,1929311000,1205966700,-723344300,KRX MDCSTAT02401_OUT
recent2,KOSPI200,institution,280360,롯데웰푸드,10197,3988,-6209,1221300100,480710850,-740589250,KRX MDCSTAT02401_OUT
recent2,KOSPI200,institution,051600,한전KPS,62602,45452,-17150,2752630925,2009531200,-743099725,KRX MDCSTAT02401_OUT
recent2,KOSPI200,institution,011780,금호석유화학,22306,15795,-6511,2584501350,1832767050,-751734300,KRX MDCSTAT02401_OUT
recent2,KOSPI200,institution,007070,GS리테일,69710,24522,-45188,1537200500,541506200,-995694300,KRX MDCSTAT02401_OUT
recent2,KOSPI200,institution,034230,파라다이스,165212,53905,-111307,1542049665,506793520,-1035256145,KRX MDCSTAT02401_OUT
recent2,KOSPI200,institution,086280,현대글로비스,66014,60569,-5445,13076232700,12035620950,-1040611750,KRX MDCSTAT02401_OUT
recent2,KOSPI200,institution,251270,넷마블,93442,62468,-30974,3269831350,2188760625,-1081070725,KRX MDCSTAT02401_OUT
recent2,KOSPI200,institution,011170,롯데케미칼,79827,60836,-18991,4797306500,3684609900,-1112696600,KRX MDCSTAT02401_OUT
recent2,KOSPI200,institution,002380,KCC,6092,3679,-2413,2853958250,1728630000,-1125328250,KRX MDCSTAT02401_OUT
recent2,KOSPI200,institution,002790,아모레퍼시픽홀딩스,78110,31134,-46976,1958729350,788235775,-1170493575,KRX MDCSTAT02401_OUT
recent2,KOSPI200,institution,010950,S-Oil,187169,177217,-9952,29161449650,27960967950,-1200481700,KRX MDCSTAT02401_OUT
recent2,KOSPI200,institution,241560,두산밥캣,67843,45650,-22193,3705450300,2501433850,-1204016450,KRX MDCSTAT02401_OUT
recent2,KOSPI200,institution,207940,삼성바이오로직스,29067,27972,-1095,40853436000,39518973000,-1334463000,KRX MDCSTAT02401_OUT
recent2,KOSPI200,institution,483650,달바글로벌,30896,21921,-8975,5665285900,4043694000,-1621591900,KRX MDCSTAT02401_OUT
recent2,KOSPI200,institution,450080,에코프로머티,207531,159840,-47691,7708977475,5926379250,-1782598225,KRX MDCSTAT02401_OUT
recent2,KOSPI200,institution,443060,HD현대마린솔루션,31780,23735,-8045,7412240500,5544599750,-1867640750,KRX MDCSTAT02401_OUT
recent2,KOSPI200,institution,103140,풍산,43490,19154,-24336,3398288900,1497316300,-1900972600,KRX MDCSTAT02401_OUT
recent2,KOSPI200,institution,003230,삼양식품,19614,17850,-1764,23846344000,21792261000,-2054083000,KRX MDCSTAT02401_OUT
recent2,KOSPI200,institution,071050,한국금융지주,76208,64486,-11722,13594400300,11531246850,-2063153450,KRX MDCSTAT02401_OUT
recent2,KOSPI200,institution,000100,유한양행,97889,68571,-29318,7241582800,5083794450,-2157788350,KRX MDCSTAT02401_OUT
recent2,KOSPI200,institution,161390,한국타이어앤테크놀로지,127513,89724,-37789,7472107400,5298688900,-2173418500,KRX MDCSTAT02401_OUT
recent2,KOSPI200,institution,017800,현대엘리베이터,59837,28056,-31781,4318944300,2031097850,-2287846450,KRX MDCSTAT02401_OUT
recent2,KOSPI200,institution,010120,LS ELECTRIC,146964,133883,-13081,29923529550,27459404050,-2464125500,KRX MDCSTAT02401_OUT
recent2,KOSPI200,institution,028260,삼성물산,168687,160200,-8487,57835423750,55048948500,-2786475250,KRX MDCSTAT02401_OUT
recent2,KOSPI200,institution,259960,크래프톤,64241,50104,-14137,12715888200,9922507850,-2793380350,KRX MDCSTAT02401_OUT
recent2,KOSPI200,institution,008770,호텔신라,124098,51669,-72429,4847567725,2019538050,-2828029675,KRX MDCSTAT02401_OUT
recent2,KOSPI200,institution,066970,엘앤에프,173251,147499,-25752,19510209150,16608181150,-2902028000,KRX MDCSTAT02401_OUT
recent2,KOSPI200,institution,018260,삼성에스디에스,59692,46049,-13643,13071651750,10126377500,-2945274250,KRX MDCSTAT02401_OUT
recent2,KOSPI200,institution,010140,삼성중공업,1087192,922143,-165049,21388010775,18192226095,-3195784680,KRX MDCSTAT02401_OUT
recent2,KOSPI200,institution,010130,고려아연,9864,6768,-3096,10531954000,7256640500,-3275313500,KRX MDCSTAT02401_OUT
recent2,KOSPI200,institution,023530,롯데쇼핑,61262,26473,-34789,6159488850,2666675750,-3492813100,KRX MDCSTAT02401_OUT
recent2,KOSPI200,institution,271560,오리온,53177,19499,-33678,5598255600,2057479550,-3540776050,KRX MDCSTAT02401_OUT
recent2,KOSPI200,institution,298020,효성티앤씨,24109,9833,-14276,6576280000,2700564250,-3875715750,KRX MDCSTAT02401_OUT
recent2,KOSPI200,institution,267250,HD현대,108488,88686,-19802,21547261100,17636516300,-3910744800,KRX MDCSTAT02401_OUT
recent2,KOSPI200,institution,352820,하이브,99910,74479,-25431,15504524000,11567345250,-3937178750,KRX MDCSTAT02401_OUT
recent2,KOSPI200,institution,001450,현대해상,160904,73794,-87110,7613471525,3498491275,-4114980250,KRX MDCSTAT02401_OUT
recent2,KOSPI200,institution,086790,하나금융지주,378232,344973,-33259,48707232150,44444691050,-4262541100,KRX MDCSTAT02401_OUT
recent2,KOSPI200,institution,090430,아모레퍼시픽,120830,87403,-33427,16189954750,11705978350,-4483976400,KRX MDCSTAT02401_OUT
recent2,KOSPI200,institution,035720,카카오,430943,291923,-139020,14346341925,9745030750,-4601311175,KRX MDCSTAT02401_OUT
recent2,KOSPI200,institution,017670,SK텔레콤,292659,236897,-55762,25409976700,20664663850,-4745312850,KRX MDCSTAT02401_OUT
recent2,KOSPI200,institution,120110,코오롱인더,115024,26884,-88140,6334295550,1489966200,-4844329350,KRX MDCSTAT02401_OUT
recent2,KOSPI200,institution,015760,한국전력,530941,368801,-162140,15921044150,11073646300,-4847397850,KRX MDCSTAT02401_OUT
recent2,KOSPI200,institution,030200,KT,240555,144272,-96283,12454231350,7478404900,-4975826450,KRX MDCSTAT02401_OUT
recent2,KOSPI200,institution,028050,삼성E&A,367966,246014,-121952,17430241625,11665744000,-5764497625,KRX MDCSTAT02401_OUT
recent2,KOSPI200,institution,051900,LG생활건강,45326,23433,-21893,12135182750,6336112750,-5799070000,KRX MDCSTAT02401_OUT
recent2,KOSPI200,institution,375500,DL이앤씨,169248,87563,-81685,12797496800,6622443050,-6175053750,KRX MDCSTAT02401_OUT
recent2,KOSPI200,institution,004020,현대제철,383629,168978,-214651,11530922750,5101354325,-6429568425,KRX MDCSTAT02401_OUT
recent2,KOSPI200,institution,307950,현대오토에버,28898,10357,-18541,10867656250,3905588000,-6962068250,KRX MDCSTAT02401_OUT
recent2,KOSPI200,institution,011070,LG이노텍,66847,54076,-12771,37883086000,30852408500,-7030677500,KRX MDCSTAT02401_OUT
recent2,KOSPI200,institution,005830,DB손해보험,105064,62930,-42134,19053804100,11429319000,-7624485100,KRX MDCSTAT02401_OUT
recent2,KOSPI200,institution,278470,에이피알,96055,72506,-23549,35175677500,26585064750,-8590612750,KRX MDCSTAT02401_OUT
recent2,KOSPI200,institution,298040,효성중공업,16449,13255,-3194,45644818500,36885687500,-8759131000,KRX MDCSTAT02401_OUT
recent2,KOSPI200,institution,004170,신세계,46311,13195,-33116,15256038500,4352270250,-10903768250,KRX MDCSTAT02401_OUT
recent2,KOSPI200,institution,034020,두산에너빌리티,1116907,979929,-136978,91284358450,80116463400,-11167895050,KRX MDCSTAT02401_OUT
recent2,KOSPI200,institution,078930,GS,320610,201789,-118821,33111342300,20931968250,-12179374050,KRX MDCSTAT02401_OUT
recent2,KOSPI200,institution,161890,한국콜마,248154,146938,-101216,34253124700,20667906850,-13585217850,KRX MDCSTAT02401_OUT
recent2,KOSPI200,institution,042660,한화오션,411457,191490,-219967,32108791950,14967314200,-17141477750,KRX MDCSTAT02401_OUT
recent2,KOSPI200,institution,000270,기아,490607,335400,-155207,55213256350,37855519800,-17357736550,KRX MDCSTAT02401_OUT
recent2,KOSPI200,institution,267260,HD현대일렉트릭,73194,46331,-26863,48713210500,30941503000,-17771707500,KRX MDCSTAT02401_OUT
recent2,KOSPI200,institution,006260,LS,118067,34314,-83753,35008633500,10197758750,-24810874750,KRX MDCSTAT02401_OUT
recent2,KOSPI200,institution,329180,HD현대중공업,153183,81093,-72090,65277941000,34668073750,-30609867250,KRX MDCSTAT02401_OUT
recent2,KOSPI200,institution,005380,현대차,318359,219504,-98855,110111517000,75994569750,-34116947250,KRX MDCSTAT02401_OUT
recent2,KOSPI200,institution,000720,현대건설,505889,187230,-318659,58335960150,21685693550,-36650266600,KRX MDCSTAT02401_OUT
recent2,KOSPI200,institution,267270,HD건설기계,440583,46733,-393850,52170669650,5570301200,-46600368450,KRX MDCSTAT02401_OUT
recent2,KOSPI200,institution,035420,NAVER,457540,195174,-262366,87676054050,37438119750,-50237934300,KRX MDCSTAT02401_OUT
recent2,KOSPI200,institution,096770,SK이노베이션,810625,449454,-361171,116399757100,65812978550,-50586778550,KRX MDCSTAT02401_OUT
recent2,KOSPI200,institution,000150,두산,81977,34110,-47867,109219362000,46075437500,-63143924500,KRX MDCSTAT02401_OUT
recent2,KOSDAQ150,foreign,080220,제주반도체,1298005,1829392,531387,115328975350,160477332300,45148356950,KRX MDCSTAT02401_OUT
recent2,KOSDAQ150,foreign,222800,심텍,448850,664984,216134,72218128900,107984016650,35765887750,KRX MDCSTAT02401_OUT
recent2,KOSDAQ150,foreign,086520,에코프로,310128,721879,411751,26930136350,62136134200,35205997850,KRX MDCSTAT02401_OUT
recent2,KOSDAQ150,foreign,067310,하나마이크론,1169126,1747430,578304,59575137375,89495477525,29920340150,KRX MDCSTAT02401_OUT
recent2,KOSDAQ150,foreign,098460,고영,936787,1777677,840890,31406627925,59334353825,27927725900,KRX MDCSTAT02401_OUT
recent2,KOSDAQ150,foreign,036540,SFA반도체,3780164,5880474,2100310,42923353260,66497206885,23573853625,KRX MDCSTAT02401_OUT
recent2,KOSDAQ150,foreign,277810,레인보우로보틱스,22514,70052,47538,9868832250,30847384250,20978552000,KRX MDCSTAT02401_OUT
recent2,KOSDAQ150,foreign,108490,로보티즈,99443,157706,58263,29858846250,47735663250,17876817000,KRX MDCSTAT02401_OUT
recent2,KOSDAQ150,foreign,214450,파마리서치,56455,98830,42375,17668542250,30702946500,13034404250,KRX MDCSTAT02401_OUT
recent2,KOSDAQ150,foreign,247540,에코프로비엠,190187,297597,107410,21641111750,33835199550,12194087800,KRX MDCSTAT02401_OUT
recent2,KOSDAQ150,foreign,089030,테크윙,519964,737468,217504,28930611900,40855748100,11925136200,KRX MDCSTAT02401_OUT
recent2,KOSDAQ150,foreign,058610,에스피지,52607,134135,81528,5336436200,13549088900,8212652700,KRX MDCSTAT02401_OUT
recent2,KOSDAQ150,foreign,043260,성호전자,2318058,2552531,234473,69577089400,77240952525,7663863125,KRX MDCSTAT02401_OUT
recent2,KOSDAQ150,foreign,031980,피에스케이홀딩스,64269,103081,38812,12150176450,19396836600,7246660150,KRX MDCSTAT02401_OUT
recent2,KOSDAQ150,foreign,253590,네오셈,1035299,1508303,473004,15457020050,22520485310,7063465260,KRX MDCSTAT02401_OUT
recent2,KOSDAQ150,foreign,041190,우리기술투자,2084053,3190597,1106544,13233548150,20233343445,6999795295,KRX MDCSTAT02401_OUT
recent2,KOSDAQ150,foreign,078600,대주전자재료,194823,256949,62126,20264130900,26942054600,6677923700,KRX MDCSTAT02401_OUT
recent2,KOSDAQ150,foreign,161580,필옵틱스,217250,350394,133144,8839239625,14175171200,5335931575,KRX MDCSTAT02401_OUT
recent2,KOSDAQ150,foreign,125490,한라캐스트,1033420,1385047,351627,13405331700,17893082290,4487750590,KRX MDCSTAT02401_OUT
recent2,KOSDAQ150,foreign,131290,티에스이,52009,66866,14857,15366683250,19664469750,4297786500,KRX MDCSTAT02401_OUT
recent2,KOSDAQ150,foreign,466100,클로봇,69580,253162,183582,1623174625,5874139525,4250964900,KRX MDCSTAT02401_OUT
recent2,KOSDAQ150,foreign,090710,휴림로봇,465800,1034602,568802,2968554560,6547636195,3579081635,KRX MDCSTAT02401_OUT
recent2,KOSDAQ150,foreign,293490,카카오게임즈,294151,648916,354765,2925151285,6454772275,3529620990,KRX MDCSTAT02401_OUT
recent2,KOSDAQ150,foreign,090360,로보스타,38377,80936,42559,3009989100,6323776350,3313787250,KRX MDCSTAT02401_OUT
recent2,KOSDAQ150,foreign,399720,가온칩스,53529,123021,69492,2568782125,5875168125,3306386000,KRX MDCSTAT02401_OUT
recent2,KOSDAQ150,foreign,096530,씨젠,257266,337708,80442,9401254025,12382650025,2981396000,KRX MDCSTAT02401_OUT
recent2,KOSDAQ150,foreign,056080,유진로봇,237584,461448,223864,2931698830,5643289530,2711590700,KRX MDCSTAT02401_OUT
recent2,KOSDAQ150,foreign,323280,태성,225251,266121,40870,13482667650,15970767200,2488099550,KRX MDCSTAT02401_OUT
recent2,KOSDAQ150,foreign,030530,원익홀딩스,655203,741660,86457,18563786550,21004124550,2440338000,KRX MDCSTAT02401_OUT
recent2,KOSDAQ150,foreign,053800,안랩,42133,72454,30321,3257082050,5598467500,2341385450,KRX MDCSTAT02401_OUT
recent2,KOSDAQ150,foreign,237690,에스티팜,52988,77150,24162,4969291600,7242141250,2272849650,KRX MDCSTAT02401_OUT
recent2,KOSDAQ150,foreign,100790,미래에셋벤처투자,243433,358703,115270,4352319770,6367025440,2014705670,KRX MDCSTAT02401_OUT
recent2,KOSDAQ150,foreign,060370,LS마린솔루션,78965,141678,62713,2609805500,4607714975,1997909475,KRX MDCSTAT02401_OUT
recent2,KOSDAQ150,foreign,065350,신성델타테크,50536,108078,57542,1633328000,3452046775,1818718775,KRX MDCSTAT02401_OUT
recent2,KOSDAQ150,foreign,420770,기가비스,37698,50551,12853,4947397100,6590099250,1642702150,KRX MDCSTAT02401_OUT
recent2,KOSDAQ150,foreign,068760,셀트리온제약,40701,82279,41578,1571685350,3201595750,1629910400,KRX MDCSTAT02401_OUT
recent2,KOSDAQ150,foreign,251970,펌텍코리아,70599,93315,22716,4380756000,5729627950,1348871950,KRX MDCSTAT02401_OUT
recent2,KOSDAQ150,foreign,112040,위메이드,50662,131300,80638,786417680,2037577665,1251159985,KRX MDCSTAT02401_OUT
recent2,KOSDAQ150,foreign,124500,아이티센글로벌,79655,122461,42806,2321000550,3557086750,1236086200,KRX MDCSTAT02401_OUT
recent2,KOSDAQ150,foreign,033100,제룡전기,50221,75379,25158,2459396125,3673638900,1214242775,KRX MDCSTAT02401_OUT
recent2,KOSDAQ150,foreign,003380,하림지주,132208,233079,100871,1463287330,2576291240,1113003910,KRX MDCSTAT02401_OUT
recent2,KOSDAQ150,foreign,388720,유일로보틱스,7779,22372,14593,540077350,1551160500,1011083150,KRX MDCSTAT02401_OUT
recent2,KOSDAQ150,foreign,005290,동진쎄미켐,536037,559231,23194,27807975475,28802131800,994156325,KRX MDCSTAT02401_OUT
recent2,KOSDAQ150,foreign,310210,보로노이,75157,81871,6714,10893912200,11833606000,939693800,KRX MDCSTAT02401_OUT
recent2,KOSDAQ150,foreign,348370,엔켐,125370,168269,42899,2794906575,3714905675,919999100,KRX MDCSTAT02401_OUT
recent2,KOSDAQ150,foreign,0009K0,에임드바이오,88858,126955,38097,2188244050,3100979625,912735575,KRX MDCSTAT02401_OUT
recent2,KOSDAQ150,foreign,048410,현대바이오,642003,765629,123626,4541593340,5411213575,869620235,KRX MDCSTAT02401_OUT
recent2,KOSDAQ150,foreign,137400,피엔티,111327,138905,27578,3498318825,4362341450,864022625,KRX MDCSTAT02401_OUT
recent2,KOSDAQ150,foreign,263750,펄어비스,117095,142665,25570,3899451850,4743838475,844386625,KRX MDCSTAT02401_OUT
recent2,KOSDAQ150,foreign,050890,쏠리드,1446406,1536962,90556,15146986550,15969869525,822882975,KRX MDCSTAT02401_OUT
recent2,KOSDAQ150,foreign,189300,인텔리안테크,52316,63984,11668,3713963600,4526523200,812559600,KRX MDCSTAT02401_OUT
recent2,KOSDAQ150,foreign,007390,네이처셀,123697,155391,31694,3076024900,3861242975,785218075,KRX MDCSTAT02401_OUT
recent2,KOSDAQ150,foreign,099320,쎄트렉아이,58191,68269,10078,4671466050,5450335250,778869200,KRX MDCSTAT02401_OUT
recent2,KOSDAQ150,foreign,171090,선익시스템,30977,40585,9608,2328135250,3018418650,690283400,KRX MDCSTAT02401_OUT
recent2,KOSDAQ150,foreign,214150,클래시스,212309,234473,22164,6552323650,7226894325,674570675,KRX MDCSTAT02401_OUT
recent2,KOSDAQ150,foreign,025320,시노펙스,253747,424140,170393,1003779634,1667304734,663525100,KRX MDCSTAT02401_OUT
recent2,KOSDAQ150,foreign,025980,아난티,405957,531148,125191,2029860693,2646183541,616322848,KRX MDCSTAT02401_OUT
recent2,KOSDAQ150,foreign,232140,와이씨,2150303,2189408,39105,34599261955,35202887010,603625055,KRX MDCSTAT02401_OUT
recent2,KOSDAQ150,foreign,052400,코나아이,26756,42584,15828,1012880850,1614728700,601847850,KRX MDCSTAT02401_OUT
recent2,KOSDAQ150,foreign,082270,젬백스,116390,171124,54734,1298915535,1877580810,578665275,KRX MDCSTAT02401_OUT
recent2,KOSDAQ150,foreign,009520,포스코엠텍,131581,173874,42293,1701800280,2248293850,546493570,KRX MDCSTAT02401_OUT
recent2,KOSDAQ150,foreign,281740,레이크머티리얼즈,408492,450906,42414,5017940230,5540342125,522401895,KRX MDCSTAT02401_OUT
recent2,KOSDAQ150,foreign,278280,천보,16291,29837,13546,610320175,1112305575,501985400,KRX MDCSTAT02401_OUT
recent2,KOSDAQ150,foreign,213420,덕산네오룩스,55178,71975,16797,1650535025,2152152025,501617000,KRX MDCSTAT02401_OUT
recent2,KOSDAQ150,foreign,358570,지아이이노베이션,383919,437880,53961,3504939150,3989560430,484621280,KRX MDCSTAT02401_OUT
recent2,KOSDAQ150,foreign,006730,서부T&D,226152,265404,39252,2493656320,2939783300,446126980,KRX MDCSTAT02401_OUT
recent2,KOSDAQ150,foreign,015750,성우하이텍,78794,144937,66143,463187630,853924765,390737135,KRX MDCSTAT02401_OUT
recent2,KOSDAQ150,foreign,140860,파크시스템스,46324,47771,1447,13643286250,14018188750,374902500,KRX MDCSTAT02401_OUT
recent2,KOSDAQ150,foreign,215200,메가스터디교육,28616,37033,8417,1069977200,1387219450,317242250,KRX MDCSTAT02401_OUT
recent2,KOSDAQ150,foreign,038500,삼표시멘트,137548,176676,39128,921828250,1183040175,261211925,KRX MDCSTAT02401_OUT
recent2,KOSDAQ150,foreign,056190,SFA,209731,215485,5754,6377290300,6632191400,254901100,KRX MDCSTAT02401_OUT
recent2,KOSDAQ150,foreign,025900,동화기업,26672,50527,23855,195045465,369184170,174138705,KRX MDCSTAT02401_OUT
recent2,KOSDAQ150,foreign,060250,NHN KCP,126014,138849,12835,1719818315,1886110540,166292225,KRX MDCSTAT02401_OUT
recent2,KOSDAQ150,foreign,328130,루닛,379433,392811,13378,4083554655,4223183925,139629270,KRX MDCSTAT02401_OUT
recent2,KOSDAQ150,foreign,101730,위메이드맥스,110940,133094,22154,519379150,627994200,108615050,KRX MDCSTAT02401_OUT
recent2,KOSDAQ150,foreign,018290,브이티,117878,125783,7905,1478120085,1575946590,97826505,KRX MDCSTAT02401_OUT
recent2,KOSDAQ150,foreign,033500,동성화인텍,72736,75856,3120,1169039710,1220918515,51878805,KRX MDCSTAT02401_OUT
recent2,KOSDAQ150,foreign,060280,큐렉소,153591,158686,5095,1321201000,1354053630,32852630,KRX MDCSTAT02401_OUT
recent2,KOSDAQ150,foreign,067160,SOOP,35240,34840,-400,1281587050,1266467775,-15119275,KRX MDCSTAT02401_OUT
recent2,KOSDAQ150,foreign,437730,삼현,129147,128687,-460,6544943200,6514346350,-30596850,KRX MDCSTAT02401_OUT
recent2,KOSDAQ150,foreign,032190,다우데이타,55129,50996,-4133,1048022195,970061800,-77960395,KRX MDCSTAT02401_OUT
recent2,KOSDAQ150,foreign,352480,씨앤씨인터내셔널,8394,4622,-3772,175709900,96191000,-79518900,KRX MDCSTAT02401_OUT
recent2,KOSDAQ150,foreign,036620,감성코퍼레이션,164182,142092,-22090,608077725,527022360,-81055365,KRX MDCSTAT02401_OUT
recent2,KOSDAQ150,foreign,253450,스튜디오드래곤,36471,28723,-7748,742784850,584842275,-157942575,KRX MDCSTAT02401_OUT
recent2,KOSDAQ150,foreign,194480,데브시스터즈,41071,26609,-14462,577957245,374584760,-203372485,KRX MDCSTAT02401_OUT
recent2,KOSDAQ150,foreign,036810,에프에스티,193026,190919,-2107,6798997175,6573371875,-225625300,KRX MDCSTAT02401_OUT
recent2,KOSDAQ150,foreign,032500,케이엠더블유,216549,205952,-10597,4460395225,4233000560,-227394665,KRX MDCSTAT02401_OUT
recent2,KOSDAQ150,foreign,376300,디어유,88528,75419,-13109,1647364855,1407454700,-239910155,KRX MDCSTAT02401_OUT
recent2,KOSDAQ150,foreign,030520,한컴,59206,44550,-14656,1024264670,771921615,-252343055,KRX MDCSTAT02401_OUT
recent2,KOSDAQ150,foreign,041510,에스엠,134692,132354,-2338,10484681850,10228910800,-255771050,KRX MDCSTAT02401_OUT
recent2,KOSDAQ150,foreign,225570,넥슨게임즈,101273,73703,-27570,1091801620,786999510,-304802110,KRX MDCSTAT02401_OUT
recent2,KOSDAQ150,foreign,085660,차바이오텍,153617,114261,-39356,1309353665,965916935,-343436730,KRX MDCSTAT02401_OUT
recent2,KOSDAQ150,foreign,211050,인카금융서비스,78722,36715,-42007,770614140,354520960,-416093180,KRX MDCSTAT02401_OUT
recent2,KOSDAQ150,foreign,035760,CJ ENM,77189,65205,-11984,2721894975,2296589650,-425305325,KRX MDCSTAT02401_OUT
recent2,KOSDAQ150,foreign,095660,네오위즈,50842,25613,-25229,915601130,460648310,-454952820,KRX MDCSTAT02401_OUT
recent2,KOSDAQ150,foreign,183300,코미코,332181,320066,-12115,11608281925,11134705725,-473576200,KRX MDCSTAT02401_OUT
recent2,KOSDAQ150,foreign,082920,비츠로셀,150229,132206,-18023,4382293950,3847979500,-534314450,KRX MDCSTAT02401_OUT
recent2,KOSDAQ150,foreign,272290,이녹스첨단소재,83305,59567,-23738,1875789275,1325121425,-550667850,KRX MDCSTAT02401_OUT
recent2,KOSDAQ150,foreign,078340,컴투스,93900,76820,-17080,3528644675,2881668050,-646976625,KRX MDCSTAT02401_OUT
recent2,KOSDAQ150,foreign,145020,휴젤,65151,61449,-3702,11695255250,11032875700,-662379550,KRX MDCSTAT02401_OUT
recent2,KOSDAQ150,foreign,214370,케어젠,71495,54586,-16909,3029438300,2311377850,-718060450,KRX MDCSTAT02401_OUT
recent2,KOSDAQ150,foreign,166090,하나머티리얼즈,94570,81828,-12742,5941038300,5145525200,-795513100,KRX MDCSTAT02401_OUT
recent2,KOSDAQ150,foreign,241710,코스메카코리아,166269,159394,-6875,18721138500,17871515650,-849622850,KRX MDCSTAT02401_OUT
recent2,KOSDAQ150,foreign,445680,큐리옥스바이오시스템즈,60960,46551,-14409,3597827350,2744034400,-853792950,KRX MDCSTAT02401_OUT
recent2,KOSDAQ150,foreign,069080,웹젠,125930,51277,-74653,1462044760,595858000,-866186760,KRX MDCSTAT02401_OUT
recent2,KOSDAQ150,foreign,214430,아이쓰리시스템,54628,43372,-11256,4203401400,3283996600,-919404800,KRX MDCSTAT02401_OUT
recent2,KOSDAQ150,foreign,475830,오름테라퓨틱,320037,265705,-54332,7060121800,6019769575,-1040352225,KRX MDCSTAT02401_OUT
recent2,KOSDAQ150,foreign,195940,HK이노엔,55570,29412,-26158,2230725075,1174127425,-1056597650,KRX MDCSTAT02401_OUT
recent2,KOSDAQ150,foreign,032820,우리기술,1036757,938068,-98689,12977933260,11741699925,-1236233335,KRX MDCSTAT02401_OUT
recent2,KOSDAQ150,foreign,204270,제이앤티씨,394600,331192,-63408,8617511425,7181992725,-1435518700,KRX MDCSTAT02401_OUT
recent2,KOSDAQ150,foreign,039200,오스코텍,120882,82009,-38873,4477179200,3016202525,-1460976675,KRX MDCSTAT02401_OUT
recent2,KOSDAQ150,foreign,348210,넥스틴,80115,42502,-37613,3083341200,1620352900,-1462988300,KRX MDCSTAT02401_OUT
recent2,KOSDAQ150,foreign,122870,와이지엔터테인먼트,99288,58768,-40520,4076588000,2404587725,-1672000275,KRX MDCSTAT02401_OUT
recent2,KOSDAQ150,foreign,257720,실리콘투,424191,383614,-40577,16141413075,14461593925,-1679819150,KRX MDCSTAT02401_OUT
recent2,KOSDAQ150,foreign,121600,나노신소재,57928,27654,-30274,3362590750,1607473800,-1755116950,KRX MDCSTAT02401_OUT
recent2,KOSDAQ150,foreign,074600,원익QnC,167812,108664,-59148,5398178525,3489123475,-1909055050,KRX MDCSTAT02401_OUT
recent2,KOSDAQ150,foreign,014620,성광벤드,143837,75722,-68115,4440680625,2325022450,-2115658175,KRX MDCSTAT02401_OUT
recent2,KOSDAQ150,foreign,064760,티씨케이,46563,39467,-7096,14171076500,11853033250,-2318043250,KRX MDCSTAT02401_OUT
recent2,KOSDAQ150,foreign,036830,솔브레인홀딩스,117486,68441,-49045,5546214850,3189570325,-2356644525,KRX MDCSTAT02401_OUT
recent2,KOSDAQ150,foreign,298380,에이비엘바이오,331304,283626,-47678,17118235800,14583432925,-2534802875,KRX MDCSTAT02401_OUT
recent2,KOSDAQ150,foreign,295310,에이치브이엠,138504,103015,-35489,9308086400,6694583450,-2613502950,KRX MDCSTAT02401_OUT
recent2,KOSDAQ150,foreign,417200,LS머트리얼즈,1092372,888241,-204131,15569685320,12912635990,-2657049330,KRX MDCSTAT02401_OUT
recent2,KOSDAQ150,foreign,035900,JYP Ent.,184672,112893,-71779,6899151175,4220160900,-2678990275,KRX MDCSTAT02401_OUT
recent2,KOSDAQ150,foreign,347850,디앤디파마텍,350414,287541,-62873,15367386600,12586440975,-2780945625,KRX MDCSTAT02401_OUT
recent2,KOSDAQ150,foreign,319400,현대무벡스,559067,395477,-163590,11519563700,8163940775,-3355622925,KRX MDCSTAT02401_OUT
recent2,KOSDAQ150,foreign,196170,알테오젠,172580,158286,-14294,45076789500,41310621500,-3766168000,KRX MDCSTAT02401_OUT
recent2,KOSDAQ150,foreign,218410,RFHIC,315494,235998,-79496,19422291900,14493817350,-4928474550,KRX MDCSTAT02401_OUT
recent2,KOSDAQ150,foreign,178320,서진시스템,1118267,988038,-130229,45665015350,40454951575,-5210063775,KRX MDCSTAT02401_OUT
recent2,KOSDAQ150,foreign,226950,올릭스,199628,154243,-45385,22867391550,17345396450,-5521995100,KRX MDCSTAT02401_OUT
recent2,KOSDAQ150,foreign,042000,카페24,760866,463881,-296985,15054106330,9323425830,-5730680500,KRX MDCSTAT02401_OUT
recent2,KOSDAQ150,foreign,083650,비에이치아이,225260,111687,-113573,13545049750,6676307900,-6868741850,KRX MDCSTAT02401_OUT
recent2,KOSDAQ150,foreign,141080,리가켐바이오,221742,126363,-95379,18484852600,10565968650,-7918883950,KRX MDCSTAT02401_OUT
recent2,KOSDAQ150,foreign,087010,펩트론,158981,96711,-62270,21339737300,13361541800,-7978195500,KRX MDCSTAT02401_OUT
recent2,KOSDAQ150,foreign,131970,두산테스나,249664,168556,-81108,26395385300,17662350250,-8733035050,KRX MDCSTAT02401_OUT
recent2,KOSDAQ150,foreign,036930,주성엔지니어링,608743,564285,-44458,146102009500,135928296750,-10173712750,KRX MDCSTAT02401_OUT
recent2,KOSDAQ150,foreign,290650,엘앤씨바이오,339115,104257,-234858,18671256300,5670715850,-13000540450,KRX MDCSTAT02401_OUT
recent2,KOSDAQ150,foreign,095610,테스,241348,165518,-75830,43177918000,29360097050,-13817820950,KRX MDCSTAT02401_OUT
recent2,KOSDAQ150,foreign,101490,에스앤에스텍,482717,200862,-281855,24984314000,10141110350,-14843203650,KRX MDCSTAT02401_OUT
recent2,KOSDAQ150,foreign,095340,ISC,192422,114076,-78346,41254441250,24719280750,-16535160500,KRX MDCSTAT02401_OUT
recent2,KOSDAQ150,foreign,089970,브이엠,630148,377892,-252256,42755704800,25676078950,-17079625850,KRX MDCSTAT02401_OUT
recent2,KOSDAQ150,foreign,028300,HLB,799904,341183,-458721,31896504050,13637606425,-18258897625,KRX MDCSTAT02401_OUT
recent2,KOSDAQ150,foreign,039030,이오테크닉스,96726,58687,-38039,52683345000,31842871500,-20840473500,KRX MDCSTAT02401_OUT
recent2,KOSDAQ150,foreign,000250,삼천당제약,260207,152914,-107293,51902939550,30169710200,-21733229350,KRX MDCSTAT02401_OUT
recent2,KOSDAQ150,foreign,084370,유진테크,285418,139814,-145604,51108511600,24933172100,-26175339500,KRX MDCSTAT02401_OUT
recent2,KOSDAQ150,foreign,403870,HPSP,2026201,1633470,-392731,135342741250,108896038350,-26446702900,KRX MDCSTAT02401_OUT
recent2,KOSDAQ150,foreign,240810,원익IPS,906963,622416,-284547,126490684450,86639448550,-39851235900,KRX MDCSTAT02401_OUT
recent2,KOSDAQ150,foreign,058470,리노공업,1653761,743117,-910644,136436556700,60180376600,-76256180100,KRX MDCSTAT02401_OUT
recent2,KOSDAQ150,institution,058470,리노공업,461832,1597537,1135705,37888605250,132072862450,94184257200,KRX MDCSTAT02401_OUT
recent2,KOSDAQ150,institution,403870,HPSP,507023,1293456,786433,33710395200,86927502500,53217107300,KRX MDCSTAT02401_OUT
recent2,KOSDAQ150,institution,036930,주성엔지니어링,281587,456374,174787,67431835000,109654551250,42222716250,KRX MDCSTAT02401_OUT
recent2,KOSDAQ150,institution,240810,원익IPS,358508,640050,281542,49915375050,89341054400,39425679350,KRX MDCSTAT02401_OUT
recent2,KOSDAQ150,institution,196170,알테오젠,115042,249705,134663,29946677000,65662959500,35716282500,KRX MDCSTAT02401_OUT
recent2,KOSDAQ150,institution,080220,제주반도체,77635,471311,393676,6845813100,41416280750,34570467650,KRX MDCSTAT02401_OUT
recent2,KOSDAQ150,institution,095610,테스,144553,298003,153450,25699936050,53430867250,27730931200,KRX MDCSTAT02401_OUT
recent2,KOSDAQ150,institution,039030,이오테크닉스,62905,110936,48031,34148667000,60613766500,26465099500,KRX MDCSTAT02401_OUT
recent2,KOSDAQ150,institution,086520,에코프로,328491,617177,288686,28391990750,52951590700,24559599950,KRX MDCSTAT02401_OUT
recent2,KOSDAQ150,institution,226950,올릭스,87865,293576,205711,10028242350,33720356200,23692113850,KRX MDCSTAT02401_OUT
recent2,KOSDAQ150,institution,084370,유진테크,51548,180492,128944,9194830900,32462798650,23267967750,KRX MDCSTAT02401_OUT
recent2,KOSDAQ150,institution,108490,로보티즈,23899,84494,60595,6934101000,25421060000,18486959000,KRX MDCSTAT02401_OUT
recent2,KOSDAQ150,institution,005290,동진쎄미켐,147312,471183,323871,7603266550,24456133225,16852866675,KRX MDCSTAT02401_OUT
recent2,KOSDAQ150,institution,067310,하나마이크론,255662,526135,270473,13022786325,26670774950,13647988625,KRX MDCSTAT02401_OUT
recent2,KOSDAQ150,institution,078600,대주전자재료,36050,158836,122786,3735094100,16468158550,12733064450,KRX MDCSTAT02401_OUT
recent2,KOSDAQ150,institution,131970,두산테스나,73602,191266,117664,7729379850,20019156050,12289776200,KRX MDCSTAT02401_OUT
recent2,KOSDAQ150,institution,000250,삼천당제약,109076,170477,61401,21446324400,33711736950,12265412550,KRX MDCSTAT02401_OUT
recent2,KOSDAQ150,institution,295310,에이치브이엠,46013,206200,160187,3004448150,13924726950,10920278800,KRX MDCSTAT02401_OUT
recent2,KOSDAQ150,institution,218410,RFHIC,126980,281229,154249,7792535800,17338845350,9546309550,KRX MDCSTAT02401_OUT
recent2,KOSDAQ150,institution,028300,HLB,187162,420722,233560,7439698750,16947269350,9507570600,KRX MDCSTAT02401_OUT
recent2,KOSDAQ150,institution,098460,고영,254359,506764,252405,8499732550,16942030750,8442298200,KRX MDCSTAT02401_OUT
recent2,KOSDAQ150,institution,140860,파크시스템스,7648,32674,25026,2260578500,9679163250,7418584750,KRX MDCSTAT02401_OUT
recent2,KOSDAQ150,institution,232140,와이씨,138301,595180,456879,2273575655,9546008965,7272433310,KRX MDCSTAT02401_OUT
recent2,KOSDAQ150,institution,089970,브이엠,415255,517657,102402,28109098950,35046340000,6937241050,KRX MDCSTAT02401_OUT
recent2,KOSDAQ150,institution,141080,리가켐바이오,68631,147942,79311,5719294800,12448448950,6729154150,KRX MDCSTAT02401_OUT
recent2,KOSDAQ150,institution,277810,레인보우로보틱스,13939,28527,14588,6126216500,12471248500,6345032000,KRX MDCSTAT02401_OUT
recent2,KOSDAQ150,institution,131290,티에스이,52221,72581,20360,15340438750,21465771750,6125333000,KRX MDCSTAT02401_OUT
recent2,KOSDAQ150,institution,043260,성호전자,1222261,1398393,176132,36792404700,41886381075,5093976375,KRX MDCSTAT02401_OUT
recent2,KOSDAQ150,institution,089030,테크윙,128899,217462,88563,7120566150,12166586200,5046020050,KRX MDCSTAT02401_OUT
recent2,KOSDAQ150,institution,074600,원익QnC,83366,234110,150744,2681615400,7515507100,4833891700,KRX MDCSTAT02401_OUT
recent2,KOSDAQ150,institution,310210,보로노이,17894,49860,31966,2549069950,7322741150,4773671200,KRX MDCSTAT02401_OUT
recent2,KOSDAQ150,institution,298380,에이비엘바이오,68812,146463,77651,3522759525,7624013150,4101253625,KRX MDCSTAT02401_OUT
recent2,KOSDAQ150,institution,290650,엘앤씨바이오,31804,103397,71593,1734906700,5710093700,3975187000,KRX MDCSTAT02401_OUT
recent2,KOSDAQ150,institution,417200,LS머트리얼즈,250723,515330,264607,3590875145,7535039405,3944164260,KRX MDCSTAT02401_OUT
recent2,KOSDAQ150,institution,161580,필옵틱스,9445,104418,94973,375124600,4257003075,3881878475,KRX MDCSTAT02401_OUT
recent2,KOSDAQ150,institution,121600,나노신소재,13566,71912,58346,787674150,4165413750,3377739600,KRX MDCSTAT02401_OUT
recent2,KOSDAQ150,institution,178320,서진시스템,126937,211305,84368,5221357800,8565580575,3344222775,KRX MDCSTAT02401_OUT
recent2,KOSDAQ150,institution,323280,태성,21768,75205,53437,1292575550,4551865050,3259289500,KRX MDCSTAT02401_OUT
recent2,KOSDAQ150,institution,036810,에프에스티,5502,93010,87508,190541025,3270399725,3079858700,KRX MDCSTAT02401_OUT
recent2,KOSDAQ150,institution,247540,에코프로비엠,165834,192912,27078,18918953600,21926153500,3007199900,KRX MDCSTAT02401_OUT
recent2,KOSDAQ150,institution,347850,디앤디파마텍,55412,121119,65707,2391551900,5377280700,2985728800,KRX MDCSTAT02401_OUT
recent2,KOSDAQ150,institution,039200,오스코텍,55509,131065,75556,2025873725,4871513125,2845639400,KRX MDCSTAT02401_OUT
recent2,KOSDAQ150,institution,096530,씨젠,66265,138152,71887,2424710875,5064070825,2639359950,KRX MDCSTAT02401_OUT
recent2,KOSDAQ150,institution,030530,원익홀딩스,38570,123683,85113,1065356075,3495952075,2430596000,KRX MDCSTAT02401_OUT
recent2,KOSDAQ150,institution,253590,네오셈,9196,163149,153953,137290635,2487216975,2349926340,KRX MDCSTAT02401_OUT
recent2,KOSDAQ150,institution,241710,코스메카코리아,109034,126380,17346,12183166300,14310870700,2127704400,KRX MDCSTAT02401_OUT
recent2,KOSDAQ150,institution,058610,에스피지,18260,39050,20790,1833068700,3932352250,2099283550,KRX MDCSTAT02401_OUT
recent2,KOSDAQ150,institution,101490,에스앤에스텍,30651,70211,39560,1569425100,3616925125,2047500025,KRX MDCSTAT02401_OUT
recent2,KOSDAQ150,institution,437730,삼현,13856,53383,39527,700040400,2721138200,2021097800,KRX MDCSTAT02401_OUT
recent2,KOSDAQ150,institution,041190,우리기술투자,75176,387430,312254,471428105,2451994690,1980566585,KRX MDCSTAT02401_OUT
recent2,KOSDAQ150,institution,358570,지아이이노베이션,56307,262324,206017,501176400,2420735670,1919559270,KRX MDCSTAT02401_OUT
recent2,KOSDAQ150,institution,042000,카페24,31673,121249,89576,615125365,2471740445,1856615080,KRX MDCSTAT02401_OUT
recent2,KOSDAQ150,institution,032500,케이엠더블유,23191,112691,89500,473352135,2296776835,1823424700,KRX MDCSTAT02401_OUT
recent2,KOSDAQ150,institution,195940,HK이노엔,27915,70977,43062,1113143800,2850503900,1737360100,KRX MDCSTAT02401_OUT
recent2,KOSDAQ150,institution,166090,하나머티리얼즈,54085,79194,25109,3394457850,4970605250,1576147400,KRX MDCSTAT02401_OUT
recent2,KOSDAQ150,institution,445680,큐리옥스바이오시스템즈,5263,31794,26531,306947900,1882007200,1575059300,KRX MDCSTAT02401_OUT
recent2,KOSDAQ150,institution,082920,비츠로셀,38449,91683,53234,1116139475,2658913300,1542773825,KRX MDCSTAT02401_OUT
recent2,KOSDAQ150,institution,078340,컴투스,24336,64005,39669,912810150,2405469600,1492659450,KRX MDCSTAT02401_OUT
recent2,KOSDAQ150,institution,125490,한라캐스트,8120,126171,118051,101170210,1573868070,1472697860,KRX MDCSTAT02401_OUT
recent2,KOSDAQ150,institution,007390,네이처셀,32739,91091,58352,807571675,2266825175,1459253500,KRX MDCSTAT02401_OUT
recent2,KOSDAQ150,institution,003380,하림지주,84775,209557,124782,931205080,2329365655,1398160575,KRX MDCSTAT02401_OUT
recent2,KOSDAQ150,institution,189300,인텔리안테크,19224,38650,19426,1343083850,2730771950,1387688100,KRX MDCSTAT02401_OUT
recent2,KOSDAQ150,institution,032820,우리기술,151050,255559,104509,1895111815,3196883300,1301771485,KRX MDCSTAT02401_OUT
recent2,KOSDAQ150,institution,171090,선익시스템,9523,26646,17123,709631800,1985996800,1276365000,KRX MDCSTAT02401_OUT
recent2,KOSDAQ150,institution,041510,에스엠,76144,91038,14894,5859828600,7128469500,1268640900,KRX MDCSTAT02401_OUT
recent2,KOSDAQ150,institution,225570,넥슨게임즈,35314,141170,105856,377859470,1522340805,1144481335,KRX MDCSTAT02401_OUT
recent2,KOSDAQ150,institution,035900,JYP Ent.,52060,81968,29908,1944192025,3071593550,1127401525,KRX MDCSTAT02401_OUT
recent2,KOSDAQ150,institution,056190,SFA,109024,145477,36453,3348829450,4456273575,1107444125,KRX MDCSTAT02401_OUT
recent2,KOSDAQ150,institution,319400,현대무벡스,50077,102511,52434,1032455550,2111550425,1079094875,KRX MDCSTAT02401_OUT
recent2,KOSDAQ150,institution,033100,제룡전기,8985,30408,21423,436013450,1479996800,1043983350,KRX MDCSTAT02401_OUT
recent2,KOSDAQ150,institution,263750,펄어비스,56408,87384,30976,1877369975,2918001750,1040631775,KRX MDCSTAT02401_OUT
recent2,KOSDAQ150,institution,214430,아이쓰리시스템,8409,20769,12360,609474900,1552862000,943387100,KRX MDCSTAT02401_OUT
recent2,KOSDAQ150,institution,0009K0,에임드바이오,29215,66698,37483,713886700,1654205400,940318700,KRX MDCSTAT02401_OUT
recent2,KOSDAQ150,institution,214370,케어젠,10609,32032,21423,445853275,1356744550,910891275,KRX MDCSTAT02401_OUT
recent2,KOSDAQ150,institution,204270,제이앤티씨,9584,49510,39926,208152375,1086913225,878760850,KRX MDCSTAT02401_OUT
recent2,KOSDAQ150,institution,006730,서부T&D,189662,265541,75879,2081651495,2927607030,845955535,KRX MDCSTAT02401_OUT
recent2,KOSDAQ150,institution,050890,쏠리드,33418,115159,81741,344383785,1175462495,831078710,KRX MDCSTAT02401_OUT
recent2,KOSDAQ150,institution,215200,메가스터디교육,5857,25992,20135,218744200,973497800,754753600,KRX MDCSTAT02401_OUT
recent2,KOSDAQ150,institution,090710,휴림로봇,50960,167540,116580,320115510,1052205405,732089895,KRX MDCSTAT02401_OUT
recent2,KOSDAQ150,institution,348370,엔켐,19810,52928,33118,431983200,1151735200,719752000,KRX MDCSTAT02401_OUT
recent2,KOSDAQ150,institution,099320,쎄트렉아이,6080,14579,8499,488395650,1161350350,672954700,KRX MDCSTAT02401_OUT
recent2,KOSDAQ150,institution,064760,티씨케이,58043,59364,1321,17517793000,18179211750,661418750,KRX MDCSTAT02401_OUT
recent2,KOSDAQ150,institution,065350,신성델타테크,9479,30172,20693,302081925,961133200,659051275,KRX MDCSTAT02401_OUT
recent2,KOSDAQ150,institution,018290,브이티,9722,61246,51524,121424450,767643390,646218940,KRX MDCSTAT02401_OUT
recent2,KOSDAQ150,institution,137400,피엔티,29588,49775,20187,921128225,1550994100,629865875,KRX MDCSTAT02401_OUT
recent2,KOSDAQ150,institution,053800,안랩,2828,10558,7730,217801400,816449800,598648400,KRX MDCSTAT02401_OUT
recent2,KOSDAQ150,institution,085660,차바이오텍,39622,108255,68633,334233370,925515060,591281690,KRX MDCSTAT02401_OUT
recent2,KOSDAQ150,institution,388720,유일로보틱스,3460,11166,7706,240831700,777110400,536278700,KRX MDCSTAT02401_OUT
recent2,KOSDAQ150,institution,090360,로보스타,5233,11239,6006,411265900,875645500,464379600,KRX MDCSTAT02401_OUT
recent2,KOSDAQ150,institution,376300,디어유,26381,50440,24059,489497420,938542720,449045300,KRX MDCSTAT02401_OUT
recent2,KOSDAQ150,institution,281740,레이크머티리얼즈,92259,127226,34967,1125863095,1561362245,435499150,KRX MDCSTAT02401_OUT
recent2,KOSDAQ150,institution,060280,큐렉소,10667,60249,49582,90888415,519178790,428290375,KRX MDCSTAT02401_OUT
recent2,KOSDAQ150,institution,112040,위메이드,39710,66833,27123,615709700,1039459080,423749380,KRX MDCSTAT02401_OUT
recent2,KOSDAQ150,institution,348210,넥스틴,20243,30839,10596,767505950,1174809600,407303650,KRX MDCSTAT02401_OUT
recent2,KOSDAQ150,institution,095660,네오위즈,15009,36942,21933,269799620,666133620,396334000,KRX MDCSTAT02401_OUT
recent2,KOSDAQ150,institution,082270,젬백스,16276,50273,33997,178080920,555319720,377238800,KRX MDCSTAT02401_OUT
recent2,KOSDAQ150,institution,036830,솔브레인홀딩스,36703,45659,8956,1705775000,2079993075,374218075,KRX MDCSTAT02401_OUT
recent2,KOSDAQ150,institution,466100,클로봇,35325,51357,16032,819240400,1191870950,372630550,KRX MDCSTAT02401_OUT
recent2,KOSDAQ150,institution,211050,인카금융서비스,42937,79152,36215,415211260,776707990,361496730,KRX MDCSTAT02401_OUT
recent2,KOSDAQ150,institution,030520,한컴,25508,45925,20417,440868950,796317270,355448320,KRX MDCSTAT02401_OUT
recent2,KOSDAQ150,institution,025980,아난티,29102,98789,69687,145465295,494614850,349149555,KRX MDCSTAT02401_OUT
recent2,KOSDAQ150,institution,100790,미래에셋벤처투자,8183,26626,18443,144461150,473550455,329089305,KRX MDCSTAT02401_OUT
recent2,KOSDAQ150,institution,253450,스튜디오드래곤,18827,34702,15875,383989475,708986525,324997050,KRX MDCSTAT02401_OUT
recent2,KOSDAQ150,institution,399720,가온칩스,3561,10191,6630,168657600,488548500,319890900,KRX MDCSTAT02401_OUT
recent2,KOSDAQ150,institution,025320,시노펙스,32965,110173,77208,129266825,430300550,301033725,KRX MDCSTAT02401_OUT
recent2,KOSDAQ150,institution,038500,삼표시멘트,54861,99847,44986,366776210,667628190,300851980,KRX MDCSTAT02401_OUT
recent2,KOSDAQ150,institution,033500,동성화인텍,8544,26848,18304,137313705,430056410,292742705,KRX MDCSTAT02401_OUT
recent2,KOSDAQ150,institution,278280,천보,5064,12119,7055,188722500,448801775,260079275,KRX MDCSTAT02401_OUT
recent2,KOSDAQ150,institution,272290,이녹스첨단소재,29414,40892,11478,654388725,910287050,255898325,KRX MDCSTAT02401_OUT
recent2,KOSDAQ150,institution,009520,포스코엠텍,37452,55950,18498,480339465,713703000,233363535,KRX MDCSTAT02401_OUT
recent2,KOSDAQ150,institution,069080,웹젠,42374,60425,18051,490918090,700105260,209187170,KRX MDCSTAT02401_OUT
recent2,KOSDAQ150,institution,060250,NHN KCP,21555,33149,11594,289980415,449253720,159273305,KRX MDCSTAT02401_OUT
recent2,KOSDAQ150,institution,145020,휴젤,17597,18145,548,3154656450,3259245200,104588750,KRX MDCSTAT02401_OUT
recent2,KOSDAQ150,institution,101730,위메이드맥스,7202,28940,21738,33514768,137055345,103540577,KRX MDCSTAT02401_OUT
recent2,KOSDAQ150,institution,048410,현대바이오,250138,261632,11494,1761429330,1837811440,76382110,KRX MDCSTAT02401_OUT
recent2,KOSDAQ150,institution,194480,데브시스터즈,17711,22684,4973,248912870,319945140,71032270,KRX MDCSTAT02401_OUT
recent2,KOSDAQ150,institution,025900,동화기업,7545,16391,8846,54748400,118256280,63507880,KRX MDCSTAT02401_OUT
recent2,KOSDAQ150,institution,032190,다우데이타,31750,33715,1965,601481470,643972800,42491330,KRX MDCSTAT02401_OUT
recent2,KOSDAQ150,institution,352480,씨앤씨인터내셔널,4342,5276,934,90273100,111303075,21029975,KRX MDCSTAT02401_OUT
recent2,KOSDAQ150,institution,036620,감성코퍼레이션,130624,117701,-12923,482622215,438546430,-44075785,KRX MDCSTAT02401_OUT
recent2,KOSDAQ150,institution,015750,성우하이텍,97955,85588,-12367,573844805,500121665,-73723140,KRX MDCSTAT02401_OUT
recent2,KOSDAQ150,institution,067160,SOOP,20518,17577,-2941,745397575,640280650,-105116925,KRX MDCSTAT02401_OUT
recent2,KOSDAQ150,institution,251970,펌텍코리아,70851,67487,-3364,4294670700,4113698600,-180972100,KRX MDCSTAT02401_OUT
recent2,KOSDAQ150,institution,087010,펩트론,49424,45955,-3469,6650492850,6430874550,-219618300,KRX MDCSTAT02401_OUT
recent2,KOSDAQ150,institution,052400,코나아이,23359,16158,-7201,881929925,613674950,-268254975,KRX MDCSTAT02401_OUT
recent2,KOSDAQ150,institution,035760,CJ ENM,53645,34009,-19636,1894610875,1207116600,-687494275,KRX MDCSTAT02401_OUT
recent2,KOSDAQ150,institution,213420,덕산네오룩스,63530,39555,-23975,1893964925,1184427275,-709537650,KRX MDCSTAT02401_OUT
recent2,KOSDAQ150,institution,237690,에스티팜,59577,51129,-8448,5590728700,4832235000,-758493700,KRX MDCSTAT02401_OUT
recent2,KOSDAQ150,institution,056080,유진로봇,108377,38061,-70316,1302870365,466183715,-836686650,KRX MDCSTAT02401_OUT
recent2,KOSDAQ150,institution,122870,와이지엔터테인먼트,90220,69141,-21079,3725717300,2865434800,-860282500,KRX MDCSTAT02401_OUT
recent2,KOSDAQ150,institution,214150,클래시스,97406,67325,-30081,2985523875,2083759000,-901764875,KRX MDCSTAT02401_OUT
recent2,KOSDAQ150,institution,328130,루닛,210910,96505,-114405,2259619800,1057879330,-1201740470,KRX MDCSTAT02401_OUT
recent2,KOSDAQ150,institution,420770,기가비스,49222,39153,-10069,6399708550,5170884350,-1228824200,KRX MDCSTAT02401_OUT
recent2,KOSDAQ150,institution,293490,카카오게임즈,379668,247486,-132182,3757344240,2466791695,-1290552545,KRX MDCSTAT02401_OUT
recent2,KOSDAQ150,institution,124500,아이티센글로벌,79906,27797,-52109,2311812775,810754525,-1501058250,KRX MDCSTAT02401_OUT
recent2,KOSDAQ150,institution,475830,오름테라퓨틱,108484,35574,-72910,2324745500,819415825,-1505329675,KRX MDCSTAT02401_OUT
recent2,KOSDAQ150,institution,014620,성광벤드,132209,80424,-51785,4075083825,2483857950,-1591225875,KRX MDCSTAT02401_OUT
recent2,KOSDAQ150,institution,068760,셀트리온제약,93615,44050,-49565,3618105850,1722657500,-1895448350,KRX MDCSTAT02401_OUT
recent2,KOSDAQ150,institution,083650,비에이치아이,93932,46010,-47922,5614800950,2767685400,-2847115550,KRX MDCSTAT02401_OUT
recent2,KOSDAQ150,institution,095340,ISC,107844,90619,-17225,22849295500,19776306250,-3072989250,KRX MDCSTAT02401_OUT
recent2,KOSDAQ150,institution,222800,심텍,378912,361468,-17444,60984645200,57840362450,-3144282750,KRX MDCSTAT02401_OUT
recent2,KOSDAQ150,institution,060370,LS마린솔루션,143156,26963,-116193,4615043000,871296700,-3743746300,KRX MDCSTAT02401_OUT
recent2,KOSDAQ150,institution,183300,코미코,242813,110146,-132667,8421474625,3875408950,-4546065675,KRX MDCSTAT02401_OUT
recent2,KOSDAQ150,institution,257720,실리콘투,324074,180008,-144066,12263342725,6909750775,-5353591950,KRX MDCSTAT02401_OUT
recent2,KOSDAQ150,institution,031980,피에스케이홀딩스,157647,80921,-76726,29486536050,15305959900,-14180576150,KRX MDCSTAT02401_OUT
recent2,KOSDAQ150,institution,036540,SFA반도체,3513321,2073782,-1439539,39454404875,23461589180,-15992815695,KRX MDCSTAT02401_OUT
recent2,KOSDAQ150,institution,214450,파마리서치,109204,27285,-81919,33856827500,8509890250,-25346937250,KRX MDCSTAT02401_OUT
recent3,KOSPI200,foreign,316140,우리금융지주,8348522,25964502,17615980,281819832617,868301636887,586481804270,KRX MDCSTAT02401_OUT
recent3,KOSPI200,foreign,009150,삼성전기,519202,615614,96412,793684455097,952251747597,158567292500,KRX MDCSTAT02401_OUT
recent3,KOSPI200,foreign,096770,SK이노베이션,764861,1331632,566771,111427145300,196055623550,84628478250,KRX MDCSTAT02401_OUT
recent3,KOSPI200,foreign,010950,S-Oil,414009,608401,194392,65521751750,97193855100,31672103350,KRX MDCSTAT02401_OUT
recent3,KOSPI200,foreign,017670,SK텔레콤,469631,749185,279554,40770383200,64962014700,24191631500,KRX MDCSTAT02401_OUT
recent3,KOSPI200,foreign,009830,한화솔루션,2892751,3555065,662314,99083573525,122607546725,23523973200,KRX MDCSTAT02401_OUT
recent3,KOSPI200,foreign,329180,HD현대중공업,142556,193605,51049,61277325000,83315579500,22038254500,KRX MDCSTAT02401_OUT
recent3,KOSPI200,foreign,010120,LS ELECTRIC,261284,346888,85604,53401429600,71497445800,18096016200,KRX MDCSTAT02401_OUT
recent3,KOSPI200,foreign,278470,에이피알,227557,276059,48502,83171074250,101077949000,17906874750,KRX MDCSTAT02401_OUT
recent3,KOSPI200,foreign,064400,LG씨엔에스,185671,431891,246220,12962905000,30344960450,17382055450,KRX MDCSTAT02401_OUT
recent3,KOSPI200,foreign,003670,포스코퓨처엠,130175,224567,94392,23690435350,40923564700,17233129350,KRX MDCSTAT02401_OUT
recent3,KOSPI200,foreign,082740,한화엔진,485273,823120,337847,23683656925,40187470625,16503813700,KRX MDCSTAT02401_OUT
recent3,KOSPI200,foreign,042700,한미반도체,595856,654419,58563,158005018500,173664432750,15659414250,KRX MDCSTAT02401_OUT
recent3,KOSPI200,foreign,071050,한국금융지주,245621,328724,83103,43782085550,58612136900,14830051350,KRX MDCSTAT02401_OUT
recent3,KOSPI200,foreign,011200,HMM,854147,1499694,645547,17990587500,31675143100,13684555600,KRX MDCSTAT02401_OUT
recent3,KOSPI200,foreign,028260,삼성물산,374219,412794,38575,128611887016,141873244766,13261357750,KRX MDCSTAT02401_OUT
recent3,KOSPI200,foreign,0126Z0,삼성에피스홀딩스,52208,88849,36641,18977369750,32190052000,13212682250,KRX MDCSTAT02401_OUT
recent3,KOSPI200,foreign,454910,두산로보틱스,144382,324956,180574,10190114950,23116740400,12926625450,KRX MDCSTAT02401_OUT
recent3,KOSPI200,foreign,004170,신세계,56953,95245,38292,18915647000,31636358000,12720711000,KRX MDCSTAT02401_OUT
recent3,KOSPI200,foreign,047810,한국항공우주,228238,322429,94191,29198153850,41630638950,12432485100,KRX MDCSTAT02401_OUT
recent3,KOSPI200,foreign,078930,GS,521526,628569,107043,54784979895,65926605295,11141625400,KRX MDCSTAT02401_OUT
recent3,KOSPI200,foreign,079550,LIG디펜스앤에어로스페이스,66484,81039,14555,48378495500,58712099500,10333604000,KRX MDCSTAT02401_OUT
recent3,KOSPI200,foreign,450080,에코프로머티,235437,513841,278404,8617718100,18777306475,10159588375,KRX MDCSTAT02401_OUT
recent3,KOSPI200,foreign,018260,삼성에스디에스,148057,188042,39985,32467212000,41284488000,8817276000,KRX MDCSTAT02401_OUT
recent3,KOSPI200,foreign,086280,현대글로비스,181533,224144,42611,35959139250,44409557850,8450418600,KRX MDCSTAT02401_OUT
recent3,KOSPI200,foreign,093370,후성,5357800,5863856,506056,82679162790,90702373205,8023210415,KRX MDCSTAT02401_OUT
recent3,KOSPI200,foreign,443060,HD현대마린솔루션,67000,98334,31334,15723970500,23094489500,7370519000,KRX MDCSTAT02401_OUT
recent3,KOSPI200,foreign,034730,SK,178590,190612,12022,104476317000,111658812500,7182495500,KRX MDCSTAT02401_OUT
recent3,KOSPI200,foreign,028670,팬오션,3023117,4193577,1170460,17978527370,25148320230,7169792860,KRX MDCSTAT02401_OUT
recent3,KOSPI200,foreign,307950,현대오토에버,26474,44377,17903,9927386250,16680720250,6753334000,KRX MDCSTAT02401_OUT
recent3,KOSPI200,foreign,259960,크래프톤,116012,148347,32335,22826617600,29234272250,6407654650,KRX MDCSTAT02401_OUT
recent3,KOSPI200,foreign,006800,미래에셋증권,863649,1060080,196431,26998649425,33193359675,6194710250,KRX MDCSTAT02401_OUT
recent3,KOSPI200,foreign,064350,현대로템,785992,838035,52043,88956248550,95086043900,6129795350,KRX MDCSTAT02401_OUT
recent3,KOSPI200,foreign,128940,한미약품,60063,69533,9470,30145650500,35038883250,4893232750,KRX MDCSTAT02401_OUT
recent3,KOSPI200,foreign,023530,롯데쇼핑,120231,166094,45863,12113141000,16734942200,4621801200,KRX MDCSTAT02401_OUT
recent3,KOSPI200,foreign,373220,LG에너지솔루션,193420,206001,12581,69700674750,74319812000,4619137250,KRX MDCSTAT02401_OUT
recent3,KOSPI200,foreign,010140,삼성중공업,2613052,2815818,202766,51669750200,55835731310,4165981110,KRX MDCSTAT02401_OUT
recent3,KOSPI200,foreign,272210,한화시스템,827573,878550,50977,64579609900,68712565600,4132955700,KRX MDCSTAT02401_OUT
recent3,KOSPI200,foreign,161390,한국타이어앤테크놀로지,407692,478101,70409,24101034700,28204963600,4103928900,KRX MDCSTAT02401_OUT
recent3,KOSPI200,foreign,071970,HD현대마린엔진,120354,199656,79302,5851789325,9774582850,3922793525,KRX MDCSTAT02401_OUT
recent3,KOSPI200,foreign,001450,현대해상,683650,764444,80794,32708184200,36518518675,3810334475,KRX MDCSTAT02401_OUT
recent3,KOSPI200,foreign,010130,고려아연,9937,13290,3353,10635622000,14205228500,3569606500,KRX MDCSTAT02401_OUT
recent3,KOSPI200,foreign,034220,LG디스플레이,3696511,4107901,411390,31192017200,34686500825,3494483625,KRX MDCSTAT02401_OUT
recent3,KOSPI200,foreign,103140,풍산,56392,92709,36317,4418470450,7280455300,2861984850,KRX MDCSTAT02401_OUT
recent3,KOSPI200,foreign,120110,코오롱인더,68309,116911,48602,3765741850,6472715150,2706973300,KRX MDCSTAT02401_OUT
recent3,KOSPI200,foreign,004020,현대제철,523958,612852,88894,15789654175,18455112050,2665457875,KRX MDCSTAT02401_OUT
recent3,KOSPI200,foreign,251270,넷마블,270693,344577,73884,9445906375,12034996100,2589089725,KRX MDCSTAT02401_OUT
recent3,KOSPI200,foreign,007340,DN오토모티브,155734,203681,47947,7718787300,10117083950,2398296650,KRX MDCSTAT02401_OUT
recent3,KOSPI200,foreign,086790,하나금융지주,1379454,1397367,17913,178700787290,181009444740,2308657450,KRX MDCSTAT02401_OUT
recent3,KOSPI200,foreign,000880,한화,129570,147047,17477,16353417150,18588617750,2235200600,KRX MDCSTAT02401_OUT
recent3,KOSPI200,foreign,204320,HL만도,155861,203356,47495,7212976950,9421517750,2208540800,KRX MDCSTAT02401_OUT
recent3,KOSPI200,foreign,066970,엘앤에프,241273,257195,15922,27117475800,28958348850,1840873050,KRX MDCSTAT02401_OUT
recent3,KOSPI200,foreign,361610,SK아이이테크놀로지,426627,522484,95857,7148050125,8952131560,1804081435,KRX MDCSTAT02401_OUT
recent3,KOSPI200,foreign,000100,유한양행,211757,235450,23693,15584666750,17333289800,1748623050,KRX MDCSTAT02401_OUT
recent3,KOSPI200,foreign,005830,DB손해보험,486162,496356,10194,88980073950,90709523050,1729449100,KRX MDCSTAT02401_OUT
recent3,KOSPI200,foreign,267270,HD건설기계,245139,260831,15692,29643248700,31247768500,1604519800,KRX MDCSTAT02401_OUT
recent3,KOSPI200,foreign,002380,KCC,25567,28876,3309,12032338500,13591985000,1559646500,KRX MDCSTAT02401_OUT
recent3,KOSPI200,foreign,026960,동서,100815,154630,53815,2642234325,4194770325,1552536000,KRX MDCSTAT02401_OUT
recent3,KOSPI200,foreign,073240,금호타이어,853258,1068944,215686,5789418150,7290493545,1501075395,KRX MDCSTAT02401_OUT
recent3,KOSPI200,foreign,008930,한미사이언스,138231,163388,25157,7358559600,8730443150,1371883550,KRX MDCSTAT02401_OUT
recent3,KOSPI200,foreign,022100,포스코DX,278459,343082,64623,5665244140,7006436745,1341192605,KRX MDCSTAT02401_OUT
recent3,KOSPI200,foreign,062040,산일전기,302065,303824,1759,64710966000,66046072000,1335106000,KRX MDCSTAT02401_OUT
recent3,KOSPI200,foreign,051900,LG생활건강,132071,136661,4590,35779261000,36964834250,1185573250,KRX MDCSTAT02401_OUT
recent3,KOSPI200,foreign,180640,한진칼,61280,69640,8360,8134724650,9287699050,1152974400,KRX MDCSTAT02401_OUT
recent3,KOSPI200,foreign,036460,한국가스공사,169261,197299,28038,5969615475,6963518250,993902775,KRX MDCSTAT02401_OUT
recent3,KOSPI200,foreign,375500,DL이앤씨,363312,376039,12727,27814881700,28795535250,980653550,KRX MDCSTAT02401_OUT
recent3,KOSPI200,foreign,302440,SK바이오사이언스,52146,77394,25248,1895466875,2822850000,927383125,KRX MDCSTAT02401_OUT
recent3,KOSPI200,foreign,005420,코스모화학,93698,178641,84943,998398840,1906647915,908249075,KRX MDCSTAT02401_OUT
recent3,KOSPI200,foreign,285130,SK케미칼,30757,43914,13157,1579076700,2254813800,675737100,KRX MDCSTAT02401_OUT
recent3,KOSPI200,foreign,006280,녹십자,31390,36248,4858,3943056200,4571798600,628742400,KRX MDCSTAT02401_OUT
recent3,KOSPI200,foreign,012750,에스원,93770,100840,7070,7781715150,8371226550,589511400,KRX MDCSTAT02401_OUT
recent3,KOSPI200,foreign,069960,현대백화점,119272,125441,6169,10597728550,11158819950,561091400,KRX MDCSTAT02401_OUT
recent3,KOSPI200,foreign,005850,에스엘,82352,92339,9987,4226785000,4719523550,492738550,KRX MDCSTAT02401_OUT
recent3,KOSPI200,foreign,000210,DL,40480,50055,9575,1992009950,2470020450,478010500,KRX MDCSTAT02401_OUT
recent3,KOSPI200,foreign,137310,에스디바이오센서,92235,166512,74277,571455100,1035351440,463896340,KRX MDCSTAT02401_OUT
recent3,KOSPI200,foreign,039490,키움증권,133079,134664,1585,34074613750,34532024500,457410750,KRX MDCSTAT02401_OUT
recent3,KOSPI200,foreign,192080,더블유게임즈,55248,61133,5885,3211745700,3555754600,344008900,KRX MDCSTAT02401_OUT
recent3,KOSPI200,foreign,071320,지역난방공사,9369,13683,4314,736969600,1079859400,342889800,KRX MDCSTAT02401_OUT
recent3,KOSPI200,foreign,008730,율촌화학,62895,78668,15773,917818730,1149288960,231470230,KRX MDCSTAT02401_OUT
recent3,KOSPI200,foreign,000670,영풍,35106,39587,4481,1434025700,1617399400,183373700,KRX MDCSTAT02401_OUT
recent3,KOSPI200,foreign,014820,동원시스템즈,15262,22336,7074,322049675,471560875,149511200,KRX MDCSTAT02401_OUT
recent3,KOSPI200,foreign,298050,HS효성첨단소재,7043,7736,693,1135992400,1248678400,112686000,KRX MDCSTAT02401_OUT
recent3,KOSPI200,foreign,007070,GS리테일,173662,178680,5018,3877782600,3989415150,111632550,KRX MDCSTAT02401_OUT
recent3,KOSPI200,foreign,003240,태광산업,1368,1466,98,1228162000,1322028000,93866000,KRX MDCSTAT02401_OUT
recent3,KOSPI200,foreign,006040,동원산업,27735,28911,1176,979077475,1021287450,42209975,KRX MDCSTAT02401_OUT
recent3,KOSPI200,foreign,282330,BGF리테일,74494,74706,212,9581818700,9612295950,30477250,KRX MDCSTAT02401_OUT
recent3,KOSPI200,foreign,280360,롯데웰푸드,16682,16857,175,2028605450,2036885200,8279750,KRX MDCSTAT02401_OUT
recent3,KOSPI200,foreign,047040,대우건설,3184221,3175728,-8493,56465171790,56470915920,5744130,KRX MDCSTAT02401_OUT
recent3,KOSPI200,foreign,483650,달바글로벌,85037,85008,-29,15800081350,15781722250,-18359100,KRX MDCSTAT02401_OUT
recent3,KOSPI200,foreign,268280,미원에스씨,673,486,-187,86286950,62092800,-24194150,KRX MDCSTAT02401_OUT
recent3,KOSPI200,foreign,002840,미원상사,2393,1983,-410,323398250,267653050,-55745200,KRX MDCSTAT02401_OUT
recent3,KOSPI200,foreign,007700,F&F홀딩스,5262,815,-4447,70266140,10877310,-59388830,KRX MDCSTAT02401_OUT
recent3,KOSPI200,foreign,011170,롯데케미칼,119041,118160,-881,7191541250,7125108300,-66432950,KRX MDCSTAT02401_OUT
recent3,KOSPI200,foreign,002030,아세아,1705,1340,-365,344256750,270506500,-73750250,KRX MDCSTAT02401_OUT
recent3,KOSPI200,foreign,052690,한전기술,182927,182056,-871,22944591350,22834234900,-110356450,KRX MDCSTAT02401_OUT
recent3,KOSPI200,foreign,002790,아모레퍼시픽홀딩스,199616,195364,-4252,5097319150,4969675275,-127643875,KRX MDCSTAT02401_OUT
recent3,KOSPI200,foreign,011780,금호석유화학,87148,85972,-1176,10051563100,9916735200,-134827900,KRX MDCSTAT02401_OUT
recent3,KOSPI200,foreign,185750,종근당,29329,27021,-2308,1894922150,1745124050,-149798100,KRX MDCSTAT02401_OUT
recent3,KOSPI200,foreign,377300,카카오페이,77293,73119,-4174,3086912625,2924338525,-162574100,KRX MDCSTAT02401_OUT
recent3,KOSPI200,foreign,298020,효성티앤씨,25587,24984,-603,7090995750,6875108000,-215887750,KRX MDCSTAT02401_OUT
recent3,KOSPI200,foreign,300720,한일시멘트,52113,37557,-14556,840570145,604826170,-235743975,KRX MDCSTAT02401_OUT
recent3,KOSPI200,foreign,241560,두산밥캣,369586,365375,-4211,20207370550,19969501150,-237869400,KRX MDCSTAT02401_OUT
recent3,KOSPI200,foreign,000240,한국앤컴퍼니,68678,54593,-14085,1722098275,1371442025,-350656250,KRX MDCSTAT02401_OUT
recent3,KOSPI200,foreign,005300,롯데칠성,23748,19671,-4077,2254425600,1868380150,-386045450,KRX MDCSTAT02401_OUT
recent3,KOSPI200,foreign,007310,오뚜기,3893,2512,-1381,1226928000,791749000,-435179000,KRX MDCSTAT02401_OUT
recent3,KOSPI200,foreign,004000,롯데정밀화학,41239,30625,-10614,1766686025,1313993125,-452692900,KRX MDCSTAT02401_OUT
recent3,KOSPI200,foreign,069620,대웅제약,22192,17823,-4369,2391055350,1925729450,-465325900,KRX MDCSTAT02401_OUT
recent3,KOSPI200,foreign,003230,삼양식품,28113,27688,-425,34256856000,33750050000,-506806000,KRX MDCSTAT02401_OUT
recent3,KOSPI200,foreign,001680,대상,85181,51772,-33409,1516799440,923190250,-593609190,KRX MDCSTAT02401_OUT
recent3,KOSPI200,foreign,069260,TKG휴켐스,86155,47456,-38699,1364652465,752904875,-611747590,KRX MDCSTAT02401_OUT
recent3,KOSPI200,foreign,030200,KT,239529,226125,-13404,12472659847,11779985547,-692674300,KRX MDCSTAT02401_OUT
recent3,KOSPI200,foreign,009970,영원무역홀딩스,16616,12296,-4320,2687411000,1988455700,-698955300,KRX MDCSTAT02401_OUT
recent3,KOSPI200,foreign,006650,대한유화,42840,35029,-7811,3836110600,3127438000,-708672600,KRX MDCSTAT02401_OUT
recent3,KOSPI200,foreign,011210,현대위아,91385,76784,-14601,4803265050,4040179050,-763086000,KRX MDCSTAT02401_OUT
recent3,KOSPI200,foreign,003090,대웅,139405,86934,-52471,2135004880,1337790535,-797214345,KRX MDCSTAT02401_OUT
recent3,KOSPI200,foreign,097950,CJ제일제당,50529,45901,-4628,9012732400,8192544300,-820188100,KRX MDCSTAT02401_OUT
recent3,KOSPI200,foreign,029780,삼성카드,105913,85412,-20501,4448745850,3593470625,-855275225,KRX MDCSTAT02401_OUT
recent3,KOSPI200,foreign,009240,한샘,42793,18311,-24482,1674510300,716770625,-957739675,KRX MDCSTAT02401_OUT
recent3,KOSPI200,foreign,112610,씨에스윈드,375694,361276,-14418,20150850850,19192388550,-958462300,KRX MDCSTAT02401_OUT
recent3,KOSPI200,foreign,017960,한국카본,165547,117368,-48179,3357987380,2383788320,-974199060,KRX MDCSTAT02401_OUT
recent3,KOSPI200,foreign,034230,파라다이스,362378,255651,-106727,3385202190,2391542765,-993659425,KRX MDCSTAT02401_OUT
recent3,KOSPI200,foreign,000080,하이트진로,132134,63043,-69091,1955748455,935136010,-1020612445,KRX MDCSTAT02401_OUT
recent3,KOSPI200,foreign,003550,LG,328799,318752,-10047,36332194050,35273619750,-1058574300,KRX MDCSTAT02401_OUT
recent3,KOSPI200,foreign,001800,오리온홀딩스,124098,74156,-49942,2878090225,1719749075,-1158341150,KRX MDCSTAT02401_OUT
recent3,KOSPI200,foreign,111770,영원무역,86997,67896,-19101,5945720150,4647373300,-1298346850,KRX MDCSTAT02401_OUT
recent3,KOSPI200,foreign,009420,한올바이오파마,282369,257429,-24940,13045465500,11740945675,-1304519825,KRX MDCSTAT02401_OUT
recent3,KOSPI200,foreign,267260,HD현대일렉트릭,472888,470973,-1915,317199850000,315857378000,-1342472000,KRX MDCSTAT02401_OUT
recent3,KOSPI200,foreign,016360,삼성증권,398255,382318,-15937,35567727850,34167520700,-1400207150,KRX MDCSTAT02401_OUT
recent3,KOSPI200,foreign,004990,롯데지주,119527,58186,-61341,2848784625,1390271150,-1458513475,KRX MDCSTAT02401_OUT
recent3,KOSPI200,foreign,030000,제일기획,693667,614364,-79303,12950360100,11490242930,-1460117170,KRX MDCSTAT02401_OUT
recent3,KOSPI200,foreign,000120,CJ대한통운,49590,26919,-22671,3462093650,1883168100,-1578925550,KRX MDCSTAT02401_OUT
recent3,KOSPI200,foreign,032640,LG유플러스,1328650,1201936,-126714,19310310075,17476553175,-1833756900,KRX MDCSTAT02401_OUT
recent3,KOSPI200,foreign,139480,이마트,117358,89678,-27680,8365833550,6410386050,-1955447500,KRX MDCSTAT02401_OUT
recent3,KOSPI200,foreign,017800,현대엘리베이터,130490,99073,-31417,9467272850,7181361050,-2285911800,KRX MDCSTAT02401_OUT
recent3,KOSPI200,foreign,271560,오리온,169572,147415,-22157,18053742200,15651444650,-2402297550,KRX MDCSTAT02401_OUT
recent3,KOSPI200,foreign,005940,NH투자증권,591804,497613,-94191,15566838000,13088581350,-2478256650,KRX MDCSTAT02401_OUT
recent3,KOSPI200,foreign,051600,한전KPS,207160,147261,-59899,9138592950,6517203150,-2621389800,KRX MDCSTAT02401_OUT
recent3,KOSPI200,foreign,090430,아모레퍼시픽,275155,254048,-21107,37409916830,34580170080,-2829746750,KRX MDCSTAT02401_OUT
recent3,KOSPI200,foreign,003030,세아제강지주,59102,32568,-26534,6764036700,3753244150,-3010792550,KRX MDCSTAT02401_OUT
recent3,KOSPI200,foreign,035250,강원랜드,341327,123328,-217999,4872273455,1761603315,-3110670140,KRX MDCSTAT02401_OUT
recent3,KOSPI200,foreign,326030,SK바이오팜,152586,110966,-41620,11506535350,8374697950,-3131837400,KRX MDCSTAT02401_OUT
recent3,KOSPI200,foreign,081660,미스토홀딩스,230697,140753,-89944,8747610700,5308209225,-3439401475,KRX MDCSTAT02401_OUT
recent3,KOSPI200,foreign,000720,현대건설,538465,505247,-33218,62427225850,58737060850,-3690165000,KRX MDCSTAT02401_OUT
recent3,KOSPI200,foreign,001040,CJ,107642,79353,-28289,14341174950,10602175400,-3738999550,KRX MDCSTAT02401_OUT
recent3,KOSPI200,foreign,352820,하이브,177177,152295,-24882,27665163400,23759391900,-3905771500,KRX MDCSTAT02401_OUT
recent3,KOSPI200,foreign,018880,한온시스템,15652771,14566911,-1085860,57002498636,53074416671,-3928081965,KRX MDCSTAT02401_OUT
recent3,KOSPI200,foreign,004370,농심,32529,21667,-10862,13100861640,8726947640,-4373914000,KRX MDCSTAT02401_OUT
recent3,KOSPI200,foreign,003490,대한항공,1589928,1438833,-151095,49737383400,45256382125,-4481001275,KRX MDCSTAT02401_OUT
recent3,KOSPI200,foreign,051910,LG화학,288549,270552,-17997,73409314250,68925195250,-4484119000,KRX MDCSTAT02401_OUT
recent3,KOSPI200,foreign,021240,코웨이,316969,269716,-47253,31677713800,26910507650,-4767206150,KRX MDCSTAT02401_OUT
recent3,KOSPI200,foreign,028050,삼성E&A,2172146,2066372,-105774,103585322911,98669469686,-4915853225,KRX MDCSTAT02401_OUT
recent3,KOSPI200,foreign,175330,JB금융지주,827237,658687,-168550,23912748200,18965970400,-4946777800,KRX MDCSTAT02401_OUT
recent3,KOSPI200,foreign,001430,세아베스틸지주,184104,75047,-109057,8465673725,3442858225,-5022815500,KRX MDCSTAT02401_OUT
recent3,KOSPI200,foreign,011070,LG이노텍,300972,290663,-10309,170895018500,165628593000,-5266425500,KRX MDCSTAT02401_OUT
recent3,KOSPI200,foreign,006400,삼성SDI,247121,235922,-11199,127789480000,122303132000,-5486348000,KRX MDCSTAT02401_OUT
recent3,KOSPI200,foreign,267250,HD현대,242502,212691,-29811,48512594750,42690960500,-5821634250,KRX MDCSTAT02401_OUT
recent3,KOSPI200,foreign,457190,이수스페셜티케미컬,519288,438533,-80755,40439659600,34191681300,-6247978300,KRX MDCSTAT02401_OUT
recent3,KOSPI200,foreign,192820,코스맥스,142042,117145,-24897,38728569250,31910114250,-6818455000,KRX MDCSTAT02401_OUT
recent3,KOSPI200,foreign,138930,BNK금융지주,1666318,1235324,-430994,26443451295,19622037955,-6821413340,KRX MDCSTAT02401_OUT
recent3,KOSPI200,foreign,139130,iM금융지주,1052951,655078,-397873,19280049875,11978787980,-7301261895,KRX MDCSTAT02401_OUT
recent3,KOSPI200,foreign,000150,두산,84897,79376,-5521,114602350000,107187705000,-7414645000,KRX MDCSTAT02401_OUT
recent3,KOSPI200,foreign,010060,OCI홀딩스,251359,216322,-35037,57282883250,49360704250,-7922179000,KRX MDCSTAT02401_OUT
recent3,KOSPI200,foreign,000810,삼성화재,95451,82894,-12557,60209776500,52268629500,-7941147000,KRX MDCSTAT02401_OUT
recent3,KOSPI200,foreign,032830,삼성생명,345413,317014,-28399,97773846250,89640150750,-8133695500,KRX MDCSTAT02401_OUT
recent3,KOSPI200,foreign,035720,카카오,1114358,862777,-251581,37278713600,28910508275,-8368205325,KRX MDCSTAT02401_OUT
recent3,KOSPI200,foreign,001440,대한전선,1987118,1682514,-304604,60106771775,51692270375,-8414501400,KRX MDCSTAT02401_OUT
recent3,KOSPI200,foreign,015760,한국전력,724481,435589,-288892,21740203975,13106299775,-8633904200,KRX MDCSTAT02401_OUT
recent3,KOSPI200,foreign,008770,호텔신라,386517,161169,-225348,15208437825,6312677100,-8895760725,KRX MDCSTAT02401_OUT
recent3,KOSPI200,foreign,088350,한화생명,4412883,2764853,-1648030,23751363935,14760632005,-8990731930,KRX MDCSTAT02401_OUT
recent3,KOSPI200,foreign,009540,HD한국조선해양,281723,248394,-33329,91402025094,80572957094,-10829068000,KRX MDCSTAT02401_OUT
recent3,KOSPI200,foreign,007660,이수페타시스,762557,661265,-101292,90347579850,78824824300,-11522755550,KRX MDCSTAT02401_OUT
recent3,KOSPI200,foreign,042660,한화오션,717126,569213,-147913,56356327700,44818148150,-11538179550,KRX MDCSTAT02401_OUT
recent3,KOSPI200,foreign,011790,SKC,571237,454000,-117237,59478710800,47369190550,-12109520250,KRX MDCSTAT02401_OUT
recent3,KOSPI200,foreign,068270,셀트리온,517152,449433,-67719,93476521700,81313907200,-12162614500,KRX MDCSTAT02401_OUT
recent3,KOSPI200,foreign,138040,메리츠금융지주,241727,144578,-97149,30834041150,18390771050,-12443270100,KRX MDCSTAT02401_OUT
recent3,KOSPI200,foreign,161890,한국콜마,584323,491376,-92947,83033132800,70503178700,-12529954100,KRX MDCSTAT02401_OUT
recent3,KOSPI200,foreign,012450,한화에어로스페이스,152027,138536,-13491,157057934258,143340295258,-13717639000,KRX MDCSTAT02401_OUT
recent3,KOSPI200,foreign,047050,포스코인터내셔널,752808,490029,-262779,42249556050,27749353150,-14500202900,KRX MDCSTAT02401_OUT
recent3,KOSPI200,foreign,006260,LS,157340,109323,-48017,47458532250,32957126000,-14501406250,KRX MDCSTAT02401_OUT
recent3,KOSPI200,foreign,000270,기아,1588882,1445809,-143073,179639467600,163392128000,-16247339600,KRX MDCSTAT02401_OUT
recent3,KOSPI200,foreign,024110,기업은행,1694067,882066,-812001,34218342150,17813705700,-16404636450,KRX MDCSTAT02401_OUT
recent3,KOSPI200,foreign,323410,카카오뱅크,1433731,578630,-855101,28391682885,11457646055,-16934036830,KRX MDCSTAT02401_OUT
recent3,KOSPI200,foreign,298040,효성중공업,51040,44398,-6642,141663577500,123559588000,-18103989500,KRX MDCSTAT02401_OUT
recent3,KOSPI200,foreign,066570,LG전자,617717,528810,-88907,131297658000,113117628750,-18180029250,KRX MDCSTAT02401_OUT
recent3,KOSPI200,foreign,033780,KT&G,388606,253355,-135251,68496014350,44720767950,-23775246400,KRX MDCSTAT02401_OUT
recent3,KOSPI200,foreign,402340,SK스퀘어,593360,569071,-24289,675545941748,649570878248,-25975063500,KRX MDCSTAT02401_OUT
recent3,KOSPI200,foreign,207940,삼성바이오로직스,92133,72677,-19456,127989888500,101884944500,-26104944000,KRX MDCSTAT02401_OUT
recent3,KOSPI200,foreign,005490,POSCO홀딩스,251459,157334,-94125,77155533750,48264693750,-28890840000,KRX MDCSTAT02401_OUT
recent3,KOSPI200,foreign,000990,DB하이텍,587853,372097,-215756,81623565400,51925653100,-29697912300,KRX MDCSTAT02401_OUT
recent3,KOSPI200,foreign,036570,NC,266626,139206,-127420,61282561250,31350610250,-29931951000,KRX MDCSTAT02401_OUT
recent3,KOSPI200,foreign,014680,한솔케미칼,162770,49068,-113702,44000440000,13174999250,-30825440750,KRX MDCSTAT02401_OUT
recent3,KOSPI200,foreign,035420,NAVER,609981,383868,-226113,117372417950,74112308500,-43260109450,KRX MDCSTAT02401_OUT
recent3,KOSPI200,foreign,012330,현대모비스,506433,376512,-129921,189862134750,141431158000,-48430976750,KRX MDCSTAT02401_OUT
recent3,KOSPI200,foreign,105560,KB금융,1875499,1505199,-370300,314941025050,253065945350,-61875079700,KRX MDCSTAT02401_OUT
recent3,KOSPI200,foreign,055550,신한지주,2622117,2001852,-620265,276996601054,211414168854,-65582432200,KRX MDCSTAT02401_OUT
recent3,KOSPI200,foreign,034020,두산에너빌리티,2264439,1447936,-816503,184917300600,118256999600,-66660301000,KRX MDCSTAT02401_OUT
recent3,KOSPI200,foreign,005380,현대차,618612,419991,-198621,214027521250,145477533000,-68549988250,KRX MDCSTAT02401_OUT
recent3,KOSPI200,foreign,000660,SK하이닉스,2900014,2321583,-578431,5225936104812,4190734758812,-1035201346000,KRX MDCSTAT02401_OUT
recent3,KOSPI200,foreign,005930,삼성전자,15148626,10847866,-4300760,4110581665265,2951437757515,-1159143907750,KRX MDCSTAT02401_OUT
recent3,KOSPI200,institution,009150,삼성전기,420435,487434,66999,643539355500,747144348000,103604992500,KRX MDCSTAT02401_OUT
recent3,KOSPI200,institution,042700,한미반도체,270803,528218,257415,71810126000,139753613750,67943487750,KRX MDCSTAT02401_OUT
recent3,KOSPI200,institution,066570,LG전자,237972,507397,269425,50662850250,107685522000,57022671750,KRX MDCSTAT02401_OUT
recent3,KOSPI200,institution,402340,SK스퀘어,399162,447216,48054,453218748500,509248338000,56029589500,KRX MDCSTAT02401_OUT
recent3,KOSPI200,institution,373220,LG에너지솔루션,161877,300837,138960,57956264000,108499299000,50543035000,KRX MDCSTAT02401_OUT
recent3,KOSPI200,institution,272210,한화시스템,436661,998083,561422,33853726700,78388755800,44535029100,KRX MDCSTAT02401_OUT
recent3,KOSPI200,institution,012450,한화에어로스페이스,62877,103165,40288,64508429000,106956719500,42448290500,KRX MDCSTAT02401_OUT
recent3,KOSPI200,institution,009830,한화솔루션,1098762,2312499,1213737,37942608675,80204333000,42261724325,KRX MDCSTAT02401_OUT
recent3,KOSPI200,institution,014680,한솔케미칼,27437,181867,154430,7373120250,49129875000,41756754750,KRX MDCSTAT02401_OUT
recent3,KOSPI200,institution,036570,NC,114833,286681,171848,26395742500,67154912500,40759170000,KRX MDCSTAT02401_OUT
recent3,KOSPI200,institution,055550,신한지주,784822,1166420,381598,82815776250,123135851400,40320075150,KRX MDCSTAT02401_OUT
recent3,KOSPI200,institution,079550,LIG디펜스앤에어로스페이스,61623,110802,49179,44043869500,80234771000,36190901500,KRX MDCSTAT02401_OUT
recent3,KOSPI200,institution,012330,현대모비스,295326,384268,88942,111403796750,145019722750,33615926000,KRX MDCSTAT02401_OUT
recent3,KOSPI200,institution,062040,산일전기,128134,271076,142942,27730088250,58435738250,30705650000,KRX MDCSTAT02401_OUT
recent3,KOSPI200,institution,011790,SKC,117140,405285,288145,11951570150,42006398650,30054828500,KRX MDCSTAT02401_OUT
recent3,KOSPI200,institution,006400,삼성SDI,181893,233445,51552,93880683000,121037821000,27157138000,KRX MDCSTAT02401_OUT
recent3,KOSPI200,institution,316140,우리금융지주,1552490,2365357,812867,52762922700,79639613930,26876691230,KRX MDCSTAT02401_OUT
recent3,KOSPI200,institution,010060,OCI홀딩스,76519,185770,109251,17209254250,42758808750,25549554500,KRX MDCSTAT02401_OUT
recent3,KOSPI200,institution,018880,한온시스템,2494177,8440514,5946337,9117857603,30875854315,21757996712,KRX MDCSTAT02401_OUT
recent3,KOSPI200,institution,112610,씨에스윈드,104763,462558,357795,5567416500,24926802100,19359385600,KRX MDCSTAT02401_OUT
recent3,KOSPI200,institution,007660,이수페타시스,332661,456317,123656,39461563150,54543659000,15082095850,KRX MDCSTAT02401_OUT
recent3,KOSPI200,institution,105560,KB금융,780702,871785,91083,131468918800,146465044900,14996126100,KRX MDCSTAT02401_OUT
recent3,KOSPI200,institution,093370,후성,882799,1796175,913376,13539267925,27982662810,14443394885,KRX MDCSTAT02401_OUT
recent3,KOSPI200,institution,051910,LG화학,107358,151388,44030,27342138000,38734525500,11392387500,KRX MDCSTAT02401_OUT
recent3,KOSPI200,institution,016360,삼성증권,135189,254695,119506,12043316100,22765386550,10722070450,KRX MDCSTAT02401_OUT
recent3,KOSPI200,institution,047050,포스코인터내셔널,193598,378917,185319,10871284050,21353138500,10481854450,KRX MDCSTAT02401_OUT
recent3,KOSPI200,institution,028670,팬오션,975778,2619235,1643457,5754173355,15782068400,10027895045,KRX MDCSTAT02401_OUT
recent3,KOSPI200,institution,192820,코스맥스,66486,102033,35547,18032958750,27782571250,9749612500,KRX MDCSTAT02401_OUT
recent3,KOSPI200,institution,138040,메리츠금융지주,109854,183461,73607,14013473600,23445513700,9432040100,KRX MDCSTAT02401_OUT
recent3,KOSPI200,institution,000990,DB하이텍,173153,236691,63538,24011856150,32973035150,8961179000,KRX MDCSTAT02401_OUT
recent3,KOSPI200,institution,009540,HD한국조선해양,90841,118264,27423,29431111500,38385305500,8954194000,KRX MDCSTAT02401_OUT
recent3,KOSPI200,institution,005940,NH투자증권,297567,622422,324855,7810409825,16417622975,8607213150,KRX MDCSTAT02401_OUT
recent3,KOSPI200,institution,082740,한화엔진,350479,514087,163608,17097370425,25147440100,8050069675,KRX MDCSTAT02401_OUT
recent3,KOSPI200,institution,139130,iM금융지주,184682,586909,402227,3381428225,10781143880,7399715655,KRX MDCSTAT02401_OUT
recent3,KOSPI200,institution,068270,셀트리온,249431,285368,35937,45068061700,51816583700,6748522000,KRX MDCSTAT02401_OUT
recent3,KOSPI200,institution,003670,포스코퓨처엠,200718,232454,31736,36524172650,42282931250,5758758600,KRX MDCSTAT02401_OUT
recent3,KOSPI200,institution,001440,대한전선,414218,577628,163410,12555852675,17638937050,5083084375,KRX MDCSTAT02401_OUT
recent3,KOSPI200,institution,003490,대한항공,1563780,1713323,149543,48787109750,53674198975,4887089225,KRX MDCSTAT02401_OUT
recent3,KOSPI200,institution,001430,세아베스틸지주,64705,162939,98234,2970869700,7537669250,4566799550,KRX MDCSTAT02401_OUT
recent3,KOSPI200,institution,047810,한국항공우주,125640,158154,32514,16121757550,20418863550,4297106000,KRX MDCSTAT02401_OUT
recent3,KOSPI200,institution,021240,코웨이,62704,104750,42046,6254382000,10503947450,4249565450,KRX MDCSTAT02401_OUT
recent3,KOSPI200,institution,006800,미래에셋증권,416010,540175,124165,13001019925,16920810825,3919790900,KRX MDCSTAT02401_OUT
recent3,KOSPI200,institution,0126Z0,삼성에피스홀딩스,10632,21386,10754,3839960250,7730674750,3890714500,KRX MDCSTAT02401_OUT
recent3,KOSPI200,institution,001040,CJ,47183,76491,29308,6268028750,10155912850,3887884100,KRX MDCSTAT02401_OUT
recent3,KOSPI200,institution,004370,농심,11141,19678,8537,4485521750,7932052500,3446530750,KRX MDCSTAT02401_OUT
recent3,KOSPI200,institution,457190,이수스페셜티케미컬,124933,167306,42373,9762085650,13173075050,3410989400,KRX MDCSTAT02401_OUT
recent3,KOSPI200,institution,003030,세아제강지주,36525,63688,27163,4186645100,7291974350,3105329250,KRX MDCSTAT02401_OUT
recent3,KOSPI200,institution,033780,KT&G,127716,143849,16133,22489932300,25350451500,2860519200,KRX MDCSTAT02401_OUT
recent3,KOSPI200,institution,010950,S-Oil,239858,254680,14822,37690859200,40513689900,2822830700,KRX MDCSTAT02401_OUT
recent3,KOSPI200,institution,030000,제일기획,438343,588148,149805,8163656950,10980041540,2816384590,KRX MDCSTAT02401_OUT
recent3,KOSPI200,institution,128940,한미약품,51131,55280,4149,25663968750,28045077750,2381109000,KRX MDCSTAT02401_OUT
recent3,KOSPI200,institution,005850,에스엘,39890,84559,44669,2014190350,4373029800,2358839450,KRX MDCSTAT02401_OUT
recent3,KOSPI200,institution,361610,SK아이이테크놀로지,123843,254619,130776,2081777855,4360474755,2278696900,KRX MDCSTAT02401_OUT
recent3,KOSPI200,institution,081660,미스토홀딩스,50316,105069,54753,1900227900,4017944675,2117716775,KRX MDCSTAT02401_OUT
recent3,KOSPI200,institution,454910,두산로보틱스,58689,87107,28418,4124068650,6198568000,2074499350,KRX MDCSTAT02401_OUT
recent3,KOSPI200,institution,008930,한미사이언스,68440,106691,38251,3620316500,5690315400,2069998900,KRX MDCSTAT02401_OUT
recent3,KOSPI200,institution,039490,키움증권,48394,54539,6145,12377038500,14055339750,1678301250,KRX MDCSTAT02401_OUT
recent3,KOSPI200,institution,009240,한샘,9389,44502,35113,366511000,1743249500,1376738500,KRX MDCSTAT02401_OUT
recent3,KOSPI200,institution,097950,CJ제일제당,25646,32295,6649,4574674050,5764254100,1189580050,KRX MDCSTAT02401_OUT
recent3,KOSPI200,institution,006280,녹십자,10634,18771,8137,1334641450,2387588550,1052947100,KRX MDCSTAT02401_OUT
recent3,KOSPI200,institution,024110,기업은행,504223,554523,50300,10175547100,11209801900,1034254800,KRX MDCSTAT02401_OUT
recent3,KOSPI200,institution,175330,JB금융지주,423212,456078,32866,12159011075,13161904600,1002893525,KRX MDCSTAT02401_OUT
recent3,KOSPI200,institution,000240,한국앤컴퍼니,23769,57657,33888,595913825,1447284975,851371150,KRX MDCSTAT02401_OUT
recent3,KOSPI200,institution,138930,BNK금융지주,377240,427869,50629,5972494630,6787282445,814787815,KRX MDCSTAT02401_OUT
recent3,KOSPI200,institution,069620,대웅제약,14109,20500,6391,1520394700,2213800150,693405450,KRX MDCSTAT02401_OUT
recent3,KOSPI200,institution,000810,삼성화재,42911,43927,1016,26974908000,27637058500,662150500,KRX MDCSTAT02401_OUT
recent3,KOSPI200,institution,022100,포스코DX,98407,126530,28123,1994458720,2567382140,572923420,KRX MDCSTAT02401_OUT
recent3,KOSPI200,institution,326030,SK바이오팜,46737,54062,7325,3514280050,4074169100,559889050,KRX MDCSTAT02401_OUT
recent3,KOSPI200,institution,004990,롯데지주,41704,61296,19592,995151025,1465511575,470360550,KRX MDCSTAT02401_OUT
recent3,KOSPI200,institution,073240,금호타이어,246902,313535,66633,1683278050,2144632520,461354470,KRX MDCSTAT02401_OUT
recent3,KOSPI200,institution,026960,동서,45201,58116,12915,1179409375,1557711875,378302500,KRX MDCSTAT02401_OUT
recent3,KOSPI200,institution,009970,영원무역홀딩스,6396,8523,2127,1035093100,1379487800,344394700,KRX MDCSTAT02401_OUT
recent3,KOSPI200,institution,300720,한일시멘트,35835,50260,14425,577897055,812340845,234443790,KRX MDCSTAT02401_OUT
recent3,KOSPI200,institution,005420,코스모화학,39876,59892,20016,420867310,636205300,215337990,KRX MDCSTAT02401_OUT
recent3,KOSPI200,institution,035250,강원랜드,133492,147121,13629,1905308835,2100385965,195077130,KRX MDCSTAT02401_OUT
recent3,KOSPI200,institution,066970,엘앤에프,262004,263420,1416,29445499050,29602741400,157242350,KRX MDCSTAT02401_OUT
recent3,KOSPI200,institution,008730,율촌화학,13532,22160,8628,197492980,324726400,127233420,KRX MDCSTAT02401_OUT
recent3,KOSPI200,institution,002030,아세아,1390,1924,534,279251850,389230350,109978500,KRX MDCSTAT02401_OUT
recent3,KOSPI200,institution,007310,오뚜기,1271,1499,228,400175750,472487000,72311250,KRX MDCSTAT02401_OUT
recent3,KOSPI200,institution,137310,에스디바이오센서,48854,59693,10839,302371305,371102255,68730950,KRX MDCSTAT02401_OUT
recent3,KOSPI200,institution,047040,대우건설,1741948,1742401,453,30866768370,30928712680,61944310,KRX MDCSTAT02401_OUT
recent3,KOSPI200,institution,003090,대웅,54157,57144,2987,831619580,879511450,47891870,KRX MDCSTAT02401_OUT
recent3,KOSPI200,institution,069260,TKG휴켐스,33645,36667,3022,533365975,581043230,47677255,KRX MDCSTAT02401_OUT
recent3,KOSPI200,institution,003240,태광산업,1395,1411,16,1256675000,1274855000,18180000,KRX MDCSTAT02401_OUT
recent3,KOSPI200,institution,002840,미원상사,2459,2539,80,331782800,343750850,11968050,KRX MDCSTAT02401_OUT
recent3,KOSPI200,institution,007700,F&F홀딩스,1905,1823,-82,25418770,24330130,-1088640,KRX MDCSTAT02401_OUT
recent3,KOSPI200,institution,298050,HS효성첨단소재,4906,4883,-23,791644500,788413750,-3230750,KRX MDCSTAT02401_OUT
recent3,KOSPI200,institution,268280,미원에스씨,903,817,-86,115398550,104316650,-11081900,KRX MDCSTAT02401_OUT
recent3,KOSPI200,institution,017960,한국카본,77438,75774,-1664,1564926840,1541593545,-23333295,KRX MDCSTAT02401_OUT
recent3,KOSPI200,institution,014820,동원시스템즈,20747,17710,-3037,436888925,373875900,-63013025,KRX MDCSTAT02401_OUT
recent3,KOSPI200,institution,005300,롯데칠성,5113,4406,-707,485523500,418506050,-67017450,KRX MDCSTAT02401_OUT
recent3,KOSPI200,institution,011210,현대위아,28516,27010,-1506,1498817800,1423199950,-75617850,KRX MDCSTAT02401_OUT
recent3,KOSPI200,institution,052690,한전기술,119909,119158,-751,15007622650,14931223850,-76398800,KRX MDCSTAT02401_OUT
recent3,KOSPI200,institution,001680,대상,33206,27189,-6017,592818650,486415495,-106403155,KRX MDCSTAT02401_OUT
recent3,KOSPI200,institution,000080,하이트진로,53252,43175,-10077,788716855,638823925,-149892930,KRX MDCSTAT02401_OUT
recent3,KOSPI200,institution,483650,달바글로벌,38472,37273,-1199,7086254250,6926265400,-159988850,KRX MDCSTAT02401_OUT
recent3,KOSPI200,institution,185750,종근당,9224,6194,-3030,595001350,400520000,-194481350,KRX MDCSTAT02401_OUT
recent3,KOSPI200,institution,071320,지역난방공사,8269,5552,-2717,648712550,436903200,-211809350,KRX MDCSTAT02401_OUT
recent3,KOSPI200,institution,001800,오리온홀딩스,55443,45354,-10089,1283502675,1053780025,-229722650,KRX MDCSTAT02401_OUT
recent3,KOSPI200,institution,006040,동원산업,16572,8748,-7824,585114775,308890850,-276223925,KRX MDCSTAT02401_OUT
recent3,KOSPI200,institution,323410,카카오뱅크,466377,452907,-13470,9259227155,8960774670,-298452485,KRX MDCSTAT02401_OUT
recent3,KOSPI200,institution,032640,LG유플러스,476057,454570,-21487,6920531740,6602419250,-318112490,KRX MDCSTAT02401_OUT
recent3,KOSPI200,institution,139480,이마트,49869,45161,-4708,3556144100,3230488150,-325655950,KRX MDCSTAT02401_OUT
recent3,KOSPI200,institution,000670,영풍,22072,13851,-8221,901087750,570542500,-330545250,KRX MDCSTAT02401_OUT
recent3,KOSPI200,institution,003550,LG,101208,97798,-3410,11180725750,10792273100,-388452650,KRX MDCSTAT02401_OUT
recent3,KOSPI200,institution,000880,한화,33909,30800,-3109,4274141700,3874609850,-399531850,KRX MDCSTAT02401_OUT
recent3,KOSPI200,institution,192080,더블유게임즈,23050,15849,-7201,1339483250,922156300,-417326950,KRX MDCSTAT02401_OUT
recent3,KOSPI200,institution,285130,SK케미칼,31759,23244,-8515,1628858950,1195530600,-433328350,KRX MDCSTAT02401_OUT
recent3,KOSPI200,institution,012750,에스원,38708,33105,-5603,3207066400,2744555850,-462510550,KRX MDCSTAT02401_OUT
recent3,KOSPI200,institution,282330,BGF리테일,23154,19355,-3799,2975981500,2489700750,-486280750,KRX MDCSTAT02401_OUT
recent3,KOSPI200,institution,004000,롯데정밀화학,32391,20961,-11430,1390119075,900426975,-489692100,KRX MDCSTAT02401_OUT
recent3,KOSPI200,institution,302440,SK바이오사이언스,49714,36179,-13535,1808456500,1316447550,-492008950,KRX MDCSTAT02401_OUT
recent3,KOSPI200,institution,377300,카카오페이,80952,66547,-14405,3229769325,2660768300,-569001025,KRX MDCSTAT02401_OUT
recent3,KOSPI200,institution,029780,삼성카드,60187,45460,-14727,2524147025,1911519075,-612627950,KRX MDCSTAT02401_OUT
recent3,KOSPI200,institution,006650,대한유화,12471,4890,-7581,1109487800,436157150,-673330650,KRX MDCSTAT02401_OUT
recent3,KOSPI200,institution,009420,한올바이오파마,271156,250925,-20231,12305075950,11618443375,-686632575,KRX MDCSTAT02401_OUT
recent3,KOSPI200,institution,280360,롯데웰푸드,15042,8839,-6203,1812715050,1073934800,-738780250,KRX MDCSTAT02401_OUT
recent3,KOSPI200,institution,000210,DL,44465,28084,-16381,2191914150,1393121725,-798792425,KRX MDCSTAT02401_OUT
recent3,KOSPI200,institution,000120,CJ대한통운,31446,19178,-12268,2198183300,1344170450,-854012850,KRX MDCSTAT02401_OUT
recent3,KOSPI200,institution,007340,DN오토모티브,97632,80166,-17466,4823581600,3963116150,-860465450,KRX MDCSTAT02401_OUT
recent3,KOSPI200,institution,069960,현대백화점,25196,13709,-11487,2236064650,1218731650,-1017333000,KRX MDCSTAT02401_OUT
recent3,KOSPI200,institution,034230,파라다이스,209987,100615,-109372,1961932655,943599845,-1018332810,KRX MDCSTAT02401_OUT
recent3,KOSPI200,institution,180640,한진칼,59976,51887,-8089,7948296500,6881644650,-1066651850,KRX MDCSTAT02401_OUT
recent3,KOSPI200,institution,005490,POSCO홀딩스,156890,152778,-4112,48154811750,46971190250,-1183621500,KRX MDCSTAT02401_OUT
recent3,KOSPI200,institution,011170,롯데케미칼,94041,73751,-20290,5650707950,4462064050,-1188643900,KRX MDCSTAT02401_OUT
recent3,KOSPI200,institution,450080,에코프로머티,258851,226685,-32166,9510181850,8271829050,-1238352800,KRX MDCSTAT02401_OUT
recent3,KOSPI200,institution,002790,아모레퍼시픽홀딩스,98914,48183,-50731,2495290950,1229413500,-1265877450,KRX MDCSTAT02401_OUT
recent3,KOSPI200,institution,071970,HD현대마린엔진,81290,54249,-27041,3956301250,2649274875,-1307026375,KRX MDCSTAT02401_OUT
recent3,KOSPI200,institution,204320,HL만도,89724,61095,-28629,4148750800,2838552375,-1310198425,KRX MDCSTAT02401_OUT
recent3,KOSPI200,institution,036460,한국가스공사,96069,58315,-37754,3370141150,2052075650,-1318065500,KRX MDCSTAT02401_OUT
recent3,KOSPI200,institution,088350,한화생명,1143694,866719,-276975,6181797235,4639229815,-1542567420,KRX MDCSTAT02401_OUT
recent3,KOSPI200,institution,111770,영원무역,55338,32553,-22785,3770813700,2223884300,-1546929400,KRX MDCSTAT02401_OUT
recent3,KOSPI200,institution,007070,GS리테일,104326,33301,-71025,2316746300,740006925,-1576739375,KRX MDCSTAT02401_OUT
recent3,KOSPI200,institution,011780,금호석유화학,35547,21611,-13936,4103603000,2501236750,-1602366250,KRX MDCSTAT02401_OUT
recent3,KOSPI200,institution,251270,넷마블,129131,82585,-46546,4506781050,2886391475,-1620389575,KRX MDCSTAT02401_OUT
recent3,KOSPI200,institution,034220,LG디스플레이,808674,611058,-197616,6832947915,5189640135,-1643307780,KRX MDCSTAT02401_OUT
recent3,KOSPI200,institution,207940,삼성바이오로직스,43521,42186,-1335,60965366000,59313820500,-1651545500,KRX MDCSTAT02401_OUT
recent3,KOSPI200,institution,017800,현대엘리베이터,71280,47282,-23998,5157313850,3438965700,-1718348150,KRX MDCSTAT02401_OUT
recent3,KOSPI200,institution,103140,풍산,62687,40636,-22051,4897741150,3178238650,-1719502500,KRX MDCSTAT02401_OUT
recent3,KOSPI200,institution,064400,LG씨엔에스,133738,108107,-25631,9330541550,7587294750,-1743246800,KRX MDCSTAT02401_OUT
recent3,KOSPI200,institution,051600,한전KPS,131052,87050,-44002,5764869450,3845551000,-1919318450,KRX MDCSTAT02401_OUT
recent3,KOSPI200,institution,002380,KCC,10487,5984,-4503,4926714750,2817025000,-2109689750,KRX MDCSTAT02401_OUT
recent3,KOSPI200,institution,018260,삼성에스디에스,77819,66774,-11045,17035516750,14665149000,-2370367750,KRX MDCSTAT02401_OUT
recent3,KOSPI200,institution,034730,SK,103738,98647,-5091,60374187500,57525988000,-2848199500,KRX MDCSTAT02401_OUT
recent3,KOSPI200,institution,000100,유한양행,161052,120899,-40153,11847734550,8905574000,-2942160550,KRX MDCSTAT02401_OUT
recent3,KOSPI200,institution,241560,두산밥캣,121286,66845,-54441,6621605850,3660194900,-2961410950,KRX MDCSTAT02401_OUT
recent3,KOSPI200,institution,001450,현대해상,263569,178836,-84733,12579961475,8565615625,-4014345850,KRX MDCSTAT02401_OUT
recent3,KOSPI200,institution,090430,아모레퍼시픽,224267,194192,-30075,30542544050,26525112100,-4017431950,KRX MDCSTAT02401_OUT
recent3,KOSPI200,institution,086280,현대글로비스,105972,85243,-20729,20971148600,16912197550,-4058951050,KRX MDCSTAT02401_OUT
recent3,KOSPI200,institution,352820,하이브,136390,107735,-28655,21263962350,16837628900,-4426333450,KRX MDCSTAT02401_OUT
recent3,KOSPI200,institution,008770,호텔신라,192191,69418,-122773,7541873175,2720581325,-4821291850,KRX MDCSTAT02401_OUT
recent3,KOSPI200,institution,443060,HD현대마린솔루션,57283,36571,-20712,13473745750,8610880250,-4862865500,KRX MDCSTAT02401_OUT
recent3,KOSPI200,institution,011200,HMM,645221,400584,-244637,13552942375,8474087300,-5078855075,KRX MDCSTAT02401_OUT
recent3,KOSPI200,institution,023530,롯데쇼핑,91506,39726,-51780,9196295000,4008097750,-5188197250,KRX MDCSTAT02401_OUT
recent3,KOSPI200,institution,120110,코오롱인더,145388,41138,-104250,8008412150,2276716800,-5731695350,KRX MDCSTAT02401_OUT
recent3,KOSPI200,institution,271560,오리온,88394,31547,-56847,9375432550,3350527250,-6024905300,KRX MDCSTAT02401_OUT
recent3,KOSPI200,institution,375500,DL이앤씨,215379,135498,-79881,16411525900,10376701350,-6034824550,KRX MDCSTAT02401_OUT
recent3,KOSPI200,institution,005830,DB손해보험,145456,111369,-34087,26558826650,20433751900,-6125074750,KRX MDCSTAT02401_OUT
recent3,KOSPI200,institution,028260,삼성물산,239045,220129,-18916,82070875250,75755776000,-6315099250,KRX MDCSTAT02401_OUT
recent3,KOSPI200,institution,298020,효성티앤씨,34396,11008,-23388,9461276250,3030057250,-6431219000,KRX MDCSTAT02401_OUT
recent3,KOSPI200,institution,161390,한국타이어앤테크놀로지,243474,130285,-113189,14306035750,7691942550,-6614093200,KRX MDCSTAT02401_OUT
recent3,KOSPI200,institution,051900,LG생활건강,61964,36812,-25152,16632413750,9959128500,-6673285250,KRX MDCSTAT02401_OUT
recent3,KOSPI200,institution,035720,카카오,630252,425122,-205130,21051315000,14236098750,-6815216250,KRX MDCSTAT02401_OUT
recent3,KOSPI200,institution,267250,HD현대,148803,114462,-34341,29744869850,22890301300,-6854568550,KRX MDCSTAT02401_OUT
recent3,KOSPI200,institution,307950,현대오토에버,34349,14265,-20084,12887089750,5362719500,-7524370250,KRX MDCSTAT02401_OUT
recent3,KOSPI200,institution,010140,삼성중공업,1861981,1453607,-408374,36769413780,28757144835,-8012268945,KRX MDCSTAT02401_OUT
recent3,KOSPI200,institution,015760,한국전력,854742,586733,-268009,25689715250,17648130525,-8041584725,KRX MDCSTAT02401_OUT
recent3,KOSPI200,institution,032830,삼성생명,185537,156117,-29420,52468183000,44226303750,-8241879250,KRX MDCSTAT02401_OUT
recent3,KOSPI200,institution,259960,크래프톤,109085,67003,-42082,21528943150,13250847950,-8278095200,KRX MDCSTAT02401_OUT
recent3,KOSPI200,institution,010120,LS ELECTRIC,217128,174803,-42325,44373723800,35894114300,-8479609500,KRX MDCSTAT02401_OUT
recent3,KOSPI200,institution,071050,한국금융지주,160097,111535,-48562,28503138650,19908557450,-8594581200,KRX MDCSTAT02401_OUT
recent3,KOSPI200,institution,028050,삼성E&A,568394,364454,-203940,27033333550,17354043450,-9679290100,KRX MDCSTAT02401_OUT
recent3,KOSPI200,institution,010130,고려아연,18479,9324,-9155,19707874500,9987560000,-9720314500,KRX MDCSTAT02401_OUT
recent3,KOSPI200,institution,003230,삼양식품,31871,23720,-8151,38743593500,28932483000,-9811110500,KRX MDCSTAT02401_OUT
recent3,KOSPI200,institution,011070,LG이노텍,137728,119394,-18334,78085608000,68167084000,-9918524000,KRX MDCSTAT02401_OUT
recent3,KOSPI200,institution,030200,KT,417357,201842,-215515,21671157400,10483259550,-11187897850,KRX MDCSTAT02401_OUT
recent3,KOSPI200,institution,064350,현대로템,355370,254363,-101007,40315978700,28918324300,-11397654400,KRX MDCSTAT02401_OUT
recent3,KOSPI200,institution,004020,현대제철,599052,209328,-389724,18001675850,6314514125,-11687161725,KRX MDCSTAT02401_OUT
recent3,KOSPI200,institution,278470,에이피알,136256,102888,-33368,49799425750,37670937750,-12128488000,KRX MDCSTAT02401_OUT
recent3,KOSPI200,institution,034020,두산에너빌리티,1508895,1352400,-156495,123162679550,110429483000,-12733196550,KRX MDCSTAT02401_OUT
recent3,KOSPI200,institution,017670,SK텔레콤,501823,327953,-173870,43395897700,28501078000,-14894819700,KRX MDCSTAT02401_OUT
recent3,KOSPI200,institution,004170,신세계,65310,17581,-47729,21638920250,5828416250,-15810504000,KRX MDCSTAT02401_OUT
recent3,KOSPI200,institution,161890,한국콜마,302721,168255,-134466,42333935800,23822238100,-18511697700,KRX MDCSTAT02401_OUT
recent3,KOSPI200,institution,078930,GS,449445,259998,-189447,46879637900,27152667500,-19726970400,KRX MDCSTAT02401_OUT
recent3,KOSPI200,institution,298040,효성중공업,23914,16577,-7337,66509076000,46176256500,-20332819500,KRX MDCSTAT02401_OUT
recent3,KOSPI200,institution,042660,한화오션,601434,288843,-312591,47162057900,22706782750,-24455275150,KRX MDCSTAT02401_OUT
recent3,KOSPI200,institution,000270,기아,681986,456822,-225164,77036533050,51666995200,-25369537850,KRX MDCSTAT02401_OUT
recent3,KOSPI200,institution,086790,하나금융지주,766811,567957,-198854,99494905100,73635666900,-25859238200,KRX MDCSTAT02401_OUT
recent3,KOSPI200,institution,006260,LS,139405,49401,-90004,41647072000,14913538000,-26733534000,KRX MDCSTAT02401_OUT
recent3,KOSPI200,institution,267260,HD현대일렉트릭,121788,80293,-41495,81264263500,53866626000,-27397637500,KRX MDCSTAT02401_OUT
recent3,KOSPI200,institution,005380,현대차,431735,322711,-109024,149419811000,111801347500,-37618463500,KRX MDCSTAT02401_OUT
recent3,KOSPI200,institution,000720,현대건설,595163,240358,-354805,68874155600,27968075250,-40906080350,KRX MDCSTAT02401_OUT
recent3,KOSPI200,institution,329180,HD현대중공업,240985,133237,-107748,103464124750,57401533500,-46062591250,KRX MDCSTAT02401_OUT
recent3,KOSPI200,institution,096770,SK이노베이션,947888,609201,-338687,136868329350,89663465750,-47204863600,KRX MDCSTAT02401_OUT
recent3,KOSPI200,institution,267270,HD건설기계,491226,74451,-416775,58480243950,9035654450,-49444589500,KRX MDCSTAT02401_OUT
recent3,KOSPI200,institution,000660,SK하이닉스,2380630,2345442,-35188,4299895022500,4246535065500,-53359957000,KRX MDCSTAT02401_OUT
recent3,KOSPI200,institution,000150,두산,94714,43152,-51562,126791903000,58549316000,-68242587000,KRX MDCSTAT02401_OUT
recent3,KOSPI200,institution,035420,NAVER,616713,258592,-358121,118560464400,49778765750,-68781698650,KRX MDCSTAT02401_OUT
recent3,KOSPI200,institution,005930,삼성전자,17916163,17167386,-748777,4873429324000,4677749845250,-195679478750,KRX MDCSTAT02401_OUT
recent3,KOSDAQ150,foreign,080220,제주반도체,1562453,2123088,560635,136124542400,183716293000,47591750600,KRX MDCSTAT02401_OUT
recent3,KOSDAQ150,foreign,086520,에코프로,434068,940376,506308,36904136000,79748670050,42844534050,KRX MDCSTAT02401_OUT
recent3,KOSDAQ150,foreign,222800,심텍,572501,756370,183869,90762441050,121707606750,30945165700,KRX MDCSTAT02401_OUT
recent3,KOSDAQ150,foreign,036540,SFA반도체,4945001,7666815,2721814,55433049925,85646445940,30213396015,KRX MDCSTAT02401_OUT
recent3,KOSDAQ150,foreign,098460,고영,1157159,2071814,914655,38178868675,68376206600,30197337925,KRX MDCSTAT02401_OUT
recent3,KOSDAQ150,foreign,108490,로보티즈,148381,234073,85692,43895544000,69663380000,25767836000,KRX MDCSTAT02401_OUT
recent3,KOSDAQ150,foreign,214450,파마리서치,77351,150335,72984,24165412250,46675697000,22510284750,KRX MDCSTAT02401_OUT
recent3,KOSDAQ150,foreign,067310,하나마이크론,1620778,2038133,417355,80803216275,103177954750,22374738475,KRX MDCSTAT02401_OUT
recent3,KOSDAQ150,foreign,277810,레인보우로보틱스,36321,83843,47522,15681522250,36671511500,20989989250,KRX MDCSTAT02401_OUT
recent3,KOSDAQ150,foreign,247540,에코프로비엠,381078,510542,129464,42434282600,57028683350,14594400750,KRX MDCSTAT02401_OUT
recent3,KOSDAQ150,foreign,089030,테크윙,676740,938704,261964,37085861550,51311534650,14225673100,KRX MDCSTAT02401_OUT
recent3,KOSDAQ150,foreign,058610,에스피지,66632,161182,94550,6701048000,16186666100,9485618100,KRX MDCSTAT02401_OUT
recent3,KOSDAQ150,foreign,036930,주성엔지니어링,907443,946311,38868,214766150000,223920550250,9154400250,KRX MDCSTAT02401_OUT
recent3,KOSDAQ150,foreign,043260,성호전자,3357453,3641247,283794,96576544150,105560204450,8983660300,KRX MDCSTAT02401_OUT
recent3,KOSDAQ150,foreign,078600,대주전자재료,242478,320902,78424,24690075250,32891555450,8201480200,KRX MDCSTAT02401_OUT
recent3,KOSDAQ150,foreign,161580,필옵틱스,339841,528065,188224,13655779725,21086859325,7431079600,KRX MDCSTAT02401_OUT
recent3,KOSDAQ150,foreign,031980,피에스케이홀딩스,104421,143994,39573,19383879150,26758247750,7374368600,KRX MDCSTAT02401_OUT
recent3,KOSDAQ150,foreign,041190,우리기술투자,2238486,3353148,1114662,14122117610,21166170395,7044052785,KRX MDCSTAT02401_OUT
recent3,KOSDAQ150,foreign,196170,알테오젠,225504,252784,27280,58610321250,65550957000,6940635750,KRX MDCSTAT02401_OUT
recent3,KOSDAQ150,foreign,253590,네오셈,1183829,1645640,461811,17454816135,24365297975,6910481840,KRX MDCSTAT02401_OUT
recent3,KOSDAQ150,foreign,096530,씨젠,462776,648819,186043,16573303325,23230169200,6656865875,KRX MDCSTAT02401_OUT
recent3,KOSDAQ150,foreign,125490,한라캐스트,1105588,1523254,417666,14250286610,19510075690,5259789080,KRX MDCSTAT02401_OUT
recent3,KOSDAQ150,foreign,466100,클로봇,90173,283867,193694,2082750400,6560808675,4478058275,KRX MDCSTAT02401_OUT
recent3,KOSDAQ150,foreign,131290,티에스이,75383,89057,13674,22112725500,26041832250,3929106750,KRX MDCSTAT02401_OUT
recent3,KOSDAQ150,foreign,399720,가온칩스,68721,150162,81441,3265850725,7124491500,3858640775,KRX MDCSTAT02401_OUT
recent3,KOSDAQ150,foreign,090710,휴림로봇,609497,1203725,594228,3841831680,7576237930,3734406250,KRX MDCSTAT02401_OUT
recent3,KOSDAQ150,foreign,293490,카카오게임즈,408461,768193,359732,3991322925,7570923165,3579600240,KRX MDCSTAT02401_OUT
recent3,KOSDAQ150,foreign,263750,펄어비스,243285,337149,93864,8096266800,11217018500,3120751700,KRX MDCSTAT02401_OUT
recent3,KOSDAQ150,foreign,056080,유진로봇,299618,549165,249547,3655833260,6668301255,3012467995,KRX MDCSTAT02401_OUT
recent3,KOSDAQ150,foreign,090360,로보스타,54816,92038,37222,4254956750,7166296850,2911340100,KRX MDCSTAT02401_OUT
recent3,KOSDAQ150,foreign,053800,안랩,75295,107563,32268,5806316150,8274413100,2468096950,KRX MDCSTAT02401_OUT
recent3,KOSDAQ150,foreign,237690,에스티팜,68458,93508,25050,6399150850,8753607700,2354456850,KRX MDCSTAT02401_OUT
recent3,KOSDAQ150,foreign,420770,기가비스,49310,67122,17812,6434262900,8697732700,2263469800,KRX MDCSTAT02401_OUT
recent3,KOSDAQ150,foreign,060370,LS마린솔루션,114179,183523,69344,3740636175,5961135250,2220499075,KRX MDCSTAT02401_OUT
recent3,KOSDAQ150,foreign,310210,보로노이,103625,117953,14328,14685292900,16643227450,1957934550,KRX MDCSTAT02401_OUT
recent3,KOSDAQ150,foreign,068760,셀트리온제약,58209,107065,48856,2239685775,4148803300,1909117525,KRX MDCSTAT02401_OUT
recent3,KOSDAQ150,foreign,065350,신성델타테크,71134,130581,59447,2267239150,4148545525,1881306375,KRX MDCSTAT02401_OUT
recent3,KOSDAQ150,foreign,0009K0,에임드바이오,111775,190206,78431,2696211200,4500167650,1803956450,KRX MDCSTAT02401_OUT
recent3,KOSDAQ150,foreign,124500,아이티센글로벌,103760,161146,57386,3009922725,4663331100,1653408375,KRX MDCSTAT02401_OUT
recent3,KOSDAQ150,foreign,033100,제룡전기,66245,98479,32234,3224886050,4779440400,1554554350,KRX MDCSTAT02401_OUT
recent3,KOSDAQ150,foreign,025980,아난티,676292,990654,314362,3329597672,4851753664,1522155992,KRX MDCSTAT02401_OUT
recent3,KOSDAQ150,foreign,100790,미래에셋벤처투자,351091,432729,81638,6199761665,7648646530,1448884865,KRX MDCSTAT02401_OUT
recent3,KOSDAQ150,foreign,241710,코스메카코리아,260732,273215,12483,29807075400,31150472250,1343396850,KRX MDCSTAT02401_OUT
recent3,KOSDAQ150,foreign,388720,유일로보틱스,13239,32422,19183,906480200,2225308950,1318828750,KRX MDCSTAT02401_OUT
recent3,KOSDAQ150,foreign,348370,엔켐,154369,214364,59995,3392212550,4664098450,1271885900,KRX MDCSTAT02401_OUT
recent3,KOSDAQ150,foreign,437730,삼현,167822,193372,25550,8440864200,9680960600,1240096400,KRX MDCSTAT02401_OUT
recent3,KOSDAQ150,foreign,048410,현대바이오,882469,1057284,174815,6208138365,7442202010,1234063645,KRX MDCSTAT02401_OUT
recent3,KOSDAQ150,foreign,232140,와이씨,3014766,3090678,75912,47463667060,48685501320,1221834260,KRX MDCSTAT02401_OUT
recent3,KOSDAQ150,foreign,137400,피엔티,159566,194244,34678,4930293050,6007493600,1077200550,KRX MDCSTAT02401_OUT
recent3,KOSDAQ150,foreign,030530,원익홀딩스,824293,858495,34202,23051281325,24094373075,1043091750,KRX MDCSTAT02401_OUT
recent3,KOSDAQ150,foreign,050890,쏠리드,1649976,1759108,109132,17097173420,18102641330,1005467910,KRX MDCSTAT02401_OUT
recent3,KOSDAQ150,foreign,323280,태성,444113,458823,14710,25876810700,26843490900,966680200,KRX MDCSTAT02401_OUT
recent3,KOSDAQ150,foreign,025320,시노펙스,373093,621047,247954,1459583854,2422040924,962457070,KRX MDCSTAT02401_OUT
recent3,KOSDAQ150,foreign,171090,선익시스템,39357,52670,13313,2914686800,3867803750,953116950,KRX MDCSTAT02401_OUT
recent3,KOSDAQ150,foreign,082270,젬백스,131573,216945,85372,1454720615,2348220300,893499685,KRX MDCSTAT02401_OUT
recent3,KOSDAQ150,foreign,009520,포스코엠텍,150332,218829,68497,1937450645,2813827220,876376575,KRX MDCSTAT02401_OUT
recent3,KOSDAQ150,foreign,475830,오름테라퓨틱,384203,413945,29742,8497342700,9350093375,852750675,KRX MDCSTAT02401_OUT
recent3,KOSDAQ150,foreign,007390,네이처셀,163794,196551,32757,4047684850,4863433775,815748925,KRX MDCSTAT02401_OUT
recent3,KOSDAQ150,foreign,278280,천보,23146,40819,17673,854485425,1504137825,649652400,KRX MDCSTAT02401_OUT
recent3,KOSDAQ150,foreign,189300,인텔리안테크,62995,72177,9182,4427135700,5073742500,646606800,KRX MDCSTAT02401_OUT
recent3,KOSDAQ150,foreign,358570,지아이이노베이션,462123,531748,69625,4127987170,4738192520,610205350,KRX MDCSTAT02401_OUT
recent3,KOSDAQ150,foreign,003380,하림지주,227346,280341,52995,2489895490,3086425010,596529520,KRX MDCSTAT02401_OUT
recent3,KOSDAQ150,foreign,215200,메가스터디교육,49595,64416,14821,1840312850,2392394200,552081350,KRX MDCSTAT02401_OUT
recent3,KOSDAQ150,foreign,052400,코나아이,39237,53104,13867,1486389775,2014142375,527752600,KRX MDCSTAT02401_OUT
recent3,KOSDAQ150,foreign,056190,SFA,242866,257633,14767,7324030750,7835212475,511181725,KRX MDCSTAT02401_OUT
recent3,KOSDAQ150,foreign,038500,삼표시멘트,180815,255002,74187,1204365510,1695070200,490704690,KRX MDCSTAT02401_OUT
recent3,KOSDAQ150,foreign,033500,동성화인텍,93266,120674,27408,1494391770,1933288610,438896840,KRX MDCSTAT02401_OUT
recent3,KOSDAQ150,foreign,015750,성우하이텍,131404,192378,60974,767085370,1129132725,362047355,KRX MDCSTAT02401_OUT
recent3,KOSDAQ150,foreign,112040,위메이드,137310,157688,20378,2084629320,2432986575,348357255,KRX MDCSTAT02401_OUT
recent3,KOSDAQ150,foreign,060250,NHN KCP,158570,182983,24413,2155283990,2476792690,321508700,KRX MDCSTAT02401_OUT
recent3,KOSDAQ150,foreign,006730,서부T&D,303417,329371,25954,3318572180,3623263080,304690900,KRX MDCSTAT02401_OUT
recent3,KOSDAQ150,foreign,025900,동화기업,34342,73777,39435,249157250,533570330,284413080,KRX MDCSTAT02401_OUT
recent3,KOSDAQ150,foreign,213420,덕산네오룩스,103205,111301,8096,3073659025,3315870850,242211825,KRX MDCSTAT02401_OUT
recent3,KOSDAQ150,foreign,251970,펌텍코리아,95963,100863,4900,5968166850,6197441650,229274800,KRX MDCSTAT02401_OUT
recent3,KOSDAQ150,foreign,214150,클래시스,245278,252623,7345,7555667400,7779845600,224178200,KRX MDCSTAT02401_OUT
recent3,KOSDAQ150,foreign,101730,위메이드맥스,132084,164478,32394,613478760,767778260,154299500,KRX MDCSTAT02401_OUT
recent3,KOSDAQ150,foreign,060280,큐렉소,189699,194734,5035,1616059010,1648689855,32630845,KRX MDCSTAT02401_OUT
recent3,KOSDAQ150,foreign,018290,브이티,207759,205339,-2420,2582069690,2556462355,-25607335,KRX MDCSTAT02401_OUT
recent3,KOSDAQ150,foreign,032190,다우데이타,65695,62567,-3128,1249411915,1190468715,-58943200,KRX MDCSTAT02401_OUT
recent3,KOSDAQ150,foreign,032500,케이엠더블유,244373,241434,-2939,4986873005,4904922320,-81950685,KRX MDCSTAT02401_OUT
recent3,KOSDAQ150,foreign,352480,씨앤씨인터내셔널,13053,8783,-4270,272932450,183138800,-89793650,KRX MDCSTAT02401_OUT
recent3,KOSDAQ150,foreign,036620,감성코퍼레이션,240531,208176,-32355,894539890,774126410,-120413480,KRX MDCSTAT02401_OUT
recent3,KOSDAQ150,foreign,067160,SOOP,54501,49676,-4825,1983161975,1806842750,-176319225,KRX MDCSTAT02401_OUT
recent3,KOSDAQ150,foreign,140860,파크시스템스,64276,63509,-767,18660993500,18431163250,-229830250,KRX MDCSTAT02401_OUT
recent3,KOSDAQ150,foreign,253450,스튜디오드래곤,59507,42871,-16636,1210879000,872592375,-338286625,KRX MDCSTAT02401_OUT
recent3,KOSDAQ150,foreign,194480,데브시스터즈,58070,33149,-24921,815956395,466267500,-349688895,KRX MDCSTAT02401_OUT
recent3,KOSDAQ150,foreign,376300,디어유,149008,129398,-19610,2754530655,2400899855,-353630800,KRX MDCSTAT02401_OUT
recent3,KOSDAQ150,foreign,085660,차바이오텍,226165,169396,-56769,1903239635,1417098285,-486141350,KRX MDCSTAT02401_OUT
recent3,KOSDAQ150,foreign,030520,한컴,92412,63978,-28434,1596952720,1107207225,-489745495,KRX MDCSTAT02401_OUT
recent3,KOSDAQ150,foreign,272290,이녹스첨단소재,104141,82327,-21814,2322856850,1813856325,-509000525,KRX MDCSTAT02401_OUT
recent3,KOSDAQ150,foreign,082920,비츠로셀,210493,190850,-19643,6095938625,5520943075,-574995550,KRX MDCSTAT02401_OUT
recent3,KOSDAQ150,foreign,211050,인카금융서비스,106408,43589,-62819,1033200790,419627010,-613573780,KRX MDCSTAT02401_OUT
recent3,KOSDAQ150,foreign,225570,넥슨게임즈,178668,119713,-58955,1898484220,1266522780,-631961440,KRX MDCSTAT02401_OUT
recent3,KOSDAQ150,foreign,281740,레이크머티리얼즈,799677,734657,-65020,9538303390,8823497360,-714806030,KRX MDCSTAT02401_OUT
recent3,KOSDAQ150,foreign,095660,네오위즈,78503,32460,-46043,1408727520,582629940,-826097580,KRX MDCSTAT02401_OUT
recent3,KOSDAQ150,foreign,417200,LS머트리얼즈,2014201,1934760,-79441,28751795515,27850035395,-901760120,KRX MDCSTAT02401_OUT
recent3,KOSDAQ150,foreign,099320,쎄트렉아이,97526,85286,-12240,7680805100,6770496950,-910308150,KRX MDCSTAT02401_OUT
recent3,KOSDAQ150,foreign,445680,큐리옥스바이오시스템즈,110846,95009,-15837,6444098450,5517173050,-926925400,KRX MDCSTAT02401_OUT
recent3,KOSDAQ150,foreign,035760,CJ ENM,112600,87619,-24981,4079750675,3152226375,-927524300,KRX MDCSTAT02401_OUT
recent3,KOSDAQ150,foreign,214430,아이쓰리시스템,60419,48279,-12140,4599136900,3618119200,-981017700,KRX MDCSTAT02401_OUT
recent3,KOSDAQ150,foreign,005290,동진쎄미켐,766387,746569,-19818,38891181875,37873866125,-1017315750,KRX MDCSTAT02401_OUT
recent3,KOSDAQ150,foreign,347850,디앤디파마텍,420744,398177,-22567,18338929725,17255620325,-1083309400,KRX MDCSTAT02401_OUT
recent3,KOSDAQ150,foreign,166090,하나머티리얼즈,124669,106837,-17832,7748778850,6647655500,-1101123350,KRX MDCSTAT02401_OUT
recent3,KOSDAQ150,foreign,036810,에프에스티,238877,208015,-30862,8242028775,7113636175,-1128392600,KRX MDCSTAT02401_OUT
recent3,KOSDAQ150,foreign,214370,케어젠,111172,82038,-29134,4671858225,3449000550,-1222857675,KRX MDCSTAT02401_OUT
recent3,KOSDAQ150,foreign,039200,오스코텍,151626,118385,-33241,5577754600,4317988275,-1259766325,KRX MDCSTAT02401_OUT
recent3,KOSDAQ150,foreign,069080,웹젠,176122,66971,-109151,2046226950,778330660,-1267896290,KRX MDCSTAT02401_OUT
recent3,KOSDAQ150,foreign,032820,우리기술,1481214,1379105,-102109,18466577945,17190878825,-1275699120,KRX MDCSTAT02401_OUT
recent3,KOSDAQ150,foreign,348210,넥스틴,101633,65117,-36516,3863203650,2438034050,-1425169600,KRX MDCSTAT02401_OUT
recent3,KOSDAQ150,foreign,204270,제이앤티씨,610174,548171,-62003,13441000550,12014180275,-1426820275,KRX MDCSTAT02401_OUT
recent3,KOSDAQ150,foreign,078340,컴투스,156759,112094,-44665,5863931375,4194664950,-1669266425,KRX MDCSTAT02401_OUT
recent3,KOSDAQ150,foreign,195940,HK이노엔,85615,42508,-43107,3416146275,1691714400,-1724431875,KRX MDCSTAT02401_OUT
recent3,KOSDAQ150,foreign,064760,티씨케이,67727,62262,-5465,20558947000,18728650250,-1830296750,KRX MDCSTAT02401_OUT
recent3,KOSDAQ150,foreign,036830,솔브레인홀딩스,136810,93473,-43337,6372428550,4261783225,-2110645325,KRX MDCSTAT02401_OUT
recent3,KOSDAQ150,foreign,121600,나노신소재,78354,41410,-36944,4504749400,2375891000,-2128858400,KRX MDCSTAT02401_OUT
recent3,KOSDAQ150,foreign,183300,코미코,497983,435366,-62617,17181150925,15010588250,-2170562675,KRX MDCSTAT02401_OUT
recent3,KOSDAQ150,foreign,145020,휴젤,95500,83152,-12348,17175674100,14949994600,-2225679500,KRX MDCSTAT02401_OUT
recent3,KOSDAQ150,foreign,041510,에스엠,174940,147973,-26967,13803190550,11518568600,-2284621950,KRX MDCSTAT02401_OUT
recent3,KOSDAQ150,foreign,328130,루닛,834964,621684,-213280,9098867520,6736476875,-2362390645,KRX MDCSTAT02401_OUT
recent3,KOSDAQ150,foreign,298380,에이비엘바이오,453452,404849,-48603,23104294200,20526291650,-2578002550,KRX MDCSTAT02401_OUT
recent3,KOSDAQ150,foreign,122870,와이지엔터테인먼트,140060,72633,-67427,5837608950,3003725025,-2833883925,KRX MDCSTAT02401_OUT
recent3,KOSDAQ150,foreign,295310,에이치브이엠,169212,125000,-44212,11125532600,7998728850,-3126803750,KRX MDCSTAT02401_OUT
recent3,KOSDAQ150,foreign,035900,JYP Ent.,249296,163078,-86218,9341608850,6120064100,-3221544750,KRX MDCSTAT02401_OUT
recent3,KOSDAQ150,foreign,074600,원익QnC,272822,163016,-109806,8618606125,5158161575,-3460444550,KRX MDCSTAT02401_OUT
recent3,KOSDAQ150,foreign,014620,성광벤드,238516,125173,-113343,7412519675,3874795975,-3537723700,KRX MDCSTAT02401_OUT
recent3,KOSDAQ150,foreign,083650,비에이치아이,263627,187355,-76272,15839872450,11209045650,-4630826800,KRX MDCSTAT02401_OUT
recent3,KOSDAQ150,foreign,087010,펩트론,186118,145832,-40286,24937502650,19865123050,-5072379600,KRX MDCSTAT02401_OUT
recent3,KOSDAQ150,foreign,042000,카페24,830702,541989,-288713,16349857040,10765976320,-5583880720,KRX MDCSTAT02401_OUT
recent3,KOSDAQ150,foreign,226950,올릭스,238950,185859,-53091,26945147300,20632481350,-6312665950,KRX MDCSTAT02401_OUT
recent3,KOSDAQ150,foreign,218410,RFHIC,401602,279094,-122508,24504652750,17032569950,-7472082800,KRX MDCSTAT02401_OUT
recent3,KOSDAQ150,foreign,319400,현대무벡스,853806,483827,-369979,17583710825,9970706825,-7613004000,KRX MDCSTAT02401_OUT
recent3,KOSDAQ150,foreign,028300,HLB,1162488,956487,-206001,46800312950,39054753375,-7745559575,KRX MDCSTAT02401_OUT
recent3,KOSDAQ150,foreign,141080,리가켐바이오,273548,176277,-97271,22637147300,14569517750,-8067629550,KRX MDCSTAT02401_OUT
recent3,KOSDAQ150,foreign,257720,실리콘투,668486,455911,-212575,25575276375,17272094725,-8303181650,KRX MDCSTAT02401_OUT
recent3,KOSDAQ150,foreign,095340,ISC,253435,200578,-52857,54148836750,42987377250,-11161459500,KRX MDCSTAT02401_OUT
recent3,KOSDAQ150,foreign,178320,서진시스템,2035925,1703624,-332301,81383233625,68431451425,-12951782200,KRX MDCSTAT02401_OUT
recent3,KOSDAQ150,foreign,131970,두산테스나,338293,204965,-133328,35008832650,21191578850,-13817253800,KRX MDCSTAT02401_OUT
recent3,KOSDAQ150,foreign,290650,엘앤씨바이오,487631,218104,-269527,26271025150,11390503350,-14880521800,KRX MDCSTAT02401_OUT
recent3,KOSDAQ150,foreign,101490,에스앤에스텍,558036,243732,-314304,28407675175,12083696575,-16323978600,KRX MDCSTAT02401_OUT
recent3,KOSDAQ150,foreign,089970,브이엠,847104,594459,-252645,56683371800,39641113100,-17042258700,KRX MDCSTAT02401_OUT
recent3,KOSDAQ150,foreign,000250,삼천당제약,285511,181064,-104447,56261326000,35006010500,-21255315500,KRX MDCSTAT02401_OUT
recent3,KOSDAQ150,foreign,403870,HPSP,2950439,2595566,-354873,194065560750,170176474100,-23889086650,KRX MDCSTAT02401_OUT
recent3,KOSDAQ150,foreign,095610,테스,383314,233484,-149830,66970761950,40736856300,-26233905650,KRX MDCSTAT02401_OUT
recent3,KOSDAQ150,foreign,039030,이오테크닉스,134151,83007,-51144,72074720000,44452626500,-27622093500,KRX MDCSTAT02401_OUT
recent3,KOSDAQ150,foreign,084370,유진테크,418437,193368,-225069,73491485550,33931484600,-39560000950,KRX MDCSTAT02401_OUT
recent3,KOSDAQ150,foreign,240810,원익IPS,1269948,955858,-314090,174497361800,130813630700,-43683731100,KRX MDCSTAT02401_OUT
recent3,KOSDAQ150,foreign,058470,리노공업,1947385,879419,-1067966,158104920350,70235679800,-87869240550,KRX MDCSTAT02401_OUT
recent3,KOSDAQ150,institution,058470,리노공업,549596,1745062,1195466,44367950900,142963726600,98595775700,KRX MDCSTAT02401_OUT
recent3,KOSDAQ150,institution,403870,HPSP,716584,1709455,992871,47034386250,113344101700,66309715450,KRX MDCSTAT02401_OUT
recent3,KOSDAQ150,institution,036930,주성엔지니어링,376207,629483,253276,89149394500,149485476250,60336081750,KRX MDCSTAT02401_OUT
recent3,KOSDAQ150,institution,240810,원익IPS,500371,807635,307264,68696566550,111544890300,42848323750,KRX MDCSTAT02401_OUT
recent3,KOSDAQ150,institution,196170,알테오젠,165864,316757,150893,42952401500,82882226250,39929824750,KRX MDCSTAT02401_OUT
recent3,KOSDAQ150,institution,080220,제주반도체,118288,529162,410874,10012229250,45922493400,35910264150,KRX MDCSTAT02401_OUT
recent3,KOSDAQ150,institution,084370,유진테크,68629,262811,194182,12068552900,46329481950,34260929050,KRX MDCSTAT02401_OUT
recent3,KOSDAQ150,institution,039030,이오테크닉스,93992,156498,62506,50258452000,84224399500,33965947500,KRX MDCSTAT02401_OUT
recent3,KOSDAQ150,institution,086520,에코프로,441789,795780,353991,37488162500,67338014350,29849851850,KRX MDCSTAT02401_OUT
recent3,KOSDAQ150,institution,095610,테스,215467,375294,159827,37544716150,66370834950,28826118800,KRX MDCSTAT02401_OUT
recent3,KOSDAQ150,institution,226950,올릭스,116704,340797,224093,13011538100,38622808900,25611270800,KRX MDCSTAT02401_OUT
recent3,KOSDAQ150,institution,005290,동진쎄미켐,242599,623593,380994,12188742950,31801271800,19612528850,KRX MDCSTAT02401_OUT
recent3,KOSDAQ150,institution,108490,로보티즈,38321,92031,53710,11072451500,27584940000,16512488500,KRX MDCSTAT02401_OUT
recent3,KOSDAQ150,institution,067310,하나마이크론,332801,642184,309383,16658943275,32147884875,15488941600,KRX MDCSTAT02401_OUT
recent3,KOSDAQ150,institution,131970,두산테스나,89931,232785,142854,9316740550,24052828550,14736088000,KRX MDCSTAT02401_OUT
recent3,KOSDAQ150,institution,028300,HLB,302044,631102,329058,12160435975,25588848875,13428412900,KRX MDCSTAT02401_OUT
recent3,KOSDAQ150,institution,000250,삼천당제약,132779,197880,65101,25520937750,38428004000,12907066250,KRX MDCSTAT02401_OUT
recent3,KOSDAQ150,institution,078600,대주전자재료,57892,168065,110173,5759378600,17327262400,11567883800,KRX MDCSTAT02401_OUT
recent3,KOSDAQ150,institution,295310,에이치브이엠,58129,228252,170123,3723578150,15237553350,11513975200,KRX MDCSTAT02401_OUT
recent3,KOSDAQ150,institution,218410,RFHIC,163728,306994,143266,9959648650,18858615350,8898966700,KRX MDCSTAT02401_OUT
recent3,KOSDAQ150,institution,277810,레인보우로보틱스,21485,41653,20168,9311858250,18027690500,8715832250,KRX MDCSTAT02401_OUT
recent3,KOSDAQ150,institution,140860,파크시스템스,10733,39146,28413,3122418500,11484554750,8362136250,KRX MDCSTAT02401_OUT
recent3,KOSDAQ150,institution,098460,고영,315139,562116,246977,10371004925,18644659875,8273654950,KRX MDCSTAT02401_OUT
recent3,KOSDAQ150,institution,074600,원익QnC,141298,400879,259581,4459148450,12637251150,8178102700,KRX MDCSTAT02401_OUT
recent3,KOSDAQ150,institution,290650,엘앤씨바이오,55413,202461,147048,2945701250,10780026300,7834325050,KRX MDCSTAT02401_OUT
recent3,KOSDAQ150,institution,043260,성호전자,1812389,2091830,279441,52128577625,59932643625,7804066000,KRX MDCSTAT02401_OUT
recent3,KOSDAQ150,institution,178320,서진시스템,214532,411294,196762,8622405300,16360003800,7737598500,KRX MDCSTAT02401_OUT
recent3,KOSDAQ150,institution,141080,리가켐바이오,95026,174565,79539,7831850000,14587709850,6755859850,KRX MDCSTAT02401_OUT
recent3,KOSDAQ150,institution,232140,와이씨,195236,600813,405577,3110499640,9628678510,6518178870,KRX MDCSTAT02401_OUT
recent3,KOSDAQ150,institution,089970,브이엠,586443,681330,94887,39060882850,45571698800,6510815950,KRX MDCSTAT02401_OUT
recent3,KOSDAQ150,institution,417200,LS머트리얼즈,525972,857882,331910,7510023105,12430783470,4920760365,KRX MDCSTAT02401_OUT
recent3,KOSDAQ150,institution,323280,태성,43310,125433,82123,2506039250,7412525900,4906486650,KRX MDCSTAT02401_OUT
recent3,KOSDAQ150,institution,131290,티에스이,71441,86924,15483,20853761500,25594254750,4740493250,KRX MDCSTAT02401_OUT
recent3,KOSDAQ150,institution,161580,필옵틱스,17828,118668,100840,702137125,4815775800,4113638675,KRX MDCSTAT02401_OUT
recent3,KOSDAQ150,institution,121600,나노신소재,29298,90445,61147,1664804850,5201345000,3536540150,KRX MDCSTAT02401_OUT
recent3,KOSDAQ150,institution,310210,보로노이,39983,60713,20730,5492673050,8769935050,3277262000,KRX MDCSTAT02401_OUT
recent3,KOSDAQ150,institution,247540,에코프로비엠,237614,266937,29323,26703327500,29976011450,3272683950,KRX MDCSTAT02401_OUT
recent3,KOSDAQ150,institution,096530,씨젠,135327,217753,82426,4833421500,7854775100,3021353600,KRX MDCSTAT02401_OUT
recent3,KOSDAQ150,institution,036810,에프에스티,11521,95076,83555,379995275,3335228775,2955233500,KRX MDCSTAT02401_OUT
recent3,KOSDAQ150,institution,039200,오스코텍,76601,153979,77378,2779776775,5691724525,2911947750,KRX MDCSTAT02401_OUT
recent3,KOSDAQ150,institution,298380,에이비엘바이오,117007,169535,52528,5876023400,8755605700,2879582300,KRX MDCSTAT02401_OUT
recent3,KOSDAQ150,institution,089030,테크윙,194450,240391,45941,10510467750,13353275950,2842808200,KRX MDCSTAT02401_OUT
recent3,KOSDAQ150,institution,042000,카페24,41114,158613,117499,789924635,3166448735,2376524100,KRX MDCSTAT02401_OUT
recent3,KOSDAQ150,institution,253590,네오셈,33540,173349,139809,462314555,2623784985,2161470430,KRX MDCSTAT02401_OUT
recent3,KOSDAQ150,institution,030530,원익홀딩스,61496,135070,73574,1671861050,3797934800,2126073750,KRX MDCSTAT02401_OUT
recent3,KOSDAQ150,institution,347850,디앤디파마텍,91291,135689,44398,3904532275,5992636250,2088103975,KRX MDCSTAT02401_OUT
recent3,KOSDAQ150,institution,101490,에스앤에스텍,41893,78847,36954,2079158325,4008898050,1929739725,KRX MDCSTAT02401_OUT
recent3,KOSDAQ150,institution,041190,우리기술투자,95644,395029,299385,588739100,2495554320,1906815220,KRX MDCSTAT02401_OUT
recent3,KOSDAQ150,institution,437730,삼현,25760,62571,36811,1282015425,3170891500,1888876075,KRX MDCSTAT02401_OUT
recent3,KOSDAQ150,institution,195940,HK이노엔,43447,89531,46084,1725257150,3585348575,1860091425,KRX MDCSTAT02401_OUT
recent3,KOSDAQ150,institution,078340,컴투스,52831,100609,47778,1977533800,3771192725,1793658925,KRX MDCSTAT02401_OUT
recent3,KOSDAQ150,institution,032500,케이엠더블유,36371,120533,84162,722907945,2445096385,1722188440,KRX MDCSTAT02401_OUT
recent3,KOSDAQ150,institution,358570,지아이이노베이션,88173,269045,180872,754414870,2474402850,1719987980,KRX MDCSTAT02401_OUT
recent3,KOSDAQ150,institution,445680,큐리옥스바이오시스템즈,10779,38907,28128,620798700,2293749300,1672950600,KRX MDCSTAT02401_OUT
recent3,KOSDAQ150,institution,003380,하림지주,131823,261709,129886,1438575400,2892955065,1454379665,KRX MDCSTAT02401_OUT
recent3,KOSDAQ150,institution,125490,한라캐스트,16465,132881,116416,198690830,1652182895,1453492065,KRX MDCSTAT02401_OUT
recent3,KOSDAQ150,institution,204270,제이앤티씨,16691,78429,61738,366580425,1739379075,1372798650,KRX MDCSTAT02401_OUT
recent3,KOSDAQ150,institution,058610,에스피지,30277,43241,12964,3002672850,4341078550,1338405700,KRX MDCSTAT02401_OUT
recent3,KOSDAQ150,institution,007390,네이처셀,60152,108409,48257,1472415025,2688957525,1216542500,KRX MDCSTAT02401_OUT
recent3,KOSDAQ150,institution,171090,선익시스템,13544,29748,16204,991244800,2203479550,1212234750,KRX MDCSTAT02401_OUT
recent3,KOSDAQ150,institution,166090,하나머티리얼즈,73010,92046,19036,4531484700,5743120550,1211635850,KRX MDCSTAT02401_OUT
recent3,KOSDAQ150,institution,053800,안랩,18459,33935,15476,1398505700,2595573200,1197067500,KRX MDCSTAT02401_OUT
recent3,KOSDAQ150,institution,251970,펌텍코리아,82469,99036,16567,5014843900,6087632600,1072788700,KRX MDCSTAT02401_OUT
recent3,KOSDAQ150,institution,189300,인텔리안테크,27101,41279,14178,1868887750,2907162800,1038275050,KRX MDCSTAT02401_OUT
recent3,KOSDAQ150,institution,082920,비츠로셀,73567,105381,31814,2111403650,3048444900,937041250,KRX MDCSTAT02401_OUT
recent3,KOSDAQ150,institution,033100,제룡전기,14961,33933,18972,721313350,1648692950,927379600,KRX MDCSTAT02401_OUT
recent3,KOSDAQ150,institution,319400,현대무벡스,75121,119651,44530,1543122750,2462021975,918899225,KRX MDCSTAT02401_OUT
recent3,KOSDAQ150,institution,035900,JYP Ent.,71246,95076,23830,2671118225,3567664650,896546425,KRX MDCSTAT02401_OUT
recent3,KOSDAQ150,institution,0009K0,에임드바이오,47440,81586,34146,1114856050,1985139025,870282975,KRX MDCSTAT02401_OUT
recent3,KOSDAQ150,institution,064760,티씨케이,78470,80386,1916,23672940000,24519209500,846269500,KRX MDCSTAT02401_OUT
recent3,KOSDAQ150,institution,225570,넥슨게임즈,99545,175847,76302,1048441935,1883434285,834992350,KRX MDCSTAT02401_OUT
recent3,KOSDAQ150,institution,214430,아이쓰리시스템,10951,21612,10661,782728300,1610632100,827903800,KRX MDCSTAT02401_OUT
recent3,KOSDAQ150,institution,215200,메가스터디교육,14249,35903,21654,526576300,1337310100,810733800,KRX MDCSTAT02401_OUT
recent3,KOSDAQ150,institution,214370,케어젠,19253,37965,18712,803044625,1603305450,800260825,KRX MDCSTAT02401_OUT
recent3,KOSDAQ150,institution,348370,엔켐,29794,64913,35119,636868400,1398592200,761723800,KRX MDCSTAT02401_OUT
recent3,KOSDAQ150,institution,050890,쏠리드,54378,121596,67218,545104455,1237017155,691912700,KRX MDCSTAT02401_OUT
recent3,KOSDAQ150,institution,036830,솔브레인홀딩스,49239,64996,15757,2239139850,2904144175,665004325,KRX MDCSTAT02401_OUT
recent3,KOSDAQ150,institution,018290,브이티,35378,85197,49819,436205330,1065171970,628966640,KRX MDCSTAT02401_OUT
recent3,KOSDAQ150,institution,376300,디어유,32352,65746,33394,598759910,1219316740,620556830,KRX MDCSTAT02401_OUT
recent3,KOSDAQ150,institution,006730,서부T&D,234565,284153,49588,2561760920,3127655620,565894700,KRX MDCSTAT02401_OUT
recent3,KOSDAQ150,institution,090710,휴림로봇,97779,178913,81134,604046690,1121220365,517173675,KRX MDCSTAT02401_OUT
recent3,KOSDAQ150,institution,137400,피엔티,45999,62070,16071,1407650425,1916072875,508422450,KRX MDCSTAT02401_OUT
recent3,KOSDAQ150,institution,056190,SFA,145376,160727,15351,4385707000,4891574700,505867700,KRX MDCSTAT02401_OUT
recent3,KOSDAQ150,institution,032820,우리기술,248899,287685,38786,3099474500,3594199050,494724550,KRX MDCSTAT02401_OUT
recent3,KOSDAQ150,institution,065350,신성델타테크,16915,32190,15275,530821725,1023245750,492424025,KRX MDCSTAT02401_OUT
recent3,KOSDAQ150,institution,041510,에스엠,97995,103009,5014,7664246350,8117610200,453363850,KRX MDCSTAT02401_OUT
recent3,KOSDAQ150,institution,085660,차바이오텍,67148,116817,49669,559304230,995669410,436365180,KRX MDCSTAT02401_OUT
recent3,KOSDAQ150,institution,099320,쎄트렉아이,10091,15395,5304,795081850,1224310450,429228600,KRX MDCSTAT02401_OUT
recent3,KOSDAQ150,institution,095660,네오위즈,22679,45852,23173,406736730,825266520,418529790,KRX MDCSTAT02401_OUT
recent3,KOSDAQ150,institution,388720,유일로보틱스,6348,12117,5769,434321200,840959000,406637800,KRX MDCSTAT02401_OUT
recent3,KOSDAQ150,institution,348210,넥스틴,35513,44709,9196,1320409225,1678771225,358362000,KRX MDCSTAT02401_OUT
recent3,KOSDAQ150,institution,263750,펄어비스,103930,114177,10247,3459354925,3810694900,351339975,KRX MDCSTAT02401_OUT
recent3,KOSDAQ150,institution,090360,로보스타,7727,12210,4483,599960300,949288500,349328200,KRX MDCSTAT02401_OUT
recent3,KOSDAQ150,institution,060280,큐렉소,24585,62866,38281,204360485,540555350,336194865,KRX MDCSTAT02401_OUT
recent3,KOSDAQ150,institution,082270,젬백스,29520,58906,29386,313635230,644181410,330546180,KRX MDCSTAT02401_OUT
recent3,KOSDAQ150,institution,025980,아난티,55425,105273,49848,271694825,525815513,254120688,KRX MDCSTAT02401_OUT
recent3,KOSDAQ150,institution,033500,동성화인텍,15645,31217,15572,249824775,499371440,249546665,KRX MDCSTAT02401_OUT
recent3,KOSDAQ150,institution,038500,삼표시멘트,81354,118471,37117,539670830,789189570,249518740,KRX MDCSTAT02401_OUT
recent3,KOSDAQ150,institution,100790,미래에셋벤처투자,15748,28393,12645,273943055,503706930,229763875,KRX MDCSTAT02401_OUT
recent3,KOSDAQ150,institution,399720,가온칩스,6246,10772,4526,291962150,515130900,223168750,KRX MDCSTAT02401_OUT
recent3,KOSDAQ150,institution,025320,시노펙스,63648,118235,54587,246585265,461100015,214514750,KRX MDCSTAT02401_OUT
recent3,KOSDAQ150,institution,281740,레이크머티리얼즈,161483,177343,15860,1925764530,2140262095,214497565,KRX MDCSTAT02401_OUT
recent3,KOSDAQ150,institution,272290,이녹스첨단소재,38965,47814,8849,859906925,1059412650,199505725,KRX MDCSTAT02401_OUT
recent3,KOSDAQ150,institution,253450,스튜디오드래곤,28895,37837,8942,588811625,773011025,184199400,KRX MDCSTAT02401_OUT
recent3,KOSDAQ150,institution,466100,클로봇,46749,54141,7392,1074093300,1254045200,179951900,KRX MDCSTAT02401_OUT
recent3,KOSDAQ150,institution,009520,포스코엠텍,62032,76161,14129,788120125,967525110,179404985,KRX MDCSTAT02401_OUT
recent3,KOSDAQ150,institution,112040,위메이드,69305,79221,9916,1060908640,1226086730,165178090,KRX MDCSTAT02401_OUT
recent3,KOSDAQ150,institution,211050,인카금융서비스,74416,88382,13966,713162350,864445280,151282930,KRX MDCSTAT02401_OUT
recent3,KOSDAQ150,institution,278280,천보,9725,13323,3598,354446900,491751925,137305025,KRX MDCSTAT02401_OUT
recent3,KOSDAQ150,institution,030520,한컴,47377,52536,5159,818793590,910958480,92164890,KRX MDCSTAT02401_OUT
recent3,KOSDAQ150,institution,069080,웹젠,68206,75778,7572,791491050,878671570,87180520,KRX MDCSTAT02401_OUT
recent3,KOSDAQ150,institution,101730,위메이드맥스,15104,30854,15750,68684813,145565145,76880332,KRX MDCSTAT02401_OUT
recent3,KOSDAQ150,institution,194480,데브시스터즈,23619,27818,4199,331795580,391932540,60136960,KRX MDCSTAT02401_OUT
recent3,KOSDAQ150,institution,036620,감성코퍼레이션,162534,176095,13561,601533595,658034860,56501265,KRX MDCSTAT02401_OUT
recent3,KOSDAQ150,institution,025900,동화기업,15074,20423,5349,107859340,146809310,38949970,KRX MDCSTAT02401_OUT
recent3,KOSDAQ150,institution,032190,다우데이타,41388,41661,273,784991835,795625090,10633255,KRX MDCSTAT02401_OUT
recent3,KOSDAQ150,institution,060250,NHN KCP,35461,35156,-305,475485095,476092910,607815,KRX MDCSTAT02401_OUT
recent3,KOSDAQ150,institution,352480,씨앤씨인터내셔널,6906,5676,-1230,143962950,119728025,-24234925,KRX MDCSTAT02401_OUT
recent3,KOSDAQ150,institution,048410,현대바이오,321406,307801,-13605,2255395640,2158016630,-97379010,KRX MDCSTAT02401_OUT
recent3,KOSDAQ150,institution,087010,펩트론,77677,74989,-2688,10400750250,10301732450,-99017800,KRX MDCSTAT02401_OUT
recent3,KOSDAQ150,institution,015750,성우하이텍,118129,94399,-23730,690614695,551143285,-139471410,KRX MDCSTAT02401_OUT
recent3,KOSDAQ150,institution,067160,SOOP,25197,19885,-5312,915889325,724506200,-191383125,KRX MDCSTAT02401_OUT
recent3,KOSDAQ150,institution,122870,와이지엔터테인먼트,114045,107963,-6082,4756302500,4540722050,-215580450,KRX MDCSTAT02401_OUT
recent3,KOSDAQ150,institution,052400,코나아이,29222,18237,-10985,1104262625,692849850,-411412775,KRX MDCSTAT02401_OUT
recent3,KOSDAQ150,institution,145020,휴젤,26187,22740,-3447,4707033500,4094626400,-612407100,KRX MDCSTAT02401_OUT
recent3,KOSDAQ150,institution,035760,CJ ENM,66406,47506,-18900,2382993825,1720486325,-662507500,KRX MDCSTAT02401_OUT
recent3,KOSDAQ150,institution,213420,덕산네오룩스,109851,73721,-36130,3256424275,2203414175,-1053010100,KRX MDCSTAT02401_OUT
recent3,KOSDAQ150,institution,214150,클래시스,118063,75185,-42878,3613257050,2323516900,-1289740150,KRX MDCSTAT02401_OUT
recent3,KOSDAQ150,institution,056080,유진로봇,157034,41073,-115961,1869244445,501390035,-1367854410,KRX MDCSTAT02401_OUT
recent3,KOSDAQ150,institution,237690,에스티팜,74379,57465,-16914,6958033550,5419091100,-1538942450,KRX MDCSTAT02401_OUT
recent3,KOSDAQ150,institution,293490,카카오게임즈,543420,363005,-180415,5287438135,3552083005,-1735355130,KRX MDCSTAT02401_OUT
recent3,KOSDAQ150,institution,124500,아이티센글로벌,94366,30652,-63714,2724414275,892380025,-1832034250,KRX MDCSTAT02401_OUT
recent3,KOSDAQ150,institution,420770,기가비스,68181,50680,-17501,8802589750,6627708300,-2174881450,KRX MDCSTAT02401_OUT
recent3,KOSDAQ150,institution,257720,실리콘투,409996,317956,-92040,15573441825,12240483050,-3332958775,KRX MDCSTAT02401_OUT
recent3,KOSDAQ150,institution,014620,성광벤드,202751,85743,-117008,6273149275,2650909350,-3622239925,KRX MDCSTAT02401_OUT
recent3,KOSDAQ150,institution,328130,루닛,459073,118466,-340607,4946356775,1298963190,-3647393585,KRX MDCSTAT02401_OUT
recent3,KOSDAQ150,institution,083650,비에이치아이,123996,60529,-63467,7410386250,3639613900,-3770772350,KRX MDCSTAT02401_OUT
recent3,KOSDAQ150,institution,475830,오름테라퓨틱,220103,41199,-178904,4828030150,945617475,-3882412675,KRX MDCSTAT02401_OUT
recent3,KOSDAQ150,institution,068760,셀트리온제약,156771,49886,-106885,6028538700,1945735900,-4082802800,KRX MDCSTAT02401_OUT
recent3,KOSDAQ150,institution,183300,코미코,297018,172709,-124309,10236009725,5973276475,-4262733250,KRX MDCSTAT02401_OUT
recent3,KOSDAQ150,institution,095340,ISC,141213,115631,-25582,29893506250,25072146000,-4821360250,KRX MDCSTAT02401_OUT
recent3,KOSDAQ150,institution,060370,LS마린솔루션,212128,30615,-181513,6828342400,988870100,-5839472300,KRX MDCSTAT02401_OUT
recent3,KOSDAQ150,institution,241710,코스메카코리아,206352,147467,-58885,23515939800,16766750700,-6749189100,KRX MDCSTAT02401_OUT
recent3,KOSDAQ150,institution,222800,심텍,492363,435237,-57126,77978441950,68926287050,-9052154900,KRX MDCSTAT02401_OUT
recent3,KOSDAQ150,institution,031980,피에스케이홀딩스,190291,100510,-89781,35361242650,18830883050,-16530359600,KRX MDCSTAT02401_OUT
recent3,KOSDAQ150,institution,036540,SFA반도체,4787995,2555179,-2232816,53067212905,28621029705,-24446183200,KRX MDCSTAT02401_OUT
recent3,KOSDAQ150,institution,214450,파마리서치,175043,35203,-139840,54271701500,10966597000,-43305104500,KRX MDCSTAT02401_OUT
