period_type,universe,investor,code,name,sell_volume,buy_volume,net_volume,sell_value,buy_value,net_value,source
weekly,KOSPI200,foreign,005930,삼성전자,3022082,7138440,4116358,822030706308,1938083522058,1116052815750,KRX MDCSTAT02401_OUT
weekly,KOSPI200,foreign,402340,SK스퀘어,237820,346766,108946,266403066000,388280341000,121877275000,KRX MDCSTAT02401_OUT
weekly,KOSPI200,foreign,007660,이수페타시스,280113,642947,362834,30511001750,70187133550,39676131800,KRX MDCSTAT02401_OUT
weekly,KOSPI200,foreign,035420,NAVER,121447,214795,93348,23977501250,42408228250,18430727000,KRX MDCSTAT02401_OUT
weekly,KOSPI200,foreign,066570,LG전자,108749,198813,90064,21865321150,39996884400,18131563250,KRX MDCSTAT02401_OUT
weekly,KOSPI200,foreign,329180,HD현대중공업,58279,98348,40069,26270916250,44180046250,17909130000,KRX MDCSTAT02401_OUT
weekly,KOSPI200,foreign,298040,효성중공업,8956,14609,5653,26098092500,42650103500,16552011000,KRX MDCSTAT02401_OUT
weekly,KOSPI200,foreign,028260,삼성물산,149635,187768,38133,54814668750,68653856750,13839188000,KRX MDCSTAT02401_OUT
weekly,KOSPI200,foreign,016360,삼성증권,41142,144658,103516,3601880800,12639972150,9038091350,KRX MDCSTAT02401_OUT
weekly,KOSPI200,foreign,066970,엘앤에프,101821,168893,67072,10899555150,18045390450,7145835300,KRX MDCSTAT02401_OUT
weekly,KOSPI200,foreign,207940,삼성바이오로직스,15049,18802,3753,21044523000,26283373000,5238850000,KRX MDCSTAT02401_OUT
weekly,KOSPI200,foreign,006800,미래에셋증권,237691,386230,148539,7538315825,12274920475,4736604650,KRX MDCSTAT02401_OUT
weekly,KOSPI200,foreign,078930,GS,67870,108409,40539,7694007700,12281828600,4587820900,KRX MDCSTAT02401_OUT
weekly,KOSPI200,foreign,032640,LG유플러스,569776,867141,297365,8249769145,12547608035,4297838890,KRX MDCSTAT02401_OUT
weekly,KOSPI200,foreign,010120,LS ELECTRIC,95457,115385,19928,19849736000,24046930500,4197194500,KRX MDCSTAT02401_OUT
weekly,KOSPI200,foreign,010950,S-Oil,188807,213910,25103,29007001750,32844144900,3837143150,KRX MDCSTAT02401_OUT
weekly,KOSPI200,foreign,071050,한국금융지주,33495,53075,19580,6152968150,9751134200,3598166050,KRX MDCSTAT02401_OUT
weekly,KOSPI200,foreign,001040,CJ,31628,53492,21864,4068626200,6882239200,2813613000,KRX MDCSTAT02401_OUT
weekly,KOSPI200,foreign,004370,농심,10251,17206,6955,4053068500,6808363750,2755295250,KRX MDCSTAT02401_OUT
weekly,KOSPI200,foreign,018260,삼성에스디에스,42249,54394,12145,9439602250,12160913500,2721311250,KRX MDCSTAT02401_OUT
weekly,KOSPI200,foreign,161890,한국콜마,49733,65374,15641,7170288100,9423328400,2253040300,KRX MDCSTAT02401_OUT
weekly,KOSPI200,foreign,033780,KT&G,102240,114311,12071,17740092250,19837956550,2097864300,KRX MDCSTAT02401_OUT
weekly,KOSPI200,foreign,009150,삼성전기,239109,239886,777,339516460000,341485364000,1968904000,KRX MDCSTAT02401_OUT
weekly,KOSPI200,foreign,032830,삼성생명,380787,387121,6334,111083566000,112934095250,1850529250,KRX MDCSTAT02401_OUT
weekly,KOSPI200,foreign,039490,키움증권,9214,15974,6760,2422772250,4202946500,1780174250,KRX MDCSTAT02401_OUT
weekly,KOSPI200,foreign,034730,SK,37665,40089,2424,21544063000,22911466500,1367403500,KRX MDCSTAT02401_OUT
weekly,KOSPI200,foreign,007070,GS리테일,43748,97999,54251,1022664850,2287891050,1265226200,KRX MDCSTAT02401_OUT
weekly,KOSPI200,foreign,006280,녹십자,3209,13329,10120,401167800,1666251550,1265083750,KRX MDCSTAT02401_OUT
weekly,KOSPI200,foreign,454910,두산로보틱스,37775,55617,17842,2632857500,3879883600,1247026100,KRX MDCSTAT02401_OUT
weekly,KOSPI200,foreign,192820,코스맥스,21405,25627,4222,5822803250,6975354500,1152551250,KRX MDCSTAT02401_OUT
weekly,KOSPI200,foreign,001450,현대해상,115585,139121,23536,5629505000,6766382925,1136877925,KRX MDCSTAT02401_OUT
weekly,KOSPI200,foreign,307950,현대오토에버,6146,8661,2515,2226361500,3134302750,907941250,KRX MDCSTAT02401_OUT
weekly,KOSPI200,foreign,008930,한미사이언스,33053,49517,16464,1651475250,2484639775,833164525,KRX MDCSTAT02401_OUT
weekly,KOSPI200,foreign,028670,팬오션,337502,460964,123462,1945476435,2656905380,711428945,KRX MDCSTAT02401_OUT
weekly,KOSPI200,foreign,361610,SK아이이테크놀로지,56558,98914,42356,915759570,1608079335,692319765,KRX MDCSTAT02401_OUT
weekly,KOSPI200,foreign,002790,아모레퍼시픽홀딩스,56490,81961,25471,1499600150,2174370225,674770075,KRX MDCSTAT02401_OUT
weekly,KOSPI200,foreign,052690,한전기술,72401,77599,5198,9510996600,10170313200,659316600,KRX MDCSTAT02401_OUT
weekly,KOSPI200,foreign,097950,CJ제일제당,15292,19015,3723,2680751800,3335189250,654437450,KRX MDCSTAT02401_OUT
weekly,KOSPI200,foreign,009420,한올바이오파마,44364,57222,12858,2096471025,2695546425,599075400,KRX MDCSTAT02401_OUT
weekly,KOSPI200,foreign,036460,한국가스공사,36336,52007,15671,1294414350,1854685025,560270675,KRX MDCSTAT02401_OUT
weekly,KOSPI200,foreign,012330,현대모비스,96741,98121,1380,36108382500,36612257500,503875000,KRX MDCSTAT02401_OUT
weekly,KOSPI200,foreign,138930,BNK금융지주,297625,325026,27401,4668027160,5098078155,430050995,KRX MDCSTAT02401_OUT
weekly,KOSPI200,foreign,068270,셀트리온,129580,131013,1433,23455359500,23715268400,259908900,KRX MDCSTAT02401_OUT
weekly,KOSPI200,foreign,267250,HD현대,71423,72627,1204,15054717250,15312499250,257782000,KRX MDCSTAT02401_OUT
weekly,KOSPI200,foreign,192080,더블유게임즈,8967,13017,4050,523137900,758994400,235856500,KRX MDCSTAT02401_OUT
weekly,KOSPI200,foreign,000080,하이트진로,24323,37964,13641,364850580,570401505,205550925,KRX MDCSTAT02401_OUT
weekly,KOSPI200,foreign,000880,한화,58298,59720,1422,7624117050,7812765950,188648900,KRX MDCSTAT02401_OUT
weekly,KOSPI200,foreign,017670,SK텔레콤,296702,298440,1738,25921920100,26069082450,147162350,KRX MDCSTAT02401_OUT
weekly,KOSPI200,foreign,302440,SK바이오사이언스,18185,21636,3451,647598325,771645175,124046850,KRX MDCSTAT02401_OUT
weekly,KOSPI200,foreign,298050,HS효성첨단소재,2595,3171,576,422651100,514009200,91358100,KRX MDCSTAT02401_OUT
weekly,KOSPI200,foreign,112610,씨에스윈드,74625,76185,1560,3755587375,3830754950,75167575,KRX MDCSTAT02401_OUT
weekly,KOSPI200,foreign,042700,한미반도체,154045,154159,114,36387838000,36454861750,67023750,KRX MDCSTAT02401_OUT
weekly,KOSPI200,foreign,285130,SK케미칼,15547,16814,1267,799879200,864494200,64615000,KRX MDCSTAT02401_OUT
weekly,KOSPI200,foreign,088350,한화생명,852777,862288,9511,4932602520,4989442270,56839750,KRX MDCSTAT02401_OUT
weekly,KOSPI200,foreign,137310,에스디바이오센서,43950,52664,8714,269188005,322697220,53509215,KRX MDCSTAT02401_OUT
weekly,KOSPI200,foreign,282330,BGF리테일,17330,17633,303,2405696150,2449211450,43515300,KRX MDCSTAT02401_OUT
weekly,KOSPI200,foreign,185750,종근당,8469,9068,599,544787700,583472200,38684500,KRX MDCSTAT02401_OUT
weekly,KOSPI200,foreign,002840,미원상사,246,253,7,33284400,34125300,840900,KRX MDCSTAT02401_OUT
weekly,KOSPI200,foreign,003090,대웅,27826,27404,-422,441140390,434507725,-6632665,KRX MDCSTAT02401_OUT
weekly,KOSPI200,foreign,268280,미원에스씨,194,140,-54,25462300,18387400,-7074900,KRX MDCSTAT02401_OUT
weekly,KOSPI200,foreign,008730,율촌화학,12841,11947,-894,192977900,179469940,-13507960,KRX MDCSTAT02401_OUT
weekly,KOSPI200,foreign,002380,KCC,6526,6454,-72,3009182000,2993001000,-16181000,KRX MDCSTAT02401_OUT
weekly,KOSPI200,foreign,006040,동원산업,9270,8791,-479,329259550,312337750,-16921800,KRX MDCSTAT02401_OUT
weekly,KOSPI200,foreign,081660,미스토홀딩스,62880,62232,-648,2426235650,2401559100,-24676550,KRX MDCSTAT02401_OUT
weekly,KOSPI200,foreign,069260,TKG휴켐스,13705,11579,-2126,222312820,187598600,-34714220,KRX MDCSTAT02401_OUT
weekly,KOSPI200,foreign,007700,F&F홀딩스,4524,1195,-3329,61191440,16193460,-44997980,KRX MDCSTAT02401_OUT
weekly,KOSPI200,foreign,300720,한일시멘트,15209,11391,-3818,246036565,184376530,-61660035,KRX MDCSTAT02401_OUT
weekly,KOSPI200,foreign,021240,코웨이,207153,206688,-465,20732854100,20664190350,-68663750,KRX MDCSTAT02401_OUT
weekly,KOSPI200,foreign,014820,동원시스템즈,8817,5439,-3378,187103225,115034350,-72068875,KRX MDCSTAT02401_OUT
weekly,KOSPI200,foreign,071320,지역난방공사,10444,9481,-963,810363300,734700800,-75662500,KRX MDCSTAT02401_OUT
weekly,KOSPI200,foreign,005420,코스모화학,19540,12156,-7384,200902180,124761800,-76140380,KRX MDCSTAT02401_OUT
weekly,KOSPI200,foreign,003240,태광산업,359,271,-88,322991000,242478000,-80513000,KRX MDCSTAT02401_OUT
weekly,KOSPI200,foreign,030200,KT,72414,70676,-1738,3868682358,3777343908,-91338450,KRX MDCSTAT02401_OUT
weekly,KOSPI200,foreign,026960,동서,14761,11120,-3641,375988100,283026000,-92962100,KRX MDCSTAT02401_OUT
weekly,KOSPI200,foreign,001680,대상,26188,20608,-5580,466456580,367263980,-99192600,KRX MDCSTAT02401_OUT
weekly,KOSPI200,foreign,002030,아세아,812,327,-485,177043000,71073000,-105970000,KRX MDCSTAT02401_OUT
weekly,KOSPI200,foreign,000120,CJ대한통운,9613,8074,-1539,678790000,570424200,-108365800,KRX MDCSTAT02401_OUT
weekly,KOSPI200,foreign,007310,오뚜기,856,479,-377,270327500,151034000,-119293500,KRX MDCSTAT02401_OUT
weekly,KOSPI200,foreign,251270,넷마블,73254,69477,-3777,2521599900,2391127475,-130472425,KRX MDCSTAT02401_OUT
weekly,KOSPI200,foreign,011200,HMM,198072,191514,-6558,4149053050,4015185775,-133867275,KRX MDCSTAT02401_OUT
weekly,KOSPI200,foreign,001800,오리온홀딩스,15460,9151,-6309,374043550,221468800,-152574750,KRX MDCSTAT02401_OUT
weekly,KOSPI200,foreign,034220,LG디스플레이,1530105,1511073,-19032,12995374600,12837969185,-157405415,KRX MDCSTAT02401_OUT
weekly,KOSPI200,foreign,280360,롯데웰푸드,6968,5728,-1240,889884550,730982100,-158902450,KRX MDCSTAT02401_OUT
weekly,KOSPI200,foreign,009970,영원무역홀딩스,4067,3033,-1034,679081900,505933900,-173148000,KRX MDCSTAT02401_OUT
weekly,KOSPI200,foreign,005300,롯데칠성,7378,5456,-1922,698523400,516965400,-181558000,KRX MDCSTAT02401_OUT
weekly,KOSPI200,foreign,443060,HD현대마린솔루션,42178,41518,-660,9889677750,9706002750,-183675000,KRX MDCSTAT02401_OUT
weekly,KOSPI200,foreign,009240,한샘,9474,4740,-4734,372920400,186315150,-186605250,KRX MDCSTAT02401_OUT
weekly,KOSPI200,foreign,111770,영원무역,25710,22742,-2968,1850726400,1635761800,-214964600,KRX MDCSTAT02401_OUT
weekly,KOSPI200,foreign,011780,금호석유화학,29960,28059,-1901,3572028050,3347256500,-224771550,KRX MDCSTAT02401_OUT
weekly,KOSPI200,foreign,034230,파라다이스,84575,60284,-24291,809081350,576518130,-232563220,KRX MDCSTAT02401_OUT
weekly,KOSPI200,foreign,004000,롯데정밀화학,29155,23757,-5398,1297831625,1058105425,-239726200,KRX MDCSTAT02401_OUT
weekly,KOSPI200,foreign,004990,롯데지주,27633,17475,-10158,673751775,426436875,-247314900,KRX MDCSTAT02401_OUT
weekly,KOSPI200,foreign,011210,현대위아,38444,32491,-5953,2065087500,1743885350,-321202150,KRX MDCSTAT02401_OUT
weekly,KOSPI200,foreign,017960,한국카본,43463,27742,-15721,901605975,571248200,-330357775,KRX MDCSTAT02401_OUT
weekly,KOSPI200,foreign,298020,효성티앤씨,4335,3286,-1049,1388517000,1050790000,-337727000,KRX MDCSTAT02401_OUT
weekly,KOSPI200,foreign,011790,SKC,34646,30599,-4047,3054317150,2696646850,-357670300,KRX MDCSTAT02401_OUT
weekly,KOSPI200,foreign,000240,한국앤컴퍼니,40886,26157,-14729,1001476858,640867208,-360609650,KRX MDCSTAT02401_OUT
weekly,KOSPI200,foreign,069620,대웅제약,5578,1945,-3633,606569250,211802400,-394766850,KRX MDCSTAT02401_OUT
weekly,KOSPI200,foreign,036570,NC,21322,19299,-2023,4414232750,3990502500,-423730250,KRX MDCSTAT02401_OUT
weekly,KOSPI200,foreign,017800,현대엘리베이터,23909,17696,-6213,1766825700,1308512100,-458313600,KRX MDCSTAT02401_OUT
weekly,KOSPI200,foreign,003030,세아제강지주,7161,2852,-4309,779641500,309971000,-469670500,KRX MDCSTAT02401_OUT
weekly,KOSPI200,foreign,012750,에스원,12477,6704,-5773,1046321900,560178400,-486143500,KRX MDCSTAT02401_OUT
weekly,KOSPI200,foreign,000990,DB하이텍,218465,215377,-3088,28126919350,27560408550,-566510800,KRX MDCSTAT02401_OUT
weekly,KOSPI200,foreign,000670,영풍,44365,31174,-13191,1969126150,1394915550,-574210600,KRX MDCSTAT02401_OUT
weekly,KOSPI200,foreign,051600,한전KPS,35401,22919,-12482,1647066275,1062906225,-584160050,KRX MDCSTAT02401_OUT
weekly,KOSPI200,foreign,000210,DL,24500,12897,-11603,1288199950,672637700,-615562250,KRX MDCSTAT02401_OUT
weekly,KOSPI200,foreign,004170,신세계,17768,15423,-2345,6374253250,5534138750,-840114500,KRX MDCSTAT02401_OUT
weekly,KOSPI200,foreign,005850,에스엘,30296,12829,-17467,1500561925,635007750,-865554175,KRX MDCSTAT02401_OUT
weekly,KOSPI200,foreign,138040,메리츠금융지주,107641,100103,-7538,13887543050,12926577400,-960965650,KRX MDCSTAT02401_OUT
weekly,KOSPI200,foreign,035250,강원랜드,111830,40280,-71550,1600964555,576857360,-1024107195,KRX MDCSTAT02401_OUT
weekly,KOSPI200,foreign,051900,LG생활건강,26075,22595,-3480,7786232750,6739548250,-1046684500,KRX MDCSTAT02401_OUT
weekly,KOSPI200,foreign,001430,세아베스틸지주,51640,26812,-24828,2254501275,1170524375,-1083976900,KRX MDCSTAT02401_OUT
weekly,KOSPI200,foreign,006650,대한유화,14952,3809,-11143,1465012900,374421300,-1090591600,KRX MDCSTAT02401_OUT
weekly,KOSPI200,foreign,457190,이수스페셜티케미컬,24236,7189,-17047,1560294750,462912300,-1097382450,KRX MDCSTAT02401_OUT
weekly,KOSPI200,foreign,139130,iM금융지주,124211,60077,-64134,2249489180,1086111690,-1163377490,KRX MDCSTAT02401_OUT
weekly,KOSPI200,foreign,009540,HD한국조선해양,91330,87835,-3495,30857029650,29690443400,-1166586250,KRX MDCSTAT02401_OUT
weekly,KOSPI200,foreign,175330,JB금융지주,248700,209584,-39116,7679961450,6470413625,-1209547825,KRX MDCSTAT02401_OUT
weekly,KOSPI200,foreign,022100,포스코DX,167901,108050,-59851,3446326125,2221650775,-1224675350,KRX MDCSTAT02401_OUT
weekly,KOSPI200,foreign,204320,HL만도,131253,102956,-28297,6221023050,4875414425,-1345608625,KRX MDCSTAT02401_OUT
weekly,KOSPI200,foreign,450080,에코프로머티,79232,35058,-44174,2725341675,1204711550,-1520630125,KRX MDCSTAT02401_OUT
weekly,KOSPI200,foreign,093370,후성,794102,674276,-119826,11134675925,9456894990,-1677780935,KRX MDCSTAT02401_OUT
weekly,KOSPI200,foreign,271560,오리온,56051,40890,-15161,6238772900,4554504900,-1684268000,KRX MDCSTAT02401_OUT
weekly,KOSPI200,foreign,180640,한진칼,21669,9443,-12226,2998921800,1305414300,-1693507500,KRX MDCSTAT02401_OUT
weekly,KOSPI200,foreign,047810,한국항공우주,75846,62431,-13415,9863787550,8125289000,-1738498550,KRX MDCSTAT02401_OUT
weekly,KOSPI200,foreign,139480,이마트,41109,15944,-25165,3008421200,1166586300,-1841834900,KRX MDCSTAT02401_OUT
weekly,KOSPI200,foreign,103140,풍산,29994,5984,-24010,2356472000,470936800,-1885535200,KRX MDCSTAT02401_OUT
weekly,KOSPI200,foreign,069960,현대백화점,35799,16380,-19419,3569757400,1633508600,-1936248800,KRX MDCSTAT02401_OUT
weekly,KOSPI200,foreign,030000,제일기획,190764,78587,-112177,3314332020,1365074755,-1949257265,KRX MDCSTAT02401_OUT
weekly,KOSPI200,foreign,120110,코오롱인더,71977,37664,-34313,4112017900,2146715250,-1965302650,KRX MDCSTAT02401_OUT
weekly,KOSPI200,foreign,029780,삼성카드,87758,42354,-45404,3803992675,1835879000,-1968113675,KRX MDCSTAT02401_OUT
weekly,KOSPI200,foreign,023530,롯데쇼핑,60543,42285,-18258,6676047050,4653332500,-2022714550,KRX MDCSTAT02401_OUT
weekly,KOSPI200,foreign,259960,크래프톤,36546,26269,-10277,7311603800,5260725500,-2050878300,KRX MDCSTAT02401_OUT
weekly,KOSPI200,foreign,086280,현대글로비스,92124,81484,-10640,18521974350,16408970000,-2113004350,KRX MDCSTAT02401_OUT
weekly,KOSPI200,foreign,326030,SK바이오팜,73059,45786,-27273,5684759250,3561400850,-2123358400,KRX MDCSTAT02401_OUT
weekly,KOSPI200,foreign,015760,한국전력,189122,119473,-69649,5821183450,3678726925,-2142456525,KRX MDCSTAT02401_OUT
weekly,KOSPI200,foreign,000100,유한양행,132879,104442,-28437,10047611350,7896561900,-2151049450,KRX MDCSTAT02401_OUT
weekly,KOSPI200,foreign,014680,한솔케미칼,15428,5122,-10306,3328761000,1102056000,-2226705000,KRX MDCSTAT02401_OUT
weekly,KOSPI200,foreign,073240,금호타이어,656570,331572,-324998,4540056050,2292094090,-2247961960,KRX MDCSTAT02401_OUT
weekly,KOSPI200,foreign,008770,호텔신라,71994,15450,-56544,2901264325,621841000,-2279423325,KRX MDCSTAT02401_OUT
weekly,KOSPI200,foreign,0126Z0,삼성에피스홀딩스,18854,11547,-7307,6178601500,3784624500,-2393977000,KRX MDCSTAT02401_OUT
weekly,KOSPI200,foreign,316140,우리금융지주,860908,793273,-67635,31330495075,28871472225,-2459022850,KRX MDCSTAT02401_OUT
weekly,KOSPI200,foreign,007340,DN오토모티브,105055,54528,-50527,5110701900,2650902200,-2459799700,KRX MDCSTAT02401_OUT
weekly,KOSPI200,foreign,071970,HD현대마린엔진,69418,17397,-52021,3545550550,888424250,-2657126300,KRX MDCSTAT02401_OUT
weekly,KOSPI200,foreign,377300,카카오페이,109443,37086,-72357,4402020275,1491175950,-2910844325,KRX MDCSTAT02401_OUT
weekly,KOSPI200,foreign,128940,한미약품,13984,8140,-5844,7091506500,4118235000,-2973271500,KRX MDCSTAT02401_OUT
weekly,KOSPI200,foreign,241560,두산밥캣,110144,58489,-51655,6442955050,3417676600,-3025278450,KRX MDCSTAT02401_OUT
weekly,KOSPI200,foreign,010130,고려아연,4682,1917,-2765,5259616500,2155097500,-3104519000,KRX MDCSTAT02401_OUT
weekly,KOSPI200,foreign,003550,LG,105994,72549,-33445,11802091100,8076059200,-3726031900,KRX MDCSTAT02401_OUT
weekly,KOSPI200,foreign,483650,달바글로벌,65154,44822,-20332,11950692300,8194556550,-3756135750,KRX MDCSTAT02401_OUT
weekly,KOSPI200,foreign,005830,DB손해보험,70222,49948,-20274,13200565550,9389358100,-3811207450,KRX MDCSTAT02401_OUT
weekly,KOSPI200,foreign,011170,롯데케미칼,87062,26657,-60405,5564370250,1700946900,-3863423350,KRX MDCSTAT02401_OUT
weekly,KOSPI200,foreign,003490,대한항공,454763,317223,-137540,13132995700,9164197100,-3968798600,KRX MDCSTAT02401_OUT
weekly,KOSPI200,foreign,064400,LG씨엔에스,131741,71098,-60643,9177028650,4954729050,-4222299600,KRX MDCSTAT02401_OUT
weekly,KOSPI200,foreign,018880,한온시스템,1640105,372967,-1267138,5488712748,1247647525,-4241065223,KRX MDCSTAT02401_OUT
weekly,KOSPI200,foreign,062040,산일전기,59808,38773,-21035,12241318500,7926861000,-4314457500,KRX MDCSTAT02401_OUT
weekly,KOSPI200,foreign,161390,한국타이어앤테크놀로지,264437,189964,-74473,15525674300,11142374000,-4383300300,KRX MDCSTAT02401_OUT
weekly,KOSPI200,foreign,000720,현대건설,151268,116179,-35089,19010207850,14623830850,-4386377000,KRX MDCSTAT02401_OUT
weekly,KOSPI200,foreign,267270,HD건설기계,85024,52921,-32103,11686113450,7265641000,-4420472450,KRX MDCSTAT02401_OUT
weekly,KOSPI200,foreign,006260,LS,38282,23941,-14341,12298999500,7691167500,-4607832000,KRX MDCSTAT02401_OUT
weekly,KOSPI200,foreign,373220,LG에너지솔루션,102266,88915,-13351,36139833750,31443089750,-4696744000,KRX MDCSTAT02401_OUT
weekly,KOSPI200,foreign,323410,카카오뱅크,471847,238292,-233555,9545634925,4814639525,-4730995400,KRX MDCSTAT02401_OUT
weekly,KOSPI200,foreign,005940,NH투자증권,333783,151028,-182755,8685865850,3929540950,-4756324900,KRX MDCSTAT02401_OUT
weekly,KOSPI200,foreign,009830,한화솔루션,578655,400923,-177732,16002234750,11059110400,-4943124350,KRX MDCSTAT02401_OUT
weekly,KOSPI200,foreign,000810,삼성화재,34132,26533,-7599,22212652000,17261329500,-4951322500,KRX MDCSTAT02401_OUT
weekly,KOSPI200,foreign,375500,DL이앤씨,109855,45202,-64653,9339310950,3829401300,-5509909650,KRX MDCSTAT02401_OUT
weekly,KOSPI200,foreign,086790,하나금융지주,233746,192771,-40975,31586371500,26039378150,-5546993350,KRX MDCSTAT02401_OUT
weekly,KOSPI200,foreign,096770,SK이노베이션,194784,153589,-41195,27279150200,21580224500,-5698925700,KRX MDCSTAT02401_OUT
weekly,KOSPI200,foreign,055550,신한지주,695508,640831,-54677,78515379750,72323886750,-6191493000,KRX MDCSTAT02401_OUT
weekly,KOSPI200,foreign,000270,기아,551204,497996,-53208,66066799500,59687713250,-6379086250,KRX MDCSTAT02401_OUT
weekly,KOSPI200,foreign,082740,한화엔진,218828,90471,-128357,10994681650,4542433675,-6452247975,KRX MDCSTAT02401_OUT
weekly,KOSPI200,foreign,352820,하이브,94038,52329,-41709,15380290750,8542362450,-6837928300,KRX MDCSTAT02401_OUT
weekly,KOSPI200,foreign,278470,에이피알,68960,49490,-19470,25197957000,18090022500,-7107934500,KRX MDCSTAT02401_OUT
weekly,KOSPI200,foreign,003230,삼양식품,11478,5918,-5560,14735952000,7587186500,-7148765500,KRX MDCSTAT02401_OUT
weekly,KOSPI200,foreign,003670,포스코퓨처엠,88430,43953,-44477,15779264350,7848224800,-7931039550,KRX MDCSTAT02401_OUT
weekly,KOSPI200,foreign,051910,LG화학,99713,67772,-31941,25965744750,17625448500,-8340296250,KRX MDCSTAT02401_OUT
weekly,KOSPI200,foreign,090430,아모레퍼시픽,117247,58924,-58323,17014540500,8549696500,-8464844000,KRX MDCSTAT02401_OUT
weekly,KOSPI200,foreign,024110,기업은행,597446,174142,-423304,11987664950,3492727650,-8494937300,KRX MDCSTAT02401_OUT
weekly,KOSPI200,foreign,105560,KB금융,398978,350043,-48935,70665693550,61992141250,-8673552300,KRX MDCSTAT02401_OUT
weekly,KOSPI200,foreign,028050,삼성E&A,550063,372938,-177125,28398050150,19306074650,-9091975500,KRX MDCSTAT02401_OUT
weekly,KOSPI200,foreign,042660,한화오션,215980,101809,-114171,17716882650,8341309150,-9375573500,KRX MDCSTAT02401_OUT
weekly,KOSPI200,foreign,005490,POSCO홀딩스,86309,56486,-29823,27539888000,17999677750,-9540210250,KRX MDCSTAT02401_OUT
weekly,KOSPI200,foreign,035720,카카오,475175,178154,-297021,15776173900,5912853200,-9863320700,KRX MDCSTAT02401_OUT
weekly,KOSPI200,foreign,267260,HD현대일렉트릭,31687,17846,-13841,22709069000,12780073500,-9928995500,KRX MDCSTAT02401_OUT
weekly,KOSPI200,foreign,004020,현대제철,392026,67657,-324369,13815658075,2388291825,-11427366250,KRX MDCSTAT02401_OUT
weekly,KOSPI200,foreign,064350,현대로템,170890,70008,-100882,20484831850,8366815200,-12118016650,KRX MDCSTAT02401_OUT
weekly,KOSPI200,foreign,010140,삼성중공업,1303687,629964,-673723,26825927625,12959182625,-13866745000,KRX MDCSTAT02401_OUT
weekly,KOSPI200,foreign,011070,LG이노텍,85382,57727,-27655,44372843000,29995735000,-14377108000,KRX MDCSTAT02401_OUT
weekly,KOSPI200,foreign,047050,포스코인터내셔널,353281,64295,-288986,20391918750,3713124050,-16678794700,KRX MDCSTAT02401_OUT
weekly,KOSPI200,foreign,010060,OCI홀딩스,202929,103193,-99736,39406763650,20097228700,-19309534950,KRX MDCSTAT02401_OUT
weekly,KOSPI200,foreign,047040,대우건설,1962467,585311,-1377156,36140229955,10773144740,-25367085215,KRX MDCSTAT02401_OUT
weekly,KOSPI200,foreign,000150,두산,50369,29436,-20933,72395664564,42320770064,-30074894500,KRX MDCSTAT02401_OUT
weekly,KOSPI200,foreign,006400,삼성SDI,101329,38974,-62355,54038377500,20778344500,-33260033000,KRX MDCSTAT02401_OUT
weekly,KOSPI200,foreign,079550,LIG디펜스앤에어로스페이스,75138,25544,-49594,55946998000,19012807500,-36934190500,KRX MDCSTAT02401_OUT
weekly,KOSPI200,foreign,001440,대한전선,1578050,319422,-1258628,47765186875,9628030325,-38137156550,KRX MDCSTAT02401_OUT
weekly,KOSPI200,foreign,012450,한화에어로스페이스,80269,42727,-37542,86328254500,46146157000,-40182097500,KRX MDCSTAT02401_OUT
weekly,KOSPI200,foreign,272210,한화시스템,922522,409942,-512580,72099056950,31816353900,-40282703050,KRX MDCSTAT02401_OUT
weekly,KOSPI200,foreign,034020,두산에너빌리티,674173,186440,-487733,57686100400,15929074550,-41757025850,KRX MDCSTAT02401_OUT
weekly,KOSPI200,foreign,005380,현대차,238176,94950,-143226,85760900250,34152678250,-51608222000,KRX MDCSTAT02401_OUT
weekly,KOSPI200,foreign,000660,SK하이닉스,1234495,875356,-359139,2308893906199,1637580213699,-671313692500,KRX MDCSTAT02401_OUT
weekly,KOSPI200,institution,005930,삼성전자,6386877,10573491,4186614,1737846015500,2875950862750,1138104847250,KRX MDCSTAT02401_OUT
weekly,KOSPI200,institution,000660,SK하이닉스,646383,742476,96093,1208027357000,1388976651500,180949294500,KRX MDCSTAT02401_OUT
weekly,KOSPI200,institution,009150,삼성전기,115616,206240,90624,163953863000,293162619500,129208756500,KRX MDCSTAT02401_OUT
weekly,KOSPI200,institution,402340,SK스퀘어,119103,152369,33266,133188402500,170903454000,37715051500,KRX MDCSTAT02401_OUT
weekly,KOSPI200,institution,105560,KB금융,162580,304785,142205,28782562600,54012156150,25229593550,KRX MDCSTAT02401_OUT
weekly,KOSPI200,institution,007660,이수페타시스,120431,300692,180261,13126699850,32856346050,19729646200,KRX MDCSTAT02401_OUT
weekly,KOSPI200,institution,079550,LIG디펜스앤에어로스페이스,35356,59877,24521,26326945500,44646361500,18319416000,KRX MDCSTAT02401_OUT
weekly,KOSPI200,institution,012450,한화에어로스페이스,23421,40513,17092,25344872500,43633293500,18288421000,KRX MDCSTAT02401_OUT
weekly,KOSPI200,institution,028260,삼성물산,58098,101835,43737,21224782000,37230647500,16005865500,KRX MDCSTAT02401_OUT
weekly,KOSPI200,institution,066570,LG전자,122881,201367,78486,24653926650,40554737450,15900810800,KRX MDCSTAT02401_OUT
weekly,KOSPI200,institution,055550,신한지주,216118,356616,140498,24390909400,40258689900,15867780500,KRX MDCSTAT02401_OUT
weekly,KOSPI200,institution,086790,하나금융지주,106831,211367,104536,14441224000,28584439600,14143215600,KRX MDCSTAT02401_OUT
weekly,KOSPI200,institution,090430,아모레퍼시픽,29891,126696,96805,4324065400,18392127650,14068062250,KRX MDCSTAT02401_OUT
weekly,KOSPI200,institution,034730,SK,27510,51588,24078,15716286500,29508591500,13792305000,KRX MDCSTAT02401_OUT
weekly,KOSPI200,institution,047050,포스코인터내셔널,108308,296249,187941,6255050850,17121888550,10866837700,KRX MDCSTAT02401_OUT
weekly,KOSPI200,institution,316140,우리금융지주,213331,493746,280415,7754718125,17965370825,10210652700,KRX MDCSTAT02401_OUT
weekly,KOSPI200,institution,028050,삼성E&A,124694,318884,194190,6434570550,16499726050,10065155500,KRX MDCSTAT02401_OUT
weekly,KOSPI200,institution,272210,한화시스템,416376,530914,114538,32441013600,41329839650,8888826050,KRX MDCSTAT02401_OUT
weekly,KOSPI200,institution,068270,셀트리온,58031,106457,48426,10484816600,19261753950,8776937350,KRX MDCSTAT02401_OUT
weekly,KOSPI200,institution,032830,삼성생명,49135,77022,27887,14275344500,22418856250,8143511750,KRX MDCSTAT02401_OUT
weekly,KOSPI200,institution,375500,DL이앤씨,43183,136556,93373,3677041700,11635355900,7958314200,KRX MDCSTAT02401_OUT
weekly,KOSPI200,institution,005940,NH투자증권,69883,359886,290003,1821975800,9400443750,7578467950,KRX MDCSTAT02401_OUT
weekly,KOSPI200,institution,128940,한미약품,7192,19208,12016,3642125500,9749790000,6107664500,KRX MDCSTAT02401_OUT
weekly,KOSPI200,institution,018260,삼성에스디에스,13339,38817,25478,2973007250,8693607250,5720600000,KRX MDCSTAT02401_OUT
weekly,KOSPI200,institution,000810,삼성화재,9680,17858,8178,6295251500,11630222500,5334971000,KRX MDCSTAT02401_OUT
weekly,KOSPI200,institution,011170,롯데케미칼,19303,87707,68404,1230083350,5607953950,4377870600,KRX MDCSTAT02401_OUT
weekly,KOSPI200,institution,000150,두산,14601,17586,2985,20978508000,25295990500,4317482500,KRX MDCSTAT02401_OUT
weekly,KOSPI200,institution,138040,메리츠금융지주,25354,57159,31805,3264828250,7369394100,4104565850,KRX MDCSTAT02401_OUT
weekly,KOSPI200,institution,010950,S-Oil,50205,76635,26430,7691962950,11782941800,4090978850,KRX MDCSTAT02401_OUT
weekly,KOSPI200,institution,483650,달바글로벌,30267,52108,21841,5543490300,9558686350,4015196050,KRX MDCSTAT02401_OUT
weekly,KOSPI200,institution,051900,LG생활건강,9185,20802,11617,2736393000,6215413500,3479020500,KRX MDCSTAT02401_OUT
weekly,KOSPI200,institution,035720,카카오,205498,308287,102789,6822878350,10248684575,3425806225,KRX MDCSTAT02401_OUT
weekly,KOSPI200,institution,016360,삼성증권,34482,73282,38800,3016230450,6411628900,3395398450,KRX MDCSTAT02401_OUT
weekly,KOSPI200,institution,003550,LG,22361,52014,29653,2486884850,5792424500,3305539650,KRX MDCSTAT02401_OUT
weekly,KOSPI200,institution,005830,DB손해보험,15027,31551,16524,2822727650,5935325750,3112598100,KRX MDCSTAT02401_OUT
weekly,KOSPI200,institution,006260,LS,26183,35145,8962,8415532250,11291640500,2876108250,KRX MDCSTAT02401_OUT
weekly,KOSPI200,institution,161890,한국콜마,33251,50445,17194,4796714100,7292805750,2496091650,KRX MDCSTAT02401_OUT
weekly,KOSPI200,institution,014680,한솔케미칼,4835,15637,10802,1041911500,3375923000,2334011500,KRX MDCSTAT02401_OUT
weekly,KOSPI200,institution,011200,HMM,72175,182677,110502,1513769775,3833646250,2319876475,KRX MDCSTAT02401_OUT
weekly,KOSPI200,institution,007340,DN오토모티브,24779,71885,47106,1202627550,3512004125,2309376575,KRX MDCSTAT02401_OUT
weekly,KOSPI200,institution,000100,유한양행,22869,51076,28207,1728727800,3863270700,2134542900,KRX MDCSTAT02401_OUT
weekly,KOSPI200,institution,030200,KT,133529,172800,39271,7098500200,9195654850,2097154650,KRX MDCSTAT02401_OUT
weekly,KOSPI200,institution,003490,대한항공,195289,266934,71645,5645284075,7718657725,2073373650,KRX MDCSTAT02401_OUT
weekly,KOSPI200,institution,047810,한국항공우주,35060,48163,13103,4560902650,6272216950,1711314300,KRX MDCSTAT02401_OUT
weekly,KOSPI200,institution,175330,JB금융지주,72631,127083,54452,2240760650,3926399600,1685638950,KRX MDCSTAT02401_OUT
weekly,KOSPI200,institution,024110,기업은행,67297,145636,78339,1349993025,2926789625,1576796600,KRX MDCSTAT02401_OUT
weekly,KOSPI200,institution,267260,HD현대일렉트릭,13754,15740,1986,9875032500,11311873000,1436840500,KRX MDCSTAT02401_OUT
weekly,KOSPI200,institution,000720,현대건설,107764,119061,11297,13553013450,14988894950,1435881500,KRX MDCSTAT02401_OUT
weekly,KOSPI200,institution,032640,LG유플러스,266306,359434,93128,3855667760,5204984645,1349316885,KRX MDCSTAT02401_OUT
weekly,KOSPI200,institution,004020,현대제철,102595,137346,34751,3615714250,4851581425,1235867175,KRX MDCSTAT02401_OUT
weekly,KOSPI200,institution,192820,코스맥스,14147,18526,4379,3858707250,5052632000,1193924750,KRX MDCSTAT02401_OUT
weekly,KOSPI200,institution,180640,한진칼,13350,21694,8344,1845432100,3006052100,1160620000,KRX MDCSTAT02401_OUT
weekly,KOSPI200,institution,103140,풍산,11400,25935,14535,894724950,2038719650,1143994700,KRX MDCSTAT02401_OUT
weekly,KOSPI200,institution,139130,iM금융지주,32386,94608,62222,586514920,1716121265,1129606345,KRX MDCSTAT02401_OUT
weekly,KOSPI200,institution,361610,SK아이이테크놀로지,20652,83775,63123,334210400,1358138520,1023928120,KRX MDCSTAT02401_OUT
weekly,KOSPI200,institution,009540,HD한국조선해양,35958,38813,2855,12143962500,13115248500,971286000,KRX MDCSTAT02401_OUT
weekly,KOSPI200,institution,018880,한온시스템,145001,414977,269976,485365250,1388992152,903626902,KRX MDCSTAT02401_OUT
weekly,KOSPI200,institution,003230,삼양식품,9915,10584,669,12705632000,13590151500,884519500,KRX MDCSTAT02401_OUT
weekly,KOSPI200,institution,001430,세아베스틸지주,35393,54915,19522,1546032025,2406208450,860176425,KRX MDCSTAT02401_OUT
weekly,KOSPI200,institution,008930,한미사이언스,8525,25659,17134,425291600,1284857200,859565600,KRX MDCSTAT02401_OUT
weekly,KOSPI200,institution,011790,SKC,20790,30347,9557,1827685600,2680723100,853037500,KRX MDCSTAT02401_OUT
weekly,KOSPI200,institution,010120,LS ELECTRIC,61396,65012,3616,12772966750,13533925000,760958250,KRX MDCSTAT02401_OUT
weekly,KOSPI200,institution,010130,고려아연,2169,2815,646,2434738500,3166526000,731787500,KRX MDCSTAT02401_OUT
weekly,KOSPI200,institution,071320,지역난방공사,500,9330,8830,38778500,727689000,688910500,KRX MDCSTAT02401_OUT
weekly,KOSPI200,institution,017800,현대엘리베이터,7896,17097,9201,582547150,1263472050,680924900,KRX MDCSTAT02401_OUT
weekly,KOSPI200,institution,326030,SK바이오팜,10348,18758,8410,805052800,1461860500,656807700,KRX MDCSTAT02401_OUT
weekly,KOSPI200,institution,012750,에스원,10183,17609,7426,853442100,1478732400,625290300,KRX MDCSTAT02401_OUT
weekly,KOSPI200,institution,082740,한화엔진,65145,76789,11644,3268611150,3856491975,587880825,KRX MDCSTAT02401_OUT
weekly,KOSPI200,institution,028670,팬오션,184302,284370,100068,1060655825,1640144990,579489165,KRX MDCSTAT02401_OUT
weekly,KOSPI200,institution,271560,오리온,7963,12762,4799,886602200,1421732650,535130450,KRX MDCSTAT02401_OUT
weekly,KOSPI200,institution,035250,강원랜드,41915,78461,36546,600131710,1123851700,523719990,KRX MDCSTAT02401_OUT
weekly,KOSPI200,institution,071050,한국금융지주,32909,35687,2778,6039536350,6552578150,513041800,KRX MDCSTAT02401_OUT
weekly,KOSPI200,institution,071970,HD현대마린엔진,17834,27838,10004,910852400,1422448850,511596450,KRX MDCSTAT02401_OUT
weekly,KOSPI200,institution,033780,KT&G,47147,49964,2817,8180911200,8673655350,492744150,KRX MDCSTAT02401_OUT
weekly,KOSPI200,institution,036570,NC,15735,18044,2309,3252009250,3738485000,486475750,KRX MDCSTAT02401_OUT
weekly,KOSPI200,institution,086280,현대글로비스,38813,41015,2202,7794941600,8260049600,465108000,KRX MDCSTAT02401_OUT
weekly,KOSPI200,institution,009240,한샘,2225,13994,11769,87376950,551227900,463850950,KRX MDCSTAT02401_OUT
weekly,KOSPI200,institution,241560,두산밥캣,18477,25747,7270,1080792800,1509209900,428417100,KRX MDCSTAT02401_OUT
weekly,KOSPI200,institution,029780,삼성카드,7808,17392,9584,338369175,754054600,415685425,KRX MDCSTAT02401_OUT
weekly,KOSPI200,institution,004990,롯데지주,10630,27588,16958,259404700,672799975,413395275,KRX MDCSTAT02401_OUT
weekly,KOSPI200,institution,003030,세아제강지주,4528,8291,3763,492904400,904095700,411191300,KRX MDCSTAT02401_OUT
weekly,KOSPI200,institution,112610,씨에스윈드,44399,52325,7926,2233459125,2642165025,408705900,KRX MDCSTAT02401_OUT
weekly,KOSPI200,institution,096770,SK이노베이션,196194,199114,2920,27500179750,27906319000,406139250,KRX MDCSTAT02401_OUT
weekly,KOSPI200,institution,000240,한국앤컴퍼니,7947,24015,16068,194868650,588676225,393807575,KRX MDCSTAT02401_OUT
weekly,KOSPI200,institution,022100,포스코DX,28223,47393,19170,578518575,971814050,393295475,KRX MDCSTAT02401_OUT
weekly,KOSPI200,institution,034220,LG디스플레이,102723,148287,45564,869397195,1261057990,391660795,KRX MDCSTAT02401_OUT
weekly,KOSPI200,institution,088350,한화생명,361607,426603,64996,2091487525,2468879025,377391500,KRX MDCSTAT02401_OUT
weekly,KOSPI200,institution,280360,롯데웰푸드,5232,7681,2449,666938050,980904450,313966400,KRX MDCSTAT02401_OUT
weekly,KOSPI200,institution,002790,아모레퍼시픽홀딩스,9790,21362,11572,258945675,567738350,308792675,KRX MDCSTAT02401_OUT
weekly,KOSPI200,institution,006650,대한유화,8354,11325,2971,816341050,1109394100,293053050,KRX MDCSTAT02401_OUT
weekly,KOSPI200,institution,282330,BGF리테일,3699,5714,2015,514228800,794354800,280126000,KRX MDCSTAT02401_OUT
weekly,KOSPI200,institution,454910,두산로보틱스,26810,30414,3604,1865279700,2125057150,259777450,KRX MDCSTAT02401_OUT
weekly,KOSPI200,institution,285130,SK케미칼,6378,11047,4669,327048150,568170900,241122750,KRX MDCSTAT02401_OUT
weekly,KOSPI200,institution,111770,영원무역,5608,8806,3198,402618750,636818200,234199450,KRX MDCSTAT02401_OUT
weekly,KOSPI200,institution,139480,이마트,11508,14343,2835,842024000,1050811700,208787700,KRX MDCSTAT02401_OUT
weekly,KOSPI200,institution,009970,영원무역홀딩스,1451,2450,999,241962100,409863300,167901200,KRX MDCSTAT02401_OUT
weekly,KOSPI200,institution,000080,하이트진로,11235,21926,10691,168769310,329744850,160975540,KRX MDCSTAT02401_OUT
weekly,KOSPI200,institution,007310,오뚜기,435,904,469,137093500,285500000,148406500,KRX MDCSTAT02401_OUT
weekly,KOSPI200,institution,021240,코웨이,35751,36824,1073,3556522300,3689178450,132656150,KRX MDCSTAT02401_OUT
weekly,KOSPI200,institution,000880,한화,14348,15347,999,1874946900,2000437500,125490600,KRX MDCSTAT02401_OUT
weekly,KOSPI200,institution,120110,코오롱인더,31785,33630,1845,1809345800,1916545650,107199850,KRX MDCSTAT02401_OUT
weekly,KOSPI200,institution,011210,현대위아,4549,6535,1986,244695100,351845850,107150750,KRX MDCSTAT02401_OUT
weekly,KOSPI200,institution,026960,동서,9448,13323,3875,240249650,339613050,99363400,KRX MDCSTAT02401_OUT
weekly,KOSPI200,institution,011780,금호석유화학,6594,7362,768,786053850,878254900,92201050,KRX MDCSTAT02401_OUT
weekly,KOSPI200,institution,002030,아세아,224,642,418,48559500,140203500,91644000,KRX MDCSTAT02401_OUT
weekly,KOSPI200,institution,069260,TKG휴켐스,8085,13535,5450,130997750,219538490,88540740,KRX MDCSTAT02401_OUT
weekly,KOSPI200,institution,185750,종근당,940,2300,1360,60382100,148223150,87841050,KRX MDCSTAT02401_OUT
weekly,KOSPI200,institution,069620,대웅제약,2144,2887,743,232986350,314317500,81331150,KRX MDCSTAT02401_OUT
weekly,KOSPI200,institution,005300,롯데칠성,941,1780,839,89028300,168895900,79867600,KRX MDCSTAT02401_OUT
weekly,KOSPI200,institution,300720,한일시멘트,9168,13973,4805,148281540,226159870,77878330,KRX MDCSTAT02401_OUT
weekly,KOSPI200,institution,137310,에스디바이오센서,7305,20004,12699,44772985,122649460,77876475,KRX MDCSTAT02401_OUT
weekly,KOSPI200,institution,081660,미스토홀딩스,18859,20559,1700,727831600,794223900,66392300,KRX MDCSTAT02401_OUT
weekly,KOSPI200,institution,036460,한국가스공사,20106,21808,1702,716270900,778676675,62405775,KRX MDCSTAT02401_OUT
weekly,KOSPI200,institution,457190,이수스페셜티케미컬,14402,15228,826,925689150,980691200,55002050,KRX MDCSTAT02401_OUT
weekly,KOSPI200,institution,008730,율촌화학,5296,8448,3152,79005810,127427300,48421490,KRX MDCSTAT02401_OUT
weekly,KOSPI200,institution,002840,미원상사,198,462,264,26599300,62528700,35929400,KRX MDCSTAT02401_OUT
weekly,KOSPI200,institution,001800,오리온홀딩스,9192,10641,1449,222442850,257974650,35531800,KRX MDCSTAT02401_OUT
weekly,KOSPI200,institution,034230,파라다이스,21114,24564,3450,201903390,235130270,33226880,KRX MDCSTAT02401_OUT
weekly,KOSPI200,institution,005420,코스모화학,14877,18037,3160,152503120,185262210,32759090,KRX MDCSTAT02401_OUT
weekly,KOSPI200,institution,003090,대웅,16159,17519,1360,256103350,277853010,21749660,KRX MDCSTAT02401_OUT
weekly,KOSPI200,institution,001680,대상,11847,12730,883,210871545,226926130,16054585,KRX MDCSTAT02401_OUT
weekly,KOSPI200,institution,006280,녹십자,2915,3022,107,364209100,378347350,14138250,KRX MDCSTAT02401_OUT
weekly,KOSPI200,institution,302440,SK바이오사이언스,14696,15015,319,522893150,535801725,12908575,KRX MDCSTAT02401_OUT
weekly,KOSPI200,institution,008770,호텔신라,13570,13875,305,547033750,559517750,12484000,KRX MDCSTAT02401_OUT
weekly,KOSPI200,institution,001450,현대해상,47704,47813,109,2322856575,2329870750,7014175,KRX MDCSTAT02401_OUT
weekly,KOSPI200,institution,007700,F&F홀딩스,1925,1640,-285,26077200,22218370,-3858830,KRX MDCSTAT02401_OUT
weekly,KOSPI200,institution,014820,동원시스템즈,9133,8799,-334,193240800,186672200,-6568600,KRX MDCSTAT02401_OUT
weekly,KOSPI200,institution,268280,미원에스씨,292,149,-143,38547500,19592700,-18954800,KRX MDCSTAT02401_OUT
weekly,KOSPI200,institution,161390,한국타이어앤테크놀로지,45581,44832,-749,2663021000,2632953850,-30067150,KRX MDCSTAT02401_OUT
weekly,KOSPI200,institution,030000,제일기획,49350,46546,-2804,857386755,809392200,-47994555,KRX MDCSTAT02401_OUT
weekly,KOSPI200,institution,006040,동원산업,6279,4507,-1772,223124300,160303550,-62820750,KRX MDCSTAT02401_OUT
weekly,KOSPI200,institution,003240,태광산업,319,183,-136,284617000,163819000,-120798000,KRX MDCSTAT02401_OUT
weekly,KOSPI200,institution,323410,카카오뱅크,138385,131515,-6870,2791251000,2667446650,-123804350,KRX MDCSTAT02401_OUT
weekly,KOSPI200,institution,0126Z0,삼성에피스홀딩스,2975,2577,-398,974637500,844907750,-129729750,KRX MDCSTAT02401_OUT
weekly,KOSPI200,institution,004000,롯데정밀화학,9911,6969,-2942,441022950,310350750,-130672200,KRX MDCSTAT02401_OUT
weekly,KOSPI200,institution,192080,더블유게임즈,8780,6266,-2514,511427500,365445400,-145982100,KRX MDCSTAT02401_OUT
weekly,KOSPI200,institution,000210,DL,22631,18903,-3728,1179605250,992973600,-186631650,KRX MDCSTAT02401_OUT
weekly,KOSPI200,institution,251270,넷마블,32237,26744,-5493,1107990175,920577625,-187412550,KRX MDCSTAT02401_OUT
weekly,KOSPI200,institution,298050,HS효성첨단소재,3035,1608,-1427,491772850,262577900,-229194950,KRX MDCSTAT02401_OUT
weekly,KOSPI200,institution,005850,에스엘,10503,5779,-4724,519490075,286395400,-233094675,KRX MDCSTAT02401_OUT
weekly,KOSPI200,institution,051600,한전KPS,22671,16732,-5939,1049438825,778083750,-271355075,KRX MDCSTAT02401_OUT
weekly,KOSPI200,institution,450080,에코프로머티,41196,32506,-8690,1416694525,1117539325,-299155200,KRX MDCSTAT02401_OUT
weekly,KOSPI200,institution,377300,카카오페이,31673,24098,-7575,1271316900,971713050,-299603850,KRX MDCSTAT02401_OUT
weekly,KOSPI200,institution,004170,신세계,19864,18758,-1106,7124749750,6751059250,-373690500,KRX MDCSTAT02401_OUT
weekly,KOSPI200,institution,000120,CJ대한통운,13321,7684,-5637,940725300,543083950,-397641350,KRX MDCSTAT02401_OUT
weekly,KOSPI200,institution,017960,한국카본,37517,16247,-21270,769436150,336705375,-432730775,KRX MDCSTAT02401_OUT
weekly,KOSPI200,institution,069960,현대백화점,11806,7167,-4639,1178538000,715178650,-463359350,KRX MDCSTAT02401_OUT
weekly,KOSPI200,institution,073240,금호타이어,134707,53267,-81440,928735920,367323890,-561412030,KRX MDCSTAT02401_OUT
weekly,KOSPI200,institution,000670,영풍,31406,18397,-13009,1389212000,813273950,-575938050,KRX MDCSTAT02401_OUT
weekly,KOSPI200,institution,298020,효성티앤씨,3384,1570,-1814,1080368500,503556750,-576811750,KRX MDCSTAT02401_OUT
weekly,KOSPI200,institution,138930,BNK금융지주,231666,185721,-45945,3632189290,2913665945,-718523345,KRX MDCSTAT02401_OUT
weekly,KOSPI200,institution,278470,에이피알,37127,34589,-2538,13536680750,12661980250,-874700500,KRX MDCSTAT02401_OUT
weekly,KOSPI200,institution,064400,LG씨엔에스,48134,35034,-13100,3350981750,2443728650,-907253100,KRX MDCSTAT02401_OUT
weekly,KOSPI200,institution,039490,키움증권,13507,9952,-3555,3551852500,2618625750,-933226750,KRX MDCSTAT02401_OUT
weekly,KOSPI200,institution,002380,KCC,4713,2665,-2048,2173589000,1234808000,-938781000,KRX MDCSTAT02401_OUT
weekly,KOSPI200,institution,000990,DB하이텍,106664,97835,-8829,13629571582,12672695300,-956876282,KRX MDCSTAT02401_OUT
weekly,KOSPI200,institution,007070,GS리테일,64420,16216,-48204,1499285350,379511450,-1119773900,KRX MDCSTAT02401_OUT
weekly,KOSPI200,institution,097950,CJ제일제당,14511,7666,-6845,2538596150,1347004150,-1191592000,KRX MDCSTAT02401_OUT
weekly,KOSPI200,institution,051910,LG화학,59709,54642,-5067,15528854500,14240238500,-1288616000,KRX MDCSTAT02401_OUT
weekly,KOSPI200,institution,204320,HL만도,52846,19197,-33649,2499285600,909436150,-1589849450,KRX MDCSTAT02401_OUT
weekly,KOSPI200,institution,006800,미래에셋증권,182296,126444,-55852,5783340525,4013880875,-1769459650,KRX MDCSTAT02401_OUT
weekly,KOSPI200,institution,267250,HD현대,38513,29415,-9098,8049609250,6199079750,-1850529500,KRX MDCSTAT02401_OUT
weekly,KOSPI200,institution,001040,CJ,22520,8010,-14510,2897211050,1032307450,-1864903600,KRX MDCSTAT02401_OUT
weekly,KOSPI200,institution,004370,농심,7585,2831,-4754,2993425500,1118310500,-1875115000,KRX MDCSTAT02401_OUT
weekly,KOSPI200,institution,009420,한올바이오파마,78512,32802,-45710,3696612275,1546318750,-2150293525,KRX MDCSTAT02401_OUT
weekly,KOSPI200,institution,259960,크래프톤,27279,15878,-11401,5462474950,3183898850,-2278576100,KRX MDCSTAT02401_OUT
weekly,KOSPI200,institution,093370,후성,417241,250925,-166316,5811087110,3516435895,-2294651215,KRX MDCSTAT02401_OUT
weekly,KOSPI200,institution,078930,GS,77720,54836,-22884,8805278600,6218051400,-2587227200,KRX MDCSTAT02401_OUT
weekly,KOSPI200,institution,443060,HD현대마린솔루션,34248,20244,-14004,7970437000,4734272250,-3236164750,KRX MDCSTAT02401_OUT
weekly,KOSPI200,institution,064350,현대로템,82533,55264,-27269,9911295800,6647159550,-3264136250,KRX MDCSTAT02401_OUT
weekly,KOSPI200,institution,042700,한미반도체,78960,64545,-14415,18642089250,15272219500,-3369869750,KRX MDCSTAT02401_OUT
weekly,KOSPI200,institution,005490,POSCO홀딩스,60216,49220,-10996,19197309500,15723364750,-3473944750,KRX MDCSTAT02401_OUT
weekly,KOSPI200,institution,267270,HD건설기계,63994,37596,-26398,8751745300,5155186450,-3596558850,KRX MDCSTAT02401_OUT
weekly,KOSPI200,institution,015760,한국전력,367342,244535,-122807,11302410800,7539786650,-3762624150,KRX MDCSTAT02401_OUT
weekly,KOSPI200,institution,010140,삼성중공업,620274,428793,-191481,12757988525,8825934625,-3932053900,KRX MDCSTAT02401_OUT
weekly,KOSPI200,institution,001440,대한전선,285255,145845,-139410,8640015550,4399905175,-4240110375,KRX MDCSTAT02401_OUT
weekly,KOSPI200,institution,003670,포스코퓨처엠,91892,64756,-27136,16402471850,11555504900,-4846966950,KRX MDCSTAT02401_OUT
weekly,KOSPI200,institution,307950,현대오토에버,18464,4100,-14364,6674701250,1485672250,-5189029000,KRX MDCSTAT02401_OUT
weekly,KOSPI200,institution,352820,하이브,71549,36404,-35145,11657923950,5958468050,-5699455900,KRX MDCSTAT02401_OUT
weekly,KOSPI200,institution,207940,삼성바이오로직스,11631,7421,-4210,16238032000,10385377500,-5852654500,KRX MDCSTAT02401_OUT
weekly,KOSPI200,institution,052690,한전기술,96542,51054,-45488,12575231700,6670588900,-5904642800,KRX MDCSTAT02401_OUT
weekly,KOSPI200,institution,011070,LG이노텍,41034,28930,-12104,21303400000,15058543000,-6244857000,KRX MDCSTAT02401_OUT
weekly,KOSPI200,institution,062040,산일전기,54186,20581,-33605,11046613000,4205880000,-6840733000,KRX MDCSTAT02401_OUT
weekly,KOSPI200,institution,023530,롯데쇼핑,77742,13147,-64595,8558527400,1448228800,-7110298600,KRX MDCSTAT02401_OUT
weekly,KOSPI200,institution,009830,한화솔루션,351119,93031,-258088,9695877825,2569821575,-7126056250,KRX MDCSTAT02401_OUT
weekly,KOSPI200,institution,042660,한화오션,175986,81818,-94168,14435177350,6709047750,-7726129600,KRX MDCSTAT02401_OUT
weekly,KOSPI200,institution,047040,대우건설,874756,434452,-440304,16083760870,7989114065,-8094646805,KRX MDCSTAT02401_OUT
weekly,KOSPI200,institution,000270,기아,218295,141807,-76488,26155794300,17010009650,-9145784650,KRX MDCSTAT02401_OUT
weekly,KOSPI200,institution,010060,OCI홀딩스,92807,35729,-57078,18000996250,6940129650,-11060866600,KRX MDCSTAT02401_OUT
weekly,KOSPI200,institution,012330,현대모비스,69886,39057,-30829,26051080500,14585936750,-11465143750,KRX MDCSTAT02401_OUT
weekly,KOSPI200,institution,298040,효성중공업,9991,5642,-4349,29109890500,16453901000,-12655989500,KRX MDCSTAT02401_OUT
weekly,KOSPI200,institution,034020,두산에너빌리티,571337,403504,-167833,48830685200,34488084300,-14342600900,KRX MDCSTAT02401_OUT
weekly,KOSPI200,institution,066970,엘앤에프,236919,83432,-153487,25337399000,8934472450,-16402926550,KRX MDCSTAT02401_OUT
weekly,KOSPI200,institution,017670,SK텔레콤,309528,108581,-200947,27026871050,9498963750,-17527907300,KRX MDCSTAT02401_OUT
weekly,KOSPI200,institution,329180,HD현대중공업,92434,52891,-39543,41573125000,23814804750,-17758320250,KRX MDCSTAT02401_OUT
weekly,KOSPI200,institution,006400,삼성SDI,116190,72663,-43527,61920510000,38745330500,-23175179500,KRX MDCSTAT02401_OUT
weekly,KOSPI200,institution,373220,LG에너지솔루션,162140,83367,-78773,57322568750,29469231250,-27853337500,KRX MDCSTAT02401_OUT
weekly,KOSPI200,institution,005380,현대차,162399,73409,-88990,58444713000,26462392750,-31982320250,KRX MDCSTAT02401_OUT
weekly,KOSPI200,institution,035420,NAVER,336587,137892,-198695,66407441350,27224591000,-39182850350,KRX MDCSTAT02401_OUT
weekly,KOSDAQ150,foreign,067310,하나마이크론,1000798,1843410,842612,43418071225,80248316575,36830245350,KRX MDCSTAT02401_OUT
weekly,KOSDAQ150,foreign,036540,SFA반도체,3264865,4981405,1716540,34113822820,52082317860,17968495040,KRX MDCSTAT02401_OUT
weekly,KOSDAQ150,foreign,222800,심텍,70264,186651,116387,9050273150,24167359550,15117086400,KRX MDCSTAT02401_OUT
weekly,KOSDAQ150,foreign,232140,와이씨,2194195,3013999,819804,30286555500,41284897970,10998342470,KRX MDCSTAT02401_OUT
weekly,KOSDAQ150,foreign,226950,올릭스,44457,137268,92811,4878479400,14903800400,10025321000,KRX MDCSTAT02401_OUT
weekly,KOSDAQ150,foreign,257720,실리콘투,109044,351688,242644,4459568850,14384250225,9924681375,KRX MDCSTAT02401_OUT
weekly,KOSDAQ150,foreign,095610,테스,26970,92641,65671,3829948050,13448192250,9618244200,KRX MDCSTAT02401_OUT
weekly,KOSDAQ150,foreign,089030,테크윙,174153,359409,185256,8271734350,17143251525,8871517175,KRX MDCSTAT02401_OUT
weekly,KOSDAQ150,foreign,298380,에이비엘바이오,134923,251630,116707,7315122600,13654965350,6339842750,KRX MDCSTAT02401_OUT
weekly,KOSDAQ150,foreign,214450,파마리서치,8047,26852,18805,2622520000,8723872250,6101352250,KRX MDCSTAT02401_OUT
weekly,KOSDAQ150,foreign,036930,주성엔지니어링,158627,187111,28484,32685704000,38616173500,5930469500,KRX MDCSTAT02401_OUT
weekly,KOSDAQ150,foreign,437730,삼현,537093,639571,102478,30158244650,35693784300,5535539650,KRX MDCSTAT02401_OUT
weekly,KOSDAQ150,foreign,240810,원익IPS,386839,426593,39754,49190398950,54473362850,5282963900,KRX MDCSTAT02401_OUT
weekly,KOSDAQ150,foreign,108490,로보티즈,33499,47947,14448,10275351750,14709066000,4433714250,KRX MDCSTAT02401_OUT
weekly,KOSDAQ150,foreign,039030,이오테크닉스,18615,27910,9295,8831083000,13161925750,4330842750,KRX MDCSTAT02401_OUT
weekly,KOSDAQ150,foreign,031980,피에스케이홀딩스,30946,56341,25395,5157137150,9392451750,4235314600,KRX MDCSTAT02401_OUT
weekly,KOSDAQ150,foreign,204270,제이앤티씨,697398,846729,149331,17542128800,21523515975,3981387175,KRX MDCSTAT02401_OUT
weekly,KOSDAQ150,foreign,277810,레인보우로보틱스,5327,13101,7774,2326180250,5735030500,3408850250,KRX MDCSTAT02401_OUT
weekly,KOSDAQ150,foreign,141080,리가켐바이오,34944,73951,39007,2856708100,6051681800,3194973700,KRX MDCSTAT02401_OUT
weekly,KOSDAQ150,foreign,347850,디앤디파마텍,75686,139858,64172,3383118425,6244746250,2861627825,KRX MDCSTAT02401_OUT
weekly,KOSDAQ150,foreign,058610,에스피지,35930,62585,26655,3573457300,6236116450,2662659150,KRX MDCSTAT02401_OUT
weekly,KOSDAQ150,foreign,096530,씨젠,69944,130434,60490,2391657025,4460245250,2068588225,KRX MDCSTAT02401_OUT
weekly,KOSDAQ150,foreign,064760,티씨케이,16715,23780,7065,4455565000,6335656500,1880091500,KRX MDCSTAT02401_OUT
weekly,KOSDAQ150,foreign,310210,보로노이,50351,62251,11900,7661695100,9410562600,1748867500,KRX MDCSTAT02401_OUT
weekly,KOSDAQ150,foreign,005290,동진쎄미켐,62995,95847,32852,2659969000,4048982450,1389013450,KRX MDCSTAT02401_OUT
weekly,KOSDAQ150,foreign,445680,큐리옥스바이오시스템즈,12268,39181,26913,582332450,1858159850,1275827400,KRX MDCSTAT02401_OUT
weekly,KOSDAQ150,foreign,253590,네오셈,363145,463919,100774,4677992200,5946227990,1268235790,KRX MDCSTAT02401_OUT
weekly,KOSDAQ150,foreign,145020,휴젤,37474,43342,5868,7771885121,9006886371,1235001250,KRX MDCSTAT02401_OUT
weekly,KOSDAQ150,foreign,053800,안랩,32256,49901,17645,2207338600,3414199950,1206861350,KRX MDCSTAT02401_OUT
weekly,KOSDAQ150,foreign,241710,코스메카코리아,11592,20618,9026,1511440800,2671978900,1160538100,KRX MDCSTAT02401_OUT
weekly,KOSDAQ150,foreign,007390,네이처셀,22010,67350,45340,542211000,1664407050,1122196050,KRX MDCSTAT02401_OUT
weekly,KOSDAQ150,foreign,399720,가온칩스,27253,52344,25091,1191640625,2302844400,1111203775,KRX MDCSTAT02401_OUT
weekly,KOSDAQ150,foreign,0009K0,에임드바이오,42670,66053,23383,919592950,1422794550,503201600,KRX MDCSTAT02401_OUT
weekly,KOSDAQ150,foreign,025980,아난티,188336,281524,93188,976783140,1460335265,483552125,KRX MDCSTAT02401_OUT
weekly,KOSDAQ150,foreign,036830,솔브레인홀딩스,11724,23771,12047,471113600,953751300,482637700,KRX MDCSTAT02401_OUT
weekly,KOSDAQ150,foreign,098460,고영,264990,281314,16324,7490063250,7956296025,466232775,KRX MDCSTAT02401_OUT
weekly,KOSDAQ150,foreign,348370,엔켐,23118,45840,22722,465502040,922056320,456554280,KRX MDCSTAT02401_OUT
weekly,KOSDAQ150,foreign,466100,클로봇,54924,73863,18939,1277616975,1723930400,446313425,KRX MDCSTAT02401_OUT
weekly,KOSDAQ150,foreign,074600,원익QnC,38969,53461,14492,1112039675,1525316350,413276675,KRX MDCSTAT02401_OUT
weekly,KOSDAQ150,foreign,161580,필옵틱스,42673,55069,12396,1363679975,1748963125,385283150,KRX MDCSTAT02401_OUT
weekly,KOSDAQ150,foreign,082270,젬백스,43416,77182,33766,457500870,814918890,357418020,KRX MDCSTAT02401_OUT
weekly,KOSDAQ150,foreign,251970,펌텍코리아,14710,20600,5890,880640200,1229376700,348736500,KRX MDCSTAT02401_OUT
weekly,KOSDAQ150,foreign,084370,유진테크,60196,62619,2423,8410759100,8753864500,343105400,KRX MDCSTAT02401_OUT
weekly,KOSDAQ150,foreign,000250,삼천당제약,9522,11601,2079,1541319100,1877312800,335993700,KRX MDCSTAT02401_OUT
weekly,KOSDAQ150,foreign,323280,태성,45567,52876,7309,2072360525,2407424375,335063850,KRX MDCSTAT02401_OUT
weekly,KOSDAQ150,foreign,388720,유일로보틱스,3886,8371,4485,270068200,581150600,311082400,KRX MDCSTAT02401_OUT
weekly,KOSDAQ150,foreign,214370,케어젠,15087,22191,7104,608362200,895736175,287373975,KRX MDCSTAT02401_OUT
weekly,KOSDAQ150,foreign,068760,셀트리온제약,13321,20463,7142,524519250,806021975,281502725,KRX MDCSTAT02401_OUT
weekly,KOSDAQ150,foreign,140860,파크시스템스,6629,7693,1064,1676511500,1946683500,270172000,KRX MDCSTAT02401_OUT
weekly,KOSDAQ150,foreign,052400,코나아이,6100,13016,6916,231561550,494798350,263236800,KRX MDCSTAT02401_OUT
weekly,KOSDAQ150,foreign,475830,오름테라퓨틱,850339,854469,4130,23380015750,23632153375,252137625,KRX MDCSTAT02401_OUT
weekly,KOSDAQ150,foreign,042000,카페24,14674,29605,14931,222265110,448315540,226050430,KRX MDCSTAT02401_OUT
weekly,KOSDAQ150,foreign,036810,에프에스티,101822,109737,7915,3009971625,3226660075,216688450,KRX MDCSTAT02401_OUT
weekly,KOSDAQ150,foreign,067160,SOOP,9153,14980,5827,337709450,552558175,214848725,KRX MDCSTAT02401_OUT
weekly,KOSDAQ150,foreign,272290,이녹스첨단소재,17119,27003,9884,354776450,560269800,205493350,KRX MDCSTAT02401_OUT
weekly,KOSDAQ150,foreign,112040,위메이드,22598,34683,12085,343408810,527200385,183791575,KRX MDCSTAT02401_OUT
weekly,KOSDAQ150,foreign,137400,피엔티,20798,26731,5933,603143550,777161275,174017725,KRX MDCSTAT02401_OUT
weekly,KOSDAQ150,foreign,213420,덕산네오룩스,40266,45700,5434,1190758150,1351175100,160416950,KRX MDCSTAT02401_OUT
weekly,KOSDAQ150,foreign,215200,메가스터디교육,9810,13650,3840,352421450,488585575,136164125,KRX MDCSTAT02401_OUT
weekly,KOSDAQ150,foreign,006730,서부T&D,28101,39467,11366,310519460,435642020,125122560,KRX MDCSTAT02401_OUT
weekly,KOSDAQ150,foreign,237690,에스티팜,17564,18790,1226,1603852100,1713621750,109769650,KRX MDCSTAT02401_OUT
weekly,KOSDAQ150,foreign,090710,휴림로봇,325353,341392,16039,2108240140,2207358785,99118645,KRX MDCSTAT02401_OUT
weekly,KOSDAQ150,foreign,348210,넥스틴,11395,14407,3012,372297600,471042450,98744850,KRX MDCSTAT02401_OUT
weekly,KOSDAQ150,foreign,194480,데브시스터즈,7552,13406,5854,107487310,190905080,83417770,KRX MDCSTAT02401_OUT
weekly,KOSDAQ150,foreign,035900,JYP Ent.,57322,58939,1617,2197369750,2260403125,63033375,KRX MDCSTAT02401_OUT
weekly,KOSDAQ150,foreign,048410,현대바이오,220462,227059,6597,1536316055,1580720850,44404795,KRX MDCSTAT02401_OUT
weekly,KOSDAQ150,foreign,352480,씨앤씨인터내셔널,3694,4812,1118,82308050,106682675,24374625,KRX MDCSTAT02401_OUT
weekly,KOSDAQ150,foreign,069080,웹젠,15667,17635,1968,173676590,195109850,21433260,KRX MDCSTAT02401_OUT
weekly,KOSDAQ150,foreign,376300,디어유,9589,10152,563,164630645,174567090,9936445,KRX MDCSTAT02401_OUT
weekly,KOSDAQ150,foreign,003380,하림지주,87780,88223,443,960211020,967439025,7228005,KRX MDCSTAT02401_OUT
weekly,KOSDAQ150,foreign,085660,차바이오텍,43473,44076,603,345791690,350924350,5132660,KRX MDCSTAT02401_OUT
weekly,KOSDAQ150,foreign,101730,위메이드맥스,252941,249865,-3076,1244904258,1230419820,-14484438,KRX MDCSTAT02401_OUT
weekly,KOSDAQ150,foreign,253450,스튜디오드래곤,12231,11394,-837,255732500,237777250,-17955250,KRX MDCSTAT02401_OUT
weekly,KOSDAQ150,foreign,035760,CJ ENM,16603,15968,-635,638288975,606608725,-31680250,KRX MDCSTAT02401_OUT
weekly,KOSDAQ150,foreign,358570,지아이이노베이션,77294,73682,-3612,734456680,700974090,-33482590,KRX MDCSTAT02401_OUT
weekly,KOSDAQ150,foreign,095660,네오위즈,12210,9725,-2485,216984190,173028680,-43955510,KRX MDCSTAT02401_OUT
weekly,KOSDAQ150,foreign,025900,동화기업,12343,4605,-7738,83685230,31028800,-52656430,KRX MDCSTAT02401_OUT
weekly,KOSDAQ150,foreign,032190,다우데이타,21624,17484,-4140,430940830,348319720,-82621110,KRX MDCSTAT02401_OUT
weekly,KOSDAQ150,foreign,278280,천보,13533,11213,-2320,484809400,400660175,-84149225,KRX MDCSTAT02401_OUT
weekly,KOSDAQ150,foreign,036620,감성코퍼레이션,52691,25737,-26954,196533285,95733225,-100800060,KRX MDCSTAT02401_OUT
weekly,KOSDAQ150,foreign,101490,에스앤에스텍,67068,64565,-2503,2876088525,2770007300,-106081225,KRX MDCSTAT02401_OUT
weekly,KOSDAQ150,foreign,078340,컴투스,39708,36233,-3475,1371879175,1251550000,-120329175,KRX MDCSTAT02401_OUT
weekly,KOSDAQ150,foreign,293490,카카오게임즈,72139,53968,-18171,650047335,485515130,-164532205,KRX MDCSTAT02401_OUT
weekly,KOSDAQ150,foreign,403870,HPSP,308796,305980,-2816,16828745000,16644606350,-184138650,KRX MDCSTAT02401_OUT
weekly,KOSDAQ150,foreign,025320,시노펙스,111625,63243,-48382,426044802,241237120,-184807682,KRX MDCSTAT02401_OUT
weekly,KOSDAQ150,foreign,214430,아이쓰리시스템,7712,4653,-3059,500516800,300385800,-200131000,KRX MDCSTAT02401_OUT
weekly,KOSDAQ150,foreign,060280,큐렉소,73977,46367,-27610,590367225,369785695,-220581530,KRX MDCSTAT02401_OUT
weekly,KOSDAQ150,foreign,195940,HK이노엔,31089,25031,-6058,1206443000,970206150,-236236850,KRX MDCSTAT02401_OUT
weekly,KOSDAQ150,foreign,033100,제룡전기,19348,14277,-5071,915053350,675081600,-239971750,KRX MDCSTAT02401_OUT
weekly,KOSDAQ150,foreign,009520,포스코엠텍,36655,15252,-21403,462963810,192643230,-270320580,KRX MDCSTAT02401_OUT
weekly,KOSDAQ150,foreign,211050,인카금융서비스,46338,19139,-27199,470559320,193876800,-276682520,KRX MDCSTAT02401_OUT
weekly,KOSDAQ150,foreign,171090,선익시스템,9211,5039,-4172,647818450,354634700,-293183750,KRX MDCSTAT02401_OUT
weekly,KOSDAQ150,foreign,281740,레이크머티리얼즈,76778,45475,-31303,820957845,485454675,-335503170,KRX MDCSTAT02401_OUT
weekly,KOSDAQ150,foreign,290650,엘앤씨바이오,25995,18610,-7385,1189456625,852091750,-337364875,KRX MDCSTAT02401_OUT
weekly,KOSDAQ150,foreign,090360,로보스타,25207,20444,-4763,1975520550,1597503500,-378017050,KRX MDCSTAT02401_OUT
weekly,KOSDAQ150,foreign,015750,성우하이텍,81757,16947,-64810,481769650,99823310,-381946340,KRX MDCSTAT02401_OUT
weekly,KOSDAQ150,foreign,038500,삼표시멘트,92061,28844,-63217,619558930,193877700,-425681230,KRX MDCSTAT02401_OUT
weekly,KOSDAQ150,foreign,030520,한컴,43746,15299,-28447,736504450,257619790,-478884660,KRX MDCSTAT02401_OUT
weekly,KOSDAQ150,foreign,060250,NHN KCP,96975,57397,-39578,1291980515,763795820,-528184695,KRX MDCSTAT02401_OUT
weekly,KOSDAQ150,foreign,082920,비츠로셀,70867,51665,-19202,2070939375,1509684050,-561255325,KRX MDCSTAT02401_OUT
weekly,KOSDAQ150,foreign,124500,아이티센글로벌,59713,41053,-18660,1821577650,1259782025,-561795625,KRX MDCSTAT02401_OUT
weekly,KOSDAQ150,foreign,033500,동성화인텍,44690,7653,-37037,733289855,125616470,-607673385,KRX MDCSTAT02401_OUT
weekly,KOSDAQ150,foreign,189300,인텔리안테크,17589,8673,-8916,1201991100,592073900,-609917200,KRX MDCSTAT02401_OUT
weekly,KOSDAQ150,foreign,225570,넥슨게임즈,88224,27841,-60383,958353385,303307950,-655045435,KRX MDCSTAT02401_OUT
weekly,KOSDAQ150,foreign,018290,브이티,74557,16878,-57679,859696440,195450430,-664246010,KRX MDCSTAT02401_OUT
weekly,KOSDAQ150,foreign,166090,하나머티리얼즈,42213,30394,-11819,2395414300,1726765950,-668648350,KRX MDCSTAT02401_OUT
weekly,KOSDAQ150,foreign,065350,신성델타테크,46354,22374,-23980,1431988425,691158550,-740829875,KRX MDCSTAT02401_OUT
weekly,KOSDAQ150,foreign,039200,오스코텍,38295,17389,-20906,1387619175,633145400,-754473775,KRX MDCSTAT02401_OUT
weekly,KOSDAQ150,foreign,122870,와이지엔터테인먼트,34825,16836,-17989,1519961400,733108125,-786853275,KRX MDCSTAT02401_OUT
weekly,KOSDAQ150,foreign,099320,쎄트렉아이,21127,10552,-10575,1603482350,798447950,-805034400,KRX MDCSTAT02401_OUT
weekly,KOSDAQ150,foreign,125490,한라캐스트,855798,778861,-76937,10704938395,9829458230,-875480165,KRX MDCSTAT02401_OUT
weekly,KOSDAQ150,foreign,058470,리노공업,147650,134502,-13148,10293389500,9373497850,-919891650,KRX MDCSTAT02401_OUT
weekly,KOSDAQ150,foreign,056190,SFA,69492,37483,-32009,2002529200,1080454700,-922074500,KRX MDCSTAT02401_OUT
weekly,KOSDAQ150,foreign,014620,성광벤드,94521,65105,-29416,3131413925,2175740650,-955673275,KRX MDCSTAT02401_OUT
weekly,KOSDAQ150,foreign,214150,클래시스,83624,48139,-35485,2574271125,1482664975,-1091606150,KRX MDCSTAT02401_OUT
weekly,KOSDAQ150,foreign,087010,펩트론,31239,24234,-7005,4994785350,3885588050,-1109197300,KRX MDCSTAT02401_OUT
weekly,KOSDAQ150,foreign,041510,에스엠,42772,28868,-13904,3574504150,2388310750,-1186193400,KRX MDCSTAT02401_OUT
weekly,KOSDAQ150,foreign,095340,ISC,55976,49602,-6374,11054163450,9710321800,-1343841650,KRX MDCSTAT02401_OUT
weekly,KOSDAQ150,foreign,080220,제주반도체,189388,170533,-18855,14138883150,12731715700,-1407167450,KRX MDCSTAT02401_OUT
weekly,KOSDAQ150,foreign,056080,유진로봇,282698,146813,-135885,3539316030,1847237605,-1692078425,KRX MDCSTAT02401_OUT
weekly,KOSDAQ150,foreign,295310,에이치브이엠,41586,13124,-28462,2481411050,781465250,-1699945800,KRX MDCSTAT02401_OUT
weekly,KOSDAQ150,foreign,121600,나노신소재,45681,11126,-34555,2356053400,573229500,-1782823900,KRX MDCSTAT02401_OUT
weekly,KOSDAQ150,foreign,196170,알테오젠,51365,43573,-7792,13152241750,11149693000,-2002548750,KRX MDCSTAT02401_OUT
weekly,KOSDAQ150,foreign,060370,LS마린솔루션,85161,15474,-69687,2785953550,509051950,-2276901600,KRX MDCSTAT02401_OUT
weekly,KOSDAQ150,foreign,100790,미래에셋벤처투자,220490,84537,-135953,3747348865,1433196920,-2314151945,KRX MDCSTAT02401_OUT
weekly,KOSDAQ150,foreign,178320,서진시스템,386529,313633,-72896,12680080825,10291220075,-2388860750,KRX MDCSTAT02401_OUT
weekly,KOSDAQ150,foreign,417200,LS머트리얼즈,348471,164173,-184298,4703517295,2228277700,-2475239595,KRX MDCSTAT02401_OUT
weekly,KOSDAQ150,foreign,328130,루닛,853544,576986,-276558,8350686125,5721604205,-2629081920,KRX MDCSTAT02401_OUT
weekly,KOSDAQ150,foreign,086520,에코프로,194953,160030,-34923,15598717900,12793056250,-2805661650,KRX MDCSTAT02401_OUT
weekly,KOSDAQ150,foreign,263750,펄어비스,110269,28878,-81391,3826368475,1001542525,-2824825950,KRX MDCSTAT02401_OUT
weekly,KOSDAQ150,foreign,041190,우리기술투자,2958997,2481112,-477885,17732991355,14907639745,-2825351610,KRX MDCSTAT02401_OUT
weekly,KOSDAQ150,foreign,131290,티에스이,50011,37946,-12065,12817582250,9822610000,-2994972250,KRX MDCSTAT02401_OUT
weekly,KOSDAQ150,foreign,078600,대주전자재료,52733,16474,-36259,4658396600,1445681450,-3212715150,KRX MDCSTAT02401_OUT
weekly,KOSDAQ150,foreign,032500,케이엠더블유,271954,101656,-170298,5336519830,1957871685,-3378648145,KRX MDCSTAT02401_OUT
weekly,KOSDAQ150,foreign,030530,원익홀딩스,613952,486025,-127927,16454681925,13033738150,-3420943775,KRX MDCSTAT02401_OUT
weekly,KOSDAQ150,foreign,183300,코미코,236798,123890,-112908,7304147200,3810657825,-3493489375,KRX MDCSTAT02401_OUT
weekly,KOSDAQ150,foreign,247540,에코프로비엠,102773,66812,-35961,10605776000,6896741400,-3709034600,KRX MDCSTAT02401_OUT
weekly,KOSDAQ150,foreign,043260,성호전자,909442,774344,-135098,24467358025,20593494025,-3873864000,KRX MDCSTAT02401_OUT
weekly,KOSDAQ150,foreign,089970,브이엠,193440,114184,-79256,10540886700,6217791250,-4323095450,KRX MDCSTAT02401_OUT
weekly,KOSDAQ150,foreign,420770,기가비스,74315,26143,-48172,8137004750,2854078600,-5282926150,KRX MDCSTAT02401_OUT
weekly,KOSDAQ150,foreign,050890,쏠리드,801905,248128,-553777,7651145740,2343641760,-5307503980,KRX MDCSTAT02401_OUT
weekly,KOSDAQ150,foreign,083650,비에이치아이,148114,61429,-86685,9223225100,3809718350,-5413506750,KRX MDCSTAT02401_OUT
weekly,KOSDAQ150,foreign,028300,HLB,729448,468043,-261405,23165884550,14870486450,-8295398100,KRX MDCSTAT02401_OUT
weekly,KOSDAQ150,foreign,032820,우리기술,1984167,1114506,-869661,27740211555,15846729870,-11893481685,KRX MDCSTAT02401_OUT
weekly,KOSDAQ150,foreign,131970,두산테스나,296701,160629,-136072,27342920250,14840330200,-12502590050,KRX MDCSTAT02401_OUT
weekly,KOSDAQ150,foreign,319400,현대무벡스,883058,86884,-796174,19299350375,1893105300,-17406245075,KRX MDCSTAT02401_OUT
weekly,KOSDAQ150,foreign,218410,RFHIC,571189,142224,-428965,35047801500,8618617050,-26429184450,KRX MDCSTAT02401_OUT
weekly,KOSDAQ150,institution,067310,하나마이크론,149012,368056,219044,6522597750,16165539100,9642941350,KRX MDCSTAT02401_OUT
weekly,KOSDAQ150,institution,095340,ISC,27223,69158,41935,5346554200,13712470500,8365916300,KRX MDCSTAT02401_OUT
weekly,KOSDAQ150,institution,240810,원익IPS,196727,256452,59725,25093417150,32865367350,7771950200,KRX MDCSTAT02401_OUT
weekly,KOSDAQ150,institution,131970,두산테스나,78921,130591,51670,7293597000,12084862000,4791265000,KRX MDCSTAT02401_OUT
weekly,KOSDAQ150,institution,039030,이오테크닉스,24642,31865,7223,11662205000,15178261000,3516056000,KRX MDCSTAT02401_OUT
weekly,KOSDAQ150,institution,183300,코미코,39900,133141,93241,1242047200,4160977050,2918929850,KRX MDCSTAT02401_OUT
weekly,KOSDAQ150,institution,403870,HPSP,156319,207816,51497,8487008300,11340691850,2853683550,KRX MDCSTAT02401_OUT
weekly,KOSDAQ150,institution,263750,펄어비스,46763,115737,68974,1621954125,4019831125,2397877000,KRX MDCSTAT02401_OUT
weekly,KOSDAQ150,institution,417200,LS머트리얼즈,67001,233282,166281,906064820,3163186825,2257122005,KRX MDCSTAT02401_OUT
weekly,KOSDAQ150,institution,420770,기가비스,13105,33594,20489,1432169700,3682636300,2250466600,KRX MDCSTAT02401_OUT
weekly,KOSDAQ150,institution,196170,알테오젠,40855,49217,8362,10461686250,12603250250,2141564000,KRX MDCSTAT02401_OUT
weekly,KOSDAQ150,institution,036810,에프에스티,2367,70697,68330,67261175,2114427750,2047166575,KRX MDCSTAT02401_OUT
weekly,KOSDAQ150,institution,131290,티에스이,10847,17933,7086,2778360750,4676424250,1898063500,KRX MDCSTAT02401_OUT
weekly,KOSDAQ150,institution,053800,안랩,3352,29288,25936,229562950,2011478750,1781915800,KRX MDCSTAT02401_OUT
weekly,KOSDAQ150,institution,328130,루닛,11951,185750,173799,115308615,1837111120,1721802505,KRX MDCSTAT02401_OUT
weekly,KOSDAQ150,institution,095610,테스,40551,51204,10653,5871702750,7492310950,1620608200,KRX MDCSTAT02401_OUT
weekly,KOSDAQ150,institution,222800,심텍,61714,73292,11578,7958702400,9519097900,1560395500,KRX MDCSTAT02401_OUT
weekly,KOSDAQ150,institution,232140,와이씨,223892,336962,113070,3129318070,4670505760,1541187690,KRX MDCSTAT02401_OUT
weekly,KOSDAQ150,institution,041510,에스엠,22180,37862,15682,1847134400,3172124000,1324989600,KRX MDCSTAT02401_OUT
weekly,KOSDAQ150,institution,056080,유진로봇,20596,119580,98984,258256710,1523550035,1265293325,KRX MDCSTAT02401_OUT
weekly,KOSDAQ150,institution,121600,나노신소재,12691,33911,21220,655094600,1751463600,1096369000,KRX MDCSTAT02401_OUT
weekly,KOSDAQ150,institution,437730,삼현,90761,108385,17624,5049272050,6071809950,1022537900,KRX MDCSTAT02401_OUT
weekly,KOSDAQ150,institution,125490,한라캐스트,8853,85204,76351,109071835,1065138595,956066760,KRX MDCSTAT02401_OUT
weekly,KOSDAQ150,institution,295310,에이치브이엠,8275,23598,15323,493734700,1412888900,919154200,KRX MDCSTAT02401_OUT
weekly,KOSDAQ150,institution,000250,삼천당제약,15398,20179,4781,2489773200,3267693850,777920650,KRX MDCSTAT02401_OUT
weekly,KOSDAQ150,institution,225570,넥슨게임즈,27949,94661,66712,304685660,1030667840,725982180,KRX MDCSTAT02401_OUT
weekly,KOSDAQ150,institution,253590,네오셈,3233,49246,46013,41107870,638244395,597136525,KRX MDCSTAT02401_OUT
weekly,KOSDAQ150,institution,028300,HLB,84342,100159,15817,2650272675,3188880400,538607725,KRX MDCSTAT02401_OUT
weekly,KOSDAQ150,institution,056190,SFA,22287,40771,18484,643892225,1181631075,537738850,KRX MDCSTAT02401_OUT
weekly,KOSDAQ150,institution,215200,메가스터디교육,2616,16811,14195,93390950,603301175,509910225,KRX MDCSTAT02401_OUT
weekly,KOSDAQ150,institution,060370,LS마린솔루션,6243,21751,15508,205005600,708950725,503945125,KRX MDCSTAT02401_OUT
weekly,KOSDAQ150,institution,014620,성광벤드,33278,47963,14685,1094503350,1583814875,489311525,KRX MDCSTAT02401_OUT
weekly,KOSDAQ150,institution,082920,비츠로셀,42809,59153,16344,1247393700,1728805525,481411825,KRX MDCSTAT02401_OUT
weekly,KOSDAQ150,institution,218410,RFHIC,133278,139325,6047,8094719050,8439630950,344911900,KRX MDCSTAT02401_OUT
weekly,KOSDAQ150,institution,030530,원익홀딩스,11187,23287,12100,298298300,624552675,326254375,KRX MDCSTAT02401_OUT
weekly,KOSDAQ150,institution,039200,오스코텍,20734,28054,7320,752922450,1018493750,265571300,KRX MDCSTAT02401_OUT
weekly,KOSDAQ150,institution,098460,고영,41070,50325,9255,1155404350,1420781800,265377450,KRX MDCSTAT02401_OUT
weekly,KOSDAQ150,institution,003380,하림지주,45152,69343,24191,494811330,759326920,264515590,KRX MDCSTAT02401_OUT
weekly,KOSDAQ150,institution,096530,씨젠,19324,26540,7216,663773100,907741350,243968250,KRX MDCSTAT02401_OUT
weekly,KOSDAQ150,institution,101490,에스앤에스텍,11899,16872,4973,510874525,732381850,221507325,KRX MDCSTAT02401_OUT
weekly,KOSDAQ150,institution,041190,우리기술투자,8876,45736,36860,52587225,268198180,215610955,KRX MDCSTAT02401_OUT
weekly,KOSDAQ150,institution,211050,인카금융서비스,26046,46837,20791,264101425,475349280,211247855,KRX MDCSTAT02401_OUT
weekly,KOSDAQ150,institution,007390,네이처셀,14277,21307,7030,351195200,526991100,175795900,KRX MDCSTAT02401_OUT
weekly,KOSDAQ150,institution,033100,제룡전기,3242,6950,3708,153522450,328168050,174645600,KRX MDCSTAT02401_OUT
weekly,KOSDAQ150,institution,048410,현대바이오,73228,97026,23798,507343195,677931880,170588685,KRX MDCSTAT02401_OUT
weekly,KOSDAQ150,institution,078340,컴투스,15680,19769,4089,540703075,685061375,144358300,KRX MDCSTAT02401_OUT
weekly,KOSDAQ150,institution,277810,레인보우로보틱스,5899,6099,200,2563821000,2669222750,105401750,KRX MDCSTAT02401_OUT
weekly,KOSDAQ150,institution,060280,큐렉소,5025,17674,12649,39985895,141512700,101526805,KRX MDCSTAT02401_OUT
weekly,KOSDAQ150,institution,352480,씨앤씨인터내셔널,1202,5390,4188,26489200,120415300,93926100,KRX MDCSTAT02401_OUT
weekly,KOSDAQ150,institution,032500,케이엠더블유,9458,14337,4879,182817495,276330530,93513035,KRX MDCSTAT02401_OUT
weekly,KOSDAQ150,institution,214150,클래시스,14020,16812,2792,431218300,518447100,87228800,KRX MDCSTAT02401_OUT
weekly,KOSDAQ150,institution,082270,젬백스,7527,15237,7710,79136430,161039725,81903295,KRX MDCSTAT02401_OUT
weekly,KOSDAQ150,institution,090710,휴림로봇,20779,30545,9766,133370480,198627470,65256990,KRX MDCSTAT02401_OUT
weekly,KOSDAQ150,institution,050890,쏠리드,8899,16071,7172,85148510,150263560,65115050,KRX MDCSTAT02401_OUT
weekly,KOSDAQ150,institution,241710,코스메카코리아,12196,12590,394,1586178150,1645759250,59581100,KRX MDCSTAT02401_OUT
weekly,KOSDAQ150,institution,195940,HK이노엔,15138,16521,1383,586820150,641772850,54952700,KRX MDCSTAT02401_OUT
weekly,KOSDAQ150,institution,189300,인텔리안테크,6114,6874,760,417359550,469182700,51823150,KRX MDCSTAT02401_OUT
weekly,KOSDAQ150,institution,025980,아난티,9885,18885,9000,51186520,98495805,47309285,KRX MDCSTAT02401_OUT
weekly,KOSDAQ150,institution,095660,네오위즈,5044,7689,2645,89650300,136573130,46922830,KRX MDCSTAT02401_OUT
weekly,KOSDAQ150,institution,087010,펩트론,8340,8601,261,1334241500,1380090700,45849200,KRX MDCSTAT02401_OUT
weekly,KOSDAQ150,institution,445680,큐리옥스바이오시스템즈,2520,3387,867,117313500,162507400,45193900,KRX MDCSTAT02401_OUT
weekly,KOSDAQ150,institution,348370,엔켐,17595,19647,2052,353762690,396228230,42465540,KRX MDCSTAT02401_OUT
weekly,KOSDAQ150,institution,214430,아이쓰리시스템,937,1555,618,59777500,101502350,41724850,KRX MDCSTAT02401_OUT
weekly,KOSDAQ150,institution,085660,차바이오텍,13957,17987,4030,110340020,143805440,33465420,KRX MDCSTAT02401_OUT
weekly,KOSDAQ150,institution,006730,서부T&D,19413,21682,2269,214441960,239432110,24990150,KRX MDCSTAT02401_OUT
weekly,KOSDAQ150,institution,137400,피엔티,16194,16806,612,469460625,488370700,18910075,KRX MDCSTAT02401_OUT
weekly,KOSDAQ150,institution,069080,웹젠,15918,17396,1478,176264980,192932560,16667580,KRX MDCSTAT02401_OUT
weekly,KOSDAQ150,institution,015750,성우하이텍,8069,10742,2673,47640895,63132250,15491355,KRX MDCSTAT02401_OUT
weekly,KOSDAQ150,institution,124500,아이티센글로벌,2946,3452,506,90056150,104760500,14704350,KRX MDCSTAT02401_OUT
weekly,KOSDAQ150,institution,025320,시노펙스,11537,15134,3597,44040835,57749835,13709000,KRX MDCSTAT02401_OUT
weekly,KOSDAQ150,institution,033500,동성화인텍,2695,3283,588,44362790,53819660,9456870,KRX MDCSTAT02401_OUT
weekly,KOSDAQ150,institution,101730,위메이드맥스,4229,5202,973,20548025,25844305,5296280,KRX MDCSTAT02401_OUT
weekly,KOSDAQ150,institution,112040,위메이드,21007,21255,248,318834950,322997980,4163030,KRX MDCSTAT02401_OUT
weekly,KOSDAQ150,institution,376300,디어유,2500,2659,159,42721945,45690975,2969030,KRX MDCSTAT02401_OUT
weekly,KOSDAQ150,institution,161580,필옵틱스,3927,3959,32,123867550,126285500,2417950,KRX MDCSTAT02401_OUT
weekly,KOSDAQ150,institution,067160,SOOP,2963,3017,54,109221800,111393550,2171750,KRX MDCSTAT02401_OUT
weekly,KOSDAQ150,institution,038500,삼표시멘트,18440,18409,-31,124205050,123819820,-385230,KRX MDCSTAT02401_OUT
weekly,KOSDAQ150,institution,018290,브이티,4279,4148,-131,49430790,47497520,-1933270,KRX MDCSTAT02401_OUT
weekly,KOSDAQ150,institution,030520,한컴,24808,24162,-646,417742000,407477760,-10264240,KRX MDCSTAT02401_OUT
weekly,KOSDAQ150,institution,272290,이녹스첨단소재,10928,10183,-745,225785825,211381450,-14404375,KRX MDCSTAT02401_OUT
weekly,KOSDAQ150,institution,025900,동화기업,7388,4769,-2619,49792660,32189790,-17602870,KRX MDCSTAT02401_OUT
weekly,KOSDAQ150,institution,036830,솔브레인홀딩스,7115,6675,-440,286066575,267663050,-18403525,KRX MDCSTAT02401_OUT
weekly,KOSDAQ150,institution,036620,감성코퍼레이션,17569,11336,-6233,65221057,42546437,-22674620,KRX MDCSTAT02401_OUT
weekly,KOSDAQ150,institution,065350,신성델타테크,5596,4730,-866,173678550,145671950,-28006600,KRX MDCSTAT02401_OUT
weekly,KOSDAQ150,institution,005290,동진쎄미켐,39186,38204,-982,1646433525,1613522650,-32910875,KRX MDCSTAT02401_OUT
weekly,KOSDAQ150,institution,060250,NHN KCP,10457,5961,-4496,138755145,79109480,-59645665,KRX MDCSTAT02401_OUT
weekly,KOSDAQ150,institution,281740,레이크머티리얼즈,24003,18246,-5757,256043370,195279540,-60763830,KRX MDCSTAT02401_OUT
weekly,KOSDAQ150,institution,068760,셀트리온제약,10605,9002,-1603,415790675,354317600,-61473075,KRX MDCSTAT02401_OUT
weekly,KOSDAQ150,institution,253450,스튜디오드래곤,17241,14112,-3129,358634725,295176650,-63458075,KRX MDCSTAT02401_OUT
weekly,KOSDAQ150,institution,032190,다우데이타,8035,4708,-3327,160014590,93683200,-66331390,KRX MDCSTAT02401_OUT
weekly,KOSDAQ150,institution,171090,선익시스템,3770,2699,-1071,265698600,189530150,-76168450,KRX MDCSTAT02401_OUT
weekly,KOSDAQ150,institution,042000,카페24,9152,3550,-5602,138087820,53982380,-84105440,KRX MDCSTAT02401_OUT
weekly,KOSDAQ150,institution,099320,쎄트렉아이,2964,1813,-1151,225242100,136688800,-88553300,KRX MDCSTAT02401_OUT
weekly,KOSDAQ150,institution,214370,케어젠,10891,8364,-2527,438856025,337819900,-101036125,KRX MDCSTAT02401_OUT
weekly,KOSDAQ150,institution,348210,넥스틴,7595,4193,-3402,247614950,137127600,-110487350,KRX MDCSTAT02401_OUT
weekly,KOSDAQ150,institution,166090,하나머티리얼즈,22774,20623,-2151,1289709950,1173484200,-116225750,KRX MDCSTAT02401_OUT
weekly,KOSDAQ150,institution,032820,우리기술,72154,63798,-8356,993213375,870017980,-123195395,KRX MDCSTAT02401_OUT
weekly,KOSDAQ150,institution,323280,태성,8654,5795,-2859,392591550,263972200,-128619350,KRX MDCSTAT02401_OUT
weekly,KOSDAQ150,institution,035900,JYP Ent.,21445,17999,-3446,821747225,690538500,-131208725,KRX MDCSTAT02401_OUT
weekly,KOSDAQ150,institution,466100,클로봇,12096,5931,-6165,281524050,138963475,-142560575,KRX MDCSTAT02401_OUT
weekly,KOSDAQ150,institution,035760,CJ ENM,15398,11525,-3873,586310250,441646325,-144663925,KRX MDCSTAT02401_OUT
weekly,KOSDAQ150,institution,009520,포스코엠텍,26791,14770,-12021,337801650,186427200,-151374450,KRX MDCSTAT02401_OUT
weekly,KOSDAQ150,institution,358570,지아이이노베이션,32592,16177,-16415,309689410,153003010,-156686400,KRX MDCSTAT02401_OUT
weekly,KOSDAQ150,institution,100790,미래에셋벤처투자,16444,5118,-11326,277096765,86456030,-190640735,KRX MDCSTAT02401_OUT
weekly,KOSDAQ150,institution,194480,데브시스터즈,22002,8400,-13602,312868060,119565870,-193302190,KRX MDCSTAT02401_OUT
weekly,KOSDAQ150,institution,290650,엘앤씨바이오,9123,4878,-4245,417082400,223186750,-193895650,KRX MDCSTAT02401_OUT
weekly,KOSDAQ150,institution,0009K0,에임드바이오,24950,15262,-9688,537446800,329296350,-208150450,KRX MDCSTAT02401_OUT
weekly,KOSDAQ150,institution,388720,유일로보틱스,5104,1847,-3257,353491500,128761950,-224729550,KRX MDCSTAT02401_OUT
weekly,KOSDAQ150,institution,052400,코나아이,9301,3189,-6112,353167925,121139200,-232028725,KRX MDCSTAT02401_OUT
weekly,KOSDAQ150,institution,399720,가온칩스,9863,4432,-5431,431627875,195262275,-236365600,KRX MDCSTAT02401_OUT
weekly,KOSDAQ150,institution,278280,천보,8444,1706,-6738,300699625,60822500,-239877125,KRX MDCSTAT02401_OUT
weekly,KOSDAQ150,institution,084370,유진테크,34258,32081,-2177,4772691050,4496475250,-276215800,KRX MDCSTAT02401_OUT
weekly,KOSDAQ150,institution,213420,덕산네오룩스,21283,11674,-9609,628882800,345456975,-283425825,KRX MDCSTAT02401_OUT
weekly,KOSDAQ150,institution,089970,브이엠,77572,71538,-6034,4230565950,3899748900,-330817050,KRX MDCSTAT02401_OUT
weekly,KOSDAQ150,institution,293490,카카오게임즈,70926,26626,-44300,639027625,239930270,-399097355,KRX MDCSTAT02401_OUT
weekly,KOSDAQ150,institution,251970,펌텍코리아,32018,24478,-7540,1913264050,1465257200,-448006850,KRX MDCSTAT02401_OUT
weekly,KOSDAQ150,institution,140860,파크시스템스,5061,3131,-1930,1277008500,791949000,-485059500,KRX MDCSTAT02401_OUT
weekly,KOSDAQ150,institution,319400,현대무벡스,44329,20926,-23403,962499475,453860850,-508638625,KRX MDCSTAT02401_OUT
weekly,KOSDAQ150,institution,074600,원익QnC,84958,63248,-21710,2422861275,1803792250,-619069025,KRX MDCSTAT02401_OUT
weekly,KOSDAQ150,institution,078600,대주전자재료,16782,6580,-10202,1479652800,580654900,-898997900,KRX MDCSTAT02401_OUT
weekly,KOSDAQ150,institution,122870,와이지엔터테인먼트,46107,21925,-24182,2007921375,955077850,-1052843525,KRX MDCSTAT02401_OUT
weekly,KOSDAQ150,institution,064760,티씨케이,18860,14260,-4600,5017117750,3800582500,-1216535250,KRX MDCSTAT02401_OUT
weekly,KOSDAQ150,institution,178320,서진시스템,88324,50674,-37650,2875606775,1658806225,-1216800550,KRX MDCSTAT02401_OUT
weekly,KOSDAQ150,institution,237690,에스티팜,22427,8048,-14379,2045652400,734872700,-1310779700,KRX MDCSTAT02401_OUT
weekly,KOSDAQ150,institution,036540,SFA반도체,3231118,3097409,-133709,34181739390,32668460255,-1513279135,KRX MDCSTAT02401_OUT
weekly,KOSDAQ150,institution,204270,제이앤티씨,72981,12460,-60521,1831262025,314783350,-1516478675,KRX MDCSTAT02401_OUT
weekly,KOSDAQ150,institution,080220,제주반도체,49489,28164,-21325,3691620500,2113241500,-1578379000,KRX MDCSTAT02401_OUT
weekly,KOSDAQ150,institution,090360,로보스타,23994,2275,-21719,1875626300,178014400,-1697611900,KRX MDCSTAT02401_OUT
weekly,KOSDAQ150,institution,141080,리가켐바이오,45202,22879,-22323,3697753550,1871130750,-1826622800,KRX MDCSTAT02401_OUT
weekly,KOSDAQ150,institution,310210,보로노이,35948,21650,-14298,5482853450,3303226200,-2179627250,KRX MDCSTAT02401_OUT
weekly,KOSDAQ150,institution,036930,주성엔지니어링,63869,49069,-14800,13138297500,10104788500,-3033509000,KRX MDCSTAT02401_OUT
weekly,KOSDAQ150,institution,089030,테크윙,144882,76692,-68190,6897058475,3663597050,-3233461425,KRX MDCSTAT02401_OUT
weekly,KOSDAQ150,institution,247540,에코프로비엠,66904,35294,-31610,6899872950,3642224550,-3257648400,KRX MDCSTAT02401_OUT
weekly,KOSDAQ150,institution,347850,디앤디파마텍,90267,15777,-74490,4026022475,703988175,-3322034300,KRX MDCSTAT02401_OUT
weekly,KOSDAQ150,institution,145020,휴젤,21528,4779,-16749,4484519250,994007500,-3490511750,KRX MDCSTAT02401_OUT
weekly,KOSDAQ150,institution,043260,성호전자,654147,504040,-150107,17446998025,13457631975,-3989366050,KRX MDCSTAT02401_OUT
weekly,KOSDAQ150,institution,058610,에스피지,47656,7189,-40467,4744779950,716694150,-4028085800,KRX MDCSTAT02401_OUT
weekly,KOSDAQ150,institution,031980,피에스케이홀딩스,46556,20586,-25970,7730632950,3430230000,-4300402950,KRX MDCSTAT02401_OUT
weekly,KOSDAQ150,institution,298380,에이비엘바이오,119424,31476,-87948,6453240600,1700265750,-4752974850,KRX MDCSTAT02401_OUT
weekly,KOSDAQ150,institution,058470,리노공업,165535,83439,-82096,11524369500,5817509500,-5706860000,KRX MDCSTAT02401_OUT
weekly,KOSDAQ150,institution,214450,파마리서치,24912,5509,-19403,8091468250,1793758250,-6297710000,KRX MDCSTAT02401_OUT
weekly,KOSDAQ150,institution,083650,비에이치아이,114909,11243,-103666,7121338600,695434200,-6425904400,KRX MDCSTAT02401_OUT
weekly,KOSDAQ150,institution,108490,로보티즈,41556,18146,-23410,12749746500,5579941750,-7169804750,KRX MDCSTAT02401_OUT
weekly,KOSDAQ150,institution,226950,올릭스,119876,50600,-69276,13031589700,5553255800,-7478333900,KRX MDCSTAT02401_OUT
weekly,KOSDAQ150,institution,475830,오름테라퓨틱,759436,449476,-309960,20550387725,11896244175,-8654143550,KRX MDCSTAT02401_OUT
weekly,KOSDAQ150,institution,086520,에코프로,244534,89614,-154920,19555467000,7171441100,-12384025900,KRX MDCSTAT02401_OUT
weekly,KOSDAQ150,institution,257720,실리콘투,402308,86500,-315808,16442167250,3542068125,-12900099125,KRX MDCSTAT02401_OUT
recent2,KOSPI200,foreign,005930,삼성전자,12480336,14928585,2448249,3287113853308,3969601767308,682487914000,KRX MDCSTAT02401_OUT
recent2,KOSPI200,foreign,000660,SK하이닉스,3311174,3680880,369706,6152347778699,6821804337699,669456559000,KRX MDCSTAT02401_OUT
recent2,KOSPI200,foreign,402340,SK스퀘어,503085,708971,205886,550626800000,775444466000,224817666000,KRX MDCSTAT02401_OUT
recent2,KOSPI200,foreign,009150,삼성전기,660537,731207,70670,927582171500,1027325243500,99743072000,KRX MDCSTAT02401_OUT
recent2,KOSPI200,foreign,010120,LS ELECTRIC,367739,626207,258468,76984276000,131121340750,54137064750,KRX MDCSTAT02401_OUT
recent2,KOSPI200,foreign,298040,효성중공업,38222,51207,12985,111228323500,149111359500,37883036000,KRX MDCSTAT02401_OUT
recent2,KOSPI200,foreign,042700,한미반도체,363247,505724,142477,85540919250,119099488250,33558569000,KRX MDCSTAT02401_OUT
recent2,KOSPI200,foreign,062040,산일전기,163936,205645,41709,34065174250,42884144750,8818970500,KRX MDCSTAT02401_OUT
recent2,KOSPI200,foreign,018260,삼성에스디에스,158704,195542,36838,35051327500,43222458000,8171130500,KRX MDCSTAT02401_OUT
recent2,KOSPI200,foreign,004170,신세계,61619,81228,19609,22324161000,29480998500,7156837500,KRX MDCSTAT02401_OUT
recent2,KOSPI200,foreign,278470,에이피알,206896,225041,18145,75726575750,82338118500,6611542750,KRX MDCSTAT02401_OUT
recent2,KOSPI200,foreign,207940,삼성바이오로직스,37533,41182,3649,52445663000,57544400500,5098737500,KRX MDCSTAT02401_OUT
recent2,KOSPI200,foreign,443060,HD현대마린솔루션,263975,282554,18579,64335706250,68826480750,4490774500,KRX MDCSTAT02401_OUT
recent2,KOSPI200,foreign,011070,LG이노텍,179531,186154,6623,94553862500,98429827500,3875965000,KRX MDCSTAT02401_OUT
recent2,KOSPI200,foreign,161890,한국콜마,177119,199135,22016,25814980900,29024381350,3209400450,KRX MDCSTAT02401_OUT
recent2,KOSPI200,foreign,039490,키움증권,31039,43093,12054,8156227500,11330898750,3174671250,KRX MDCSTAT02401_OUT
recent2,KOSPI200,foreign,192820,코스맥스,53733,65009,11276,14711382000,17785373750,3073991750,KRX MDCSTAT02401_OUT
recent2,KOSPI200,foreign,010950,S-Oil,398400,418100,19700,60562844450,63624445700,3061601250,KRX MDCSTAT02401_OUT
recent2,KOSPI200,foreign,078930,GS,273498,297525,24027,31128308800,33834491350,2706182550,KRX MDCSTAT02401_OUT
recent2,KOSPI200,foreign,066570,LG전자,739450,751199,11749,147202369500,149788630150,2586260650,KRX MDCSTAT02401_OUT
recent2,KOSPI200,foreign,016360,삼성증권,403040,430091,27051,34543702650,37039436400,2495733750,KRX MDCSTAT02401_OUT
recent2,KOSPI200,foreign,064400,LG씨엔에스,240345,274908,34563,16823740900,19290392000,2466651100,KRX MDCSTAT02401_OUT
recent2,KOSPI200,foreign,033780,KT&G,298218,310839,12621,51486933900,53692906300,2205972400,KRX MDCSTAT02401_OUT
recent2,KOSPI200,foreign,454910,두산로보틱스,90359,116245,25886,6292201550,8098598650,1806397100,KRX MDCSTAT02401_OUT
recent2,KOSPI200,foreign,307950,현대오토에버,16230,20861,4631,5944939500,7632772750,1687833250,KRX MDCSTAT02401_OUT
recent2,KOSPI200,foreign,011200,HMM,1167535,1238212,70677,24472214050,26087286100,1615072050,KRX MDCSTAT02401_OUT
recent2,KOSPI200,foreign,373220,LG에너지솔루션,227049,230603,3554,81601218000,83059642000,1458424000,KRX MDCSTAT02401_OUT
recent2,KOSPI200,foreign,004370,농심,81929,85453,3524,32084700750,33501573000,1416872250,KRX MDCSTAT02401_OUT
recent2,KOSPI200,foreign,002380,KCC,31502,34466,2964,14671239750,16060416500,1389176750,KRX MDCSTAT02401_OUT
recent2,KOSPI200,foreign,093370,후성,1790848,1847801,56953,25795286900,26775937765,980650865,KRX MDCSTAT02401_OUT
recent2,KOSPI200,foreign,001450,현대해상,702209,720816,18607,34188296300,35086885950,898589650,KRX MDCSTAT02401_OUT
recent2,KOSPI200,foreign,251270,넷마블,166444,186391,19947,5759798100,6457552550,697754450,KRX MDCSTAT02401_OUT
recent2,KOSPI200,foreign,192080,더블유게임즈,40873,52682,11809,2376666550,3061797450,685130900,KRX MDCSTAT02401_OUT
recent2,KOSPI200,foreign,001040,CJ,224205,228480,4275,28793128100,29333735650,540607550,KRX MDCSTAT02401_OUT
recent2,KOSPI200,foreign,007070,GS리테일,698793,715005,16212,16322047050,16693602225,371555175,KRX MDCSTAT02401_OUT
recent2,KOSPI200,foreign,285130,SK케미칼,58226,63076,4850,2982957500,3228986950,246029450,KRX MDCSTAT02401_OUT
recent2,KOSPI200,foreign,017670,SK텔레콤,1658908,1661078,2170,147356326150,147559489300,203163150,KRX MDCSTAT02401_OUT
recent2,KOSPI200,foreign,204320,HL만도,258773,260695,1922,12386022225,12506763650,120741425,KRX MDCSTAT02401_OUT
recent2,KOSPI200,foreign,071970,HD현대마린엔진,154837,156826,1989,7964767250,8072316600,107549350,KRX MDCSTAT02401_OUT
recent2,KOSPI200,foreign,103140,풍산,61091,61742,651,4827361100,4909594050,82232950,KRX MDCSTAT02401_OUT
recent2,KOSPI200,foreign,280360,롯데웰푸드,17825,17736,-89,2272528750,2260527500,-12001250,KRX MDCSTAT02401_OUT
recent2,KOSPI200,foreign,268280,미원에스씨,429,258,-171,56630800,34074800,-22556000,KRX MDCSTAT02401_OUT
recent2,KOSPI200,foreign,002840,미원상사,1129,900,-229,152008900,120844000,-31164900,KRX MDCSTAT02401_OUT
recent2,KOSPI200,foreign,007700,F&F홀딩스,8531,3579,-4952,115908710,48705530,-67203180,KRX MDCSTAT02401_OUT
recent2,KOSPI200,foreign,003030,세아제강지주,13584,12905,-679,1469926900,1383902800,-86024100,KRX MDCSTAT02401_OUT
recent2,KOSPI200,foreign,005420,코스모화학,54267,43302,-10965,562050790,449082480,-112968310,KRX MDCSTAT02401_OUT
recent2,KOSPI200,foreign,071320,지역난방공사,14141,12640,-1501,1087157800,971564900,-115592900,KRX MDCSTAT02401_OUT
recent2,KOSPI200,foreign,008730,율촌화학,256394,247976,-8418,3860351595,3732409260,-127942335,KRX MDCSTAT02401_OUT
recent2,KOSPI200,foreign,009420,한올바이오파마,146399,143972,-2427,7015911125,6877308425,-138602700,KRX MDCSTAT02401_OUT
recent2,KOSPI200,foreign,030200,KT,125235,122552,-2683,6685077258,6543824208,-141253050,KRX MDCSTAT02401_OUT
recent2,KOSPI200,foreign,003240,태광산업,847,657,-190,763067500,590568000,-172499500,KRX MDCSTAT02401_OUT
recent2,KOSPI200,foreign,002030,아세아,1482,632,-850,323655000,137436000,-186219000,KRX MDCSTAT02401_OUT
recent2,KOSPI200,foreign,014820,동원시스템즈,18548,9286,-9262,394435925,196891000,-197544925,KRX MDCSTAT02401_OUT
recent2,KOSPI200,foreign,032830,삼성생명,620462,619236,-1226,179165653500,178867867250,-297786250,KRX MDCSTAT02401_OUT
recent2,KOSPI200,foreign,006040,동원산업,30628,21991,-8637,1093493075,784190200,-309302875,KRX MDCSTAT02401_OUT
recent2,KOSPI200,foreign,003090,대웅,70631,50581,-20050,1116330035,800210740,-316119295,KRX MDCSTAT02401_OUT
recent2,KOSPI200,foreign,137310,에스디바이오센서,199175,136714,-62461,1204717745,829349165,-375368580,KRX MDCSTAT02401_OUT
recent2,KOSPI200,foreign,026960,동서,48415,33623,-14792,1232521200,856447350,-376073850,KRX MDCSTAT02401_OUT
recent2,KOSPI200,foreign,005830,DB손해보험,472244,470038,-2206,88628441550,88243863300,-384578250,KRX MDCSTAT02401_OUT
recent2,KOSPI200,foreign,009240,한샘,26288,16225,-10063,1031724700,635316250,-396408450,KRX MDCSTAT02401_OUT
recent2,KOSPI200,foreign,009970,영원무역홀딩스,20479,17926,-2553,3412596200,2984856450,-427739750,KRX MDCSTAT02401_OUT
recent2,KOSPI200,foreign,282330,BGF리테일,182160,178999,-3161,25189145650,24747779200,-441366450,KRX MDCSTAT02401_OUT
recent2,KOSPI200,foreign,298020,효성티앤씨,10985,9580,-1405,3559829000,3104966250,-454862750,KRX MDCSTAT02401_OUT
recent2,KOSPI200,foreign,069260,TKG휴켐스,54732,26314,-28418,885662015,424737920,-460924095,KRX MDCSTAT02401_OUT
recent2,KOSPI200,foreign,001680,대상,98024,68353,-29671,1744465705,1215743140,-528722565,KRX MDCSTAT02401_OUT
recent2,KOSPI200,foreign,300720,한일시멘트,58645,24701,-33944,953228545,400813160,-552415385,KRX MDCSTAT02401_OUT
recent2,KOSPI200,foreign,000080,하이트진로,118242,76652,-41590,1764409395,1146220890,-618188505,KRX MDCSTAT02401_OUT
recent2,KOSPI200,foreign,361610,SK아이이테크놀로지,659381,615004,-44377,10406799550,9729310710,-677488840,KRX MDCSTAT02401_OUT
recent2,KOSPI200,foreign,005300,롯데칠성,17206,9999,-7207,1624942300,945104300,-679838000,KRX MDCSTAT02401_OUT
recent2,KOSPI200,foreign,096770,SK이노베이션,440460,435979,-4481,60883668750,60203470550,-680198200,KRX MDCSTAT02401_OUT
recent2,KOSPI200,foreign,006280,녹십자,115851,109726,-6125,14158616000,13451253900,-707362100,KRX MDCSTAT02401_OUT
recent2,KOSPI200,foreign,069620,대웅제약,17179,10161,-7018,1886402000,1118205950,-768196050,KRX MDCSTAT02401_OUT
recent2,KOSPI200,foreign,004000,롯데정밀화학,69117,50823,-18294,3081330150,2265696700,-815633450,KRX MDCSTAT02401_OUT
recent2,KOSPI200,foreign,028670,팬오션,2047245,1891785,-155460,11894789120,10981786305,-913002815,KRX MDCSTAT02401_OUT
recent2,KOSPI200,foreign,007310,오뚜기,6316,3403,-2913,1994147500,1071722750,-922424750,KRX MDCSTAT02401_OUT
recent2,KOSPI200,foreign,139480,이마트,103767,90459,-13308,7630977600,6659807550,-971170050,KRX MDCSTAT02401_OUT
recent2,KOSPI200,foreign,001800,오리온홀딩스,94605,54206,-40399,2291192100,1310659275,-980532825,KRX MDCSTAT02401_OUT
recent2,KOSPI200,foreign,006650,대한유화,45917,36029,-9888,4518879350,3537538250,-981341100,KRX MDCSTAT02401_OUT
recent2,KOSPI200,foreign,017960,한국카본,121618,73901,-47717,2551893225,1544452800,-1007440425,KRX MDCSTAT02401_OUT
recent2,KOSPI200,foreign,071050,한국금융지주,204964,199247,-5717,37479085100,36455064100,-1024021000,KRX MDCSTAT02401_OUT
recent2,KOSPI200,foreign,112610,씨에스윈드,297824,277495,-20329,15305751325,14245937350,-1059813975,KRX MDCSTAT02401_OUT
recent2,KOSPI200,foreign,000240,한국앤컴퍼니,107160,62157,-45003,2628775058,1524068108,-1104706950,KRX MDCSTAT02401_OUT
recent2,KOSPI200,foreign,002790,아모레퍼시픽홀딩스,643115,598064,-45051,16760203925,15590397025,-1169806900,KRX MDCSTAT02401_OUT
recent2,KOSPI200,foreign,298050,HS효성첨단소재,15802,8575,-7227,2607367700,1407428100,-1199939600,KRX MDCSTAT02401_OUT
recent2,KOSPI200,foreign,011210,현대위아,110617,88353,-22264,5999253550,4787640800,-1211612750,KRX MDCSTAT02401_OUT
recent2,KOSPI200,foreign,000670,영풍,138025,110204,-27821,6422953925,5154125900,-1268828025,KRX MDCSTAT02401_OUT
recent2,KOSPI200,foreign,004990,롯데지주,569187,513946,-55241,13973335875,12623399100,-1349936775,KRX MDCSTAT02401_OUT
recent2,KOSPI200,foreign,302440,SK바이오사이언스,92723,54511,-38212,3298184775,1937396975,-1360787800,KRX MDCSTAT02401_OUT
recent2,KOSPI200,foreign,457190,이수스페셜티케미컬,65174,43475,-21699,4221562750,2826156750,-1395406000,KRX MDCSTAT02401_OUT
recent2,KOSPI200,foreign,012750,에스원,109735,92361,-17374,9131624000,7680135950,-1451488050,KRX MDCSTAT02401_OUT
recent2,KOSPI200,foreign,073240,금호타이어,1229710,1006109,-223601,8613291515,7108754755,-1504536760,KRX MDCSTAT02401_OUT
recent2,KOSPI200,foreign,000120,CJ대한통운,197001,175031,-21970,13900577700,12346776200,-1553801500,KRX MDCSTAT02401_OUT
recent2,KOSPI200,foreign,034230,파라다이스,337544,173330,-164214,3250230695,1664470910,-1585759785,KRX MDCSTAT02401_OUT
recent2,KOSPI200,foreign,185750,종근당,44103,19001,-25102,2834191700,1221952850,-1612238850,KRX MDCSTAT02401_OUT
recent2,KOSPI200,foreign,005850,에스엘,73877,41319,-32558,3690843475,2065826300,-1625017175,KRX MDCSTAT02401_OUT
recent2,KOSPI200,foreign,081660,미스토홀딩스,778153,732981,-45172,29611365100,27888122250,-1723242850,KRX MDCSTAT02401_OUT
recent2,KOSPI200,foreign,111770,영원무역,144142,118335,-25807,10366697400,8509276700,-1857420700,KRX MDCSTAT02401_OUT
recent2,KOSPI200,foreign,450080,에코프로머티,201449,147344,-54105,7002208750,5136511375,-1865697375,KRX MDCSTAT02401_OUT
recent2,KOSPI200,foreign,017800,현대엘리베이터,79498,53617,-25881,5850842900,3945330900,-1905512000,KRX MDCSTAT02401_OUT
recent2,KOSPI200,foreign,011780,금호석유화학,127720,111715,-16005,15282186650,13359842950,-1922343700,KRX MDCSTAT02401_OUT
recent2,KOSPI200,foreign,036460,한국가스공사,248328,193266,-55062,8824336175,6856957200,-1967378975,KRX MDCSTAT02401_OUT
recent2,KOSPI200,foreign,006800,미래에셋증권,863233,797965,-65268,27367612075,25319843050,-2047769025,KRX MDCSTAT02401_OUT
recent2,KOSPI200,foreign,329180,HD현대중공업,190950,187369,-3581,87306350000,85156677000,-2149673000,KRX MDCSTAT02401_OUT
recent2,KOSPI200,foreign,011790,SKC,88129,63383,-24746,7739342750,5573108750,-2166234000,KRX MDCSTAT02401_OUT
recent2,KOSPI200,foreign,008930,한미사이언스,528002,482600,-45402,25708520400,23512235850,-2196284550,KRX MDCSTAT02401_OUT
recent2,KOSPI200,foreign,000880,한화,244559,228039,-16520,32529899300,30292641050,-2237258250,KRX MDCSTAT02401_OUT
recent2,KOSPI200,foreign,000210,DL,70688,28248,-42440,3815586550,1511095100,-2304491450,KRX MDCSTAT02401_OUT
recent2,KOSPI200,foreign,175330,JB금융지주,991758,915930,-75828,30982713575,28631951850,-2350761725,KRX MDCSTAT02401_OUT
recent2,KOSPI200,foreign,001430,세아베스틸지주,160967,107431,-53536,7228127125,4834956575,-2393170550,KRX MDCSTAT02401_OUT
recent2,KOSPI200,foreign,086280,현대글로비스,202854,190252,-12602,41090447600,38574337250,-2516110350,KRX MDCSTAT02401_OUT
recent2,KOSPI200,foreign,259960,크래프톤,140882,127654,-13228,28690817550,26036483500,-2654334050,KRX MDCSTAT02401_OUT
recent2,KOSPI200,foreign,036570,NC,67476,54623,-12853,14101971000,11400510250,-2701460750,KRX MDCSTAT02401_OUT
recent2,KOSPI200,foreign,139130,iM금융지주,1179864,1020145,-159719,21367739635,18492717240,-2875022395,KRX MDCSTAT02401_OUT
recent2,KOSPI200,foreign,018880,한온시스템,3196861,2291405,-905456,10823213069,7811736241,-3011476828,KRX MDCSTAT02401_OUT
recent2,KOSPI200,foreign,003490,대한항공,2026557,1918831,-107726,59112535775,56014471025,-3098064750,KRX MDCSTAT02401_OUT
recent2,KOSPI200,foreign,161390,한국타이어앤테크놀로지,686449,629465,-56984,41025180950,37703762550,-3321418400,KRX MDCSTAT02401_OUT
recent2,KOSPI200,foreign,022100,포스코DX,388475,223543,-164932,8063357600,4636490075,-3426867525,KRX MDCSTAT02401_OUT
recent2,KOSPI200,foreign,377300,카카오페이,398780,310677,-88103,16027552375,12497048400,-3530503975,KRX MDCSTAT02401_OUT
recent2,KOSPI200,foreign,051600,한전KPS,449292,372756,-76536,20946212575,17357990300,-3588222275,KRX MDCSTAT02401_OUT
recent2,KOSPI200,foreign,138930,BNK금융지주,2370827,2130056,-240771,37036222435,33266474250,-3769748185,KRX MDCSTAT02401_OUT
recent2,KOSPI200,foreign,066970,엘앤에프,287630,255350,-32280,31556296500,27662862400,-3893434100,KRX MDCSTAT02401_OUT
recent2,KOSPI200,foreign,007340,DN오토모티브,185556,105718,-79838,9103321500,5187986650,-3915334850,KRX MDCSTAT02401_OUT
recent2,KOSPI200,foreign,120110,코오롱인더,170753,102775,-67978,9830431350,5901048550,-3929382800,KRX MDCSTAT02401_OUT
recent2,KOSPI200,foreign,051900,LG생활건강,102182,88700,-13482,30132919500,26154464250,-3978455250,KRX MDCSTAT02401_OUT
recent2,KOSPI200,foreign,023530,롯데쇼핑,148758,109231,-39527,16748554850,12263200900,-4485353950,KRX MDCSTAT02401_OUT
recent2,KOSPI200,foreign,035250,강원랜드,502517,187704,-314813,7215627605,2686539325,-4529088280,KRX MDCSTAT02401_OUT
recent2,KOSPI200,foreign,029780,삼성카드,190350,84733,-105617,8308740400,3693928700,-4614811700,KRX MDCSTAT02401_OUT
recent2,KOSPI200,foreign,003550,LG,353317,311354,-41963,39503009500,34823624000,-4679385500,KRX MDCSTAT02401_OUT
recent2,KOSPI200,foreign,088350,한화생명,2559901,1735833,-824068,15023660125,10142731650,-4880928475,KRX MDCSTAT02401_OUT
recent2,KOSPI200,foreign,138040,메리츠금융지주,315935,276216,-39719,40245717700,35231859750,-5013857950,KRX MDCSTAT02401_OUT
recent2,KOSPI200,foreign,014680,한솔케미칼,106914,83336,-23578,23045304250,17944001000,-5101303250,KRX MDCSTAT02401_OUT
recent2,KOSPI200,foreign,180640,한진칼,89825,52954,-36871,12463230500,7342077100,-5121153400,KRX MDCSTAT02401_OUT
recent2,KOSPI200,foreign,034730,SK,248019,238288,-9731,136360343500,131178936000,-5181407500,KRX MDCSTAT02401_OUT
recent2,KOSPI200,foreign,097950,CJ제일제당,119437,89638,-29799,20958107250,15726155950,-5231951300,KRX MDCSTAT02401_OUT
recent2,KOSPI200,foreign,021240,코웨이,661958,610540,-51418,67154195150,61870460350,-5283734800,KRX MDCSTAT02401_OUT
recent2,KOSPI200,foreign,010130,고려아연,25257,20557,-4700,28441730000,23143072500,-5298657500,KRX MDCSTAT02401_OUT
recent2,KOSPI200,foreign,008770,호텔신라,669951,535691,-134260,27267323050,21835776200,-5431546850,KRX MDCSTAT02401_OUT
recent2,KOSPI200,foreign,000990,DB하이텍,470618,425684,-44934,59800462200,53927841050,-5872621150,KRX MDCSTAT02401_OUT
recent2,KOSPI200,foreign,009830,한화솔루션,1585775,1363633,-222142,44733291775,38572233375,-6161058400,KRX MDCSTAT02401_OUT
recent2,KOSPI200,foreign,003230,삼양식품,37352,32267,-5085,48401202000,41893933000,-6507269000,KRX MDCSTAT02401_OUT
recent2,KOSPI200,foreign,034220,LG디스플레이,4610440,3789316,-821124,38867350920,31980981385,-6886369535,KRX MDCSTAT02401_OUT
recent2,KOSPI200,foreign,011170,롯데케미칼,213743,105632,-108111,13613338750,6724443550,-6888895200,KRX MDCSTAT02401_OUT
recent2,KOSPI200,foreign,030000,제일기획,1920239,1516924,-403315,33262889570,26262607970,-7000281600,KRX MDCSTAT02401_OUT
recent2,KOSPI200,foreign,005940,NH투자증권,796733,523465,-273268,20547183350,13471168625,-7076014725,KRX MDCSTAT02401_OUT
recent2,KOSPI200,foreign,009540,HD한국조선해양,222544,201603,-20941,75262016580,68184683080,-7077333500,KRX MDCSTAT02401_OUT
recent2,KOSPI200,foreign,069960,현대백화점,126789,52679,-74110,12614547250,5222483850,-7392063400,KRX MDCSTAT02401_OUT
recent2,KOSPI200,foreign,0126Z0,삼성에피스홀딩스,56056,33201,-22855,18420514250,10898077750,-7522436500,KRX MDCSTAT02401_OUT
recent2,KOSPI200,foreign,028260,삼성물산,410228,386952,-23276,146630728000,138717935500,-7912792500,KRX MDCSTAT02401_OUT
recent2,KOSPI200,foreign,047810,한국항공우주,883911,822599,-61312,114715673950,106782418550,-7933255400,KRX MDCSTAT02401_OUT
recent2,KOSPI200,foreign,271560,오리온,312022,238154,-73868,34787518000,26560403550,-8227114450,KRX MDCSTAT02401_OUT
recent2,KOSPI200,foreign,326030,SK바이오팜,227764,120075,-107689,17744162550,9340929150,-8403233400,KRX MDCSTAT02401_OUT
recent2,KOSPI200,foreign,375500,DL이앤씨,291076,192136,-98940,25126603300,16673772650,-8452830650,KRX MDCSTAT02401_OUT
recent2,KOSPI200,foreign,068270,셀트리온,739307,690407,-48900,132943721200,124146742000,-8796979200,KRX MDCSTAT02401_OUT
recent2,KOSPI200,foreign,316140,우리금융지주,3908611,3660457,-248154,141503801025,132566125200,-8937675825,KRX MDCSTAT02401_OUT
recent2,KOSPI200,foreign,000100,유한양행,578088,457599,-120489,43919612500,34747140450,-9172472050,KRX MDCSTAT02401_OUT
recent2,KOSPI200,foreign,001440,대한전선,3233000,2903523,-329477,99268472625,89644282275,-9624190350,KRX MDCSTAT02401_OUT
recent2,KOSPI200,foreign,028050,삼성E&A,2562637,2357064,-205573,134104132450,124177829350,-9926303100,KRX MDCSTAT02401_OUT
recent2,KOSPI200,foreign,352820,하이브,185785,124809,-60976,30631505250,20586531050,-10044974200,KRX MDCSTAT02401_OUT
recent2,KOSPI200,foreign,000720,현대건설,607631,524156,-83475,76196228350,65749223200,-10447005150,KRX MDCSTAT02401_OUT
recent2,KOSPI200,foreign,241560,두산밥캣,508122,329632,-178490,29957554550,19430590050,-10526964500,KRX MDCSTAT02401_OUT
recent2,KOSPI200,foreign,032640,LG유플러스,3069094,2312585,-756509,43688143600,32942523905,-10745619695,KRX MDCSTAT02401_OUT
recent2,KOSPI200,foreign,323410,카카오뱅크,2246889,1676185,-570704,45921724650,34254406775,-11667317875,KRX MDCSTAT02401_OUT
recent2,KOSPI200,foreign,064350,현대로템,499991,401625,-98366,61012786900,49214723350,-11798063550,KRX MDCSTAT02401_OUT
recent2,KOSPI200,foreign,003670,포스코퓨처엠,181738,114551,-67187,32902886450,20826115650,-12076770800,KRX MDCSTAT02401_OUT
recent2,KOSPI200,foreign,267270,HD건설기계,218244,128884,-89360,30393816700,17914863400,-12478953300,KRX MDCSTAT02401_OUT
recent2,KOSPI200,foreign,090430,아모레퍼시픽,266964,178809,-88155,38458919700,25721759650,-12737160050,KRX MDCSTAT02401_OUT
recent2,KOSPI200,foreign,006260,LS,124048,83410,-40638,40023189750,26934396500,-13088793250,KRX MDCSTAT02401_OUT
recent2,KOSPI200,foreign,051910,LG화학,233920,182371,-51549,61837083750,48264044750,-13573039000,KRX MDCSTAT02401_OUT
recent2,KOSPI200,foreign,004020,현대제철,913130,514028,-399102,32466619725,18365961075,-14100658650,KRX MDCSTAT02401_OUT
recent2,KOSPI200,foreign,483650,달바글로벌,278289,199478,-78811,50402213550,36004620050,-14397593500,KRX MDCSTAT02401_OUT
recent2,KOSPI200,foreign,267260,HD현대일렉트릭,112325,92246,-20079,81332605000,66873662000,-14458943000,KRX MDCSTAT02401_OUT
recent2,KOSPI200,foreign,000270,기아,1252952,1128585,-124367,151550821200,136509695950,-15041125250,KRX MDCSTAT02401_OUT
recent2,KOSPI200,foreign,128940,한미약품,70631,39567,-31064,35766976500,19999690000,-15767286500,KRX MDCSTAT02401_OUT
recent2,KOSPI200,foreign,079550,LIG디펜스앤에어로스페이스,103457,82541,-20916,76951977500,61013126500,-15938851000,KRX MDCSTAT02401_OUT
recent2,KOSPI200,foreign,024110,기업은행,1442773,621792,-820981,28972776750,12479422800,-16493353950,KRX MDCSTAT02401_OUT
recent2,KOSPI200,foreign,000810,삼성화재,186023,159927,-26096,121146633000,104087502500,-17059130500,KRX MDCSTAT02401_OUT
recent2,KOSPI200,foreign,035720,카카오,1500559,956207,-544352,50151637700,32017291300,-18134346400,KRX MDCSTAT02401_OUT
recent2,KOSPI200,foreign,015760,한국전력,1251501,651044,-600457,38601811900,20051871175,-18549940725,KRX MDCSTAT02401_OUT
recent2,KOSPI200,foreign,052690,한전기술,465705,323800,-141905,62489556450,43308996000,-19180560450,KRX MDCSTAT02401_OUT
recent2,KOSPI200,foreign,267250,HD현대,368329,271679,-96650,77440851250,57095089000,-20345762250,KRX MDCSTAT02401_OUT
recent2,KOSPI200,foreign,042660,한화오션,517226,269596,-247630,42796294650,22299440850,-20496853800,KRX MDCSTAT02401_OUT
recent2,KOSPI200,foreign,082740,한화엔진,683916,267155,-416761,35057074500,13695676225,-21361398275,KRX MDCSTAT02401_OUT
recent2,KOSPI200,foreign,012330,현대모비스,356025,298669,-57356,134784050500,112892503000,-21891547500,KRX MDCSTAT02401_OUT
recent2,KOSPI200,foreign,007660,이수페타시스,1343640,1105941,-237699,139192660450,117218428850,-21974231600,KRX MDCSTAT02401_OUT
recent2,KOSPI200,foreign,055550,신한지주,1978876,1781925,-196951,220350042820,198316037970,-22034004850,KRX MDCSTAT02401_OUT
recent2,KOSPI200,foreign,005490,POSCO홀딩스,317204,248510,-68694,102336417750,80157086750,-22179331000,KRX MDCSTAT02401_OUT
recent2,KOSPI200,foreign,105560,KB금융,1180192,1047141,-133051,207944568850,184517395750,-23427173100,KRX MDCSTAT02401_OUT
recent2,KOSPI200,foreign,010060,OCI홀딩스,263024,139734,-123290,51799770150,27623376950,-24176393200,KRX MDCSTAT02401_OUT
recent2,KOSPI200,foreign,047040,대우건설,4210631,2844402,-1366229,79042090995,54052697755,-24989393240,KRX MDCSTAT02401_OUT
recent2,KOSPI200,foreign,047050,포스코인터내셔널,661651,199152,-462499,37944353750,11421417600,-26522936150,KRX MDCSTAT02401_OUT
recent2,KOSPI200,foreign,086790,하나금융지주,1151544,940711,-210833,154256762450,125875561800,-28381200650,KRX MDCSTAT02401_OUT
recent2,KOSPI200,foreign,010140,삼성중공업,3751628,2078732,-1672896,78069575025,43271576950,-34797998075,KRX MDCSTAT02401_OUT
recent2,KOSPI200,foreign,035420,NAVER,820005,630250,-189755,162086254800,124491344050,-37594910750,KRX MDCSTAT02401_OUT
recent2,KOSPI200,foreign,012450,한화에어로스페이스,299057,253633,-45424,324970726285,276312617785,-48658108500,KRX MDCSTAT02401_OUT
recent2,KOSPI200,foreign,272210,한화시스템,1378118,749061,-629057,108332333500,58833610950,-49498722550,KRX MDCSTAT02401_OUT
recent2,KOSPI200,foreign,005380,현대차,621165,437887,-183278,225989630250,159757759250,-66231871000,KRX MDCSTAT02401_OUT
recent2,KOSPI200,foreign,006400,삼성SDI,318803,195544,-123259,171808962500,105562363000,-66246599500,KRX MDCSTAT02401_OUT
recent2,KOSPI200,foreign,000150,두산,126311,71200,-55111,182374773564,102856019064,-79518754500,KRX MDCSTAT02401_OUT
recent2,KOSPI200,foreign,034020,두산에너빌리티,1996582,851807,-1144775,170603612850,72583890100,-98019722750,KRX MDCSTAT02401_OUT
recent2,KOSPI200,institution,005930,삼성전자,9638585,16572171,6933586,2583142281000,4436661942250,1853519661250,KRX MDCSTAT02401_OUT
recent2,KOSPI200,institution,000660,SK하이닉스,1429424,1686259,256835,2647265033500,3121918532000,474653498500,KRX MDCSTAT02401_OUT
recent2,KOSPI200,institution,009150,삼성전기,270541,496075,225534,380534907000,698729200500,318194293500,KRX MDCSTAT02401_OUT
recent2,KOSPI200,institution,402340,SK스퀘어,209939,282853,72914,229737714500,309662180000,79924465500,KRX MDCSTAT02401_OUT
recent2,KOSPI200,institution,028050,삼성E&A,408582,1274453,865871,21433358600,67184046900,45750688300,KRX MDCSTAT02401_OUT
recent2,KOSPI200,institution,105560,KB금융,433516,595992,162476,76661519200,105458884600,28797365400,KRX MDCSTAT02401_OUT
recent2,KOSPI200,institution,272210,한화시스템,596367,959302,362935,46725311050,75380229750,28654918700,KRX MDCSTAT02401_OUT
recent2,KOSPI200,institution,079550,LIG디펜스앤에어로스페이스,60120,97805,37685,44426944500,72661725000,28234780500,KRX MDCSTAT02401_OUT
recent2,KOSPI200,institution,055550,신한지주,493002,724892,231890,55258830700,81331714100,26072883400,KRX MDCSTAT02401_OUT
recent2,KOSPI200,institution,000150,두산,53190,68943,15753,76793158000,99689678500,22896520500,KRX MDCSTAT02401_OUT
recent2,KOSPI200,institution,066570,LG전자,222274,330422,108148,44462657800,66270853100,21808195300,KRX MDCSTAT02401_OUT
recent2,KOSPI200,institution,012450,한화에어로스페이스,42012,62244,20232,45852210500,67598927500,21746717000,KRX MDCSTAT02401_OUT
recent2,KOSPI200,institution,316140,우리금융지주,460445,1053730,593285,16718765850,38236208750,21517442900,KRX MDCSTAT02401_OUT
recent2,KOSPI200,institution,483650,달바글로벌,37355,151685,114330,6829246700,27721366550,20892119850,KRX MDCSTAT02401_OUT
recent2,KOSPI200,institution,028260,삼성물산,95891,152157,56266,34663896000,55086416500,20422520500,KRX MDCSTAT02401_OUT
recent2,KOSPI200,institution,034730,SK,55738,91836,36098,31180823500,51545357000,20364533500,KRX MDCSTAT02401_OUT
recent2,KOSPI200,institution,086790,하나금융지주,300222,445267,145045,40478374450,60125607250,19647232800,KRX MDCSTAT02401_OUT
recent2,KOSPI200,institution,375500,DL이앤씨,74024,288453,214429,6370935000,24902043600,18531108600,KRX MDCSTAT02401_OUT
recent2,KOSPI200,institution,090430,아모레퍼시픽,65819,191603,125784,9466284300,27692824050,18226539750,KRX MDCSTAT02401_OUT
recent2,KOSPI200,institution,047050,포스코인터내셔널,153013,425698,272685,8795411950,24480210800,15684798850,KRX MDCSTAT02401_OUT
recent2,KOSPI200,institution,128940,한미약품,24653,51182,26529,12489313000,25995437500,13506124500,KRX MDCSTAT02401_OUT
recent2,KOSPI200,institution,267260,HD현대일렉트릭,33758,51156,17398,24471890000,37177039500,12705149500,KRX MDCSTAT02401_OUT
recent2,KOSPI200,institution,042700,한미반도체,140800,192688,51888,33118926750,45322854250,12203927500,KRX MDCSTAT02401_OUT
recent2,KOSPI200,institution,068270,셀트리온,130859,194310,63451,23611958750,35095358300,11483399550,KRX MDCSTAT02401_OUT
recent2,KOSPI200,institution,000810,삼성화재,19113,35386,16273,12494862000,23150213500,10655351500,KRX MDCSTAT02401_OUT
recent2,KOSPI200,institution,005940,NH투자증권,123429,521593,398164,3199614400,13561847225,10362232825,KRX MDCSTAT02401_OUT
recent2,KOSPI200,institution,032830,삼성생명,92169,125723,33554,26503866250,36285922500,9782056250,KRX MDCSTAT02401_OUT
recent2,KOSPI200,institution,011170,롯데케미칼,36174,172275,136101,2306504350,11005976300,8699471950,KRX MDCSTAT02401_OUT
recent2,KOSPI200,institution,006260,LS,54936,80655,25719,17706816250,26048934250,8342118000,KRX MDCSTAT02401_OUT
recent2,KOSPI200,institution,138040,메리츠금융지주,53572,112143,58571,6816945800,14298717800,7481772000,KRX MDCSTAT02401_OUT
recent2,KOSPI200,institution,010950,S-Oil,101165,149816,48651,15362482450,22836765500,7474283050,KRX MDCSTAT02401_OUT
recent2,KOSPI200,institution,004020,현대제철,194980,397713,202733,6903439225,14129093075,7225653850,KRX MDCSTAT02401_OUT
recent2,KOSPI200,institution,003230,삼양식품,15994,21396,5402,20596179500,27702016500,7105837000,KRX MDCSTAT02401_OUT
recent2,KOSPI200,institution,014680,한솔케미칼,13933,44389,30456,3007299500,9593084500,6585785000,KRX MDCSTAT02401_OUT
recent2,KOSPI200,institution,036570,NC,32658,61673,29015,6807377250,12928423500,6121046250,KRX MDCSTAT02401_OUT
recent2,KOSPI200,institution,051900,LG생활건강,20534,40484,19950,6068713750,11999092000,5930378250,KRX MDCSTAT02401_OUT
recent2,KOSPI200,institution,018260,삼성에스디에스,40642,64777,24135,8976547250,14410020500,5433473250,KRX MDCSTAT02401_OUT
recent2,KOSPI200,institution,047810,한국항공우주,60661,100817,40156,7884120750,13098548850,5214428100,KRX MDCSTAT02401_OUT
recent2,KOSPI200,institution,021240,코웨이,52927,102179,49252,5318869150,10382952350,5064083200,KRX MDCSTAT02401_OUT
recent2,KOSPI200,institution,278470,에이피알,81367,93642,12275,29766748000,34403394250,4636646250,KRX MDCSTAT02401_OUT
recent2,KOSPI200,institution,003550,LG,56798,97170,40372,6356325100,10863915000,4507589900,KRX MDCSTAT02401_OUT
recent2,KOSPI200,institution,007340,DN오토모티브,49008,136781,87773,2403534100,6746209925,4342675825,KRX MDCSTAT02401_OUT
recent2,KOSPI200,institution,035720,카카오,319713,444567,124854,10657501675,14825155450,4167653775,KRX MDCSTAT02401_OUT
recent2,KOSPI200,institution,011200,HMM,160838,353063,192225,3394699325,7440600725,4045901400,KRX MDCSTAT02401_OUT
recent2,KOSPI200,institution,016360,삼성증권,70366,115550,45184,6096658700,10040380750,3943722050,KRX MDCSTAT02401_OUT
recent2,KOSPI200,institution,120110,코오롱인더,38796,102214,63418,2216094700,5901807500,3685712800,KRX MDCSTAT02401_OUT
recent2,KOSPI200,institution,271560,오리온,12742,43701,30959,1419528300,4875803200,3456274900,KRX MDCSTAT02401_OUT
recent2,KOSPI200,institution,010120,LS ELECTRIC,136918,151434,14516,28467116500,31553771750,3086655250,KRX MDCSTAT02401_OUT
recent2,KOSPI200,institution,180640,한진칼,22353,43797,21444,3094700300,6076437500,2981737200,KRX MDCSTAT02401_OUT
recent2,KOSPI200,institution,112610,씨에스윈드,59562,116275,56713,3024791625,5991626925,2966835300,KRX MDCSTAT02401_OUT
recent2,KOSPI200,institution,051910,LG화학,77906,88540,10634,20408385000,23323035500,2914650500,KRX MDCSTAT02401_OUT
recent2,KOSPI200,institution,175330,JB금융지주,151366,238939,87573,4692214550,7412688875,2720474325,KRX MDCSTAT02401_OUT
recent2,KOSPI200,institution,071970,HD현대마린엔진,30184,81102,50918,1545004900,4167531150,2622526250,KRX MDCSTAT02401_OUT
recent2,KOSPI200,institution,000270,기아,305563,324665,19102,36769215700,39274089400,2504873700,KRX MDCSTAT02401_OUT
recent2,KOSPI200,institution,032640,LG유플러스,494711,665240,170529,7118840570,9577769525,2458928955,KRX MDCSTAT02401_OUT
recent2,KOSPI200,institution,030000,제일기획,95702,233007,137305,1662040860,4049318195,2387277335,KRX MDCSTAT02401_OUT
recent2,KOSPI200,institution,241560,두산밥캣,31018,70867,39849,1824039300,4180648050,2356608750,KRX MDCSTAT02401_OUT
recent2,KOSPI200,institution,018880,한온시스템,313538,980932,667394,1061503055,3327094035,2265590980,KRX MDCSTAT02401_OUT
recent2,KOSPI200,institution,024110,기업은행,229564,335670,106106,4616902800,6757816975,2140914175,KRX MDCSTAT02401_OUT
recent2,KOSPI200,institution,001430,세아베스틸지주,70033,116370,46337,3116307750,5212470000,2096162250,KRX MDCSTAT02401_OUT
recent2,KOSPI200,institution,011790,SKC,35176,57657,22481,3089576700,5072738900,1983162200,KRX MDCSTAT02401_OUT
recent2,KOSPI200,institution,139130,iM금융지주,105092,214580,109488,1894001950,3873128575,1979126625,KRX MDCSTAT02401_OUT
recent2,KOSPI200,institution,000100,유한양행,71983,97996,26013,5485743950,7451695450,1965951500,KRX MDCSTAT02401_OUT
recent2,KOSPI200,institution,008930,한미사이언스,36678,74787,38109,1802182725,3691644375,1889461650,KRX MDCSTAT02401_OUT
recent2,KOSPI200,institution,036460,한국가스공사,32815,83590,50775,1172006450,2992015450,1820009000,KRX MDCSTAT02401_OUT
recent2,KOSPI200,institution,361610,SK아이이테크놀로지,46360,159195,112835,742785350,2549558515,1806773165,KRX MDCSTAT02401_OUT
recent2,KOSPI200,institution,030200,KT,269234,301102,31868,14286531700,15993375800,1706844100,KRX MDCSTAT02401_OUT
recent2,KOSPI200,institution,002790,아모레퍼시픽홀딩스,18698,80798,62100,492373975,2125179650,1632805675,KRX MDCSTAT02401_OUT
recent2,KOSPI200,institution,000210,DL,27837,56998,29161,1464555300,3082563500,1618008200,KRX MDCSTAT02401_OUT
recent2,KOSPI200,institution,012750,에스원,21743,39610,17867,1817866150,3311518000,1493651850,KRX MDCSTAT02401_OUT
recent2,KOSPI200,institution,000990,DB하이텍,196605,206974,10369,24901843482,26355869900,1454026418,KRX MDCSTAT02401_OUT
recent2,KOSPI200,institution,004990,롯데지주,18196,76318,58122,445585075,1867424275,1421839200,KRX MDCSTAT02401_OUT
recent2,KOSPI200,institution,035250,강원랜드,64720,160745,96025,929872250,2310104535,1380232285,KRX MDCSTAT02401_OUT
recent2,KOSPI200,institution,006650,대한유화,20871,34193,13322,2047867500,3369732200,1321864700,KRX MDCSTAT02401_OUT
recent2,KOSPI200,institution,029780,삼성카드,17775,47872,30097,776965625,2094727175,1317761550,KRX MDCSTAT02401_OUT
recent2,KOSPI200,institution,017800,현대엘리베이터,17798,34864,17066,1311278200,2571153900,1259875700,KRX MDCSTAT02401_OUT
recent2,KOSPI200,institution,103140,풍산,36474,52495,16021,2894397700,4153696150,1259298450,KRX MDCSTAT02401_OUT
recent2,KOSPI200,institution,326030,SK바이오팜,19898,35493,15595,1550553000,2767897850,1217344850,KRX MDCSTAT02401_OUT
recent2,KOSPI200,institution,323410,카카오뱅크,185604,242658,57054,3766754375,4963558875,1196804500,KRX MDCSTAT02401_OUT
recent2,KOSPI200,institution,111770,영원무역,10840,27329,16489,780159850,1973267950,1193108100,KRX MDCSTAT02401_OUT
recent2,KOSPI200,institution,010130,고려아연,4911,5868,957,5540056000,6627792500,1087736500,KRX MDCSTAT02401_OUT
recent2,KOSPI200,institution,022100,포스코DX,42354,91543,49189,875040700,1896202050,1021161350,KRX MDCSTAT02401_OUT
recent2,KOSPI200,institution,003490,대한항공,538277,573423,35146,15631199575,16648889750,1017690175,KRX MDCSTAT02401_OUT
recent2,KOSPI200,institution,139480,이마트,16079,29159,13080,1178005750,2139981400,961975650,KRX MDCSTAT02401_OUT
recent2,KOSPI200,institution,051600,한전KPS,39013,59221,20208,1816773775,2768899050,952125275,KRX MDCSTAT02401_OUT
recent2,KOSPI200,institution,009240,한샘,5529,28525,22996,216828700,1121884700,905056000,KRX MDCSTAT02401_OUT
recent2,KOSPI200,institution,011070,LG이노텍,69913,71113,1200,36626370500,37512425000,886054500,KRX MDCSTAT02401_OUT
recent2,KOSPI200,institution,081660,미스토홀딩스,35633,56004,20371,1368322175,2146933250,778611075,KRX MDCSTAT02401_OUT
recent2,KOSPI200,institution,000880,한화,23738,29409,5671,3157858200,3916926800,759068600,KRX MDCSTAT02401_OUT
recent2,KOSPI200,institution,000240,한국앤컴퍼니,17006,47343,30337,416907125,1162735300,745828175,KRX MDCSTAT02401_OUT
recent2,KOSPI200,institution,071320,지역난방공사,1240,10500,9260,94204050,815316100,721112050,KRX MDCSTAT02401_OUT
recent2,KOSPI200,institution,192820,코스맥스,47794,50386,2592,13117314500,13836752250,719437750,KRX MDCSTAT02401_OUT
recent2,KOSPI200,institution,300720,한일시멘트,16713,56500,39787,270681490,918489115,647807625,KRX MDCSTAT02401_OUT
recent2,KOSPI200,institution,034220,LG디스플레이,217575,292358,74783,1835997240,2473200090,637202850,KRX MDCSTAT02401_OUT
recent2,KOSPI200,institution,457190,이수스페셜티케미컬,22985,32421,9436,1484312450,2099210600,614898150,KRX MDCSTAT02401_OUT
recent2,KOSPI200,institution,088350,한화생명,563805,661994,98189,3288214300,3863055345,574841045,KRX MDCSTAT02401_OUT
recent2,KOSPI200,institution,138930,BNK금융지주,282190,317402,35212,4424826980,4977521320,552694340,KRX MDCSTAT02401_OUT
recent2,KOSPI200,institution,003030,세아제강지주,15932,20681,4749,1708310250,2231196500,522886250,KRX MDCSTAT02401_OUT
recent2,KOSPI200,institution,008770,호텔신라,21079,33863,12784,852173850,1371724450,519550600,KRX MDCSTAT02401_OUT
recent2,KOSPI200,institution,006280,녹십자,5501,9057,3556,679364750,1112491000,433126250,KRX MDCSTAT02401_OUT
recent2,KOSPI200,institution,009970,영원무역홀딩스,2586,4470,1884,432061100,748729850,316668750,KRX MDCSTAT02401_OUT
recent2,KOSPI200,institution,0126Z0,삼성에피스홀딩스,5472,6357,885,1800096750,2096562000,296465250,KRX MDCSTAT02401_OUT
recent2,KOSPI200,institution,007310,오뚜기,1331,2261,930,420817500,716505500,295688000,KRX MDCSTAT02401_OUT
recent2,KOSPI200,institution,161390,한국타이어앤테크놀로지,83620,87857,4237,4958095600,5227905500,269809900,KRX MDCSTAT02401_OUT
recent2,KOSPI200,institution,000080,하이트진로,22900,40274,17374,342936810,603997100,261060290,KRX MDCSTAT02401_OUT
recent2,KOSPI200,institution,282330,BGF리테일,16521,18309,1788,2276942500,2533112550,256170050,KRX MDCSTAT02401_OUT
recent2,KOSPI200,institution,026960,동서,24455,32707,8252,621730125,832968125,211238000,KRX MDCSTAT02401_OUT
recent2,KOSPI200,institution,069260,TKG휴켐스,14047,26815,12768,228280780,436084000,207803220,KRX MDCSTAT02401_OUT
recent2,KOSPI200,institution,002030,아세아,455,1291,836,98841500,282640000,183798500,KRX MDCSTAT02401_OUT
recent2,KOSPI200,institution,069620,대웅제약,4409,6053,1644,483807450,665539350,181731900,KRX MDCSTAT02401_OUT
recent2,KOSPI200,institution,001800,오리온홀딩스,17377,24448,7071,421460550,593840850,172380300,KRX MDCSTAT02401_OUT
recent2,KOSPI200,institution,137310,에스디바이오센서,14761,42489,27728,90793575,260615865,169822290,KRX MDCSTAT02401_OUT
recent2,KOSPI200,institution,005300,롯데칠성,1971,3690,1719,186190400,349511200,163320800,KRX MDCSTAT02401_OUT
recent2,KOSPI200,institution,005420,코스모화학,20450,35580,15130,210428410,368276260,157847850,KRX MDCSTAT02401_OUT
recent2,KOSPI200,institution,011210,현대위아,10652,13080,2428,578203750,709813150,131609400,KRX MDCSTAT02401_OUT
recent2,KOSPI200,institution,302440,SK바이오사이언스,25711,29318,3607,915462700,1046216325,130753625,KRX MDCSTAT02401_OUT
recent2,KOSPI200,institution,001680,대상,14151,20996,6845,252082960,374509195,122426235,KRX MDCSTAT02401_OUT
recent2,KOSPI200,institution,185750,종근당,2987,4574,1587,192702600,294723350,102020750,KRX MDCSTAT02401_OUT
recent2,KOSPI200,institution,005850,에스엘,15167,16844,1677,755895875,846584750,90688875,KRX MDCSTAT02401_OUT
recent2,KOSPI200,institution,298050,HS효성첨단소재,4547,4966,419,744128400,822218700,78090300,KRX MDCSTAT02401_OUT
recent2,KOSPI200,institution,008730,율촌화학,8689,13609,4920,130316840,205730300,75413460,KRX MDCSTAT02401_OUT
recent2,KOSPI200,institution,002840,미원상사,823,1341,518,110365500,180796500,70431000,KRX MDCSTAT02401_OUT
recent2,KOSPI200,institution,001450,현대해상,115860,117150,1290,5637969250,5699813575,61844325,KRX MDCSTAT02401_OUT
recent2,KOSPI200,institution,014820,동원시스템즈,17824,18727,903,378168600,398124950,19956350,KRX MDCSTAT02401_OUT
recent2,KOSPI200,institution,280360,롯데웰푸드,11299,11397,98,1440628400,1455648850,15020450,KRX MDCSTAT02401_OUT
recent2,KOSPI200,institution,007700,F&F홀딩스,3372,3491,119,45798570,47485500,1686930,KRX MDCSTAT02401_OUT
recent2,KOSPI200,institution,003090,대웅,41122,39321,-1801,650495250,622357410,-28137840,KRX MDCSTAT02401_OUT
recent2,KOSPI200,institution,268280,미원에스씨,563,333,-230,74413850,43958050,-30455800,KRX MDCSTAT02401_OUT
recent2,KOSPI200,institution,071050,한국금융지주,66095,65862,-233,12128322950,12093281650,-35041300,KRX MDCSTAT02401_OUT
recent2,KOSPI200,institution,267270,HD건설기계,97329,95738,-1591,13420294350,13333044350,-87250000,KRX MDCSTAT02401_OUT
recent2,KOSPI200,institution,285130,SK케미칼,26733,24658,-2075,1367997650,1265761750,-102235900,KRX MDCSTAT02401_OUT
recent2,KOSPI200,institution,000670,영풍,54106,50842,-3264,2469973850,2351738450,-118235400,KRX MDCSTAT02401_OUT
recent2,KOSPI200,institution,006040,동원산업,13981,10505,-3476,499327275,375570300,-123756975,KRX MDCSTAT02401_OUT
recent2,KOSPI200,institution,034230,파라다이스,69057,53729,-15328,665877005,517603930,-148273075,KRX MDCSTAT02401_OUT
recent2,KOSPI200,institution,004000,롯데정밀화학,18688,15296,-3392,832976000,682616975,-150359025,KRX MDCSTAT02401_OUT
recent2,KOSPI200,institution,454910,두산로보틱스,54953,52373,-2580,3821303700,3657992650,-163311050,KRX MDCSTAT02401_OUT
recent2,KOSPI200,institution,097950,CJ제일제당,22351,21345,-1006,3922761150,3759391250,-163369900,KRX MDCSTAT02401_OUT
recent2,KOSPI200,institution,069960,현대백화점,17041,14267,-2774,1699972250,1423615500,-276356750,KRX MDCSTAT02401_OUT
recent2,KOSPI200,institution,298020,효성티앤씨,4957,4004,-953,1595087750,1301622750,-293465000,KRX MDCSTAT02401_OUT
recent2,KOSPI200,institution,017960,한국카본,47807,32488,-15319,987419150,680871100,-306548050,KRX MDCSTAT02401_OUT
recent2,KOSPI200,institution,450080,에코프로머티,78894,67121,-11773,2737167525,2331275775,-405891750,KRX MDCSTAT02401_OUT
recent2,KOSPI200,institution,251270,넷마블,64794,52829,-11965,2242121875,1827918200,-414203675,KRX MDCSTAT02401_OUT
recent2,KOSPI200,institution,073240,금호타이어,179105,112243,-66862,1246374290,789011990,-457362300,KRX MDCSTAT02401_OUT
recent2,KOSPI200,institution,011780,금호석유화학,18288,14432,-3856,2193474650,1730628100,-462846550,KRX MDCSTAT02401_OUT
recent2,KOSPI200,institution,003240,태광산업,1099,564,-535,988622000,508379500,-480242500,KRX MDCSTAT02401_OUT
recent2,KOSPI200,institution,161890,한국콜마,103518,100177,-3341,15107875150,14620697100,-487178050,KRX MDCSTAT02401_OUT
recent2,KOSPI200,institution,082740,한화엔진,269756,254191,-15565,13871676450,13064649175,-807027275,KRX MDCSTAT02401_OUT
recent2,KOSPI200,institution,005490,POSCO홀딩스,98610,95824,-2786,31703872000,30889841500,-814030500,KRX MDCSTAT02401_OUT
recent2,KOSPI200,institution,192080,더블유게임즈,33981,18902,-15079,1973702950,1100472050,-873230900,KRX MDCSTAT02401_OUT
recent2,KOSPI200,institution,000120,CJ대한통운,25336,12635,-12701,1791238750,893758000,-897480750,KRX MDCSTAT02401_OUT
recent2,KOSPI200,institution,086280,현대글로비스,69341,64768,-4573,14021543850,13111866850,-909677000,KRX MDCSTAT02401_OUT
recent2,KOSPI200,institution,000720,현대건설,286022,277947,-8075,36003615200,35028602150,-975013050,KRX MDCSTAT02401_OUT
recent2,KOSPI200,institution,047040,대우건설,1565126,1491462,-73664,29314757675,28247873685,-1066883990,KRX MDCSTAT02401_OUT
recent2,KOSPI200,institution,033780,KT&G,96156,89579,-6577,16639713000,15513663650,-1126049350,KRX MDCSTAT02401_OUT
recent2,KOSPI200,institution,009540,HD한국조선해양,72951,69479,-3472,24728457250,23545059000,-1183398250,KRX MDCSTAT02401_OUT
recent2,KOSPI200,institution,007070,GS리테일,130566,75051,-55515,3038971600,1755414525,-1283557075,KRX MDCSTAT02401_OUT
recent2,KOSPI200,institution,259960,크래프톤,35686,28154,-7532,7181461450,5698087100,-1483374350,KRX MDCSTAT02401_OUT
recent2,KOSPI200,institution,028670,팬오션,886577,621982,-264595,5117502740,3602987465,-1514515275,KRX MDCSTAT02401_OUT
recent2,KOSPI200,institution,078930,GS,138296,124146,-14150,15704841400,14116417150,-1588424250,KRX MDCSTAT02401_OUT
recent2,KOSPI200,institution,039490,키움증권,27055,20325,-6730,7106304000,5344535000,-1761769000,KRX MDCSTAT02401_OUT
recent2,KOSPI200,institution,064350,현대로템,137522,121676,-15846,16687110500,14845624900,-1841485600,KRX MDCSTAT02401_OUT
recent2,KOSPI200,institution,204320,HL만도,83215,39357,-43858,3966168400,1885672475,-2080495925,KRX MDCSTAT02401_OUT
recent2,KOSPI200,institution,062040,산일전기,101765,90683,-11082,21014466000,18929495750,-2084970250,KRX MDCSTAT02401_OUT
recent2,KOSPI200,institution,006800,미래에셋증권,377310,310892,-66418,11965668100,9865006300,-2100661800,KRX MDCSTAT02401_OUT
recent2,KOSPI200,institution,004170,신세계,43949,37438,-6511,15891498750,13576390250,-2315108500,KRX MDCSTAT02401_OUT
recent2,KOSPI200,institution,004370,농심,14484,7965,-6519,5683378750,3121054000,-2562324750,KRX MDCSTAT02401_OUT
recent2,KOSPI200,institution,005830,DB손해보험,114629,101059,-13570,21675112000,19095290050,-2579821950,KRX MDCSTAT02401_OUT
recent2,KOSPI200,institution,003670,포스코퓨처엠,140966,125607,-15359,25395777200,22702885750,-2692891450,KRX MDCSTAT02401_OUT
recent2,KOSPI200,institution,064400,LG씨엔에스,111180,68839,-42341,7777887800,4821398350,-2956489450,KRX MDCSTAT02401_OUT
recent2,KOSPI200,institution,002380,KCC,11414,4912,-6502,5279616750,2279168000,-3000448750,KRX MDCSTAT02401_OUT
recent2,KOSPI200,institution,377300,카카오페이,148943,68544,-80399,5974905050,2757691800,-3217213250,KRX MDCSTAT02401_OUT
recent2,KOSPI200,institution,009420,한올바이오파마,154566,82594,-71972,7375297300,3959568750,-3415728550,KRX MDCSTAT02401_OUT
recent2,KOSPI200,institution,001040,CJ,48322,21151,-27171,6214998300,2728952200,-3486046100,KRX MDCSTAT02401_OUT
recent2,KOSPI200,institution,001440,대한전선,830807,702245,-128562,25603827600,21587479925,-4016347675,KRX MDCSTAT02401_OUT
recent2,KOSPI200,institution,093370,후성,694444,384219,-310225,9871997650,5475233030,-4396764620,KRX MDCSTAT02401_OUT
recent2,KOSPI200,institution,042660,한화오션,281753,226869,-54884,23257054000,18819567300,-4437486700,KRX MDCSTAT02401_OUT
recent2,KOSPI200,institution,352820,하이브,104254,74639,-29615,17093691450,12320226100,-4773465350,KRX MDCSTAT02401_OUT
recent2,KOSPI200,institution,307950,현대오토에버,22804,7515,-15289,8271808250,2744480500,-5527327750,KRX MDCSTAT02401_OUT
recent2,KOSPI200,institution,443060,HD현대마린솔루션,57137,30969,-26168,13524197250,7336385500,-6187811750,KRX MDCSTAT02401_OUT
recent2,KOSPI200,institution,012330,현대모비스,101311,83290,-18021,38055404750,31496044500,-6559360250,KRX MDCSTAT02401_OUT
recent2,KOSPI200,institution,267250,HD현대,119733,84504,-35229,25227351000,17878161750,-7349189250,KRX MDCSTAT02401_OUT
recent2,KOSPI200,institution,015760,한국전력,690203,450595,-239608,21292820650,13912577825,-7380242825,KRX MDCSTAT02401_OUT
recent2,KOSPI200,institution,207940,삼성바이오로직스,21356,15594,-5762,29809105000,21798104500,-8011000500,KRX MDCSTAT02401_OUT
recent2,KOSPI200,institution,009830,한화솔루션,495644,184316,-311328,13850423275,5193785275,-8656638000,KRX MDCSTAT02401_OUT
recent2,KOSPI200,institution,010140,삼성중공업,1190929,757197,-433732,24747519850,15730376650,-9017143200,KRX MDCSTAT02401_OUT
recent2,KOSPI200,institution,052690,한전기술,183661,109597,-74064,24389359200,14618224450,-9771134750,KRX MDCSTAT02401_OUT
recent2,KOSPI200,institution,007660,이수페타시스,813431,688082,-125349,82794891400,72691942350,-10102949050,KRX MDCSTAT02401_OUT
recent2,KOSPI200,institution,010060,OCI홀딩스,103373,50817,-52556,20185357000,10068563650,-10116793350,KRX MDCSTAT02401_OUT
recent2,KOSPI200,institution,023530,롯데쇼핑,141323,33800,-107523,15792729850,3806059300,-11986670550,KRX MDCSTAT02401_OUT
recent2,KOSPI200,institution,006400,삼성SDI,162876,137051,-25825,87227331500,73657084000,-13570247500,KRX MDCSTAT02401_OUT
recent2,KOSPI200,institution,005380,현대차,228715,186302,-42413,82831026000,67973527750,-14857498250,KRX MDCSTAT02401_OUT
recent2,KOSPI200,institution,096770,SK이노베이션,491037,379880,-111157,67846835000,52654521800,-15192313200,KRX MDCSTAT02401_OUT
recent2,KOSPI200,institution,017670,SK텔레콤,487567,302956,-184611,42819791750,26768843650,-16050948100,KRX MDCSTAT02401_OUT
recent2,KOSPI200,institution,298040,효성중공업,19498,13237,-6261,56720414000,38522765000,-18197649000,KRX MDCSTAT02401_OUT
recent2,KOSPI200,institution,066970,엘앤에프,336573,138192,-198381,36408102600,15025869850,-21382232750,KRX MDCSTAT02401_OUT
recent2,KOSPI200,institution,329180,HD현대중공업,136785,81363,-55422,61989482750,36915113000,-25074369750,KRX MDCSTAT02401_OUT
recent2,KOSPI200,institution,373220,LG에너지솔루션,218031,139981,-78050,77716895750,50115513750,-27601382000,KRX MDCSTAT02401_OUT
recent2,KOSPI200,institution,034020,두산에너빌리티,1159216,717490,-441726,99189331050,61343850900,-37845480150,KRX MDCSTAT02401_OUT
recent2,KOSPI200,institution,035420,NAVER,776932,273273,-503659,153327437400,53936877850,-99390559550,KRX MDCSTAT02401_OUT
recent2,KOSDAQ150,foreign,067310,하나마이크론,1491526,2289831,798305,62188504050,97420526575,35232022525,KRX MDCSTAT02401_OUT
recent2,KOSDAQ150,foreign,036540,SFA반도체,4468252,6555349,2087097,44898143700,66185388015,21287244315,KRX MDCSTAT02401_OUT
recent2,KOSDAQ150,foreign,214450,파마리서치,26237,67955,41718,8568982750,22163011750,13594029000,KRX MDCSTAT02401_OUT
recent2,KOSDAQ150,foreign,095610,테스,49800,139468,89668,7011325150,19986291350,12974966200,KRX MDCSTAT02401_OUT
recent2,KOSDAQ150,foreign,240810,원익IPS,570880,656109,85229,71324658550,82175085950,10850427400,KRX MDCSTAT02401_OUT
recent2,KOSDAQ150,foreign,226950,올릭스,110995,210202,99207,12300133650,23060534650,10760401000,KRX MDCSTAT02401_OUT
recent2,KOSDAQ150,foreign,089030,테크윙,286387,498276,211889,13420743325,23523432475,10102689150,KRX MDCSTAT02401_OUT
recent2,KOSDAQ150,foreign,298380,에이비엘바이오,305004,473154,168150,16905601100,26138407600,9232806500,KRX MDCSTAT02401_OUT
recent2,KOSDAQ150,foreign,232140,와이씨,2659372,3280081,620709,35852868005,44475387860,8622519855,KRX MDCSTAT02401_OUT
recent2,KOSDAQ150,foreign,257720,실리콘투,457640,623743,166103,18990350400,25698966050,6708615650,KRX MDCSTAT02401_OUT
recent2,KOSDAQ150,foreign,108490,로보티즈,81473,103058,21585,25067231250,31686309250,6619078000,KRX MDCSTAT02401_OUT
recent2,KOSDAQ150,foreign,277810,레인보우로보틱스,30237,43249,13012,13172540000,18872444000,5699904000,KRX MDCSTAT02401_OUT
recent2,KOSDAQ150,foreign,058610,에스피지,71081,115866,44785,7064345100,11518125550,4453780450,KRX MDCSTAT02401_OUT
recent2,KOSDAQ150,foreign,437730,삼현,672794,739897,67103,36899053475,40683025375,3783971900,KRX MDCSTAT02401_OUT
recent2,KOSDAQ150,foreign,247540,에코프로비엠,283722,319340,35618,29568160200,33350104350,3781944150,KRX MDCSTAT02401_OUT
recent2,KOSDAQ150,foreign,080220,제주반도체,321130,371450,50320,23853281200,27548755300,3695474100,KRX MDCSTAT02401_OUT
recent2,KOSDAQ150,foreign,347850,디앤디파마텍,458817,533320,74503,20729815950,24075062825,3345246875,KRX MDCSTAT02401_OUT
recent2,KOSDAQ150,foreign,096530,씨젠,174303,257950,83647,5914323800,8767182600,2852858800,KRX MDCSTAT02401_OUT
recent2,KOSDAQ150,foreign,064760,티씨케이,28773,39199,10426,7700570250,10472104500,2771534250,KRX MDCSTAT02401_OUT
recent2,KOSDAQ150,foreign,053800,안랩,106933,145779,38846,7214268400,9845401950,2631133550,KRX MDCSTAT02401_OUT
recent2,KOSDAQ150,foreign,090710,휴림로봇,917272,1308556,391284,5905272825,8408668265,2503395440,KRX MDCSTAT02401_OUT
recent2,KOSDAQ150,foreign,031980,피에스케이홀딩스,76192,90633,14441,12558551900,15015260850,2456708950,KRX MDCSTAT02401_OUT
recent2,KOSDAQ150,foreign,039030,이오테크닉스,46055,51168,5113,21391152500,23769851750,2378699250,KRX MDCSTAT02401_OUT
recent2,KOSDAQ150,foreign,204270,제이앤티씨,966876,1042129,75253,23762440700,26041892325,2279451625,KRX MDCSTAT02401_OUT
recent2,KOSDAQ150,foreign,060370,LS마린솔루션,184500,245768,61268,6192948400,8396614325,2203665925,KRX MDCSTAT02401_OUT
recent2,KOSDAQ150,foreign,058470,리노공업,375660,404046,28386,26067834000,28018681300,1950847300,KRX MDCSTAT02401_OUT
recent2,KOSDAQ150,foreign,084370,유진테크,92282,105366,13084,12834056750,14651304600,1817247850,KRX MDCSTAT02401_OUT
recent2,KOSDAQ150,foreign,141080,리가켐바이오,165596,186735,21139,13597069600,15327113200,1730043600,KRX MDCSTAT02401_OUT
recent2,KOSDAQ150,foreign,253590,네오셈,452165,585140,132975,5777080290,7440619895,1663539605,KRX MDCSTAT02401_OUT
recent2,KOSDAQ150,foreign,475830,오름테라퓨틱,850339,879288,28949,23380015750,24560383975,1180368225,KRX MDCSTAT02401_OUT
recent2,KOSDAQ150,foreign,033100,제룡전기,56723,80364,23641,2716963575,3856295200,1139331625,KRX MDCSTAT02401_OUT
recent2,KOSDAQ150,foreign,241710,코스메카코리아,27953,36786,8833,3688941050,4808910300,1119969250,KRX MDCSTAT02401_OUT
recent2,KOSDAQ150,foreign,007390,네이처셀,76506,119606,43100,1884118075,2953864825,1069746750,KRX MDCSTAT02401_OUT
recent2,KOSDAQ150,foreign,005290,동진쎄미켐,127313,146917,19604,5314051125,6155558100,841506975,KRX MDCSTAT02401_OUT
recent2,KOSDAQ150,foreign,074600,원익QnC,78689,103529,24840,2212813700,2915498800,702685100,KRX MDCSTAT02401_OUT
recent2,KOSDAQ150,foreign,090360,로보스타,37188,45892,8704,2924013450,3608490200,684476750,KRX MDCSTAT02401_OUT
recent2,KOSDAQ150,foreign,348210,넥스틴,28991,49515,20524,942472975,1608331850,665858875,KRX MDCSTAT02401_OUT
recent2,KOSDAQ150,foreign,052400,코나아이,11891,28828,16937,450544900,1093030400,642485500,KRX MDCSTAT02401_OUT
recent2,KOSDAQ150,foreign,036830,솔브레인홀딩스,150004,163309,13305,6104195825,6639971000,535775175,KRX MDCSTAT02401_OUT
recent2,KOSDAQ150,foreign,388720,유일로보틱스,7915,15288,7373,551061000,1060591600,509530600,KRX MDCSTAT02401_OUT
recent2,KOSDAQ150,foreign,403870,HPSP,662746,672779,10033,35860305300,36342657100,482351800,KRX MDCSTAT02401_OUT
recent2,KOSDAQ150,foreign,195940,HK이노엔,74765,85282,10517,2902471750,3304789700,402317950,KRX MDCSTAT02401_OUT
recent2,KOSDAQ150,foreign,466100,클로봇,165508,179562,14054,3864052775,4197917575,333864800,KRX MDCSTAT02401_OUT
recent2,KOSDAQ150,foreign,048410,현대바이오,530931,568275,37344,3642034530,3895963875,253929345,KRX MDCSTAT02401_OUT
recent2,KOSDAQ150,foreign,445680,큐리옥스바이오시스템즈,78975,83574,4599,3656549100,3907805625,251256525,KRX MDCSTAT02401_OUT
recent2,KOSDAQ150,foreign,194480,데브시스터즈,14864,24899,10035,213125490,356645050,143519560,KRX MDCSTAT02401_OUT
recent2,KOSDAQ150,foreign,0009K0,에임드바이오,244712,249979,5267,5325829125,5430342000,104512875,KRX MDCSTAT02401_OUT
recent2,KOSDAQ150,foreign,358570,지아이이노베이션,331068,341110,10042,3119265290,3216113570,96848280,KRX MDCSTAT02401_OUT
recent2,KOSDAQ150,foreign,101730,위메이드맥스,295258,309669,14411,1440777870,1506581025,65803155,KRX MDCSTAT02401_OUT
recent2,KOSDAQ150,foreign,032190,다우데이타,30832,33218,2386,617326680,666854220,49527540,KRX MDCSTAT02401_OUT
recent2,KOSDAQ150,foreign,348370,엔켐,157211,158355,1144,3198585490,3217391420,18805930,KRX MDCSTAT02401_OUT
recent2,KOSDAQ150,foreign,124500,아이티센글로벌,95664,96435,771,2879831025,2897511375,17680350,KRX MDCSTAT02401_OUT
recent2,KOSDAQ150,foreign,067160,SOOP,55843,56233,390,2062609326,2077151801,14542475,KRX MDCSTAT02401_OUT
recent2,KOSDAQ150,foreign,215200,메가스터디교육,25847,26054,207,913847300,923178475,9331175,KRX MDCSTAT02401_OUT
recent2,KOSDAQ150,foreign,213420,덕산네오룩스,132197,132072,-125,3903424675,3900116300,-3308375,KRX MDCSTAT02401_OUT
recent2,KOSDAQ150,foreign,352480,씨앤씨인터내셔널,7456,6937,-519,166136250,153705425,-12430825,KRX MDCSTAT02401_OUT
recent2,KOSDAQ150,foreign,161580,필옵틱스,93347,92447,-900,2963206000,2929138925,-34067075,KRX MDCSTAT02401_OUT
recent2,KOSDAQ150,foreign,069080,웹젠,252620,244319,-8301,2791691655,2698904150,-92787505,KRX MDCSTAT02401_OUT
recent2,KOSDAQ150,foreign,025900,동화기업,26276,9832,-16444,180110890,67192890,-112918000,KRX MDCSTAT02401_OUT
recent2,KOSDAQ150,foreign,078340,컴투스,80499,76940,-3559,2740725450,2617195625,-123529825,KRX MDCSTAT02401_OUT
recent2,KOSDAQ150,foreign,009520,포스코엠텍,74472,62343,-12129,943350275,792592310,-150757965,KRX MDCSTAT02401_OUT
recent2,KOSDAQ150,foreign,214370,케어젠,54697,50765,-3932,2197438950,2041435625,-156003325,KRX MDCSTAT02401_OUT
recent2,KOSDAQ150,foreign,015750,성우하이텍,187686,158457,-29229,1114953735,946427425,-168526310,KRX MDCSTAT02401_OUT
recent2,KOSDAQ150,foreign,025320,시노펙스,250845,201614,-49231,963460612,775942200,-187518412,KRX MDCSTAT02401_OUT
recent2,KOSDAQ150,foreign,137400,피엔티,83522,76637,-6885,2417238750,2220890450,-196348300,KRX MDCSTAT02401_OUT
recent2,KOSDAQ150,foreign,025980,아난티,706038,664872,-41166,3660827190,3446814800,-214012390,KRX MDCSTAT02401_OUT
recent2,KOSDAQ150,foreign,272290,이녹스첨단소재,55954,45274,-10680,1150735475,934276400,-216459075,KRX MDCSTAT02401_OUT
recent2,KOSDAQ150,foreign,171090,선익시스템,16465,12847,-3618,1173190950,923083400,-250107550,KRX MDCSTAT02401_OUT
recent2,KOSDAQ150,foreign,036620,감성코퍼레이션,133890,58416,-75474,499312546,217761540,-281551006,KRX MDCSTAT02401_OUT
recent2,KOSDAQ150,foreign,278280,천보,34668,26530,-8138,1261290225,962592575,-298697650,KRX MDCSTAT02401_OUT
recent2,KOSDAQ150,foreign,082270,젬백스,162126,130096,-32030,1653621325,1347635710,-305985615,KRX MDCSTAT02401_OUT
recent2,KOSDAQ150,foreign,376300,디어유,38795,19983,-18812,664800855,343086590,-321714265,KRX MDCSTAT02401_OUT
recent2,KOSDAQ150,foreign,085660,차바이오텍,317915,273075,-44840,2504497630,2157755810,-346741820,KRX MDCSTAT02401_OUT
recent2,KOSDAQ150,foreign,030520,한컴,74646,50136,-24510,1264256940,853023330,-411233610,KRX MDCSTAT02401_OUT
recent2,KOSDAQ150,foreign,095660,네오위즈,54639,31295,-23344,963400570,551163580,-412236990,KRX MDCSTAT02401_OUT
recent2,KOSDAQ150,foreign,293490,카카오게임즈,263758,215191,-48567,2419438775,1968942400,-450496375,KRX MDCSTAT02401_OUT
recent2,KOSDAQ150,foreign,140860,파크시스템스,17483,15622,-1861,4429389000,3956188500,-473200500,KRX MDCSTAT02401_OUT
recent2,KOSDAQ150,foreign,006730,서부T&D,120885,78404,-42481,1341831965,868181060,-473650905,KRX MDCSTAT02401_OUT
recent2,KOSDAQ150,foreign,323280,태성,115791,104968,-10823,5244736175,4767745375,-476990800,KRX MDCSTAT02401_OUT
recent2,KOSDAQ150,foreign,042000,카페24,74530,42747,-31783,1125497845,646675615,-478822230,KRX MDCSTAT02401_OUT
recent2,KOSDAQ150,foreign,214430,아이쓰리시스템,15591,8009,-7582,990331900,507778000,-482553900,KRX MDCSTAT02401_OUT
recent2,KOSDAQ150,foreign,038500,삼표시멘트,182405,110484,-71921,1241152050,754711135,-486440915,KRX MDCSTAT02401_OUT
recent2,KOSDAQ150,foreign,290650,엘앤씨바이오,137504,126674,-10830,6345889875,5858127200,-487762675,KRX MDCSTAT02401_OUT
recent2,KOSDAQ150,foreign,035760,CJ ENM,79796,64903,-14893,2951397900,2397516750,-553881150,KRX MDCSTAT02401_OUT
recent2,KOSDAQ150,foreign,087010,펩트론,78298,74655,-3643,12208604050,11645423700,-563180350,KRX MDCSTAT02401_OUT
recent2,KOSDAQ150,foreign,112040,위메이드,145343,105396,-39947,2187033465,1588188905,-598844560,KRX MDCSTAT02401_OUT
recent2,KOSDAQ150,foreign,211050,인카금융서비스,89517,27557,-61960,927483770,282900600,-644583170,KRX MDCSTAT02401_OUT
recent2,KOSDAQ150,foreign,253450,스튜디오드래곤,72307,41429,-30878,1515347075,866896400,-648450675,KRX MDCSTAT02401_OUT
recent2,KOSDAQ150,foreign,399720,가온칩스,109861,94159,-15702,4798754025,4108206425,-690547600,KRX MDCSTAT02401_OUT
recent2,KOSDAQ150,foreign,100790,미래에셋벤처투자,490290,440572,-49718,8514761110,7754903620,-759857490,KRX MDCSTAT02401_OUT
recent2,KOSDAQ150,foreign,101490,에스앤에스텍,138379,119743,-18636,5834191300,5061577500,-772613800,KRX MDCSTAT02401_OUT
recent2,KOSDAQ150,foreign,033500,동성화인텍,65093,17733,-47360,1072432780,293129750,-779303030,KRX MDCSTAT02401_OUT
recent2,KOSDAQ150,foreign,060250,NHN KCP,197531,137373,-60158,2614531880,1817394825,-797137055,KRX MDCSTAT02401_OUT
recent2,KOSDAQ150,foreign,036810,에프에스티,163511,132775,-30736,4675994225,3849515700,-826478525,KRX MDCSTAT02401_OUT
recent2,KOSDAQ150,foreign,060280,큐렉소,268776,153478,-115298,2205665240,1257490195,-948175045,KRX MDCSTAT02401_OUT
recent2,KOSDAQ150,foreign,003380,하림지주,323225,227226,-95999,3564031890,2503874780,-1060157110,KRX MDCSTAT02401_OUT
recent2,KOSDAQ150,foreign,065350,신성델타테크,156856,121463,-35393,4869944850,3780356300,-1089588550,KRX MDCSTAT02401_OUT
recent2,KOSDAQ150,foreign,281740,레이크머티리얼즈,261383,149153,-112230,2805585855,1601047915,-1204537940,KRX MDCSTAT02401_OUT
recent2,KOSDAQ150,foreign,018290,브이티,144418,39930,-104488,1682487690,466339670,-1216148020,KRX MDCSTAT02401_OUT
recent2,KOSDAQ150,foreign,032500,케이엠더블유,426343,368320,-58023,8275329515,7038981215,-1236348300,KRX MDCSTAT02401_OUT
recent2,KOSDAQ150,foreign,125490,한라캐스트,2674704,2572458,-102246,33310303585,32069693085,-1240610500,KRX MDCSTAT02401_OUT
recent2,KOSDAQ150,foreign,082920,비츠로셀,1095285,1049006,-46279,32157040700,30804062350,-1352978350,KRX MDCSTAT02401_OUT
recent2,KOSDAQ150,foreign,251970,펌텍코리아,52496,30791,-21705,3247582000,1856595500,-1390986500,KRX MDCSTAT02401_OUT
recent2,KOSDAQ150,foreign,225570,넥슨게임즈,180982,50250,-130732,2006641955,555661380,-1450980575,KRX MDCSTAT02401_OUT
recent2,KOSDAQ150,foreign,068760,셀트리온제약,391302,353713,-37589,15253749500,13801448725,-1452300775,KRX MDCSTAT02401_OUT
recent2,KOSDAQ150,foreign,014620,성광벤드,151870,100251,-51619,4975903525,3304863475,-1671040050,KRX MDCSTAT02401_OUT
recent2,KOSDAQ150,foreign,039200,오스코텍,133896,87948,-45948,4906397525,3231650925,-1674746600,KRX MDCSTAT02401_OUT
recent2,KOSDAQ150,foreign,056080,유진로봇,548848,399748,-149100,6859824385,5015816735,-1844007650,KRX MDCSTAT02401_OUT
recent2,KOSDAQ150,foreign,263750,펄어비스,288858,235320,-53538,10028054500,8165860350,-1862194150,KRX MDCSTAT02401_OUT
recent2,KOSDAQ150,foreign,099320,쎄트렉아이,53829,27851,-25978,4170300300,2154089800,-2016210500,KRX MDCSTAT02401_OUT
recent2,KOSDAQ150,foreign,166090,하나머티리얼즈,89837,53378,-36459,5046241000,3010274550,-2035966450,KRX MDCSTAT02401_OUT
recent2,KOSDAQ150,foreign,056190,SFA,175476,100383,-75093,4973299150,2844870800,-2128428350,KRX MDCSTAT02401_OUT
recent2,KOSDAQ150,foreign,030530,원익홀딩스,945406,865477,-79929,24942410175,22780993325,-2161416850,KRX MDCSTAT02401_OUT
recent2,KOSDAQ150,foreign,183300,코미코,1142166,1070903,-71263,35228191375,33048322800,-2179868575,KRX MDCSTAT02401_OUT
recent2,KOSDAQ150,foreign,189300,인텔리안테크,64857,31144,-33713,4455185550,2134569000,-2320616550,KRX MDCSTAT02401_OUT
recent2,KOSDAQ150,foreign,000250,삼천당제약,45048,30540,-14508,7238157150,4912229600,-2325927550,KRX MDCSTAT02401_OUT
recent2,KOSDAQ150,foreign,214150,클래시스,350753,273753,-77000,10945784925,8550597500,-2395187425,KRX MDCSTAT02401_OUT
recent2,KOSDAQ150,foreign,122870,와이지엔터테인먼트,104785,47030,-57755,4575132150,2054114050,-2521018100,KRX MDCSTAT02401_OUT
recent2,KOSDAQ150,foreign,078600,대주전자재료,75502,47108,-28394,6655621950,4132327000,-2523294950,KRX MDCSTAT02401_OUT
recent2,KOSDAQ150,foreign,035900,JYP Ent.,184724,111171,-73553,7113369825,4275513425,-2837856400,KRX MDCSTAT02401_OUT
recent2,KOSDAQ150,foreign,121600,나노신소재,97873,42266,-55607,5110458100,2223434300,-2887023800,KRX MDCSTAT02401_OUT
recent2,KOSDAQ150,foreign,420770,기가비스,285814,258991,-26823,31804099150,28741943600,-3062155550,KRX MDCSTAT02401_OUT
recent2,KOSDAQ150,foreign,310210,보로노이,115378,88533,-26845,16309112650,12890831100,-3418281550,KRX MDCSTAT02401_OUT
recent2,KOSDAQ150,foreign,237690,에스티팜,92668,54153,-38515,8556456250,4990362350,-3566093900,KRX MDCSTAT02401_OUT
recent2,KOSDAQ150,foreign,178320,서진시스템,882709,769770,-112939,29623587050,25869454025,-3754133025,KRX MDCSTAT02401_OUT
recent2,KOSDAQ150,foreign,041190,우리기술투자,3533209,2812062,-721147,20820477055,16685630805,-4134846250,KRX MDCSTAT02401_OUT
recent2,KOSDAQ150,foreign,095340,ISC,105343,83778,-21565,20251697600,16074431250,-4177266350,KRX MDCSTAT02401_OUT
recent2,KOSDAQ150,foreign,041510,에스엠,156977,100190,-56787,12874876650,8182669800,-4692206850,KRX MDCSTAT02401_OUT
recent2,KOSDAQ150,foreign,050890,쏠리드,1874077,1372909,-501168,18286400490,13519770885,-4766629605,KRX MDCSTAT02401_OUT
recent2,KOSDAQ150,foreign,032820,우리기술,3299923,2937448,-362475,45808890335,40988535140,-4820355195,KRX MDCSTAT02401_OUT
recent2,KOSDAQ150,foreign,295310,에이치브이엠,124761,42892,-81869,7460910050,2572740650,-4888169400,KRX MDCSTAT02401_OUT
recent2,KOSDAQ150,foreign,328130,루닛,1559977,1008609,-551368,14676171830,9576178150,-5099993680,KRX MDCSTAT02401_OUT
recent2,KOSDAQ150,foreign,089970,브이엠,1134379,1038484,-95895,62261388550,57046253850,-5215134700,KRX MDCSTAT02401_OUT
recent2,KOSDAQ150,foreign,083650,비에이치아이,321846,223871,-97975,20333046100,14214468600,-6118577500,KRX MDCSTAT02401_OUT
recent2,KOSDAQ150,foreign,222800,심텍,319312,259740,-59572,40580850950,33379130800,-7201720150,KRX MDCSTAT02401_OUT
recent2,KOSDAQ150,foreign,196170,알테오젠,157481,127325,-30156,40114164500,32453951000,-7660213500,KRX MDCSTAT02401_OUT
recent2,KOSDAQ150,foreign,417200,LS머트리얼즈,1447801,861750,-586051,19699337965,11748689880,-7950648085,KRX MDCSTAT02401_OUT
recent2,KOSDAQ150,foreign,036930,주성엔지니어링,516918,469002,-47916,106354278750,96695127500,-9659151250,KRX MDCSTAT02401_OUT
recent2,KOSDAQ150,foreign,145020,휴젤,151647,106926,-44721,32596564121,22803364621,-9793199500,KRX MDCSTAT02401_OUT
recent2,KOSDAQ150,foreign,098460,고영,1016812,663178,-353634,28724852675,18920968175,-9803884500,KRX MDCSTAT02401_OUT
recent2,KOSDAQ150,foreign,131290,티에스이,86337,44500,-41837,21776524750,11448545000,-10327979750,KRX MDCSTAT02401_OUT
recent2,KOSDAQ150,foreign,043260,성호전자,4449920,4080239,-369681,114736597925,104264960450,-10471637475,KRX MDCSTAT02401_OUT
recent2,KOSDAQ150,foreign,131970,두산테스나,452080,329144,-122936,40645089950,29223519050,-11421570900,KRX MDCSTAT02401_OUT
recent2,KOSDAQ150,foreign,086520,에코프로,458292,272086,-186206,37103448550,21910961950,-15192486600,KRX MDCSTAT02401_OUT
recent2,KOSDAQ150,foreign,319400,현대무벡스,3281757,2545714,-736043,73379972293,57333099743,-16046872550,KRX MDCSTAT02401_OUT
recent2,KOSDAQ150,foreign,028300,HLB,1686472,957539,-728933,52180103375,29665497600,-22514605775,KRX MDCSTAT02401_OUT
recent2,KOSDAQ150,foreign,218410,RFHIC,1026183,607311,-418872,62260772150,36115719200,-26145052950,KRX MDCSTAT02401_OUT
recent2,KOSDAQ150,institution,131970,두산테스나,105609,253825,148216,9581815650,22677461900,13095646250,KRX MDCSTAT02401_OUT
recent2,KOSDAQ150,institution,067310,하나마이크론,216660,505455,288795,9130547950,21451844350,12321296400,KRX MDCSTAT02401_OUT
recent2,KOSDAQ150,institution,240810,원익IPS,271240,344250,73010,34035270150,43473250750,9437980600,KRX MDCSTAT02401_OUT
recent2,KOSDAQ150,institution,218410,RFHIC,349049,495660,146611,20937070650,29657895750,8720825100,KRX MDCSTAT02401_OUT
recent2,KOSDAQ150,institution,183300,코미코,131237,397369,266132,4054971425,12368549075,8313577650,KRX MDCSTAT02401_OUT
recent2,KOSDAQ150,institution,095340,ISC,37944,79185,41241,7346837300,15584495750,8237658450,KRX MDCSTAT02401_OUT
recent2,KOSDAQ150,institution,420770,기가비스,50295,109000,58705,5484745600,11989903000,6505157400,KRX MDCSTAT02401_OUT
recent2,KOSDAQ150,institution,417200,LS머트리얼즈,232550,590601,358051,3165025235,8050683525,4885658290,KRX MDCSTAT02401_OUT
recent2,KOSDAQ150,institution,131290,티에스이,13364,26148,12784,3404305000,6718648500,3314343500,KRX MDCSTAT02401_OUT
recent2,KOSDAQ150,institution,121600,나노신소재,20210,82445,62235,1052471400,4312869250,3260397850,KRX MDCSTAT02401_OUT
recent2,KOSDAQ150,institution,089970,브이엠,154365,209060,54695,8418238750,11411543900,2993305150,KRX MDCSTAT02401_OUT
recent2,KOSDAQ150,institution,437730,삼현,123641,176235,52594,6675865550,9455498775,2779633225,KRX MDCSTAT02401_OUT
recent2,KOSDAQ150,institution,053800,안랩,4170,44141,39971,283690800,3004138950,2720448150,KRX MDCSTAT02401_OUT
recent2,KOSDAQ150,institution,036540,SFA반도체,3840207,4155773,315566,39638488820,42150008860,2511520040,KRX MDCSTAT02401_OUT
recent2,KOSDAQ150,institution,056190,SFA,41115,129251,88136,1170054450,3665440850,2495386400,KRX MDCSTAT02401_OUT
recent2,KOSDAQ150,institution,403870,HPSP,309432,352770,43338,16679588850,19101766950,2422178100,KRX MDCSTAT02401_OUT
recent2,KOSDAQ150,institution,166090,하나머티리얼즈,44670,86674,42004,2510062750,4857701200,2347638450,KRX MDCSTAT02401_OUT
recent2,KOSDAQ150,institution,056080,유진로봇,41549,222502,180953,519875835,2810454055,2290578220,KRX MDCSTAT02401_OUT
recent2,KOSDAQ150,institution,039030,이오테크닉스,46773,51041,4268,21769049500,23953142500,2184093000,KRX MDCSTAT02401_OUT
recent2,KOSDAQ150,institution,263750,펄어비스,70932,131119,60187,2453518975,4550188175,2096669200,KRX MDCSTAT02401_OUT
recent2,KOSDAQ150,institution,036810,에프에스티,4120,72226,68106,114660950,2155930850,2041269900,KRX MDCSTAT02401_OUT
recent2,KOSDAQ150,institution,035900,JYP Ent.,29947,77417,47470,1150114950,2985724175,1835609225,KRX MDCSTAT02401_OUT
recent2,KOSDAQ150,institution,295310,에이치브이엠,21846,51976,30130,1306415700,3111634350,1805218650,KRX MDCSTAT02401_OUT
recent2,KOSDAQ150,institution,251970,펌텍코리아,40787,66902,26115,2457670450,4125883900,1668213450,KRX MDCSTAT02401_OUT
recent2,KOSDAQ150,institution,043260,성호전자,2394632,2461898,67266,61541975100,63062972875,1520997775,KRX MDCSTAT02401_OUT
recent2,KOSDAQ150,institution,232140,와이씨,234903,343074,108171,3260578935,4743769140,1483190205,KRX MDCSTAT02401_OUT
recent2,KOSDAQ150,institution,225570,넥슨게임즈,34249,166495,132246,376071870,1844025180,1467953310,KRX MDCSTAT02401_OUT
recent2,KOSDAQ150,institution,328130,루닛,54122,197567,143445,493165135,1943188250,1450023115,KRX MDCSTAT02401_OUT
recent2,KOSDAQ150,institution,082920,비츠로셀,72516,113130,40614,2122948225,3320351025,1197402800,KRX MDCSTAT02401_OUT
recent2,KOSDAQ150,institution,014620,성광벤드,46574,79141,32567,1522122200,2587872625,1065750425,KRX MDCSTAT02401_OUT
recent2,KOSDAQ150,institution,039200,오스코텍,27773,55895,28122,1012780350,2045057550,1032277200,KRX MDCSTAT02401_OUT
recent2,KOSDAQ150,institution,241710,코스메카코리아,18846,26006,7160,2464653600,3438197150,973543550,KRX MDCSTAT02401_OUT
recent2,KOSDAQ150,institution,005290,동진쎄미켐,59561,82592,23031,2487979100,3446199275,958220175,KRX MDCSTAT02401_OUT
recent2,KOSDAQ150,institution,196170,알테오젠,79055,82642,3587,20184836500,21126905250,942068750,KRX MDCSTAT02401_OUT
recent2,KOSDAQ150,institution,125490,한라캐스트,30820,103093,72273,375550265,1282979525,907429260,KRX MDCSTAT02401_OUT
recent2,KOSDAQ150,institution,087010,펩트론,14664,19814,5150,2297689800,3089960600,792270800,KRX MDCSTAT02401_OUT
recent2,KOSDAQ150,institution,215200,메가스터디교육,4731,25201,20470,167563550,897702575,730139025,KRX MDCSTAT02401_OUT
recent2,KOSDAQ150,institution,041510,에스엠,37923,46350,8427,3136368700,3864069000,727700300,KRX MDCSTAT02401_OUT
recent2,KOSDAQ150,institution,096530,씨젠,42973,64204,21231,1463138425,2180959850,717821425,KRX MDCSTAT02401_OUT
recent2,KOSDAQ150,institution,030530,원익홀딩스,16984,42708,25724,446855700,1120436800,673581100,KRX MDCSTAT02401_OUT
recent2,KOSDAQ150,institution,211050,인카금융서비스,30646,91540,60894,312661865,948469460,635807595,KRX MDCSTAT02401_OUT
recent2,KOSDAQ150,institution,095610,테스,59024,62585,3561,8448450500,9076868500,628418000,KRX MDCSTAT02401_OUT
recent2,KOSDAQ150,institution,253590,네오셈,5573,52230,46657,69889510,674974805,605085295,KRX MDCSTAT02401_OUT
recent2,KOSDAQ150,institution,041190,우리기술투자,14910,123208,108298,85029805,685970225,600940420,KRX MDCSTAT02401_OUT
recent2,KOSDAQ150,institution,000250,삼천당제약,27294,30441,3147,4408083450,4921157450,513074000,KRX MDCSTAT02401_OUT
recent2,KOSDAQ150,institution,003380,하림지주,83731,126584,42853,924303400,1397021645,472718245,KRX MDCSTAT02401_OUT
recent2,KOSDAQ150,institution,032820,우리기술,132884,162470,29586,1824569490,2231467670,406898180,KRX MDCSTAT02401_OUT
recent2,KOSDAQ150,institution,222800,심텍,123692,125396,1704,15778958100,16080019300,301061200,KRX MDCSTAT02401_OUT
recent2,KOSDAQ150,institution,007390,네이처셀,25594,35664,10070,630692750,881929350,251236600,KRX MDCSTAT02401_OUT
recent2,KOSDAQ150,institution,038500,삼표시멘트,35963,68204,32241,244614110,466472070,221857960,KRX MDCSTAT02401_OUT
recent2,KOSDAQ150,institution,101490,에스앤에스텍,15453,20149,4696,658373025,868516200,210143175,KRX MDCSTAT02401_OUT
recent2,KOSDAQ150,institution,032500,케이엠더블유,23858,34035,10177,455770950,651202820,195431870,KRX MDCSTAT02401_OUT
recent2,KOSDAQ150,institution,068760,셀트리온제약,22246,27173,4927,868521250,1061120550,192599300,KRX MDCSTAT02401_OUT
recent2,KOSDAQ150,institution,352480,씨앤씨인터내셔널,1873,10252,8379,41258950,229107450,187848500,KRX MDCSTAT02401_OUT
recent2,KOSDAQ150,institution,050890,쏠리드,33417,49415,15998,326319305,479728960,153409655,KRX MDCSTAT02401_OUT
recent2,KOSDAQ150,institution,137400,피엔티,23160,28123,4963,670873125,815748775,144875650,KRX MDCSTAT02401_OUT
recent2,KOSDAQ150,institution,078340,컴투스,25899,29874,3975,882528425,1022636575,140108150,KRX MDCSTAT02401_OUT
recent2,KOSDAQ150,institution,348370,엔켐,20210,26797,6587,407363540,542181330,134817790,KRX MDCSTAT02401_OUT
recent2,KOSDAQ150,institution,090710,휴림로봇,32849,52742,19893,210507980,340498115,129990135,KRX MDCSTAT02401_OUT
recent2,KOSDAQ150,institution,082270,젬백스,11190,22643,11453,116316055,235892115,119576060,KRX MDCSTAT02401_OUT
recent2,KOSDAQ150,institution,048410,현대바이오,134424,150666,16242,922580600,1041306770,118726170,KRX MDCSTAT02401_OUT
recent2,KOSDAQ150,institution,095660,네오위즈,10528,17103,6575,188590140,306052560,117462420,KRX MDCSTAT02401_OUT
recent2,KOSDAQ150,institution,060280,큐렉소,7921,21630,13709,63510595,173750270,110239675,KRX MDCSTAT02401_OUT
recent2,KOSDAQ150,institution,445680,큐리옥스바이오시스템즈,3868,5742,1874,179865050,271622600,91757550,KRX MDCSTAT02401_OUT
recent2,KOSDAQ150,institution,112040,위메이드,34009,39606,5597,514941430,599681190,84739760,KRX MDCSTAT02401_OUT
recent2,KOSDAQ150,institution,085660,차바이오텍,26109,36266,10157,205315500,287153820,81838320,KRX MDCSTAT02401_OUT
recent2,KOSDAQ150,institution,189300,인텔리안테크,12610,13741,1131,865767200,942928500,77161300,KRX MDCSTAT02401_OUT
recent2,KOSDAQ150,institution,171090,선익시스템,6861,7898,1037,489953800,566176250,76222450,KRX MDCSTAT02401_OUT
recent2,KOSDAQ150,institution,025980,아난티,15174,29195,14021,78598305,151981105,73382800,KRX MDCSTAT02401_OUT
recent2,KOSDAQ150,institution,214430,아이쓰리시스템,1662,2520,858,104724400,161401600,56677200,KRX MDCSTAT02401_OUT
recent2,KOSDAQ150,institution,036830,솔브레인홀딩스,14510,15183,673,591259300,618584150,27324850,KRX MDCSTAT02401_OUT
recent2,KOSDAQ150,institution,376300,디어유,3499,5053,1554,59888675,86809790,26921115,KRX MDCSTAT02401_OUT
recent2,KOSDAQ150,institution,069080,웹젠,26146,28181,2035,290426070,313302550,22876480,KRX MDCSTAT02401_OUT
recent2,KOSDAQ150,institution,025320,시노펙스,17169,22197,5028,65838365,85027940,19189575,KRX MDCSTAT02401_OUT
recent2,KOSDAQ150,institution,036620,감성코퍼레이션,24843,29802,4959,92362542,111467657,19105115,KRX MDCSTAT02401_OUT
recent2,KOSDAQ150,institution,161580,필옵틱스,5474,5800,326,172685400,184436575,11751175,KRX MDCSTAT02401_OUT
recent2,KOSDAQ150,institution,099320,쎄트렉아이,4460,4529,69,342535900,350566000,8030100,KRX MDCSTAT02401_OUT
recent2,KOSDAQ150,institution,101730,위메이드맥스,5856,7178,1322,28049355,34968020,6918665,KRX MDCSTAT02401_OUT
recent2,KOSDAQ150,institution,033500,동성화인텍,5095,5494,399,84230785,90619960,6389175,KRX MDCSTAT02401_OUT
recent2,KOSDAQ150,institution,214370,케어젠,14134,14290,156,569692975,575890200,6197225,KRX MDCSTAT02401_OUT
recent2,KOSDAQ150,institution,358570,지아이이노베이션,39188,40108,920,371274090,377228415,5954325,KRX MDCSTAT02401_OUT
recent2,KOSDAQ150,institution,015750,성우하이텍,18193,18635,442,108404030,110494230,2090200,KRX MDCSTAT02401_OUT
recent2,KOSDAQ150,institution,281740,레이크머티리얼즈,33658,33635,-23,360243880,361318030,1074150,KRX MDCSTAT02401_OUT
recent2,KOSDAQ150,institution,348210,넥스틴,13683,13238,-445,444362600,429205150,-15157450,KRX MDCSTAT02401_OUT
recent2,KOSDAQ150,institution,253450,스튜디오드래곤,21032,20198,-834,437945325,422540925,-15404400,KRX MDCSTAT02401_OUT
recent2,KOSDAQ150,institution,025900,동화기업,10333,7236,-3097,70209920,49276180,-20933740,KRX MDCSTAT02401_OUT
recent2,KOSDAQ150,institution,065350,신성델타테크,9566,8599,-967,296666300,266230650,-30435650,KRX MDCSTAT02401_OUT
recent2,KOSDAQ150,institution,006730,서부T&D,38273,35155,-3118,425141730,390424970,-34716760,KRX MDCSTAT02401_OUT
recent2,KOSDAQ150,institution,067160,SOOP,7351,6297,-1054,271552450,232687200,-38865250,KRX MDCSTAT02401_OUT
recent2,KOSDAQ150,institution,018290,브이티,9603,6225,-3378,111749770,71944370,-39805400,KRX MDCSTAT02401_OUT
recent2,KOSDAQ150,institution,060250,NHN KCP,11992,8941,-3051,159057245,118520260,-40536985,KRX MDCSTAT02401_OUT
recent2,KOSDAQ150,institution,032190,다우데이타,11058,8470,-2588,221182240,169738650,-51443590,KRX MDCSTAT02401_OUT
recent2,KOSDAQ150,institution,272290,이녹스첨단소재,18593,16031,-2562,383538125,331553650,-51984475,KRX MDCSTAT02401_OUT
recent2,KOSDAQ150,institution,060370,LS마린솔루션,62551,61684,-867,2130011300,2071418250,-58593050,KRX MDCSTAT02401_OUT
recent2,KOSDAQ150,institution,042000,카페24,10473,5256,-5217,158122630,79866250,-78256380,KRX MDCSTAT02401_OUT
recent2,KOSDAQ150,institution,290650,엘앤씨바이오,11105,9291,-1814,509211150,429073550,-80137600,KRX MDCSTAT02401_OUT
recent2,KOSDAQ150,institution,030520,한컴,48174,42549,-5625,817560500,722359910,-95200590,KRX MDCSTAT02401_OUT
recent2,KOSDAQ150,institution,399720,가온칩스,12859,10118,-2741,562408425,439520475,-122887950,KRX MDCSTAT02401_OUT
recent2,KOSDAQ150,institution,009520,포스코엠텍,37394,25906,-11488,473337690,328931155,-144406535,KRX MDCSTAT02401_OUT
recent2,KOSDAQ150,institution,323280,태성,13333,9051,-4282,603136500,411568750,-191567750,KRX MDCSTAT02401_OUT
recent2,KOSDAQ150,institution,214150,클래시스,30418,23821,-6597,949161075,739276925,-209884150,KRX MDCSTAT02401_OUT
recent2,KOSDAQ150,institution,194480,데브시스터즈,32148,16540,-15608,459317480,237157860,-222159620,KRX MDCSTAT02401_OUT
recent2,KOSDAQ150,institution,100790,미래에셋벤처투자,25408,11780,-13628,435187475,204072370,-231115105,KRX MDCSTAT02401_OUT
recent2,KOSDAQ150,institution,466100,클로봇,20141,10023,-10118,469949850,234695825,-235254025,KRX MDCSTAT02401_OUT
recent2,KOSDAQ150,institution,0009K0,에임드바이오,35045,22942,-12103,758914150,498366600,-260547550,KRX MDCSTAT02401_OUT
recent2,KOSDAQ150,institution,074600,원익QnC,120723,111790,-8933,3413287975,3148130400,-265157575,KRX MDCSTAT02401_OUT
recent2,KOSDAQ150,institution,033100,제룡전기,14558,9001,-5557,698584175,426472050,-272112125,KRX MDCSTAT02401_OUT
recent2,KOSDAQ150,institution,278280,천보,10328,2538,-7790,370607400,91670225,-278937175,KRX MDCSTAT02401_OUT
recent2,KOSDAQ150,institution,388720,유일로보틱스,8074,2842,-5232,559503000,198036550,-361466450,KRX MDCSTAT02401_OUT
recent2,KOSDAQ150,institution,052400,코나아이,18402,5668,-12734,696961050,215155900,-481805150,KRX MDCSTAT02401_OUT
recent2,KOSDAQ150,institution,124500,아이티센글로벌,45613,27404,-18209,1340416325,807950550,-532465775,KRX MDCSTAT02401_OUT
recent2,KOSDAQ150,institution,035760,CJ ENM,40151,22206,-17945,1491578775,832825000,-658753775,KRX MDCSTAT02401_OUT
recent2,KOSDAQ150,institution,140860,파크시스템스,8119,5174,-2945,2056328250,1313042000,-743286250,KRX MDCSTAT02401_OUT
recent2,KOSDAQ150,institution,028300,HLB,159952,129675,-30277,4940561050,4088028000,-852533050,KRX MDCSTAT02401_OUT
recent2,KOSDAQ150,institution,293490,카카오게임즈,157432,51071,-106361,1437607935,468440170,-969167765,KRX MDCSTAT02401_OUT
recent2,KOSDAQ150,institution,098460,고영,138320,94817,-43503,3907073950,2673800975,-1233272975,KRX MDCSTAT02401_OUT
recent2,KOSDAQ150,institution,122870,와이지엔터테인먼트,69861,40803,-29058,3044366725,1778679350,-1265687375,KRX MDCSTAT02401_OUT
recent2,KOSDAQ150,institution,078600,대주전자재료,25372,10957,-14415,2231192050,964270400,-1266921650,KRX MDCSTAT02401_OUT
recent2,KOSDAQ150,institution,237690,에스티팜,34056,19643,-14413,3120543000,1807045800,-1313497200,KRX MDCSTAT02401_OUT
recent2,KOSDAQ150,institution,213420,덕산네오룩스,66367,20311,-46056,1965276150,600837450,-1364438700,KRX MDCSTAT02401_OUT
recent2,KOSDAQ150,institution,204270,제이앤티씨,74568,15309,-59259,1867728425,380927250,-1486801175,KRX MDCSTAT02401_OUT
recent2,KOSDAQ150,institution,084370,유진테크,63819,49440,-14379,8830464750,6879544250,-1950920500,KRX MDCSTAT02401_OUT
recent2,KOSDAQ150,institution,080220,제주반도체,90312,63486,-26826,6692735650,4714148950,-1978586700,KRX MDCSTAT02401_OUT
recent2,KOSDAQ150,institution,195940,HK이노엔,84093,30977,-53116,3249435875,1201486400,-2047949475,KRX MDCSTAT02401_OUT
recent2,KOSDAQ150,institution,277810,레인보우로보틱스,16194,11172,-5022,7024504500,4873686000,-2150818500,KRX MDCSTAT02401_OUT
recent2,KOSDAQ150,institution,064760,티씨케이,32657,24053,-8604,8714077500,6433821500,-2280256000,KRX MDCSTAT02401_OUT
recent2,KOSDAQ150,institution,141080,리가켐바이오,65719,35808,-29911,5386062100,2937771450,-2448290650,KRX MDCSTAT02401_OUT
recent2,KOSDAQ150,institution,058470,리노공업,302632,265417,-37215,20988081550,18389776650,-2598304900,KRX MDCSTAT02401_OUT
recent2,KOSDAQ150,institution,319400,현대무벡스,205706,86622,-119084,4597103775,1956462725,-2640641050,KRX MDCSTAT02401_OUT
recent2,KOSDAQ150,institution,178320,서진시스템,158312,69412,-88900,5266225050,2298484800,-2967740250,KRX MDCSTAT02401_OUT
recent2,KOSDAQ150,institution,310210,보로노이,63768,42787,-20981,9167960300,6101951850,-3066008450,KRX MDCSTAT02401_OUT
recent2,KOSDAQ150,institution,090360,로보스타,45221,3326,-41895,3549035000,261170000,-3287865000,KRX MDCSTAT02401_OUT
recent2,KOSDAQ150,institution,347850,디앤디파마텍,130310,26579,-103731,5837785850,1193688425,-4644097425,KRX MDCSTAT02401_OUT
recent2,KOSDAQ150,institution,226950,올릭스,156555,111963,-44592,17118223800,12396302500,-4721921300,KRX MDCSTAT02401_OUT
recent2,KOSDAQ150,institution,247540,에코프로비엠,125921,78660,-47261,13078830800,8184223550,-4894607250,KRX MDCSTAT02401_OUT
recent2,KOSDAQ150,institution,058610,에스피지,65661,12684,-52977,6529064800,1261221200,-5267843600,KRX MDCSTAT02401_OUT
recent2,KOSDAQ150,institution,031980,피에스케이홀딩스,66273,33709,-32564,11025782750,5646787600,-5378995150,KRX MDCSTAT02401_OUT
recent2,KOSDAQ150,institution,036930,주성엔지니어링,126057,98252,-27805,25925147000,20217029500,-5708117500,KRX MDCSTAT02401_OUT
recent2,KOSDAQ150,institution,089030,테크윙,276405,95491,-180914,12895278675,4526349800,-8368928875,KRX MDCSTAT02401_OUT
recent2,KOSDAQ150,institution,083650,비에이치아이,171303,32068,-139235,10705632100,2024409050,-8681223050,KRX MDCSTAT02401_OUT
recent2,KOSDAQ150,institution,145020,휴젤,53733,12953,-40780,11484687000,2779074500,-8705612500,KRX MDCSTAT02401_OUT
recent2,KOSDAQ150,institution,475830,오름테라퓨틱,765036,450265,-314771,20759827725,11925752775,-8834074950,KRX MDCSTAT02401_OUT
recent2,KOSDAQ150,institution,298380,에이비엘바이오,262482,52365,-210117,14510011050,2879220000,-11630791050,KRX MDCSTAT02401_OUT
recent2,KOSDAQ150,institution,257720,실리콘투,544806,161358,-383448,22369519325,6679562775,-15689956550,KRX MDCSTAT02401_OUT
recent2,KOSDAQ150,institution,214450,파마리서치,70918,20300,-50618,23156563000,6652314500,-16504248500,KRX MDCSTAT02401_OUT
recent2,KOSDAQ150,institution,086520,에코프로,420968,166566,-254402,33990805500,13467168400,-20523637100,KRX MDCSTAT02401_OUT
recent2,KOSDAQ150,institution,108490,로보티즈,129405,33481,-95924,39757418750,10310063750,-29447355000,KRX MDCSTAT02401_OUT
