period_type,universe,investor,code,name,sell_volume,buy_volume,net_volume,sell_value,buy_value,net_value,source
daily,KOSPI200,foreign,009150,삼성전기,215150,313016,97866,357924682569,520314364569,162389682000,KRX MDCSTAT02401_OUT
daily,KOSPI200,foreign,006400,삼성SDI,70955,250548,179593,39942091500,140992069500,101049978000,KRX MDCSTAT02401_OUT
daily,KOSPI200,foreign,066570,LG전자,280781,480665,199884,64784132000,110950013000,46165881000,KRX MDCSTAT02401_OUT
daily,KOSPI200,foreign,011070,LG이노텍,112354,184570,72216,70703133000,114469852000,43766719000,KRX MDCSTAT02401_OUT
daily,KOSPI200,foreign,007660,이수페타시스,425991,736668,310677,56162512600,97243017350,41080504750,KRX MDCSTAT02401_OUT
daily,KOSPI200,foreign,010120,LS ELECTRIC,82290,247936,165646,17592609750,53121314500,35528704750,KRX MDCSTAT02401_OUT
daily,KOSPI200,foreign,298040,효성중공업,13689,22755,9066,38273521500,63640452500,25366931000,KRX MDCSTAT02401_OUT
daily,KOSPI200,foreign,402340,SK스퀘어,360613,381316,20703,421193090318,445808185318,24615095000,KRX MDCSTAT02401_OUT
daily,KOSPI200,foreign,003670,포스코퓨처엠,109331,221664,112333,22038172100,44135177100,22097005000,KRX MDCSTAT02401_OUT
daily,KOSPI200,foreign,028260,삼성물산,118091,168807,50716,40605187250,58032510250,17427323000,KRX MDCSTAT02401_OUT
daily,KOSPI200,foreign,009830,한화솔루션,815491,1245517,430026,29795850000,45773238875,15977388875,KRX MDCSTAT02401_OUT
daily,KOSPI200,foreign,006260,LS,36298,79224,42926,10808557750,23584467500,12775909750,KRX MDCSTAT02401_OUT
daily,KOSPI200,foreign,051910,LG화학,44459,90518,46059,12175735250,24764201250,12588466000,KRX MDCSTAT02401_OUT
daily,KOSPI200,foreign,096770,SK이노베이션,276708,348732,72024,42404685900,53659567950,11254882050,KRX MDCSTAT02401_OUT
daily,KOSPI200,foreign,000150,두산,54231,60751,6520,79203506500,88657390000,9453883500,KRX MDCSTAT02401_OUT
daily,KOSPI200,foreign,064400,LG씨엔에스,94213,222556,128343,6942113314,16375597714,9433484400,KRX MDCSTAT02401_OUT
daily,KOSPI200,foreign,066970,엘앤에프,118259,192423,74164,14402204300,23496972500,9094768200,KRX MDCSTAT02401_OUT
daily,KOSPI200,foreign,047040,대우건설,768089,1236394,468305,13650518555,22026638805,8376120250,KRX MDCSTAT02401_OUT
daily,KOSPI200,foreign,161890,한국콜마,111068,169444,58376,15086191250,23018822700,7932631450,KRX MDCSTAT02401_OUT
daily,KOSPI200,foreign,052690,한전기술,49448,100916,51468,6284054200,12835036050,6550981850,KRX MDCSTAT02401_OUT
daily,KOSPI200,foreign,000720,현대건설,184129,236462,52333,20896712200,26875650950,5978938750,KRX MDCSTAT02401_OUT
daily,KOSPI200,foreign,483650,달바글로벌,16502,49833,33331,2993944100,8968324750,5974380650,KRX MDCSTAT02401_OUT
daily,KOSPI200,foreign,443060,HD현대마린솔루션,42831,66858,24027,9619617841,14956750841,5337133000,KRX MDCSTAT02401_OUT
daily,KOSPI200,foreign,003230,삼양식품,10658,15043,4385,12792762500,18020814000,5228051500,KRX MDCSTAT02401_OUT
daily,KOSPI200,foreign,086790,하나금융지주,297039,336575,39536,38240528300,43326682300,5086154000,KRX MDCSTAT02401_OUT
daily,KOSPI200,foreign,000810,삼성화재,60447,68425,7978,38179250500,43221526500,5042276000,KRX MDCSTAT02401_OUT
daily,KOSPI200,foreign,204320,HL만도,101900,206403,104503,4818143275,9785457050,4967313775,KRX MDCSTAT02401_OUT
daily,KOSPI200,foreign,323410,카카오뱅크,223381,457748,234367,4466230370,9151791650,4685561280,KRX MDCSTAT02401_OUT
daily,KOSPI200,foreign,004020,현대제철,255294,399046,143752,7664943525,11991142100,4326198575,KRX MDCSTAT02401_OUT
daily,KOSPI200,foreign,120110,코오롱인더,42314,115338,73024,2449904150,6722391950,4272487800,KRX MDCSTAT02401_OUT
daily,KOSPI200,foreign,454910,두산로보틱스,114214,170654,56440,8582511850,12835854100,4253342250,KRX MDCSTAT02401_OUT
daily,KOSPI200,foreign,278470,에이피알,210681,221587,10906,76157350878,80231088378,4073737500,KRX MDCSTAT02401_OUT
daily,KOSPI200,foreign,138930,BNK금융지주,256064,492845,236781,4092755255,7884516755,3791761500,KRX MDCSTAT02401_OUT
daily,KOSPI200,foreign,011200,HMM,281010,447253,166243,6007226440,9559619465,3552393025,KRX MDCSTAT02401_OUT
daily,KOSPI200,foreign,009540,HD한국조선해양,66479,77302,10823,21255547000,24672030750,3416483750,KRX MDCSTAT02401_OUT
daily,KOSPI200,foreign,047050,포스코인터내셔널,86674,144730,58056,4927695900,8261213650,3333517750,KRX MDCSTAT02401_OUT
daily,KOSPI200,foreign,034730,SK,50940,55559,4619,29570897000,32367226500,2796329500,KRX MDCSTAT02401_OUT
daily,KOSPI200,foreign,018260,삼성에스디에스,41271,53571,12300,9043420500,11725632000,2682211500,KRX MDCSTAT02401_OUT
daily,KOSPI200,foreign,000100,유한양행,76915,111511,34596,5840833200,8463230150,2622396950,KRX MDCSTAT02401_OUT
daily,KOSPI200,foreign,298020,효성티앤씨,14812,23936,9124,4259562500,6874725750,2615163250,KRX MDCSTAT02401_OUT
daily,KOSPI200,foreign,000990,DB하이텍,168284,187876,19592,23467804000,26043323050,2575519050,KRX MDCSTAT02401_OUT
daily,KOSPI200,foreign,001450,현대해상,138375,191026,52651,6486925250,8935949100,2449023850,KRX MDCSTAT02401_OUT
daily,KOSPI200,foreign,003490,대한항공,558607,628078,69471,17182239800,19347377900,2165138100,KRX MDCSTAT02401_OUT
daily,KOSPI200,foreign,000270,기아,340527,358681,18154,38384103750,40424838550,2040734800,KRX MDCSTAT02401_OUT
daily,KOSPI200,foreign,008930,한미사이언스,42226,77258,35032,2382927800,4381406450,1998478650,KRX MDCSTAT02401_OUT
daily,KOSPI200,foreign,022100,포스코DX,85074,177066,91992,1843491750,3839988275,1996496525,KRX MDCSTAT02401_OUT
daily,KOSPI200,foreign,078930,GS,159843,178145,18302,16576953050,18490437050,1913484000,KRX MDCSTAT02401_OUT
daily,KOSPI200,foreign,002380,KCC,6327,10118,3791,3011394000,4816267000,1804873000,KRX MDCSTAT02401_OUT
daily,KOSPI200,foreign,039490,키움증권,25320,32366,7046,6427617083,8215609333,1787992250,KRX MDCSTAT02401_OUT
daily,KOSPI200,foreign,352820,하이브,59255,70280,11025,9288394328,11037988878,1749594550,KRX MDCSTAT02401_OUT
daily,KOSPI200,foreign,005830,DB손해보험,94073,103420,9347,17179670054,18875700654,1696030600,KRX MDCSTAT02401_OUT
daily,KOSPI200,foreign,011780,금호석유화학,21746,34945,13199,2571548550,4135619350,1564070800,KRX MDCSTAT02401_OUT
daily,KOSPI200,foreign,329180,HD현대중공업,72955,76584,3629,30682065500,32200127750,1518062250,KRX MDCSTAT02401_OUT
daily,KOSPI200,foreign,021240,코웨이,125886,141012,15126,12622078600,14122943350,1500864750,KRX MDCSTAT02401_OUT
daily,KOSPI200,foreign,028050,삼성E&A,450248,480927,30679,21571862775,23058431225,1486568450,KRX MDCSTAT02401_OUT
daily,KOSPI200,foreign,271560,오리온,36958,49265,12307,3903466300,5205033400,1301567100,KRX MDCSTAT02401_OUT
daily,KOSPI200,foreign,086280,현대글로비스,37022,42067,5045,7426515400,8438310250,1011794850,KRX MDCSTAT02401_OUT
daily,KOSPI200,foreign,180640,한진칼,25732,32933,7201,3427868480,4381013130,953144650,KRX MDCSTAT02401_OUT
daily,KOSPI200,foreign,005850,에스엘,26262,43549,17287,1366581050,2260667800,894086750,KRX MDCSTAT02401_OUT
daily,KOSPI200,foreign,002790,아모레퍼시픽홀딩스,24054,58393,34339,603496300,1460113300,856617000,KRX MDCSTAT02401_OUT
daily,KOSPI200,foreign,259960,크래프톤,40843,44852,4009,8107448750,8911703700,804254950,KRX MDCSTAT02401_OUT
daily,KOSPI200,foreign,0126Z0,삼성에피스홀딩스,14342,16475,2133,5294134250,6084476250,790342000,KRX MDCSTAT02401_OUT
daily,KOSPI200,foreign,010130,고려아연,5676,6377,701,6235876100,7022127100,786251000,KRX MDCSTAT02401_OUT
daily,KOSPI200,foreign,175330,JB금융지주,180396,206834,26438,5153442200,5900227550,746785350,KRX MDCSTAT02401_OUT
daily,KOSPI200,foreign,111770,영원무역,59751,69730,9979,4026372650,4710158700,683786050,KRX MDCSTAT02401_OUT
daily,KOSPI200,foreign,097950,CJ제일제당,15667,19263,3596,2804221150,3451761250,647540100,KRX MDCSTAT02401_OUT
daily,KOSPI200,foreign,014680,한솔케미칼,23004,25326,2322,6356459000,6986888250,630429250,KRX MDCSTAT02401_OUT
daily,KOSPI200,foreign,307950,현대오토에버,9115,10695,1580,3546518500,4161239250,614720750,KRX MDCSTAT02401_OUT
daily,KOSPI200,foreign,011170,롯데케미칼,30612,40315,9703,1868668500,2462872750,594204250,KRX MDCSTAT02401_OUT
daily,KOSPI200,foreign,006280,녹십자,5826,10248,4422,744449700,1313072100,568622400,KRX MDCSTAT02401_OUT
daily,KOSPI200,foreign,006650,대한유화,13934,19952,6018,1270140200,1825806700,555666500,KRX MDCSTAT02401_OUT
daily,KOSPI200,foreign,377300,카카오페이,37464,50727,13263,1510196625,2046008475,535811850,KRX MDCSTAT02401_OUT
daily,KOSPI200,foreign,017800,현대엘리베이터,63435,70569,7134,4629600629,5151762029,522161400,KRX MDCSTAT02401_OUT
daily,KOSPI200,foreign,069960,현대백화점,36254,42077,5823,3165795850,3668927300,503131450,KRX MDCSTAT02401_OUT
daily,KOSPI200,foreign,450080,에코프로머티,115312,127828,12516,4528345800,5027356475,499010675,KRX MDCSTAT02401_OUT
daily,KOSPI200,foreign,267270,HD건설기계,84984,89180,4196,9994676400,10489993550,495317150,KRX MDCSTAT02401_OUT
daily,KOSPI200,foreign,017670,SK텔레콤,160933,166161,5228,14189696900,14655234050,465537150,KRX MDCSTAT02401_OUT
daily,KOSPI200,foreign,302440,SK바이오사이언스,17236,29258,12022,639217725,1088513275,449295550,KRX MDCSTAT02401_OUT
daily,KOSPI200,foreign,018880,한온시스템,3743372,3824318,80946,14714529949,15091796591,377266642,KRX MDCSTAT02401_OUT
daily,KOSPI200,foreign,285130,SK케미칼,6800,13823,7023,352135400,714068600,361933200,KRX MDCSTAT02401_OUT
daily,KOSPI200,foreign,001040,CJ,38506,40943,2437,4982579800,5302407750,319827950,KRX MDCSTAT02401_OUT
daily,KOSPI200,foreign,375500,DL이앤씨,86172,90165,3993,6413611100,6706372850,292761750,KRX MDCSTAT02401_OUT
daily,KOSPI200,foreign,003240,태광산업,176,494,318,159298000,448411000,289113000,KRX MDCSTAT02401_OUT
daily,KOSPI200,foreign,280360,롯데웰푸드,4637,6962,2325,554243100,828350100,274107000,KRX MDCSTAT02401_OUT
daily,KOSPI200,foreign,034230,파라다이스,69703,96432,26729,654337520,905995490,251657970,KRX MDCSTAT02401_OUT
daily,KOSPI200,foreign,298050,HS효성첨단소재,1764,3103,1339,289110800,509039300,219928500,KRX MDCSTAT02401_OUT
daily,KOSPI200,foreign,034220,LG디스플레이,1281191,1305447,24256,10998638640,11212767380,214128740,KRX MDCSTAT02401_OUT
daily,KOSPI200,foreign,069620,대웅제약,5109,7067,1958,554598500,768478350,213879850,KRX MDCSTAT02401_OUT
daily,KOSPI200,foreign,004000,롯데정밀화학,13029,17963,4934,555271900,765745925,210474025,KRX MDCSTAT02401_OUT
daily,KOSPI200,foreign,185750,종근당,2227,5441,3214,145953100,356303750,210350650,KRX MDCSTAT02401_OUT
daily,KOSPI200,foreign,137310,에스디바이오센서,35630,65451,29821,229751710,422490255,192738545,KRX MDCSTAT02401_OUT
daily,KOSPI200,foreign,000670,영풍,8532,12911,4379,350780500,530812750,180032250,KRX MDCSTAT02401_OUT
daily,KOSPI200,foreign,008730,율촌화학,24147,34800,10653,372429780,534851190,162421410,KRX MDCSTAT02401_OUT
daily,KOSPI200,foreign,036460,한국가스공사,46501,50465,3964,1669350950,1812915450,143564500,KRX MDCSTAT02401_OUT
daily,KOSPI200,foreign,000880,한화,46569,47564,995,5928651152,6052781652,124130500,KRX MDCSTAT02401_OUT
daily,KOSPI200,foreign,009420,한올바이오파마,83542,85962,2420,3986903725,4097477725,110574000,KRX MDCSTAT02401_OUT
daily,KOSPI200,foreign,457190,이수스페셜티케미컬,63378,64228,850,5258022050,5346227600,88205550,KRX MDCSTAT02401_OUT
daily,KOSPI200,foreign,014820,동원시스템즈,3379,6825,3446,74109950,149066850,74956900,KRX MDCSTAT02401_OUT
daily,KOSPI200,foreign,034020,두산에너빌리티,823830,824473,643,66830162250,66900524800,70362550,KRX MDCSTAT02401_OUT
daily,KOSPI200,foreign,011210,현대위아,36182,36953,771,1940659200,1982926000,42266800,KRX MDCSTAT02401_OUT
daily,KOSPI200,foreign,002030,아세아,561,712,151,113324200,143713000,30388800,KRX MDCSTAT02401_OUT
daily,KOSPI200,foreign,002840,미원상사,828,890,62,112315100,120628100,8313000,KRX MDCSTAT02401_OUT
daily,KOSPI200,foreign,007700,F&F홀딩스,1290,862,-428,17309470,11557580,-5751890,KRX MDCSTAT02401_OUT
daily,KOSPI200,foreign,003090,대웅,23412,22863,-549,358827195,351043815,-7783380,KRX MDCSTAT02401_OUT
daily,KOSPI200,foreign,268280,미원에스씨,653,578,-75,81839100,71557200,-10281900,KRX MDCSTAT02401_OUT
daily,KOSPI200,foreign,088350,한화생명,617368,613852,-3516,3284874615,3272032290,-12842325,KRX MDCSTAT02401_OUT
daily,KOSPI200,foreign,007070,GS리테일,46997,46400,-597,1037429175,1024248075,-13181100,KRX MDCSTAT02401_OUT
daily,KOSPI200,foreign,300720,한일시멘트,12113,9684,-2429,194412880,155321860,-39091020,KRX MDCSTAT02401_OUT
daily,KOSPI200,foreign,069260,TKG휴켐스,15231,12400,-2831,242411600,197290160,-45121440,KRX MDCSTAT02401_OUT
daily,KOSPI200,foreign,000080,하이트진로,30900,26429,-4471,455758320,390097430,-65660890,KRX MDCSTAT02401_OUT
daily,KOSPI200,foreign,000240,한국앤컴퍼니,13400,10428,-2972,337622300,262691600,-74930700,KRX MDCSTAT02401_OUT
daily,KOSPI200,foreign,000210,DL,11652,9097,-2555,577547950,450894475,-126653475,KRX MDCSTAT02401_OUT
daily,KOSPI200,foreign,009240,한샘,10230,7034,-3196,409792850,281873600,-127919250,KRX MDCSTAT02401_OUT
daily,KOSPI200,foreign,007340,DN오토모티브,33179,30456,-2723,1668489900,1525250200,-143239700,KRX MDCSTAT02401_OUT
daily,KOSPI200,foreign,071320,지역난방공사,5023,3127,-1896,397843900,248027100,-149816800,KRX MDCSTAT02401_OUT
daily,KOSPI200,foreign,128940,한미약품,26104,25598,-506,13376681000,13188174500,-188506500,KRX MDCSTAT02401_OUT
daily,KOSPI200,foreign,251270,넷마블,91553,85805,-5748,3143240825,2944681700,-198559125,KRX MDCSTAT02401_OUT
daily,KOSPI200,foreign,192080,더블유게임즈,20295,16545,-3750,1154849300,940453200,-214396100,KRX MDCSTAT02401_OUT
daily,KOSPI200,foreign,006040,동원산업,20351,14024,-6327,712204125,490621825,-221582300,KRX MDCSTAT02401_OUT
daily,KOSPI200,foreign,003030,세아제강지주,5808,3837,-1971,662508500,440220600,-222287900,KRX MDCSTAT02401_OUT
daily,KOSPI200,foreign,282330,BGF리테일,21294,19416,-1878,2708632250,2469193650,-239438600,KRX MDCSTAT02401_OUT
daily,KOSPI200,foreign,373220,LG에너지솔루션,157423,156784,-639,60501491000,60250215750,-251275250,KRX MDCSTAT02401_OUT
daily,KOSPI200,foreign,009970,영원무역홀딩스,6228,4637,-1591,1010215000,752229100,-257985900,KRX MDCSTAT02401_OUT
daily,KOSPI200,foreign,005420,코스모화학,85378,61436,-23942,997617665,721891335,-275726330,KRX MDCSTAT02401_OUT
daily,KOSPI200,foreign,035720,카카오,541571,532100,-9471,18130867825,17812919375,-317948450,KRX MDCSTAT02401_OUT
daily,KOSPI200,foreign,001800,오리온홀딩스,44492,29450,-15042,1003749600,661811750,-341937850,KRX MDCSTAT02401_OUT
daily,KOSPI200,foreign,241560,두산밥캣,120261,113824,-6437,6646000990,6289438940,-356562050,KRX MDCSTAT02401_OUT
daily,KOSPI200,foreign,005300,롯데칠성,13190,9323,-3867,1252538963,886846963,-365692000,KRX MDCSTAT02401_OUT
daily,KOSPI200,foreign,007310,오뚜기,1655,475,-1180,521855000,149426500,-372428500,KRX MDCSTAT02401_OUT
daily,KOSPI200,foreign,023530,롯데쇼핑,46478,42700,-3778,4616530950,4234193900,-382337050,KRX MDCSTAT02401_OUT
daily,KOSPI200,foreign,051900,LG생활건강,24578,23092,-1486,6506239250,6090894500,-415344750,KRX MDCSTAT02401_OUT
daily,KOSPI200,foreign,030200,KT,75400,66247,-9153,3903143070,3434345920,-468797150,KRX MDCSTAT02401_OUT
daily,KOSPI200,foreign,035250,강원랜드,76699,39711,-36988,1096488100,567934530,-528553570,KRX MDCSTAT02401_OUT
daily,KOSPI200,foreign,139480,이마트,26856,18706,-8150,1928176200,1343821850,-584354350,KRX MDCSTAT02401_OUT
daily,KOSPI200,foreign,001680,대상,52787,19120,-33667,931254570,337673010,-593581560,KRX MDCSTAT02401_OUT
daily,KOSPI200,foreign,081660,미스토홀딩스,54572,35928,-18644,2113256375,1389233050,-724023325,KRX MDCSTAT02401_OUT
daily,KOSPI200,foreign,161390,한국타이어앤테크놀로지,113704,101572,-12132,6831156700,6101180700,-729976000,KRX MDCSTAT02401_OUT
daily,KOSPI200,foreign,004170,신세계,25500,23235,-2265,8289066750,7547175750,-741891000,KRX MDCSTAT02401_OUT
daily,KOSPI200,foreign,012750,에스원,40220,31182,-9038,3390191700,2626324000,-763867700,KRX MDCSTAT02401_OUT
daily,KOSPI200,foreign,139130,iM금융지주,331853,287895,-43958,6203332471,5382125876,-821206595,KRX MDCSTAT02401_OUT
daily,KOSPI200,foreign,361610,SK아이이테크놀로지,179237,129094,-50143,3141435675,2278591840,-862843835,KRX MDCSTAT02401_OUT
daily,KOSPI200,foreign,015760,한국전력,257335,228056,-29279,7768703425,6885582550,-883120875,KRX MDCSTAT02401_OUT
daily,KOSPI200,foreign,004370,농심,8213,5930,-2283,3243315000,2339051250,-904263750,KRX MDCSTAT02401_OUT
daily,KOSPI200,foreign,051600,한전KPS,49501,29319,-20182,2238234175,1324754700,-913479475,KRX MDCSTAT02401_OUT
daily,KOSPI200,foreign,029780,삼성카드,44363,20803,-23560,1854741550,870152425,-984589125,KRX MDCSTAT02401_OUT
daily,KOSPI200,foreign,001440,대한전선,670560,635097,-35463,21286054750,20272560650,-1013494100,KRX MDCSTAT02401_OUT
daily,KOSPI200,foreign,030000,제일기획,200368,145106,-55262,3734126505,2705638530,-1028487975,KRX MDCSTAT02401_OUT
daily,KOSPI200,foreign,138040,메리츠금융지주,68278,60327,-7951,8863422950,7833348950,-1030074000,KRX MDCSTAT02401_OUT
daily,KOSPI200,foreign,003550,LG,105940,96788,-9152,12174274130,11119903930,-1054370200,KRX MDCSTAT02401_OUT
daily,KOSPI200,foreign,004990,롯데지주,84465,37807,-46658,1976923575,884430900,-1092492675,KRX MDCSTAT02401_OUT
daily,KOSPI200,foreign,000120,CJ대한통운,30517,14715,-15802,2132449150,1028026800,-1104422350,KRX MDCSTAT02401_OUT
daily,KOSPI200,foreign,016360,삼성증권,223837,210644,-13193,19923714854,18739263354,-1184451500,KRX MDCSTAT02401_OUT
daily,KOSPI200,foreign,017960,한국카본,85243,26054,-59189,1755486650,539709075,-1215777575,KRX MDCSTAT02401_OUT
daily,KOSPI200,foreign,267260,HD현대일렉트릭,38821,36914,-1907,26516210500,25265630500,-1250580000,KRX MDCSTAT02401_OUT
daily,KOSPI200,foreign,001430,세아베스틸지주,59128,27458,-31670,2803574275,1306174200,-1497400075,KRX MDCSTAT02401_OUT
daily,KOSPI200,foreign,005940,NH투자증권,223697,161950,-61747,5972863663,4321335163,-1651528500,KRX MDCSTAT02401_OUT
daily,KOSPI200,foreign,026960,동서,91279,29969,-61310,2491993900,816934100,-1675059800,KRX MDCSTAT02401_OUT
daily,KOSPI200,foreign,073240,금호타이어,496270,246280,-249990,3338553090,1654333310,-1684219780,KRX MDCSTAT02401_OUT
daily,KOSPI200,foreign,006800,미래에셋증권,600394,539846,-60548,19317503675,17490932075,-1826571600,KRX MDCSTAT02401_OUT
daily,KOSPI200,foreign,008770,호텔신라,89437,35181,-54256,3493058200,1374828875,-2118229325,KRX MDCSTAT02401_OUT
daily,KOSPI200,foreign,032640,LG유플러스,428679,266067,-162612,6237428995,3875177930,-2362251065,KRX MDCSTAT02401_OUT
daily,KOSPI200,foreign,071050,한국금융지주,89867,74797,-15070,16087949150,13380338800,-2707610350,KRX MDCSTAT02401_OUT
daily,KOSPI200,foreign,326030,SK바이오팜,61401,25740,-35661,4683590050,1971849500,-2711740550,KRX MDCSTAT02401_OUT
daily,KOSPI200,foreign,267250,HD현대,127869,113532,-14337,25166446440,22338545840,-2827900600,KRX MDCSTAT02401_OUT
daily,KOSPI200,foreign,005490,POSCO홀딩스,91304,80275,-11029,28799613250,25302408500,-3497204750,KRX MDCSTAT02401_OUT
daily,KOSPI200,foreign,005380,현대차,156151,144472,-11679,54370259750,50413027750,-3957232000,KRX MDCSTAT02401_OUT
daily,KOSPI200,foreign,071970,HD현대마린엔진,111423,27663,-83760,5305162200,1318240700,-3986921500,KRX MDCSTAT02401_OUT
daily,KOSPI200,foreign,024110,기업은행,544341,337481,-206860,10959790750,6804223625,-4155567125,KRX MDCSTAT02401_OUT
daily,KOSPI200,foreign,090430,아모레퍼시픽,156926,124487,-32439,20540076564,16318536314,-4221540250,KRX MDCSTAT02401_OUT
daily,KOSPI200,foreign,032830,삼성생명,165516,149243,-16273,47045179250,42487672000,-4557507250,KRX MDCSTAT02401_OUT
daily,KOSPI200,foreign,011790,SKC,168465,123459,-45006,18539040000,13599137400,-4939902600,KRX MDCSTAT02401_OUT
daily,KOSPI200,foreign,028670,팬오션,1805656,952750,-852906,10857927505,5743205570,-5114721935,KRX MDCSTAT02401_OUT
daily,KOSPI200,foreign,103140,풍산,115065,47001,-68064,8836652700,3599613800,-5237038900,KRX MDCSTAT02401_OUT
daily,KOSPI200,foreign,112610,씨에스윈드,187175,96443,-90732,10726279450,5478301750,-5247977700,KRX MDCSTAT02401_OUT
daily,KOSPI200,foreign,082740,한화엔진,261595,128163,-133432,12384500450,6077091200,-6307409250,KRX MDCSTAT02401_OUT
daily,KOSPI200,foreign,093370,후성,1381704,924447,-457257,22010389040,14865327535,-7145061505,KRX MDCSTAT02401_OUT
daily,KOSPI200,foreign,192820,코스맥스,109084,81366,-27718,30966025750,22867178500,-8098847250,KRX MDCSTAT02401_OUT
daily,KOSPI200,foreign,105560,KB금융,567327,518591,-48736,94790708750,86642941900,-8147766850,KRX MDCSTAT02401_OUT
daily,KOSPI200,foreign,033780,KT&G,173762,125269,-48493,30626214800,22085409100,-8540805700,KRX MDCSTAT02401_OUT
daily,KOSPI200,foreign,062040,산일전기,175881,136378,-39503,40733678500,31696401000,-9037277500,KRX MDCSTAT02401_OUT
daily,KOSPI200,foreign,068270,셀트리온,139033,79788,-59245,25431164800,14692151300,-10739013500,KRX MDCSTAT02401_OUT
daily,KOSPI200,foreign,010950,S-Oil,222773,150103,-72670,36182246650,24564063450,-11618183200,KRX MDCSTAT02401_OUT
daily,KOSPI200,foreign,047810,한국항공우주,176803,84449,-92354,22958312900,10943504200,-12014808700,KRX MDCSTAT02401_OUT
daily,KOSPI200,foreign,042660,한화오션,297609,116600,-181009,23061353700,9031078950,-14030274750,KRX MDCSTAT02401_OUT
daily,KOSPI200,foreign,064350,현대로템,211970,85131,-126839,23902797600,9612204650,-14290592950,KRX MDCSTAT02401_OUT
daily,KOSPI200,foreign,010060,OCI홀딩스,96766,30798,-65968,23398757250,7448838750,-15949918500,KRX MDCSTAT02401_OUT
daily,KOSPI200,foreign,316140,우리금융지주,1887731,1409354,-478377,62966685441,47006649166,-15960036275,KRX MDCSTAT02401_OUT
daily,KOSPI200,foreign,036570,NC,144101,68496,-75605,32696174750,15516000500,-17180174250,KRX MDCSTAT02401_OUT
daily,KOSPI200,foreign,010140,삼성중공업,1291839,394839,-897000,25502689620,7793647230,-17709042390,KRX MDCSTAT02401_OUT
daily,KOSPI200,foreign,055550,신한지주,485912,304210,-181702,50393353350,31574186100,-18819167250,KRX MDCSTAT02401_OUT
daily,KOSPI200,foreign,079550,LIG디펜스앤에어로스페이스,54770,26624,-28146,39420857000,19195445500,-20225411500,KRX MDCSTAT02401_OUT
daily,KOSPI200,foreign,042700,한미반도체,215947,138988,-76959,59741055000,38486926000,-21254129000,KRX MDCSTAT02401_OUT
daily,KOSPI200,foreign,012330,현대모비스,151561,90041,-61520,57719070000,34286454250,-23432615750,KRX MDCSTAT02401_OUT
daily,KOSPI200,foreign,035420,NAVER,233155,89712,-143443,44743718550,17217149250,-27526569300,KRX MDCSTAT02401_OUT
daily,KOSPI200,foreign,012450,한화에어로스페이스,78102,47075,-31027,80835207500,49016625000,-31818582500,KRX MDCSTAT02401_OUT
daily,KOSPI200,foreign,272210,한화시스템,740547,282384,-458163,60702191950,23539598900,-37162593050,KRX MDCSTAT02401_OUT
daily,KOSPI200,foreign,207940,삼성바이오로직스,71729,27417,-44312,94261971500,36015222000,-58246749500,KRX MDCSTAT02401_OUT
daily,KOSPI200,foreign,005930,삼성전자,5439743,3371666,-2068077,1489146469120,923162480620,-565983988500,KRX MDCSTAT02401_OUT
daily,KOSPI200,foreign,000660,SK하이닉스,1513424,728319,-785105,2713057128019,1303067071019,-1409990057000,KRX MDCSTAT02401_OUT
daily,KOSPI200,institution,006400,삼성SDI,71381,217772,146391,40098606000,122849510500,82750904500,KRX MDCSTAT02401_OUT
daily,KOSPI200,institution,009150,삼성전기,193285,238045,44760,321469912500,396041026000,74571113500,KRX MDCSTAT02401_OUT
daily,KOSPI200,institution,373220,LG에너지솔루션,82296,241621,159325,31634327000,93164816750,61530489750,KRX MDCSTAT02401_OUT
daily,KOSPI200,institution,011070,LG이노텍,58390,137026,78636,36632184000,85799019500,49166835500,KRX MDCSTAT02401_OUT
daily,KOSPI200,institution,066570,LG전자,125409,329128,203719,28889185250,75959987500,47070802250,KRX MDCSTAT02401_OUT
daily,KOSPI200,institution,000150,두산,16785,41665,24880,24494510000,60871630500,36377120500,KRX MDCSTAT02401_OUT
daily,KOSPI200,institution,272210,한화시스템,146792,490179,343387,12112731350,40185707650,28072976300,KRX MDCSTAT02401_OUT
daily,KOSPI200,institution,003670,포스코퓨처엠,117813,244726,126913,23283754600,48711614800,25427860200,KRX MDCSTAT02401_OUT
daily,KOSPI200,institution,066970,엘앤에프,144301,278949,134648,17662799650,34258579450,16595779800,KRX MDCSTAT02401_OUT
daily,KOSPI200,institution,011790,SKC,30185,170328,140143,3322784150,18836081200,15513297050,KRX MDCSTAT02401_OUT
daily,KOSPI200,institution,112610,씨에스윈드,38282,268887,230605,2188350950,15500570300,13312219350,KRX MDCSTAT02401_OUT
daily,KOSPI200,institution,010060,OCI홀딩스,18550,72477,53927,4479831500,17579727750,13099896250,KRX MDCSTAT02401_OUT
daily,KOSPI200,institution,055550,신한지주,243610,363790,120180,25218711450,37671989850,12453278400,KRX MDCSTAT02401_OUT
daily,KOSPI200,institution,192820,코스맥스,21096,61713,40617,5850848750,17586679500,11735830750,KRX MDCSTAT02401_OUT
daily,KOSPI200,institution,010950,S-Oil,85523,145111,59588,14012635450,23790576450,9777941000,KRX MDCSTAT02401_OUT
daily,KOSPI200,institution,051910,LG화학,61465,95663,34198,16760681250,26145874750,9385193500,KRX MDCSTAT02401_OUT
daily,KOSPI200,institution,042700,한미반도체,89915,122316,32401,24898589500,33828778250,8930188750,KRX MDCSTAT02401_OUT
daily,KOSPI200,institution,007660,이수페타시스,132123,197578,65455,17404935050,26068444800,8663509750,KRX MDCSTAT02401_OUT
daily,KOSPI200,institution,316140,우리금융지주,243976,501020,257044,8132299700,16717870525,8585570825,KRX MDCSTAT02401_OUT
daily,KOSPI200,institution,012330,현대모비스,41516,62554,21038,15812509500,23819468500,8006959000,KRX MDCSTAT02401_OUT
daily,KOSPI200,institution,015760,한국전력,252252,503259,251007,7612010925,15198763900,7586752975,KRX MDCSTAT02401_OUT
daily,KOSPI200,institution,010120,LS ELECTRIC,66118,99649,33531,14115491500,21317942000,7202450500,KRX MDCSTAT02401_OUT
daily,KOSPI200,institution,018880,한온시스템,676719,2416709,1739990,2656080162,9526494811,6870414649,KRX MDCSTAT02401_OUT
daily,KOSPI200,institution,096770,SK이노베이션,265114,307230,42116,40684502400,47427817900,6743315500,KRX MDCSTAT02401_OUT
daily,KOSPI200,institution,034730,SK,42429,53755,11326,24755757500,31299395500,6543638000,KRX MDCSTAT02401_OUT
daily,KOSPI200,institution,009830,한화솔루션,317368,452922,135554,11662493050,16652114800,4989621750,KRX MDCSTAT02401_OUT
daily,KOSPI200,institution,062040,산일전기,24782,45595,20813,5731756250,10559473000,4827716750,KRX MDCSTAT02401_OUT
daily,KOSPI200,institution,003550,LG,36891,72577,35686,4230245450,8331729000,4101483550,KRX MDCSTAT02401_OUT
daily,KOSPI200,institution,052690,한전기술,33625,65048,31423,4282129550,8279646300,3997516750,KRX MDCSTAT02401_OUT
daily,KOSPI200,institution,017670,SK텔레콤,94241,139195,44954,8299616300,12266477100,3966860800,KRX MDCSTAT02401_OUT
daily,KOSPI200,institution,006800,미래에셋증권,302405,420707,118302,9737937575,13657554550,3919616975,KRX MDCSTAT02401_OUT
daily,KOSPI200,institution,105560,KB금융,219522,241243,21721,36662106350,40305057050,3642950700,KRX MDCSTAT02401_OUT
daily,KOSPI200,institution,138040,메리츠금융지주,31315,58047,26732,4060454350,7536805650,3476351300,KRX MDCSTAT02401_OUT
daily,KOSPI200,institution,361610,SK아이이테크놀로지,50491,239872,189381,889060145,4244461970,3355401825,KRX MDCSTAT02401_OUT
daily,KOSPI200,institution,032830,삼성생명,45042,56776,11734,12794476250,16137142000,3342665750,KRX MDCSTAT02401_OUT
daily,KOSPI200,institution,005490,POSCO홀딩스,68511,77158,8647,21567777000,24344406750,2776629750,KRX MDCSTAT02401_OUT
daily,KOSPI200,institution,033780,KT&G,29695,43870,14175,5232685150,7735257400,2502572250,KRX MDCSTAT02401_OUT
daily,KOSPI200,institution,128940,한미약품,22075,25780,3705,11165903500,13290654500,2124751000,KRX MDCSTAT02401_OUT
daily,KOSPI200,institution,032640,LG유플러스,90571,232110,141539,1317167270,3377713410,2060546140,KRX MDCSTAT02401_OUT
daily,KOSPI200,institution,090430,아모레퍼시픽,54304,69746,15442,7082730000,9126907250,2044177250,KRX MDCSTAT02401_OUT
daily,KOSPI200,institution,009420,한올바이오파마,46327,82085,35758,2211146750,3925683200,1714536450,KRX MDCSTAT02401_OUT
daily,KOSPI200,institution,047050,포스코인터내셔널,32923,62517,29594,1874266600,3566675100,1692408500,KRX MDCSTAT02401_OUT
daily,KOSPI200,institution,005940,NH투자증권,73366,123863,50497,1956590575,3309829500,1353238925,KRX MDCSTAT02401_OUT
daily,KOSPI200,institution,207940,삼성바이오로직스,7932,8869,937,10420184500,11663072500,1242888000,KRX MDCSTAT02401_OUT
daily,KOSPI200,institution,068270,셀트리온,98104,103859,5755,17961985700,19081414700,1119429000,KRX MDCSTAT02401_OUT
daily,KOSPI200,institution,008930,한미사이언스,56608,76311,19703,3209813450,4325718400,1115904950,KRX MDCSTAT02401_OUT
daily,KOSPI200,institution,139130,iM금융지주,47647,106161,58514,889306025,1984719375,1095413350,KRX MDCSTAT02401_OUT
daily,KOSPI200,institution,082740,한화엔진,110052,132576,22524,5195683050,6277135275,1081452225,KRX MDCSTAT02401_OUT
daily,KOSPI200,institution,022100,포스코DX,43242,89607,46365,941329075,1948576975,1007247900,KRX MDCSTAT02401_OUT
daily,KOSPI200,institution,012750,에스원,10716,20183,9467,902189100,1702086900,799897800,KRX MDCSTAT02401_OUT
daily,KOSPI200,institution,161390,한국타이어앤테크놀로지,33632,44587,10955,2015807150,2676670250,660863100,KRX MDCSTAT02401_OUT
daily,KOSPI200,institution,326030,SK바이오팜,15550,23390,7840,1185013450,1788765950,603752500,KRX MDCSTAT02401_OUT
daily,KOSPI200,institution,081660,미스토홀딩스,7835,20967,13132,303188200,814651050,511462850,KRX MDCSTAT02401_OUT
daily,KOSPI200,institution,000100,유한양행,50318,56727,6409,3820280700,4308585650,488304950,KRX MDCSTAT02401_OUT
daily,KOSPI200,institution,001430,세아베스틸지주,26679,36435,9756,1261359600,1726106225,464746625,KRX MDCSTAT02401_OUT
daily,KOSPI200,institution,009240,한샘,2763,14161,11398,110673950,567530850,456856900,KRX MDCSTAT02401_OUT
daily,KOSPI200,institution,017960,한국카본,12044,27937,15893,247238725,575250125,328011400,KRX MDCSTAT02401_OUT
daily,KOSPI200,institution,001440,대한전선,149789,158738,8949,4752880500,5036098850,283218350,KRX MDCSTAT02401_OUT
daily,KOSPI200,institution,139480,이마트,7591,11176,3585,544906100,802957000,258050900,KRX MDCSTAT02401_OUT
daily,KOSPI200,institution,298020,효성티앤씨,6268,6912,644,1755181750,1997660250,242478500,KRX MDCSTAT02401_OUT
daily,KOSPI200,institution,005420,코스모화학,24123,37603,13480,283568835,444097690,160528855,KRX MDCSTAT02401_OUT
daily,KOSPI200,institution,282330,BGF리테일,3151,4394,1243,400565450,559517650,158952200,KRX MDCSTAT02401_OUT
daily,KOSPI200,institution,088350,한화생명,167154,195518,28364,887772945,1041044565,153271620,KRX MDCSTAT02401_OUT
daily,KOSPI200,institution,051600,한전KPS,14722,17829,3107,664799375,805890450,141091075,KRX MDCSTAT02401_OUT
daily,KOSPI200,institution,035250,강원랜드,32389,42213,9824,463171465,603902220,140730755,KRX MDCSTAT02401_OUT
daily,KOSPI200,institution,036460,한국가스공사,15061,18614,3553,539898325,667279375,127381050,KRX MDCSTAT02401_OUT
daily,KOSPI200,institution,029780,삼성카드,9715,12691,2976,406159650,530157750,123998100,KRX MDCSTAT02401_OUT
daily,KOSPI200,institution,137310,에스디바이오센서,25522,44080,18558,164349195,284045665,119696470,KRX MDCSTAT02401_OUT
daily,KOSPI200,institution,000210,DL,8133,10381,2248,402658575,514864250,112205675,KRX MDCSTAT02401_OUT
daily,KOSPI200,institution,071050,한국금융지주,41823,42191,368,7474373500,7566286550,91913050,KRX MDCSTAT02401_OUT
daily,KOSPI200,institution,003240,태광산업,349,421,72,316406000,381996000,65590000,KRX MDCSTAT02401_OUT
daily,KOSPI200,institution,004370,농심,2684,2841,157,1055892000,1120827750,64935750,KRX MDCSTAT02401_OUT
daily,KOSPI200,institution,002030,아세아,582,869,287,117111400,175862000,58750600,KRX MDCSTAT02401_OUT
daily,KOSPI200,institution,002840,미원상사,730,1157,427,98849600,156966500,58116900,KRX MDCSTAT02401_OUT
daily,KOSPI200,institution,008730,율촌화학,2958,6203,3245,45524280,95842160,50317880,KRX MDCSTAT02401_OUT
daily,KOSPI200,institution,000240,한국앤컴퍼니,8257,10030,1773,207987750,252974750,44987000,KRX MDCSTAT02401_OUT
daily,KOSPI200,institution,011210,현대위아,6166,6961,795,330789450,373657800,42868350,KRX MDCSTAT02401_OUT
daily,KOSPI200,institution,298050,HS효성첨단소재,879,1084,205,144034700,177636400,33601700,KRX MDCSTAT02401_OUT
daily,KOSPI200,institution,073240,금호타이어,93685,97508,3823,628341130,654467405,26126275,KRX MDCSTAT02401_OUT
daily,KOSPI200,institution,069260,TKG휴켐스,9243,10864,1621,147010455,172955490,25945035,KRX MDCSTAT02401_OUT
daily,KOSPI200,institution,003030,세아제강지주,2763,2972,209,315574200,339821500,24247300,KRX MDCSTAT02401_OUT
daily,KOSPI200,institution,007310,오뚜기,704,777,73,221568000,245104500,23536500,KRX MDCSTAT02401_OUT
daily,KOSPI200,institution,300720,한일시멘트,8992,10431,1439,144120625,167512440,23391815,KRX MDCSTAT02401_OUT
daily,KOSPI200,institution,007700,F&F홀딩스,633,587,-46,8505120,7890350,-614770,KRX MDCSTAT02401_OUT
daily,KOSPI200,institution,241560,두산밥캣,22638,22599,-39,1250547000,1249753250,-793750,KRX MDCSTAT02401_OUT
daily,KOSPI200,institution,034230,파라다이스,27855,27504,-351,261668675,258359480,-3309195,KRX MDCSTAT02401_OUT
daily,KOSPI200,institution,014820,동원시스템즈,3087,2901,-186,67471100,63386750,-4084350,KRX MDCSTAT02401_OUT
daily,KOSPI200,institution,007070,GS리테일,18968,18215,-753,418476475,402645900,-15830575,KRX MDCSTAT02401_OUT
daily,KOSPI200,institution,009970,영원무역홀딩스,3285,3164,-121,531919300,513211200,-18708100,KRX MDCSTAT02401_OUT
daily,KOSPI200,institution,302440,SK바이오사이언스,14244,13608,-636,528008750,506276550,-21732200,KRX MDCSTAT02401_OUT
daily,KOSPI200,institution,006040,동원산업,4852,4047,-805,169726800,142284550,-27442250,KRX MDCSTAT02401_OUT
daily,KOSPI200,institution,001680,대상,7152,5049,-2103,126139250,89116470,-37022780,KRX MDCSTAT02401_OUT
daily,KOSPI200,institution,028670,팬오션,429389,421522,-7867,2570283670,2529093370,-41190300,KRX MDCSTAT02401_OUT
daily,KOSPI200,institution,071320,지역난방공사,1328,775,-553,104773100,61349000,-43424100,KRX MDCSTAT02401_OUT
daily,KOSPI200,institution,007340,DN오토모티브,19580,18503,-1077,979983600,927408600,-52575000,KRX MDCSTAT02401_OUT
daily,KOSPI200,institution,003090,대웅,11504,8009,-3495,176147900,123012020,-53135880,KRX MDCSTAT02401_OUT
daily,KOSPI200,institution,268280,미원에스씨,1003,449,-554,124220400,56164000,-68056400,KRX MDCSTAT02401_OUT
daily,KOSPI200,institution,185750,종근당,3369,1893,-1476,220538750,124253750,-96285000,KRX MDCSTAT02401_OUT
daily,KOSPI200,institution,001800,오리온홀딩스,26433,21796,-4637,593504025,492614250,-100889775,KRX MDCSTAT02401_OUT
daily,KOSPI200,institution,014680,한솔케미칼,26846,26416,-430,7404269500,7302518000,-101751500,KRX MDCSTAT02401_OUT
daily,KOSPI200,institution,026960,동서,18672,14934,-3738,507955775,406162350,-101793425,KRX MDCSTAT02401_OUT
daily,KOSPI200,institution,097950,CJ제일제당,4376,3777,-599,783349900,677219700,-106130200,KRX MDCSTAT02401_OUT
daily,KOSPI200,institution,000080,하이트진로,18491,10004,-8487,272649970,147724770,-124925200,KRX MDCSTAT02401_OUT
daily,KOSPI200,institution,0126Z0,삼성에피스홀딩스,3016,2547,-469,1110906750,940745750,-170161000,KRX MDCSTAT02401_OUT
daily,KOSPI200,institution,003490,대한항공,327783,321837,-5946,10053709600,9883318025,-170391575,KRX MDCSTAT02401_OUT
daily,KOSPI200,institution,000670,영풍,6292,2118,-4174,258497300,86966500,-171530800,KRX MDCSTAT02401_OUT
daily,KOSPI200,institution,000880,한화,10926,9455,-1471,1385073900,1203944000,-181129900,KRX MDCSTAT02401_OUT
daily,KOSPI200,institution,005300,롯데칠성,2997,998,-1999,283613700,95041200,-188572500,KRX MDCSTAT02401_OUT
daily,KOSPI200,institution,377300,카카오페이,36807,31781,-5026,1480793100,1281365875,-199427225,KRX MDCSTAT02401_OUT
daily,KOSPI200,institution,006280,녹십자,10026,8229,-1797,1275939150,1049555000,-226384150,KRX MDCSTAT02401_OUT
daily,KOSPI200,institution,457190,이수스페셜티케미컬,46164,43206,-2958,3847535900,3600397250,-247138650,KRX MDCSTAT02401_OUT
daily,KOSPI200,institution,192080,더블유게임즈,8506,3653,-4853,483231000,208786200,-274444800,KRX MDCSTAT02401_OUT
daily,KOSPI200,institution,285130,SK케미칼,15678,9975,-5703,809914700,516385100,-293529600,KRX MDCSTAT02401_OUT
daily,KOSPI200,institution,024110,기업은행,116910,101488,-15422,2352311225,2044386050,-307925175,KRX MDCSTAT02401_OUT
daily,KOSPI200,institution,000120,CJ대한통운,11254,5205,-6049,785357800,364197500,-421160300,KRX MDCSTAT02401_OUT
daily,KOSPI200,institution,008770,호텔신라,22051,11094,-10957,860671550,433705225,-426966325,KRX MDCSTAT02401_OUT
daily,KOSPI200,institution,280360,롯데웰푸드,7034,3265,-3769,835962100,389904500,-446057600,KRX MDCSTAT02401_OUT
daily,KOSPI200,institution,010130,고려아연,2982,2547,-435,3270786500,2795594500,-475192000,KRX MDCSTAT02401_OUT
daily,KOSPI200,institution,069620,대웅제약,7468,2978,-4490,809782250,323717900,-486064350,KRX MDCSTAT02401_OUT
daily,KOSPI200,institution,011780,금호석유화학,9190,4946,-4244,1086846050,584712150,-502133900,KRX MDCSTAT02401_OUT
daily,KOSPI200,institution,111770,영원무역,15992,8116,-7876,1081426900,548744550,-532682350,KRX MDCSTAT02401_OUT
daily,KOSPI200,institution,002380,KCC,2254,1116,-1138,1071961000,531517500,-540443500,KRX MDCSTAT02401_OUT
daily,KOSPI200,institution,004990,롯데지주,32535,7589,-24946,759004425,178085825,-580918600,KRX MDCSTAT02401_OUT
daily,KOSPI200,institution,030000,제일기획,73676,42364,-31312,1373538560,789985750,-583552810,KRX MDCSTAT02401_OUT
daily,KOSPI200,institution,271560,오리온,27564,21924,-5640,2907430250,2318068800,-589361450,KRX MDCSTAT02401_OUT
daily,KOSPI200,institution,086280,현대글로비스,23399,20405,-2994,4683776150,4093132350,-590643800,KRX MDCSTAT02401_OUT
daily,KOSPI200,institution,004000,롯데정밀화학,21581,6349,-15232,918641625,270896150,-647745475,KRX MDCSTAT02401_OUT
daily,KOSPI200,institution,454910,두산로보틱스,41912,33058,-8854,3141265950,2475927250,-665338700,KRX MDCSTAT02401_OUT
daily,KOSPI200,institution,018260,삼성에스디에스,21979,18592,-3387,4799317000,4071932000,-727385000,KRX MDCSTAT02401_OUT
daily,KOSPI200,institution,047810,한국항공우주,62324,56033,-6291,8090135200,7277903000,-812232200,KRX MDCSTAT02401_OUT
daily,KOSPI200,institution,180640,한진칼,29427,23215,-6212,3896774100,3082237750,-814536350,KRX MDCSTAT02401_OUT
daily,KOSPI200,institution,175330,JB금융지주,148536,118937,-29599,4236055175,3401628600,-834426575,KRX MDCSTAT02401_OUT
daily,KOSPI200,institution,017800,현대엘리베이터,20423,8117,-12306,1489206300,592250900,-896955400,KRX MDCSTAT02401_OUT
daily,KOSPI200,institution,002790,아모레퍼시픽홀딩스,46742,10637,-36105,1165584750,266760400,-898824350,KRX MDCSTAT02401_OUT
daily,KOSPI200,institution,011170,롯데케미칼,22439,7069,-15370,1369068850,432153950,-936914900,KRX MDCSTAT02401_OUT
daily,KOSPI200,institution,352820,하이브,24590,18471,-6119,3854562750,2900381500,-954181250,KRX MDCSTAT02401_OUT
daily,KOSPI200,institution,251270,넷마블,72021,43648,-28373,2472816200,1499366175,-973450025,KRX MDCSTAT02401_OUT
daily,KOSPI200,institution,138930,BNK금융지주,171776,108969,-62807,2746121395,1741166390,-1004955005,KRX MDCSTAT02401_OUT
daily,KOSPI200,institution,093370,후성,230123,164169,-65954,3697623845,2643828175,-1053795670,KRX MDCSTAT02401_OUT
daily,KOSPI200,institution,001040,CJ,28599,20127,-8472,3700453000,2608726900,-1091726100,KRX MDCSTAT02401_OUT
daily,KOSPI200,institution,259960,크래프톤,22518,16927,-5591,4457914100,3353598900,-1104315200,KRX MDCSTAT02401_OUT
daily,KOSPI200,institution,307950,현대오토에버,9244,6343,-2901,3587670000,2465182250,-1122487750,KRX MDCSTAT02401_OUT
daily,KOSPI200,institution,006650,대한유화,14032,1200,-12832,1280269100,109464550,-1170804550,KRX MDCSTAT02401_OUT
daily,KOSPI200,institution,071970,HD현대마린엔진,36050,6240,-29810,1705948375,297407100,-1408541275,KRX MDCSTAT02401_OUT
daily,KOSPI200,institution,035720,카카오,225226,178379,-46847,7528885625,5973550625,-1555335000,KRX MDCSTAT02401_OUT
daily,KOSPI200,institution,402340,SK스퀘어,146000,144164,-1836,170391955000,168821779000,-1570176000,KRX MDCSTAT02401_OUT
daily,KOSPI200,institution,005850,에스엘,44245,12303,-31942,2294124000,638790550,-1655333450,KRX MDCSTAT02401_OUT
daily,KOSPI200,institution,023530,롯데쇼핑,24719,7073,-17646,2445261950,702807000,-1742454950,KRX MDCSTAT02401_OUT
daily,KOSPI200,institution,011200,HMM,196781,111828,-84953,4197618475,2389621075,-1807997400,KRX MDCSTAT02401_OUT
daily,KOSPI200,institution,450080,에코프로머티,149099,102064,-47035,5863672450,4020688025,-1842984425,KRX MDCSTAT02401_OUT
daily,KOSPI200,institution,069960,현대백화점,26278,4676,-21602,2284733750,409293900,-1875439850,KRX MDCSTAT02401_OUT
daily,KOSPI200,institution,034220,LG디스플레이,371966,149520,-222446,3192095015,1286053880,-1906041135,KRX MDCSTAT02401_OUT
daily,KOSPI200,institution,375500,DL이앤씨,49257,22740,-26517,3663387900,1696814450,-1966573450,KRX MDCSTAT02401_OUT
daily,KOSPI200,institution,267260,HD현대일렉트릭,21781,18839,-2942,14860690000,12860497000,-2000193000,KRX MDCSTAT02401_OUT
daily,KOSPI200,institution,005830,DB손해보험,38659,27579,-11080,7032144300,5030624900,-2001519400,KRX MDCSTAT02401_OUT
daily,KOSPI200,institution,005380,현대차,140127,134170,-5957,48823054250,46779037250,-2044017000,KRX MDCSTAT02401_OUT
daily,KOSPI200,institution,001450,현대해상,84325,39373,-44952,3931754425,1847039500,-2084714925,KRX MDCSTAT02401_OUT
daily,KOSPI200,institution,021240,코웨이,69649,47504,-22145,6944653100,4751151950,-2193501150,KRX MDCSTAT02401_OUT
daily,KOSPI200,institution,323410,카카오뱅크,300643,184145,-116498,5999767655,3675713845,-2324053810,KRX MDCSTAT02401_OUT
daily,KOSPI200,institution,120110,코오롱인더,73350,24144,-49206,4246850700,1403300950,-2843549750,KRX MDCSTAT02401_OUT
daily,KOSPI200,institution,036570,NC,102147,86271,-15876,23030909750,19563697250,-3467212500,KRX MDCSTAT02401_OUT
daily,KOSPI200,institution,267270,HD건설기계,79798,49765,-30033,9363825350,5849251000,-3514574350,KRX MDCSTAT02401_OUT
daily,KOSPI200,institution,103140,풍산,65613,17896,-47717,4993489950,1375119900,-3618370050,KRX MDCSTAT02401_OUT
daily,KOSPI200,institution,064350,현대로템,107354,70956,-36398,12081024950,7989872250,-4091152700,KRX MDCSTAT02401_OUT
daily,KOSPI200,institution,016360,삼성증권,79065,31298,-47767,7029149200,2794556900,-4234592300,KRX MDCSTAT02401_OUT
daily,KOSPI200,institution,000810,삼성화재,18072,11273,-6799,11383238500,7108460000,-4274778500,KRX MDCSTAT02401_OUT
daily,KOSPI200,institution,051900,LG생활건강,26420,9691,-16729,6956526000,2558624250,-4397901750,KRX MDCSTAT02401_OUT
daily,KOSPI200,institution,004170,신세계,18933,5278,-13655,6119732500,1712649250,-4407083250,KRX MDCSTAT02401_OUT
daily,KOSPI200,institution,028050,삼성E&A,250375,154553,-95822,11990275550,7411865775,-4578409775,KRX MDCSTAT02401_OUT
daily,KOSPI200,institution,003230,삼양식품,10012,5837,-4175,11946039500,6982045000,-4963994500,KRX MDCSTAT02401_OUT
daily,KOSPI200,institution,004020,현대제철,328399,159561,-168838,9836069675,4795627500,-5040442175,KRX MDCSTAT02401_OUT
daily,KOSPI200,institution,064400,LG씨엔에스,98819,26951,-71868,7236336550,1980248900,-5256087650,KRX MDCSTAT02401_OUT
daily,KOSPI200,institution,204320,HL만도,143222,31821,-111401,6771076075,1506793375,-5264282700,KRX MDCSTAT02401_OUT
daily,KOSPI200,institution,030200,KT,224173,120673,-103500,11567678700,6228879550,-5338799150,KRX MDCSTAT02401_OUT
daily,KOSPI200,institution,039490,키움증권,29181,7662,-21519,7417604500,1956372000,-5461232500,KRX MDCSTAT02401_OUT
daily,KOSPI200,institution,086790,하나금융지주,168060,123569,-44491,21627193550,15909614900,-5717578650,KRX MDCSTAT02401_OUT
daily,KOSPI200,institution,443060,HD현대마린솔루션,39708,13920,-25788,8858088750,3132016000,-5726072750,KRX MDCSTAT02401_OUT
daily,KOSPI200,institution,278470,에이피알,44343,27542,-16801,15974943750,9962438500,-6012505250,KRX MDCSTAT02401_OUT
daily,KOSPI200,institution,078930,GS,141951,82357,-59594,14715325050,8554911300,-6160413750,KRX MDCSTAT02401_OUT
daily,KOSPI200,institution,161890,한국콜마,120305,73251,-47054,16235893500,9953205950,-6282687550,KRX MDCSTAT02401_OUT
daily,KOSPI200,institution,047040,대우건설,715281,354354,-360927,12694799860,6304250575,-6390549285,KRX MDCSTAT02401_OUT
daily,KOSPI200,institution,267250,HD현대,63379,29311,-34068,12442159950,5759368000,-6682791950,KRX MDCSTAT02401_OUT
daily,KOSPI200,institution,035420,NAVER,137027,100783,-36244,26233315450,19346744150,-6886571300,KRX MDCSTAT02401_OUT
daily,KOSPI200,institution,009540,HD한국조선해양,67007,44880,-22127,21335420000,14312906500,-7022513500,KRX MDCSTAT02401_OUT
daily,KOSPI200,institution,010140,삼성중공업,686888,326151,-360737,13563771005,6436882135,-7126888870,KRX MDCSTAT02401_OUT
daily,KOSPI200,institution,483650,달바글로벌,46670,5637,-41033,8365464700,1020682050,-7344782650,KRX MDCSTAT02401_OUT
daily,KOSPI200,institution,298040,효성중공업,7318,4018,-3300,20436374500,11232595000,-9203779500,KRX MDCSTAT02401_OUT
daily,KOSPI200,institution,079550,LIG디펜스앤에어로스페이스,32064,18372,-13692,22902222000,13363290500,-9538931500,KRX MDCSTAT02401_OUT
daily,KOSPI200,institution,034020,두산에너빌리티,697365,570973,-126392,56504094100,46302133450,-10201960650,KRX MDCSTAT02401_OUT
daily,KOSPI200,institution,042660,한화오션,224082,86036,-138046,17356210500,6671636600,-10684573900,KRX MDCSTAT02401_OUT
daily,KOSPI200,institution,000720,현대건설,198017,88139,-109878,22474728600,10034329800,-12440398800,KRX MDCSTAT02401_OUT
daily,KOSPI200,institution,329180,HD현대중공업,71175,32501,-38674,29911737500,13674264250,-16237473250,KRX MDCSTAT02401_OUT
daily,KOSPI200,institution,012450,한화에어로스페이스,46948,31179,-15769,48576292000,32258515000,-16317777000,KRX MDCSTAT02401_OUT
daily,KOSPI200,institution,006260,LS,76317,20180,-56137,22639475750,6000667500,-16638808250,KRX MDCSTAT02401_OUT
daily,KOSPI200,institution,000270,기아,256626,108008,-148618,28894782500,12173591050,-16721191450,KRX MDCSTAT02401_OUT
daily,KOSPI200,institution,000990,DB하이텍,167915,31113,-136802,23248855450,4344382650,-18904472800,KRX MDCSTAT02401_OUT
daily,KOSPI200,institution,028260,삼성물산,112199,49482,-62717,38506914750,17012589000,-21494325750,KRX MDCSTAT02401_OUT
daily,KOSPI200,institution,005930,삼성전자,5566005,5372583,-193422,1521802563750,1469616139500,-52186424250,KRX MDCSTAT02401_OUT
daily,KOSPI200,institution,000660,SK하이닉스,850008,704367,-145641,1522794256000,1262890909500,-259903346500,KRX MDCSTAT02401_OUT
daily,KOSDAQ150,foreign,036930,주성엔지니어링,420809,986552,565743,112648849250,262475585750,149826736500,KRX MDCSTAT02401_OUT
daily,KOSDAQ150,foreign,086520,에코프로,273344,524692,251348,25772450050,49401595250,23629145200,KRX MDCSTAT02401_OUT
daily,KOSDAQ150,foreign,067310,하나마이크론,723128,1078250,355122,38401325650,57387573150,18986247500,KRX MDCSTAT02401_OUT
daily,KOSDAQ150,foreign,222800,심텍,240229,339975,99746,42417196600,60228218100,17811021500,KRX MDCSTAT02401_OUT
daily,KOSDAQ150,foreign,098460,고영,458362,869255,410893,16366250000,31183873625,14817623625,KRX MDCSTAT02401_OUT
daily,KOSDAQ150,foreign,403870,HPSP,524601,719824,195223,35545296600,49195179100,13649882500,KRX MDCSTAT02401_OUT
daily,KOSDAQ150,foreign,108490,로보티즈,49481,92152,42671,15703054250,29255393500,13552339250,KRX MDCSTAT02401_OUT
daily,KOSDAQ150,foreign,214450,파마리서치,40979,77246,36267,12438672000,23401806250,10963134250,KRX MDCSTAT02401_OUT
daily,KOSDAQ150,foreign,058610,에스피지,59123,149928,90805,6296993650,15992691550,9695697900,KRX MDCSTAT02401_OUT
daily,KOSDAQ150,foreign,030530,원익홀딩스,362873,638746,275873,11184346925,19776914650,8592567725,KRX MDCSTAT02401_OUT
daily,KOSDAQ150,foreign,056080,유진로봇,353152,1089651,736499,4581747075,12650643440,8068896365,KRX MDCSTAT02401_OUT
daily,KOSDAQ150,foreign,277810,레인보우로보틱스,17716,34578,16862,8211345000,16018579750,7807234750,KRX MDCSTAT02401_OUT
daily,KOSDAQ150,foreign,247540,에코프로비엠,279045,340241,61196,35329009150,42672217450,7343208300,KRX MDCSTAT02401_OUT
daily,KOSDAQ150,foreign,204270,제이앤티씨,444347,671020,226673,10958617825,16146959600,5188341775,KRX MDCSTAT02401_OUT
daily,KOSDAQ150,foreign,095340,ISC,73149,97511,24362,15055463250,20071505250,5016042000,KRX MDCSTAT02401_OUT
daily,KOSDAQ150,foreign,087010,펩트론,37211,64410,27199,4854746700,8403318200,3548571500,KRX MDCSTAT02401_OUT
daily,KOSDAQ150,foreign,064760,티씨케이,13889,23815,9926,4085342750,7000083500,2914740750,KRX MDCSTAT02401_OUT
daily,KOSDAQ150,foreign,090360,로보스타,22330,56905,34575,1820984200,4642255850,2821271650,KRX MDCSTAT02401_OUT
daily,KOSDAQ150,foreign,089030,테크윙,208490,250193,41703,11824473800,14252722550,2428248750,KRX MDCSTAT02401_OUT
daily,KOSDAQ150,foreign,033100,제룡전기,25914,68003,42089,1296037675,3406697275,2110659600,KRX MDCSTAT02401_OUT
daily,KOSDAQ150,foreign,475830,오름테라퓨틱,70574,160800,90226,1458662275,3301018400,1842356125,KRX MDCSTAT02401_OUT
daily,KOSDAQ150,foreign,328130,루닛,147416,313135,165719,1609338765,3429208625,1819869860,KRX MDCSTAT02401_OUT
daily,KOSDAQ150,foreign,161580,필옵틱스,101661,144205,42544,4229512200,6015071850,1785559650,KRX MDCSTAT02401_OUT
daily,KOSDAQ150,foreign,131290,티에스이,30140,36131,5991,9152042250,10904776000,1752733750,KRX MDCSTAT02401_OUT
daily,KOSDAQ150,foreign,348370,엔켐,75412,143023,67611,1815399475,3449104150,1633704675,KRX MDCSTAT02401_OUT
daily,KOSDAQ150,foreign,466100,클로봇,52451,111779,59328,1265307825,2695991650,1430683825,KRX MDCSTAT02401_OUT
daily,KOSDAQ150,foreign,420770,기가비스,6527,17005,10478,882780300,2308987800,1426207500,KRX MDCSTAT02401_OUT
daily,KOSDAQ150,foreign,032820,우리기술,415495,525531,110036,5316254330,6721227985,1404973655,KRX MDCSTAT02401_OUT
daily,KOSDAQ150,foreign,068760,셀트리온제약,15590,50478,34888,617533025,2000341250,1382808225,KRX MDCSTAT02401_OUT
daily,KOSDAQ150,foreign,096530,씨젠,49789,86023,36234,1847567825,3191092125,1343524300,KRX MDCSTAT02401_OUT
daily,KOSDAQ150,foreign,140860,파크시스템스,25981,30348,4367,7852934000,9175964250,1323030250,KRX MDCSTAT02401_OUT
daily,KOSDAQ150,foreign,145020,휴젤,40141,47392,7251,7241038650,8548900150,1307861500,KRX MDCSTAT02401_OUT
daily,KOSDAQ150,foreign,388720,유일로보틱스,6505,21617,15112,471658000,1566820200,1095162200,KRX MDCSTAT02401_OUT
daily,KOSDAQ150,foreign,166090,하나머티리얼즈,51105,67301,16196,3301646650,4371925400,1070278750,KRX MDCSTAT02401_OUT
daily,KOSDAQ150,foreign,042000,카페24,221675,270960,49285,5076198700,6135110925,1058912225,KRX MDCSTAT02401_OUT
daily,KOSDAQ150,foreign,025980,아난티,260121,456498,196377,1293451421,2277188367,983736946,KRX MDCSTAT02401_OUT
daily,KOSDAQ150,foreign,060370,LS마린솔루션,55025,82830,27805,1913602325,2859594475,945992150,KRX MDCSTAT02401_OUT
daily,KOSDAQ150,foreign,090710,휴림로봇,480235,620067,139832,3188529495,4124029035,935499540,KRX MDCSTAT02401_OUT
daily,KOSDAQ150,foreign,237690,에스티팜,41607,50862,9255,4011316900,4881346200,870029300,KRX MDCSTAT02401_OUT
daily,KOSDAQ150,foreign,125490,한라캐스트,557678,614985,57307,7648434430,8473983815,825549385,KRX MDCSTAT02401_OUT
daily,KOSDAQ150,foreign,323280,태성,89738,100609,10871,5501424200,6177892250,676468050,KRX MDCSTAT02401_OUT
daily,KOSDAQ150,foreign,035900,JYP Ent.,60482,77831,17349,2301164225,2966855400,665691175,KRX MDCSTAT02401_OUT
daily,KOSDAQ150,foreign,241710,코스메카코리아,147676,155567,7891,15849991050,16462465150,612474100,KRX MDCSTAT02401_OUT
daily,KOSDAQ150,foreign,124500,아이티센글로벌,33123,50923,17800,989811800,1523581300,533769500,KRX MDCSTAT02401_OUT
daily,KOSDAQ150,foreign,003380,하림지주,119249,164228,44979,1369468895,1889634280,520165385,KRX MDCSTAT02401_OUT
daily,KOSDAQ150,foreign,056190,SFA,60284,75855,15571,1894026025,2387165900,493139875,KRX MDCSTAT02401_OUT
daily,KOSDAQ150,foreign,082920,비츠로셀,138118,152718,14600,4122021200,4560615200,438594000,KRX MDCSTAT02401_OUT
daily,KOSDAQ150,foreign,213420,덕산네오룩스,26951,39780,12829,821673875,1214666500,392992625,KRX MDCSTAT02401_OUT
daily,KOSDAQ150,foreign,015750,성우하이텍,36497,96537,60040,218582490,578575490,359993000,KRX MDCSTAT02401_OUT
daily,KOSDAQ150,foreign,028300,HLB,1954889,1965977,11088,93636342700,93992246675,355903975,KRX MDCSTAT02401_OUT
daily,KOSDAQ150,foreign,009520,포스코엠텍,37405,63752,26347,503679620,853901740,350222120,KRX MDCSTAT02401_OUT
daily,KOSDAQ150,foreign,278280,천보,10791,19319,8528,424668250,760366025,335697775,KRX MDCSTAT02401_OUT
daily,KOSDAQ150,foreign,006730,서부T&D,98579,123170,24591,1129835670,1414483100,284647430,KRX MDCSTAT02401_OUT
daily,KOSDAQ150,foreign,067160,SOOP,25537,31921,6384,936831500,1170892550,234061050,KRX MDCSTAT02401_OUT
daily,KOSDAQ150,foreign,112040,위메이드,26398,38206,11808,414364810,600113130,185748320,KRX MDCSTAT02401_OUT
daily,KOSDAQ150,foreign,031980,피에스케이홀딩스,86690,87248,558,16852812900,16964506100,111693200,KRX MDCSTAT02401_OUT
daily,KOSDAQ150,foreign,038500,삼표시멘트,119493,133899,14406,816370720,919027505,102656785,KRX MDCSTAT02401_OUT
daily,KOSDAQ150,foreign,039200,오스코텍,54736,57036,2300,2106002200,2179414900,73412700,KRX MDCSTAT02401_OUT
daily,KOSDAQ150,foreign,101730,위메이드맥스,23741,39445,15704,109509725,182131810,72622085,KRX MDCSTAT02401_OUT
daily,KOSDAQ150,foreign,036620,감성코퍼레이션,54098,73152,19054,201922410,273400505,71478095,KRX MDCSTAT02401_OUT
daily,KOSDAQ150,foreign,253450,스튜디오드래곤,20897,24240,3343,433329675,503195450,69865775,KRX MDCSTAT02401_OUT
daily,KOSDAQ150,foreign,025320,시노펙스,109325,119589,10264,437196125,478142645,40946520,KRX MDCSTAT02401_OUT
daily,KOSDAQ150,foreign,215200,메가스터디교육,13576,14447,871,513499950,545847000,32347050,KRX MDCSTAT02401_OUT
daily,KOSDAQ150,foreign,025900,동화기업,32750,35516,2766,245103030,266088130,20985100,KRX MDCSTAT02401_OUT
daily,KOSDAQ150,foreign,352480,씨앤씨인터내셔널,2086,2420,334,42946400,49611050,6664650,KRX MDCSTAT02401_OUT
daily,KOSDAQ150,foreign,069080,웹젠,34720,33313,-1407,412382175,394727000,-17655175,KRX MDCSTAT02401_OUT
daily,KOSDAQ150,foreign,007390,네이처셀,61552,60016,-1536,1527044475,1493768175,-33276300,KRX MDCSTAT02401_OUT
daily,KOSDAQ150,foreign,032190,다우데이타,30807,28879,-1928,594681660,560703860,-33977800,KRX MDCSTAT02401_OUT
daily,KOSDAQ150,foreign,211050,인카금융서비스,17760,13723,-4037,173651110,133745270,-39905840,KRX MDCSTAT02401_OUT
daily,KOSDAQ150,foreign,399720,가온칩스,24788,23672,-1116,1192200025,1136697825,-55502200,KRX MDCSTAT02401_OUT
daily,KOSDAQ150,foreign,194480,데브시스터즈,15379,10966,-4413,215901230,154183820,-61717410,KRX MDCSTAT02401_OUT
daily,KOSDAQ150,foreign,083650,비에이치아이,51907,50432,-1475,3029125200,2944315800,-84809400,KRX MDCSTAT02401_OUT
daily,KOSDAQ150,foreign,018290,브이티,67320,59324,-7996,852976710,752510800,-100465910,KRX MDCSTAT02401_OUT
daily,KOSDAQ150,foreign,052400,코나아이,18149,15115,-3034,674612750,562193550,-112419200,KRX MDCSTAT02401_OUT
daily,KOSDAQ150,foreign,121600,나노신소재,58929,56912,-2017,3734463050,3610603600,-123859450,KRX MDCSTAT02401_OUT
daily,KOSDAQ150,foreign,095660,네오위즈,28288,21375,-6913,515151510,390098910,-125052600,KRX MDCSTAT02401_OUT
daily,KOSDAQ150,foreign,122870,와이지엔터테인먼트,43013,39216,-3797,1764053225,1617913625,-146139600,KRX MDCSTAT02401_OUT
daily,KOSDAQ150,foreign,195940,HK이노엔,33840,29638,-4202,1392541750,1218942300,-173599450,KRX MDCSTAT02401_OUT
daily,KOSDAQ150,foreign,196170,알테오젠,79260,78425,-835,20631456500,20450681500,-180775000,KRX MDCSTAT02401_OUT
daily,KOSDAQ150,foreign,082270,젬백스,49215,32322,-16893,552177050,362724095,-189452955,KRX MDCSTAT02401_OUT
daily,KOSDAQ150,foreign,358570,지아이이노베이션,125982,102258,-23724,1142176850,933268600,-208908250,KRX MDCSTAT02401_OUT
daily,KOSDAQ150,foreign,033500,동성화인텍,39134,25641,-13493,635947370,416696290,-219251080,KRX MDCSTAT02401_OUT
daily,KOSDAQ150,foreign,085660,차바이오텍,78705,53354,-25351,682548885,463175440,-219373445,KRX MDCSTAT02401_OUT
daily,KOSDAQ150,foreign,048410,현대바이오,318483,284879,-33604,2273207070,2049348630,-223858440,KRX MDCSTAT02401_OUT
daily,KOSDAQ150,foreign,060250,NHN KCP,73768,55183,-18585,1017275880,759434925,-257840955,KRX MDCSTAT02401_OUT
daily,KOSDAQ150,foreign,310210,보로노이,31123,29428,-1695,4777046150,4510745300,-266300850,KRX MDCSTAT02401_OUT
daily,KOSDAQ150,foreign,065350,신성델타테크,44055,35478,-8577,1485227525,1195655350,-289572175,KRX MDCSTAT02401_OUT
daily,KOSDAQ150,foreign,214370,케어젠,40417,33087,-7330,1766234750,1452787900,-313446850,KRX MDCSTAT02401_OUT
daily,KOSDAQ150,foreign,272290,이녹스첨단소재,31859,18122,-13737,727834000,413984400,-313849600,KRX MDCSTAT02401_OUT
daily,KOSDAQ150,foreign,225570,넥슨게임즈,41228,11030,-30198,447208930,119270230,-327938700,KRX MDCSTAT02401_OUT
daily,KOSDAQ150,foreign,014620,성광벤드,63472,52048,-11424,1910344725,1565536125,-344808600,KRX MDCSTAT02401_OUT
daily,KOSDAQ150,foreign,043260,성호전자,794699,781468,-13231,25391237650,25030769000,-360468650,KRX MDCSTAT02401_OUT
daily,KOSDAQ150,foreign,0009K0,에임드바이오,56414,41941,-14473,1450332050,1080066700,-370265350,KRX MDCSTAT02401_OUT
daily,KOSDAQ150,foreign,376300,디어유,70165,46434,-23731,1318884260,880858485,-438025775,KRX MDCSTAT02401_OUT
daily,KOSDAQ150,foreign,214150,클래시스,97265,82982,-14283,3019810700,2581174100,-438636600,KRX MDCSTAT02401_OUT
daily,KOSDAQ150,foreign,060280,큐렉소,148599,92874,-55725,1343068940,841561675,-501507265,KRX MDCSTAT02401_OUT
daily,KOSDAQ150,foreign,041510,에스엠,37345,29928,-7417,2928591600,2346284700,-582306900,KRX MDCSTAT02401_OUT
daily,KOSDAQ150,foreign,035760,CJ ENM,31672,13884,-17788,1091725800,479794850,-611930950,KRX MDCSTAT02401_OUT
daily,KOSDAQ150,foreign,041190,우리기술투자,644935,526543,-118392,4009638880,3281478240,-728160640,KRX MDCSTAT02401_OUT
daily,KOSDAQ150,foreign,078340,컴투스,39637,19415,-20222,1484383825,729931500,-754452325,KRX MDCSTAT02401_OUT
daily,KOSDAQ150,foreign,263750,펄어비스,53811,30313,-23498,1783725125,1004214500,-779510625,KRX MDCSTAT02401_OUT
daily,KOSDAQ150,foreign,137400,피엔티,71573,46612,-24961,2377150675,1549370475,-827780200,KRX MDCSTAT02401_OUT
daily,KOSDAQ150,foreign,445680,큐리옥스바이오시스템즈,45441,31665,-13776,2787549250,1953459050,-834090200,KRX MDCSTAT02401_OUT
daily,KOSDAQ150,foreign,032500,케이엠더블유,97762,56889,-40873,2029284425,1186637625,-842646800,KRX MDCSTAT02401_OUT
daily,KOSDAQ150,foreign,171090,선익시스템,20209,7496,-12713,1530776700,567956550,-962820150,KRX MDCSTAT02401_OUT
daily,KOSDAQ150,foreign,214430,아이쓰리시스템,23501,11259,-12242,1888111300,902740100,-985371200,KRX MDCSTAT02401_OUT
daily,KOSDAQ150,foreign,100790,미래에셋벤처투자,338199,281790,-56409,6378294810,5389231380,-989063430,KRX MDCSTAT02401_OUT
daily,KOSDAQ150,foreign,293490,카카오게임즈,219601,119047,-100554,2214491370,1206938045,-1007553325,KRX MDCSTAT02401_OUT
daily,KOSDAQ150,foreign,319400,현대무벡스,237910,184595,-53315,5014824025,3892790775,-1122033250,KRX MDCSTAT02401_OUT
daily,KOSDAQ150,foreign,095610,테스,88411,81983,-6428,15469890150,14324312400,-1145577750,KRX MDCSTAT02401_OUT
daily,KOSDAQ150,foreign,281740,레이크머티리얼즈,276462,182076,-94386,3584861965,2369289975,-1215571990,KRX MDCSTAT02401_OUT
daily,KOSDAQ150,foreign,290650,엘앤씨바이오,59396,35924,-23472,3111277050,1879591700,-1231685350,KRX MDCSTAT02401_OUT
daily,KOSDAQ150,foreign,348210,넥스틴,60620,28103,-32517,2425951950,1124574025,-1301377925,KRX MDCSTAT02401_OUT
daily,KOSDAQ150,foreign,074600,원익QnC,71586,30584,-41002,2349430650,1003461750,-1345968900,KRX MDCSTAT02401_OUT
daily,KOSDAQ150,foreign,036830,솔브레인홀딩스,43194,14866,-28328,2108312400,725714575,-1382597825,KRX MDCSTAT02401_OUT
daily,KOSDAQ150,foreign,141080,리가켐바이오,85944,69286,-16658,7222642600,5825788200,-1396854400,KRX MDCSTAT02401_OUT
daily,KOSDAQ150,foreign,030520,한컴,190928,111411,-79517,3498481695,2043170150,-1455311545,KRX MDCSTAT02401_OUT
daily,KOSDAQ150,foreign,131970,두산테스나,131544,118233,-13311,15335756300,13846903800,-1488852500,KRX MDCSTAT02401_OUT
daily,KOSDAQ150,foreign,251970,펌텍코리아,95734,69659,-26075,6041682700,4397251000,-1644431700,KRX MDCSTAT02401_OUT
daily,KOSDAQ150,foreign,036810,에프에스티,86502,38645,-47857,3110071800,1386948900,-1723122900,KRX MDCSTAT02401_OUT
daily,KOSDAQ150,foreign,183300,코미코,206097,154941,-51156,7008209225,5255898625,-1752310600,KRX MDCSTAT02401_OUT
daily,KOSDAQ150,foreign,257720,실리콘투,190007,139237,-50770,6914268650,5079031900,-1835236750,KRX MDCSTAT02401_OUT
daily,KOSDAQ150,foreign,295310,에이치브이엠,72604,48563,-24041,5495443400,3644342950,-1851100450,KRX MDCSTAT02401_OUT
daily,KOSDAQ150,foreign,039030,이오테크닉스,26115,22197,-3918,14033025000,11944515000,-2088510000,KRX MDCSTAT02401_OUT
daily,KOSDAQ150,foreign,298380,에이비엘바이오,147304,106691,-40613,7739192550,5606369300,-2132823250,KRX MDCSTAT02401_OUT
daily,KOSDAQ150,foreign,232140,와이씨,1058831,935924,-122907,18894701315,16690752075,-2203949240,KRX MDCSTAT02401_OUT
daily,KOSDAQ150,foreign,084370,유진테크,91763,77862,-13901,16618593600,14112010400,-2506583200,KRX MDCSTAT02401_OUT
daily,KOSDAQ150,foreign,437730,삼현,145347,97325,-48022,7541198100,5032503800,-2508694300,KRX MDCSTAT02401_OUT
daily,KOSDAQ150,foreign,253590,네오셈,606002,389744,-216258,9694975595,6214084000,-3480891595,KRX MDCSTAT02401_OUT
daily,KOSDAQ150,foreign,036540,SFA반도체,3153764,2848246,-305518,37479326115,33873023720,-3606302395,KRX MDCSTAT02401_OUT
daily,KOSDAQ150,foreign,218410,RFHIC,146906,87164,-59742,9122287200,5394107050,-3728180150,KRX MDCSTAT02401_OUT
daily,KOSDAQ150,foreign,347850,디앤디파마텍,347775,268886,-78889,16061910800,12318387925,-3743522875,KRX MDCSTAT02401_OUT
daily,KOSDAQ150,foreign,050890,쏠리드,681542,275435,-406107,7171643475,2892404625,-4279238850,KRX MDCSTAT02401_OUT
daily,KOSDAQ150,foreign,189300,인텔리안테크,102909,42963,-59946,7726618150,3212591200,-4514026950,KRX MDCSTAT02401_OUT
daily,KOSDAQ150,foreign,099320,쎄트렉아이,90750,27800,-62950,7505550600,2283543200,-5222007400,KRX MDCSTAT02401_OUT
daily,KOSDAQ150,foreign,417200,LS머트리얼즈,833843,406525,-427318,12983950900,6349519795,-6634431105,KRX MDCSTAT02401_OUT
daily,KOSDAQ150,foreign,000250,삼천당제약,118000,86690,-31310,27953577750,20519699750,-7433878000,KRX MDCSTAT02401_OUT
daily,KOSDAQ150,foreign,078600,대주전자재료,137128,68513,-68615,15359989000,7685775150,-7674213850,KRX MDCSTAT02401_OUT
daily,KOSDAQ150,foreign,178320,서진시스템,389646,200642,-189004,16456403300,8490889375,-7965513925,KRX MDCSTAT02401_OUT
daily,KOSDAQ150,foreign,005290,동진쎄미켐,226441,54963,-171478,11761301350,2847067850,-8914233500,KRX MDCSTAT02401_OUT
daily,KOSDAQ150,foreign,089970,브이엠,272435,137002,-135433,18661414800,9415138800,-9246276000,KRX MDCSTAT02401_OUT
daily,KOSDAQ150,foreign,101490,에스앤에스텍,219589,46893,-172696,11770354150,2511146050,-9259208100,KRX MDCSTAT02401_OUT
daily,KOSDAQ150,foreign,226950,올릭스,130404,53297,-77107,16036233000,6513466300,-9522766700,KRX MDCSTAT02401_OUT
daily,KOSDAQ150,foreign,053800,안랩,296981,181752,-115229,26187083300,16073855650,-10113227650,KRX MDCSTAT02401_OUT
daily,KOSDAQ150,foreign,240810,원익IPS,360573,246257,-114316,50357624700,34576985350,-15780639350,KRX MDCSTAT02401_OUT
daily,KOSDAQ150,foreign,080220,제주반도체,600962,370445,-230517,55514302400,34298900350,-21215402050,KRX MDCSTAT02401_OUT
daily,KOSDAQ150,foreign,058470,리노공업,863279,179210,-684069,74999192200,15562346450,-59436845750,KRX MDCSTAT02401_OUT
daily,KOSDAQ150,institution,058470,리노공업,150406,726862,576456,13045672900,63166259950,50120587050,KRX MDCSTAT02401_OUT
daily,KOSDAQ150,institution,036930,주성엔지니어링,197509,296567,99058,52936679250,79722308000,26785628750,KRX MDCSTAT02401_OUT
daily,KOSDAQ150,institution,247540,에코프로비엠,86246,181929,95683,10844259550,22955986800,12111727250,KRX MDCSTAT02401_OUT
daily,KOSDAQ150,institution,086520,에코프로,223598,351606,128008,20950576700,33008381950,12057805250,KRX MDCSTAT02401_OUT
daily,KOSDAQ150,institution,226950,올릭스,42927,125613,82686,5255311400,15456020700,10200709300,KRX MDCSTAT02401_OUT
daily,KOSDAQ150,institution,277810,레인보우로보틱스,8839,23576,14737,4095686000,10945509750,6849823750,KRX MDCSTAT02401_OUT
daily,KOSDAQ150,institution,403870,HPSP,252292,346206,93914,17288067100,23685615600,6397548500,KRX MDCSTAT02401_OUT
daily,KOSDAQ150,institution,108490,로보티즈,26370,45293,18923,8351139750,14407981500,6056841750,KRX MDCSTAT02401_OUT
daily,KOSDAQ150,institution,295310,에이치브이엠,33700,104696,70996,2549459950,7935315550,5385855600,KRX MDCSTAT02401_OUT
daily,KOSDAQ150,institution,253590,네오셈,14519,296315,281796,233773960,4794005580,4560231620,KRX MDCSTAT02401_OUT
daily,KOSDAQ150,institution,121600,나노신소재,17217,83487,66270,1095740350,5332731450,4236991100,KRX MDCSTAT02401_OUT
daily,KOSDAQ150,institution,417200,LS머트리얼즈,169523,433909,264386,2647719440,6814354505,4166635065,KRX MDCSTAT02401_OUT
daily,KOSDAQ150,institution,039030,이오테크닉스,25598,33264,7666,13765488500,17907358500,4141870000,KRX MDCSTAT02401_OUT
daily,KOSDAQ150,institution,056080,유진로봇,33444,301770,268326,435137085,3687790940,3252653855,KRX MDCSTAT02401_OUT
daily,KOSDAQ150,institution,251970,펌텍코리아,19731,66668,46937,1240483900,4198581300,2958097400,KRX MDCSTAT02401_OUT
daily,KOSDAQ150,institution,039200,오스코텍,11048,85530,74482,422370425,3287903650,2865533225,KRX MDCSTAT02401_OUT
daily,KOSDAQ150,institution,232140,와이씨,14509,172383,157874,260683410,3088848910,2828165500,KRX MDCSTAT02401_OUT
daily,KOSDAQ150,institution,078600,대주전자재료,26702,50306,23604,2978282900,5653341750,2675058850,KRX MDCSTAT02401_OUT
daily,KOSDAQ150,institution,080220,제주반도체,37112,62508,25396,3448235950,5804873500,2356637550,KRX MDCSTAT02401_OUT
daily,KOSDAQ150,institution,178320,서진시스템,33634,87286,53652,1430628450,3721686525,2291058075,KRX MDCSTAT02401_OUT
daily,KOSDAQ150,institution,036810,에프에스티,11900,73959,62059,426905525,2659870475,2232964950,KRX MDCSTAT02401_OUT
daily,KOSDAQ150,institution,240810,원익IPS,150663,164139,13476,21082087000,23077675550,1995588550,KRX MDCSTAT02401_OUT
daily,KOSDAQ150,institution,131970,두산테스나,101589,116472,14883,12022058000,13820324350,1798266350,KRX MDCSTAT02401_OUT
daily,KOSDAQ150,institution,084370,유진테크,23000,32794,9794,4161758450,5950359700,1788601250,KRX MDCSTAT02401_OUT
daily,KOSDAQ150,institution,293490,카카오게임즈,24911,201088,176177,250985755,2028332125,1777346370,KRX MDCSTAT02401_OUT
daily,KOSDAQ150,institution,089970,브이엠,144196,167561,23365,9837051950,11553303700,1716251750,KRX MDCSTAT02401_OUT
daily,KOSDAQ150,institution,042000,카페24,9881,76631,66750,223062300,1760007000,1536944700,KRX MDCSTAT02401_OUT
daily,KOSDAQ150,institution,189300,인텔리안테크,11065,29599,18534,828152400,2210891900,1382739500,KRX MDCSTAT02401_OUT
daily,KOSDAQ150,institution,237690,에스티팜,29710,43811,14101,2849619100,4206699750,1357080650,KRX MDCSTAT02401_OUT
daily,KOSDAQ150,institution,140860,파크시스템스,5108,9289,4181,1537242500,2823874000,1286631500,KRX MDCSTAT02401_OUT
daily,KOSDAQ150,institution,000250,삼천당제약,56421,61588,5167,13392479250,14630693500,1238214250,KRX MDCSTAT02401_OUT
daily,KOSDAQ150,institution,347850,디앤디파마텍,34838,60002,25164,1592603575,2768273150,1175669575,KRX MDCSTAT02401_OUT
daily,KOSDAQ150,institution,290650,엘앤씨바이오,12926,34602,21676,675352300,1815519800,1140167500,KRX MDCSTAT02401_OUT
daily,KOSDAQ150,institution,089030,테크윙,30768,50511,19743,1749355300,2871115750,1121760450,KRX MDCSTAT02401_OUT
daily,KOSDAQ150,institution,131290,티에스이,30481,33676,3195,9146608250,10171372000,1024763750,KRX MDCSTAT02401_OUT
daily,KOSDAQ150,institution,043260,성호전자,335485,365039,29554,10738781250,11678864200,940082950,KRX MDCSTAT02401_OUT
daily,KOSDAQ150,institution,074600,원익QnC,54383,80852,26469,1784746050,2654916875,870170825,KRX MDCSTAT02401_OUT
daily,KOSDAQ150,institution,096530,씨젠,25724,47561,21837,953272800,1763213525,809940725,KRX MDCSTAT02401_OUT
daily,KOSDAQ150,institution,310210,보로노이,11313,16198,4885,1737732150,2491584200,753852050,KRX MDCSTAT02401_OUT
daily,KOSDAQ150,institution,445680,큐리옥스바이오시스템즈,8308,19975,11667,509110700,1233226200,724115500,KRX MDCSTAT02401_OUT
daily,KOSDAQ150,institution,125490,한라캐스트,5493,51607,46114,74961560,707307720,632346160,KRX MDCSTAT02401_OUT
daily,KOSDAQ150,institution,003380,하림지주,45988,96761,50773,527320690,1113552325,586231635,KRX MDCSTAT02401_OUT
daily,KOSDAQ150,institution,078340,컴투스,8489,22884,14395,317951150,858339075,540387925,KRX MDCSTAT02401_OUT
daily,KOSDAQ150,institution,099320,쎄트렉아이,4419,10785,6366,362052700,888493800,526441100,KRX MDCSTAT02401_OUT
daily,KOSDAQ150,institution,030530,원익홀딩스,12856,29263,16407,392423800,901571700,509147900,KRX MDCSTAT02401_OUT
daily,KOSDAQ150,institution,161580,필옵틱스,4745,16480,11735,197146550,684302525,487155975,KRX MDCSTAT02401_OUT
daily,KOSDAQ150,institution,281740,레이크머티리얼즈,48182,85378,37196,626804800,1113824885,487020085,KRX MDCSTAT02401_OUT
daily,KOSDAQ150,institution,041510,에스엠,11917,17953,6036,933969650,1409082600,475112950,KRX MDCSTAT02401_OUT
daily,KOSDAQ150,institution,225570,넥슨게임즈,8754,51330,42576,94650020,557453350,462803330,KRX MDCSTAT02401_OUT
daily,KOSDAQ150,institution,035900,JYP Ent.,13769,25013,11244,523435825,952083650,428647825,KRX MDCSTAT02401_OUT
daily,KOSDAQ150,institution,041190,우리기술투자,11975,79334,67359,74544300,496680550,422136250,KRX MDCSTAT02401_OUT
daily,KOSDAQ150,institution,006730,서부T&D,89158,120598,31440,1023016675,1385112775,362096100,KRX MDCSTAT02401_OUT
daily,KOSDAQ150,institution,348370,엔켐,21817,35140,13323,527731925,851612800,323880875,KRX MDCSTAT02401_OUT
daily,KOSDAQ150,institution,348210,넥스틴,8640,16474,7834,346109550,661322775,315213225,KRX MDCSTAT02401_OUT
daily,KOSDAQ150,institution,056190,SFA,46576,55763,9187,1467078250,1761833125,294754875,KRX MDCSTAT02401_OUT
daily,KOSDAQ150,institution,028300,HLB,254199,261239,7040,12236288575,12528287625,291999050,KRX MDCSTAT02401_OUT
daily,KOSDAQ150,institution,214370,케어젠,6903,13166,6263,299941250,578898600,278957350,KRX MDCSTAT02401_OUT
daily,KOSDAQ150,institution,137400,피엔티,19050,27195,8145,633191600,906109975,272918375,KRX MDCSTAT02401_OUT
daily,KOSDAQ150,institution,214430,아이쓰리시스템,3252,6475,3223,259939600,517082600,257143000,KRX MDCSTAT02401_OUT
daily,KOSDAQ150,institution,050890,쏠리드,21544,41923,20379,226132815,440405550,214272735,KRX MDCSTAT02401_OUT
daily,KOSDAQ150,institution,036830,솔브레인홀딩스,14189,18536,4347,694475825,908136750,213660925,KRX MDCSTAT02401_OUT
daily,KOSDAQ150,institution,122870,와이지엔터테인먼트,10011,15177,5166,411287125,624355750,213068625,KRX MDCSTAT02401_OUT
daily,KOSDAQ150,institution,100790,미래에셋벤처투자,5255,15478,10223,97207780,286786435,189578655,KRX MDCSTAT02401_OUT
daily,KOSDAQ150,institution,215200,메가스터디교육,6236,11099,4863,235149000,419611900,184462900,KRX MDCSTAT02401_OUT
daily,KOSDAQ150,institution,0009K0,에임드바이오,22849,29972,7123,588628825,772650300,184021475,KRX MDCSTAT02401_OUT
daily,KOSDAQ150,institution,263750,펄어비스,15701,21061,5360,519503400,698704125,179200725,KRX MDCSTAT02401_OUT
daily,KOSDAQ150,institution,211050,인카금융서비스,14493,32545,18052,140900680,317708360,176807680,KRX MDCSTAT02401_OUT
daily,KOSDAQ150,institution,007390,네이처셀,12732,19264,6532,315506000,479359350,163853350,KRX MDCSTAT02401_OUT
daily,KOSDAQ150,institution,095660,네오위즈,9802,18582,8780,178140210,338556030,160415820,KRX MDCSTAT02401_OUT
daily,KOSDAQ150,institution,218410,RFHIC,56403,58986,2583,3499390950,3659446400,160055450,KRX MDCSTAT02401_OUT
daily,KOSDAQ150,institution,030520,한컴,33898,41766,7868,616096570,765108830,149012260,KRX MDCSTAT02401_OUT
daily,KOSDAQ150,institution,032500,케이엠더블유,8403,14641,6238,174811725,304855675,130043950,KRX MDCSTAT02401_OUT
daily,KOSDAQ150,institution,068760,셀트리온제약,5249,8176,2927,207017325,324317400,117300075,KRX MDCSTAT02401_OUT
daily,KOSDAQ150,institution,018290,브이티,9096,18209,9113,115105450,230181320,115075870,KRX MDCSTAT02401_OUT
daily,KOSDAQ150,institution,204270,제이앤티씨,8391,13490,5099,194832350,309528225,114695875,KRX MDCSTAT02401_OUT
daily,KOSDAQ150,institution,171090,선익시스템,6160,7643,1483,465934800,579024450,113089650,KRX MDCSTAT02401_OUT
daily,KOSDAQ150,institution,328130,루닛,16750,26969,10219,183355620,296001495,112645875,KRX MDCSTAT02401_OUT
daily,KOSDAQ150,institution,053800,안랩,9882,11061,1179,883653500,992822700,109169200,KRX MDCSTAT02401_OUT
daily,KOSDAQ150,institution,085660,차바이오텍,34567,45037,10470,299297860,391597850,92299990,KRX MDCSTAT02401_OUT
daily,KOSDAQ150,institution,101490,에스앤에스텍,25501,27055,1554,1365319600,1452556450,87236850,KRX MDCSTAT02401_OUT
daily,KOSDAQ150,institution,358570,지아이이노베이션,14613,23680,9067,131177170,216077770,84900600,KRX MDCSTAT02401_OUT
daily,KOSDAQ150,institution,166090,하나머티리얼즈,35072,36359,1287,2273779900,2358072600,84292700,KRX MDCSTAT02401_OUT
daily,KOSDAQ150,institution,124500,아이티센글로벌,6656,9359,2703,198306425,279797225,81490800,KRX MDCSTAT02401_OUT
daily,KOSDAQ150,institution,032820,우리기술,56961,62862,5901,728882365,804334235,75451870,KRX MDCSTAT02401_OUT
daily,KOSDAQ150,institution,048410,현대바이오,54443,64322,9879,389150685,461011975,71861290,KRX MDCSTAT02401_OUT
daily,KOSDAQ150,institution,323280,태성,11019,12133,1114,672771500,742044950,69273450,KRX MDCSTAT02401_OUT
daily,KOSDAQ150,institution,082270,젬백스,10485,15278,4793,116724180,171511510,54787330,KRX MDCSTAT02401_OUT
daily,KOSDAQ150,institution,141080,리가켐바이오,42414,42906,492,3549480850,3602994600,53513750,KRX MDCSTAT02401_OUT
daily,KOSDAQ150,institution,036620,감성코퍼레이션,65213,77673,12460,243476525,291094710,47618185,KRX MDCSTAT02401_OUT
daily,KOSDAQ150,institution,253450,스튜디오드래곤,6851,8824,1973,141537100,184206325,42669225,KRX MDCSTAT02401_OUT
daily,KOSDAQ150,institution,194480,데브시스터즈,5560,8239,2679,78024210,116143330,38119120,KRX MDCSTAT02401_OUT
daily,KOSDAQ150,institution,060280,큐렉소,6670,10499,3829,59844515,95016550,35172035,KRX MDCSTAT02401_OUT
daily,KOSDAQ150,institution,025980,아난티,19233,26108,6875,96271425,130491613,34220188,KRX MDCSTAT02401_OUT
daily,KOSDAQ150,institution,069080,웹젠,14702,17125,2423,174371280,203327255,28955975,KRX MDCSTAT02401_OUT
daily,KOSDAQ150,institution,065350,신성델타테크,7261,8047,786,243613700,271305650,27691950,KRX MDCSTAT02401_OUT
daily,KOSDAQ150,institution,025320,시노펙스,18541,24562,6021,74038910,98411210,24372300,KRX MDCSTAT02401_OUT
daily,KOSDAQ150,institution,035760,CJ ENM,7458,8094,636,257550400,280790025,23239625,KRX MDCSTAT02401_OUT
daily,KOSDAQ150,institution,278280,천보,2461,2959,498,96584225,115939575,19355350,KRX MDCSTAT02401_OUT
daily,KOSDAQ150,institution,015750,성우하이텍,17416,18628,1212,104114500,111614640,7500140,KRX MDCSTAT02401_OUT
daily,KOSDAQ150,institution,033500,동성화인텍,4818,5211,393,78076000,85021460,6945460,KRX MDCSTAT02401_OUT
daily,KOSDAQ150,institution,352480,씨앤씨인터내셔널,1305,1314,9,26786650,27142850,356200,KRX MDCSTAT02401_OUT
daily,KOSDAQ150,institution,376300,디어유,19121,19090,-31,358282340,358630050,347710,KRX MDCSTAT02401_OUT
daily,KOSDAQ150,institution,101730,위메이드맥스,6616,6570,-46,30495560,30356965,-138595,KRX MDCSTAT02401_OUT
daily,KOSDAQ150,institution,399720,가온칩스,2176,2009,-167,104685725,96713600,-7972125,KRX MDCSTAT02401_OUT
daily,KOSDAQ150,institution,025900,동화기업,8631,6851,-1780,64660660,51437520,-13223140,KRX MDCSTAT02401_OUT
daily,KOSDAQ150,institution,033100,제룡전기,5741,5455,-286,286931600,272653875,-14277725,KRX MDCSTAT02401_OUT
daily,KOSDAQ150,institution,112040,위메이드,18509,17507,-1002,290184730,274908280,-15276450,KRX MDCSTAT02401_OUT
daily,KOSDAQ150,institution,009520,포스코엠텍,15704,14338,-1366,209811620,191463610,-18348010,KRX MDCSTAT02401_OUT
daily,KOSDAQ150,institution,032190,다우데이타,12914,11800,-1114,249673320,229737120,-19936200,KRX MDCSTAT02401_OUT
daily,KOSDAQ150,institution,272290,이녹스첨단소재,10422,9546,-876,237854750,217878700,-19976050,KRX MDCSTAT02401_OUT
daily,KOSDAQ150,institution,090360,로보스타,3075,2727,-348,250955700,222368800,-28586900,KRX MDCSTAT02401_OUT
daily,KOSDAQ150,institution,014620,성광벤드,41921,40701,-1220,1260024450,1225125200,-34899250,KRX MDCSTAT02401_OUT
daily,KOSDAQ150,institution,060250,NHN KCP,14233,8681,-5552,194445025,119683920,-74761105,KRX MDCSTAT02401_OUT
daily,KOSDAQ150,institution,038500,삼표시멘트,38430,25941,-12489,262463175,177442445,-85020730,KRX MDCSTAT02401_OUT
daily,KOSDAQ150,institution,098460,고영,170590,167254,-3336,6106854600,6001118750,-105735850,KRX MDCSTAT02401_OUT
daily,KOSDAQ150,institution,067160,SOOP,8226,4710,-3516,301712475,173009100,-128703375,KRX MDCSTAT02401_OUT
daily,KOSDAQ150,institution,214150,클래시스,21776,16798,-4978,675024050,524522650,-150501400,KRX MDCSTAT02401_OUT
daily,KOSDAQ150,institution,195940,HK이노엔,38514,34497,-4017,1581681075,1419317900,-162363175,KRX MDCSTAT02401_OUT
daily,KOSDAQ150,institution,420770,기가비스,18895,17610,-1285,2561840950,2397718700,-164122250,KRX MDCSTAT02401_OUT
daily,KOSDAQ150,institution,319400,현대무벡스,42317,26591,-15726,889264825,560401925,-328862900,KRX MDCSTAT02401_OUT
daily,KOSDAQ150,institution,298380,에이비엘바이오,45124,37409,-7715,2359670050,1968414150,-391255900,KRX MDCSTAT02401_OUT
daily,KOSDAQ150,institution,082920,비츠로셀,46701,32271,-14430,1392481550,962924175,-429557375,KRX MDCSTAT02401_OUT
daily,KOSDAQ150,institution,213420,덕산네오룩스,33002,18146,-14856,1003282700,552614900,-450667800,KRX MDCSTAT02401_OUT
daily,KOSDAQ150,institution,052400,코나아이,17549,4331,-13218,651473150,161836850,-489636300,KRX MDCSTAT02401_OUT
daily,KOSDAQ150,institution,090710,휴림로봇,155020,53599,-101421,1013407375,354737020,-658670355,KRX MDCSTAT02401_OUT
daily,KOSDAQ150,institution,388720,유일로보틱스,13792,2897,-10895,992936100,209683000,-783253100,KRX MDCSTAT02401_OUT
daily,KOSDAQ150,institution,145020,휴젤,8146,3013,-5133,1468024850,545003900,-923020950,KRX MDCSTAT02401_OUT
daily,KOSDAQ150,institution,241710,코스메카코리아,105003,93284,-11719,11062694750,10119057800,-943636950,KRX MDCSTAT02401_OUT
daily,KOSDAQ150,institution,005290,동진쎄미켐,104940,83824,-21116,5446199650,4362776850,-1083422800,KRX MDCSTAT02401_OUT
daily,KOSDAQ150,institution,058610,에스피지,64405,52965,-11440,6870531650,5688806350,-1181725300,KRX MDCSTAT02401_OUT
daily,KOSDAQ150,institution,466100,클로봇,61737,11161,-50576,1482393850,269023300,-1213370550,KRX MDCSTAT02401_OUT
daily,KOSDAQ150,institution,257720,실리콘투,118814,80850,-37964,4313571075,2941038200,-1372532875,KRX MDCSTAT02401_OUT
daily,KOSDAQ150,institution,060370,LS마린솔루션,57267,13246,-44021,1977333700,456249025,-1521084675,KRX MDCSTAT02401_OUT
daily,KOSDAQ150,institution,031980,피에스케이홀딩스,65715,56427,-9288,12678157250,10978633000,-1699524250,KRX MDCSTAT02401_OUT
daily,KOSDAQ150,institution,036540,SFA반도체,1116658,966473,-150185,13256760885,11484655550,-1772105335,KRX MDCSTAT02401_OUT
daily,KOSDAQ150,institution,183300,코미코,88778,28908,-59870,3003168475,979499325,-2023669150,KRX MDCSTAT02401_OUT
daily,KOSDAQ150,institution,064760,티씨케이,23043,15901,-7142,6781286750,4681413250,-2099873500,KRX MDCSTAT02401_OUT
daily,KOSDAQ150,institution,475830,오름테라퓨틱,141060,7884,-133176,2889688900,162766250,-2726922650,KRX MDCSTAT02401_OUT
daily,KOSDAQ150,institution,083650,비에이치아이,65755,12867,-52888,3830925050,752265700,-3078659350,KRX MDCSTAT02401_OUT
daily,KOSDAQ150,institution,087010,펩트론,40901,11124,-29777,5319536100,1451104900,-3868431200,KRX MDCSTAT02401_OUT
daily,KOSDAQ150,institution,437730,삼현,132360,30727,-101633,6822187600,1599267750,-5222919850,KRX MDCSTAT02401_OUT
daily,KOSDAQ150,institution,222800,심텍,231510,187641,-43869,41073636850,33306445550,-7767191300,KRX MDCSTAT02401_OUT
daily,KOSDAQ150,institution,214450,파마리서치,36360,10298,-26062,11014868500,3124452000,-7890416500,KRX MDCSTAT02401_OUT
daily,KOSDAQ150,institution,196170,알테오젠,86306,55104,-31202,22433602250,14377349500,-8056252750,KRX MDCSTAT02401_OUT
daily,KOSDAQ150,institution,095340,ISC,83312,30499,-52813,17158864500,6286589750,-10872274750,KRX MDCSTAT02401_OUT
daily,KOSDAQ150,institution,095610,테스,108722,40622,-68100,18958072450,7105073550,-11852998900,KRX MDCSTAT02401_OUT
daily,KOSDAQ150,institution,067310,하나마이크론,401616,133959,-267657,21389151500,7122799550,-14266351950,KRX MDCSTAT02401_OUT
weekly,KOSPI200,foreign,316140,우리금융지주,11266066,28357735,17091669,382124793633,951007473353,568882679720,KRX MDCSTAT02401_OUT
weekly,KOSPI200,foreign,009150,삼성전기,907202,1092268,185066,1414174905666,1722675477666,308500572000,KRX MDCSTAT02401_OUT
weekly,KOSPI200,foreign,006400,삼성SDI,416181,559026,142845,218131593500,300539273000,82407679500,KRX MDCSTAT02401_OUT
weekly,KOSPI200,foreign,096770,SK이노베이션,1315356,1860313,544957,194141506300,276163754150,82022247850,KRX MDCSTAT02401_OUT
weekly,KOSPI200,foreign,010120,LS ELECTRIC,420539,680321,259782,86704773350,142061342050,55356568700,KRX MDCSTAT02401_OUT
weekly,KOSPI200,foreign,042700,한미반도체,973307,1153402,180095,257785252250,301306858750,43521606500,KRX MDCSTAT02401_OUT
weekly,KOSPI200,foreign,066570,LG전자,1111703,1293994,182291,241529329500,284715208750,43185879250,KRX MDCSTAT02401_OUT
weekly,KOSPI200,foreign,329180,HD현대중공업,276543,359259,82716,118152932250,153671200250,35518268000,KRX MDCSTAT02401_OUT
weekly,KOSPI200,foreign,007660,이수페타시스,1389284,1647028,257744,169708469250,204912235450,35203766200,KRX MDCSTAT02401_OUT
weekly,KOSPI200,foreign,003670,포스코퓨처엠,357186,499455,142269,66409448700,94365187000,27955738300,KRX MDCSTAT02401_OUT
weekly,KOSPI200,foreign,278470,에이피알,501544,568040,66496,182245390378,206804365378,24558975000,KRX MDCSTAT02401_OUT
weekly,KOSPI200,foreign,064400,LG씨엔에스,410436,730742,320306,28905010464,51977682714,23072672250,KRX MDCSTAT02401_OUT
weekly,KOSPI200,foreign,010950,S-Oil,758802,894823,136021,121054614650,143397614200,22342999550,KRX MDCSTAT02401_OUT
weekly,KOSPI200,foreign,028260,삼성물산,690600,749238,58638,237471914016,257612168516,20140254500,KRX MDCSTAT02401_OUT
weekly,KOSPI200,foreign,017670,SK텔레콤,881597,1108388,226791,76492939250,96139354350,19646415100,KRX MDCSTAT02401_OUT
weekly,KOSPI200,foreign,298040,효성중공업,77980,84015,6035,217037994500,234402288500,17364294000,KRX MDCSTAT02401_OUT
weekly,KOSPI200,foreign,004170,신세계,121238,170697,49459,40252897250,56754469250,16501572000,KRX MDCSTAT02401_OUT
weekly,KOSPI200,foreign,011200,HMM,1466949,2208624,741675,30968069965,46738197890,15770127925,KRX MDCSTAT02401_OUT
weekly,KOSPI200,foreign,018260,삼성에스디에스,246153,316220,70067,53797263000,69141557750,15344294750,KRX MDCSTAT02401_OUT
weekly,KOSPI200,foreign,454910,두산로보틱스,339231,544732,205501,24288546300,39312682450,15024136150,KRX MDCSTAT02401_OUT
weekly,KOSPI200,foreign,011070,LG이노텍,548113,569188,21075,319597416000,334544994500,14947578500,KRX MDCSTAT02401_OUT
weekly,KOSPI200,foreign,0126Z0,삼성에피스홀딩스,86122,124136,38014,30765347500,44565878500,13800531000,KRX MDCSTAT02401_OUT
weekly,KOSPI200,foreign,086280,현대글로비스,262142,327236,65094,51959336850,64834382900,12875046050,KRX MDCSTAT02401_OUT
weekly,KOSPI200,foreign,443060,HD현대마린솔루션,144946,199361,54415,33598499091,46072944591,12474445500,KRX MDCSTAT02401_OUT
weekly,KOSPI200,foreign,402340,SK스퀘어,1182693,1190711,8018,1350119958066,1361714381566,11594423500,KRX MDCSTAT02401_OUT
weekly,KOSPI200,foreign,052690,한전기술,276242,350408,74166,34557099350,43862683800,9305584450,KRX MDCSTAT02401_OUT
weekly,KOSPI200,foreign,086790,하나금융지주,1907493,1978780,71287,248037282640,257308123890,9270841250,KRX MDCSTAT02401_OUT
weekly,KOSPI200,foreign,078930,GS,838759,926679,87920,88458316045,97440107895,8981791850,KRX MDCSTAT02401_OUT
weekly,KOSPI200,foreign,010130,고려아연,20019,28442,8423,21562399100,30509744600,8947345500,KRX MDCSTAT02401_OUT
weekly,KOSPI200,foreign,259960,크래프톤,186359,229035,42676,36788356900,45239118450,8450761550,KRX MDCSTAT02401_OUT
weekly,KOSPI200,foreign,071050,한국금융지주,448072,493867,45795,79870440650,88046105700,8175665050,KRX MDCSTAT02401_OUT
weekly,KOSPI200,foreign,009830,한화솔루션,5532596,5644895,112299,187838498225,195800699450,7962201225,KRX MDCSTAT02401_OUT
weekly,KOSPI200,foreign,082740,한화엔진,908628,1063828,155200,43569869550,51446238275,7876368725,KRX MDCSTAT02401_OUT
weekly,KOSPI200,foreign,483650,달바글로벌,135785,178820,43035,25178252450,32938927750,7760675300,KRX MDCSTAT02401_OUT
weekly,KOSPI200,foreign,120110,코오롱인더,142143,274785,132642,7928962950,15501779150,7572816200,KRX MDCSTAT02401_OUT
weekly,KOSPI200,foreign,128940,한미약품,100360,113958,13598,50668617250,57710743000,7042125750,KRX MDCSTAT02401_OUT
weekly,KOSPI200,foreign,450080,에코프로머티,539739,719699,179960,19608203825,26465169750,6856965925,KRX MDCSTAT02401_OUT
weekly,KOSPI200,foreign,001450,현대해상,1128528,1264331,135803,54529831575,60897065700,6367234125,KRX MDCSTAT02401_OUT
weekly,KOSPI200,foreign,307950,현대오토에버,53981,70803,16822,20235991250,26599520500,6363529250,KRX MDCSTAT02401_OUT
weekly,KOSPI200,foreign,204320,HL만도,325904,452764,126860,15148816775,21175870300,6027053525,KRX MDCSTAT02401_OUT
weekly,KOSPI200,foreign,004020,현대제철,966534,1152760,186226,29069766700,34660055525,5590288825,KRX MDCSTAT02401_OUT
weekly,KOSPI200,foreign,023530,롯데쇼핑,200231,250089,49858,20137947650,25162147350,5024199700,KRX MDCSTAT02401_OUT
weekly,KOSPI200,foreign,000100,유한양행,371546,436989,65443,27474835850,32366801550,4891965700,KRX MDCSTAT02401_OUT
weekly,KOSPI200,foreign,005830,DB손해보험,687411,711059,23648,126686386504,130891144304,4204757800,KRX MDCSTAT02401_OUT
weekly,KOSPI200,foreign,069960,현대백화점,208382,255365,46983,18482590750,22660353150,4177762400,KRX MDCSTAT02401_OUT
weekly,KOSPI200,foreign,161390,한국타이어앤테크놀로지,650090,712772,62682,38532030700,42157149900,3625119200,KRX MDCSTAT02401_OUT
weekly,KOSPI200,foreign,066970,엘앤에프,496490,516604,20114,56462642750,59766409350,3303766600,KRX MDCSTAT02401_OUT
weekly,KOSPI200,foreign,375500,DL이앤씨,579752,620617,40865,44407286750,47563959350,3156672600,KRX MDCSTAT02401_OUT
weekly,KOSPI200,foreign,008930,한미사이언스,212751,268499,55748,11409962400,14559858600,3149896200,KRX MDCSTAT02401_OUT
weekly,KOSPI200,foreign,034730,SK,293704,298098,4394,171379068000,174229230500,2850162500,KRX MDCSTAT02401_OUT
weekly,KOSPI200,foreign,002380,KCC,38868,44694,5826,18324530000,21089307250,2764777250,KRX MDCSTAT02401_OUT
weekly,KOSPI200,foreign,022100,포스코DX,451321,561916,110595,9247348305,11673756955,2426408650,KRX MDCSTAT02401_OUT
weekly,KOSPI200,foreign,003230,삼양식품,49342,51390,2048,59991959000,62409293000,2417334000,KRX MDCSTAT02401_OUT
weekly,KOSPI200,foreign,039490,키움증권,206209,215399,9190,52577752583,54965655083,2387902500,KRX MDCSTAT02401_OUT
weekly,KOSPI200,foreign,251270,넷마블,414590,461632,47042,14399195575,16057959325,1658763750,KRX MDCSTAT02401_OUT
weekly,KOSPI200,foreign,006280,녹십자,42021,54430,12409,5275066250,6854198600,1579132350,KRX MDCSTAT02401_OUT
weekly,KOSPI200,foreign,000880,한화,241107,253339,12232,30576424282,32134713782,1558289500,KRX MDCSTAT02401_OUT
weekly,KOSPI200,foreign,285130,SK케미칼,48705,75544,26839,2502442300,3880022900,1377580600,KRX MDCSTAT02401_OUT
weekly,KOSPI200,foreign,282330,BGF리테일,113133,123055,9922,14570312250,15874844300,1304532050,KRX MDCSTAT02401_OUT
weekly,KOSPI200,foreign,006800,미래에셋증권,1814097,1849076,34979,57195181925,58421567950,1226386025,KRX MDCSTAT02401_OUT
weekly,KOSPI200,foreign,192080,더블유게임즈,103038,121430,18392,5979116900,7062115500,1082998600,KRX MDCSTAT02401_OUT
weekly,KOSPI200,foreign,302440,SK바이오사이언스,96639,122262,25623,3507795150,4468856000,961060850,KRX MDCSTAT02401_OUT
weekly,KOSPI200,foreign,009420,한올바이오파마,425073,451971,26898,19588535750,20530440575,941904825,KRX MDCSTAT02401_OUT
weekly,KOSPI200,foreign,036460,한국가스공사,276414,298515,22101,9759001675,10554842725,795841050,KRX MDCSTAT02401_OUT
weekly,KOSPI200,foreign,298020,효성티앤씨,54673,57837,3164,15543179500,16329085250,785905750,KRX MDCSTAT02401_OUT
weekly,KOSPI200,foreign,002790,아모레퍼시픽홀딩스,259198,285613,26415,6649677700,7279849575,630171875,KRX MDCSTAT02401_OUT
weekly,KOSPI200,foreign,000670,영풍,73970,88954,14984,3042926700,3667050700,624124000,KRX MDCSTAT02401_OUT
weekly,KOSPI200,foreign,005850,에스엘,140666,151574,10908,7174869875,7755570900,580701025,KRX MDCSTAT02401_OUT
weekly,KOSPI200,foreign,137310,에스디바이오센서,200321,280847,80526,1240499680,1754327010,513827330,KRX MDCSTAT02401_OUT
weekly,KOSPI200,foreign,007340,DN오토모티브,258704,268589,9885,12831578300,13342544525,510966225,KRX MDCSTAT02401_OUT
weekly,KOSPI200,foreign,097950,CJ제일제당,79789,81796,2007,14246480200,14616237950,369757750,KRX MDCSTAT02401_OUT
weekly,KOSPI200,foreign,007070,GS리테일,276871,291605,14734,6190175125,6520493450,330318325,KRX MDCSTAT02401_OUT
weekly,KOSPI200,foreign,000210,DL,76526,82705,6179,3796434600,4105161875,308727275,KRX MDCSTAT02401_OUT
weekly,KOSPI200,foreign,008730,율촌화학,116342,135304,18962,1713217530,1999528540,286311010,KRX MDCSTAT02401_OUT
weekly,KOSPI200,foreign,005420,코스모화학,250544,272906,22362,2717678110,2959688545,242010435,KRX MDCSTAT02401_OUT
weekly,KOSPI200,foreign,280360,롯데웰푸드,25992,28142,2150,3168640350,3406201500,237561150,KRX MDCSTAT02401_OUT
weekly,KOSPI200,foreign,003240,태광산업,1986,2179,193,1783437000,1966537000,183100000,KRX MDCSTAT02401_OUT
weekly,KOSPI200,foreign,014820,동원시스템즈,26414,32988,6574,558751625,700579025,141827400,KRX MDCSTAT02401_OUT
weekly,KOSPI200,foreign,028670,팬오션,6292803,6256190,-36613,37308363265,37370437315,62074050,KRX MDCSTAT02401_OUT
weekly,KOSPI200,foreign,011780,금호석유화학,143815,143822,7,16657823150,16695772200,37949050,KRX MDCSTAT02401_OUT
weekly,KOSPI200,foreign,268280,미원에스씨,1691,1610,-81,216539150,205730600,-10808550,KRX MDCSTAT02401_OUT
weekly,KOSPI200,foreign,185750,종근당,47559,47162,-397,3070989600,3047402050,-23587550,KRX MDCSTAT02401_OUT
weekly,KOSPI200,foreign,007700,F&F홀딩스,7470,2498,-4972,99861850,33421160,-66440690,KRX MDCSTAT02401_OUT
weekly,KOSPI200,foreign,002840,미원상사,4480,3884,-596,607311850,525519150,-81792700,KRX MDCSTAT02401_OUT
weekly,KOSPI200,foreign,002030,아세아,3393,2749,-644,689894450,557785500,-132108950,KRX MDCSTAT02401_OUT
weekly,KOSPI200,foreign,093370,후성,7293391,7262884,-30507,112387097755,112200552140,-186545615,KRX MDCSTAT02401_OUT
weekly,KOSPI200,foreign,071320,지역난방공사,21750,18338,-3412,1713051600,1447986400,-265065200,KRX MDCSTAT02401_OUT
weekly,KOSPI200,foreign,006040,동원산업,62895,53307,-9588,2216884550,1880100775,-336783775,KRX MDCSTAT02401_OUT
weekly,KOSPI200,foreign,300720,한일시멘트,81221,58737,-22484,1309113965,945534255,-363579710,KRX MDCSTAT02401_OUT
weekly,KOSPI200,foreign,026960,동서,218645,201595,-17050,5816666275,5447811275,-368855000,KRX MDCSTAT02401_OUT
weekly,KOSPI200,foreign,004000,롯데정밀화학,75792,66180,-9612,3248545900,2836303975,-412241925,KRX MDCSTAT02401_OUT
weekly,KOSPI200,foreign,006650,대한유화,69696,64502,-5194,6258226800,5795771500,-462455300,KRX MDCSTAT02401_OUT
weekly,KOSPI200,foreign,298050,HS효성첨단소재,16250,12911,-3339,2614384100,2089619000,-524765100,KRX MDCSTAT02401_OUT
weekly,KOSPI200,foreign,111770,영원무역,172019,162520,-9499,11758897000,11116693450,-642203550,KRX MDCSTAT02401_OUT
weekly,KOSPI200,foreign,000240,한국앤컴퍼니,106666,79162,-27504,2672030600,1985615750,-686414850,KRX MDCSTAT02401_OUT
weekly,KOSPI200,foreign,069260,TKG휴켐스,127656,82201,-45455,2033705965,1312912450,-720793515,KRX MDCSTAT02401_OUT
weekly,KOSPI200,foreign,073240,금호타이어,1999556,1873681,-125875,13530890940,12731308315,-799582625,KRX MDCSTAT02401_OUT
weekly,KOSPI200,foreign,180640,한진칼,122147,115844,-6303,16307915130,15454279530,-853635600,KRX MDCSTAT02401_OUT
weekly,KOSPI200,foreign,000080,하이트진로,195813,137351,-58462,2905940870,2046526170,-859414700,KRX MDCSTAT02401_OUT
weekly,KOSPI200,foreign,005300,롯데칠성,44670,35181,-9489,4245745563,3346783563,-898962000,KRX MDCSTAT02401_OUT
weekly,KOSPI200,foreign,006260,LS,227108,224473,-2635,68817156250,67868304750,-948851500,KRX MDCSTAT02401_OUT
weekly,KOSPI200,foreign,009970,영원무역홀딩스,27493,21581,-5912,4468110750,3510852200,-957258550,KRX MDCSTAT02401_OUT
weekly,KOSPI200,foreign,011210,현대위아,145001,125775,-19226,7668852550,6662093450,-1006759100,KRX MDCSTAT02401_OUT
weekly,KOSPI200,foreign,007310,오뚜기,6762,3467,-3295,2133362250,1093045000,-1040317250,KRX MDCSTAT02401_OUT
weekly,KOSPI200,foreign,069620,대웅제약,38801,28528,-10273,4164778750,3079885900,-1084892850,KRX MDCSTAT02401_OUT
weekly,KOSPI200,foreign,003090,대웅,194937,121742,-73195,2993523970,1874465385,-1119058585,KRX MDCSTAT02401_OUT
weekly,KOSPI200,foreign,001680,대상,157633,86355,-71278,2804978100,1541819940,-1263158160,KRX MDCSTAT02401_OUT
weekly,KOSPI200,foreign,271560,오리온,237042,225697,-11345,25339486050,24071308000,-1268178050,KRX MDCSTAT02401_OUT
weekly,KOSPI200,foreign,012750,에스원,191532,175967,-15565,15953401750,14649428400,-1303973350,KRX MDCSTAT02401_OUT
weekly,KOSPI200,foreign,267270,HD건설기계,415876,408525,-7351,50292219150,48969930650,-1322288500,KRX MDCSTAT02401_OUT
weekly,KOSPI200,foreign,361610,SK아이이테크놀로지,806677,716627,-90050,13720169195,12346007300,-1374161895,KRX MDCSTAT02401_OUT
weekly,KOSPI200,foreign,009240,한샘,66738,31198,-35540,2632357100,1232325575,-1400031525,KRX MDCSTAT02401_OUT
weekly,KOSPI200,foreign,001800,오리온홀딩스,199301,137615,-61686,4622081275,3201858875,-1420222400,KRX MDCSTAT02401_OUT
weekly,KOSPI200,foreign,377300,카카오페이,190767,154401,-36366,7641679500,6194884250,-1446795250,KRX MDCSTAT02401_OUT
weekly,KOSPI200,foreign,030200,KT,431037,402891,-28146,22506948617,21050964367,-1455984250,KRX MDCSTAT02401_OUT
weekly,KOSPI200,foreign,047810,한국항공우주,486870,472943,-13927,62546944250,60965997450,-1580946800,KRX MDCSTAT02401_OUT
weekly,KOSPI200,foreign,034230,파라다이스,604448,385170,-219278,5669640930,3611281050,-2058359880,KRX MDCSTAT02401_OUT
weekly,KOSPI200,foreign,030000,제일기획,985425,862610,-122815,18316014605,16037163950,-2278850655,KRX MDCSTAT02401_OUT
weekly,KOSPI200,foreign,003490,대한항공,2933519,2848989,-84530,91449762425,89034530425,-2415232000,KRX MDCSTAT02401_OUT
weekly,KOSPI200,foreign,062040,산일전기,539609,527359,-12250,117956677350,115401250050,-2555427300,KRX MDCSTAT02401_OUT
weekly,KOSPI200,foreign,001040,CJ,227394,207219,-20175,30346209600,27694761200,-2651448400,KRX MDCSTAT02401_OUT
weekly,KOSPI200,foreign,017960,한국카본,308771,176280,-132491,6262082440,3571100295,-2690982145,KRX MDCSTAT02401_OUT
weekly,KOSPI200,foreign,029780,삼성카드,192380,122283,-70097,8089966200,5146004025,-2943962175,KRX MDCSTAT02401_OUT
weekly,KOSPI200,foreign,139480,이마트,174124,131464,-42660,12432483150,9404934600,-3027548550,KRX MDCSTAT02401_OUT
weekly,KOSPI200,foreign,011170,롯데케미칼,230873,180185,-50688,13980222600,10893031850,-3087190750,KRX MDCSTAT02401_OUT
weekly,KOSPI200,foreign,103140,풍산,200224,156088,-44136,15480211800,12145690650,-3334521150,KRX MDCSTAT02401_OUT
weekly,KOSPI200,foreign,003030,세아제강지주,79194,48083,-31111,8972969650,5457942250,-3515027400,KRX MDCSTAT02401_OUT
weekly,KOSPI200,foreign,000120,CJ대한통운,97669,47086,-50583,6828600300,3294531800,-3534068500,KRX MDCSTAT02401_OUT
weekly,KOSPI200,foreign,035250,강원랜드,535402,282163,-253239,7659479395,4044819655,-3614659740,KRX MDCSTAT02401_OUT
weekly,KOSPI200,foreign,034220,LG디스플레이,7088392,6612050,-476342,59719076290,55860107015,-3858969275,KRX MDCSTAT02401_OUT
weekly,KOSPI200,foreign,004990,롯데지주,286272,120043,-166229,6806647800,2853878100,-3952769700,KRX MDCSTAT02401_OUT
weekly,KOSPI200,foreign,017800,현대엘리베이터,235657,181501,-54156,17155356279,13201301879,-3954054400,KRX MDCSTAT02401_OUT
weekly,KOSPI200,foreign,051600,한전KPS,313376,221330,-92046,13923320925,9851449300,-4071871625,KRX MDCSTAT02401_OUT
weekly,KOSPI200,foreign,004370,농심,55539,45063,-10476,22373583890,18175650640,-4197933250,KRX MDCSTAT02401_OUT
weekly,KOSPI200,foreign,032640,LG유플러스,2236239,1940647,-295592,32605677930,28319958095,-4285719835,KRX MDCSTAT02401_OUT
weekly,KOSPI200,foreign,003550,LG,564938,524955,-39983,62917788880,58493430480,-4424358400,KRX MDCSTAT02401_OUT
weekly,KOSPI200,foreign,071970,HD현대마린엔진,367629,269804,-97825,17582009525,13089024775,-4492984750,KRX MDCSTAT02401_OUT
weekly,KOSPI200,foreign,138930,BNK금융지주,2264315,1959757,-304558,36135139370,31300727865,-4834411505,KRX MDCSTAT02401_OUT
weekly,KOSPI200,foreign,081660,미스토홀딩스,367193,234904,-132289,13990400775,8920017400,-5070383375,KRX MDCSTAT02401_OUT
weekly,KOSPI200,foreign,051910,LG화학,476826,451961,-24865,121663461500,116516792000,-5146669500,KRX MDCSTAT02401_OUT
weekly,KOSPI200,foreign,161890,한국콜마,772435,734061,-38374,109592493150,104418598800,-5173894350,KRX MDCSTAT02401_OUT
weekly,KOSPI200,foreign,241560,두산밥캣,644114,542962,-101152,35373397940,29788986690,-5584411250,KRX MDCSTAT02401_OUT
weekly,KOSPI200,foreign,005940,NH투자증권,1015711,800856,-214855,26777981013,21109112163,-5668868850,KRX MDCSTAT02401_OUT
weekly,KOSPI200,foreign,000270,기아,2558594,2507477,-51117,290500111650,284747803100,-5752308550,KRX MDCSTAT02401_OUT
weekly,KOSPI200,foreign,016360,삼성증권,785873,713406,-72467,69883398904,63499785454,-6383613450,KRX MDCSTAT02401_OUT
weekly,KOSPI200,foreign,009540,HD한국조선해양,428941,407798,-21143,138738560214,131754955964,-6983604250,KRX MDCSTAT02401_OUT
weekly,KOSPI200,foreign,051900,LG생활건강,227542,202798,-24744,62214327750,55154858750,-7059469000,KRX MDCSTAT02401_OUT
weekly,KOSPI200,foreign,175330,JB금융지주,1224191,984669,-239522,35715510300,28522540475,-7192969825,KRX MDCSTAT02401_OUT
weekly,KOSPI200,foreign,018880,한온시스템,21150955,18897615,-2253340,77332380440,69784473071,-7547907369,KRX MDCSTAT02401_OUT
weekly,KOSPI200,foreign,352820,하이브,309960,261011,-48949,48608787278,40883029778,-7725757500,KRX MDCSTAT02401_OUT
weekly,KOSPI200,foreign,001430,세아베스틸지주,302225,128541,-173684,13883825175,5896647650,-7987177525,KRX MDCSTAT02401_OUT
weekly,KOSPI200,foreign,326030,SK바이오팜,274986,163129,-111857,20735178350,12315913050,-8419265300,KRX MDCSTAT02401_OUT
weekly,KOSPI200,foreign,021240,코웨이,562038,474544,-87494,56425593900,47511409350,-8914184550,KRX MDCSTAT02401_OUT
weekly,KOSPI200,foreign,139130,iM금융지주,1597276,1097934,-499342,29453072756,20255666736,-9197406020,KRX MDCSTAT02401_OUT
weekly,KOSPI200,foreign,088350,한화생명,5493547,3690881,-1802666,29718506170,19839380790,-9879125380,KRX MDCSTAT02401_OUT
weekly,KOSPI200,foreign,457190,이수스페셜티케미컬,721293,581581,-139712,54871591400,44864928100,-10006663300,KRX MDCSTAT02401_OUT
weekly,KOSPI200,foreign,000720,현대건설,934651,849360,-85291,108312775650,98262076800,-10050698850,KRX MDCSTAT02401_OUT
weekly,KOSPI200,foreign,008770,호텔신라,542484,244920,-297564,21371788100,9639126200,-11732661900,KRX MDCSTAT02401_OUT
weekly,KOSPI200,foreign,035720,카카오,2186916,1833462,-353454,73257892050,61461453125,-11796438925,KRX MDCSTAT02401_OUT
weekly,KOSPI200,foreign,373220,LG에너지솔루션,489493,455130,-34363,178970733250,167046860750,-11923872500,KRX MDCSTAT02401_OUT
weekly,KOSPI200,foreign,267250,HD현대,446102,384402,-61700,88990168940,76797874840,-12192294100,KRX MDCSTAT02401_OUT
weekly,KOSPI200,foreign,090430,아모레퍼시픽,520049,427049,-93000,70488125994,57814773694,-12673352300,KRX MDCSTAT02401_OUT
weekly,KOSPI200,foreign,112610,씨에스윈드,757031,500452,-256579,40589778475,26816696175,-13773082300,KRX MDCSTAT02401_OUT
weekly,KOSPI200,foreign,000810,삼성화재,217305,194623,-22682,138374672000,123704926500,-14669745500,KRX MDCSTAT02401_OUT
weekly,KOSPI200,foreign,192820,코스맥스,276276,224416,-51860,76633924250,61908273500,-14725650750,KRX MDCSTAT02401_OUT
weekly,KOSPI200,foreign,323410,카카오뱅크,2041550,1234888,-806662,40601655005,24602842305,-15998812700,KRX MDCSTAT02401_OUT
weekly,KOSPI200,foreign,015760,한국전력,1391767,853039,-538728,41840883500,25691188250,-16149695250,KRX MDCSTAT02401_OUT
weekly,KOSPI200,foreign,079550,LIG디펜스앤에어로스페이스,145481,121387,-24094,104198306000,87186501500,-17011804500,KRX MDCSTAT02401_OUT
weekly,KOSPI200,foreign,138040,메리츠금융지주,393172,258695,-134477,50691498000,33331356750,-17360141250,KRX MDCSTAT02401_OUT
weekly,KOSPI200,foreign,000150,두산,178047,165000,-13047,247442533000,230070347000,-17372186000,KRX MDCSTAT02401_OUT
weekly,KOSPI200,foreign,047050,포스코인터내셔널,1041901,711630,-330271,58218430600,40186671850,-18031758750,KRX MDCSTAT02401_OUT
weekly,KOSPI200,foreign,064350,현대로템,1263599,1098072,-165527,142596229200,124263763150,-18332466050,KRX MDCSTAT02401_OUT
weekly,KOSPI200,foreign,011790,SKC,799955,623115,-176840,83517211800,65128667350,-18388544450,KRX MDCSTAT02401_OUT
weekly,KOSPI200,foreign,032830,삼성생명,637631,568578,-69053,181421616500,161666799500,-19754817000,KRX MDCSTAT02401_OUT
weekly,KOSPI200,foreign,068270,셀트리온,772656,660311,-112345,139641167415,119341147115,-20300020300,KRX MDCSTAT02401_OUT
weekly,KOSPI200,foreign,000990,DB하이텍,998654,841167,-157487,138222873250,116134293300,-22088579950,KRX MDCSTAT02401_OUT
weekly,KOSPI200,foreign,001440,대한전선,3287230,2508396,-778834,99948804125,77594789625,-22354014500,KRX MDCSTAT02401_OUT
weekly,KOSPI200,foreign,024110,기업은행,2553687,1401811,-1151876,51673137350,28376774975,-23296362375,KRX MDCSTAT02401_OUT
weekly,KOSPI200,foreign,267260,HD현대일렉트릭,612196,576154,-36042,411725096000,387332126500,-24392969500,KRX MDCSTAT02401_OUT
weekly,KOSPI200,foreign,028050,삼성E&A,3481511,2876769,-604742,166176841661,137411676061,-28765165600,KRX MDCSTAT02401_OUT
weekly,KOSPI200,foreign,014680,한솔케미칼,230349,101900,-128449,61342799000,26915582000,-34427217000,KRX MDCSTAT02401_OUT
weekly,KOSPI200,foreign,033780,KT&G,769070,564348,-204722,135598437150,99591252650,-36007184500,KRX MDCSTAT02401_OUT
weekly,KOSPI200,foreign,272210,한화시스템,1732548,1282837,-449711,136964254800,100928962750,-36035292050,KRX MDCSTAT02401_OUT
weekly,KOSPI200,foreign,010060,OCI홀딩스,482390,317284,-165106,109475652500,71953050000,-37522602500,KRX MDCSTAT02401_OUT
weekly,KOSPI200,foreign,012450,한화에어로스페이스,279051,240539,-38512,287348736258,247822102258,-39526634000,KRX MDCSTAT02401_OUT
weekly,KOSPI200,foreign,042660,한화오션,1438654,860400,-578254,112751576150,67542673700,-45208902450,KRX MDCSTAT02401_OUT
weekly,KOSPI200,foreign,005490,POSCO홀딩스,437917,287622,-150295,135025412500,88820151500,-46205261000,KRX MDCSTAT02401_OUT
weekly,KOSPI200,foreign,036570,NC,451430,226152,-225278,102533131000,50756805000,-51776326000,KRX MDCSTAT02401_OUT
weekly,KOSPI200,foreign,047040,대우건설,8041110,4988695,-3052415,141479674745,88557338640,-52922336105,KRX MDCSTAT02401_OUT
weekly,KOSPI200,foreign,010140,삼성중공업,7519048,3912613,-3606435,147446573065,77228790145,-70217782920,KRX MDCSTAT02401_OUT
weekly,KOSPI200,foreign,035420,NAVER,1025455,649894,-375561,197593784150,125619816050,-71973968100,KRX MDCSTAT02401_OUT
weekly,KOSPI200,foreign,012330,현대모비스,789723,593897,-195826,295829433250,222350426500,-73479006750,KRX MDCSTAT02401_OUT
weekly,KOSPI200,foreign,207940,삼성바이오로직스,181473,113482,-67991,246472880500,156338947000,-90133933500,KRX MDCSTAT02401_OUT
weekly,KOSPI200,foreign,105560,KB금융,3032396,2433668,-598728,511602673726,410559791076,-101042882650,KRX MDCSTAT02401_OUT
weekly,KOSPI200,foreign,055550,신한지주,3630464,2621702,-1008762,384956799854,277775962154,-107180837700,KRX MDCSTAT02401_OUT
weekly,KOSPI200,foreign,034020,두산에너빌리티,3989675,2604750,-1384925,323309471650,211561389950,-111748081700,KRX MDCSTAT02401_OUT
weekly,KOSPI200,foreign,005380,현대차,1102348,722758,-379590,382317500000,251010466750,-131307033250,KRX MDCSTAT02401_OUT
weekly,KOSPI200,foreign,005930,삼성전자,27300037,18422055,-8877982,7421053226385,5014645059135,-2406408167250,KRX MDCSTAT02401_OUT
weekly,KOSPI200,foreign,000660,SK하이닉스,6082805,3832467,-2250338,10883417420831,6875942073331,-4007475347500,KRX MDCSTAT02401_OUT
weekly,KOSPI200,institution,009150,삼성전기,774485,930498,156013,1209490483000,1455463166500,245972683500,KRX MDCSTAT02401_OUT
weekly,KOSPI200,institution,042700,한미반도체,447137,875338,428201,118005463250,229260120000,111254656750,KRX MDCSTAT02401_OUT
weekly,KOSPI200,institution,066570,LG전자,482262,968046,485784,104869852500,211671624750,106801772250,KRX MDCSTAT02401_OUT
weekly,KOSPI200,institution,373220,LG에너지솔루션,351025,628123,277098,127141397750,231794476500,104653078750,KRX MDCSTAT02401_OUT
weekly,KOSPI200,institution,006400,삼성SDI,402636,534942,132306,210531317500,286883154500,76351837000,KRX MDCSTAT02401_OUT
weekly,KOSPI200,institution,272210,한화시스템,659909,1591501,931592,51387467750,125921122850,74533655100,KRX MDCSTAT02401_OUT
weekly,KOSPI200,institution,055550,신한지주,1212583,1895813,683230,128281227800,201053966050,72772738250,KRX MDCSTAT02401_OUT
weekly,KOSPI200,institution,011070,LG이노텍,234029,342928,108899,136614032500,204074746000,67460713500,KRX MDCSTAT02401_OUT
weekly,KOSPI200,institution,402340,SK스퀘어,677352,725268,47916,769618637500,826146580500,56527943000,KRX MDCSTAT02401_OUT
weekly,KOSPI200,institution,009830,한화솔루션,1747502,3374045,1626543,60335006775,116608175550,56273168775,KRX MDCSTAT02401_OUT
weekly,KOSPI200,institution,014680,한솔케미칼,63419,248154,184735,17022995250,66261932750,49238937500,KRX MDCSTAT02401_OUT
weekly,KOSPI200,institution,105560,KB금융,1150403,1429356,278953,194026437950,241355035650,47328597700,KRX MDCSTAT02401_OUT
weekly,KOSPI200,institution,011790,SKC,183912,623696,439784,18611868550,65229977650,46618109100,KRX MDCSTAT02401_OUT
weekly,KOSPI200,institution,012330,현대모비스,391731,502997,111266,147292920000,189432565500,42139645500,KRX MDCSTAT02401_OUT
weekly,KOSPI200,institution,007660,이수페타시스,513848,850355,336507,62540120300,103473484350,40933364050,KRX MDCSTAT02401_OUT
weekly,KOSPI200,institution,036570,NC,239496,408125,168629,54137100500,94120423750,39983323250,KRX MDCSTAT02401_OUT
weekly,KOSPI200,institution,010060,OCI홀딩스,145284,310068,164784,32484999750,71507811750,39022812000,KRX MDCSTAT02401_OUT
weekly,KOSPI200,institution,316140,우리금융지주,2135574,3291711,1156137,73139979725,111732077580,38592097855,KRX MDCSTAT02401_OUT
weekly,KOSPI200,institution,112610,씨에스윈드,191162,848695,657533,10157252000,46297511900,36140259900,KRX MDCSTAT02401_OUT
weekly,KOSPI200,institution,062040,산일전기,189084,348564,159480,40781559200,75485749950,34704190750,KRX MDCSTAT02401_OUT
weekly,KOSPI200,institution,018880,한온시스템,3344746,11116507,7771761,12330618263,41230766502,28900148239,KRX MDCSTAT02401_OUT
weekly,KOSPI200,institution,192820,코스맥스,106481,189883,83402,29090267000,52585054250,23494787250,KRX MDCSTAT02401_OUT
weekly,KOSPI200,institution,079550,LIG디펜스앤에어로스페이스,113553,141426,27873,80335481500,101891488500,21556007000,KRX MDCSTAT02401_OUT
weekly,KOSPI200,institution,138040,메리츠금융지주,167597,306814,139217,21559803950,39612395900,18052591950,KRX MDCSTAT02401_OUT
weekly,KOSPI200,institution,010950,S-Oil,366999,464996,97997,58283726900,74617258300,16333531400,KRX MDCSTAT02401_OUT
weekly,KOSPI200,institution,034730,SK,173441,199524,26083,100910501000,116162490500,15251989500,KRX MDCSTAT02401_OUT
weekly,KOSPI200,institution,051910,LG화학,243318,299512,56194,62813127750,78058792750,15245665000,KRX MDCSTAT02401_OUT
weekly,KOSPI200,institution,093370,후성,1209633,2166702,957069,18583514495,33504204005,14920689510,KRX MDCSTAT02401_OUT
weekly,KOSPI200,institution,003670,포스코퓨처엠,473188,536625,63437,86905116100,101400287550,14495171450,KRX MDCSTAT02401_OUT
weekly,KOSPI200,institution,005940,NH투자증권,481661,1007467,525806,12662420875,26563399100,13900978225,KRX MDCSTAT02401_OUT
weekly,KOSPI200,institution,000990,DB하이텍,449108,545039,95931,61989154600,75422340350,13433185750,KRX MDCSTAT02401_OUT
weekly,KOSPI200,institution,028670,팬오션,2095531,4147722,2052191,12315910195,24728366415,12412456220,KRX MDCSTAT02401_OUT
weekly,KOSPI200,institution,066970,엘앤에프,542897,633647,90750,61979957100,73824601400,11844644300,KRX MDCSTAT02401_OUT
weekly,KOSPI200,institution,012450,한화에어로스페이스,146303,156229,9926,149837307000,161276058000,11438751000,KRX MDCSTAT02401_OUT
weekly,KOSPI200,institution,139130,iM금융지주,301377,842982,541605,5557086215,15565594980,10008508765,KRX MDCSTAT02401_OUT
weekly,KOSPI200,institution,016360,삼성증권,272185,369740,97555,24145907700,32905097700,8759190000,KRX MDCSTAT02401_OUT
weekly,KOSPI200,institution,047050,포스코인터내셔널,404195,552693,148498,22389663950,30958370400,8568706450,KRX MDCSTAT02401_OUT
weekly,KOSPI200,institution,021240,코웨이,161924,240981,79057,16201600150,24295454800,8093854650,KRX MDCSTAT02401_OUT
weekly,KOSPI200,institution,001430,세아베스틸지주,116671,275776,159105,5346793925,12668653550,7321859625,KRX MDCSTAT02401_OUT
weekly,KOSPI200,institution,033780,KT&G,207283,247949,40666,36502780200,43713175500,7210395300,KRX MDCSTAT02401_OUT
weekly,KOSPI200,institution,361610,SK아이이테크놀로지,222574,609476,386902,3790722140,10565476865,6774754725,KRX MDCSTAT02401_OUT
weekly,KOSPI200,institution,003490,대한항공,2300180,2495272,195092,71598306650,77936392225,6338085575,KRX MDCSTAT02401_OUT
weekly,KOSPI200,institution,068270,셀트리온,451325,483232,31907,81449295950,87638845100,6189549150,KRX MDCSTAT02401_OUT
weekly,KOSPI200,institution,000810,삼성화재,70427,79257,8830,44506209500,50402790000,5896580500,KRX MDCSTAT02401_OUT
weekly,KOSPI200,institution,001440,대한전선,681080,865018,183938,20773663725,26463237325,5689573600,KRX MDCSTAT02401_OUT
weekly,KOSPI200,institution,090430,아모레퍼시픽,311498,350044,38546,42313903650,47930386300,5616482650,KRX MDCSTAT02401_OUT
weekly,KOSPI200,institution,006800,미래에셋증권,974351,1118666,144315,30670415375,35482645050,4812229675,KRX MDCSTAT02401_OUT
weekly,KOSPI200,institution,003550,LG,181510,219991,38481,20200476650,24620408600,4419931950,KRX MDCSTAT02401_OUT
weekly,KOSPI200,institution,082740,한화엔진,613435,693280,79845,29313500700,33576818000,4263317300,KRX MDCSTAT02401_OUT
weekly,KOSPI200,institution,004370,농심,18959,29270,10311,7621222000,11799793250,4178571250,KRX MDCSTAT02401_OUT
weekly,KOSPI200,institution,001040,CJ,102164,133087,30923,13543205450,17719079050,4175873600,KRX MDCSTAT02401_OUT
weekly,KOSPI200,institution,0126Z0,삼성에피스홀딩스,15589,25950,10361,5594152750,9346604500,3752451750,KRX MDCSTAT02401_OUT
weekly,KOSPI200,institution,008930,한미사이언스,134442,203273,68831,7316017100,11064057250,3748040150,KRX MDCSTAT02401_OUT
weekly,KOSPI200,institution,003030,세아제강지주,50411,83310,32899,5703656800,9442028850,3738372050,KRX MDCSTAT02401_OUT
weekly,KOSPI200,institution,024110,기업은행,685801,862217,176416,13857218175,17499831250,3642613075,KRX MDCSTAT02401_OUT
weekly,KOSPI200,institution,081660,미스토홀딩스,81340,171667,90327,3087250700,6576066400,3488815700,KRX MDCSTAT02401_OUT
weekly,KOSPI200,institution,128940,한미약품,91420,97137,5717,46028394250,49470935250,3442541000,KRX MDCSTAT02401_OUT
weekly,KOSPI200,institution,457190,이수스페셜티케미컬,196507,237578,41071,15247018400,18544711700,3297693300,KRX MDCSTAT02401_OUT
weekly,KOSPI200,institution,175330,JB금융지주,638213,727029,88816,18433705550,21234737775,2801032225,KRX MDCSTAT02401_OUT
weekly,KOSPI200,institution,032640,LG유플러스,653250,837846,184596,9507630535,12203472030,2695841495,KRX MDCSTAT02401_OUT
weekly,KOSPI200,institution,030000,제일기획,553176,681401,128225,10271354915,12678776465,2407421550,KRX MDCSTAT02401_OUT
weekly,KOSPI200,institution,009240,한샘,14709,73743,59034,579343350,2913650050,2334306700,KRX MDCSTAT02401_OUT
weekly,KOSPI200,institution,047810,한국항공우주,239577,256351,16774,30765359800,33056775350,2291415550,KRX MDCSTAT02401_OUT
weekly,KOSPI200,institution,097950,CJ제일제당,38443,47107,8664,6862007950,8413961850,1551953900,KRX MDCSTAT02401_OUT
weekly,KOSPI200,institution,012750,에스원,63073,81102,18029,5243216800,6758222200,1515005400,KRX MDCSTAT02401_OUT
weekly,KOSPI200,institution,454910,두산로보틱스,122264,142122,19858,8745832400,10177149200,1431316800,KRX MDCSTAT02401_OUT
weekly,KOSPI200,institution,022100,포스코DX,194887,258844,63957,3989437870,5360974760,1371536890,KRX MDCSTAT02401_OUT
weekly,KOSPI200,institution,000240,한국앤컴퍼니,40733,93064,52331,1020827225,2332725075,1311897850,KRX MDCSTAT02401_OUT
weekly,KOSPI200,institution,011170,롯데케미칼,140949,154969,14020,8493504800,9407979600,914474800,KRX MDCSTAT02401_OUT
weekly,KOSPI200,institution,005850,에스엘,96479,111686,15207,4916853650,5743294450,826440800,KRX MDCSTAT02401_OUT
weekly,KOSPI200,institution,326030,SK바이오팜,77862,88279,10417,5857719550,6669831050,812111500,KRX MDCSTAT02401_OUT
weekly,KOSPI200,institution,026960,동서,82657,107008,24351,2168653950,2836866925,668212975,KRX MDCSTAT02401_OUT
weekly,KOSPI200,institution,007340,DN오토모티브,130281,142937,12656,6448217225,7072760150,624542925,KRX MDCSTAT02401_OUT
weekly,KOSPI200,institution,006280,녹십자,26094,29490,3396,3273479300,3741766900,468287600,KRX MDCSTAT02401_OUT
weekly,KOSPI200,institution,004990,롯데지주,85203,102360,17157,2018787225,2451108750,432321525,KRX MDCSTAT02401_OUT
weekly,KOSPI200,institution,069620,대웅제약,26606,30519,3913,2862740700,3285541900,422801200,KRX MDCSTAT02401_OUT
weekly,KOSPI200,institution,005420,코스모화학,91849,120192,28343,985343515,1309985110,324641595,KRX MDCSTAT02401_OUT
weekly,KOSPI200,institution,009970,영원무역홀딩스,11772,13728,1956,1913135100,2231132850,317997750,KRX MDCSTAT02401_OUT
weekly,KOSPI200,institution,002030,아세아,2481,3950,1469,501105750,803750850,302645100,KRX MDCSTAT02401_OUT
weekly,KOSPI200,institution,300720,한일시멘트,58785,73789,15004,946744695,1191232025,244487330,KRX MDCSTAT02401_OUT
weekly,KOSPI200,institution,138930,BNK금융지주,642289,655654,13365,10244140890,10473810260,229669370,KRX MDCSTAT02401_OUT
weekly,KOSPI200,institution,008730,율촌화학,21868,37000,15132,320595830,545360260,224764430,KRX MDCSTAT02401_OUT
weekly,KOSPI200,institution,007310,오뚜기,2267,2864,597,714123250,903996000,189872750,KRX MDCSTAT02401_OUT
weekly,KOSPI200,institution,035250,강원랜드,227541,240490,12949,3255323225,3441785915,186462690,KRX MDCSTAT02401_OUT
weekly,KOSPI200,institution,137310,에스디바이오센서,89207,117940,28733,556503425,741314395,184810970,KRX MDCSTAT02401_OUT
weekly,KOSPI200,institution,069260,TKG휴켐스,56813,66085,9272,906157395,1055542905,149385510,KRX MDCSTAT02401_OUT
weekly,KOSPI200,institution,139480,이마트,66539,68003,1464,4749961300,4869113450,119152150,KRX MDCSTAT02401_OUT
weekly,KOSPI200,institution,073240,금호타이어,454893,467313,12420,3081628925,3180332615,98703690,KRX MDCSTAT02401_OUT
weekly,KOSPI200,institution,003240,태광산업,2055,2114,59,1851264000,1909404000,58140000,KRX MDCSTAT02401_OUT
weekly,KOSPI200,institution,071320,지역난방공사,10314,10549,235,809698300,831606750,21908450,KRX MDCSTAT02401_OUT
weekly,KOSPI200,institution,007700,F&F홀딩스,2939,2890,-49,39287870,38646970,-640900,KRX MDCSTAT02401_OUT
weekly,KOSPI200,institution,002840,미원상사,4717,4646,-71,637965800,630428650,-7537150,KRX MDCSTAT02401_OUT
weekly,KOSPI200,institution,017960,한국카본,123664,120701,-2963,2485418675,2452341150,-33077525,KRX MDCSTAT02401_OUT
weekly,KOSPI200,institution,014820,동원시스템즈,28187,26291,-1896,595275200,556247400,-39027800,KRX MDCSTAT02401_OUT
weekly,KOSPI200,institution,088350,한화생명,1565312,1545541,-19771,8542594020,8479504780,-63089240,KRX MDCSTAT02401_OUT
weekly,KOSPI200,institution,011210,현대위아,40926,39259,-1667,2161178850,2077810650,-83368200,KRX MDCSTAT02401_OUT
weekly,KOSPI200,institution,268280,미원에스씨,2458,1758,-700,312412850,225738550,-86674300,KRX MDCSTAT02401_OUT
weekly,KOSPI200,institution,003090,대웅,85471,79584,-5887,1315337450,1226754250,-88583200,KRX MDCSTAT02401_OUT
weekly,KOSPI200,institution,000670,영풍,35607,32542,-3065,1460343675,1348043650,-112300025,KRX MDCSTAT02401_OUT
weekly,KOSPI200,institution,001680,대상,49250,40175,-9075,880375285,719893050,-160482235,KRX MDCSTAT02401_OUT
weekly,KOSPI200,institution,298050,HS효성첨단소재,8274,7116,-1158,1334637500,1150278050,-184359450,KRX MDCSTAT02401_OUT
weekly,KOSPI200,institution,005300,롯데칠성,9002,6685,-2317,854464150,635955050,-218509100,KRX MDCSTAT02401_OUT
weekly,KOSPI200,institution,001800,오리온홀딩스,91825,79841,-11984,2116874075,1852938700,-263935375,KRX MDCSTAT02401_OUT
weekly,KOSPI200,institution,006040,동원산업,27473,16175,-11298,969454575,571335150,-398119425,KRX MDCSTAT02401_OUT
weekly,KOSPI200,institution,000080,하이트진로,103646,76155,-27491,1541560705,1133278745,-408281960,KRX MDCSTAT02401_OUT
weekly,KOSPI200,institution,000880,한화,58155,54720,-3435,7358831150,6926309000,-432522150,KRX MDCSTAT02401_OUT
weekly,KOSPI200,institution,185750,종근당,16926,9994,-6932,1094147700,647794200,-446353500,KRX MDCSTAT02401_OUT
weekly,KOSPI200,institution,302440,SK바이오사이언스,78440,65860,-12580,2853484675,2397162900,-456321775,KRX MDCSTAT02401_OUT
weekly,KOSPI200,institution,017800,현대엘리베이터,110574,101138,-9436,8027271200,7383762100,-643509100,KRX MDCSTAT02401_OUT
weekly,KOSPI200,institution,000120,CJ대한통운,46038,32348,-13690,3218118850,2269401050,-948717800,KRX MDCSTAT02401_OUT
weekly,KOSPI200,institution,034230,파라다이스,249995,143753,-106242,2338709305,1350208760,-988500545,KRX MDCSTAT02401_OUT
weekly,KOSPI200,institution,285130,SK케미칼,61487,40529,-20958,3156706900,2086759750,-1069947150,KRX MDCSTAT02401_OUT
weekly,KOSPI200,institution,180640,한진칼,108418,99439,-8979,14403091700,13261175350,-1141916350,KRX MDCSTAT02401_OUT
weekly,KOSPI200,institution,280360,롯데웰푸드,27372,17616,-9756,3310737950,2154150000,-1156587950,KRX MDCSTAT02401_OUT
weekly,KOSPI200,institution,029780,삼성카드,103204,73802,-29402,4344338050,3106927325,-1237410725,KRX MDCSTAT02401_OUT
weekly,KOSPI200,institution,052690,한전기술,227491,214706,-12785,28214697450,26906982800,-1307714650,KRX MDCSTAT02401_OUT
weekly,KOSPI200,institution,207940,삼성바이오로직스,62176,61084,-1092,86103322500,84763902000,-1339420500,KRX MDCSTAT02401_OUT
weekly,KOSPI200,institution,036460,한국가스공사,150910,111476,-39434,5290868925,3925110225,-1365758700,KRX MDCSTAT02401_OUT
weekly,KOSPI200,institution,483650,달바글로벌,95893,86153,-9740,17459493300,16031784050,-1427709250,KRX MDCSTAT02401_OUT
weekly,KOSPI200,institution,192080,더블유게임즈,51809,26531,-25278,3009446350,1543204100,-1466242250,KRX MDCSTAT02401_OUT
weekly,KOSPI200,institution,004000,롯데정밀화학,67408,32935,-34473,2885803925,1413582750,-1472221175,KRX MDCSTAT02401_OUT
weekly,KOSPI200,institution,000210,DL,82497,51454,-31043,4094684425,2561690575,-1532993850,KRX MDCSTAT02401_OUT
weekly,KOSPI200,institution,010120,LS ELECTRIC,359244,348152,-11092,73953886550,72242537050,-1711349500,KRX MDCSTAT02401_OUT
weekly,KOSPI200,institution,002790,아모레퍼시픽홀딩스,152622,80825,-71797,3846177625,2084610625,-1761567000,KRX MDCSTAT02401_OUT
weekly,KOSPI200,institution,007070,GS리테일,181653,98318,-83335,4055543825,2205388600,-1850155225,KRX MDCSTAT02401_OUT
weekly,KOSPI200,institution,282330,BGF리테일,51305,36271,-15034,6648027550,4691396250,-1956631300,KRX MDCSTAT02401_OUT
weekly,KOSPI200,institution,111770,영원무역,78021,48743,-29278,5324150950,3343949550,-1980201400,KRX MDCSTAT02401_OUT
weekly,KOSPI200,institution,323410,카카오뱅크,916327,805230,-111097,18259845435,16030147515,-2229697920,KRX MDCSTAT02401_OUT
weekly,KOSPI200,institution,051600,한전KPS,177025,124039,-52986,7830318650,5511166100,-2319152550,KRX MDCSTAT02401_OUT
weekly,KOSPI200,institution,006650,대한유화,34561,8597,-25964,3104043750,768409200,-2335634550,KRX MDCSTAT02401_OUT
weekly,KOSPI200,institution,009540,HD한국조선해양,196652,188270,-8382,63287146250,60815148500,-2471997750,KRX MDCSTAT02401_OUT
weekly,KOSPI200,institution,377300,카카오페이,179344,116794,-62550,7177324550,4682279950,-2495044600,KRX MDCSTAT02401_OUT
weekly,KOSPI200,institution,009420,한올바이오파마,440518,373852,-66666,19830183350,17309259600,-2520923750,KRX MDCSTAT02401_OUT
weekly,KOSPI200,institution,251270,넷마블,235057,157463,-77594,8148855600,5469002525,-2679853075,KRX MDCSTAT02401_OUT
weekly,KOSPI200,institution,002380,KCC,16415,10620,-5795,7728801000,5005442750,-2723358250,KRX MDCSTAT02401_OUT
weekly,KOSPI200,institution,011780,금호석유화학,56167,31615,-24552,6507086650,3670725550,-2836361100,KRX MDCSTAT02401_OUT
weekly,KOSPI200,institution,032830,삼성생명,271890,258930,-12960,77152062250,73657041750,-3495020500,KRX MDCSTAT02401_OUT
weekly,KOSPI200,institution,034220,LG디스플레이,1384786,899594,-485192,11718735185,7631255035,-4087480150,KRX MDCSTAT02401_OUT
weekly,KOSPI200,institution,103140,풍산,141449,83845,-57604,10905301650,6512067450,-4393234200,KRX MDCSTAT02401_OUT
weekly,KOSPI200,institution,001450,현대해상,446276,348124,-98152,21430396975,16923457300,-4506939675,KRX MDCSTAT02401_OUT
weekly,KOSPI200,institution,241560,두산밥캣,203262,116763,-86499,11168592400,6418383900,-4750208500,KRX MDCSTAT02401_OUT
weekly,KOSPI200,institution,039490,키움증권,94755,74675,-20080,24117829750,19161126750,-4956703000,KRX MDCSTAT02401_OUT
weekly,KOSPI200,institution,450080,에코프로머티,533998,398662,-135336,19659650550,14676162375,-4983488175,KRX MDCSTAT02401_OUT
weekly,KOSPI200,institution,018260,삼성에스디에스,123950,100738,-23212,27063993000,22064631500,-4999361500,KRX MDCSTAT02401_OUT
weekly,KOSPI200,institution,008770,호텔신라,227190,90736,-136454,8922182025,3565177650,-5357004375,KRX MDCSTAT02401_OUT
weekly,KOSPI200,institution,071970,HD현대마린엔진,193990,74090,-119900,9255412500,3585385600,-5670026900,KRX MDCSTAT02401_OUT
weekly,KOSPI200,institution,161390,한국타이어앤테크놀로지,312463,203413,-109050,18399883300,12055053350,-6344829950,KRX MDCSTAT02401_OUT
weekly,KOSPI200,institution,000100,유한양행,313035,224250,-88785,23085419850,16616298900,-6469120950,KRX MDCSTAT02401_OUT
weekly,KOSPI200,institution,069960,현대백화점,101388,27486,-73902,8963242850,2441576400,-6521666450,KRX MDCSTAT02401_OUT
weekly,KOSPI200,institution,271560,오리온,128945,67014,-61931,13719561500,7170342500,-6549219000,KRX MDCSTAT02401_OUT
weekly,KOSPI200,institution,204320,HL만도,251749,111986,-139763,11780440600,5217630250,-6562810350,KRX MDCSTAT02401_OUT
weekly,KOSPI200,institution,051900,LG생활건강,96844,70567,-26277,25974837250,19300884000,-6673953250,KRX MDCSTAT02401_OUT
weekly,KOSPI200,institution,011200,HMM,965240,632035,-333205,20342343425,13382516325,-6959827100,KRX MDCSTAT02401_OUT
weekly,KOSPI200,institution,003230,삼양식품,45453,39342,-6111,55066733500,47910114000,-7156619500,KRX MDCSTAT02401_OUT
weekly,KOSPI200,institution,023530,롯데쇼핑,130657,58756,-71901,13103024250,5926934850,-7176089400,KRX MDCSTAT02401_OUT
weekly,KOSPI200,institution,352820,하이브,208455,162268,-46187,32636716400,25453731900,-7182984500,KRX MDCSTAT02401_OUT
weekly,KOSPI200,institution,064400,LG씨엔에스,265888,165250,-100638,18863066950,11651904750,-7211162200,KRX MDCSTAT02401_OUT
weekly,KOSPI200,institution,005830,DB손해보험,226336,180218,-46118,41657502850,33364683900,-8292818950,KRX MDCSTAT02401_OUT
weekly,KOSPI200,institution,005490,POSCO홀딩스,326235,296808,-29427,100536228750,91763066500,-8773162250,KRX MDCSTAT02401_OUT
weekly,KOSPI200,institution,015760,한국전력,1659696,1361710,-297986,49904386175,41010602100,-8893784075,KRX MDCSTAT02401_OUT
weekly,KOSPI200,institution,071050,한국금융지주,238324,187444,-50880,42426822750,33463618100,-8963204650,KRX MDCSTAT02401_OUT
weekly,KOSPI200,institution,120110,코오롱인더,253023,84945,-168078,14109632000,4745853550,-9363778450,KRX MDCSTAT02401_OUT
weekly,KOSPI200,institution,443060,HD현대마린솔루션,114062,70248,-43814,26337501500,16391330500,-9946171000,KRX MDCSTAT02401_OUT
weekly,KOSPI200,institution,086280,현대글로비스,181302,128731,-52571,35831714400,25537819200,-10293895200,KRX MDCSTAT02401_OUT
weekly,KOSPI200,institution,017670,SK텔레콤,781226,656828,-124398,67519874850,56996389450,-10523485400,KRX MDCSTAT02401_OUT
weekly,KOSPI200,institution,307950,현대오토에버,59322,31059,-28263,22224117250,11677783000,-10546334250,KRX MDCSTAT02401_OUT
weekly,KOSPI200,institution,298020,효성티앤씨,60108,21968,-38140,16819188500,6198113250,-10621075250,KRX MDCSTAT02401_OUT
weekly,KOSPI200,institution,035720,카카오,1077633,730310,-347323,36049685800,24479750175,-11569935625,KRX MDCSTAT02401_OUT
weekly,KOSPI200,institution,375500,DL이앤씨,365092,208459,-156633,27903817250,16004914850,-11898902400,KRX MDCSTAT02401_OUT
weekly,KOSPI200,institution,259960,크래프톤,170416,105176,-65240,33650997500,20811638100,-12839359400,KRX MDCSTAT02401_OUT
weekly,KOSPI200,institution,267250,HD현대,245141,169510,-75631,48852827050,33854911050,-14997916000,KRX MDCSTAT02401_OUT
weekly,KOSPI200,institution,064350,현대로템,517487,376354,-141133,58534615450,42621442000,-15913173450,KRX MDCSTAT02401_OUT
weekly,KOSPI200,institution,030200,KT,734138,409388,-324750,38107228900,21287880700,-16819348200,KRX MDCSTAT02401_OUT
weekly,KOSPI200,institution,028260,삼성물산,396987,339663,-57324,136301470000,116880869000,-19420601000,KRX MDCSTAT02401_OUT
weekly,KOSPI200,institution,004020,현대제철,1206757,490442,-716315,36186637950,14743466275,-21443171675,KRX MDCSTAT02401_OUT
weekly,KOSPI200,institution,161890,한국콜마,454239,277349,-176890,63204026000,39117722950,-24086303050,KRX MDCSTAT02401_OUT
weekly,KOSPI200,institution,010130,고려아연,39285,16430,-22855,41805423000,17606647500,-24198775500,KRX MDCSTAT02401_OUT
weekly,KOSPI200,institution,028050,삼성E&A,1168629,657392,-511237,55690592150,31362685425,-24327906725,KRX MDCSTAT02401_OUT
weekly,KOSPI200,institution,004170,신세계,104877,29748,-75129,34681861750,9857723000,-24824138750,KRX MDCSTAT02401_OUT
weekly,KOSPI200,institution,278470,에이피알,220393,151477,-68916,80172297000,55257574000,-24914723000,KRX MDCSTAT02401_OUT
weekly,KOSPI200,institution,078930,GS,650971,408954,-242017,68060995450,42970101450,-25090894000,KRX MDCSTAT02401_OUT
weekly,KOSPI200,institution,267260,HD현대일렉트릭,156305,116047,-40258,104726018500,78175559000,-26550459500,KRX MDCSTAT02401_OUT
weekly,KOSPI200,institution,000150,두산,126171,102422,-23749,171451499500,143680112000,-27771387500,KRX MDCSTAT02401_OUT
weekly,KOSPI200,institution,047040,대우건설,4090719,2465042,-1625677,71996221140,43644658060,-28351563080,KRX MDCSTAT02401_OUT
weekly,KOSPI200,institution,010140,삼성중공업,3914801,2273505,-1641296,76771772745,44757392945,-32014379800,KRX MDCSTAT02401_OUT
weekly,KOSPI200,institution,086790,하나금융지주,1100854,842787,-258067,143390518150,109833178000,-33557340150,KRX MDCSTAT02401_OUT
weekly,KOSPI200,institution,298040,효성중공업,39866,27428,-12438,111025833500,76559881500,-34465952000,KRX MDCSTAT02401_OUT
weekly,KOSPI200,institution,006260,LS,243791,97265,-146526,73124926750,29633181500,-43491745250,KRX MDCSTAT02401_OUT
weekly,KOSPI200,institution,005380,현대차,720882,579858,-141024,250009798750,201326697750,-48683101000,KRX MDCSTAT02401_OUT
weekly,KOSPI200,institution,096770,SK이노베이션,1444438,1075655,-368783,211593063300,160607022100,-50986041200,KRX MDCSTAT02401_OUT
weekly,KOSPI200,institution,042660,한화오션,1110067,448574,-661493,86871096150,35167698000,-51703398150,KRX MDCSTAT02401_OUT
weekly,KOSPI200,institution,034020,두산에너빌리티,2926497,2249543,-676954,236764057350,182626316750,-54137740600,KRX MDCSTAT02401_OUT
weekly,KOSPI200,institution,000270,기아,1208153,704996,-503157,136879819350,79976263450,-56903555900,KRX MDCSTAT02401_OUT
weekly,KOSPI200,institution,267270,HD건설기계,657776,146934,-510842,78562124500,17700036350,-60862088150,KRX MDCSTAT02401_OUT
weekly,KOSPI200,institution,000720,현대건설,1050641,416492,-634149,121546115350,48324932200,-73221183150,KRX MDCSTAT02401_OUT
weekly,KOSPI200,institution,329180,HD현대중공업,411414,195513,-215901,175859350750,83844872750,-92014478000,KRX MDCSTAT02401_OUT
weekly,KOSPI200,institution,035420,NAVER,964304,443564,-520740,185703860600,85514529900,-100189330700,KRX MDCSTAT02401_OUT
weekly,KOSPI200,institution,005930,삼성전자,29864468,28976028,-888440,8129233096500,7896117833750,-233115262750,KRX MDCSTAT02401_OUT
weekly,KOSPI200,institution,000660,SK하이닉스,3995543,3857355,-138188,7172238832500,6934802886000,-237435946500,KRX MDCSTAT02401_OUT
weekly,KOSDAQ150,foreign,036930,주성엔지니어링,1536171,2307922,771751,372071539000,567308980500,195237441500,KRX MDCSTAT02401_OUT
weekly,KOSDAQ150,foreign,222800,심텍,947538,1364932,417394,153321080150,222148636150,68827556000,KRX MDCSTAT02401_OUT
weekly,KOSDAQ150,foreign,086520,에코프로,959075,1613100,654025,82484110700,140777558900,58293448200,KRX MDCSTAT02401_OUT
weekly,KOSDAQ150,foreign,098460,고영,2062579,3764076,1701497,67982124075,124276669075,56294545000,KRX MDCSTAT02401_OUT
weekly,KOSDAQ150,foreign,214450,파마리서치,132353,266531,134178,41012391250,82321373000,41308981750,KRX MDCSTAT02401_OUT
weekly,KOSDAQ150,foreign,067310,하나마이크론,2754982,3512960,757978,138076318500,178747753450,40671434950,KRX MDCSTAT02401_OUT
weekly,KOSDAQ150,foreign,108490,로보티즈,271666,386074,114408,80704623750,115978047500,35273423750,KRX MDCSTAT02401_OUT
weekly,KOSDAQ150,foreign,036540,SFA반도체,8865175,12114303,3249128,100949625670,136212973690,35263348020,KRX MDCSTAT02401_OUT
weekly,KOSDAQ150,foreign,277810,레인보우로보틱스,73181,133099,59918,31852110750,58781316500,26929205750,KRX MDCSTAT02401_OUT
weekly,KOSDAQ150,foreign,080220,제주반도체,2392475,2724974,332499,208922069800,235501524300,26579454500,KRX MDCSTAT02401_OUT
weekly,KOSDAQ150,foreign,089030,테크윙,1011177,1448250,437073,55209610425,78536767425,23327157000,KRX MDCSTAT02401_OUT
weekly,KOSDAQ150,foreign,403870,HPSP,4438511,4781694,343183,286958039450,306869346850,19911307400,KRX MDCSTAT02401_OUT
weekly,KOSDAQ150,foreign,058610,에스피지,158346,333861,175515,16180770800,34390879350,18210108550,KRX MDCSTAT02401_OUT
weekly,KOSDAQ150,foreign,031980,피에스케이홀딩스,208112,278651,70539,39232050350,52082983400,12850933050,KRX MDCSTAT02401_OUT
weekly,KOSDAQ150,foreign,131290,티에스이,139786,177529,37743,41322589250,52393911000,11071321750,KRX MDCSTAT02401_OUT
weekly,KOSDAQ150,foreign,161580,필옵틱스,930385,1209118,278733,36179330500,47196073650,11016743150,KRX MDCSTAT02401_OUT
weekly,KOSDAQ150,foreign,247540,에코프로비엠,861284,945818,84534,99052665550,109787481600,10734816050,KRX MDCSTAT02401_OUT
weekly,KOSDAQ150,foreign,056080,유진로봇,776921,1716966,940045,9672974680,20218555980,10545581300,KRX MDCSTAT02401_OUT
weekly,KOSDAQ150,foreign,196170,알테오젠,361797,403023,41226,93534260500,103914453250,10380192750,KRX MDCSTAT02401_OUT
weekly,KOSDAQ150,foreign,043260,성호전자,4748385,5093387,345002,136424564725,146785456850,10360892125,KRX MDCSTAT02401_OUT
weekly,KOSDAQ150,foreign,096530,씨젠,554669,826685,272016,19834208050,29503734575,9669526525,KRX MDCSTAT02401_OUT
weekly,KOSDAQ150,foreign,030530,원익홀딩스,1426759,1721146,294387,40669962800,49814638950,9144676150,KRX MDCSTAT02401_OUT
weekly,KOSDAQ150,foreign,323280,태성,728485,873616,145131,41454721575,49142990225,7688268650,KRX MDCSTAT02401_OUT
weekly,KOSDAQ150,foreign,041190,우리기술투자,3022315,4141423,1119108,18929344870,25946195140,7016850270,KRX MDCSTAT02401_OUT
weekly,KOSDAQ150,foreign,125490,한라캐스트,1795057,2280256,485199,23437532335,29627425865,6189893530,KRX MDCSTAT02401_OUT
weekly,KOSDAQ150,foreign,466100,클로봇,230640,422200,191560,5316826400,9848020825,4531194425,KRX MDCSTAT02401_OUT
weekly,KOSDAQ150,foreign,090360,로보스타,105067,160934,55867,8192396500,12714241450,4521844950,KRX MDCSTAT02401_OUT
weekly,KOSDAQ150,foreign,420770,기가비스,75222,110352,35130,9707710100,14212393950,4504683850,KRX MDCSTAT02401_OUT
weekly,KOSDAQ150,foreign,025980,아난티,1190645,2083680,893035,5827456020,10150088800,4322632780,KRX MDCSTAT02401_OUT
weekly,KOSDAQ150,foreign,475830,오름테라퓨틱,594081,784611,190530,13023948500,17230047250,4206098750,KRX MDCSTAT02401_OUT
weekly,KOSDAQ150,foreign,399720,가온칩스,117091,205300,88209,5533319350,9695354275,4162034925,KRX MDCSTAT02401_OUT
weekly,KOSDAQ150,foreign,033100,제룡전기,106135,187531,81396,5176239950,9175312300,3999072350,KRX MDCSTAT02401_OUT
weekly,KOSDAQ150,foreign,124500,아이티센글로벌,161564,295274,133710,4701471650,8553364700,3851893050,KRX MDCSTAT02401_OUT
weekly,KOSDAQ150,foreign,237690,에스티팜,126713,165709,38996,11944209250,15597168400,3652959150,KRX MDCSTAT02401_OUT
weekly,KOSDAQ150,foreign,090710,휴림로봇,1469469,2009467,539998,9322161575,12819086290,3496924715,KRX MDCSTAT02401_OUT
weekly,KOSDAQ150,foreign,253590,네오셈,1929653,2171413,241760,29004978115,32378454115,3373476000,KRX MDCSTAT02401_OUT
weekly,KOSDAQ150,foreign,068760,셀트리온제약,108832,186937,78105,4202915475,7275316875,3072401400,KRX MDCSTAT02401_OUT
weekly,KOSDAQ150,foreign,087010,펩트론,273049,294785,21736,36265777950,39278597150,3012819200,KRX MDCSTAT02401_OUT
weekly,KOSDAQ150,foreign,263750,펄어비스,376221,454329,78108,12462493125,15057964050,2595470925,KRX MDCSTAT02401_OUT
weekly,KOSDAQ150,foreign,388720,유일로보틱스,24398,60039,35641,1690438800,4192373600,2501934800,KRX MDCSTAT02401_OUT
weekly,KOSDAQ150,foreign,293490,카카오게임즈,699985,951402,251417,6887450015,9385602610,2498152595,KRX MDCSTAT02401_OUT
weekly,KOSDAQ150,foreign,348370,엔켐,291816,398756,106940,6451680040,8944476960,2492796920,KRX MDCSTAT02401_OUT
weekly,KOSDAQ150,foreign,060370,LS마린솔루션,231438,306985,75547,7647020600,10119540150,2472519550,KRX MDCSTAT02401_OUT
weekly,KOSDAQ150,foreign,310210,보로노이,157695,174405,16710,22492579650,24717487450,2224907800,KRX MDCSTAT02401_OUT
weekly,KOSDAQ150,foreign,204270,제이앤티씨,1251334,1340803,89469,28940530925,30949576775,2009045850,KRX MDCSTAT02401_OUT
weekly,KOSDAQ150,foreign,241710,코스메카코리아,445147,461199,16052,50370335300,51737794900,1367459600,KRX MDCSTAT02401_OUT
weekly,KOSDAQ150,foreign,140860,파크시스템스,106872,111436,4564,30935035000,32282186500,1347151500,KRX MDCSTAT02401_OUT
weekly,KOSDAQ150,foreign,213420,덕산네오룩스,160914,205660,44746,4794787600,6125338250,1330550650,KRX MDCSTAT02401_OUT
weekly,KOSDAQ150,foreign,009520,포스코엠텍,218610,318582,99972,2817742040,4106909585,1289167545,KRX MDCSTAT02401_OUT
weekly,KOSDAQ150,foreign,025320,시노펙스,627376,951672,324296,2439584314,3687005038,1247420724,KRX MDCSTAT02401_OUT
weekly,KOSDAQ150,foreign,032820,우리기술,2494619,2591276,96657,31090310290,32306975640,1216665350,KRX MDCSTAT02401_OUT
weekly,KOSDAQ150,foreign,056190,SFA,331730,368406,36676,10025750600,11207632575,1181881975,KRX MDCSTAT02401_OUT
weekly,KOSDAQ150,foreign,048410,현대바이오,1347712,1513978,166266,9473179185,10650991125,1177811940,KRX MDCSTAT02401_OUT
weekly,KOSDAQ150,foreign,0009K0,에임드바이오,210151,258451,48300,5034415275,6136835050,1102419775,KRX MDCSTAT02401_OUT
weekly,KOSDAQ150,foreign,065350,신성델타테크,157888,190750,32862,5043682500,6092600375,1048917875,KRX MDCSTAT02401_OUT
weekly,KOSDAQ150,foreign,082270,젬백스,218361,312182,93821,2385541905,3347368830,961826925,KRX MDCSTAT02401_OUT
weekly,KOSDAQ150,foreign,278280,천보,44384,69561,25177,1640985775,2591039500,950053725,KRX MDCSTAT02401_OUT
weekly,KOSDAQ150,foreign,232140,와이씨,4607488,4696475,88987,73829192430,74721725050,892532620,KRX MDCSTAT02401_OUT
weekly,KOSDAQ150,foreign,166090,하나머티리얼즈,209149,222816,13667,13003481550,13864078750,860597200,KRX MDCSTAT02401_OUT
weekly,KOSDAQ150,foreign,215200,메가스터디교육,75740,97627,21887,2817000300,3629639800,812639500,KRX MDCSTAT02401_OUT
weekly,KOSDAQ150,foreign,003380,하림지주,440601,498092,57491,4881630010,5558237240,676607230,KRX MDCSTAT02401_OUT
weekly,KOSDAQ150,foreign,033500,동성화인텍,173703,212174,38471,2772552840,3367048820,594495980,KRX MDCSTAT02401_OUT
weekly,KOSDAQ150,foreign,038500,삼표시멘트,435258,520336,85078,2898447625,3467692285,569244660,KRX MDCSTAT02401_OUT
weekly,KOSDAQ150,foreign,015750,성우하이텍,223104,309946,86842,1304031740,1829029125,524997385,KRX MDCSTAT02401_OUT
weekly,KOSDAQ150,foreign,100790,미래에셋벤처투자,777464,805357,27893,14082437660,14585624785,503187125,KRX MDCSTAT02401_OUT
weekly,KOSDAQ150,foreign,112040,위메이드,202437,231121,28684,3087985970,3569271575,481285605,KRX MDCSTAT02401_OUT
weekly,KOSDAQ150,foreign,052400,코나아이,68990,81475,12485,2601368275,3079362425,477994150,KRX MDCSTAT02401_OUT
weekly,KOSDAQ150,foreign,025900,동화기업,85575,129338,43763,619594760,934937610,315342850,KRX MDCSTAT02401_OUT
weekly,KOSDAQ150,foreign,060250,NHN KCP,282021,304222,22201,3835245135,4117709995,282464860,KRX MDCSTAT02401_OUT
weekly,KOSDAQ150,foreign,101730,위메이드맥스,194958,229487,34529,897725245,1064061900,166336655,KRX MDCSTAT02401_OUT
weekly,KOSDAQ150,foreign,358570,지아이이노베이션,786480,782032,-4448,6867414355,6867313365,-100990,KRX MDCSTAT02401_OUT
weekly,KOSDAQ150,foreign,036620,감성코퍼레이션,353360,342725,-10635,1311208895,1271511955,-39696940,KRX MDCSTAT02401_OUT
weekly,KOSDAQ150,foreign,352480,씨앤씨인터내셔널,20905,17473,-3432,438924150,366516125,-72408025,KRX MDCSTAT02401_OUT
weekly,KOSDAQ150,foreign,032500,케이엠더블유,398757,400764,2007,8069105120,7981216500,-87888620,KRX MDCSTAT02401_OUT
weekly,KOSDAQ150,foreign,067160,SOOP,110609,106773,-3836,4040237350,3900901100,-139336250,KRX MDCSTAT02401_OUT
weekly,KOSDAQ150,foreign,253450,스튜디오드래곤,94485,83636,-10849,1932904500,1714180525,-218723975,KRX MDCSTAT02401_OUT
weekly,KOSDAQ150,foreign,006730,서부T&D,542253,514384,-27869,5959217620,5707854510,-251363110,KRX MDCSTAT02401_OUT
weekly,KOSDAQ150,foreign,376300,디어유,276008,261968,-14040,5082218035,4825069930,-257148105,KRX MDCSTAT02401_OUT
weekly,KOSDAQ150,foreign,032190,다우데이타,122112,107181,-14931,2338826405,2056008265,-282818140,KRX MDCSTAT02401_OUT
weekly,KOSDAQ150,foreign,018290,브이티,450636,424467,-26169,5552360870,5259730050,-292630820,KRX MDCSTAT02401_OUT
weekly,KOSDAQ150,foreign,194480,데브시스터즈,81608,57163,-24445,1148111925,806301730,-341810195,KRX MDCSTAT02401_OUT
weekly,KOSDAQ150,foreign,272290,이녹스첨단소재,158661,135816,-22845,3532092275,2977821050,-554271225,KRX MDCSTAT02401_OUT
weekly,KOSDAQ150,foreign,211050,인카금융서비스,153990,90666,-63324,1499031350,876069790,-622961560,KRX MDCSTAT02401_OUT
weekly,KOSDAQ150,foreign,214150,클래시스,387528,365751,-21777,11945234275,11278984575,-666249700,KRX MDCSTAT02401_OUT
weekly,KOSDAQ150,foreign,039200,오스코텍,254434,237766,-16668,9380119300,8691610525,-688508775,KRX MDCSTAT02401_OUT
weekly,KOSDAQ150,foreign,171090,선익시스템,81272,71600,-9672,5937839500,5222132400,-715707100,KRX MDCSTAT02401_OUT
weekly,KOSDAQ150,foreign,060280,큐렉소,422405,331685,-90720,3633519860,2843216475,-790303385,KRX MDCSTAT02401_OUT
weekly,KOSDAQ150,foreign,095660,네오위즈,121144,69130,-52014,2181584080,1246965340,-934618740,KRX MDCSTAT02401_OUT
weekly,KOSDAQ150,foreign,298380,에이비엘바이오,752191,739244,-12947,38239881600,37241507775,-998373825,KRX MDCSTAT02401_OUT
weekly,KOSDAQ150,foreign,137400,피엔티,298241,260570,-37671,9216711025,8115290500,-1101420525,KRX MDCSTAT02401_OUT
weekly,KOSDAQ150,foreign,328130,루닛,1342498,1245194,-97304,14905528090,13774731480,-1130796610,KRX MDCSTAT02401_OUT
weekly,KOSDAQ150,foreign,214370,케어젠,178761,149239,-29522,7541808100,6281782750,-1260025350,KRX MDCSTAT02401_OUT
weekly,KOSDAQ150,foreign,082920,비츠로셀,455339,409385,-45954,13198741900,11918758075,-1279983825,KRX MDCSTAT02401_OUT
weekly,KOSDAQ150,foreign,437730,삼현,398202,376771,-21431,20164222300,18878427200,-1285795100,KRX MDCSTAT02401_OUT
weekly,KOSDAQ150,foreign,007390,네이처셀,352520,296260,-56260,8652956150,7318053500,-1334902650,KRX MDCSTAT02401_OUT
weekly,KOSDAQ150,foreign,085660,차바이오텍,444293,284623,-159670,3720507835,2382760425,-1337747410,KRX MDCSTAT02401_OUT
weekly,KOSDAQ150,foreign,225570,넥슨게임즈,283029,157590,-125439,3034939810,1678613250,-1356326560,KRX MDCSTAT02401_OUT
weekly,KOSDAQ150,foreign,035900,JYP Ent.,367878,329469,-38409,13841038550,12437523225,-1403515325,KRX MDCSTAT02401_OUT
weekly,KOSDAQ150,foreign,445680,큐리옥스바이오시스템즈,190137,164242,-25895,10968165050,9410664750,-1557500300,KRX MDCSTAT02401_OUT
weekly,KOSDAQ150,foreign,030520,한컴,317904,230334,-87570,5697338385,4105835845,-1591502540,KRX MDCSTAT02401_OUT
weekly,KOSDAQ150,foreign,069080,웹젠,272743,135312,-137431,3178671555,1580362930,-1598308625,KRX MDCSTAT02401_OUT
weekly,KOSDAQ150,foreign,214430,아이쓰리시스템,89532,65933,-23599,6861031000,4943090900,-1917940100,KRX MDCSTAT02401_OUT
weekly,KOSDAQ150,foreign,078600,대주전자재료,446363,428540,-17823,45999465400,44066136800,-1933328600,KRX MDCSTAT02401_OUT
weekly,KOSDAQ150,foreign,035760,CJ ENM,171764,118323,-53441,6243222675,4288316375,-1954906300,KRX MDCSTAT02401_OUT
weekly,KOSDAQ150,foreign,347850,디앤디파마텍,860392,825802,-34590,38203958750,36142151050,-2061807700,KRX MDCSTAT02401_OUT
weekly,KOSDAQ150,foreign,251970,펌텍코리아,213645,180372,-33273,13388030600,11209767300,-2178263300,KRX MDCSTAT02401_OUT
weekly,KOSDAQ150,foreign,078340,컴투스,221711,158960,-62751,8296465150,5953183675,-2343281475,KRX MDCSTAT02401_OUT
weekly,KOSDAQ150,foreign,036810,에프에스티,375952,312171,-63781,12935870550,10548869425,-2387001125,KRX MDCSTAT02401_OUT
weekly,KOSDAQ150,foreign,348210,넥스틴,181397,121546,-59851,6938543450,4522456825,-2416086625,KRX MDCSTAT02401_OUT
weekly,KOSDAQ150,foreign,195940,HK이노엔,167956,106912,-61044,6706179950,4268932050,-2437247900,KRX MDCSTAT02401_OUT
weekly,KOSDAQ150,foreign,122870,와이지엔터테인먼트,216045,151402,-64643,9012821375,6312540400,-2700280975,KRX MDCSTAT02401_OUT
weekly,KOSDAQ150,foreign,014620,성광벤드,323492,236638,-86854,9976513300,7242144200,-2734369100,KRX MDCSTAT02401_OUT
weekly,KOSDAQ150,foreign,050890,쏠리드,2496852,2253641,-243211,25823660435,23053685390,-2769975045,KRX MDCSTAT02401_OUT
weekly,KOSDAQ150,foreign,295310,에이치브이엠,296326,260172,-36154,19701698500,16611316200,-3090382300,KRX MDCSTAT02401_OUT
weekly,KOSDAQ150,foreign,121600,나노신소재,172757,112776,-59981,10155125350,6767913200,-3387212150,KRX MDCSTAT02401_OUT
weekly,KOSDAQ150,foreign,074600,원익QnC,388662,281355,-107307,12260739075,8707662550,-3553076525,KRX MDCSTAT02401_OUT
weekly,KOSDAQ150,foreign,183300,코미코,881894,777149,-104745,29947362325,26305922325,-3641440000,KRX MDCSTAT02401_OUT
weekly,KOSDAQ150,foreign,036830,솔브레인홀딩스,202794,126899,-75895,9405188000,5740605750,-3664582250,KRX MDCSTAT02401_OUT
weekly,KOSDAQ150,foreign,281740,레이크머티리얼즈,1351068,1030373,-320695,16111332775,12434576500,-3676756275,KRX MDCSTAT02401_OUT
weekly,KOSDAQ150,foreign,189300,인텔리안테크,178733,130622,-48111,13006086550,9313411200,-3692675350,KRX MDCSTAT02401_OUT
weekly,KOSDAQ150,foreign,041510,에스엠,261442,211259,-50183,20802242450,16623698550,-4178543900,KRX MDCSTAT02401_OUT
weekly,KOSDAQ150,foreign,042000,카페24,1130312,892799,-237513,22874809220,18380515625,-4494293595,KRX MDCSTAT02401_OUT
weekly,KOSDAQ150,foreign,083650,비에이치아이,387505,313405,-74100,23045666700,18524713450,-4520953250,KRX MDCSTAT02401_OUT
weekly,KOSDAQ150,foreign,145020,휴젤,211825,180643,-31182,38262905350,32612266900,-5650638450,KRX MDCSTAT02401_OUT
weekly,KOSDAQ150,foreign,064760,티씨케이,130442,111155,-19287,38788729000,32978656250,-5810072750,KRX MDCSTAT02401_OUT
weekly,KOSDAQ150,foreign,099320,쎄트렉아이,226913,147160,-79753,18195061150,11703230600,-6491830550,KRX MDCSTAT02401_OUT
weekly,KOSDAQ150,foreign,053800,안랩,413689,338028,-75661,35107905900,27986328150,-7121577750,KRX MDCSTAT02401_OUT
weekly,KOSDAQ150,foreign,417200,LS머트리얼즈,3024343,2534892,-489451,44010032560,36704630385,-7305402175,KRX MDCSTAT02401_OUT
weekly,KOSDAQ150,foreign,141080,리가켐바이오,413863,311521,-102342,34135347800,25581974050,-8553373750,KRX MDCSTAT02401_OUT
weekly,KOSDAQ150,foreign,218410,RFHIC,613907,455043,-158864,37372942900,27490715050,-9882227850,KRX MDCSTAT02401_OUT
weekly,KOSDAQ150,foreign,319400,현대무벡스,1265662,741528,-524134,26137057400,15344391750,-10792665650,KRX MDCSTAT02401_OUT
weekly,KOSDAQ150,foreign,095340,ISC,406228,352440,-53788,85560262950,74204956100,-11355306850,KRX MDCSTAT02401_OUT
weekly,KOSDAQ150,foreign,005290,동진쎄미켐,1146730,904928,-241802,57698333550,45444742050,-12253591500,KRX MDCSTAT02401_OUT
weekly,KOSDAQ150,foreign,290650,엘앤씨바이오,566390,312149,-254241,30282604400,15967308175,-14315296225,KRX MDCSTAT02401_OUT
weekly,KOSDAQ150,foreign,257720,실리콘투,1089594,678424,-411170,41337212275,25530049775,-15807162500,KRX MDCSTAT02401_OUT
weekly,KOSDAQ150,foreign,226950,올릭스,423789,285209,-138580,48524266450,31848343900,-16675922550,KRX MDCSTAT02401_OUT
weekly,KOSDAQ150,foreign,131970,두산테스나,581897,397847,-184050,60825498900,42012553750,-18812945150,KRX MDCSTAT02401_OUT
weekly,KOSDAQ150,foreign,095610,테스,557144,450435,-106709,96826542350,77852978400,-18973563950,KRX MDCSTAT02401_OUT
weekly,KOSDAQ150,foreign,089970,브이엠,1211474,875471,-336003,80880992900,57671749100,-23209243800,KRX MDCSTAT02401_OUT
weekly,KOSDAQ150,foreign,101490,에스앤에스텍,823188,354084,-469104,42179626950,17380345575,-24799281375,KRX MDCSTAT02401_OUT
weekly,KOSDAQ150,foreign,178320,서진시스템,3029445,2309293,-720152,119813963425,91659274550,-28154688875,KRX MDCSTAT02401_OUT
weekly,KOSDAQ150,foreign,000250,삼천당제약,423545,290446,-133099,87491804100,59232336950,-28259467150,KRX MDCSTAT02401_OUT
weekly,KOSDAQ150,foreign,039030,이오테크닉스,194783,132712,-62071,103099540750,69846591750,-33252949000,KRX MDCSTAT02401_OUT
weekly,KOSDAQ150,foreign,084370,유진테크,599048,344660,-254388,104573240400,59952663200,-44620577200,KRX MDCSTAT02401_OUT
weekly,KOSDAQ150,foreign,240810,원익IPS,1929356,1553299,-376057,262884073100,210189249450,-52694823650,KRX MDCSTAT02401_OUT
weekly,KOSDAQ150,foreign,028300,HLB,6340085,4177291,-2162794,277928776700,186491916400,-91436860300,KRX MDCSTAT02401_OUT
weekly,KOSDAQ150,foreign,058470,리노공업,3228647,1320383,-1908264,263535626700,104851762850,-158683863850,KRX MDCSTAT02401_OUT
weekly,KOSDAQ150,institution,058470,리노공업,809013,2699763,1890750,65320878450,222720470300,157399591850,KRX MDCSTAT02401_OUT
weekly,KOSDAQ150,institution,403870,HPSP,1149671,2737059,1587388,75027355400,177832216250,102804860850,KRX MDCSTAT02401_OUT
weekly,KOSDAQ150,institution,036930,주성엔지니어링,648754,1059068,410314,158112590000,258015553250,99902963250,KRX MDCSTAT02401_OUT
weekly,KOSDAQ150,institution,240810,원익IPS,755664,1197652,441988,102985188550,163440832100,60455643550,KRX MDCSTAT02401_OUT
weekly,KOSDAQ150,institution,039030,이오테크닉스,159308,250605,91297,83458551000,132030724250,48572173250,KRX MDCSTAT02401_OUT
weekly,KOSDAQ150,institution,084370,유진테크,119996,362107,242111,20795633700,63140828400,42345194700,KRX MDCSTAT02401_OUT
weekly,KOSDAQ150,institution,196170,알테오젠,347985,499482,151497,89215428500,129253770000,40038341500,KRX MDCSTAT02401_OUT
weekly,KOSDAQ150,institution,080220,제주반도체,192983,633202,440219,16288063250,54894559750,38606496500,KRX MDCSTAT02401_OUT
weekly,KOSDAQ150,institution,226950,올릭스,217543,517791,300248,24160399100,59319059700,35158660600,KRX MDCSTAT02401_OUT
weekly,KOSDAQ150,institution,086520,에코프로,995888,1302448,306560,84431576500,112546418450,28114841950,KRX MDCSTAT02401_OUT
weekly,KOSDAQ150,institution,095610,테스,405389,547503,142114,70141742500,95655105950,25513363450,KRX MDCSTAT02401_OUT
weekly,KOSDAQ150,institution,131970,두산테스나,227933,472085,244152,24732463050,49422533800,24690070750,KRX MDCSTAT02401_OUT
weekly,KOSDAQ150,institution,005290,동진쎄미켐,403090,830355,427265,20170126550,41808064450,21637937900,KRX MDCSTAT02401_OUT
weekly,KOSDAQ150,institution,178320,서진시스템,330809,769784,438975,13051789800,29985413925,16933624125,KRX MDCSTAT02401_OUT
weekly,KOSDAQ150,institution,108490,로보티즈,107699,149895,42196,31655705500,45571938000,13916232500,KRX MDCSTAT02401_OUT
weekly,KOSDAQ150,institution,295310,에이치브이엠,196808,378645,181837,12286403800,25791644100,13505240300,KRX MDCSTAT02401_OUT
weekly,KOSDAQ150,institution,000250,삼천당제약,218803,283607,64804,43720645100,57025568550,13304923450,KRX MDCSTAT02401_OUT
weekly,KOSDAQ150,institution,078600,대주전자재료,106202,228332,122130,10661681950,23870307300,13208625350,KRX MDCSTAT02401_OUT
weekly,KOSDAQ150,institution,247540,에코프로비엠,453655,551961,98306,51268551050,63821893700,12553342650,KRX MDCSTAT02401_OUT
weekly,KOSDAQ150,institution,277810,레인보우로보틱스,46287,69637,23350,20035359000,30808801750,10773442750,KRX MDCSTAT02401_OUT
weekly,KOSDAQ150,institution,140860,파크시스템스,21100,55580,34480,6045823500,16211598000,10165774500,KRX MDCSTAT02401_OUT
weekly,KOSDAQ150,institution,074600,원익QnC,248279,553970,305691,7770400900,17394102925,9623702025,KRX MDCSTAT02401_OUT
weekly,KOSDAQ150,institution,290650,엘앤씨바이오,93889,253412,159523,4804056150,13365350900,8561294750,KRX MDCSTAT02401_OUT
weekly,KOSDAQ150,institution,218410,RFHIC,258346,394309,135963,15638112250,24133060300,8494948050,KRX MDCSTAT02401_OUT
weekly,KOSDAQ150,institution,417200,LS머트리얼즈,811339,1360085,548746,11656108505,20128531600,8472423095,KRX MDCSTAT02401_OUT
weekly,KOSDAQ150,institution,131290,티에스이,129007,156544,27537,37923507500,46371450750,8447943250,KRX MDCSTAT02401_OUT
weekly,KOSDAQ150,institution,098460,고영,579031,823424,244393,19248356975,27488924000,8240567025,KRX MDCSTAT02401_OUT
weekly,KOSDAQ150,institution,121600,나노신소재,67406,193926,126520,3889106600,11614391750,7725285150,KRX MDCSTAT02401_OUT
weekly,KOSDAQ150,institution,232140,와이씨,423608,819693,396085,6340960705,13370069810,7029109105,KRX MDCSTAT02401_OUT
weekly,KOSDAQ150,institution,323280,태성,80771,195955,115184,4503290000,11189792775,6686502775,KRX MDCSTAT02401_OUT
weekly,KOSDAQ150,institution,253590,네오셈,84581,495189,410608,1179900655,7757969700,6578069045,KRX MDCSTAT02401_OUT
weekly,KOSDAQ150,institution,064760,티씨케이,118322,138225,19903,35322109250,41442141500,6120032250,KRX MDCSTAT02401_OUT
weekly,KOSDAQ150,institution,039200,오스코텍,120618,274608,153990,4356470350,10215615475,5859145125,KRX MDCSTAT02401_OUT
weekly,KOSDAQ150,institution,036810,에프에스티,42857,197681,154824,1412474550,6896065600,5483591050,KRX MDCSTAT02401_OUT
weekly,KOSDAQ150,institution,161580,필옵틱스,38652,159042,120390,1480262400,6412697300,4932434900,KRX MDCSTAT02401_OUT
weekly,KOSDAQ150,institution,251970,펌텍코리아,110044,185442,75398,6743794300,11521460800,4777666500,KRX MDCSTAT02401_OUT
weekly,KOSDAQ150,institution,141080,리가켐바이오,197469,243299,45830,16095986150,20227604700,4131618550,KRX MDCSTAT02401_OUT
weekly,KOSDAQ150,institution,042000,카페24,69236,249032,179796,1351844405,5182921420,3831077015,KRX MDCSTAT02401_OUT
weekly,KOSDAQ150,institution,043260,성호전자,2633253,2713401,80148,74528518275,77814165575,3285647300,KRX MDCSTAT02401_OUT
weekly,KOSDAQ150,institution,310210,보로노이,64543,84266,19723,8976437350,12232715950,3256278600,KRX MDCSTAT02401_OUT
weekly,KOSDAQ150,institution,053800,안랩,33006,69044,36038,2629070150,5405472400,2776402250,KRX MDCSTAT02401_OUT
weekly,KOSDAQ150,institution,078340,컴투스,71341,136049,64708,2670793950,5100200175,2429406225,KRX MDCSTAT02401_OUT
weekly,KOSDAQ150,institution,096530,씨젠,222591,284956,62365,7849657275,10277862925,2428205650,KRX MDCSTAT02401_OUT
weekly,KOSDAQ150,institution,166090,하나머티리얼즈,137581,174561,36980,8530464150,10813066850,2282602700,KRX MDCSTAT02401_OUT
weekly,KOSDAQ150,institution,445680,큐리옥스바이오시스템즈,29167,65001,35834,1638057550,3846817400,2208759850,KRX MDCSTAT02401_OUT
weekly,KOSDAQ150,institution,041190,우리기술투자,145353,488861,343508,879180240,3075346100,2196165860,KRX MDCSTAT02401_OUT
weekly,KOSDAQ150,institution,189300,인텔리안테크,47322,75739,28417,3302687250,5440967200,2138279950,KRX MDCSTAT02401_OUT
weekly,KOSDAQ150,institution,030530,원익홀딩스,122378,190358,67980,3343562375,5391440425,2047878050,KRX MDCSTAT02401_OUT
weekly,KOSDAQ150,institution,101490,에스앤에스텍,86093,123605,37512,4260987525,6244963475,1983975950,KRX MDCSTAT02401_OUT
weekly,KOSDAQ150,institution,125490,한라캐스트,57974,197673,139699,689607620,2511973260,1822365640,KRX MDCSTAT02401_OUT
weekly,KOSDAQ150,institution,347850,디앤디파마텍,181837,216130,34293,7804250650,9611593900,1807343250,KRX MDCSTAT02401_OUT
weekly,KOSDAQ150,institution,195940,HK이노엔,118599,161683,43084,4733367300,6476419900,1743052600,KRX MDCSTAT02401_OUT
weekly,KOSDAQ150,institution,225570,넥슨게임즈,127577,286435,158858,1353222805,3089283835,1736061030,KRX MDCSTAT02401_OUT
weekly,KOSDAQ150,institution,032500,케이엠더블유,69160,150015,80855,1347533625,3025546770,1678013145,KRX MDCSTAT02401_OUT
weekly,KOSDAQ150,institution,056080,유진로봇,239723,353382,113659,2872052700,4311413990,1439361290,KRX MDCSTAT02401_OUT
weekly,KOSDAQ150,institution,035900,JYP Ent.,111583,146280,34697,4198071100,5511025725,1312954625,KRX MDCSTAT02401_OUT
weekly,KOSDAQ150,institution,204270,제이앤티씨,40255,97615,57360,909853150,2180787825,1270934675,KRX MDCSTAT02401_OUT
weekly,KOSDAQ150,institution,358570,지아이이노베이션,186724,310146,123422,1562280970,2830569135,1268288165,KRX MDCSTAT02401_OUT
weekly,KOSDAQ150,institution,003380,하림지주,291055,393730,102675,3198002845,4389956980,1191954135,KRX MDCSTAT02401_OUT
weekly,KOSDAQ150,institution,036830,솔브레인홀딩스,79249,105845,26596,3573850925,4722683225,1148832300,KRX MDCSTAT02401_OUT
weekly,KOSDAQ150,institution,171090,선익시스템,32980,47491,14511,2371136800,3482376900,1111240100,KRX MDCSTAT02401_OUT
weekly,KOSDAQ150,institution,214370,케어젠,40510,64776,24266,1678334700,2740287350,1061952650,KRX MDCSTAT02401_OUT
weekly,KOSDAQ150,institution,067310,하나마이크론,860213,896538,36325,43809329025,44800285000,990955975,KRX MDCSTAT02401_OUT
weekly,KOSDAQ150,institution,215200,메가스터디교육,32483,57878,25395,1202975950,2157381200,954405250,KRX MDCSTAT02401_OUT
weekly,KOSDAQ150,institution,214430,아이쓰리시스템,18413,30074,11661,1319827000,2260806300,940979300,KRX MDCSTAT02401_OUT
weekly,KOSDAQ150,institution,089030,테크윙,359739,362848,3109,18954082175,19820412925,866330750,KRX MDCSTAT02401_OUT
weekly,KOSDAQ150,institution,033100,제룡전기,29862,46115,16253,1438668750,2237612525,798943775,KRX MDCSTAT02401_OUT
weekly,KOSDAQ150,institution,018290,브이티,70728,133551,62823,869780150,1665071385,795291235,KRX MDCSTAT02401_OUT
weekly,KOSDAQ150,institution,145020,휴젤,46013,50134,4121,8293645550,9086756400,793110850,KRX MDCSTAT02401_OUT
weekly,KOSDAQ150,institution,348370,엔켐,86613,118051,31438,1866767585,2613018720,746251135,KRX MDCSTAT02401_OUT
weekly,KOSDAQ150,institution,082920,비츠로셀,170708,196385,25677,4910856100,5651527125,740671025,KRX MDCSTAT02401_OUT
weekly,KOSDAQ150,institution,0009K0,에임드바이오,102758,127296,24538,2391344725,3091860025,700515300,KRX MDCSTAT02401_OUT
weekly,KOSDAQ150,institution,050890,쏠리드,114768,179524,64756,1135980225,1828696840,692716615,KRX MDCSTAT02401_OUT
weekly,KOSDAQ150,institution,007390,네이처셀,124467,148700,24233,3036076950,3677645625,641568675,KRX MDCSTAT02401_OUT
weekly,KOSDAQ150,institution,348210,넥스틴,55327,69643,14316,2041839925,2626591100,584751175,KRX MDCSTAT02401_OUT
weekly,KOSDAQ150,institution,095660,네오위즈,46809,78972,32163,841496580,1424984200,583487620,KRX MDCSTAT02401_OUT
weekly,KOSDAQ150,institution,281740,레이크머티리얼즈,249552,290627,41075,2986781685,3560527925,573746240,KRX MDCSTAT02401_OUT
weekly,KOSDAQ150,institution,376300,디어유,63697,93305,29608,1169500505,1730035960,560535455,KRX MDCSTAT02401_OUT
weekly,KOSDAQ150,institution,006730,서부T&D,388328,431169,42841,4284852510,4798855665,514003155,KRX MDCSTAT02401_OUT
weekly,KOSDAQ150,institution,056190,SFA,224413,236637,12224,6766898775,7222223825,455325050,KRX MDCSTAT02401_OUT
weekly,KOSDAQ150,institution,100790,미래에셋벤처투자,35025,59362,24337,609163325,1056924335,447761010,KRX MDCSTAT02401_OUT
weekly,KOSDAQ150,institution,137400,피엔티,96922,109312,12390,2944676225,3391083075,446406850,KRX MDCSTAT02401_OUT
weekly,KOSDAQ150,institution,099320,쎄트렉아이,24792,29715,4923,1957249050,2389378750,432129700,KRX MDCSTAT02401_OUT
weekly,KOSDAQ150,institution,319400,현대무벡스,160099,180483,20384,3297942725,3717462500,419519775,KRX MDCSTAT02401_OUT
weekly,KOSDAQ150,institution,065350,신성델타테크,38522,47667,9145,1207912850,1520350100,312437250,KRX MDCSTAT02401_OUT
weekly,KOSDAQ150,institution,085660,차바이오텍,151959,184905,32946,1266958380,1575003960,308045580,KRX MDCSTAT02401_OUT
weekly,KOSDAQ150,institution,211050,인카금융서비스,127118,155673,28555,1225083640,1523739990,298656350,KRX MDCSTAT02401_OUT
weekly,KOSDAQ150,institution,060280,큐렉소,52123,81417,29294,431155910,700813320,269657410,KRX MDCSTAT02401_OUT
weekly,KOSDAQ150,institution,082270,젬백스,62585,83975,21390,657069080,915276325,258207245,KRX MDCSTAT02401_OUT
weekly,KOSDAQ150,institution,090360,로보스타,14794,17742,2948,1152427600,1384386000,231958400,KRX MDCSTAT02401_OUT
weekly,KOSDAQ150,institution,030520,한컴,122385,131145,8760,2148751490,2317538730,168787240,KRX MDCSTAT02401_OUT
weekly,KOSDAQ150,institution,253450,스튜디오드래곤,48523,54672,6149,991985675,1121752625,129766950,KRX MDCSTAT02401_OUT
weekly,KOSDAQ150,institution,025320,시노펙스,134410,162706,28296,514607420,634805426,120198006,KRX MDCSTAT02401_OUT
weekly,KOSDAQ150,institution,038500,삼표시멘트,163305,177025,13720,1085435665,1178782055,93346390,KRX MDCSTAT02401_OUT
weekly,KOSDAQ150,institution,025980,아난티,139497,153299,13802,677547610,758892386,81344776,KRX MDCSTAT02401_OUT
weekly,KOSDAQ150,institution,069080,웹젠,122284,128273,5989,1423652730,1493605135,69952405,KRX MDCSTAT02401_OUT
weekly,KOSDAQ150,institution,194480,데브시스터즈,37019,41641,4622,521662580,587531340,65868760,KRX MDCSTAT02401_OUT
weekly,KOSDAQ150,institution,298380,에이비엘바이오,244045,238817,-5228,12227949625,12281308900,53359275,KRX MDCSTAT02401_OUT
weekly,KOSDAQ150,institution,009520,포스코엠텍,108641,112388,3747,1374588835,1426059580,51470745,KRX MDCSTAT02401_OUT
weekly,KOSDAQ150,institution,036620,감성코퍼레이션,270356,281174,10818,1000236255,1050037295,49801040,KRX MDCSTAT02401_OUT
weekly,KOSDAQ150,institution,272290,이녹스첨단소재,66301,67515,1214,1455400650,1492378050,36977400,KRX MDCSTAT02401_OUT
weekly,KOSDAQ150,institution,101730,위메이드맥스,36083,42588,6505,163265043,198973625,35708582,KRX MDCSTAT02401_OUT
weekly,KOSDAQ150,institution,025900,동화기업,35702,34802,-900,253481940,249316480,-4165460,KRX MDCSTAT02401_OUT
weekly,KOSDAQ150,institution,257720,실리콘투,593638,586306,-7332,22372580950,22366170675,-6410275,KRX MDCSTAT02401_OUT
weekly,KOSDAQ150,institution,041510,에스엠,149309,148893,-416,11858267400,11846214300,-12053100,KRX MDCSTAT02401_OUT
weekly,KOSDAQ150,institution,278280,천보,19682,18564,-1118,711005925,687163550,-23842375,KRX MDCSTAT02401_OUT
weekly,KOSDAQ150,institution,399720,가온칩스,15283,14336,-947,708752275,683395725,-25356550,KRX MDCSTAT02401_OUT
weekly,KOSDAQ150,institution,263750,펄어비스,165781,164191,-1590,5489985950,5457986900,-31999050,KRX MDCSTAT02401_OUT
weekly,KOSDAQ150,institution,112040,위메이드,125660,118924,-6736,1926830540,1838983430,-87847110,KRX MDCSTAT02401_OUT
weekly,KOSDAQ150,institution,352480,씨앤씨인터내셔널,13484,7880,-5604,283108350,165892075,-117216275,KRX MDCSTAT02401_OUT
weekly,KOSDAQ150,institution,032190,다우데이타,71060,61944,-9116,1358326870,1187668990,-170657880,KRX MDCSTAT02401_OUT
weekly,KOSDAQ150,institution,293490,카카오게임즈,635127,606954,-28173,6170745165,5987453645,-183291520,KRX MDCSTAT02401_OUT
weekly,KOSDAQ150,institution,015750,성우하이텍,167437,125512,-41925,978660900,735000095,-243660805,KRX MDCSTAT02401_OUT
weekly,KOSDAQ150,institution,058610,에스피지,107233,104357,-2876,11093852700,10823380500,-270472200,KRX MDCSTAT02401_OUT
weekly,KOSDAQ150,institution,048410,현대바이오,487822,442312,-45510,3398169595,3093586755,-304582840,KRX MDCSTAT02401_OUT
weekly,KOSDAQ150,institution,060250,NHN KCP,74115,50743,-23372,996068250,688134770,-307933480,KRX MDCSTAT02401_OUT
weekly,KOSDAQ150,institution,067160,SOOP,41876,31020,-10856,1527230500,1132542100,-394688400,KRX MDCSTAT02401_OUT
weekly,KOSDAQ150,institution,090710,휴림로봇,340063,267973,-72090,2144359335,1690092955,-454266380,KRX MDCSTAT02401_OUT
weekly,KOSDAQ150,institution,388720,유일로보틱스,23943,17234,-6709,1681369200,1199519400,-481849800,KRX MDCSTAT02401_OUT
weekly,KOSDAQ150,institution,033500,동성화인텍,73913,41928,-31985,1153817855,669788450,-484029405,KRX MDCSTAT02401_OUT
weekly,KOSDAQ150,institution,035760,CJ ENM,88563,71098,-17465,3213483325,2605918050,-607565275,KRX MDCSTAT02401_OUT
weekly,KOSDAQ150,institution,237690,에스티팜,124879,114477,-10402,11717030400,10842187450,-874842950,KRX MDCSTAT02401_OUT
weekly,KOSDAQ150,institution,032820,우리기술,489478,410380,-79098,6071916895,5129750965,-942165930,KRX MDCSTAT02401_OUT
weekly,KOSDAQ150,institution,466100,클로봇,124959,74586,-50373,2924535900,1730335400,-1194200500,KRX MDCSTAT02401_OUT
weekly,KOSDAQ150,institution,052400,코나아이,59873,27172,-32701,2252795225,1029501725,-1223293500,KRX MDCSTAT02401_OUT
weekly,KOSDAQ150,institution,089970,브이엠,968196,923464,-44732,63100565900,61599038000,-1501527900,KRX MDCSTAT02401_OUT
weekly,KOSDAQ150,institution,122870,와이지엔터테인먼트,183895,142136,-41759,7725898475,5978662150,-1747236325,KRX MDCSTAT02401_OUT
weekly,KOSDAQ150,institution,214150,클래시스,170357,111887,-58470,5216665350,3455164050,-1761501300,KRX MDCSTAT02401_OUT
weekly,KOSDAQ150,institution,328130,루닛,525866,326240,-199626,5709282400,3707734270,-2001548130,KRX MDCSTAT02401_OUT
weekly,KOSDAQ150,institution,213420,덕산네오룩스,200362,120653,-79709,5933845400,3595760800,-2338084600,KRX MDCSTAT02401_OUT
weekly,KOSDAQ150,institution,124500,아이티센글로벌,130048,46382,-83666,3745764500,1353431125,-2392333375,KRX MDCSTAT02401_OUT
weekly,KOSDAQ150,institution,183300,코미코,569922,471155,-98767,19220954525,15730523750,-3490430775,KRX MDCSTAT02401_OUT
weekly,KOSDAQ150,institution,014620,성광벤드,292900,155488,-137412,8994219825,4757550800,-4236669025,KRX MDCSTAT02401_OUT
weekly,KOSDAQ150,institution,420770,기가비스,138495,98878,-39617,17625230800,12842604450,-4782626350,KRX MDCSTAT02401_OUT
weekly,KOSDAQ150,institution,068760,셀트리온제약,232876,66045,-166831,8950166050,2576606675,-6373559375,KRX MDCSTAT02401_OUT
weekly,KOSDAQ150,institution,437730,삼현,241516,112109,-129407,12097053125,5674969825,-6422083300,KRX MDCSTAT02401_OUT
weekly,KOSDAQ150,institution,241710,코스메카코리아,343604,276106,-67498,38671412550,31416140800,-7255271750,KRX MDCSTAT02401_OUT
weekly,KOSDAQ150,institution,087010,펩트론,173852,111574,-62278,22906741200,15091774700,-7814966500,KRX MDCSTAT02401_OUT
weekly,KOSDAQ150,institution,060370,LS마린솔루션,334418,67828,-266590,10883998775,2213854325,-8670144450,KRX MDCSTAT02401_OUT
weekly,KOSDAQ150,institution,475830,오름테라퓨틱,498612,63835,-434777,10691929200,1433541325,-9258387875,KRX MDCSTAT02401_OUT
weekly,KOSDAQ150,institution,083650,비에이치아이,263395,86248,-177147,15498895500,5136923550,-10361971950,KRX MDCSTAT02401_OUT
weekly,KOSDAQ150,institution,095340,ISC,252349,191428,-60921,52749768750,40672539950,-12077228800,KRX MDCSTAT02401_OUT
weekly,KOSDAQ150,institution,028300,HLB,1362253,1087142,-275111,59192206375,46294439700,-12897766675,KRX MDCSTAT02401_OUT
weekly,KOSDAQ150,institution,031980,피에스케이홀딩스,296339,216317,-80022,55195900050,40387438150,-14808461900,KRX MDCSTAT02401_OUT
weekly,KOSDAQ150,institution,222800,심텍,901336,711234,-190102,145509213050,115458059250,-30051153800,KRX MDCSTAT02401_OUT
weekly,KOSDAQ150,institution,036540,SFA반도체,7117545,3936679,-3180866,78944015875,44440606880,-34503408995,KRX MDCSTAT02401_OUT
weekly,KOSDAQ150,institution,214450,파마리서치,238204,57639,-180565,73705680250,17902304250,-55803376000,KRX MDCSTAT02401_OUT
recent2,KOSPI200,foreign,009150,삼성전기,344091,568298,224207,559249135069,920094992569,360845857500,KRX MDCSTAT02401_OUT
recent2,KOSPI200,foreign,006400,삼성SDI,136045,336070,200025,74064453500,185878052000,111813598500,KRX MDCSTAT02401_OUT
recent2,KOSPI200,foreign,096770,SK이노베이션,472189,1046082,573893,71658916050,157772268400,86113352350,KRX MDCSTAT02401_OUT
recent2,KOSPI200,foreign,010120,LS ELECTRIC,136817,383686,246869,28932804000,81422084000,52489280000,KRX MDCSTAT02401_OUT
recent2,KOSPI200,foreign,066570,LG전자,403657,629111,225454,90954745000,142719684750,51764939750,KRX MDCSTAT02401_OUT
recent2,KOSPI200,foreign,011070,LG이노텍,185372,255253,69881,112147451000,154728588000,42581137000,KRX MDCSTAT02401_OUT
recent2,KOSPI200,foreign,009830,한화솔루션,1574118,2485166,911048,56774107250,89999668100,33225560850,KRX MDCSTAT02401_OUT
recent2,KOSPI200,foreign,007660,이수페타시스,614621,841975,227354,79082224450,110009408150,30927183700,KRX MDCSTAT02401_OUT
recent2,KOSPI200,foreign,003670,포스코퓨처엠,159951,311654,151703,31412603150,60833214200,29420611050,KRX MDCSTAT02401_OUT
recent2,KOSPI200,foreign,402340,SK스퀘어,533700,557633,23933,620641683318,649232166818,28590483500,KRX MDCSTAT02401_OUT
recent2,KOSPI200,foreign,028260,삼성물산,230236,311459,81223,79125361000,107023887000,27898526000,KRX MDCSTAT02401_OUT
recent2,KOSPI200,foreign,010950,S-Oil,340797,454939,114142,55384008350,74020800200,18636791850,KRX MDCSTAT02401_OUT
recent2,KOSPI200,foreign,064400,LG씨엔에스,151259,384513,233254,10989736814,27895198864,16905462050,KRX MDCSTAT02401_OUT
recent2,KOSPI200,foreign,006260,LS,79848,129410,49562,23726617000,38490859500,14764242500,KRX MDCSTAT02401_OUT
recent2,KOSPI200,foreign,001440,대한전선,1285763,1667106,381343,40353282375,52384459375,12031177000,KRX MDCSTAT02401_OUT
recent2,KOSPI200,foreign,298040,효성중공업,24267,28505,4238,67676108000,79643276500,11967168500,KRX MDCSTAT02401_OUT
recent2,KOSPI200,foreign,052690,한전기술,95257,189366,94109,12057860650,23996690800,11938830150,KRX MDCSTAT02401_OUT
recent2,KOSPI200,foreign,051910,LG화학,115996,156902,40906,30741179500,41983147000,11241967500,KRX MDCSTAT02401_OUT
recent2,KOSPI200,foreign,011200,HMM,444943,954451,509508,9501691265,20392731590,10891040325,KRX MDCSTAT02401_OUT
recent2,KOSPI200,foreign,000150,두산,95808,103167,7359,134003818500,144822259500,10818441000,KRX MDCSTAT02401_OUT
recent2,KOSPI200,foreign,329180,HD현대중공업,132826,155968,23142,56151437000,65958853500,9807416500,KRX MDCSTAT02401_OUT
recent2,KOSPI200,foreign,454910,두산로보틱스,168633,300828,132195,12536318900,22298332350,9762013450,KRX MDCSTAT02401_OUT
recent2,KOSPI200,foreign,066970,엘앤에프,214298,283435,69137,25244948100,33822688000,8577739900,KRX MDCSTAT02401_OUT
recent2,KOSPI200,foreign,278470,에이피알,291608,314198,22590,105875122378,114267938128,8392815750,KRX MDCSTAT02401_OUT
recent2,KOSPI200,foreign,483650,달바글로벌,32923,79405,46482,5998721350,14387647950,8388926600,KRX MDCSTAT02401_OUT
recent2,KOSPI200,foreign,443060,HD현대마린솔루션,66867,103979,37112,15225398591,23610290341,8384891750,KRX MDCSTAT02401_OUT
recent2,KOSPI200,foreign,000270,기아,767258,831125,63867,86266833300,93464378950,7197545650,KRX MDCSTAT02401_OUT
recent2,KOSPI200,foreign,047050,포스코인터내셔널,255316,376311,120995,14474212950,21363666500,6889453550,KRX MDCSTAT02401_OUT
recent2,KOSPI200,foreign,373220,LG에너지솔루션,224184,241510,17326,85002726500,91321826250,6319099750,KRX MDCSTAT02401_OUT
recent2,KOSPI200,foreign,001450,현대해상,304510,434165,129655,14331290700,20417859675,6086568975,KRX MDCSTAT02401_OUT
recent2,KOSPI200,foreign,017670,SK텔레콤,361751,427930,66179,31915186900,37799575000,5884388100,KRX MDCSTAT02401_OUT
recent2,KOSPI200,foreign,120110,코오롱인더,57187,155897,98710,3276780950,8984226550,5707445600,KRX MDCSTAT02401_OUT
recent2,KOSPI200,foreign,267270,HD건설기계,152687,200739,48052,17935343250,23565281550,5629938300,KRX MDCSTAT02401_OUT
recent2,KOSPI200,foreign,005830,DB손해보험,292836,323845,31009,53117554504,58729648954,5612094450,KRX MDCSTAT02401_OUT
recent2,KOSPI200,foreign,204320,HL만도,142117,251262,109145,6706226900,11891263525,5185036625,KRX MDCSTAT02401_OUT
recent2,KOSPI200,foreign,004170,신세계,39900,54920,15020,13039351750,17986199250,4946847500,KRX MDCSTAT02401_OUT
recent2,KOSPI200,foreign,034730,SK,86149,94438,8289,49889073500,54811096000,4922022500,KRX MDCSTAT02401_OUT
recent2,KOSPI200,foreign,361610,SK아이이테크놀로지,273916,535942,262026,4773470970,9266506080,4493035110,KRX MDCSTAT02401_OUT
recent2,KOSPI200,foreign,004020,현대제철,411211,555197,143986,12327588950,16665086250,4337497300,KRX MDCSTAT02401_OUT
recent2,KOSPI200,foreign,298020,효성티앤씨,20672,34805,14133,5854608250,9829056000,3974447750,KRX MDCSTAT02401_OUT
recent2,KOSPI200,foreign,138930,BNK금융지주,581445,819384,237939,9297692315,13104630205,3806937890,KRX MDCSTAT02401_OUT
recent2,KOSPI200,foreign,450080,에코프로머티,225408,322816,97408,8698525425,12423248325,3724722900,KRX MDCSTAT02401_OUT
recent2,KOSPI200,foreign,047040,대우건설,1620805,1808048,187243,28644996805,32085357835,3440361030,KRX MDCSTAT02401_OUT
recent2,KOSPI200,foreign,018260,삼성에스디에스,82867,98185,15318,18116766000,21459952750,3343186750,KRX MDCSTAT02401_OUT
recent2,KOSPI200,foreign,008930,한미사이언스,93186,148771,55585,5135359000,8257030800,3121671800,KRX MDCSTAT02401_OUT
recent2,KOSPI200,foreign,051900,LG생활건강,40736,51793,11057,10837537500,13758886500,2921349000,KRX MDCSTAT02401_OUT
recent2,KOSPI200,foreign,062040,산일전기,303114,315956,12842,68747750250,71633099500,2885349250,KRX MDCSTAT02401_OUT
recent2,KOSPI200,foreign,022100,포스코DX,173598,296554,122956,3681874575,6326226375,2644351800,KRX MDCSTAT02401_OUT
recent2,KOSPI200,foreign,002380,KCC,11421,16926,5505,5398377750,8007367250,2608989500,KRX MDCSTAT02401_OUT
recent2,KOSPI200,foreign,003490,대한항공,954308,1031269,76961,29240787200,31657380075,2416592875,KRX MDCSTAT02401_OUT
recent2,KOSPI200,foreign,047810,한국항공우주,227643,244989,17346,29663593850,32036962450,2373368600,KRX MDCSTAT02401_OUT
recent2,KOSPI200,foreign,023530,롯데쇼핑,62940,86080,23140,6287643450,8631605050,2343961600,KRX MDCSTAT02401_OUT
recent2,KOSPI200,foreign,028670,팬오션,2863420,3219402,355982,17375864685,19629947700,2254083015,KRX MDCSTAT02401_OUT
recent2,KOSPI200,foreign,086280,현대글로비스,86758,97509,10751,17358057550,19516531500,2158473950,KRX MDCSTAT02401_OUT
recent2,KOSPI200,foreign,307950,현대오토에버,17440,23058,5618,6712365000,8869924000,2157559000,KRX MDCSTAT02401_OUT
recent2,KOSPI200,foreign,011170,롯데케미칼,64249,99678,35429,3899923250,6034438850,2134515600,KRX MDCSTAT02401_OUT
recent2,KOSPI200,foreign,000100,유한양행,136885,162213,25328,10266543650,12204422150,1937878500,KRX MDCSTAT02401_OUT
recent2,KOSPI200,foreign,018880,한온시스템,7859034,8347964,488930,30338438389,32230069702,1891631313,KRX MDCSTAT02401_OUT
recent2,KOSPI200,foreign,000880,한화,89683,104094,14411,11412303852,13242884952,1830581100,KRX MDCSTAT02401_OUT
recent2,KOSPI200,foreign,271560,오리온,95023,112242,17219,10007425550,11824339600,1816914050,KRX MDCSTAT02401_OUT
recent2,KOSPI200,foreign,017800,현대엘리베이터,96411,121057,24646,7023811029,8813187779,1789376750,KRX MDCSTAT02401_OUT
recent2,KOSPI200,foreign,000810,삼성화재,88558,91081,2523,55742111000,57376665000,1634554000,KRX MDCSTAT02401_OUT
recent2,KOSPI200,foreign,000720,현대건설,435637,449738,14101,49610200750,51216198800,1605998050,KRX MDCSTAT02401_OUT
recent2,KOSPI200,foreign,078930,GS,353096,367153,14057,36921398100,38376412800,1455014700,KRX MDCSTAT02401_OUT
recent2,KOSPI200,foreign,000990,DB하이텍,283200,294486,11286,39702224700,41153864450,1451639750,KRX MDCSTAT02401_OUT
recent2,KOSPI200,foreign,011780,금호석유화학,37989,50123,12134,4469467500,5909203850,1439736350,KRX MDCSTAT02401_OUT
recent2,KOSPI200,foreign,267260,HD현대일렉트릭,104083,105999,1916,70272363500,71648539000,1376175500,KRX MDCSTAT02401_OUT
recent2,KOSPI200,foreign,002790,아모레퍼시픽홀딩스,97785,152159,54374,2450490200,3806263075,1355772875,KRX MDCSTAT02401_OUT
recent2,KOSPI200,foreign,007340,DN오토모티브,66963,92151,25188,3369839250,4636859700,1267020450,KRX MDCSTAT02401_OUT
recent2,KOSPI200,foreign,005850,에스엘,41785,65221,23436,2173762700,3386653950,1212891250,KRX MDCSTAT02401_OUT
recent2,KOSPI200,foreign,010130,고려아연,8375,9435,1060,9148604100,10323133600,1174529500,KRX MDCSTAT02401_OUT
recent2,KOSPI200,foreign,097950,CJ제일제당,24210,30219,6009,4327657250,5407648550,1079991300,KRX MDCSTAT02401_OUT
recent2,KOSPI200,foreign,259960,크래프톤,70020,75412,5392,13875792800,14951647950,1075855150,KRX MDCSTAT02401_OUT
recent2,KOSPI200,foreign,069960,현대백화점,64728,76261,11533,5692486750,6702998300,1010511550,KRX MDCSTAT02401_OUT
recent2,KOSPI200,foreign,026960,동서,124485,161162,36677,3401087650,4408499450,1007411800,KRX MDCSTAT02401_OUT
recent2,KOSPI200,foreign,251270,넷마블,167479,192165,24686,5807669825,6674433525,866763700,KRX MDCSTAT02401_OUT
recent2,KOSPI200,foreign,377300,카카오페이,61700,81624,19924,2480919775,3284450325,803530550,KRX MDCSTAT02401_OUT
recent2,KOSPI200,foreign,051600,한전KPS,68887,83479,14592,3105898275,3742926750,637028475,KRX MDCSTAT02401_OUT
recent2,KOSPI200,foreign,071050,한국금융지주,157643,161075,3432,28243083450,28867141800,624058350,KRX MDCSTAT02401_OUT
recent2,KOSPI200,foreign,280360,롯데웰푸드,8389,13672,5283,1001786800,1625588700,623801900,KRX MDCSTAT02401_OUT
recent2,KOSPI200,foreign,036460,한국가스공사,111953,128407,16454,4012411050,4600378075,587967025,KRX MDCSTAT02401_OUT
recent2,KOSPI200,foreign,285130,SK케미칼,15830,26791,10961,817766500,1379992600,562226100,KRX MDCSTAT02401_OUT
recent2,KOSPI200,foreign,180640,한진칼,46463,50510,4047,6143881080,6683326630,539445550,KRX MDCSTAT02401_OUT
recent2,KOSPI200,foreign,028050,삼성E&A,927379,935051,7672,44235636975,44653903925,418266950,KRX MDCSTAT02401_OUT
recent2,KOSPI200,foreign,298050,HS효성첨단소재,4180,6374,2194,679752450,1038166600,358414150,KRX MDCSTAT02401_OUT
recent2,KOSPI200,foreign,000670,영풍,14597,22860,8263,594755475,931926425,337170950,KRX MDCSTAT02401_OUT
recent2,KOSPI200,foreign,088350,한화생명,1287888,1344279,56391,6813216205,7104668565,291452360,KRX MDCSTAT02401_OUT
recent2,KOSPI200,foreign,375500,DL이앤씨,183051,186604,3553,13662115050,13922679550,260564500,KRX MDCSTAT02401_OUT
recent2,KOSPI200,foreign,137310,에스디바이오센서,60228,100461,40233,384640075,642797305,258157230,KRX MDCSTAT02401_OUT
recent2,KOSPI200,foreign,071320,지역난방공사,6746,9441,2695,533671050,746168450,212497400,KRX MDCSTAT02401_OUT
recent2,KOSPI200,foreign,005420,코스모화학,126549,144798,18249,1451329850,1637879580,186549730,KRX MDCSTAT02401_OUT
recent2,KOSPI200,foreign,008730,율촌화학,37887,49305,11418,575875380,750162880,174287500,KRX MDCSTAT02401_OUT
recent2,KOSPI200,foreign,014820,동원시스템즈,6856,14662,7806,148037475,315850400,167812925,KRX MDCSTAT02401_OUT
recent2,KOSPI200,foreign,093370,후성,2431036,2421253,-9783,38874057060,39035243395,161186335,KRX MDCSTAT02401_OUT
recent2,KOSPI200,foreign,128940,한미약품,45195,45316,121,22917508750,23076485250,158976500,KRX MDCSTAT02401_OUT
recent2,KOSPI200,foreign,004000,롯데정밀화학,23444,27008,3564,999015625,1151056575,152040950,KRX MDCSTAT02401_OUT
recent2,KOSPI200,foreign,302440,SK바이오사이언스,39818,43423,3605,1460140500,1604168700,144028200,KRX MDCSTAT02401_OUT
recent2,KOSPI200,foreign,139480,이마트,52836,54407,1571,3784129300,3900948000,116818700,KRX MDCSTAT02401_OUT
recent2,KOSPI200,foreign,039490,키움증권,60278,60798,520,15415968583,15532455333,116486750,KRX MDCSTAT02401_OUT
recent2,KOSPI200,foreign,003240,태광산업,751,854,103,668001000,767400000,99399000,KRX MDCSTAT02401_OUT
recent2,KOSPI200,foreign,000240,한국앤컴퍼니,25057,27065,2008,633470250,684646750,51176500,KRX MDCSTAT02401_OUT
recent2,KOSPI200,foreign,069260,TKG휴켐스,27685,29258,1573,440706870,465568835,24861965,KRX MDCSTAT02401_OUT
recent2,KOSPI200,foreign,007700,F&F홀딩스,1994,1263,-731,26716500,16909940,-9806560,KRX MDCSTAT02401_OUT
recent2,KOSPI200,foreign,002840,미원상사,1264,1188,-76,170755050,160524600,-10230450,KRX MDCSTAT02401_OUT
recent2,KOSPI200,foreign,002030,아세아,1249,1196,-53,252947950,242272000,-10675950,KRX MDCSTAT02401_OUT
recent2,KOSPI200,foreign,268280,미원에스씨,842,763,-79,105739450,94872100,-10867350,KRX MDCSTAT02401_OUT
recent2,KOSPI200,foreign,034230,파라다이스,189628,187584,-2044,1772636335,1757537715,-15098620,KRX MDCSTAT02401_OUT
recent2,KOSPI200,foreign,011210,현대위아,56086,55607,-479,2989879500,2966732900,-23146600,KRX MDCSTAT02401_OUT
recent2,KOSPI200,foreign,0126Z0,삼성에피스홀딩스,25887,25751,-136,9572817000,9527262500,-45554500,KRX MDCSTAT02401_OUT
recent2,KOSPI200,foreign,192080,더블유게임즈,30157,29254,-903,1729654500,1680891250,-48763250,KRX MDCSTAT02401_OUT
recent2,KOSPI200,foreign,300720,한일시멘트,22760,17271,-5489,365469885,277190780,-88279105,KRX MDCSTAT02401_OUT
recent2,KOSPI200,foreign,111770,영원무역,91768,90060,-1708,6171983800,6071334050,-100649750,KRX MDCSTAT02401_OUT
recent2,KOSPI200,foreign,007070,GS리테일,84416,79784,-4632,1861302400,1759434875,-101867525,KRX MDCSTAT02401_OUT
recent2,KOSPI200,foreign,000210,DL,22723,19857,-2866,1112322050,970664825,-141657225,KRX MDCSTAT02401_OUT
recent2,KOSPI200,foreign,185750,종근당,10828,8561,-2267,704574250,558971800,-145602450,KRX MDCSTAT02401_OUT
recent2,KOSPI200,foreign,006040,동원산업,28602,22378,-6224,1002320875,784220725,-218100150,KRX MDCSTAT02401_OUT
recent2,KOSPI200,foreign,009240,한샘,20235,13907,-6328,802896650,551867850,-251028800,KRX MDCSTAT02401_OUT
recent2,KOSPI200,foreign,000080,하이트진로,48833,31463,-17370,720067430,464332090,-255735340,KRX MDCSTAT02401_OUT
recent2,KOSPI200,foreign,006280,녹십자,15734,13404,-2330,1990844250,1710962050,-279882200,KRX MDCSTAT02401_OUT
recent2,KOSPI200,foreign,006650,대한유화,36881,32989,-3892,3343185100,3004481900,-338703200,KRX MDCSTAT02401_OUT
recent2,KOSPI200,foreign,034220,LG디스플레이,2469789,2422621,-47168,21143261200,20752857270,-390403930,KRX MDCSTAT02401_OUT
recent2,KOSPI200,foreign,003090,대웅,64160,38012,-26148,982307255,583298055,-399009200,KRX MDCSTAT02401_OUT
recent2,KOSPI200,foreign,069620,대웅제약,14634,10873,-3761,1585393000,1180225350,-405167650,KRX MDCSTAT02401_OUT
recent2,KOSPI200,foreign,007310,오뚜기,2613,1052,-1561,825885500,332082000,-493803500,KRX MDCSTAT02401_OUT
recent2,KOSPI200,foreign,005300,롯데칠성,18557,13289,-5268,1763423613,1264382613,-499041000,KRX MDCSTAT02401_OUT
recent2,KOSPI200,foreign,003030,세아제강지주,16028,11608,-4420,1835244100,1324616200,-510627900,KRX MDCSTAT02401_OUT
recent2,KOSPI200,foreign,175330,JB금융지주,377482,359695,-17787,10843325425,10310243950,-533081475,KRX MDCSTAT02401_OUT
recent2,KOSPI200,foreign,001800,오리온홀딩스,67253,43068,-24185,1524048925,972936175,-551112750,KRX MDCSTAT02401_OUT
recent2,KOSPI200,foreign,009970,영원무역홀딩스,11626,8112,-3514,1877396300,1309533600,-567862700,KRX MDCSTAT02401_OUT
recent2,KOSPI200,foreign,323410,카카오뱅크,679696,643538,-36158,13448159340,12806839910,-641319430,KRX MDCSTAT02401_OUT
recent2,KOSPI200,foreign,012750,에스원,84246,76415,-7831,7041713100,6377079900,-664633200,KRX MDCSTAT02401_OUT
recent2,KOSPI200,foreign,001680,대상,79706,37775,-41931,1407417695,668283425,-739134270,KRX MDCSTAT02401_OUT
recent2,KOSPI200,foreign,030200,KT,116149,100970,-15179,6016294698,5235636848,-780657850,KRX MDCSTAT02401_OUT
recent2,KOSPI200,foreign,282330,BGF리테일,47289,40556,-6733,6022905750,5164229200,-858676550,KRX MDCSTAT02401_OUT
recent2,KOSPI200,foreign,003230,삼양식품,21149,20505,-644,25567664000,24677001000,-890663000,KRX MDCSTAT02401_OUT
recent2,KOSPI200,foreign,241560,두산밥캣,178114,161910,-16204,9825131190,8931818340,-893312850,KRX MDCSTAT02401_OUT
recent2,KOSPI200,foreign,073240,금호타이어,610790,453274,-157516,4129679285,3086376360,-1043302925,KRX MDCSTAT02401_OUT
recent2,KOSPI200,foreign,001040,CJ,60929,52716,-8213,7924541150,6843889150,-1080652000,KRX MDCSTAT02401_OUT
recent2,KOSPI200,foreign,267250,HD현대,197416,191844,-5572,39054623390,37971162490,-1083460900,KRX MDCSTAT02401_OUT
recent2,KOSPI200,foreign,003550,LG,172773,162774,-9999,19535953630,18386429330,-1149524300,KRX MDCSTAT02401_OUT
recent2,KOSPI200,foreign,000120,CJ대한통운,41464,24470,-16994,2899369050,1712489600,-1186879450,KRX MDCSTAT02401_OUT
recent2,KOSPI200,foreign,004990,롯데지주,112258,56082,-56176,2637353575,1318805350,-1318548225,KRX MDCSTAT02401_OUT
recent2,KOSPI200,foreign,029780,삼성카드,69153,35774,-33379,2891586050,1496359000,-1395227050,KRX MDCSTAT02401_OUT
recent2,KOSPI200,foreign,035250,강원랜드,179117,75610,-103507,2557761680,1080672500,-1477089180,KRX MDCSTAT02401_OUT
recent2,KOSPI200,foreign,009540,HD한국조선해양,126741,122014,-4727,40760994250,39139542500,-1621451750,KRX MDCSTAT02401_OUT
recent2,KOSPI200,foreign,021240,코웨이,209644,193977,-15667,21097595900,19472854800,-1624741100,KRX MDCSTAT02401_OUT
recent2,KOSPI200,foreign,161390,한국타이어앤테크놀로지,196728,169270,-27458,11778384300,10134721800,-1643662500,KRX MDCSTAT02401_OUT
recent2,KOSPI200,foreign,017960,한국카본,137586,57436,-80150,2829867350,1184419375,-1645447975,KRX MDCSTAT02401_OUT
recent2,KOSPI200,foreign,139130,iM금융지주,465077,362182,-102895,8677170816,6760800816,-1916370000,KRX MDCSTAT02401_OUT
recent2,KOSPI200,foreign,103140,풍산,136137,108673,-27464,10503131000,8456517150,-2046613850,KRX MDCSTAT02401_OUT
recent2,KOSPI200,foreign,004370,농심,15745,10540,-5205,6259965500,4185577250,-2074388250,KRX MDCSTAT02401_OUT
recent2,KOSPI200,foreign,352820,하이브,120630,106042,-14588,18788145428,16572683628,-2215461800,KRX MDCSTAT02401_OUT
recent2,KOSPI200,foreign,086790,하나금융지주,548230,530824,-17406,70593258350,68341653000,-2251605350,KRX MDCSTAT02401_OUT
recent2,KOSPI200,foreign,001430,세아베스틸지주,90626,38481,-52145,4272005775,1821212250,-2450793525,KRX MDCSTAT02401_OUT
recent2,KOSPI200,foreign,005940,NH투자증권,365183,270872,-94311,9746894488,7225162413,-2521732075,KRX MDCSTAT02401_OUT
recent2,KOSPI200,foreign,008770,호텔신라,158188,89592,-68596,6184494075,3508188750,-2676305325,KRX MDCSTAT02401_OUT
recent2,KOSPI200,foreign,030000,제일기획,338729,194460,-144269,6327022200,3630059710,-2696962490,KRX MDCSTAT02401_OUT
recent2,KOSPI200,foreign,032640,LG유플러스,613169,425779,-187390,8918039880,6195122400,-2722917480,KRX MDCSTAT02401_OUT
recent2,KOSPI200,foreign,016360,삼성증권,339266,308452,-30814,30312412404,27548533354,-2763879050,KRX MDCSTAT02401_OUT
recent2,KOSPI200,foreign,081660,미스토홀딩스,135939,59604,-76335,5251494500,2302223750,-2949270750,KRX MDCSTAT02401_OUT
recent2,KOSPI200,foreign,071970,HD현대마린엔진,144992,72342,-72650,6936006275,3495391300,-3440614975,KRX MDCSTAT02401_OUT
recent2,KOSPI200,foreign,009420,한올바이오파마,210840,132760,-78080,9874292275,6278872450,-3595419825,KRX MDCSTAT02401_OUT
recent2,KOSPI200,foreign,326030,SK바이오팜,100887,38589,-62298,7666130550,2943144050,-4722986500,KRX MDCSTAT02401_OUT
recent2,KOSPI200,foreign,035720,카카오,946011,791529,-154482,31575605125,26449724850,-5125880275,KRX MDCSTAT02401_OUT
recent2,KOSPI200,foreign,006800,미래에셋증권,944095,771724,-172371,30109327475,24782903700,-5326423775,KRX MDCSTAT02401_OUT
recent2,KOSPI200,foreign,457190,이수스페셜티케미컬,191219,123702,-67517,15450157150,10115910550,-5334246600,KRX MDCSTAT02401_OUT
recent2,KOSPI200,foreign,015760,한국전력,454600,269801,-184799,13670896325,8139381025,-5531515300,KRX MDCSTAT02401_OUT
recent2,KOSPI200,foreign,032830,삼성생명,256618,236310,-20308,73059091500,67332943500,-5726148000,KRX MDCSTAT02401_OUT
recent2,KOSPI200,foreign,161890,한국콜마,408367,365119,-43248,55834101250,49870976650,-5963124600,KRX MDCSTAT02401_OUT
recent2,KOSPI200,foreign,082740,한화엔진,374865,234905,-139960,17882101200,11261533750,-6620567450,KRX MDCSTAT02401_OUT
recent2,KOSPI200,foreign,090430,아모레퍼시픽,255301,204302,-50999,33521305394,26834229644,-6687075750,KRX MDCSTAT02401_OUT
recent2,KOSPI200,foreign,138040,메리츠금융지주,129649,76926,-52723,16745092550,9965465200,-6779627350,KRX MDCSTAT02401_OUT
recent2,KOSPI200,foreign,112610,씨에스윈드,348655,190621,-158034,19695623100,10706031200,-8989591900,KRX MDCSTAT02401_OUT
recent2,KOSPI200,foreign,014680,한솔케미칼,76238,42939,-33299,20958242000,11821485500,-9136756500,KRX MDCSTAT02401_OUT
recent2,KOSPI200,foreign,024110,기업은행,952051,486305,-465746,19203431250,9814503700,-9388927550,KRX MDCSTAT02401_OUT
recent2,KOSPI200,foreign,011790,SKC,455109,359810,-95299,49363425450,39204888150,-10158537300,KRX MDCSTAT02401_OUT
recent2,KOSPI200,foreign,064350,현대로템,452648,357960,-94688,51608465850,41030970250,-10577495600,KRX MDCSTAT02401_OUT
recent2,KOSPI200,foreign,192820,코스맥스,165699,127059,-38640,46156738250,35084872000,-11071866250,KRX MDCSTAT02401_OUT
recent2,KOSPI200,foreign,005490,POSCO홀딩스,158733,116889,-41844,49632306250,36608555000,-13023751250,KRX MDCSTAT02401_OUT
recent2,KOSPI200,foreign,042660,한화오션,481668,278027,-203641,37448697500,21675980250,-15772717250,KRX MDCSTAT02401_OUT
recent2,KOSPI200,foreign,105560,KB금융,915560,812073,-103487,153033743300,135760929900,-17272813400,KRX MDCSTAT02401_OUT
recent2,KOSPI200,foreign,010140,삼성중공업,1917989,1012962,-905027,37910352790,20057839000,-17852513790,KRX MDCSTAT02401_OUT
recent2,KOSPI200,foreign,079550,LIG디펜스앤에어로스페이스,87890,62049,-25841,64308336500,45797526000,-18510810500,KRX MDCSTAT02401_OUT
recent2,KOSPI200,foreign,033780,KT&G,258258,151868,-106390,45507790450,26770320400,-18737470050,KRX MDCSTAT02401_OUT
recent2,KOSPI200,foreign,042700,한미반도체,445994,369199,-76795,122789087500,101851237000,-20937850500,KRX MDCSTAT02401_OUT
recent2,KOSPI200,foreign,010060,OCI홀딩스,227400,135102,-92298,53920300250,31864141500,-22056158750,KRX MDCSTAT02401_OUT
recent2,KOSPI200,foreign,068270,셀트리온,331453,201538,-129915,60452149000,36859022400,-23593126600,KRX MDCSTAT02401_OUT
recent2,KOSPI200,foreign,055550,신한지주,962771,684993,-277778,100292763500,71399637950,-28893125550,KRX MDCSTAT02401_OUT
recent2,KOSPI200,foreign,012330,현대모비스,232755,152162,-80593,88695761500,58019725500,-30676036000,KRX MDCSTAT02401_OUT
recent2,KOSPI200,foreign,005380,현대차,370104,278619,-91485,128220521250,96765070500,-31455450750,KRX MDCSTAT02401_OUT
recent2,KOSPI200,foreign,036570,NC,246002,100717,-145285,57029158250,23188684500,-33840473750,KRX MDCSTAT02401_OUT
recent2,KOSPI200,foreign,035420,NAVER,381155,194394,-186761,73123469450,37303653400,-35819816050,KRX MDCSTAT02401_OUT
recent2,KOSPI200,foreign,034020,두산에너빌리티,1681312,1236805,-444507,136330448750,100323187200,-36007261550,KRX MDCSTAT02401_OUT
recent2,KOSPI200,foreign,012450,한화에어로스페이스,133489,98288,-35201,139455367000,103259053000,-36196314000,KRX MDCSTAT02401_OUT
recent2,KOSPI200,foreign,272210,한화시스템,1069725,611273,-458452,87283243500,50164617750,-37118625750,KRX MDCSTAT02401_OUT
recent2,KOSPI200,foreign,316140,우리금융지주,4471421,3164913,-1306508,149550108458,105849340258,-43700768200,KRX MDCSTAT02401_OUT
recent2,KOSPI200,foreign,207940,삼성바이오로직스,109536,36940,-72596,145897061500,48999259000,-96897802500,KRX MDCSTAT02401_OUT
recent2,KOSPI200,foreign,005930,삼성전자,8733300,6319562,-2413738,2395433483620,1734739695620,-660693788000,KRX MDCSTAT02401_OUT
recent2,KOSPI200,foreign,000660,SK하이닉스,2203193,1305209,-897984,3981734456710,2364688238710,-1617046218000,KRX MDCSTAT02401_OUT
recent2,KOSPI200,institution,005930,삼성전자,10395209,10816065,420856,2851000132000,2969466775250,118466643250,KRX MDCSTAT02401_OUT
recent2,KOSPI200,institution,006400,삼성SDI,117886,305450,187564,64435958000,168895573000,104459615000,KRX MDCSTAT02401_OUT
recent2,KOSPI200,institution,009150,삼성전기,302148,359727,57579,491270253000,586135554000,94865301000,KRX MDCSTAT02401_OUT
recent2,KOSPI200,institution,373220,LG에너지솔루션,113852,350659,236807,43184228750,133131602750,89947374000,KRX MDCSTAT02401_OUT
recent2,KOSPI200,institution,066570,LG전자,179979,464181,284202,40490735500,104767070750,64276335250,KRX MDCSTAT02401_OUT
recent2,KOSPI200,institution,272210,한화시스템,290174,912610,622436,23640251450,74387772650,50747521200,KRX MDCSTAT02401_OUT
recent2,KOSPI200,institution,402340,SK스퀘어,232261,268047,35786,269740347500,311617697500,41877350000,KRX MDCSTAT02401_OUT
recent2,KOSPI200,institution,010060,OCI홀딩스,36658,185759,149101,8707831750,44168083500,35460251750,KRX MDCSTAT02401_OUT
recent2,KOSPI200,institution,316140,우리금융지주,477352,1490333,1012981,15926661725,49863285575,33936623850,KRX MDCSTAT02401_OUT
recent2,KOSPI200,institution,011070,LG이노텍,99934,151649,51715,60203138000,94113646500,33910508500,KRX MDCSTAT02401_OUT
recent2,KOSPI200,institution,011790,SKC,68199,317504,249305,7448655950,34773699150,27325043200,KRX MDCSTAT02401_OUT
recent2,KOSPI200,institution,009830,한화솔루션,663211,1348664,685453,24008638550,48693226675,24684588125,KRX MDCSTAT02401_OUT
recent2,KOSPI200,institution,042700,한미반도체,205561,293156,87595,56498620500,80789446750,24290826250,KRX MDCSTAT02401_OUT
recent2,KOSPI200,institution,055550,신한지주,449743,665274,215531,46752124250,69220216900,22468092650,KRX MDCSTAT02401_OUT
recent2,KOSPI200,institution,003670,포스코퓨처엠,200439,309803,109364,38575028300,60792120900,22217092600,KRX MDCSTAT02401_OUT
recent2,KOSPI200,institution,112610,씨에스윈드,76604,423108,346504,4308171600,24069847300,19761675700,KRX MDCSTAT02401_OUT
recent2,KOSPI200,institution,036570,NC,138125,211752,73627,31624867000,49591493000,17966626000,KRX MDCSTAT02401_OUT
recent2,KOSPI200,institution,012450,한화에어로스페이스,61675,77427,15752,64062128000,81089701000,17027573000,KRX MDCSTAT02401_OUT
recent2,KOSPI200,institution,018880,한온시스템,1436380,5684909,4248529,5549643138,21993477528,16443834390,KRX MDCSTAT02401_OUT
recent2,KOSPI200,institution,051910,LG화학,88398,148167,59769,23739914250,39808885000,16068970750,KRX MDCSTAT02401_OUT
recent2,KOSPI200,institution,012330,현대모비스,81767,121985,40218,31147500500,46494473250,15346972750,KRX MDCSTAT02401_OUT
recent2,KOSPI200,institution,192820,코스맥스,51917,105724,53807,14094172250,29415766250,15321594000,KRX MDCSTAT02401_OUT
recent2,KOSPI200,institution,066970,엘앤에프,241282,355019,113737,28622849100,42863636550,14240787450,KRX MDCSTAT02401_OUT
recent2,KOSPI200,institution,010950,S-Oil,160905,242642,81737,26296686050,39691550150,13394864100,KRX MDCSTAT02401_OUT
recent2,KOSPI200,institution,062040,산일전기,90050,142491,52441,20277475750,32177605000,11900129250,KRX MDCSTAT02401_OUT
recent2,KOSPI200,institution,105560,KB금융,410809,478976,68167,68649608800,80057668750,11408059950,KRX MDCSTAT02401_OUT
recent2,KOSPI200,institution,010120,LS ELECTRIC,106020,157430,51410,22410833000,33354988750,10944155750,KRX MDCSTAT02401_OUT
recent2,KOSPI200,institution,007660,이수페타시스,221675,300523,78848,28262789450,38565020450,10302231000,KRX MDCSTAT02401_OUT
recent2,KOSPI200,institution,014680,한솔케미칼,31161,68464,37303,8592991000,18835128750,10242137750,KRX MDCSTAT02401_OUT
recent2,KOSPI200,institution,138040,메리츠금융지주,50901,130183,79282,6572908250,16799196000,10226287750,KRX MDCSTAT02401_OUT
recent2,KOSPI200,institution,032830,삼성생명,89461,115934,26473,25441435750,33033374500,7591938750,KRX MDCSTAT02401_OUT
recent2,KOSPI200,institution,096770,SK이노베이션,532303,577412,45109,80571210350,87789952000,7218741650,KRX MDCSTAT02401_OUT
recent2,KOSPI200,institution,079550,LIG디펜스앤에어로스페이스,52073,60653,8580,37906855500,45088922000,7182066500,KRX MDCSTAT02401_OUT
recent2,KOSPI200,institution,005490,POSCO홀딩스,112684,135125,22441,35214242500,42265891750,7051649250,KRX MDCSTAT02401_OUT
recent2,KOSPI200,institution,028670,팬오션,689488,1788739,1099251,4171276200,10987734820,6816458620,KRX MDCSTAT02401_OUT
recent2,KOSPI200,institution,005940,NH투자증권,102306,336258,233952,2727078675,8972814375,6245735700,KRX MDCSTAT02401_OUT
recent2,KOSPI200,institution,033780,KT&G,69144,103252,34108,12176334800,18201270150,6024935350,KRX MDCSTAT02401_OUT
recent2,KOSPI200,institution,361610,SK아이이테크놀로지,78792,382643,303851,1378654930,6719260885,5340605955,KRX MDCSTAT02401_OUT
recent2,KOSPI200,institution,001440,대한전선,285470,451228,165758,8948650900,14151180775,5202529875,KRX MDCSTAT02401_OUT
recent2,KOSPI200,institution,006800,미래에셋증권,423487,579315,155828,13538656825,18646479150,5107822325,KRX MDCSTAT02401_OUT
recent2,KOSPI200,institution,003550,LG,58135,102375,44240,6566192150,11615293850,5049101700,KRX MDCSTAT02401_OUT
recent2,KOSPI200,institution,093370,후성,330740,625182,294442,5325961290,10150463340,4824502050,KRX MDCSTAT02401_OUT
recent2,KOSPI200,institution,017670,SK텔레콤,217493,271122,53629,19200249350,23936155700,4735906350,KRX MDCSTAT02401_OUT
recent2,KOSPI200,institution,047050,포스코인터내셔널,56063,138042,81979,3182523400,7842927000,4660403600,KRX MDCSTAT02401_OUT
recent2,KOSPI200,institution,015760,한국전력,517298,654133,136835,15539816400,19716766300,4176949900,KRX MDCSTAT02401_OUT
recent2,KOSPI200,institution,047810,한국항공우주,102485,129928,27443,13362611850,16982396050,3619784200,KRX MDCSTAT02401_OUT
recent2,KOSPI200,institution,052690,한전기술,73772,99223,25451,9344879700,12594072200,3249192500,KRX MDCSTAT02401_OUT
recent2,KOSPI200,institution,128940,한미약품,32710,38526,5816,16477784500,19685043750,3207259250,KRX MDCSTAT02401_OUT
recent2,KOSPI200,institution,139130,iM금융지주,78368,240029,161661,1458768070,4472142005,3013373935,KRX MDCSTAT02401_OUT
recent2,KOSPI200,institution,068270,셀트리온,170622,184208,13586,31150730200,33714393850,2563663650,KRX MDCSTAT02401_OUT
recent2,KOSPI200,institution,032640,LG유플러스,231166,401510,170344,3357722635,5839000555,2481277920,KRX MDCSTAT02401_OUT
recent2,KOSPI200,institution,081660,미스토홀딩스,20170,82591,62421,778551100,3199164525,2420613425,KRX MDCSTAT02401_OUT
recent2,KOSPI200,institution,071050,한국금융지주,69665,82537,12872,12457605600,14801254400,2343648800,KRX MDCSTAT02401_OUT
recent2,KOSPI200,institution,086280,현대글로비스,38255,49699,11444,7645141650,9938105800,2292964150,KRX MDCSTAT02401_OUT
recent2,KOSPI200,institution,008930,한미사이언스,74454,112052,37598,4163238700,6275770950,2112532250,KRX MDCSTAT02401_OUT
recent2,KOSPI200,institution,161390,한국타이어앤테크놀로지,50455,81751,31296,3017218050,4892961550,1875743500,KRX MDCSTAT02401_OUT
recent2,KOSPI200,institution,024110,기업은행,165762,256904,91142,3340311300,5188539600,1848228300,KRX MDCSTAT02401_OUT
recent2,KOSPI200,institution,034730,SK,80035,82690,2655,46364557000,47964896500,1600339500,KRX MDCSTAT02401_OUT
recent2,KOSPI200,institution,457190,이수스페셜티케미컬,65331,84089,18758,5384994650,6879469250,1494474600,KRX MDCSTAT02401_OUT
recent2,KOSPI200,institution,175330,JB금융지주,176798,219575,42777,5050547700,6308141625,1257593925,KRX MDCSTAT02401_OUT
recent2,KOSPI200,institution,139480,이마트,14774,31693,16919,1058246400,2273949350,1215702950,KRX MDCSTAT02401_OUT
recent2,KOSPI200,institution,022100,포스코DX,63950,115351,51401,1370974000,2484080400,1113106400,KRX MDCSTAT02401_OUT
recent2,KOSPI200,institution,009240,한샘,3926,29495,25569,156305050,1170938000,1014632950,KRX MDCSTAT02401_OUT
recent2,KOSPI200,institution,021240,코웨이,82557,91953,9396,8247346300,9252608150,1005261850,KRX MDCSTAT02401_OUT
recent2,KOSPI200,institution,012750,에스원,17483,28793,11310,1462793100,2416302700,953509600,KRX MDCSTAT02401_OUT
recent2,KOSPI200,institution,004370,농심,5825,8094,2269,2313069500,3228426250,915356750,KRX MDCSTAT02401_OUT
recent2,KOSPI200,institution,017960,한국카본,19140,63038,43898,392787750,1295690675,902902925,KRX MDCSTAT02401_OUT
recent2,KOSPI200,institution,454910,두산로보틱스,62444,75024,12580,4624693850,5524287550,899593700,KRX MDCSTAT02401_OUT
recent2,KOSPI200,institution,090430,아모레퍼시픽,115244,121182,5938,15104580050,15920843600,816263550,KRX MDCSTAT02401_OUT
recent2,KOSPI200,institution,326030,SK바이오팜,27408,36928,9520,2080755900,2811861300,731105400,KRX MDCSTAT02401_OUT
recent2,KOSPI200,institution,241560,두산밥캣,34814,47343,12529,1918723550,2610033100,691309550,KRX MDCSTAT02401_OUT
recent2,KOSPI200,institution,088350,한화생명,235768,356577,120809,1248569355,1890261405,641692050,KRX MDCSTAT02401_OUT
recent2,KOSPI200,institution,009420,한올바이오파마,125714,137297,11583,5872097100,6474353925,602256825,KRX MDCSTAT02401_OUT
recent2,KOSPI200,institution,035250,강원랜드,49899,91818,41919,712848390,1312337515,599489125,KRX MDCSTAT02401_OUT
recent2,KOSPI200,institution,003030,세아제강지주,8159,13209,5050,933220950,1517064150,583843200,KRX MDCSTAT02401_OUT
recent2,KOSPI200,institution,026960,동서,31082,51995,20913,849127700,1424672050,575544350,KRX MDCSTAT02401_OUT
recent2,KOSPI200,institution,001040,CJ,42549,46671,4122,5525074550,6092202950,567128400,KRX MDCSTAT02401_OUT
recent2,KOSPI200,institution,051600,한전KPS,20370,30428,10058,917493875,1370559400,453065525,KRX MDCSTAT02401_OUT
recent2,KOSPI200,institution,001430,세아베스틸지주,41865,51144,9279,1968837850,2412235500,443397650,KRX MDCSTAT02401_OUT
recent2,KOSPI200,institution,282330,BGF리테일,8296,11549,3253,1056441500,1474309500,417868000,KRX MDCSTAT02401_OUT
recent2,KOSPI200,institution,029780,삼성카드,16293,23609,7316,681111400,987084575,305973175,KRX MDCSTAT02401_OUT
recent2,KOSPI200,institution,086790,하나금융지주,290112,292305,2193,37345129600,37648999200,303869600,KRX MDCSTAT02401_OUT
recent2,KOSPI200,institution,097950,CJ제일제당,8843,10452,1609,1579676300,1869834050,290157750,KRX MDCSTAT02401_OUT
recent2,KOSPI200,institution,005420,코스모화학,35438,56761,21323,408327105,656324775,247997670,KRX MDCSTAT02401_OUT
recent2,KOSPI200,institution,000240,한국앤컴퍼니,13922,23460,9538,351606650,593792500,242185850,KRX MDCSTAT02401_OUT
recent2,KOSPI200,institution,011210,현대위아,11342,15875,4533,603763250,844073000,240309750,KRX MDCSTAT02401_OUT
recent2,KOSPI200,institution,0126Z0,삼성에피스홀딩스,4754,5250,496,1753702000,1939571250,185869250,KRX MDCSTAT02401_OUT
recent2,KOSPI200,institution,137310,에스디바이오센서,35883,61673,25790,229408845,394806605,165397760,KRX MDCSTAT02401_OUT
recent2,KOSPI200,institution,036460,한국가스공사,32938,36986,4048,1181122225,1323713775,142591550,KRX MDCSTAT02401_OUT
recent2,KOSPI200,institution,082740,한화엔진,179007,181751,2744,8539695100,8666934525,127239425,KRX MDCSTAT02401_OUT
recent2,KOSPI200,institution,010130,고려아연,5899,5996,97,6417834500,6518731000,100896500,KRX MDCSTAT02401_OUT
recent2,KOSPI200,institution,009970,영원무역홀딩스,4945,5484,539,798699500,885574500,86875000,KRX MDCSTAT02401_OUT
recent2,KOSPI200,institution,069260,TKG휴켐스,13995,19232,5237,222582525,306325560,83743035,KRX MDCSTAT02401_OUT
recent2,KOSPI200,institution,002030,아세아,940,1325,385,189969650,268482750,78513100,KRX MDCSTAT02401_OUT
recent2,KOSPI200,institution,002840,미원상사,1109,1658,549,149546500,224159450,74612950,KRX MDCSTAT02401_OUT
recent2,KOSPI200,institution,007310,오뚜기,996,1216,220,313634500,384060000,70425500,KRX MDCSTAT02401_OUT
recent2,KOSPI200,institution,008730,율촌화학,5356,9558,4202,81113640,145638750,64525110,KRX MDCSTAT02401_OUT
recent2,KOSPI200,institution,073240,금호타이어,146093,153253,7160,990051705,1040148385,50096680,KRX MDCSTAT02401_OUT
recent2,KOSPI200,institution,300720,한일시멘트,15258,18157,2899,244779365,291722360,46942995,KRX MDCSTAT02401_OUT
recent2,KOSPI200,institution,000880,한화,17397,17676,279,2205724400,2249481300,43756900,KRX MDCSTAT02401_OUT
recent2,KOSPI200,institution,000210,DL,16924,17617,693,825356800,865381050,40024250,KRX MDCSTAT02401_OUT
recent2,KOSPI200,institution,323410,카카오뱅크,359235,362742,3507,7153450540,7190386285,36935745,KRX MDCSTAT02401_OUT
recent2,KOSPI200,institution,006280,녹십자,12086,12291,205,1535095500,1561075450,25979950,KRX MDCSTAT02401_OUT
recent2,KOSPI200,institution,003240,태광산업,679,694,15,608714000,623785500,15071500,KRX MDCSTAT02401_OUT
recent2,KOSPI200,institution,030000,제일기획,96434,96789,355,1799909680,1810318705,10409025,KRX MDCSTAT02401_OUT
recent2,KOSPI200,institution,003090,대웅,15568,15755,187,238353025,241530770,3177745,KRX MDCSTAT02401_OUT
recent2,KOSPI200,institution,007700,F&F홀딩스,1528,1330,-198,20449970,17802310,-2647660,KRX MDCSTAT02401_OUT
recent2,KOSPI200,institution,014820,동원시스템즈,8426,7827,-599,180816375,168150100,-12666275,KRX MDCSTAT02401_OUT
recent2,KOSPI200,institution,000080,하이트진로,22377,21381,-996,329922020,315540205,-14381815,KRX MDCSTAT02401_OUT
recent2,KOSPI200,institution,071320,지역난방공사,1871,1668,-203,147447300,131975500,-15471800,KRX MDCSTAT02401_OUT
recent2,KOSPI200,institution,185750,종근당,4124,3752,-372,269570750,245232050,-24338700,KRX MDCSTAT02401_OUT
recent2,KOSPI200,institution,001680,대상,12487,9685,-2802,220322390,171273420,-49048970,KRX MDCSTAT02401_OUT
recent2,KOSPI200,institution,268280,미원에스씨,1228,703,-525,152583900,88266550,-64317350,KRX MDCSTAT02401_OUT
recent2,KOSPI200,institution,006040,동원산업,9941,7704,-2237,348554150,271006700,-77547450,KRX MDCSTAT02401_OUT
recent2,KOSPI200,institution,302440,SK바이오사이언스,26114,23788,-2326,959441825,876383475,-83058350,KRX MDCSTAT02401_OUT
recent2,KOSPI200,institution,298050,HS효성첨단소재,2958,2343,-615,480265800,381401950,-98863850,KRX MDCSTAT02401_OUT
recent2,KOSPI200,institution,007070,GS리테일,39421,34036,-5385,867684725,751581650,-116103075,KRX MDCSTAT02401_OUT
recent2,KOSPI200,institution,005300,롯데칠성,3588,2285,-1303,339817600,217601850,-122215750,KRX MDCSTAT02401_OUT
recent2,KOSPI200,institution,377300,카카오페이,64672,59993,-4679,2595917825,2412175975,-183741850,KRX MDCSTAT02401_OUT
recent2,KOSPI200,institution,285130,SK케미칼,27099,23238,-3861,1396536500,1200716850,-195819650,KRX MDCSTAT02401_OUT
recent2,KOSPI200,institution,069620,대웅제약,11522,9493,-2029,1248122850,1030589750,-217533100,KRX MDCSTAT02401_OUT
recent2,KOSPI200,institution,001800,오리온홀딩스,41809,30169,-11640,944284850,684082850,-260202000,KRX MDCSTAT02401_OUT
recent2,KOSPI200,institution,192080,더블유게임즈,12355,7139,-5216,706786450,412182200,-294604250,KRX MDCSTAT02401_OUT
recent2,KOSPI200,institution,000670,영풍,12069,4388,-7681,491116625,178441775,-312674850,KRX MDCSTAT02401_OUT
recent2,KOSPI200,institution,004990,롯데지주,38046,22909,-15137,889714325,542166525,-347547800,KRX MDCSTAT02401_OUT
recent2,KOSPI200,institution,138930,BNK금융지주,234925,209792,-25133,3755413820,3353102250,-402311570,KRX MDCSTAT02401_OUT
recent2,KOSPI200,institution,016360,삼성증권,103114,97657,-5457,9194583700,8769164700,-425419000,KRX MDCSTAT02401_OUT
recent2,KOSPI200,institution,000120,CJ대한통운,24552,17420,-7132,1716718500,1221674850,-495043650,KRX MDCSTAT02401_OUT
recent2,KOSPI200,institution,011780,금호석유화학,17485,12178,-5307,2054587600,1429398700,-625188900,KRX MDCSTAT02401_OUT
recent2,KOSPI200,institution,004000,롯데정밀화학,29655,11901,-17754,1262409050,507611700,-754797350,KRX MDCSTAT02401_OUT
recent2,KOSPI200,institution,007340,DN오토모티브,42688,27512,-15176,2139639525,1380490000,-759149525,KRX MDCSTAT02401_OUT
recent2,KOSPI200,institution,034230,파라다이스,130003,41600,-88403,1212902580,389732385,-823170195,KRX MDCSTAT02401_OUT
recent2,KOSPI200,institution,000100,유한양행,93756,79653,-14103,7025140600,6000069450,-1025071150,KRX MDCSTAT02401_OUT
recent2,KOSPI200,institution,280360,롯데웰푸드,14238,5503,-8735,1691479400,656159650,-1035319750,KRX MDCSTAT02401_OUT
recent2,KOSPI200,institution,008770,호텔신라,50261,22686,-27575,1965773425,888154750,-1077618675,KRX MDCSTAT02401_OUT
recent2,KOSPI200,institution,111770,영원무역,37942,20728,-17214,2550663850,1394473350,-1156190500,KRX MDCSTAT02401_OUT
recent2,KOSPI200,institution,017800,현대엘리베이터,36902,20845,-16057,2680911800,1517869550,-1163042250,KRX MDCSTAT02401_OUT
recent2,KOSPI200,institution,180640,한진칼,54063,44693,-9370,7115901650,5897849550,-1218052100,KRX MDCSTAT02401_OUT
recent2,KOSPI200,institution,009540,HD한국조선해양,86779,82384,-4395,27728266000,26466180250,-1262085750,KRX MDCSTAT02401_OUT
recent2,KOSPI200,institution,002380,KCC,5776,2687,-3089,2718817250,1268566500,-1450250750,KRX MDCSTAT02401_OUT
recent2,KOSPI200,institution,006650,대한유화,18872,2633,-16239,1715184150,239079650,-1476104500,KRX MDCSTAT02401_OUT
recent2,KOSPI200,institution,005850,에스엘,49134,20323,-28811,2548009300,1055585650,-1492423650,KRX MDCSTAT02401_OUT
recent2,KOSPI200,institution,011200,HMM,338259,263968,-74291,7211024950,5636785075,-1574239875,KRX MDCSTAT02401_OUT
recent2,KOSPI200,institution,251270,넷마블,122254,71901,-50353,4230016150,2489733125,-1740283025,KRX MDCSTAT02401_OUT
recent2,KOSPI200,institution,071970,HD현대마린엔진,53545,15114,-38431,2556877875,730317825,-1826560050,KRX MDCSTAT02401_OUT
recent2,KOSPI200,institution,259960,크래프톤,51410,40927,-10483,10160027750,8094947450,-2065080300,KRX MDCSTAT02401_OUT
recent2,KOSPI200,institution,002790,아모레퍼시픽홀딩스,112888,29727,-83161,2815770300,744058300,-2071712000,KRX MDCSTAT02401_OUT
recent2,KOSPI200,institution,034220,LG디스플레이,734372,490200,-244172,6283548125,4196478310,-2087069815,KRX MDCSTAT02401_OUT
recent2,KOSPI200,institution,000810,삼성화재,29288,25939,-3349,18377977000,16268062500,-2109914500,KRX MDCSTAT02401_OUT
recent2,KOSPI200,institution,069960,현대백화점,34575,9614,-24961,3020451900,847911150,-2172540750,KRX MDCSTAT02401_OUT
recent2,KOSPI200,institution,298020,효성티앤씨,19995,8933,-11062,5483501000,2547949750,-2935551250,KRX MDCSTAT02401_OUT
recent2,KOSPI200,institution,023530,롯데쇼핑,48767,18249,-30518,4880181650,1834804650,-3045377000,KRX MDCSTAT02401_OUT
recent2,KOSPI200,institution,207940,삼성바이오로직스,18066,15681,-2385,24280845000,21007413500,-3273431500,KRX MDCSTAT02401_OUT
recent2,KOSPI200,institution,064350,현대로템,197830,168638,-29192,22499177300,19221882000,-3277295300,KRX MDCSTAT02401_OUT
recent2,KOSPI200,institution,307950,현대오토에버,19093,10425,-8668,7332973500,4017645750,-3315327750,KRX MDCSTAT02401_OUT
recent2,KOSPI200,institution,120110,코오롱인더,96612,36004,-60608,5543342500,2065009050,-3478333450,KRX MDCSTAT02401_OUT
recent2,KOSPI200,institution,450080,에코프로머티,285289,192025,-93264,11017932550,7429358075,-3588574475,KRX MDCSTAT02401_OUT
recent2,KOSPI200,institution,271560,오리온,68868,34650,-34218,7245923650,3655919300,-3590004350,KRX MDCSTAT02401_OUT
recent2,KOSPI200,institution,001450,현대해상,156915,73803,-83112,7356951225,3474681975,-3882269250,KRX MDCSTAT02401_OUT
recent2,KOSPI200,institution,003490,대한항공,835419,705987,-129432,25509493850,21603915900,-3905577950,KRX MDCSTAT02401_OUT
recent2,KOSPI200,institution,064400,LG씨엔에스,120635,67200,-53435,8786295550,4845505650,-3940789900,KRX MDCSTAT02401_OUT
recent2,KOSPI200,institution,011170,롯데케미칼,85259,18769,-66490,5136991550,1137605550,-3999386000,KRX MDCSTAT02401_OUT
recent2,KOSPI200,institution,375500,DL이앤씨,119237,61367,-57870,8900131600,4590754300,-4309377300,KRX MDCSTAT02401_OUT
recent2,KOSPI200,institution,018260,삼성에스디에스,58330,37727,-20603,12716120500,8244783250,-4471337250,KRX MDCSTAT02401_OUT
recent2,KOSPI200,institution,267260,HD현대일렉트릭,47134,40407,-6727,31869265000,27346160000,-4523105000,KRX MDCSTAT02401_OUT
recent2,KOSPI200,institution,204320,HL만도,160542,54159,-106383,7583485075,2556544825,-5026940250,KRX MDCSTAT02401_OUT
recent2,KOSPI200,institution,103140,풍산,94215,28352,-65863,7236226400,2196642400,-5039584000,KRX MDCSTAT02401_OUT
recent2,KOSPI200,institution,352820,하이브,74459,41349,-33110,11562685950,6437133350,-5125552600,KRX MDCSTAT02401_OUT
recent2,KOSPI200,institution,035720,카카오,507618,337566,-170052,16900662575,11269525050,-5631137525,KRX MDCSTAT02401_OUT
recent2,KOSPI200,institution,010140,삼성중공업,1120809,830937,-289872,22155448580,16445080970,-5710367610,KRX MDCSTAT02401_OUT
recent2,KOSPI200,institution,443060,HD현대마린솔루션,50664,24839,-25825,11413525750,5680060750,-5733465000,KRX MDCSTAT02401_OUT
recent2,KOSPI200,institution,039490,키움증권,45116,20580,-24536,11515947750,5283104000,-6232843750,KRX MDCSTAT02401_OUT
recent2,KOSPI200,institution,005830,DB손해보험,87798,52590,-35208,15917911300,9561159200,-6356752100,KRX MDCSTAT02401_OUT
recent2,KOSPI200,institution,030200,KT,342281,211308,-130973,17690904100,10930602300,-6760301800,KRX MDCSTAT02401_OUT
recent2,KOSPI200,institution,028050,삼성E&A,415500,264220,-151280,19832992375,12628378375,-7204614000,KRX MDCSTAT02401_OUT
recent2,KOSPI200,institution,047040,대우건설,1135536,701921,-433615,20087261210,12418569015,-7668692195,KRX MDCSTAT02401_OUT
recent2,KOSPI200,institution,078930,GS,260310,181167,-79143,27150425000,18951077700,-8199347300,KRX MDCSTAT02401_OUT
recent2,KOSPI200,institution,267250,HD현대,123646,80863,-42783,24434613400,16033489600,-8401123800,KRX MDCSTAT02401_OUT
recent2,KOSPI200,institution,003230,삼양식품,20686,12818,-7868,24871365000,15482538500,-9388826500,KRX MDCSTAT02401_OUT
recent2,KOSPI200,institution,483650,달바글로벌,65021,12175,-52846,11722992400,2219425550,-9503566850,KRX MDCSTAT02401_OUT
recent2,KOSPI200,institution,004020,현대제철,547155,219442,-327713,16372710975,6587218750,-9785492225,KRX MDCSTAT02401_OUT
recent2,KOSPI200,institution,051900,LG생활건강,59194,19416,-39778,15677031250,5155815500,-10521215750,KRX MDCSTAT02401_OUT
recent2,KOSPI200,institution,004170,신세계,48224,12502,-35722,15756215250,4093366000,-11662849250,KRX MDCSTAT02401_OUT
recent2,KOSPI200,institution,278470,에이피알,96921,61374,-35547,35276927500,22397054500,-12879873000,KRX MDCSTAT02401_OUT
recent2,KOSPI200,institution,034020,두산에너빌리티,1211679,1017323,-194356,98189143100,82484456600,-15704686500,KRX MDCSTAT02401_OUT
recent2,KOSPI200,institution,000150,두산,73867,58917,-14950,99337561500,83608528500,-15729033000,KRX MDCSTAT02401_OUT
recent2,KOSPI200,institution,000990,DB하이텍,207587,67612,-139975,28852251700,9513637100,-19338614600,KRX MDCSTAT02401_OUT
recent2,KOSPI200,institution,042660,한화오션,436791,187774,-249017,33986679650,14638717850,-19347961800,KRX MDCSTAT02401_OUT
recent2,KOSPI200,institution,006260,LS,101284,34594,-66690,30049569500,10281686000,-19767883500,KRX MDCSTAT02401_OUT
recent2,KOSPI200,institution,298040,효성중공업,15881,8556,-7325,44229488000,23860911500,-20368576500,KRX MDCSTAT02401_OUT
recent2,KOSPI200,institution,035420,NAVER,313422,201994,-111428,60052176600,38763222650,-21288953950,KRX MDCSTAT02401_OUT
recent2,KOSPI200,institution,161890,한국콜마,337780,168917,-168863,45975848550,23059567300,-22916281250,KRX MDCSTAT02401_OUT
recent2,KOSPI200,institution,028260,삼성물산,189937,119424,-70513,65199274750,41079217500,-24120057250,KRX MDCSTAT02401_OUT
recent2,KOSPI200,institution,005380,현대차,327173,249660,-77513,113415103250,86688911750,-26726191500,KRX MDCSTAT02401_OUT
recent2,KOSPI200,institution,267270,HD건설기계,295695,65424,-230271,34623221900,7685551450,-26937670450,KRX MDCSTAT02401_OUT
recent2,KOSPI200,institution,000270,기아,536170,265832,-270338,60233447050,29883223050,-30350224000,KRX MDCSTAT02401_OUT
recent2,KOSPI200,institution,000720,현대건설,503819,170401,-333418,57446923250,19449651200,-37997272050,KRX MDCSTAT02401_OUT
recent2,KOSPI200,institution,329180,HD현대중공업,175556,72539,-103017,74231486500,30708703750,-43522782750,KRX MDCSTAT02401_OUT
recent2,KOSPI200,institution,000660,SK하이닉스,1477126,1407534,-69592,2676475215000,2557728554500,-118746660500,KRX MDCSTAT02401_OUT
recent2,KOSDAQ150,foreign,036930,주성엔지니어링,719339,1234511,515172,185454321750,323164900000,137710578250,KRX MDCSTAT02401_OUT
recent2,KOSDAQ150,foreign,222800,심텍,508648,791810,283162,86943234700,135310989800,48367755100,KRX MDCSTAT02401_OUT
recent2,KOSDAQ150,foreign,086520,에코프로,494870,920349,425479,45326961100,84423184750,39096223650,KRX MDCSTAT02401_OUT
recent2,KOSDAQ150,foreign,067310,하나마이크론,1253574,1969980,716406,66306568000,104151311150,37844743150,KRX MDCSTAT02401_OUT
recent2,KOSDAQ150,foreign,108490,로보티즈,110144,203853,93709,34426145000,63752645250,29326500250,KRX MDCSTAT02401_OUT
recent2,KOSDAQ150,foreign,277810,레인보우로보틱스,31163,74464,43301,14212468000,33862711750,19650243750,KRX MDCSTAT02401_OUT
recent2,KOSDAQ150,foreign,098460,고영,953264,1436449,483185,33167708150,50427818375,17260110225,KRX MDCSTAT02401_OUT
recent2,KOSDAQ150,foreign,058610,에스피지,98023,231853,133830,10285172400,24390183050,14105010650,KRX MDCSTAT02401_OUT
recent2,KOSDAQ150,foreign,247540,에코프로비엠,379530,487838,108308,46900400600,59674968350,12774567750,KRX MDCSTAT02401_OUT
recent2,KOSDAQ150,foreign,214450,파마리서치,79703,119717,40014,24590141500,36578956500,11988815000,KRX MDCSTAT02401_OUT
recent2,KOSDAQ150,foreign,030530,원익홀딩스,762165,1068423,306258,22776087475,32289424400,9513336925,KRX MDCSTAT02401_OUT
recent2,KOSDAQ150,foreign,056080,유진로봇,509975,1301707,791732,6552362000,15311908985,8759546985,KRX MDCSTAT02401_OUT
recent2,KOSDAQ150,foreign,043260,성호전자,2306511,2556356,249845,72933738600,80861527750,7927789150,KRX MDCSTAT02401_OUT
recent2,KOSDAQ150,foreign,131290,티에스이,56599,74520,17921,16896775500,22129008750,5232233250,KRX MDCSTAT02401_OUT
recent2,KOSDAQ150,foreign,125490,한라캐스트,1401390,1793147,391757,18780017780,23893327050,5113309270,KRX MDCSTAT02401_OUT
recent2,KOSDAQ150,foreign,041190,우리기술투자,2569410,3357647,788237,16311374915,21414687375,5103312460,KRX MDCSTAT02401_OUT
recent2,KOSDAQ150,foreign,036540,SFA반도체,4563675,5008461,444786,53570050040,58631000965,5060950925,KRX MDCSTAT02401_OUT
recent2,KOSDAQ150,foreign,064760,티씨케이,35580,51382,15802,10582089250,15204692750,4622603500,KRX MDCSTAT02401_OUT
recent2,KOSDAQ150,foreign,090360,로보스타,49693,96273,46580,3987497000,7766400300,3778903300,KRX MDCSTAT02401_OUT
recent2,KOSDAQ150,foreign,204270,제이앤티씨,683369,819228,135859,16254992850,19432322400,3177329550,KRX MDCSTAT02401_OUT
recent2,KOSDAQ150,foreign,161580,필옵틱스,247482,318869,71387,10226444975,13212770925,2986325950,KRX MDCSTAT02401_OUT
recent2,KOSDAQ150,foreign,466100,클로봇,99283,222720,123437,2372654375,5318922550,2946268175,KRX MDCSTAT02401_OUT
recent2,KOSDAQ150,foreign,033100,제룡전기,62587,108343,45756,3105922925,5399006650,2293083725,KRX MDCSTAT02401_OUT
recent2,KOSDAQ150,foreign,090710,휴림로봇,820169,1121617,301448,5378968675,7362420350,1983451675,KRX MDCSTAT02401_OUT
recent2,KOSDAQ150,foreign,241710,코스메카코리아,222564,242744,20180,24152899150,26123641950,1970742800,KRX MDCSTAT02401_OUT
recent2,KOSDAQ150,foreign,420770,기가비스,29183,43379,14196,3867118050,5757914600,1890796550,KRX MDCSTAT02401_OUT
recent2,KOSDAQ150,foreign,348370,엔켐,171820,249122,77302,3998559050,5858232875,1859673825,KRX MDCSTAT02401_OUT
recent2,KOSDAQ150,foreign,032820,우리기술,878268,1023723,145455,11151639970,13001407170,1849767200,KRX MDCSTAT02401_OUT
recent2,KOSDAQ150,foreign,056190,SFA,164311,222307,57996,5145645225,6974281775,1828636550,KRX MDCSTAT02401_OUT
recent2,KOSDAQ150,foreign,060370,LS마린솔루션,99045,153581,54536,3395084375,5208679975,1813595600,KRX MDCSTAT02401_OUT
recent2,KOSDAQ150,foreign,096530,씨젠,157218,205084,47866,5812835250,7588883300,1776048050,KRX MDCSTAT02401_OUT
recent2,KOSDAQ150,foreign,388720,유일로보틱스,10337,31473,21136,741545950,2260997350,1519451400,KRX MDCSTAT02401_OUT
recent2,KOSDAQ150,foreign,328130,루닛,333525,461457,127932,3595413160,5013166620,1417753460,KRX MDCSTAT02401_OUT
recent2,KOSDAQ150,foreign,145020,휴젤,69610,76126,6516,12554244400,13730352750,1176108350,KRX MDCSTAT02401_OUT
recent2,KOSDAQ150,foreign,003380,하림지주,203012,305157,102145,2304158800,3460292975,1156134175,KRX MDCSTAT02401_OUT
recent2,KOSDAQ150,foreign,166090,하나머티리얼즈,97850,113697,15847,6275988500,7314544450,1038555950,KRX MDCSTAT02401_OUT
recent2,KOSDAQ150,foreign,124500,아이티센글로벌,88066,113986,25920,2595229925,3367943275,772713350,KRX MDCSTAT02401_OUT
recent2,KOSDAQ150,foreign,068760,셀트리온제약,47270,66114,18844,1838563925,2604952950,766389025,KRX MDCSTAT02401_OUT
recent2,KOSDAQ150,foreign,009520,포스코엠텍,142107,197181,55074,1868096930,2594045740,725948810,KRX MDCSTAT02401_OUT
recent2,KOSDAQ150,foreign,025980,아난티,445078,583912,138834,2226321866,2919760612,693438746,KRX MDCSTAT02401_OUT
recent2,KOSDAQ150,foreign,006730,서부T&D,222530,279078,56548,2514276670,3169264585,654987915,KRX MDCSTAT02401_OUT
recent2,KOSDAQ150,foreign,015750,성우하이텍,79041,182680,103639,471167170,1090774885,619607715,KRX MDCSTAT02401_OUT
recent2,KOSDAQ150,foreign,213420,덕산네오룩스,60911,79045,18134,1839905825,2393007950,553102125,KRX MDCSTAT02401_OUT
recent2,KOSDAQ150,foreign,253590,네오셈,1221971,1267229,45258,19253387430,19797552345,544164915,KRX MDCSTAT02401_OUT
recent2,KOSDAQ150,foreign,278280,천보,20085,33026,12941,778841725,1285316825,506475100,KRX MDCSTAT02401_OUT
recent2,KOSDAQ150,foreign,293490,카카오게임즈,403981,442898,38917,4071558675,4477809155,406250480,KRX MDCSTAT02401_OUT
recent2,KOSDAQ150,foreign,251970,펌텍코리아,129679,136657,6978,8121317700,8476512950,355195250,KRX MDCSTAT02401_OUT
recent2,KOSDAQ150,foreign,215200,메가스터디교육,25949,34897,8948,979422800,1316357550,336934750,KRX MDCSTAT02401_OUT
recent2,KOSDAQ150,foreign,399720,가온칩스,58872,65045,6173,2841923100,3150730675,308807575,KRX MDCSTAT02401_OUT
recent2,KOSDAQ150,foreign,112040,위메이드,50515,66537,16022,789924870,1042596630,252671760,KRX MDCSTAT02401_OUT
recent2,KOSDAQ150,foreign,067160,SOOP,39397,46038,6641,1440067875,1683208400,243140525,KRX MDCSTAT02401_OUT
recent2,KOSDAQ150,foreign,140860,파크시스템스,40794,41482,688,12284883000,12504325250,219442250,KRX MDCSTAT02401_OUT
recent2,KOSDAQ150,foreign,078600,대주전자재료,280407,286209,5802,30682499900,30879966150,197466250,KRX MDCSTAT02401_OUT
recent2,KOSDAQ150,foreign,038500,삼표시멘트,190782,212212,21430,1300164340,1450841450,150677110,KRX MDCSTAT02401_OUT
recent2,KOSDAQ150,foreign,025900,동화기업,50335,67220,16885,375424245,501293270,125869025,KRX MDCSTAT02401_OUT
recent2,KOSDAQ150,foreign,036620,감성코퍼레이션,106685,134935,28250,397607960,503177780,105569820,KRX MDCSTAT02401_OUT
recent2,KOSDAQ150,foreign,253450,스튜디오드래곤,32110,36028,3918,663304975,744542400,81237425,KRX MDCSTAT02401_OUT
recent2,KOSDAQ150,foreign,082920,비츠로셀,230382,230793,411,6840175025,6858415200,18240175,KRX MDCSTAT02401_OUT
recent2,KOSDAQ150,foreign,101730,위메이드맥스,59723,60361,638,276957545,280106900,3149355,KRX MDCSTAT02401_OUT
recent2,KOSDAQ150,foreign,025320,시노펙스,279102,277339,-1763,1117126514,1111928355,-5198159,KRX MDCSTAT02401_OUT
recent2,KOSDAQ150,foreign,211050,인카금융서비스,35133,33791,-1342,342528340,327403040,-15125300,KRX MDCSTAT02401_OUT
recent2,KOSDAQ150,foreign,352480,씨앤씨인터내셔널,6206,4911,-1295,128728250,101120500,-27607750,KRX MDCSTAT02401_OUT
recent2,KOSDAQ150,foreign,033500,동성화인텍,69355,65115,-4240,1128915855,1060628995,-68286860,KRX MDCSTAT02401_OUT
recent2,KOSDAQ150,foreign,018290,브이티,115871,110050,-5821,1464251505,1392517255,-71734250,KRX MDCSTAT02401_OUT
recent2,KOSDAQ150,foreign,214150,클래시스,201325,194825,-6500,6224853450,6022438525,-202414925,KRX MDCSTAT02401_OUT
recent2,KOSDAQ150,foreign,194480,데브시스터즈,34724,20065,-14659,488191540,282311700,-205879840,KRX MDCSTAT02401_OUT
recent2,KOSDAQ150,foreign,065350,신성델타테크,77271,71058,-6213,2570765925,2357688875,-213077050,KRX MDCSTAT02401_OUT
recent2,KOSDAQ150,foreign,060250,NHN KCP,127282,110379,-16903,1752429540,1517537915,-234891625,KRX MDCSTAT02401_OUT
recent2,KOSDAQ150,foreign,052400,코나아이,32684,25986,-6698,1224041750,973300950,-250740800,KRX MDCSTAT02401_OUT
recent2,KOSDAQ150,foreign,083650,비에이치아이,111368,106989,-4379,6554204700,6295380700,-258824000,KRX MDCSTAT02401_OUT
recent2,KOSDAQ150,foreign,082270,젬백스,106980,81707,-25273,1210927675,925604885,-285322790,KRX MDCSTAT02401_OUT
recent2,KOSDAQ150,foreign,095660,네오위즈,50614,31704,-18910,918077970,576441550,-341636420,KRX MDCSTAT02401_OUT
recent2,KOSDAQ150,foreign,014620,성광벤드,105899,93903,-11996,3204846675,2842172475,-362674200,KRX MDCSTAT02401_OUT
recent2,KOSDAQ150,foreign,032190,다우데이타,71333,52141,-19192,1363453565,1000696460,-362757105,KRX MDCSTAT02401_OUT
recent2,KOSDAQ150,foreign,263750,펄어비스,92922,80619,-12303,3091969550,2686370300,-405599250,KRX MDCSTAT02401_OUT
recent2,KOSDAQ150,foreign,085660,차바이오텍,138472,87887,-50585,1192100215,756602140,-435498075,KRX MDCSTAT02401_OUT
recent2,KOSDAQ150,foreign,137400,피엔티,139647,126491,-13156,4553998925,4107101725,-446897200,KRX MDCSTAT02401_OUT
recent2,KOSDAQ150,foreign,069080,웹젠,89977,49853,-40124,1057165695,587580310,-469585385,KRX MDCSTAT02401_OUT
recent2,KOSDAQ150,foreign,237690,에스티팜,72987,67316,-5671,6943257350,6417803750,-525453600,KRX MDCSTAT02401_OUT
recent2,KOSDAQ150,foreign,048410,현대바이오,678400,600697,-77703,4856588190,4326988520,-529599670,KRX MDCSTAT02401_OUT
recent2,KOSDAQ150,foreign,225570,넥슨게임즈,74873,21575,-53298,810018905,233220700,-576798205,KRX MDCSTAT02401_OUT
recent2,KOSDAQ150,foreign,122870,와이지엔터테인먼트,92912,78123,-14789,3783556975,3193777925,-589779050,KRX MDCSTAT02401_OUT
recent2,KOSDAQ150,foreign,039200,오스코텍,100929,84644,-16285,3818782100,3192160825,-626621275,KRX MDCSTAT02401_OUT
recent2,KOSDAQ150,foreign,376300,디어유,116876,80026,-36850,2190343625,1508959715,-681383910,KRX MDCSTAT02401_OUT
recent2,KOSDAQ150,foreign,195940,HK이노엔,54317,36520,-17797,2215056150,1496065400,-718990750,KRX MDCSTAT02401_OUT
recent2,KOSDAQ150,foreign,0009K0,에임드바이오,102391,73047,-29344,2593062100,1857579800,-735482300,KRX MDCSTAT02401_OUT
recent2,KOSDAQ150,foreign,041510,에스엠,109038,100003,-9035,8473094550,7719200600,-753893950,KRX MDCSTAT02401_OUT
recent2,KOSDAQ150,foreign,035760,CJ ENM,69834,47583,-22251,2420667525,1655301700,-765365825,KRX MDCSTAT02401_OUT
recent2,KOSDAQ150,foreign,060280,큐렉소,242561,156634,-85927,2163199350,1397306870,-765892480,KRX MDCSTAT02401_OUT
recent2,KOSDAQ150,foreign,214370,케어젠,71063,52966,-18097,3081537075,2306552100,-774984975,KRX MDCSTAT02401_OUT
recent2,KOSDAQ150,foreign,257720,실리콘투,423124,401401,-21723,15724148875,14878258600,-845890275,KRX MDCSTAT02401_OUT
recent2,KOSDAQ150,foreign,035900,JYP Ent.,155537,131535,-24002,5844155200,4971003225,-873151975,KRX MDCSTAT02401_OUT
recent2,KOSDAQ150,foreign,121600,나노신소재,93909,76954,-16955,5793198550,4789287950,-1003910600,KRX MDCSTAT02401_OUT
recent2,KOSDAQ150,foreign,358570,지아이이노베이션,350434,237039,-113395,3179980380,2164923960,-1015056420,KRX MDCSTAT02401_OUT
recent2,KOSDAQ150,foreign,445680,큐리옥스바이오시스템즈,68471,49930,-18541,4143034600,3028261050,-1114773550,KRX MDCSTAT02401_OUT
recent2,KOSDAQ150,foreign,272290,이녹스첨단소재,92053,41030,-51023,2095612450,932254325,-1163358125,KRX MDCSTAT02401_OUT
recent2,KOSDAQ150,foreign,281740,레이크머티리얼즈,530511,438313,-92198,6785642520,5613812145,-1171830375,KRX MDCSTAT02401_OUT
recent2,KOSDAQ150,foreign,171090,선익시스템,45354,29343,-16011,3437364650,2234761250,-1202603400,KRX MDCSTAT02401_OUT
recent2,KOSDAQ150,foreign,078340,컴투스,87654,55125,-32529,3290706900,2073877900,-1216829000,KRX MDCSTAT02401_OUT
recent2,KOSDAQ150,foreign,032500,케이엠더블유,277990,217730,-60260,5801251620,4569567720,-1231683900,KRX MDCSTAT02401_OUT
recent2,KOSDAQ150,foreign,028300,HLB,2181995,2151600,-30395,102791171450,101470213075,-1320958375,KRX MDCSTAT02401_OUT
recent2,KOSDAQ150,foreign,007390,네이처셀,155016,99476,-55540,3852410275,2487968025,-1364442250,KRX MDCSTAT02401_OUT
recent2,KOSDAQ150,foreign,031980,피에스케이홀딩스,133265,125635,-7630,25728832150,24218638950,-1510193200,KRX MDCSTAT02401_OUT
recent2,KOSDAQ150,foreign,100790,미래에셋벤처투자,501535,415706,-85829,9325577005,7811867680,-1513709325,KRX MDCSTAT02401_OUT
recent2,KOSDAQ150,foreign,475830,오름테라퓨틱,301596,236579,-65017,6464351350,4942527875,-1521823475,KRX MDCSTAT02401_OUT
recent2,KOSDAQ150,foreign,030520,한컴,222341,123263,-99078,4041003225,2248332410,-1792670815,KRX MDCSTAT02401_OUT
recent2,KOSDAQ150,foreign,183300,코미코,382147,323743,-58404,13107368825,11053660825,-2053708000,KRX MDCSTAT02401_OUT
recent2,KOSDAQ150,foreign,437730,삼현,209034,166738,-42296,10823294800,8601094450,-2222200350,KRX MDCSTAT02401_OUT
recent2,KOSDAQ150,foreign,214430,아이쓰리시스템,58098,28993,-29105,4543122300,2262749200,-2280373100,KRX MDCSTAT02401_OUT
recent2,KOSDAQ150,foreign,348210,넥스틴,100036,40756,-59280,3966353300,1618458775,-2347894525,KRX MDCSTAT02401_OUT
recent2,KOSDAQ150,foreign,089030,테크윙,515712,472165,-43547,29036873300,26633171350,-2403701950,KRX MDCSTAT02401_OUT
recent2,KOSDAQ150,foreign,323280,태성,219027,176669,-42358,13218450800,10712229800,-2506221000,KRX MDCSTAT02401_OUT
recent2,KOSDAQ150,foreign,319400,현대무벡스,476214,354757,-121457,9960838175,7424011325,-2536826850,KRX MDCSTAT02401_OUT
recent2,KOSDAQ150,foreign,232140,와이씨,2163547,2016242,-147305,37317026555,34717072235,-2599954320,KRX MDCSTAT02401_OUT
recent2,KOSDAQ150,foreign,074600,원익QnC,154371,64718,-89653,5037532000,2112261150,-2925270850,KRX MDCSTAT02401_OUT
recent2,KOSDAQ150,foreign,310210,보로노이,65758,44134,-21624,9800128050,6655002600,-3145125450,KRX MDCSTAT02401_OUT
recent2,KOSDAQ150,foreign,036830,솔브레인홀딩스,137436,66446,-70990,6643703900,3186279350,-3457424550,KRX MDCSTAT02401_OUT
recent2,KOSDAQ150,foreign,036810,에프에스티,210981,112203,-98778,7592186825,4025467525,-3566719300,KRX MDCSTAT02401_OUT
recent2,KOSDAQ150,foreign,095610,테스,170314,148922,-21392,30287396500,26336605200,-3950791300,KRX MDCSTAT02401_OUT
recent2,KOSDAQ150,foreign,189300,인텔리안테크,141985,89771,-52214,10547431300,6585592350,-3961838950,KRX MDCSTAT02401_OUT
recent2,KOSDAQ150,foreign,417200,LS머트리얼즈,1461614,1134818,-326796,22157224875,17058193900,-5099030975,KRX MDCSTAT02401_OUT
recent2,KOSDAQ150,foreign,050890,쏠리드,1830587,1323090,-507497,19414236345,14076460605,-5337775740,KRX MDCSTAT02401_OUT
recent2,KOSDAQ150,foreign,295310,에이치브이엠,170360,93311,-77049,12223389600,6671652600,-5551737000,KRX MDCSTAT02401_OUT
recent2,KOSDAQ150,foreign,099320,쎄트렉아이,129467,62068,-67399,10667269100,5086972450,-5580296650,KRX MDCSTAT02401_OUT
recent2,KOSDAQ150,foreign,298380,에이비엘바이오,284637,176696,-107941,14872356950,9246420400,-5625936550,KRX MDCSTAT02401_OUT
recent2,KOSDAQ150,foreign,042000,카페24,826876,524043,-302833,16952056140,11166700595,-5785355545,KRX MDCSTAT02401_OUT
recent2,KOSDAQ150,foreign,080220,제주반도체,1385756,1307002,-78754,127738911250,120485092550,-7253818700,KRX MDCSTAT02401_OUT
recent2,KOSDAQ150,foreign,347850,디앤디파마텍,508002,346167,-161835,23035971550,15681827200,-7354144350,KRX MDCSTAT02401_OUT
recent2,KOSDAQ150,foreign,196170,알테오젠,169785,139841,-29944,44197269500,36447471250,-7749798250,KRX MDCSTAT02401_OUT
recent2,KOSDAQ150,foreign,131970,두산테스나,272021,193883,-78138,30537536950,22020289500,-8517247450,KRX MDCSTAT02401_OUT
recent2,KOSDAQ150,foreign,290650,엘앤씨바이오,224085,63075,-161010,12173576900,3362530100,-8811046800,KRX MDCSTAT02401_OUT
recent2,KOSDAQ150,foreign,218410,RFHIC,407478,259766,-147712,25314305900,16168490000,-9145815900,KRX MDCSTAT02401_OUT
recent2,KOSDAQ150,foreign,141080,리가켐바이오,211728,100519,-111209,17657256900,8432816800,-9224440100,KRX MDCSTAT02401_OUT
recent2,KOSDAQ150,foreign,053800,안랩,317721,209820,-107901,27790562000,18245400850,-9545161150,KRX MDCSTAT02401_OUT
recent2,KOSDAQ150,foreign,087010,펩트론,160781,84814,-75967,21255566400,11158125000,-10097441400,KRX MDCSTAT02401_OUT
recent2,KOSDAQ150,foreign,039030,이오테크닉스,71593,52469,-19124,38640084000,28218299000,-10421785000,KRX MDCSTAT02401_OUT
recent2,KOSDAQ150,foreign,178320,서진시스템,1055680,796231,-259449,44364150975,33500970075,-10863180900,KRX MDCSTAT02401_OUT
recent2,KOSDAQ150,foreign,005290,동진쎄미켐,439531,225618,-213913,22920064550,11792332750,-11127731800,KRX MDCSTAT02401_OUT
recent2,KOSDAQ150,foreign,095340,ISC,186927,134555,-52372,38977930500,27846818250,-11131112250,KRX MDCSTAT02401_OUT
recent2,KOSDAQ150,foreign,226950,올릭스,213242,91110,-122132,25612026500,10897169550,-14714856950,KRX MDCSTAT02401_OUT
recent2,KOSDAQ150,foreign,084370,유진테크,218529,135809,-82720,39272392550,24460044350,-14812348200,KRX MDCSTAT02401_OUT
recent2,KOSDAQ150,foreign,089970,브이엠,569766,320007,-249759,38904270650,21975676300,-16928594350,KRX MDCSTAT02401_OUT
recent2,KOSDAQ150,foreign,101490,에스앤에스텍,510945,112017,-398928,27207075500,5947083600,-21259991900,KRX MDCSTAT02401_OUT
recent2,KOSDAQ150,foreign,000250,삼천당제약,238930,137398,-101532,52675206100,30933689350,-21741516750,KRX MDCSTAT02401_OUT
recent2,KOSDAQ150,foreign,403870,HPSP,1733486,1320990,-412496,116032482850,89260692850,-26771790000,KRX MDCSTAT02401_OUT
recent2,KOSDAQ150,foreign,240810,원익IPS,869420,432401,-437019,121440380850,60674113400,-60766267450,KRX MDCSTAT02401_OUT
recent2,KOSDAQ150,foreign,058470,리노공업,1951939,571549,-1380390,167236681000,48600666850,-118636014150,KRX MDCSTAT02401_OUT
recent2,KOSDAQ150,institution,058470,리노공업,444563,1720291,1275728,37984032100,147553822000,109569789900,KRX MDCSTAT02401_OUT
recent2,KOSDAQ150,institution,036930,주성엔지니어링,348007,485457,137450,89465554250,125740386500,36274832250,KRX MDCSTAT02401_OUT
recent2,KOSDAQ150,institution,108490,로보티즈,31830,93611,61781,10032397250,29315973250,19283576000,KRX MDCSTAT02401_OUT
recent2,KOSDAQ150,institution,086520,에코프로,436459,640059,203600,39738491850,58509492350,18771000500,KRX MDCSTAT02401_OUT
recent2,KOSDAQ150,institution,080220,제주반도체,76758,240355,163597,7089795950,22217815150,15128019200,KRX MDCSTAT02401_OUT
recent2,KOSDAQ150,institution,226950,올릭스,82321,197442,115121,9820956150,23766334550,13945378400,KRX MDCSTAT02401_OUT
recent2,KOSDAQ150,institution,295310,에이치브이엠,57371,248288,190917,4161959900,17855442650,13693482750,KRX MDCSTAT02401_OUT
recent2,KOSDAQ150,institution,403870,HPSP,555446,747516,192070,37397480450,50358754650,12961274200,KRX MDCSTAT02401_OUT
recent2,KOSDAQ150,institution,078600,대주전자재료,50229,152999,102770,5514403750,16698591550,11184187800,KRX MDCSTAT02401_OUT
recent2,KOSDAQ150,institution,028300,HLB,291767,495272,203505,13750238025,21993563475,8243325450,KRX MDCSTAT02401_OUT
recent2,KOSDAQ150,institution,417200,LS머트리얼즈,311290,831429,520139,4733891860,12721179280,7987287420,KRX MDCSTAT02401_OUT
recent2,KOSDAQ150,institution,218410,RFHIC,150144,276353,126209,9337999050,17219702450,7881703400,KRX MDCSTAT02401_OUT
recent2,KOSDAQ150,institution,277810,레인보우로보틱스,17395,33701,16306,7927988500,15474382500,7546394000,KRX MDCSTAT02401_OUT
recent2,KOSDAQ150,institution,253590,네오셈,20331,426244,405913,323869820,6812000585,6488130765,KRX MDCSTAT02401_OUT
recent2,KOSDAQ150,institution,084370,유진테크,52174,86214,34040,9371100250,15501891500,6130791250,KRX MDCSTAT02401_OUT
recent2,KOSDAQ150,institution,121600,나노신소재,25706,118070,92364,1597062050,7376516900,5779454850,KRX MDCSTAT02401_OUT
recent2,KOSDAQ150,institution,247540,에코프로비엠,191125,227913,36788,22908635600,28269568750,5360933150,KRX MDCSTAT02401_OUT
recent2,KOSDAQ150,institution,232140,와이씨,126861,394377,267516,2131610355,6799826260,4668215905,KRX MDCSTAT02401_OUT
recent2,KOSDAQ150,institution,039030,이오테크닉스,56033,64560,8527,30172529000,34822612000,4650083000,KRX MDCSTAT02401_OUT
recent2,KOSDAQ150,institution,036810,에프에스티,15429,130657,115228,552858475,4695151875,4142293400,KRX MDCSTAT02401_OUT
recent2,KOSDAQ150,institution,161580,필옵틱스,8864,100863,91999,365561900,4137892225,3772330325,KRX MDCSTAT02401_OUT
recent2,KOSDAQ150,institution,056080,유진로봇,39191,318282,279091,507144880,3894838330,3387693450,KRX MDCSTAT02401_OUT
recent2,KOSDAQ150,institution,000250,삼천당제약,104472,119531,15059,23062230350,26320051300,3257820950,KRX MDCSTAT02401_OUT
recent2,KOSDAQ150,institution,043260,성호전자,1137937,1243022,105085,35970924575,39215944700,3245020125,KRX MDCSTAT02401_OUT
recent2,KOSDAQ150,institution,140860,파크시스템스,10447,20768,10321,3133458500,6263124250,3129665750,KRX MDCSTAT02401_OUT
recent2,KOSDAQ150,institution,131970,두산테스나,139881,165545,25664,16136186200,19121806800,2985620600,KRX MDCSTAT02401_OUT
recent2,KOSDAQ150,institution,039200,오스코텍,54131,121143,67012,1995460350,4605842000,2610381650,KRX MDCSTAT02401_OUT
recent2,KOSDAQ150,institution,189300,인텔리안테크,21384,54922,33538,1573551450,4043656400,2470104950,KRX MDCSTAT02401_OUT
recent2,KOSDAQ150,institution,074600,원익QnC,100385,175363,74978,3280253925,5725111850,2444857925,KRX MDCSTAT02401_OUT
recent2,KOSDAQ150,institution,131290,티에스이,62982,70655,7673,18626184000,21006685250,2380501250,KRX MDCSTAT02401_OUT
recent2,KOSDAQ150,institution,251970,펌텍코리아,80980,115786,34806,4935243900,7161341500,2226097600,KRX MDCSTAT02401_OUT
recent2,KOSDAQ150,institution,290650,엘앤씨바이오,26444,65895,39451,1414980350,3546092500,2131112150,KRX MDCSTAT02401_OUT
recent2,KOSDAQ150,institution,041190,우리기술투자,77133,407860,330727,487921380,2602790950,2114869570,KRX MDCSTAT02401_OUT
recent2,KOSDAQ150,institution,310210,보로노이,17290,31072,13782,2604986650,4649102300,2044115650,KRX MDCSTAT02401_OUT
recent2,KOSDAQ150,institution,030530,원익홀딩스,24445,89820,65375,729954750,2664623325,1934668575,KRX MDCSTAT02401_OUT
recent2,KOSDAQ150,institution,003380,하림지주,80682,238571,157889,912680990,2702657560,1789976570,KRX MDCSTAT02401_OUT
recent2,KOSDAQ150,institution,042000,카페24,35776,113548,77772,723709395,2489155745,1765446350,KRX MDCSTAT02401_OUT
recent2,KOSDAQ150,institution,240810,원익IPS,337701,349101,11400,47239323000,48899986950,1660663950,KRX MDCSTAT02401_OUT
recent2,KOSDAQ150,institution,178320,서진시스템,134485,168848,34363,5641193400,7148413925,1507220525,KRX MDCSTAT02401_OUT
recent2,KOSDAQ150,institution,005290,동진쎄미켐,162087,189694,27607,8436426500,9919443150,1483016650,KRX MDCSTAT02401_OUT
recent2,KOSDAQ150,institution,032500,케이엠더블유,25733,91220,65487,539054300,1913209805,1374155505,KRX MDCSTAT02401_OUT
recent2,KOSDAQ150,institution,293490,카카오게임즈,200004,331386,131382,2008665635,3346419905,1337754270,KRX MDCSTAT02401_OUT
recent2,KOSDAQ150,institution,125490,한라캐스트,10517,107809,97292,140067100,1434767765,1294700665,KRX MDCSTAT02401_OUT
recent2,KOSDAQ150,institution,006730,서부T&D,175401,280148,104747,1990515300,3168347465,1177832165,KRX MDCSTAT02401_OUT
recent2,KOSDAQ150,institution,078340,컴투스,15757,40658,24901,591079150,1527112875,936033725,KRX MDCSTAT02401_OUT
recent2,KOSDAQ150,institution,214430,아이쓰리시스템,6105,18081,11976,479250700,1415050100,935799400,KRX MDCSTAT02401_OUT
recent2,KOSDAQ150,institution,445680,큐리옥스바이오시스템즈,11718,26474,14756,709309900,1616984600,907674700,KRX MDCSTAT02401_OUT
recent2,KOSDAQ150,institution,041510,에스엠,61103,71247,10144,4679512250,5581353500,901841250,KRX MDCSTAT02401_OUT
recent2,KOSDAQ150,institution,171090,선익시스템,12166,23789,11623,922090700,1803430350,881339650,KRX MDCSTAT02401_OUT
recent2,KOSDAQ150,institution,237690,에스티팜,46113,54587,8474,4380547350,5216212350,835665000,KRX MDCSTAT02401_OUT
recent2,KOSDAQ150,institution,281740,레이크머티리얼즈,94264,153073,58809,1208532310,1965786870,757254560,KRX MDCSTAT02401_OUT
recent2,KOSDAQ150,institution,099320,쎄트렉아이,8534,17088,8554,698200300,1402554650,704354350,KRX MDCSTAT02401_OUT
recent2,KOSDAQ150,institution,225570,넥슨게임즈,21247,83963,62716,229377350,909761890,680384540,KRX MDCSTAT02401_OUT
recent2,KOSDAQ150,institution,141080,리가켐바이오,69918,77328,7410,5829933550,6460298600,630365050,KRX MDCSTAT02401_OUT
recent2,KOSDAQ150,institution,056190,SFA,123998,143400,19402,3880519200,4502953600,622434400,KRX MDCSTAT02401_OUT
recent2,KOSDAQ150,institution,204270,제이앤티씨,13198,40967,27769,300461375,922079825,621618450,KRX MDCSTAT02401_OUT
recent2,KOSDAQ150,institution,096530,씨젠,57002,73075,16073,2107224900,2707576475,600351575,KRX MDCSTAT02401_OUT
recent2,KOSDAQ150,institution,050890,쏠리드,43671,96333,52662,461451360,1020223845,558772485,KRX MDCSTAT02401_OUT
recent2,KOSDAQ150,institution,101490,에스앤에스텍,41749,51621,9872,2225782950,2753204550,527421600,KRX MDCSTAT02401_OUT
recent2,KOSDAQ150,institution,215200,메가스터디교육,9016,22591,13575,339862700,853613950,513751250,KRX MDCSTAT02401_OUT
recent2,KOSDAQ150,institution,348370,엔켐,33250,54514,21264,786402225,1290049400,503647175,KRX MDCSTAT02401_OUT
recent2,KOSDAQ150,institution,347850,디앤디파마텍,70227,78477,8250,3120424925,3577240550,456815625,KRX MDCSTAT02401_OUT
recent2,KOSDAQ150,institution,358570,지아이이노베이션,57384,93436,36052,513441310,860984300,347542990,KRX MDCSTAT02401_OUT
recent2,KOSDAQ150,institution,323280,태성,18024,23741,5717,1089768700,1436001700,346233000,KRX MDCSTAT02401_OUT
recent2,KOSDAQ150,institution,137400,피엔티,33536,43408,9872,1098296975,1426772075,328475100,KRX MDCSTAT02401_OUT
recent2,KOSDAQ150,institution,053800,안랩,11351,15332,3981,997049800,1322865450,325815650,KRX MDCSTAT02401_OUT
recent2,KOSDAQ150,institution,348210,넥스틴,14055,22000,7945,557126750,876512975,319386225,KRX MDCSTAT02401_OUT
recent2,KOSDAQ150,institution,214370,케어젠,12107,19202,7095,522472900,838252300,315779400,KRX MDCSTAT02401_OUT
recent2,KOSDAQ150,institution,033100,제룡전기,11019,17039,6020,546865850,845524525,298658675,KRX MDCSTAT02401_OUT
recent2,KOSDAQ150,institution,095660,네오위즈,17999,31611,13612,325916570,574175110,248258540,KRX MDCSTAT02401_OUT
recent2,KOSDAQ150,institution,060280,큐렉소,13139,37761,24622,116272880,333013915,216741035,KRX MDCSTAT02401_OUT
recent2,KOSDAQ150,institution,100790,미래에셋벤처투자,9881,20727,10846,180567000,381478405,200911405,KRX MDCSTAT02401_OUT
recent2,KOSDAQ150,institution,007390,네이처셀,29609,36310,6701,734861650,907326600,172464950,KRX MDCSTAT02401_OUT
recent2,KOSDAQ150,institution,0009K0,에임드바이오,37488,43548,6060,953006975,1110895500,157888525,KRX MDCSTAT02401_OUT
recent2,KOSDAQ150,institution,030520,한컴,38564,46311,7747,696627350,843946020,147318670,KRX MDCSTAT02401_OUT
recent2,KOSDAQ150,institution,018290,브이티,15698,25633,9935,198282200,324079150,125796950,KRX MDCSTAT02401_OUT
recent2,KOSDAQ150,institution,035900,JYP Ent.,46516,49236,2720,1744693950,1856302200,111608250,KRX MDCSTAT02401_OUT
recent2,KOSDAQ150,institution,085660,차바이오텍,55875,67040,11165,480457600,579834550,99376950,KRX MDCSTAT02401_OUT
recent2,KOSDAQ150,institution,166090,하나머티리얼즈,64113,65449,1336,4115129700,4206953900,91824200,KRX MDCSTAT02401_OUT
recent2,KOSDAQ150,institution,194480,데브시스터즈,12307,17761,5454,173080270,250309320,77229050,KRX MDCSTAT02401_OUT
recent2,KOSDAQ150,institution,082920,비츠로셀,70005,72292,2287,2077818750,2139503525,61684775,KRX MDCSTAT02401_OUT
recent2,KOSDAQ150,institution,399720,가온칩스,3764,4967,1203,181416900,239562600,58145700,KRX MDCSTAT02401_OUT
recent2,KOSDAQ150,institution,195940,HK이노엔,47218,48605,1387,1931155725,1986900750,55745025,KRX MDCSTAT02401_OUT
recent2,KOSDAQ150,institution,253450,스튜디오드래곤,18760,21259,2499,385225375,439444425,54219050,KRX MDCSTAT02401_OUT
recent2,KOSDAQ150,institution,082270,젬백스,18888,23311,4423,211222940,262930400,51707460,KRX MDCSTAT02401_OUT
recent2,KOSDAQ150,institution,069080,웹젠,26503,30233,3730,311933780,356149185,44215405,KRX MDCSTAT02401_OUT
recent2,KOSDAQ150,institution,033500,동성화인텍,9162,11595,2433,148908880,189084520,40175640,KRX MDCSTAT02401_OUT
recent2,KOSDAQ150,institution,065350,신성델타테크,11979,12934,955,397115650,430925350,33809700,KRX MDCSTAT02401_OUT
recent2,KOSDAQ150,institution,036830,솔브레인홀딩스,40037,40686,649,1930671250,1963241825,32570575,KRX MDCSTAT02401_OUT
recent2,KOSDAQ150,institution,025320,시노펙스,36418,42914,6496,145470195,172163835,26693640,KRX MDCSTAT02401_OUT
recent2,KOSDAQ150,institution,025980,아난티,38397,43209,4812,193199615,216829133,23629518,KRX MDCSTAT02401_OUT
recent2,KOSDAQ150,institution,278280,천보,5358,5905,547,207132125,228413550,21281425,KRX MDCSTAT02401_OUT
recent2,KOSDAQ150,institution,101730,위메이드맥스,11289,11355,66,52169120,52711650,542530,KRX MDCSTAT02401_OUT
recent2,KOSDAQ150,institution,112040,위메이드,31048,30513,-535,485802340,478627270,-7175070,KRX MDCSTAT02401_OUT
recent2,KOSDAQ150,institution,025900,동화기업,12195,9777,-2418,91102040,73138060,-17963980,KRX MDCSTAT02401_OUT
recent2,KOSDAQ150,institution,272290,이녹스첨단소재,23877,22855,-1022,542767025,519222200,-23544825,KRX MDCSTAT02401_OUT
recent2,KOSDAQ150,institution,009520,포스코엠텍,38018,36243,-1775,500417050,476422140,-23994910,KRX MDCSTAT02401_OUT
recent2,KOSDAQ150,institution,211050,인카금융서비스,45995,42962,-3033,444495180,419134660,-25360520,KRX MDCSTAT02401_OUT
recent2,KOSDAQ150,institution,352480,씨앤씨인터내셔널,4564,2521,-2043,94509300,52583025,-41926275,KRX MDCSTAT02401_OUT
recent2,KOSDAQ150,institution,038500,삼표시멘트,68029,58082,-9947,463227435,395499155,-67728280,KRX MDCSTAT02401_OUT
recent2,KOSDAQ150,institution,263750,펄어비스,40563,38243,-2320,1349903650,1274320075,-75583575,KRX MDCSTAT02401_OUT
recent2,KOSDAQ150,institution,060250,NHN KCP,19639,14026,-5613,268674635,193023810,-75650825,KRX MDCSTAT02401_OUT
recent2,KOSDAQ150,institution,376300,디어유,43864,39313,-4551,817494760,735868560,-81626200,KRX MDCSTAT02401_OUT
recent2,KOSDAQ150,institution,098460,고영,283749,280952,-2797,9948231350,9858378100,-89853250,KRX MDCSTAT02401_OUT
recent2,KOSDAQ150,institution,036620,감성코퍼레이션,128283,95700,-32583,477642805,358470495,-119172310,KRX MDCSTAT02401_OUT
recent2,KOSDAQ150,institution,015750,성우하이텍,56888,32950,-23938,338296895,196500175,-141796720,KRX MDCSTAT02401_OUT
recent2,KOSDAQ150,institution,048410,현대바이오,165900,143538,-22362,1187689535,1030437245,-157252290,KRX MDCSTAT02401_OUT
recent2,KOSDAQ150,institution,122870,와이지엔터테인먼트,31333,26842,-4491,1273320125,1097722500,-175597625,KRX MDCSTAT02401_OUT
recent2,KOSDAQ150,institution,090360,로보스타,6941,4697,-2244,557546500,378181000,-179365500,KRX MDCSTAT02401_OUT
recent2,KOSDAQ150,institution,058610,에스피지,72893,71005,-1888,7741966950,7538817800,-203149150,KRX MDCSTAT02401_OUT
recent2,KOSDAQ150,institution,032190,다우데이타,33117,19899,-13218,631615080,384065060,-247550020,KRX MDCSTAT02401_OUT
recent2,KOSDAQ150,institution,067160,SOOP,16770,9428,-7342,611698150,344553850,-267144300,KRX MDCSTAT02401_OUT
recent2,KOSDAQ150,institution,035760,CJ ENM,27462,19090,-8372,953531700,664285775,-289245925,KRX MDCSTAT02401_OUT
recent2,KOSDAQ150,institution,319400,현대무벡스,67101,52543,-14558,1403190500,1097847475,-305343025,KRX MDCSTAT02401_OUT
recent2,KOSDAQ150,institution,014620,성광벤드,65593,54906,-10687,1982045550,1659479200,-322566350,KRX MDCSTAT02401_OUT
recent2,KOSDAQ150,institution,298380,에이비엘바이오,73911,65596,-8315,3843090700,3431226000,-411864700,KRX MDCSTAT02401_OUT
recent2,KOSDAQ150,institution,032820,우리기술,151891,104799,-47092,1927692015,1332703985,-594988030,KRX MDCSTAT02401_OUT
recent2,KOSDAQ150,institution,090710,휴림로봇,183629,85340,-98289,1197910180,559104710,-638805470,KRX MDCSTAT02401_OUT
recent2,KOSDAQ150,institution,388720,유일로보틱스,16017,7157,-8860,1149613300,509646900,-639966400,KRX MDCSTAT02401_OUT
recent2,KOSDAQ150,institution,124500,아이티센글로벌,49381,16150,-33231,1436135550,479401300,-956734250,KRX MDCSTAT02401_OUT
recent2,KOSDAQ150,institution,052400,코나아이,36453,9294,-27159,1365065225,349786750,-1015278475,KRX MDCSTAT02401_OUT
recent2,KOSDAQ150,institution,466100,클로봇,71521,26152,-45369,1714075700,623313900,-1090761800,KRX MDCSTAT02401_OUT
recent2,KOSDAQ150,institution,328130,루닛,159807,43674,-116133,1705607465,475593640,-1230013825,KRX MDCSTAT02401_OUT
recent2,KOSDAQ150,institution,214150,클래시스,75232,33796,-41436,2318639050,1049946050,-1268693000,KRX MDCSTAT02401_OUT
recent2,KOSDAQ150,institution,213420,덕산네오룩스,75287,31915,-43372,2265353700,966263750,-1299089950,KRX MDCSTAT02401_OUT
recent2,KOSDAQ150,institution,145020,휴젤,12653,5309,-7344,2281742150,960416700,-1321325450,KRX MDCSTAT02401_OUT
recent2,KOSDAQ150,institution,068760,셀트리온제약,61333,13603,-47730,2366168750,535151750,-1831017000,KRX MDCSTAT02401_OUT
recent2,KOSDAQ150,institution,420770,기가비스,51644,33420,-18224,6818842050,4512542850,-2306299200,KRX MDCSTAT02401_OUT
recent2,KOSDAQ150,institution,089030,테크윙,132193,86303,-45890,7366590100,4869450550,-2497139550,KRX MDCSTAT02401_OUT
recent2,KOSDAQ150,institution,060370,LS마린솔루션,100890,18226,-82664,3421557800,620203025,-2801354775,KRX MDCSTAT02401_OUT
recent2,KOSDAQ150,institution,241710,코스메카코리아,178464,141022,-37442,19199045550,15416089100,-3782956450,KRX MDCSTAT02401_OUT
recent2,KOSDAQ150,institution,437730,삼현,137003,54500,-82503,7061877600,2829217100,-4232660500,KRX MDCSTAT02401_OUT
recent2,KOSDAQ150,institution,083650,비에이치아이,96746,20644,-76102,5665700150,1214552500,-4451147650,KRX MDCSTAT02401_OUT
recent2,KOSDAQ150,institution,475830,오름테라퓨틱,240789,14160,-226629,5014174700,301417250,-4712757450,KRX MDCSTAT02401_OUT
recent2,KOSDAQ150,institution,036540,SFA반도체,1996954,1560355,-436599,23336065165,18265631420,-5070433745,KRX MDCSTAT02401_OUT
recent2,KOSDAQ150,institution,183300,코미코,213294,54133,-159161,7249468300,1852674150,-5396794150,KRX MDCSTAT02401_OUT
recent2,KOSDAQ150,institution,257720,실리콘투,269533,119689,-149844,9937287725,4408284675,-5529003050,KRX MDCSTAT02401_OUT
recent2,KOSDAQ150,institution,087010,펩트론,68836,17843,-50993,9000179250,2370777600,-6629401650,KRX MDCSTAT02401_OUT
recent2,KOSDAQ150,institution,064760,티씨케이,56346,33645,-22701,16676352000,9998822750,-6677529250,KRX MDCSTAT02401_OUT
recent2,KOSDAQ150,institution,089970,브이엠,438008,326154,-111854,29769213100,22319505450,-7449707650,KRX MDCSTAT02401_OUT
recent2,KOSDAQ150,institution,031980,피에스케이홀딩스,147480,95562,-51918,28040182450,18418382150,-9621800300,KRX MDCSTAT02401_OUT
recent2,KOSDAQ150,institution,196170,알테오젠,147321,104026,-43295,38279193250,27167960000,-11111233250,KRX MDCSTAT02401_OUT
recent2,KOSDAQ150,institution,095610,테스,184522,114129,-70393,32476500850,20378680250,-12097820600,KRX MDCSTAT02401_OUT
recent2,KOSDAQ150,institution,067310,하나마이크론,520766,279618,-241148,27603511800,14785676850,-12817834950,KRX MDCSTAT02401_OUT
recent2,KOSDAQ150,institution,214450,파마리서치,80157,16899,-63258,24548578250,5182864250,-19365714000,KRX MDCSTAT02401_OUT
recent2,KOSDAQ150,institution,222800,심텍,444733,329801,-114932,76553868650,56919221650,-19634647000,KRX MDCSTAT02401_OUT
recent2,KOSDAQ150,institution,095340,ISC,157911,57334,-100577,32710110250,11955250250,-20754860000,KRX MDCSTAT02401_OUT
recent3,KOSPI200,foreign,316140,우리금융지주,8082721,25901968,17819247,269674798783,864108905653,594434106870,KRX MDCSTAT02401_OUT
recent3,KOSPI200,foreign,009150,삼성전기,486204,789888,303684,773345649569,1260603409569,487257760000,KRX MDCSTAT02401_OUT
recent3,KOSPI200,foreign,006400,삼성SDI,199226,382717,183491,106529532000,209845896000,103316364000,KRX MDCSTAT02401_OUT
recent3,KOSPI200,foreign,096770,SK이노베이션,850496,1403696,553200,125348620950,208443885200,83095264250,KRX MDCSTAT02401_OUT
recent3,KOSPI200,foreign,011070,LG이노텍,260005,368053,108048,154454965000,218937116500,64482151500,KRX MDCSTAT02401_OUT
recent3,KOSPI200,foreign,007660,이수페타시스,855150,1245836,390686,107890132150,158436648250,50546516100,KRX MDCSTAT02401_OUT
recent3,KOSPI200,foreign,010120,LS ELECTRIC,250709,463915,213206,51907693600,97678505550,45770811950,KRX MDCSTAT02401_OUT
recent3,KOSPI200,foreign,003670,포스코퓨처엠,200774,360962,160188,38794276800,69747735600,30953458800,KRX MDCSTAT02401_OUT
recent3,KOSPI200,foreign,028260,삼성물산,304241,393816,89575,104507817500,135217510500,30709693000,KRX MDCSTAT02401_OUT
recent3,KOSPI200,foreign,009830,한화솔루션,2547369,3323911,776542,89636281450,118438736550,28802455100,KRX MDCSTAT02401_OUT
recent3,KOSPI200,foreign,064400,LG씨엔에스,186445,584315,397870,13441060814,41863881914,28422821100,KRX MDCSTAT02401_OUT
recent3,KOSPI200,foreign,066570,LG전자,592055,686562,94507,130476188750,154755932750,24279744000,KRX MDCSTAT02401_OUT
recent3,KOSPI200,foreign,454910,두산로보틱스,210225,454360,244135,15448247050,33109554650,17661307600,KRX MDCSTAT02401_OUT
recent3,KOSPI200,foreign,267260,HD현대일렉트릭,187962,213569,25607,125964673000,143146363500,17181690500,KRX MDCSTAT02401_OUT
recent3,KOSPI200,foreign,017670,SK텔레콤,502634,700097,197463,43968174200,61110361900,17142187700,KRX MDCSTAT02401_OUT
recent3,KOSPI200,foreign,010950,S-Oil,503455,592895,89440,80140825000,94965948650,14825123650,KRX MDCSTAT02401_OUT
recent3,KOSPI200,foreign,278470,에이피알,350199,389006,38807,127242060128,141637754878,14395694750,KRX MDCSTAT02401_OUT
recent3,KOSPI200,foreign,051910,LG화학,204956,256290,51334,53467533250,67380625750,13913092500,KRX MDCSTAT02401_OUT
recent3,KOSPI200,foreign,011200,HMM,849169,1464290,615121,18031107615,31157707215,13126599600,KRX MDCSTAT02401_OUT
recent3,KOSPI200,foreign,298040,효성중공업,44162,48388,4226,122651972000,134846512500,12194540500,KRX MDCSTAT02401_OUT
recent3,KOSPI200,foreign,0126Z0,삼성에피스홀딩스,53224,79554,26330,19625575500,29264219250,9638643750,KRX MDCSTAT02401_OUT
recent3,KOSPI200,foreign,443060,HD현대마린솔루션,92907,134237,41330,21313053841,30684089341,9371035500,KRX MDCSTAT02401_OUT
recent3,KOSPI200,foreign,066970,엘앤에프,288831,355337,66506,33595680350,41885438750,8289758400,KRX MDCSTAT02401_OUT
recent3,KOSPI200,foreign,001450,현대해상,464956,635538,170582,21955876300,29986625650,8030749350,KRX MDCSTAT02401_OUT
recent3,KOSPI200,foreign,450080,에코프로머티,275961,487909,211948,10520437475,18374828475,7854391000,KRX MDCSTAT02401_OUT
recent3,KOSPI200,foreign,071050,한국금융지주,203763,247375,43612,36460437900,44256632950,7796195050,KRX MDCSTAT02401_OUT
recent3,KOSPI200,foreign,329180,HD현대중공업,175386,193504,18118,74450406500,82111603250,7661196750,KRX MDCSTAT02401_OUT
recent3,KOSPI200,foreign,005830,DB손해보험,379731,421787,42056,68954396104,76570729904,7616333800,KRX MDCSTAT02401_OUT
recent3,KOSPI200,foreign,052690,한전기술,180408,239795,59387,22828897200,30345511550,7516614350,KRX MDCSTAT02401_OUT
recent3,KOSPI200,foreign,004170,신세계,63692,86150,22458,20902155500,28321576500,7419421000,KRX MDCSTAT02401_OUT
recent3,KOSPI200,foreign,018260,삼성에스디에스,124777,158388,33611,27387160250,34781638000,7394477750,KRX MDCSTAT02401_OUT
recent3,KOSPI200,foreign,078930,GS,511218,580023,68805,53164713700,60183180050,7018466350,KRX MDCSTAT02401_OUT
recent3,KOSPI200,foreign,483650,달바글로벌,60805,96508,35703,11146968150,17543071950,6396103800,KRX MDCSTAT02401_OUT
recent3,KOSPI200,foreign,120110,코오롱인더,91583,201133,109550,5165563600,11474441950,6308878350,KRX MDCSTAT02401_OUT
recent3,KOSPI200,foreign,204320,HL만도,204668,336335,131667,9598266475,15839464625,6241198150,KRX MDCSTAT02401_OUT
recent3,KOSPI200,foreign,086280,현대글로비스,134957,164021,29064,26898248250,32681640550,5783392300,KRX MDCSTAT02401_OUT
recent3,KOSPI200,foreign,307950,현대오토에버,30428,45025,14597,11555473000,17100547000,5545074000,KRX MDCSTAT02401_OUT
recent3,KOSPI200,foreign,373220,LG에너지솔루션,275746,289494,13748,103512633000,108532930750,5020297750,KRX MDCSTAT02401_OUT
recent3,KOSPI200,foreign,051900,LG생활건강,81401,99631,18230,21909583750,26792381500,4882797750,KRX MDCSTAT02401_OUT
recent3,KOSPI200,foreign,006260,LS,141537,156868,15331,42019673000,46651734500,4632061500,KRX MDCSTAT02401_OUT
recent3,KOSPI200,foreign,000150,두산,115902,118763,2861,161828162500,166422023000,4593860500,KRX MDCSTAT02401_OUT
recent3,KOSPI200,foreign,259960,크래프톤,92542,114895,22353,18345106400,22804972800,4459866400,KRX MDCSTAT02401_OUT
recent3,KOSPI200,foreign,267270,HD건설기계,260495,298635,38140,30942181150,35320207600,4378026450,KRX MDCSTAT02401_OUT
recent3,KOSPI200,foreign,023530,롯데쇼핑,90579,133930,43351,9064481350,13432990550,4368509200,KRX MDCSTAT02401_OUT
recent3,KOSPI200,foreign,001440,대한전선,1771961,1876458,104497,54683907350,58549126650,3865219300,KRX MDCSTAT02401_OUT
recent3,KOSPI200,foreign,022100,포스코DX,264666,440959,176293,5535356945,9263087615,3727730670,KRX MDCSTAT02401_OUT
recent3,KOSPI200,foreign,004020,현대제철,640802,762383,121581,19294395050,22946163450,3651768400,KRX MDCSTAT02401_OUT
recent3,KOSPI200,foreign,034220,LG디스플레이,3572899,3970679,397780,30470717515,33845357795,3374640280,KRX MDCSTAT02401_OUT
recent3,KOSPI200,foreign,000100,유한양행,201258,245491,44233,15050867650,18390264050,3339396400,KRX MDCSTAT02401_OUT
recent3,KOSPI200,foreign,008930,한미사이언스,134746,194324,59578,7336692150,10672446100,3335753950,KRX MDCSTAT02401_OUT
recent3,KOSPI200,foreign,138930,BNK금융지주,902688,1109884,207196,14365599140,17693409975,3327810835,KRX MDCSTAT02401_OUT
recent3,KOSPI200,foreign,298020,효성티앤씨,32060,42920,10860,8998433750,12064072750,3065639000,KRX MDCSTAT02401_OUT
recent3,KOSPI200,foreign,086790,하나금융지주,951587,974284,22697,122586696940,125504871040,2918174100,KRX MDCSTAT02401_OUT
recent3,KOSPI200,foreign,039490,키움증권,122780,133622,10842,31482385833,34281579583,2799193750,KRX MDCSTAT02401_OUT
recent3,KOSPI200,foreign,002380,KCC,16194,21939,5745,7641490250,10363417250,2721927000,KRX MDCSTAT02401_OUT
recent3,KOSPI200,foreign,082740,한화엔진,549104,600496,51392,26328837250,28965106875,2636269625,KRX MDCSTAT02401_OUT
recent3,KOSPI200,foreign,000810,삼성화재,105465,108654,3189,66307826500,68364662000,2056835500,KRX MDCSTAT02401_OUT
recent3,KOSPI200,foreign,007340,DN오토모티브,122737,160502,37765,6125996100,8010668550,1884672450,KRX MDCSTAT02401_OUT
recent3,KOSPI200,foreign,009540,HD한국조선해양,182960,188967,6007,58985292000,60833497250,1848205250,KRX MDCSTAT02401_OUT
recent3,KOSPI200,foreign,352820,하이브,171770,182863,11093,26751098678,28529450828,1778352150,KRX MDCSTAT02401_OUT
recent3,KOSPI200,foreign,011780,금호석유화학,65647,80697,15050,7660201100,9438463650,1778262550,KRX MDCSTAT02401_OUT
recent3,KOSPI200,foreign,251270,넷마블,292386,341933,49547,10172981225,11917821075,1744839850,KRX MDCSTAT02401_OUT
recent3,KOSPI200,foreign,036460,한국가스공사,152018,195273,43255,5415775025,6946260450,1530485425,KRX MDCSTAT02401_OUT
recent3,KOSPI200,foreign,010130,고려아연,11531,12887,1356,12507418600,13995526600,1488108000,KRX MDCSTAT02401_OUT
recent3,KOSPI200,foreign,000880,한화,115369,126773,11404,14598789902,16059811552,1461021650,KRX MDCSTAT02401_OUT
recent3,KOSPI200,foreign,047810,한국항공우주,312003,321114,9111,40370301650,41699641150,1329339500,KRX MDCSTAT02401_OUT
recent3,KOSPI200,foreign,002790,아모레퍼시픽홀딩스,137803,188524,50721,3482981950,4744211200,1261229250,KRX MDCSTAT02401_OUT
recent3,KOSPI200,foreign,375500,DL이앤씨,304660,320744,16084,22926969750,24134548450,1207578700,KRX MDCSTAT02401_OUT
recent3,KOSPI200,foreign,302440,SK바이오사이언스,53320,82256,28936,1955817250,3030411500,1074594250,KRX MDCSTAT02401_OUT
recent3,KOSPI200,foreign,271560,오리온,125450,134780,9330,13238376200,14218597100,980220900,KRX MDCSTAT02401_OUT
recent3,KOSPI200,foreign,005850,에스엘,88848,107544,18696,4614484450,5577205650,962721200,KRX MDCSTAT02401_OUT
recent3,KOSPI200,foreign,006280,녹십자,25647,32899,7252,3265628050,4208398850,942770800,KRX MDCSTAT02401_OUT
recent3,KOSPI200,foreign,161390,한국타이어앤테크놀로지,289249,305381,16132,17207928400,18105123000,897194600,KRX MDCSTAT02401_OUT
recent3,KOSPI200,foreign,361610,SK아이이테크놀로지,551021,592273,41252,9343169855,10208123380,864953525,KRX MDCSTAT02401_OUT
recent3,KOSPI200,foreign,377300,카카오페이,84227,103258,19031,3375194875,4144847775,769652900,KRX MDCSTAT02401_OUT
recent3,KOSPI200,foreign,011170,롯데케미칼,128831,140144,11313,7807352850,8483743350,676390500,KRX MDCSTAT02401_OUT
recent3,KOSPI200,foreign,285130,SK케미칼,27177,40262,13085,1396439100,2068115200,671676100,KRX MDCSTAT02401_OUT
recent3,KOSPI200,foreign,137310,에스디바이오센서,90104,190221,100117,571021915,1203405570,632383655,KRX MDCSTAT02401_OUT
recent3,KOSPI200,foreign,018880,한온시스템,13056301,13189342,133041,49407730337,49987084618,579354281,KRX MDCSTAT02401_OUT
recent3,KOSPI200,foreign,280360,롯데웰푸드,12659,16896,4237,1524119900,2019849900,495730000,KRX MDCSTAT02401_OUT
recent3,KOSPI200,foreign,005420,코스모화학,151955,188390,36435,1714598285,2091330930,376732645,KRX MDCSTAT02401_OUT
recent3,KOSPI200,foreign,069960,현대백화점,97607,101416,3809,8599989800,8931530600,331540800,KRX MDCSTAT02401_OUT
recent3,KOSPI200,foreign,026960,동서,166747,176379,9632,4488766150,4801962150,313196000,KRX MDCSTAT02401_OUT
recent3,KOSPI200,foreign,000670,영풍,31596,39221,7625,1282361725,1593517275,311155550,KRX MDCSTAT02401_OUT
recent3,KOSPI200,foreign,008730,율촌화학,69342,88776,19434,1031512250,1322777650,291265400,KRX MDCSTAT02401_OUT
recent3,KOSPI200,foreign,298050,HS효성첨단소재,6241,7997,1756,1010595700,1298918300,288322600,KRX MDCSTAT02401_OUT
recent3,KOSPI200,foreign,028670,팬오션,4223859,4235346,11487,25349357005,25634551950,285194945,KRX MDCSTAT02401_OUT
recent3,KOSPI200,foreign,180640,한진칼,64188,65869,1681,8499688080,8723787080,224099000,KRX MDCSTAT02401_OUT
recent3,KOSPI200,foreign,014820,동원시스템즈,14485,21791,7306,308636775,465630950,156994175,KRX MDCSTAT02401_OUT
recent3,KOSPI200,foreign,003230,삼양식품,31173,31346,173,37822196000,37935165500,112969500,KRX MDCSTAT02401_OUT
recent3,KOSPI200,foreign,069620,대웅제약,20571,21388,817,2228544150,2321288300,92744150,KRX MDCSTAT02401_OUT
recent3,KOSPI200,foreign,185750,종근당,18447,19313,866,1197863250,1255404500,57541250,KRX MDCSTAT02401_OUT
recent3,KOSPI200,foreign,002030,아세아,1500,1781,281,304212650,359959200,55746550,KRX MDCSTAT02401_OUT
recent3,KOSPI200,foreign,071320,지역난방공사,10957,11437,480,863634000,902951750,39317750,KRX MDCSTAT02401_OUT
recent3,KOSPI200,foreign,007070,GS리테일,136824,138153,1329,3021795325,3051296550,29501225,KRX MDCSTAT02401_OUT
recent3,KOSPI200,foreign,003240,태광산업,1244,1255,11,1113970000,1129592000,15622000,KRX MDCSTAT02401_OUT
recent3,KOSPI200,foreign,282330,BGF리테일,63573,63572,-1,8114111600,8119817500,5705900,KRX MDCSTAT02401_OUT
recent3,KOSPI200,foreign,175330,JB금융지주,558815,560126,1311,16011977825,16011739350,-238475,KRX MDCSTAT02401_OUT
recent3,KOSPI200,foreign,034230,파라다이스,264243,262098,-2145,2471139590,2456546955,-14592635,KRX MDCSTAT02401_OUT
recent3,KOSPI200,foreign,000240,한국앤컴퍼니,43350,42676,-674,1091835425,1075795150,-16040275,KRX MDCSTAT02401_OUT
recent3,KOSPI200,foreign,268280,미원에스씨,1090,935,-155,137369650,116771500,-20598150,KRX MDCSTAT02401_OUT
recent3,KOSPI200,foreign,002840,미원상사,2104,1786,-318,283966250,241138200,-42828050,KRX MDCSTAT02401_OUT
recent3,KOSPI200,foreign,007700,F&F홀딩스,5637,1627,-4010,75337110,21765970,-53571140,KRX MDCSTAT02401_OUT
recent3,KOSPI200,foreign,017800,현대엘리베이터,158513,157450,-1063,11504934079,11439541379,-65392700,KRX MDCSTAT02401_OUT
recent3,KOSPI200,foreign,097950,CJ제일제당,44329,43795,-534,7908928750,7824765550,-84163200,KRX MDCSTAT02401_OUT
recent3,KOSPI200,foreign,300720,한일시멘트,38792,33004,-5788,623807755,530631230,-93176525,KRX MDCSTAT02401_OUT
recent3,KOSPI200,foreign,128940,한미약품,70767,70238,-529,35813792500,35703634000,-110158500,KRX MDCSTAT02401_OUT
recent3,KOSPI200,foreign,073240,금호타이어,772320,751368,-20952,5224105855,5112318305,-111787550,KRX MDCSTAT02401_OUT
recent3,KOSPI200,foreign,003090,대웅,100541,90883,-9658,1545170775,1401166515,-144004260,KRX MDCSTAT02401_OUT
recent3,KOSPI200,foreign,069260,TKG휴켐스,57747,45040,-12707,914217990,714425085,-199792905,KRX MDCSTAT02401_OUT
recent3,KOSPI200,foreign,000080,하이트진로,78654,63636,-15018,1162364340,942554175,-219810165,KRX MDCSTAT02401_OUT
recent3,KOSPI200,foreign,192080,더블유게임즈,43617,39753,-3864,2510584400,2290523550,-220060850,KRX MDCSTAT02401_OUT
recent3,KOSPI200,foreign,004000,롯데정밀화학,41958,36622,-5336,1789251525,1561833625,-227417900,KRX MDCSTAT02401_OUT
recent3,KOSPI200,foreign,000210,DL,39317,33874,-5443,1927205450,1658840575,-268364875,KRX MDCSTAT02401_OUT
recent3,KOSPI200,foreign,006040,동원산업,40957,32938,-8019,1438660000,1157395525,-281264475,KRX MDCSTAT02401_OUT
recent3,KOSPI200,foreign,006650,대한유화,45093,41781,-3312,4070739200,3783812250,-286926950,KRX MDCSTAT02401_OUT
recent3,KOSPI200,foreign,012750,에스원,107658,104284,-3374,8995700850,8704663400,-291037450,KRX MDCSTAT02401_OUT
recent3,KOSPI200,foreign,011210,현대위아,93578,87524,-6054,4958188350,4644762000,-313426350,KRX MDCSTAT02401_OUT
recent3,KOSPI200,foreign,111770,영원무역,107929,101414,-6515,7283579800,6853053950,-430525850,KRX MDCSTAT02401_OUT
recent3,KOSPI200,foreign,006800,미래에셋증권,1153193,1132769,-20424,36647073500,36113239850,-533833650,KRX MDCSTAT02401_OUT
recent3,KOSPI200,foreign,051600,한전KPS,134815,122099,-12716,5999472475,5444657150,-554815325,KRX MDCSTAT02401_OUT
recent3,KOSPI200,foreign,009240,한샘,33707,18530,-15177,1327601625,732058800,-595542825,KRX MDCSTAT02401_OUT
recent3,KOSPI200,foreign,009970,영원무역홀딩스,15808,11729,-4079,2554385100,1895131500,-659253600,KRX MDCSTAT02401_OUT
recent3,KOSPI200,foreign,001800,오리온홀딩스,98691,69239,-29452,2249592875,1578066550,-671526325,KRX MDCSTAT02401_OUT
recent3,KOSPI200,foreign,007310,오뚜기,4036,1810,-2226,1271460500,569635000,-701825500,KRX MDCSTAT02401_OUT
recent3,KOSPI200,foreign,005300,롯데칠성,27968,20183,-7785,2654532613,1917429363,-737103250,KRX MDCSTAT02401_OUT
recent3,KOSPI200,foreign,088350,한화생명,2079663,1925530,-154133,10990416290,10166796835,-823619455,KRX MDCSTAT02401_OUT
recent3,KOSPI200,foreign,030200,KT,188765,170085,-18680,9785959450,8824990600,-960968850,KRX MDCSTAT02401_OUT
recent3,KOSPI200,foreign,001680,대상,111825,49762,-62063,1978086240,881430425,-1096655815,KRX MDCSTAT02401_OUT
recent3,KOSPI200,foreign,000270,기아,1256825,1245962,-10863,141678016000,140418590400,-1259425600,KRX MDCSTAT02401_OUT
recent3,KOSPI200,foreign,241560,두산밥캣,312300,289305,-22995,17149848890,15885100840,-1264748050,KRX MDCSTAT02401_OUT
recent3,KOSPI200,foreign,093370,후성,4687445,4575587,-111858,73804822695,72481303210,-1323519485,KRX MDCSTAT02401_OUT
recent3,KOSPI200,foreign,005940,NH투자증권,503581,446925,-56656,13383711313,11852353688,-1531357625,KRX MDCSTAT02401_OUT
recent3,KOSPI200,foreign,139480,이마트,92149,67096,-25053,6569101800,4801049600,-1768052200,KRX MDCSTAT02401_OUT
recent3,KOSPI200,foreign,017960,한국카본,175454,86573,-88881,3594161425,1772411705,-1821749720,KRX MDCSTAT02401_OUT
recent3,KOSPI200,foreign,034730,SK,129381,125944,-3437,75053992500,73147052000,-1906940500,KRX MDCSTAT02401_OUT
recent3,KOSPI200,foreign,029780,삼성카드,101122,51496,-49626,4225321800,2152582550,-2072739250,KRX MDCSTAT02401_OUT
recent3,KOSPI200,foreign,035250,강원랜드,251437,105535,-145902,3589347650,1507682480,-2081665170,KRX MDCSTAT02401_OUT
recent3,KOSPI200,foreign,021240,코웨이,272697,251707,-20990,27364639800,25207671500,-2156968300,KRX MDCSTAT02401_OUT
recent3,KOSPI200,foreign,004990,롯데지주,160010,66720,-93290,3768810900,1571212050,-2197598850,KRX MDCSTAT02401_OUT
recent3,KOSPI200,foreign,000120,CJ대한통운,67629,35499,-32130,4719026550,2479892500,-2239134050,KRX MDCSTAT02401_OUT
recent3,KOSPI200,foreign,103140,풍산,153167,123085,-30082,11823602900,9575361450,-2248241450,KRX MDCSTAT02401_OUT
recent3,KOSPI200,foreign,000720,현대건설,617415,598430,-18985,70917134700,68666975650,-2250159050,KRX MDCSTAT02401_OUT
recent3,KOSPI200,foreign,001040,CJ,95852,76980,-18872,12515208750,10035173950,-2480034800,KRX MDCSTAT02401_OUT
recent3,KOSPI200,foreign,016360,삼성증권,438794,408079,-30715,39209444054,36459328154,-2750115900,KRX MDCSTAT02401_OUT
recent3,KOSPI200,foreign,003030,세아제강지주,46481,22005,-24476,5235837000,2481101550,-2754735450,KRX MDCSTAT02401_OUT
recent3,KOSPI200,foreign,032830,삼성생명,343140,333081,-10059,97368900500,94525460500,-2843440000,KRX MDCSTAT02401_OUT
recent3,KOSPI200,foreign,081660,미스토홀딩스,190027,113543,-76484,7274775750,4321322800,-2953452950,KRX MDCSTAT02401_OUT
recent3,KOSPI200,foreign,047040,대우건설,2907481,2732125,-175356,51525967240,48489618370,-3036348870,KRX MDCSTAT02401_OUT
recent3,KOSPI200,foreign,003550,LG,247821,216941,-30880,27726449630,24299459280,-3426990350,KRX MDCSTAT02401_OUT
recent3,KOSPI200,foreign,008770,호텔신라,273679,179807,-93872,10692488525,7033437600,-3659050925,KRX MDCSTAT02401_OUT
recent3,KOSPI200,foreign,030000,제일기획,538567,337914,-200653,10087010170,6338483890,-3748526280,KRX MDCSTAT02401_OUT
recent3,KOSPI200,foreign,071970,HD현대마린엔진,183765,100491,-83274,8797618150,4848946550,-3948671600,KRX MDCSTAT02401_OUT
recent3,KOSPI200,foreign,009420,한올바이오파마,321693,233914,-87779,15095875150,11026824700,-4069050450,KRX MDCSTAT02401_OUT
recent3,KOSPI200,foreign,004370,농심,31726,20780,-10946,12705477140,8314042390,-4391434750,KRX MDCSTAT02401_OUT
recent3,KOSPI200,foreign,032640,LG유플러스,1115182,795640,-319542,16197338710,11559962665,-4637376045,KRX MDCSTAT02401_OUT
recent3,KOSPI200,foreign,001430,세아베스틸지주,177003,71339,-105664,8277766850,3340319800,-4937447050,KRX MDCSTAT02401_OUT
recent3,KOSPI200,foreign,326030,SK바이오팜,167362,101265,-66097,12701290200,7693564400,-5007725800,KRX MDCSTAT02401_OUT
recent3,KOSPI200,foreign,139130,iM금융지주,767362,495653,-271709,14217420861,9201872406,-5015548455,KRX MDCSTAT02401_OUT
recent3,KOSPI200,foreign,323410,카카오뱅크,1094131,782907,-311224,21649042920,15564745030,-6084297890,KRX MDCSTAT02401_OUT
recent3,KOSPI200,foreign,090430,아모레퍼시픽,305646,256614,-49032,40388771694,33969177994,-6419593700,KRX MDCSTAT02401_OUT
recent3,KOSPI200,foreign,028050,삼성E&A,1424202,1284569,-139633,67750373150,61203961125,-6546412025,KRX MDCSTAT02401_OUT
recent3,KOSPI200,foreign,000990,DB하이텍,470406,421698,-48708,65990473900,58973186000,-7017287900,KRX MDCSTAT02401_OUT
recent3,KOSPI200,foreign,112610,씨에스윈드,484957,353410,-131547,26885195800,19317912250,-7567283550,KRX MDCSTAT02401_OUT
recent3,KOSPI200,foreign,062040,산일전기,397519,360323,-37196,88447203000,80850409500,-7596793500,KRX MDCSTAT02401_OUT
recent3,KOSPI200,foreign,161890,한국콜마,546663,490453,-56210,76097066900,68270802150,-7826264750,KRX MDCSTAT02401_OUT
recent3,KOSPI200,foreign,035720,카카오,1234567,997314,-237253,41241474650,33347825850,-7893648800,KRX MDCSTAT02401_OUT
recent3,KOSPI200,foreign,015760,한국전력,680236,403544,-276692,20454194275,12163503975,-8290690300,KRX MDCSTAT02401_OUT
recent3,KOSPI200,foreign,042700,한미반도체,660997,626370,-34627,179475384500,169670561000,-9804823500,KRX MDCSTAT02401_OUT
recent3,KOSPI200,foreign,457190,이수스페셜티케미컬,307754,179066,-128688,24414524950,14365122450,-10049402500,KRX MDCSTAT02401_OUT
recent3,KOSPI200,foreign,138040,메리츠금융지주,201956,122080,-79876,25936568650,15699058350,-10237510300,KRX MDCSTAT02401_OUT
recent3,KOSPI200,foreign,267250,HD현대,299103,244644,-54459,59196537440,48441166090,-10755371350,KRX MDCSTAT02401_OUT
recent3,KOSPI200,foreign,079550,LIG디펜스앤에어로스페이스,108445,93456,-14989,79059081000,68211537000,-10847544000,KRX MDCSTAT02401_OUT
recent3,KOSPI200,foreign,003490,대한항공,1504224,1147996,-356228,46387328875,35310292625,-11077036250,KRX MDCSTAT02401_OUT
recent3,KOSPI200,foreign,047050,포스코인터내셔널,667653,450755,-216898,37380122600,25489760800,-11890361800,KRX MDCSTAT02401_OUT
recent3,KOSPI200,foreign,192820,코스맥스,204248,160910,-43338,56750555000,44370313000,-12380242000,KRX MDCSTAT02401_OUT
recent3,KOSPI200,foreign,068270,셀트리온,452929,374094,-78835,82677537400,68349201000,-14328336400,KRX MDCSTAT02401_OUT
recent3,KOSPI200,foreign,024110,기업은행,1471318,748406,-722912,29637880625,15082914800,-14554965825,KRX MDCSTAT02401_OUT
recent3,KOSPI200,foreign,064350,현대로템,711734,561536,-150198,80541947550,63780760300,-16761187250,KRX MDCSTAT02401_OUT
recent3,KOSPI200,foreign,011790,SKC,646907,476158,-170749,68958417350,51152804500,-17805612850,KRX MDCSTAT02401_OUT
recent3,KOSPI200,foreign,010140,삼성중공업,2481089,1493413,-987676,48942575800,29493728525,-19448847275,KRX MDCSTAT02401_OUT
recent3,KOSPI200,foreign,042660,한화오션,683751,424875,-258876,53222577850,33147142900,-20075434950,KRX MDCSTAT02401_OUT
recent3,KOSPI200,foreign,014680,한솔케미칼,140739,57504,-83235,38536717000,15747330750,-22789386250,KRX MDCSTAT02401_OUT
recent3,KOSPI200,foreign,010060,OCI홀딩스,287219,171574,-115645,67050579000,39874199750,-27176379250,KRX MDCSTAT02401_OUT
recent3,KOSPI200,foreign,033780,KT&G,364068,206334,-157734,64094213450,36336905600,-27757307850,KRX MDCSTAT02401_OUT
recent3,KOSPI200,foreign,005490,POSCO홀딩스,249204,145956,-103248,77329499250,45519320250,-31810179000,KRX MDCSTAT02401_OUT
recent3,KOSPI200,foreign,272210,한화시스템,1302356,907354,-395002,105340182850,73190104800,-32150078050,KRX MDCSTAT02401_OUT
recent3,KOSPI200,foreign,012450,한화에어로스페이스,176915,143320,-33595,184151091758,149655099258,-34495992500,KRX MDCSTAT02401_OUT
recent3,KOSPI200,foreign,402340,SK스퀘어,727432,694228,-33204,839273223318,803934216318,-35339007000,KRX MDCSTAT02401_OUT
recent3,KOSPI200,foreign,005380,현대차,504291,381037,-123254,174749129250,132334696250,-42414433000,KRX MDCSTAT02401_OUT
recent3,KOSPI200,foreign,036570,NC,357357,159397,-197960,82816762250,36742921250,-46073841000,KRX MDCSTAT02401_OUT
recent3,KOSPI200,foreign,012330,현대모비스,426621,281107,-145514,162449222750,107165839500,-55283383250,KRX MDCSTAT02401_OUT
recent3,KOSPI200,foreign,055550,신한지주,1746583,1189402,-557181,182098304500,124014902750,-58083401750,KRX MDCSTAT02401_OUT
recent3,KOSPI200,foreign,105560,KB금융,1738833,1369002,-369831,290371400650,228710728200,-61660672450,KRX MDCSTAT02401_OUT
recent3,KOSPI200,foreign,034020,두산에너빌리티,2606235,1778909,-827326,212507928850,144952390650,-67555538200,KRX MDCSTAT02401_OUT
recent3,KOSPI200,foreign,035420,NAVER,630693,262828,-367865,120927883800,50419715350,-70508168450,KRX MDCSTAT02401_OUT
recent3,KOSPI200,foreign,207940,삼성바이오로직스,134369,68286,-66083,181217039500,93612131000,-87604908500,KRX MDCSTAT02401_OUT
recent3,KOSPI200,foreign,005930,삼성전자,12654792,9490309,-3164483,3457484594003,2597934668753,-859549925250,KRX MDCSTAT02401_OUT
recent3,KOSPI200,foreign,000660,SK하이닉스,2718132,1697621,-1020511,4907129500831,3072451578331,-1834677922500,KRX MDCSTAT02401_OUT
recent3,KOSPI200,institution,009150,삼성전기,449507,578047,128540,714032364500,918090183000,204057818500,KRX MDCSTAT02401_OUT
recent3,KOSPI200,institution,005930,삼성전자,16234652,16701635,466983,4432602564000,4566945710000,134343146000,KRX MDCSTAT02401_OUT
recent3,KOSPI200,institution,006400,삼성SDI,185736,382443,196707,99259116500,208469640000,109210523500,KRX MDCSTAT02401_OUT
recent3,KOSPI200,institution,373220,LG에너지솔루션,166674,449602,282928,62123834250,168678087750,106554253500,KRX MDCSTAT02401_OUT
recent3,KOSPI200,institution,066570,LG전자,251854,668181,416327,55553369500,147548010000,91994640500,KRX MDCSTAT02401_OUT
recent3,KOSPI200,institution,272210,한화시스템,431206,1246899,815693,34548190000,100411489300,65863299300,KRX MDCSTAT02401_OUT
recent3,KOSPI200,institution,402340,SK스퀘어,403371,451934,48563,462495481000,519517482000,57022001000,KRX MDCSTAT02401_OUT
recent3,KOSPI200,institution,042700,한미반도체,299949,481276,181327,81305418750,130595162750,49289744000,KRX MDCSTAT02401_OUT
recent3,KOSPI200,institution,316140,우리금융지주,1084399,2407529,1323130,36111393075,80385719080,44274326005,KRX MDCSTAT02401_OUT
recent3,KOSPI200,institution,055550,신한지주,738285,1142491,404206,76888946850,119130996150,42242049300,KRX MDCSTAT02401_OUT
recent3,KOSPI200,institution,011070,LG이노텍,125237,191102,65865,74515270000,116651428000,42136158000,KRX MDCSTAT02401_OUT
recent3,KOSPI200,institution,011790,SKC,101382,493658,392276,10809280150,52806456300,41997176150,KRX MDCSTAT02401_OUT
recent3,KOSPI200,institution,036570,NC,196713,360143,163430,45176547000,84037149500,38860602500,KRX MDCSTAT02401_OUT
recent3,KOSPI200,institution,010060,OCI홀딩스,62063,214324,152261,14298038250,50471432250,36173394000,KRX MDCSTAT02401_OUT
recent3,KOSPI200,institution,112610,씨에스윈드,102196,674548,572352,5662974700,37507886800,31844912100,KRX MDCSTAT02401_OUT
recent3,KOSPI200,institution,105560,KB금융,667684,849885,182201,111486671350,141934474550,30447803200,KRX MDCSTAT02401_OUT
recent3,KOSPI200,institution,009830,한화솔루션,964464,1817431,852967,34186286975,64570885475,30384598500,KRX MDCSTAT02401_OUT
recent3,KOSPI200,institution,014680,한솔케미칼,41884,148311,106427,11521479250,40656938750,29135459500,KRX MDCSTAT02401_OUT
recent3,KOSPI200,institution,003670,포스코퓨처엠,257254,403363,146109,48831311100,77737914450,28906603350,KRX MDCSTAT02401_OUT
recent3,KOSPI200,institution,079550,LIG디펜스앤에어로스페이스,72528,110586,38058,52530834000,80908970000,28378136000,KRX MDCSTAT02401_OUT
recent3,KOSPI200,institution,007660,이수페타시스,336143,551666,215523,41975663800,68767834350,26792170550,KRX MDCSTAT02401_OUT
recent3,KOSPI200,institution,012450,한화에어로스페이스,84376,109096,24720,87385861500,113661580500,26275719000,KRX MDCSTAT02401_OUT
recent3,KOSPI200,institution,018880,한온시스템,2362695,7496182,5133487,8924273947,28587761513,19663487566,KRX MDCSTAT02401_OUT
recent3,KOSPI200,institution,192820,코스맥스,72282,137878,65596,19666277000,38262919000,18596642000,KRX MDCSTAT02401_OUT
recent3,KOSPI200,institution,012330,현대모비스,266470,314617,48147,101356722750,119932592000,18575869250,KRX MDCSTAT02401_OUT
recent3,KOSPI200,institution,062040,산일전기,126920,209583,82663,27964269500,46300314500,18336045000,KRX MDCSTAT02401_OUT
recent3,KOSPI200,institution,051910,LG화학,128981,196583,67602,34110758250,52197086000,18086327750,KRX MDCSTAT02401_OUT
recent3,KOSPI200,institution,138040,메리츠금융지주,73837,191990,118153,9483097500,24652553850,15169456350,KRX MDCSTAT02401_OUT
recent3,KOSPI200,institution,068270,셀트리온,245050,322242,77192,44736219700,58940170200,14203950500,KRX MDCSTAT02401_OUT
recent3,KOSPI200,institution,066970,엘앤에프,317552,426448,108896,37173008800,50866760600,13693751800,KRX MDCSTAT02401_OUT
recent3,KOSPI200,institution,028670,팬오션,964518,2742887,1778369,5784407935,16591005345,10806597410,KRX MDCSTAT02401_OUT
recent3,KOSPI200,institution,093370,후성,636979,1269314,632335,10086574710,20218477950,10131903240,KRX MDCSTAT02401_OUT
recent3,KOSPI200,institution,032830,삼성생명,142032,175722,33690,40192285750,49838071750,9645786000,KRX MDCSTAT02401_OUT
recent3,KOSPI200,institution,006800,미래에셋증권,537792,821793,284001,17101191800,26232892625,9131700825,KRX MDCSTAT02401_OUT
recent3,KOSPI200,institution,010950,S-Oil,272692,322328,49636,43174085100,51751544400,8577459300,KRX MDCSTAT02401_OUT
recent3,KOSPI200,institution,005940,NH투자증권,227269,509014,281745,6003870825,13506585625,7502714800,KRX MDCSTAT02401_OUT
recent3,KOSPI200,institution,034730,SK,106817,118798,11981,61956278000,69021910000,7065632000,KRX MDCSTAT02401_OUT
recent3,KOSPI200,institution,047050,포스코인터내셔널,151302,274589,123287,8461873350,15410791750,6948918400,KRX MDCSTAT02401_OUT
recent3,KOSPI200,institution,139130,iM금융지주,141451,477292,335841,2614289415,8828864305,6214574890,KRX MDCSTAT02401_OUT
recent3,KOSPI200,institution,033780,KT&G,112083,147058,34975,19704655700,25894493450,6189837750,KRX MDCSTAT02401_OUT
recent3,KOSPI200,institution,001440,대한전선,391537,579819,188282,12076309700,17961693775,5885384075,KRX MDCSTAT02401_OUT
recent3,KOSPI200,institution,003550,LG,89095,137204,48109,9945489850,15422023300,5476533450,KRX MDCSTAT02401_OUT
recent3,KOSPI200,institution,047810,한국항공우주,134464,175477,41013,17416490300,22770142550,5353652250,KRX MDCSTAT02401_OUT
recent3,KOSPI200,institution,361610,SK아이이테크놀로지,146938,446627,299689,2498723940,7778954765,5280230825,KRX MDCSTAT02401_OUT
recent3,KOSPI200,institution,052690,한전기술,114261,153793,39532,14457654150,19464556400,5006902250,KRX MDCSTAT02401_OUT
recent3,KOSPI200,institution,005490,POSCO홀딩스,170535,185826,15291,52934166500,57811479250,4877312750,KRX MDCSTAT02401_OUT
recent3,KOSPI200,institution,010120,LS ELECTRIC,213082,233532,20450,44039021050,48777346050,4738325000,KRX MDCSTAT02401_OUT
recent3,KOSPI200,institution,001430,세아베스틸지주,65442,159508,94066,3060993225,7461588675,4400595450,KRX MDCSTAT02401_OUT
recent3,KOSPI200,institution,128940,한미약품,55645,63000,7355,28041055000,32222684250,4181629250,KRX MDCSTAT02401_OUT
recent3,KOSPI200,institution,032640,LG유플러스,316198,579893,263695,4589821875,8424242320,3834420445,KRX MDCSTAT02401_OUT
recent3,KOSPI200,institution,009420,한올바이오파마,201409,270857,69448,9417815500,12807475525,3389660025,KRX MDCSTAT02401_OUT
recent3,KOSPI200,institution,004370,농심,8654,16264,7610,3455298500,6529027750,3073729250,KRX MDCSTAT02401_OUT
recent3,KOSPI200,institution,016360,삼성증권,139175,170315,31140,12394165350,15257698350,2863533000,KRX MDCSTAT02401_OUT
recent3,KOSPI200,institution,015760,한국전력,783193,872060,88867,23533055075,26272410200,2739355125,KRX MDCSTAT02401_OUT
recent3,KOSPI200,institution,003030,세아제강지주,25613,46755,21142,2877954250,5261827100,2383872850,KRX MDCSTAT02401_OUT
recent3,KOSPI200,institution,0126Z0,삼성에피스홀딩스,9430,15763,6333,3485980500,5815865750,2329885250,KRX MDCSTAT02401_OUT
recent3,KOSPI200,institution,008930,한미사이언스,95604,137073,41469,5282040700,7599818350,2317777650,KRX MDCSTAT02401_OUT
recent3,KOSPI200,institution,081660,미스토홀딩스,39422,97585,58163,1498728025,3760498925,2261770900,KRX MDCSTAT02401_OUT
recent3,KOSPI200,institution,454910,두산로보틱스,76427,103785,27358,5603600500,7546742500,1943142000,KRX MDCSTAT02401_OUT
recent3,KOSPI200,institution,001040,CJ,56419,69942,13523,7346763350,9152071600,1805308250,KRX MDCSTAT02401_OUT
recent3,KOSPI200,institution,457190,이수스페셜티케미컬,85470,104823,19353,6933404200,8474871200,1541467000,KRX MDCSTAT02401_OUT
recent3,KOSPI200,institution,097950,CJ제일제당,17080,25525,8445,3045713050,4554845150,1509132100,KRX MDCSTAT02401_OUT
recent3,KOSPI200,institution,009240,한샘,7022,44166,37144,276844750,1742453300,1465608550,KRX MDCSTAT02401_OUT
recent3,KOSPI200,institution,021240,코웨이,110934,123797,12863,11064592100,12418299350,1353707250,KRX MDCSTAT02401_OUT
recent3,KOSPI200,institution,082740,한화엔진,370370,398509,28139,17846611500,19184359400,1337747900,KRX MDCSTAT02401_OUT
recent3,KOSPI200,institution,005850,에스엘,62962,88318,25356,3263360550,4588958100,1325597550,KRX MDCSTAT02401_OUT
recent3,KOSPI200,institution,030000,제일기획,135940,205288,69348,2543660815,3851491135,1307830320,KRX MDCSTAT02401_OUT
recent3,KOSPI200,institution,022100,포스코DX,103669,164452,60783,2177007820,3483058885,1306051065,KRX MDCSTAT02401_OUT
recent3,KOSPI200,institution,024110,기업은행,358170,419302,61132,7204320850,8455357700,1251036850,KRX MDCSTAT02401_OUT
recent3,KOSPI200,institution,323410,카카오뱅크,449115,513789,64674,8932332050,10180570180,1248238130,KRX MDCSTAT02401_OUT
recent3,KOSPI200,institution,326030,SK바이오팜,41865,55931,14066,3171275000,4252077600,1080802600,KRX MDCSTAT02401_OUT
recent3,KOSPI200,institution,006280,녹십자,16302,23800,7498,2074871350,3042616150,967744800,KRX MDCSTAT02401_OUT
recent3,KOSPI200,institution,017960,한국카본,49790,91400,41610,1011616750,1868372760,856756010,KRX MDCSTAT02401_OUT
recent3,KOSPI200,institution,073240,금호타이어,244953,351094,106141,1660862910,2390265435,729402525,KRX MDCSTAT02401_OUT
recent3,KOSPI200,institution,139480,이마트,28905,37935,9030,2059487100,2716495650,657008550,KRX MDCSTAT02401_OUT
recent3,KOSPI200,institution,012750,에스원,29177,36805,7628,2437998100,3085059400,647061300,KRX MDCSTAT02401_OUT
recent3,KOSPI200,institution,088350,한화생명,456237,575565,119328,2411230800,3044120940,632890140,KRX MDCSTAT02401_OUT
recent3,KOSPI200,institution,035250,강원랜드,90185,132859,42674,1287439710,1897961715,610522005,KRX MDCSTAT02401_OUT
recent3,KOSPI200,institution,000880,한화,24702,28693,3991,3112705350,3616490600,503785250,KRX MDCSTAT02401_OUT
recent3,KOSPI200,institution,026960,동서,47391,65123,17732,1267173050,1761872250,494699200,KRX MDCSTAT02401_OUT
recent3,KOSPI200,institution,000240,한국앤컴퍼니,22434,39135,16701,564781950,986504375,421722425,KRX MDCSTAT02401_OUT
recent3,KOSPI200,institution,003490,대한항공,1277723,1284307,6584,39302523650,39646839750,344316100,KRX MDCSTAT02401_OUT
recent3,KOSPI200,institution,007340,DN오토모티브,74954,81608,6654,3733659425,4055231275,321571850,KRX MDCSTAT02401_OUT
recent3,KOSPI200,institution,005420,코스모화학,51361,79423,28062,573606305,892849685,319243380,KRX MDCSTAT02401_OUT
recent3,KOSPI200,institution,011210,현대위아,21428,27283,5855,1133790400,1444034250,310243850,KRX MDCSTAT02401_OUT
recent3,KOSPI200,institution,137310,에스디바이오센서,56072,85892,29820,355312955,545995220,190682265,KRX MDCSTAT02401_OUT
recent3,KOSPI200,institution,069260,TKG휴켐스,23235,33909,10674,368156015,537786100,169630085,KRX MDCSTAT02401_OUT
recent3,KOSPI200,institution,002030,아세아,1212,2037,825,244349650,413854350,169504700,KRX MDCSTAT02401_OUT
recent3,KOSPI200,institution,003090,대웅,40909,51140,10231,630159005,789025830,158866825,KRX MDCSTAT02401_OUT
recent3,KOSPI200,institution,008730,율촌화학,9755,19656,9901,144847210,293226140,148378930,KRX MDCSTAT02401_OUT
recent3,KOSPI200,institution,009970,영원무역홀딩스,6378,7263,885,1030718300,1173764300,143046000,KRX MDCSTAT02401_OUT
recent3,KOSPI200,institution,300720,한일시멘트,20383,27624,7241,327419015,444435370,117016355,KRX MDCSTAT02401_OUT
recent3,KOSPI200,institution,071320,지역난방공사,2593,3972,1379,204071800,312653900,108582100,KRX MDCSTAT02401_OUT
recent3,KOSPI200,institution,007310,오뚜기,1376,1717,341,432686000,541000500,108314500,KRX MDCSTAT02401_OUT
recent3,KOSPI200,institution,002840,미원상사,1774,2213,439,239026600,299046550,60019950,KRX MDCSTAT02401_OUT
recent3,KOSPI200,institution,000080,하이트진로,39408,41532,2124,582692280,614248105,31555825,KRX MDCSTAT02401_OUT
recent3,KOSPI200,institution,069620,대웅제약,17613,17862,249,1907978350,1938298850,30320500,KRX MDCSTAT02401_OUT
recent3,KOSPI200,institution,007700,F&F홀딩스,2382,2105,-277,31839580,28141630,-3697950,KRX MDCSTAT02401_OUT
recent3,KOSPI200,institution,014820,동원시스템즈,15449,15206,-243,328244500,323347700,-4896800,KRX MDCSTAT02401_OUT
recent3,KOSPI200,institution,003240,태광산업,1192,1175,-17,1071823000,1059065500,-12757500,KRX MDCSTAT02401_OUT
recent3,KOSPI200,institution,298050,HS효성첨단소재,3955,3762,-193,640445100,609808650,-30636450,KRX MDCSTAT02401_OUT
recent3,KOSPI200,institution,005300,롯데칠성,4578,4225,-353,433730950,401541950,-32189000,KRX MDCSTAT02401_OUT
recent3,KOSPI200,institution,268280,미원에스씨,1634,1083,-551,204235200,136636550,-67598650,KRX MDCSTAT02401_OUT
recent3,KOSPI200,institution,006040,동원산업,13116,10655,-2461,460654850,375359300,-85295550,KRX MDCSTAT02401_OUT
recent3,KOSPI200,institution,207940,삼성바이오로직스,36999,36841,-158,51273620500,51182045500,-91575000,KRX MDCSTAT02401_OUT
recent3,KOSPI200,institution,001680,대상,21782,15699,-6083,385526240,278311310,-107214930,KRX MDCSTAT02401_OUT
recent3,KOSPI200,institution,185750,종근당,7727,5243,-2484,502804450,341902150,-160902300,KRX MDCSTAT02401_OUT
recent3,KOSPI200,institution,377300,카카오페이,87598,82338,-5260,3504233725,3300960175,-203273550,KRX MDCSTAT02401_OUT
recent3,KOSPI200,institution,192080,더블유게임즈,18193,14314,-3879,1045556150,828850100,-216706050,KRX MDCSTAT02401_OUT
recent3,KOSPI200,institution,175330,JB금융지주,363880,353304,-10576,10358948125,10117620925,-241327200,KRX MDCSTAT02401_OUT
recent3,KOSPI200,institution,001800,오리온홀딩스,55377,41475,-13902,1258087425,945807650,-312279775,KRX MDCSTAT02401_OUT
recent3,KOSPI200,institution,302440,SK바이오사이언스,44292,35132,-9160,1627627875,1293850925,-333776950,KRX MDCSTAT02401_OUT
recent3,KOSPI200,institution,282330,BGF리테일,19535,16712,-2823,2498291700,2137349400,-360942300,KRX MDCSTAT02401_OUT
recent3,KOSPI200,institution,036460,한국가스공사,65631,54556,-11075,2323961025,1938827450,-385133575,KRX MDCSTAT02401_OUT
recent3,KOSPI200,institution,004990,롯데지주,52728,34790,-17938,1237686725,823908025,-413778700,KRX MDCSTAT02401_OUT
recent3,KOSPI200,institution,000210,DL,32105,22493,-9612,1569448175,1105246875,-464201300,KRX MDCSTAT02401_OUT
recent3,KOSPI200,institution,285130,SK케미칼,37965,28802,-9163,1951513400,1484583250,-466930150,KRX MDCSTAT02401_OUT
recent3,KOSPI200,institution,000670,영풍,21193,9154,-12039,860120275,371688600,-488431675,KRX MDCSTAT02401_OUT
recent3,KOSPI200,institution,029780,삼성카드,47263,35342,-11921,1973318175,1477231425,-496086750,KRX MDCSTAT02401_OUT
recent3,KOSPI200,institution,011200,HMM,462811,434387,-28424,9835881100,9233888400,-601992700,KRX MDCSTAT02401_OUT
recent3,KOSPI200,institution,051600,한전KPS,77324,63281,-14043,3417430300,2815421650,-602008650,KRX MDCSTAT02401_OUT
recent3,KOSPI200,institution,180640,한진칼,65483,59893,-5590,8631847050,7919191950,-712655100,KRX MDCSTAT02401_OUT
recent3,KOSPI200,institution,017670,SK텔레콤,386900,376092,-10808,33709593000,32931140950,-778452050,KRX MDCSTAT02401_OUT
recent3,KOSPI200,institution,004000,롯데정밀화학,39571,17623,-21948,1685705200,752123900,-933581300,KRX MDCSTAT02401_OUT
recent3,KOSPI200,institution,007070,GS리테일,88678,42737,-45941,1955676975,944152100,-1011524875,KRX MDCSTAT02401_OUT
recent3,KOSPI200,institution,000120,CJ대한통운,35526,20894,-14632,2479802050,1463455450,-1016346600,KRX MDCSTAT02401_OUT
recent3,KOSPI200,institution,034230,파라다이스,193067,81409,-111658,1803718340,765153000,-1038565340,KRX MDCSTAT02401_OUT
recent3,KOSPI200,institution,111770,영원무역,45172,29152,-16020,3047523650,1974740250,-1072783400,KRX MDCSTAT02401_OUT
recent3,KOSPI200,institution,280360,롯데웰푸드,17231,7253,-9978,2057262200,870615350,-1186646850,KRX MDCSTAT02401_OUT
recent3,KOSPI200,institution,241560,두산밥캣,90481,68249,-22232,4955997300,3751187100,-1204810200,KRX MDCSTAT02401_OUT
recent3,KOSPI200,institution,011780,금호석유화학,31496,20741,-10755,3671347400,2417479200,-1253868200,KRX MDCSTAT02401_OUT
recent3,KOSPI200,institution,006650,대한유화,20127,4709,-15418,1826429050,423232750,-1403196300,KRX MDCSTAT02401_OUT
recent3,KOSPI200,institution,138930,BNK금융지주,397217,308512,-88705,6316761625,4912097625,-1404664000,KRX MDCSTAT02401_OUT
recent3,KOSPI200,institution,161390,한국타이어앤테크놀로지,161145,134311,-26834,9487914550,7975359150,-1512555400,KRX MDCSTAT02401_OUT
recent3,KOSPI200,institution,086280,현대글로비스,89413,80974,-8439,17760008850,16128753300,-1631255550,KRX MDCSTAT02401_OUT
recent3,KOSPI200,institution,002380,KCC,8346,4795,-3551,3925919250,2260147500,-1665771750,KRX MDCSTAT02401_OUT
recent3,KOSPI200,institution,000100,유한양행,148207,125298,-22909,11061863500,9392380100,-1669483400,KRX MDCSTAT02401_OUT
recent3,KOSPI200,institution,071050,한국금융지주,118031,106677,-11354,21068773800,19097533400,-1971240400,KRX MDCSTAT02401_OUT
recent3,KOSPI200,institution,011170,롯데케미칼,102266,67905,-34361,6166375350,4116763850,-2049611500,KRX MDCSTAT02401_OUT
recent3,KOSPI200,institution,251270,넷마블,165463,106116,-59347,5742647550,3688126800,-2054520750,KRX MDCSTAT02401_OUT
recent3,KOSPI200,institution,002790,아모레퍼시픽홀딩스,124852,41771,-83081,3124314100,1054996175,-2069317925,KRX MDCSTAT02401_OUT
recent3,KOSPI200,institution,071970,HD현대마린엔진,75992,31168,-44824,3635259375,1503373800,-2131885575,KRX MDCSTAT02401_OUT
recent3,KOSPI200,institution,034220,LG디스플레이,925171,667456,-257715,7895196870,5696890585,-2198306285,KRX MDCSTAT02401_OUT
recent3,KOSPI200,institution,069960,현대백화점,40398,13222,-27176,3534839650,1167322900,-2367516750,KRX MDCSTAT02401_OUT
recent3,KOSPI200,institution,090430,아모레퍼시픽,175134,157149,-17985,23272684750,20832885600,-2439799150,KRX MDCSTAT02401_OUT
recent3,KOSPI200,institution,064350,현대로템,260293,238314,-21979,29466298500,27001477750,-2464820750,KRX MDCSTAT02401_OUT
recent3,KOSPI200,institution,039490,키움증권,62422,51669,-10753,15952749000,13339383500,-2613365500,KRX MDCSTAT02401_OUT
recent3,KOSPI200,institution,017800,현대엘리베이터,80260,36173,-44087,5808150600,2623348750,-3184801850,KRX MDCSTAT02401_OUT
recent3,KOSPI200,institution,008770,호텔신라,146149,62763,-83386,5708239275,2453243275,-3254996000,KRX MDCSTAT02401_OUT
recent3,KOSPI200,institution,450080,에코프로머티,356630,261904,-94726,13572649925,9947067275,-3625582650,KRX MDCSTAT02401_OUT
recent3,KOSPI200,institution,298020,효성티앤씨,30377,16745,-13632,8331461750,4698224500,-3633237250,KRX MDCSTAT02401_OUT
recent3,KOSPI200,institution,018260,삼성에스디에스,81671,64641,-17030,17870968750,14198309500,-3672659250,KRX MDCSTAT02401_OUT
recent3,KOSPI200,institution,010130,고려아연,12846,9315,-3531,13802740500,10052235000,-3750505500,KRX MDCSTAT02401_OUT
recent3,KOSPI200,institution,259960,크래프톤,86759,67031,-19728,17173802300,13276106750,-3897695550,KRX MDCSTAT02401_OUT
recent3,KOSPI200,institution,000810,삼성화재,44253,37916,-6337,27725693000,23753518500,-3972174500,KRX MDCSTAT02401_OUT
recent3,KOSPI200,institution,271560,오리온,80741,41423,-39318,8505685850,4375548350,-4130137500,KRX MDCSTAT02401_OUT
recent3,KOSPI200,institution,064400,LG씨엔에스,171178,111912,-59266,12326986350,7970008250,-4356978100,KRX MDCSTAT02401_OUT
recent3,KOSPI200,institution,352820,하이브,124500,92950,-31550,19359086750,14467726750,-4891360000,KRX MDCSTAT02401_OUT
recent3,KOSPI200,institution,023530,롯데쇼핑,85981,33546,-52435,8604750800,3369482750,-5235268050,KRX MDCSTAT02401_OUT
recent3,KOSPI200,institution,103140,풍산,109103,37050,-72053,8391778850,2872436200,-5519342650,KRX MDCSTAT02401_OUT
recent3,KOSPI200,institution,204320,HL만도,196520,75116,-121404,9250225800,3528844675,-5721381125,KRX MDCSTAT02401_OUT
recent3,KOSPI200,institution,047040,대우건설,1685525,1350382,-335143,29849646335,23943817085,-5905829250,KRX MDCSTAT02401_OUT
recent3,KOSPI200,institution,009540,HD한국조선해양,133806,114384,-19422,42948172000,36845547500,-6102624500,KRX MDCSTAT02401_OUT
recent3,KOSPI200,institution,035720,카카오,656169,470302,-185867,21875227550,15718581375,-6156646175,KRX MDCSTAT02401_OUT
recent3,KOSPI200,institution,001450,현대해상,245229,113167,-132062,11545225950,5345530775,-6199695175,KRX MDCSTAT02401_OUT
recent3,KOSPI200,institution,003230,삼양식품,29626,23687,-5939,35792383500,28774306000,-7018077500,KRX MDCSTAT02401_OUT
recent3,KOSPI200,institution,443060,HD현대마린솔루션,71488,37655,-33833,16270329250,8676615750,-7593713500,KRX MDCSTAT02401_OUT
recent3,KOSPI200,institution,120110,코오롱인더,188374,51028,-137346,10581146250,2893267150,-7687879100,KRX MDCSTAT02401_OUT
recent3,KOSPI200,institution,307950,현대오토에버,38142,16700,-21442,14455326250,6370770250,-8084556000,KRX MDCSTAT02401_OUT
recent3,KOSPI200,institution,375500,DL이앤씨,218505,110303,-108202,16460884700,8319257500,-8141627200,KRX MDCSTAT02401_OUT
recent3,KOSPI200,institution,483650,달바글로벌,77566,27558,-50008,14030750600,5064376050,-8966374550,KRX MDCSTAT02401_OUT
recent3,KOSPI200,institution,005830,DB손해보험,143723,90509,-53214,26085948400,16459943900,-9626004500,KRX MDCSTAT02401_OUT
recent3,KOSPI200,institution,086790,하나금융지주,546292,468542,-77750,70334425700,60354305950,-9980119750,KRX MDCSTAT02401_OUT
recent3,KOSPI200,institution,051900,LG생활건강,71746,33124,-38622,19091708750,8894737000,-10196971750,KRX MDCSTAT02401_OUT
recent3,KOSPI200,institution,030200,KT,464728,264945,-199783,24021910050,13707284450,-10314625600,KRX MDCSTAT02401_OUT
recent3,KOSPI200,institution,010140,삼성중공업,1774080,1248294,-525786,34951781780,24629108230,-10322673550,KRX MDCSTAT02401_OUT
recent3,KOSPI200,institution,028050,삼성E&A,618341,400567,-217774,29420517175,19077609775,-10342907400,KRX MDCSTAT02401_OUT
recent3,KOSPI200,institution,267250,HD현대,171867,117997,-53870,33989421050,23395884300,-10593536750,KRX MDCSTAT02401_OUT
recent3,KOSPI200,institution,004020,현대제철,712028,328539,-383489,21366992425,9896981825,-11470010600,KRX MDCSTAT02401_OUT
recent3,KOSPI200,institution,000990,DB하이텍,254374,162675,-91699,35400625750,22929094250,-12471531500,KRX MDCSTAT02401_OUT
recent3,KOSPI200,institution,278470,에이피알,140398,100048,-40350,51150621250,36547503250,-14603118000,KRX MDCSTAT02401_OUT
recent3,KOSPI200,institution,004170,신세계,65244,18473,-46771,21375771000,6064919500,-15310851500,KRX MDCSTAT02401_OUT
recent3,KOSPI200,institution,298040,효성중공업,23767,17273,-6494,66081193000,48118282500,-17962910500,KRX MDCSTAT02401_OUT
recent3,KOSPI200,institution,078930,GS,462561,284146,-178415,47826667350,29486879550,-18339787800,KRX MDCSTAT02401_OUT
recent3,KOSPI200,institution,267260,HD현대일렉트릭,94975,65170,-29805,63573900500,43802000000,-19771900500,KRX MDCSTAT02401_OUT
recent3,KOSPI200,institution,161890,한국콜마,368459,220189,-148270,50489018200,30621112800,-19867905400,KRX MDCSTAT02401_OUT
recent3,KOSPI200,institution,034020,두산에너빌리티,1814272,1550902,-263370,147788452550,126418596850,-21369855700,KRX MDCSTAT02401_OUT
recent3,KOSPI200,institution,028260,삼성물산,280886,209682,-71204,96342338500,72061537500,-24280801000,KRX MDCSTAT02401_OUT
recent3,KOSPI200,institution,000150,두산,98762,75775,-22987,133713872000,106947068000,-26766804000,KRX MDCSTAT02401_OUT
recent3,KOSPI200,institution,042660,한화오션,635539,277526,-358013,49465002450,21638950800,-27826051650,KRX MDCSTAT02401_OUT
recent3,KOSPI200,institution,000270,기아,747233,443408,-303825,84108038850,50029110850,-34078928000,KRX MDCSTAT02401_OUT
recent3,KOSPI200,institution,005380,현대차,458486,353674,-104812,158934571250,122773607000,-36160964250,KRX MDCSTAT02401_OUT
recent3,KOSPI200,institution,006260,LS,194384,54494,-139890,57648109250,16198426250,-41449683000,KRX MDCSTAT02401_OUT
recent3,KOSPI200,institution,096770,SK이노베이션,1075739,756684,-319055,157084259500,113240796450,-43843463050,KRX MDCSTAT02401_OUT
recent3,KOSPI200,institution,329180,HD현대중공업,224358,113594,-110764,95189678500,48342338000,-46847340500,KRX MDCSTAT02401_OUT
recent3,KOSPI200,institution,000720,현대건설,703906,275369,-428537,80810688750,31720023350,-49090665400,KRX MDCSTAT02401_OUT
recent3,KOSPI200,institution,267270,HD건설기계,520381,96498,-423883,61534495000,11419552200,-50114942800,KRX MDCSTAT02401_OUT
recent3,KOSPI200,institution,035420,NAVER,594567,295957,-298610,113909369500,56784863900,-57124505600,KRX MDCSTAT02401_OUT
recent3,KOSPI200,institution,000660,SK하이닉스,2241615,2196274,-45341,4049729120000,3979176391500,-70552728500,KRX MDCSTAT02401_OUT
recent3,KOSDAQ150,foreign,036930,주성엔지니어링,1029552,1550837,521285,258750858750,398403882500,139653023750,KRX MDCSTAT02401_OUT
recent3,KOSDAQ150,foreign,086520,에코프로,583472,1246571,663099,52702586400,111537729450,58835143050,KRX MDCSTAT02401_OUT
recent3,KOSDAQ150,foreign,222800,심텍,689079,1004959,315880,114635325500,168212234750,53576909250,KRX MDCSTAT02401_OUT
recent3,KOSDAQ150,foreign,067310,하나마이크론,1892254,2825680,933426,97976463025,146883050675,48906587650,KRX MDCSTAT02401_OUT
recent3,KOSDAQ150,foreign,098460,고영,1395149,2646932,1251783,47772877925,90518227450,42745349525,KRX MDCSTAT02401_OUT
recent3,KOSDAQ150,foreign,108490,로보티즈,148924,249858,100934,45561900500,76991056750,31429156250,KRX MDCSTAT02401_OUT
recent3,KOSDAQ150,foreign,277810,레인보우로보틱스,40230,104630,64400,18080177250,46865964000,28785786750,KRX MDCSTAT02401_OUT
recent3,KOSDAQ150,foreign,214450,파마리서치,97434,176076,78642,30107214250,54104752750,23997538500,KRX MDCSTAT02401_OUT
recent3,KOSDAQ150,foreign,080220,제주반도체,1898967,2199837,300870,170843277750,194776232650,23932954900,KRX MDCSTAT02401_OUT
recent3,KOSDAQ150,foreign,036540,SFA반도체,6933928,8728720,1794792,80402679375,100370230605,19967551230,KRX MDCSTAT02401_OUT
recent3,KOSDAQ150,foreign,247540,에코프로비엠,469232,637838,168606,56970120900,76507417000,19537296100,KRX MDCSTAT02401_OUT
recent3,KOSDAQ150,foreign,058610,에스피지,111730,284063,172333,11633429850,29541780450,17908350600,KRX MDCSTAT02401_OUT
recent3,KOSDAQ150,foreign,089030,테크윙,728454,987661,259207,40755085700,55108470650,14353384950,KRX MDCSTAT02401_OUT
recent3,KOSDAQ150,foreign,030530,원익홀딩스,1018076,1380406,362330,29748133475,40781039200,11032905725,KRX MDCSTAT02401_OUT
recent3,KOSDAQ150,foreign,056080,유진로봇,590736,1551099,960363,7513445905,18293932970,10780487065,KRX MDCSTAT02401_OUT
recent3,KOSDAQ150,foreign,031980,피에스케이홀딩스,150959,190329,39370,29002989350,36361342700,7358353350,KRX MDCSTAT02401_OUT
recent3,KOSDAQ150,foreign,043260,성호전자,3112757,3333999,221242,94968327050,102271721525,7303394475,KRX MDCSTAT02401_OUT
recent3,KOSDAQ150,foreign,161580,필옵틱스,318911,494599,175688,13068751825,20190243050,7121491225,KRX MDCSTAT02401_OUT
recent3,KOSDAQ150,foreign,041190,우리기술투자,2728988,3717140,988152,17243187030,23514821685,6271634655,KRX MDCSTAT02401_OUT
recent3,KOSDAQ150,foreign,090360,로보스타,60707,137841,77134,4830973300,10966032200,6135058900,KRX MDCSTAT02401_OUT
recent3,KOSDAQ150,foreign,131290,티에스이,82149,102997,20848,24518725500,30569245750,6050520250,KRX MDCSTAT02401_OUT
recent3,KOSDAQ150,foreign,466100,클로봇,122031,364941,242910,2888482450,8570131175,5681648725,KRX MDCSTAT02401_OUT
recent3,KOSDAQ150,foreign,125490,한라캐스트,1591098,2000032,408934,21053766130,26367066105,5313299975,KRX MDCSTAT02401_OUT
recent3,KOSDAQ150,foreign,090710,휴림로봇,946035,1654669,708634,6157084055,10671665230,4514581175,KRX MDCSTAT02401_OUT
recent3,KOSDAQ150,foreign,096530,씨젠,307055,423731,116676,11248821850,15573742150,4324920300,KRX MDCSTAT02401_OUT
recent3,KOSDAQ150,foreign,204270,제이앤티씨,838947,1002212,163265,19576129250,23328952325,3752823075,KRX MDCSTAT02401_OUT
recent3,KOSDAQ150,foreign,253590,네오셈,1641301,1898047,256746,25151995645,28734569310,3582573665,KRX MDCSTAT02401_OUT
recent3,KOSDAQ150,foreign,033100,제룡전기,76135,143382,67247,3755433800,7080336175,3324902375,KRX MDCSTAT02401_OUT
recent3,KOSDAQ150,foreign,399720,가온칩스,78317,146693,68376,3760982150,7011865950,3250883800,KRX MDCSTAT02401_OUT
recent3,KOSDAQ150,foreign,323280,태성,314989,366730,51741,18984091850,22148659450,3164567600,KRX MDCSTAT02401_OUT
recent3,KOSDAQ150,foreign,237690,에스티팜,94595,128012,33417,8980608500,12123487450,3142878950,KRX MDCSTAT02401_OUT
recent3,KOSDAQ150,foreign,420770,기가비스,44225,67556,23331,5830177400,8899087050,3068909650,KRX MDCSTAT02401_OUT
recent3,KOSDAQ150,foreign,068760,셀트리온제약,56291,132757,76466,2189218375,5201937000,3012718625,KRX MDCSTAT02401_OUT
recent3,KOSDAQ150,foreign,060370,LS마린솔루션,133990,224508,90518,4523407825,7467309450,2943901625,KRX MDCSTAT02401_OUT
recent3,KOSDAQ150,foreign,348370,엔켐,200782,311292,110510,4610306050,7164009825,2553703775,KRX MDCSTAT02401_OUT
recent3,KOSDAQ150,foreign,293490,카카오게임즈,513752,767963,254211,5139642655,7661710320,2522067665,KRX MDCSTAT02401_OUT
recent3,KOSDAQ150,foreign,388720,유일로보틱스,14284,43989,29705,1011735350,3117980700,2106245350,KRX MDCSTAT02401_OUT
recent3,KOSDAQ150,foreign,328130,루닛,526849,705946,179097,5692893420,7652392550,1959499130,KRX MDCSTAT02401_OUT
recent3,KOSDAQ150,foreign,124500,아이티센글로벌,112778,173384,60606,3310812350,5080668050,1769855700,KRX MDCSTAT02401_OUT
recent3,KOSDAQ150,foreign,140860,파크시스템스,72305,78119,5814,21496220250,23194153000,1697932750,KRX MDCSTAT02401_OUT
recent3,KOSDAQ150,foreign,003380,하림지주,251457,397307,145850,2832756225,4465925520,1633169295,KRX MDCSTAT02401_OUT
recent3,KOSDAQ150,foreign,025980,아난티,666078,987646,321568,3323312114,4923371908,1600059794,KRX MDCSTAT02401_OUT
recent3,KOSDAQ150,foreign,065350,신성델타테크,94591,143556,48965,3118555525,4647702125,1529146600,KRX MDCSTAT02401_OUT
recent3,KOSDAQ150,foreign,112040,위메이드,77060,169506,92446,1200782490,2637690795,1436908305,KRX MDCSTAT02401_OUT
recent3,KOSDAQ150,foreign,100790,미래에셋벤처투자,581632,640493,58861,10730614580,11756256820,1025642240,KRX MDCSTAT02401_OUT
recent3,KOSDAQ150,foreign,009520,포스코엠텍,168986,237626,68640,2205479900,3102195590,896715690,KRX MDCSTAT02401_OUT
recent3,KOSDAQ150,foreign,213420,덕산네오룩스,82129,111755,29626,2472208900,3366818525,894609625,KRX MDCSTAT02401_OUT
recent3,KOSDAQ150,foreign,278280,천보,27082,49156,22074,1034988425,1872671600,837683175,KRX MDCSTAT02401_OUT
recent3,KOSDAQ150,foreign,475830,오름테라퓨틱,390611,426505,35894,8518784075,9320787975,802003900,KRX MDCSTAT02401_OUT
recent3,KOSDAQ150,foreign,007390,네이처셀,185249,215407,30158,4603069375,5355011150,751941775,KRX MDCSTAT02401_OUT
recent3,KOSDAQ150,foreign,015750,성우하이텍,115291,241474,126183,681770120,1432500255,750730135,KRX MDCSTAT02401_OUT
recent3,KOSDAQ150,foreign,056190,SFA,270015,291340,21325,8271316325,9019357300,748040975,KRX MDCSTAT02401_OUT
recent3,KOSDAQ150,foreign,006730,서부T&D,324731,388574,63843,3623491990,4354266400,730774410,KRX MDCSTAT02401_OUT
recent3,KOSDAQ150,foreign,025320,시노펙스,363072,543729,180657,1440975759,2145447379,704471620,KRX MDCSTAT02401_OUT
recent3,KOSDAQ150,foreign,310210,보로노이,106280,111299,5019,15670958350,16344351300,673392950,KRX MDCSTAT02401_OUT
recent3,KOSDAQ150,foreign,048410,현대바이오,960486,1050508,90022,6814800410,7460562205,645761795,KRX MDCSTAT02401_OUT
recent3,KOSDAQ150,foreign,145020,휴젤,105292,108841,3549,18936293900,19581775850,645481950,KRX MDCSTAT02401_OUT
recent3,KOSDAQ150,foreign,064760,티씨케이,60452,63282,2830,18256419250,18853116750,596697500,KRX MDCSTAT02401_OUT
recent3,KOSDAQ150,foreign,0009K0,에임드바이오,145272,168896,23624,3638576100,4181046325,542470225,KRX MDCSTAT02401_OUT
recent3,KOSDAQ150,foreign,052400,코나아이,44905,57699,12794,1687493600,2176922250,489428650,KRX MDCSTAT02401_OUT
recent3,KOSDAQ150,foreign,082270,젬백스,165605,203446,37841,1851092585,2240304905,389212320,KRX MDCSTAT02401_OUT
recent3,KOSDAQ150,foreign,038500,삼표시멘트,257041,310575,53534,1738198970,2102067680,363868710,KRX MDCSTAT02401_OUT
recent3,KOSDAQ150,foreign,215200,메가스터디교육,42192,51480,9288,1583477150,1933066450,349589300,KRX MDCSTAT02401_OUT
recent3,KOSDAQ150,foreign,358570,지아이이노베이션,509901,540138,30237,4647116000,4922829030,275713030,KRX MDCSTAT02401_OUT
recent3,KOSDAQ150,foreign,166090,하나머티리얼즈,145675,149129,3454,9242684950,9517450600,274765650,KRX MDCSTAT02401_OUT
recent3,KOSDAQ150,foreign,214150,클래시스,309574,317455,7881,9572134350,9808068425,235934075,KRX MDCSTAT02401_OUT
recent3,KOSDAQ150,foreign,067160,SOOP,60777,66761,5984,2218418550,2437360325,218941775,KRX MDCSTAT02401_OUT
recent3,KOSDAQ150,foreign,025900,동화기업,59422,86043,26621,440148495,635272300,195123805,KRX MDCSTAT02401_OUT
recent3,KOSDAQ150,foreign,101730,위메이드맥스,134681,172539,37858,628888875,810126010,181237135,KRX MDCSTAT02401_OUT
recent3,KOSDAQ150,foreign,032820,우리기술,1452252,1463599,11347,18294187590,18462927910,168740320,KRX MDCSTAT02401_OUT
recent3,KOSDAQ150,foreign,263750,펄어비스,170906,172978,2072,5683176975,5748052975,64876000,KRX MDCSTAT02401_OUT
recent3,KOSDAQ150,foreign,137400,피엔티,182900,185517,2617,5875469500,5911711925,36242425,KRX MDCSTAT02401_OUT
recent3,KOSDAQ150,foreign,018290,브이티,185198,185107,-91,2331096795,2328457390,-2639405,KRX MDCSTAT02401_OUT
recent3,KOSDAQ150,foreign,036620,감성코퍼레이션,218280,215244,-3036,810000135,800422865,-9577270,KRX MDCSTAT02401_OUT
recent3,KOSDAQ150,foreign,352480,씨앤씨인터내셔널,10480,7042,-3438,218656300,145802050,-72854250,KRX MDCSTAT02401_OUT
recent3,KOSDAQ150,foreign,253450,스튜디오드래곤,57368,52963,-4405,1176114525,1088037725,-88076800,KRX MDCSTAT02401_OUT
recent3,KOSDAQ150,foreign,060250,NHN KCP,199782,194032,-5750,2737094195,2645545465,-91548730,KRX MDCSTAT02401_OUT
recent3,KOSDAQ150,foreign,082920,비츠로셀,288347,284924,-3423,8504315150,8408594700,-95720450,KRX MDCSTAT02401_OUT
recent3,KOSDAQ150,foreign,032190,다우데이타,85936,79875,-6061,1642703855,1530765660,-111938195,KRX MDCSTAT02401_OUT
recent3,KOSDAQ150,foreign,033500,동성화인텍,111870,101497,-10373,1804987080,1637614805,-167372275,KRX MDCSTAT02401_OUT
recent3,KOSDAQ150,foreign,241710,코스메카코리아,313945,314961,1016,34571129550,34333980800,-237148750,KRX MDCSTAT02401_OUT
recent3,KOSDAQ150,foreign,194480,데브시스터즈,56450,37575,-18875,793858475,528768580,-265089895,KRX MDCSTAT02401_OUT
recent3,KOSDAQ150,foreign,171090,선익시스템,51186,48081,-3105,3858911950,3586375200,-272536750,KRX MDCSTAT02401_OUT
recent3,KOSDAQ150,foreign,251970,펌텍코리아,166333,162974,-3359,10422438700,10126878950,-295559750,KRX MDCSTAT02401_OUT
recent3,KOSDAQ150,foreign,211050,인카금융서비스,96482,50438,-46044,944265250,488266230,-455999020,KRX MDCSTAT02401_OUT
recent3,KOSDAQ150,foreign,060280,큐렉소,302190,251560,-50630,2664269940,2195615305,-468654635,KRX MDCSTAT02401_OUT
recent3,KOSDAQ150,foreign,085660,차바이오텍,232322,167615,-64707,1991902550,1429092375,-562810175,KRX MDCSTAT02401_OUT
recent3,KOSDAQ150,foreign,095660,네오위즈,79130,46988,-32142,1430752640,850747220,-580005420,KRX MDCSTAT02401_OUT
recent3,KOSDAQ150,foreign,225570,넥슨게임즈,142501,84733,-57768,1539010550,906269740,-632740810,KRX MDCSTAT02401_OUT
recent3,KOSDAQ150,foreign,376300,디어유,158693,121853,-36840,2966249115,2288313185,-677935930,KRX MDCSTAT02401_OUT
recent3,KOSDAQ150,foreign,281740,레이크머티리얼즈,684954,632982,-51972,8602802195,7909632100,-693170095,KRX MDCSTAT02401_OUT
recent3,KOSDAQ150,foreign,041510,에스엠,172037,162282,-9755,13413273450,12575195500,-838077950,KRX MDCSTAT02401_OUT
recent3,KOSDAQ150,foreign,272290,이녹스첨단소재,115164,77689,-37475,2603623275,1739105825,-864517450,KRX MDCSTAT02401_OUT
recent3,KOSDAQ150,foreign,069080,웹젠,160650,84590,-76060,1874426935,990585000,-883841935,KRX MDCSTAT02401_OUT
recent3,KOSDAQ150,foreign,078600,대주전자재료,331951,325462,-6489,35624119900,34627829750,-996290150,KRX MDCSTAT02401_OUT
recent3,KOSDAQ150,foreign,214370,케어젠,111912,87673,-24239,4795673050,3764165750,-1031507300,KRX MDCSTAT02401_OUT
recent3,KOSDAQ150,foreign,035760,CJ ENM,108861,79089,-29772,3813620775,2776384500,-1037236275,KRX MDCSTAT02401_OUT
recent3,KOSDAQ150,foreign,032500,케이엠더블유,314311,262841,-51470,6489679650,5419638185,-1070041465,KRX MDCSTAT02401_OUT
recent3,KOSDAQ150,foreign,195940,HK이노엔,89410,59050,-30360,3623266825,2393069725,-1230197100,KRX MDCSTAT02401_OUT
recent3,KOSDAQ150,foreign,039200,오스코텍,175618,139045,-36573,6583181400,5195617425,-1387563975,KRX MDCSTAT02401_OUT
recent3,KOSDAQ150,foreign,078340,컴투스,133537,96235,-37302,5013028500,3611599550,-1401428950,KRX MDCSTAT02401_OUT
recent3,KOSDAQ150,foreign,232140,와이씨,3209134,3125332,-83802,53493963270,51893639085,-1600324185,KRX MDCSTAT02401_OUT
recent3,KOSDAQ150,foreign,445680,큐리옥스바이오시스템즈,106401,78216,-28185,6385376600,4697493450,-1687883150,KRX MDCSTAT02401_OUT
recent3,KOSDAQ150,foreign,030520,한컴,250134,155961,-94173,4522746365,2815091765,-1707654600,KRX MDCSTAT02401_OUT
recent3,KOSDAQ150,foreign,122870,와이지엔터테인먼트,142301,97984,-44317,5840641225,4022501350,-1818139875,KRX MDCSTAT02401_OUT
recent3,KOSDAQ150,foreign,121600,나노신소재,116857,84566,-32291,7097053800,5218077400,-1878976400,KRX MDCSTAT02401_OUT
recent3,KOSDAQ150,foreign,214430,아이쓰리시스템,78129,54631,-23498,6091512700,4186736700,-1904776000,KRX MDCSTAT02401_OUT
recent3,KOSDAQ150,foreign,036810,에프에스티,279528,229564,-49964,9909068975,7960320775,-1948748200,KRX MDCSTAT02401_OUT
recent3,KOSDAQ150,foreign,035900,JYP Ent.,245154,190724,-54430,9200315400,7187016300,-2013299100,KRX MDCSTAT02401_OUT
recent3,KOSDAQ150,foreign,183300,코미코,538278,475007,-63271,18616491150,16390604350,-2225886800,KRX MDCSTAT02401_OUT
recent3,KOSDAQ150,foreign,014620,성광벤드,207309,127770,-79539,6351025350,3890558575,-2460466775,KRX MDCSTAT02401_OUT
recent3,KOSDAQ150,foreign,437730,삼현,274494,226012,-48482,14086141300,11546850150,-2539291150,KRX MDCSTAT02401_OUT
recent3,KOSDAQ150,foreign,348210,넥스틴,140735,70605,-70130,5509293150,2744926925,-2764366225,KRX MDCSTAT02401_OUT
recent3,KOSDAQ150,foreign,074600,원익QnC,239398,139248,-100150,7747609175,4492585225,-3255023950,KRX MDCSTAT02401_OUT
recent3,KOSDAQ150,foreign,050890,쏠리드,2127948,1812397,-315551,22318630025,18862274150,-3456355875,KRX MDCSTAT02401_OUT
recent3,KOSDAQ150,foreign,257720,실리콘투,614198,522851,-91347,23055681725,19540625825,-3515055900,KRX MDCSTAT02401_OUT
recent3,KOSDAQ150,foreign,189300,인텔리안테크,155225,106947,-48278,11440581750,7739114400,-3701467350,KRX MDCSTAT02401_OUT
recent3,KOSDAQ150,foreign,036830,솔브레인홀딩스,160680,83307,-77373,7654527250,3915284900,-3739242350,KRX MDCSTAT02401_OUT
recent3,KOSDAQ150,foreign,196170,알테오젠,251840,236711,-15129,65708246000,61761303000,-3946943000,KRX MDCSTAT02401_OUT
recent3,KOSDAQ150,foreign,087010,펩트론,196192,161121,-35071,26194484000,21764860000,-4429624000,KRX MDCSTAT02401_OUT
recent3,KOSDAQ150,foreign,099320,쎄트렉아이,148941,96069,-52872,12177016650,7733878450,-4443138200,KRX MDCSTAT02401_OUT
recent3,KOSDAQ150,foreign,295310,에이치브이엠,211108,151578,-59530,14803529800,10338926400,-4464603400,KRX MDCSTAT02401_OUT
recent3,KOSDAQ150,foreign,319400,현대무벡스,796977,580072,-216905,16534387725,12056731550,-4477656175,KRX MDCSTAT02401_OUT
recent3,KOSDAQ150,foreign,298380,에이비엘바이오,478608,390317,-88291,24857428350,20189802225,-4667626125,KRX MDCSTAT02401_OUT
recent3,KOSDAQ150,foreign,042000,카페24,982541,734841,-247700,20130305030,15458536755,-4671768275,KRX MDCSTAT02401_OUT
recent3,KOSDAQ150,foreign,347850,디앤디파마텍,698189,556427,-141762,31429297400,24904828900,-6524468500,KRX MDCSTAT02401_OUT
recent3,KOSDAQ150,foreign,083650,비에이치아이,277167,162119,-115048,16574174950,9620623700,-6953551250,KRX MDCSTAT02401_OUT
recent3,KOSDAQ150,foreign,053800,안랩,339114,254206,-84908,29444165350,21672323150,-7771842200,KRX MDCSTAT02401_OUT
recent3,KOSDAQ150,foreign,005290,동진쎄미켐,762478,614194,-148284,39569276825,31649199650,-7920077175,KRX MDCSTAT02401_OUT
recent3,KOSDAQ150,foreign,218410,RFHIC,462400,323162,-139238,28544579100,19887924400,-8656654700,KRX MDCSTAT02401_OUT
recent3,KOSDAQ150,foreign,417200,LS머트리얼즈,1926215,1294766,-631449,28553636220,19262155785,-9291480435,KRX MDCSTAT02401_OUT
recent3,KOSDAQ150,foreign,141080,리가켐바이오,307686,195649,-112037,25707495200,16391756850,-9315738350,KRX MDCSTAT02401_OUT
recent3,KOSDAQ150,foreign,131970,두산테스나,381208,286789,-94419,41731141600,31509254050,-10221887550,KRX MDCSTAT02401_OUT
recent3,KOSDAQ150,foreign,095340,ISC,265571,211587,-53984,56309904500,44790786000,-11519118500,KRX MDCSTAT02401_OUT
recent3,KOSDAQ150,foreign,403870,HPSP,2550802,2353294,-197508,170888037850,158091217450,-12796820400,KRX MDCSTAT02401_OUT
recent3,KOSDAQ150,foreign,178320,서진시스템,1507913,1188680,-319233,62121418650,48945840950,-13175577700,KRX MDCSTAT02401_OUT
recent3,KOSDAQ150,foreign,290650,엘앤씨바이오,398511,140181,-258330,21782533350,7550307550,-14232225800,KRX MDCSTAT02401_OUT
recent3,KOSDAQ150,foreign,095610,테스,329759,247501,-82258,58647808150,43684409450,-14963398700,KRX MDCSTAT02401_OUT
recent3,KOSDAQ150,foreign,226950,올릭스,330032,207540,-122492,38903624550,23858862750,-15044761800,KRX MDCSTAT02401_OUT
recent3,KOSDAQ150,foreign,028300,HLB,2754793,2307160,-447633,125532846750,107629853100,-17902993650,KRX MDCSTAT02401_OUT
recent3,KOSDAQ150,foreign,039030,이오테크닉스,122841,80884,-41957,66716370000,43787386500,-22928983500,KRX MDCSTAT02401_OUT
recent3,KOSDAQ150,foreign,101490,에스앤에스텍,702306,247755,-454551,36754668150,12652256400,-24102411750,KRX MDCSTAT02401_OUT
recent3,KOSDAQ150,foreign,089970,브이엠,902583,514894,-387689,61417119600,35091217750,-26325901850,KRX MDCSTAT02401_OUT
recent3,KOSDAQ150,foreign,084370,유진테크,377181,217676,-159505,67727105200,39045182500,-28681922700,KRX MDCSTAT02401_OUT
recent3,KOSDAQ150,foreign,000250,삼천당제약,378207,239604,-138603,79856517300,50689409950,-29167107350,KRX MDCSTAT02401_OUT
recent3,KOSDAQ150,foreign,240810,원익IPS,1267536,868673,-398863,176848309150,121216433900,-55631875250,KRX MDCSTAT02401_OUT
recent3,KOSDAQ150,foreign,058470,리노공업,2517040,922327,-1594713,211435748900,75742723050,-135693025850,KRX MDCSTAT02401_OUT
recent3,KOSDAQ150,institution,058470,리노공업,612238,2324399,1712161,50934278150,195239122400,144304844250,KRX MDCSTAT02401_OUT
recent3,KOSDAQ150,institution,036930,주성엔지니어링,479096,752941,273845,120368514250,189376859250,69008345000,KRX MDCSTAT02401_OUT
recent3,KOSDAQ150,institution,403870,HPSP,759315,1639662,880347,50998462300,110613118100,59614655800,KRX MDCSTAT02401_OUT
recent3,KOSDAQ150,institution,240810,원익IPS,509171,804189,295018,70997462050,112418729950,41421267900,KRX MDCSTAT02401_OUT
recent3,KOSDAQ150,institution,080220,제주반도체,114747,533819,419072,10294049050,47221154250,36927105200,KRX MDCSTAT02401_OUT
recent3,KOSDAQ150,institution,086520,에코프로,552089,968783,416694,49342567450,85959972650,36617405200,KRX MDCSTAT02401_OUT
recent3,KOSDAQ150,institution,226950,올릭스,130792,419189,288397,15283553750,49176376900,33892823150,KRX MDCSTAT02401_OUT
recent3,KOSDAQ150,institution,039030,이오테크닉스,88503,144200,55697,47914155500,78521125000,30606969500,KRX MDCSTAT02401_OUT
recent3,KOSDAQ150,institution,196170,알테오젠,201348,304809,103461,52380279250,80040309000,27660029750,KRX MDCSTAT02401_OUT
recent3,KOSDAQ150,institution,084370,유진테크,74548,213286,138738,13356589350,38413158350,25056569000,KRX MDCSTAT02401_OUT
recent3,KOSDAQ150,institution,108490,로보티즈,50269,129787,79518,15285240750,39829041500,24543800750,KRX MDCSTAT02401_OUT
recent3,KOSDAQ150,institution,295310,에이치브이엠,79713,310896,231183,5553908100,21860042500,16306134400,KRX MDCSTAT02401_OUT
recent3,KOSDAQ150,institution,095610,테스,253275,338625,85350,44658008500,60535940800,15877932300,KRX MDCSTAT02401_OUT
recent3,KOSDAQ150,institution,005290,동진쎄미켐,252252,555007,302755,13049466200,28818910075,15769443875,KRX MDCSTAT02401_OUT
recent3,KOSDAQ150,institution,078600,대주전자재료,62752,209142,146390,6713377000,22121500300,15408123300,KRX MDCSTAT02401_OUT
recent3,KOSDAQ150,institution,247540,에코프로비엠,252080,374841,122761,29763213150,44882140300,15118927150,KRX MDCSTAT02401_OUT
recent3,KOSDAQ150,institution,131970,두산테스나,175191,307738,132547,19751437850,33839480400,14088042550,KRX MDCSTAT02401_OUT
recent3,KOSDAQ150,institution,000250,삼천당제약,165497,232065,66568,34838803650,48342430450,13503626800,KRX MDCSTAT02401_OUT
recent3,KOSDAQ150,institution,277810,레인보우로보틱스,22778,52103,29325,10221902500,23416758250,13194855750,KRX MDCSTAT02401_OUT
recent3,KOSDAQ150,institution,232140,와이씨,152810,767563,614753,2534259065,12634857875,10100598810,KRX MDCSTAT02401_OUT
recent3,KOSDAQ150,institution,028300,HLB,441361,681961,240600,19675987325,29475556975,9799569650,KRX MDCSTAT02401_OUT
recent3,KOSDAQ150,institution,218410,RFHIC,183383,340215,156832,11291926750,20998291750,9706365000,KRX MDCSTAT02401_OUT
recent3,KOSDAQ150,institution,140860,파크시스템스,12756,41963,29207,3797821000,12503037250,8705216250,KRX MDCSTAT02401_OUT
recent3,KOSDAQ150,institution,089970,브이엠,559451,685218,125767,37946150900,46599643700,8653492800,KRX MDCSTAT02401_OUT
recent3,KOSDAQ150,institution,098460,고영,424949,674018,249069,14606587150,22943149500,8336562350,KRX MDCSTAT02401_OUT
recent3,KOSDAQ150,institution,417200,LS머트리얼즈,420246,949239,528993,6238594585,14349393910,8110799325,KRX MDCSTAT02401_OUT
recent3,KOSDAQ150,institution,121600,나노신소재,30783,155399,124616,1883414500,9498145200,7614730700,KRX MDCSTAT02401_OUT
recent3,KOSDAQ150,institution,131290,티에스이,82702,106257,23555,24487047000,31637143750,7150096750,KRX MDCSTAT02401_OUT
recent3,KOSDAQ150,institution,253590,네오셈,23715,459464,435749,371064595,7281222555,6910157960,KRX MDCSTAT02401_OUT
recent3,KOSDAQ150,institution,141080,리가켐바이오,111045,190848,79803,9268775650,16051443550,6782667900,KRX MDCSTAT02401_OUT
recent3,KOSDAQ150,institution,089030,테크윙,159667,267973,108306,8869921450,15037701950,6167780500,KRX MDCSTAT02401_OUT
recent3,KOSDAQ150,institution,043260,성호전자,1557746,1763432,205686,47531185950,53565245275,6034059325,KRX MDCSTAT02401_OUT
recent3,KOSDAQ150,institution,039200,오스코텍,66557,216595,150038,2448244150,8159416775,5711172625,KRX MDCSTAT02401_OUT
recent3,KOSDAQ150,institution,074600,원익QnC,137749,314962,177213,4466361450,10170423975,5704062525,KRX MDCSTAT02401_OUT
recent3,KOSDAQ150,institution,178320,서진시스템,160571,298591,138020,6651986250,12287267100,5635280850,KRX MDCSTAT02401_OUT
recent3,KOSDAQ150,institution,310210,보로노이,29207,66058,36851,4286802100,9814325350,5527523250,KRX MDCSTAT02401_OUT
recent3,KOSDAQ150,institution,036810,에프에스티,17402,166969,149567,617446550,5930270200,5312823650,KRX MDCSTAT02401_OUT
recent3,KOSDAQ150,institution,290650,엘앤씨바이오,44730,137999,93269,2410259000,7525613500,5115354500,KRX MDCSTAT02401_OUT
recent3,KOSDAQ150,institution,161580,필옵틱스,14190,120898,106708,572271150,4941305600,4369034450,KRX MDCSTAT02401_OUT
recent3,KOSDAQ150,institution,347850,디앤디파마텍,90250,181121,90871,3984155475,8145553850,4161398375,KRX MDCSTAT02401_OUT
recent3,KOSDAQ150,institution,298380,에이비엘바이오,113936,183872,69936,5882429575,9592427300,3709997725,KRX MDCSTAT02401_OUT
recent3,KOSDAQ150,institution,096530,씨젠,91989,185713,93724,3377983675,6827284350,3449300675,KRX MDCSTAT02401_OUT
recent3,KOSDAQ150,institution,042000,카페24,41554,197880,156326,838187665,4231747445,3393559780,KRX MDCSTAT02401_OUT
recent3,KOSDAQ150,institution,323280,태성,32787,87338,54551,1965347050,5293910000,3328562950,KRX MDCSTAT02401_OUT
recent3,KOSDAQ150,institution,030530,원익홀딩스,51426,152946,101520,1457779875,4397523775,2939743900,KRX MDCSTAT02401_OUT
recent3,KOSDAQ150,institution,251970,펌텍코리아,90582,134155,43573,5535154600,8312279900,2777125300,KRX MDCSTAT02401_OUT
recent3,KOSDAQ150,institution,189300,인텔리안테크,30289,68249,37960,2171236250,4941663850,2770427600,KRX MDCSTAT02401_OUT
recent3,KOSDAQ150,institution,056080,유진로봇,141821,339831,198010,1738007450,4153974655,2415967205,KRX MDCSTAT02401_OUT
recent3,KOSDAQ150,institution,041190,우리기술투자,87151,466764,379613,545972405,2948675240,2402702835,KRX MDCSTAT02401_OUT
recent3,KOSDAQ150,institution,445680,큐리옥스바이오시스템즈,13571,51769,38198,816058600,3115233400,2299174800,KRX MDCSTAT02401_OUT
recent3,KOSDAQ150,institution,101490,에스앤에스텍,56152,97266,41114,2934744700,5069481575,2134736875,KRX MDCSTAT02401_OUT
recent3,KOSDAQ150,institution,125490,한라캐스트,13613,177778,164165,176131770,2281175790,2105044020,KRX MDCSTAT02401_OUT
recent3,KOSDAQ150,institution,078340,컴투스,32825,86889,54064,1230761300,3263808675,2033047375,KRX MDCSTAT02401_OUT
recent3,KOSDAQ150,institution,358570,지아이이노베이션,70920,286004,215084,632353570,2636813440,2004459870,KRX MDCSTAT02401_OUT
recent3,KOSDAQ150,institution,003380,하림지주,130763,306318,175555,1458525770,3442917980,1984392210,KRX MDCSTAT02401_OUT
recent3,KOSDAQ150,institution,032500,케이엠더블유,31594,127332,95738,648163860,2601632510,1953468650,KRX MDCSTAT02401_OUT
recent3,KOSDAQ150,institution,041510,에스엠,88061,108991,20930,6793798250,8537552100,1743753850,KRX MDCSTAT02401_OUT
recent3,KOSDAQ150,institution,166090,하나머티리얼즈,89157,115553,26396,5668237750,7328677850,1660440100,KRX MDCSTAT02401_OUT
recent3,KOSDAQ150,institution,007390,네이처셀,45471,110355,64884,1123077675,2746184525,1623106850,KRX MDCSTAT02401_OUT
recent3,KOSDAQ150,institution,225570,넥슨게임즈,44068,192500,148432,472509490,2079794155,1607284665,KRX MDCSTAT02401_OUT
recent3,KOSDAQ150,institution,195940,HK이노엔,66429,105474,39045,2694824875,4269821800,1574996925,KRX MDCSTAT02401_OUT
recent3,KOSDAQ150,institution,035900,JYP Ent.,65829,106981,41152,2467627850,4023677200,1556049350,KRX MDCSTAT02401_OUT
recent3,KOSDAQ150,institution,056190,SFA,155600,201240,45640,4815907700,6218106700,1402199000,KRX MDCSTAT02401_OUT
recent3,KOSDAQ150,institution,171090,선익시스템,15683,34289,18606,1175566600,2565021250,1389454650,KRX MDCSTAT02401_OUT
recent3,KOSDAQ150,institution,032820,우리기술,208011,318421,110410,2623994180,4001217535,1377223355,KRX MDCSTAT02401_OUT
recent3,KOSDAQ150,institution,263750,펄어비스,72109,108445,36336,2396873375,3616705875,1219832500,KRX MDCSTAT02401_OUT
recent3,KOSDAQ150,institution,006730,서부T&D,278820,386139,107319,3104668170,4312719805,1208051635,KRX MDCSTAT02401_OUT
recent3,KOSDAQ150,institution,214430,아이쓰리시스템,11661,27244,15583,869414500,2069944600,1200530100,KRX MDCSTAT02401_OUT
recent3,KOSDAQ150,institution,099320,쎄트렉아이,10499,25364,14865,850448350,2049844150,1199395800,KRX MDCSTAT02401_OUT
recent3,KOSDAQ150,institution,214370,케어젠,17512,45198,27686,745794525,1935643150,1189848625,KRX MDCSTAT02401_OUT
recent3,KOSDAQ150,institution,241710,코스메카코리아,214037,219664,5627,23245861050,24429928500,1184067450,KRX MDCSTAT02401_OUT
recent3,KOSDAQ150,institution,0009K0,에임드바이오,52064,96670,44606,1302515525,2426855700,1124340175,KRX MDCSTAT02401_OUT
recent3,KOSDAQ150,institution,082920,비츠로셀,85150,123954,38804,2508621025,3621837475,1113216450,KRX MDCSTAT02401_OUT
recent3,KOSDAQ150,institution,050890,쏠리드,54962,157082,102120,570516600,1615868045,1045351445,KRX MDCSTAT02401_OUT
recent3,KOSDAQ150,institution,348370,엔켐,41627,88068,46441,959715125,2003348000,1043632875,KRX MDCSTAT02401_OUT
recent3,KOSDAQ150,institution,033100,제룡전기,14726,35863,21137,722945050,1752650675,1029705625,KRX MDCSTAT02401_OUT
recent3,KOSDAQ150,institution,204270,제이앤티씨,17975,63000,45025,402984725,1396441450,993456725,KRX MDCSTAT02401_OUT
recent3,KOSDAQ150,institution,215200,메가스터디교육,12093,37091,24998,453893200,1393109700,939216500,KRX MDCSTAT02401_OUT
recent3,KOSDAQ150,institution,281740,레이크머티리얼즈,140441,212604,72163,1752667895,2675187130,922519235,KRX MDCSTAT02401_OUT
recent3,KOSDAQ150,institution,058610,에스피지,82665,92015,9350,8703600350,9621158600,917558250,KRX MDCSTAT02401_OUT
recent3,KOSDAQ150,institution,137400,피엔티,48638,76970,28332,1554319825,2457104075,902784250,KRX MDCSTAT02401_OUT
recent3,KOSDAQ150,institution,018290,브이티,18818,79455,60637,236529900,997824710,761294810,KRX MDCSTAT02401_OUT
recent3,KOSDAQ150,institution,319400,현대무벡스,92394,129102,36708,1921720375,2671952350,750231975,KRX MDCSTAT02401_OUT
recent3,KOSDAQ150,institution,348210,넥스틴,28883,47313,18430,1113615500,1836132375,722516875,KRX MDCSTAT02401_OUT
recent3,KOSDAQ150,institution,053800,안랩,12710,21619,8909,1101454900,1809272500,707817600,KRX MDCSTAT02401_OUT
recent3,KOSDAQ150,institution,065350,신성델타테크,16740,38219,21479,545695625,1232438850,686743225,KRX MDCSTAT02401_OUT
recent3,KOSDAQ150,institution,085660,차바이오텍,74189,153292,79103,633531230,1317112910,683581680,KRX MDCSTAT02401_OUT
recent3,KOSDAQ150,institution,237690,에스티팜,89287,94940,5653,8440347800,9038934750,598586950,KRX MDCSTAT02401_OUT
recent3,KOSDAQ150,institution,036830,솔브레인홀딩스,50892,64195,13303,2400250825,2988129825,587879000,KRX MDCSTAT02401_OUT
recent3,KOSDAQ150,institution,095660,네오위즈,24811,55524,30713,447939830,1004689650,556749820,KRX MDCSTAT02401_OUT
recent3,KOSDAQ150,institution,211050,인카금융서비스,57430,111697,54267,556111940,1094416350,538304410,KRX MDCSTAT02401_OUT
recent3,KOSDAQ150,institution,100790,미래에셋벤처투자,13438,42104,28666,241668930,760336890,518667960,KRX MDCSTAT02401_OUT
recent3,KOSDAQ150,institution,030520,한컴,59406,87691,28285,1056965520,1561426100,504460580,KRX MDCSTAT02401_OUT
recent3,KOSDAQ150,institution,293490,카카오게임즈,404579,448574,43995,4008329995,4495123820,486793825,KRX MDCSTAT02401_OUT
recent3,KOSDAQ150,institution,060280,큐렉소,17337,70748,53411,150732930,614195340,463462410,KRX MDCSTAT02401_OUT
recent3,KOSDAQ150,institution,376300,디어유,45502,69530,24028,847779760,1297172770,449393010,KRX MDCSTAT02401_OUT
recent3,KOSDAQ150,institution,090360,로보스타,8308,13966,5658,662221600,1098014300,435792700,KRX MDCSTAT02401_OUT
recent3,KOSDAQ150,institution,082270,젬백스,26761,65551,38790,294805100,726831230,432026130,KRX MDCSTAT02401_OUT
recent3,KOSDAQ150,institution,112040,위메이드,58219,84340,26121,905894430,1314367360,408472930,KRX MDCSTAT02401_OUT
recent3,KOSDAQ150,institution,025980,아난티,48335,124897,76562,241736720,625106463,383369743,KRX MDCSTAT02401_OUT
recent3,KOSDAQ150,institution,253450,스튜디오드래곤,25678,43526,17848,525526575,893192850,367666275,KRX MDCSTAT02401_OUT
recent3,KOSDAQ150,institution,025320,시노펙스,51506,134735,83229,203305735,528711760,325406025,KRX MDCSTAT02401_OUT
recent3,KOSDAQ150,institution,399720,가온칩스,5737,12200,6463,273343325,585262100,311918775,KRX MDCSTAT02401_OUT
recent3,KOSDAQ150,institution,033500,동성화인텍,13362,32059,18697,215389705,515077870,299688165,KRX MDCSTAT02401_OUT
recent3,KOSDAQ150,institution,278280,천보,7525,15078,7553,285306725,564741350,279434625,KRX MDCSTAT02401_OUT
recent3,KOSDAQ150,institution,069080,웹젠,57076,77550,20474,665289370,903432515,238143145,KRX MDCSTAT02401_OUT
recent3,KOSDAQ150,institution,272290,이녹스첨단소재,39836,50438,10602,892243475,1128165750,235922275,KRX MDCSTAT02401_OUT
recent3,KOSDAQ150,institution,038500,삼표시멘트,93291,125788,32497,629239385,845070635,215831250,KRX MDCSTAT02401_OUT
recent3,KOSDAQ150,institution,009520,포스코엠텍,53156,70288,17132,690151085,905166610,215015525,KRX MDCSTAT02401_OUT
recent3,KOSDAQ150,institution,048410,현대바이오,304581,325954,21373,2150580015,2298823415,148243400,KRX MDCSTAT02401_OUT
recent3,KOSDAQ150,institution,194480,데브시스터즈,23271,30923,7652,326937080,436088470,109151390,KRX MDCSTAT02401_OUT
recent3,KOSDAQ150,institution,101730,위메이드맥스,13818,35510,21692,64010328,167412310,103401982,KRX MDCSTAT02401_OUT
recent3,KOSDAQ150,institution,060250,NHN KCP,35788,41830,6042,484425440,568937640,84512200,KRX MDCSTAT02401_OUT
recent3,KOSDAQ150,institution,090710,휴림로봇,205980,221139,15159,1333522885,1406942425,73419540,KRX MDCSTAT02401_OUT
recent3,KOSDAQ150,institution,025900,동화기업,16176,23242,7066,119409060,169693800,50284740,KRX MDCSTAT02401_OUT
recent3,KOSDAQ150,institution,032190,다우데이타,44664,45515,851,851154790,873709920,22555130,KRX MDCSTAT02401_OUT
recent3,KOSDAQ150,institution,352480,씨앤씨인터내셔널,5647,6590,943,117059750,138445925,21386175,KRX MDCSTAT02401_OUT
recent3,KOSDAQ150,institution,036620,감성코퍼레이션,195837,195374,-463,726098740,729641140,3542400,KRX MDCSTAT02401_OUT
recent3,KOSDAQ150,institution,015750,성우하이텍,115371,104216,-11155,677959305,611736305,-66223000,KRX MDCSTAT02401_OUT
recent3,KOSDAQ150,institution,067160,SOOP,28744,22287,-6457,1047110050,813289750,-233820300,KRX MDCSTAT02401_OUT
recent3,KOSDAQ150,institution,388720,유일로보틱스,17252,14063,-3189,1233767800,986793400,-246974400,KRX MDCSTAT02401_OUT
recent3,KOSDAQ150,institution,067310,하나마이크론,657278,660094,2816,34411937825,33793574500,-618363325,KRX MDCSTAT02401_OUT
recent3,KOSDAQ150,institution,122870,와이지엔터테인먼트,100231,84318,-15913,4137004425,3489790550,-647213875,KRX MDCSTAT02401_OUT
recent3,KOSDAQ150,institution,035760,CJ ENM,61103,42103,-19000,2152161275,1487906625,-664254650,KRX MDCSTAT02401_OUT
recent3,KOSDAQ150,institution,052400,코나아이,40908,20489,-20419,1533403075,775511800,-757891275,KRX MDCSTAT02401_OUT
recent3,KOSDAQ150,institution,145020,휴젤,25743,21158,-4585,4622681300,3804249100,-818432200,KRX MDCSTAT02401_OUT
recent3,KOSDAQ150,institution,466100,클로봇,97062,62518,-34544,2301634250,1460894250,-840740000,KRX MDCSTAT02401_OUT
recent3,KOSDAQ150,institution,214150,클래시스,119182,84123,-35059,3660547925,2608281650,-1052266275,KRX MDCSTAT02401_OUT
recent3,KOSDAQ150,institution,328130,루닛,227660,123474,-104186,2442975420,1353880825,-1089094595,KRX MDCSTAT02401_OUT
recent3,KOSDAQ150,institution,213420,덕산네오룩스,96532,57701,-38831,2897247625,1737042175,-1160205450,KRX MDCSTAT02401_OUT
recent3,KOSDAQ150,institution,420770,기가비스,68117,56763,-11354,8961549500,7568603050,-1392946450,KRX MDCSTAT02401_OUT
recent3,KOSDAQ150,institution,124500,아이티센글로벌,86562,37156,-49406,2510119200,1090551750,-1419567450,KRX MDCSTAT02401_OUT
recent3,KOSDAQ150,institution,064760,티씨케이,81086,75265,-5821,24299079750,22860625000,-1438454750,KRX MDCSTAT02401_OUT
recent3,KOSDAQ150,institution,014620,성광벤드,174130,121125,-53005,5335108275,3708983150,-1626125125,KRX MDCSTAT02401_OUT
recent3,KOSDAQ150,institution,068760,셀트리온제약,98864,52226,-46638,3825123175,2046974900,-1778148275,KRX MDCSTAT02401_OUT
recent3,KOSDAQ150,institution,437730,삼현,146216,84110,-62106,7522228000,4320405950,-3201822050,KRX MDCSTAT02401_OUT
recent3,KOSDAQ150,institution,087010,펩트론,90325,57079,-33246,11970028950,7881979450,-4088049500,KRX MDCSTAT02401_OUT
recent3,KOSDAQ150,institution,475830,오름테라퓨틱,249544,43458,-206086,5214434400,982182075,-4232252325,KRX MDCSTAT02401_OUT
recent3,KOSDAQ150,institution,060370,LS마린솔루션,200423,40209,-160214,6592376700,1327545725,-5264830975,KRX MDCSTAT02401_OUT
recent3,KOSDAQ150,institution,083650,비에이치아이,159687,58877,-100810,9445726000,3519951100,-5925774900,KRX MDCSTAT02401_OUT
recent3,KOSDAQ150,institution,183300,코미코,331591,139054,-192537,11424643100,4854908275,-6569734825,KRX MDCSTAT02401_OUT
recent3,KOSDAQ150,institution,257720,실리콘투,442888,260858,-182030,16576913800,9850788975,-6726124825,KRX MDCSTAT02401_OUT
recent3,KOSDAQ150,institution,222800,심텍,610422,549109,-61313,102058282050,91146808000,-10911474050,KRX MDCSTAT02401_OUT
recent3,KOSDAQ150,institution,095340,ISC,191156,121118,-70038,40008160000,26062896000,-13945264000,KRX MDCSTAT02401_OUT
recent3,KOSDAQ150,institution,031980,피에스케이홀딩스,223362,137348,-86014,42164693300,26284592900,-15880100400,KRX MDCSTAT02401_OUT
recent3,KOSDAQ150,institution,036540,SFA반도체,4629979,3040255,-1589724,52711165760,34946244730,-17764921030,KRX MDCSTAT02401_OUT
recent3,KOSDAQ150,institution,214450,파마리서치,145564,37583,-107981,44871696000,11634342250,-33237353750,KRX MDCSTAT02401_OUT
