period_type,universe,investor,code,name,sell_volume,buy_volume,net_volume,sell_value,buy_value,net_value,source
daily,KOSPI200,foreign,402340,SK스퀘어,226541,256159,29618,257465808748,291444847248,33979038500,KRX MDCSTAT02401_OUT
daily,KOSPI200,foreign,329180,HD현대중공업,40125,76685,36560,17508984000,33404104000,15895120000,KRX MDCSTAT02401_OUT
daily,KOSPI200,foreign,096770,SK이노베이션,191073,276668,85595,28483210250,41271306300,12788096050,KRX MDCSTAT02401_OUT
daily,KOSPI200,foreign,034730,SK,100149,120227,20078,58993221500,70878987000,11885765500,KRX MDCSTAT02401_OUT
daily,KOSPI200,foreign,047040,대우건설,1044829,1679997,635168,18589723105,30007936355,11418213250,KRX MDCSTAT02401_OUT
daily,KOSPI200,foreign,009830,한화솔루션,1160873,1476671,315798,39243142075,49942049050,10698906975,KRX MDCSTAT02401_OUT
daily,KOSPI200,foreign,003490,대한항공,644311,918915,274604,20532294325,29293467400,8761173075,KRX MDCSTAT02401_OUT
daily,KOSPI200,foreign,064350,현대로템,286228,361630,75402,32317098600,40917488250,8600389650,KRX MDCSTAT02401_OUT
daily,KOSPI200,foreign,003670,포스코퓨처엠,38732,85269,46537,6934330650,15311006200,8376675550,KRX MDCSTAT02401_OUT
daily,KOSPI200,foreign,010120,LS ELECTRIC,92865,130909,38044,19086345750,26940254750,7853909000,KRX MDCSTAT02401_OUT
daily,KOSPI200,foreign,278470,에이피알,88039,108640,20601,32086365000,39671282500,7584917500,KRX MDCSTAT02401_OUT
daily,KOSPI200,foreign,082740,한화엔진,197764,350787,153023,9739320125,17299454950,7560134825,KRX MDCSTAT02401_OUT
daily,KOSPI200,foreign,017670,SK텔레콤,127930,215249,87319,10991905900,18506886850,7514980950,KRX MDCSTAT02401_OUT
daily,KOSPI200,foreign,078930,GS,170151,226691,56540,18197219245,24233862295,6036643050,KRX MDCSTAT02401_OUT
daily,KOSPI200,foreign,010140,삼성중공업,1423802,1717244,293442,28229864020,34135650015,5905785995,KRX MDCSTAT02401_OUT
daily,KOSPI200,foreign,010950,S-Oil,133327,165609,32282,21563173400,26791969900,5228796500,KRX MDCSTAT02401_OUT
daily,KOSPI200,foreign,006800,미래에셋증권,310850,467157,156307,9669079600,14571051900,4901972300,KRX MDCSTAT02401_OUT
daily,KOSPI200,foreign,128940,한미약품,15400,24893,9493,7708539000,12523423750,4814884750,KRX MDCSTAT02401_OUT
daily,KOSPI200,foreign,003230,삼양식품,7598,11385,3787,9227422500,13835698500,4608276000,KRX MDCSTAT02401_OUT
daily,KOSPI200,foreign,004170,신세계,18761,32330,13569,6302558250,10861957250,4559399000,KRX MDCSTAT02401_OUT
daily,KOSPI200,foreign,000720,현대건설,105179,143279,38100,12406803350,16945736150,4538932800,KRX MDCSTAT02401_OUT
daily,KOSPI200,foreign,086790,하나금융지주,724906,759658,34752,94354618650,98831256000,4476637350,KRX MDCSTAT02401_OUT
daily,KOSPI200,foreign,0126Z0,삼성에피스홀딩스,13326,25770,12444,4645928500,9010309000,4364380500,KRX MDCSTAT02401_OUT
daily,KOSPI200,foreign,071050,한국금융지주,131725,156146,24421,23409596800,27735842750,4326245950,KRX MDCSTAT02401_OUT
daily,KOSPI200,foreign,042700,한미반도체,150806,167037,16231,38270689000,42480797750,4210108750,KRX MDCSTAT02401_OUT
daily,KOSPI200,foreign,011200,HMM,285988,482657,196669,5966706325,10077055350,4110349025,KRX MDCSTAT02401_OUT
daily,KOSPI200,foreign,018260,삼성에스디에스,64551,83225,18674,14123472250,18228482000,4105009750,KRX MDCSTAT02401_OUT
daily,KOSPI200,foreign,457190,이수스페셜티케미컬,274912,323695,48783,21283156700,25172786450,3889629750,KRX MDCSTAT02401_OUT
daily,KOSPI200,foreign,071970,HD현대마린엔진,48012,126828,78816,2359333375,6243877000,3884543625,KRX MDCSTAT02401_OUT
daily,KOSPI200,foreign,066570,LG전자,306443,322913,16470,65605601250,69311709000,3706107750,KRX MDCSTAT02401_OUT
daily,KOSPI200,foreign,086280,현대글로비스,83598,102190,18592,16487406400,20166227550,3678821150,KRX MDCSTAT02401_OUT
daily,KOSPI200,foreign,004020,현대제철,138450,249515,111065,4160202650,7500090700,3339888050,KRX MDCSTAT02401_OUT
daily,KOSPI200,foreign,443060,HD현대마린솔루션,16924,30955,14031,4030534500,7367151000,3336616500,KRX MDCSTAT02401_OUT
daily,KOSPI200,foreign,010060,OCI홀딩스,60906,75546,14640,13631061500,16935343250,3304281750,KRX MDCSTAT02401_OUT
daily,KOSPI200,foreign,207940,삼성바이오로직스,29493,31808,2315,41034820500,44288035500,3253215000,KRX MDCSTAT02401_OUT
daily,KOSPI200,foreign,161890,한국콜마,148728,170367,21639,22022257150,25251199250,3228942100,KRX MDCSTAT02401_OUT
daily,KOSPI200,foreign,028050,삼성E&A,1198192,1262730,64538,57406812536,60523939786,3117127250,KRX MDCSTAT02401_OUT
daily,KOSPI200,foreign,009420,한올바이오파마,44218,109477,65259,1936494075,4811598700,2875104625,KRX MDCSTAT02401_OUT
daily,KOSPI200,foreign,010130,고려아연,4082,6780,2698,4364079500,7231829000,2867749500,KRX MDCSTAT02401_OUT
daily,KOSPI200,foreign,450080,에코프로머티,74788,153760,78972,2625626425,5429834475,2804208050,KRX MDCSTAT02401_OUT
daily,KOSPI200,foreign,259960,크래프톤,64313,78304,13991,12588959950,15341003150,2752043200,KRX MDCSTAT02401_OUT
daily,KOSPI200,foreign,066970,엘앤에프,70701,94281,23580,7923999750,10569882600,2645882850,KRX MDCSTAT02401_OUT
daily,KOSPI200,foreign,161390,한국타이어앤테크놀로지,232147,274292,42145,13724263000,16201021300,2476758300,KRX MDCSTAT02401_OUT
daily,KOSPI200,foreign,093370,후성,2052059,2212716,160657,30884729135,33086397530,2201668395,KRX MDCSTAT02401_OUT
daily,KOSPI200,foreign,267250,HD현대,71268,81579,10311,14482503750,16588340250,2105836500,KRX MDCSTAT02401_OUT
daily,KOSPI200,foreign,180640,한진칼,22824,36704,13880,3062905050,4944925100,1882020050,KRX MDCSTAT02401_OUT
daily,KOSPI200,foreign,307950,현대오토에버,5161,10047,4886,1918431750,3741412500,1822980750,KRX MDCSTAT02401_OUT
daily,KOSPI200,foreign,028670,팬오션,604914,910981,306067,3487097870,5256973850,1769875980,KRX MDCSTAT02401_OUT
daily,KOSPI200,foreign,112610,씨에스윈드,77912,104309,26397,3991934500,5352778050,1360843550,KRX MDCSTAT02401_OUT
daily,KOSPI200,foreign,003550,LG,186918,198599,11681,20780018550,22094064400,1314045850,KRX MDCSTAT02401_OUT
daily,KOSPI200,foreign,030000,제일기획,355468,421556,66088,6597476435,7857397570,1259921135,KRX MDCSTAT02401_OUT
daily,KOSPI200,foreign,000100,유한양행,87414,101470,14056,6374632300,7406255900,1031623600,KRX MDCSTAT02401_OUT
daily,KOSPI200,foreign,034020,두산에너빌리티,482034,493500,11466,39239534000,40205133750,965599750,KRX MDCSTAT02401_OUT
daily,KOSPI200,foreign,079550,LIG디펜스앤에어로스페이스,12809,14207,1398,8740271500,9696008000,955736500,KRX MDCSTAT02401_OUT
daily,KOSPI200,foreign,204320,HL만도,53093,73424,20331,2432853750,3367510175,934656425,KRX MDCSTAT02401_OUT
daily,KOSPI200,foreign,000880,한화,60770,67838,7068,7683278400,8581587850,898309450,KRX MDCSTAT02401_OUT
daily,KOSPI200,foreign,011790,SKC,92795,101301,8506,9059333450,9815523450,756190000,KRX MDCSTAT02401_OUT
daily,KOSPI200,foreign,069960,현대백화점,57919,66102,8183,5163534600,5896216650,732682050,KRX MDCSTAT02401_OUT
daily,KOSPI200,foreign,047050,포스코인터내셔널,171829,184004,12175,9797129350,10520806000,723676650,KRX MDCSTAT02401_OUT
daily,KOSPI200,foreign,120110,코오롱인더,19040,31116,12076,1050082400,1720665150,670582750,KRX MDCSTAT02401_OUT
daily,KOSPI200,foreign,241560,두산밥캣,177547,189894,12347,9703522650,10373839250,670316600,KRX MDCSTAT02401_OUT
daily,KOSPI200,foreign,251270,넷마블,69860,88449,18589,2416165975,3061856725,645690750,KRX MDCSTAT02401_OUT
daily,KOSPI200,foreign,002380,KCC,15700,17055,1355,7402242250,8044834750,642592500,KRX MDCSTAT02401_OUT
daily,KOSPI200,foreign,000210,DL,12815,25278,12463,642352450,1262074350,619721900,KRX MDCSTAT02401_OUT
daily,KOSPI200,foreign,032640,LG유플러스,642147,672363,30216,9350400360,9791768440,441368080,KRX MDCSTAT02401_OUT
daily,KOSPI200,foreign,005850,에스엘,19766,28344,8578,978881600,1402985700,424104100,KRX MDCSTAT02401_OUT
daily,KOSPI200,foreign,007340,DN오토모티브,66176,73635,7459,3261281100,3631665600,370384500,KRX MDCSTAT02401_OUT
daily,KOSPI200,foreign,003240,태광산업,300,705,405,273490000,640847000,367357000,KRX MDCSTAT02401_OUT
daily,KOSPI200,foreign,285130,SK케미칼,10380,17475,7095,534773000,900767200,365994200,KRX MDCSTAT02401_OUT
daily,KOSPI200,foreign,192080,더블유게임즈,31926,37925,5999,1856010600,2205684250,349673650,KRX MDCSTAT02401_OUT
daily,KOSPI200,foreign,034220,LG디스플레이,1404803,1442669,37866,11719938325,12053910410,333972085,KRX MDCSTAT02401_OUT
daily,KOSPI200,foreign,302440,SK바이오사이언스,16062,24396,8334,578867350,880951775,302084425,KRX MDCSTAT02401_OUT
daily,KOSPI200,foreign,005420,코스모화학,27121,51687,24566,281418220,537208320,255790100,KRX MDCSTAT02401_OUT
daily,KOSPI200,foreign,006280,녹십자,11569,13597,2028,1421877850,1676471850,254594000,KRX MDCSTAT02401_OUT
daily,KOSPI200,foreign,029780,삼성카드,49154,54719,5565,2078165600,2311040500,232874900,KRX MDCSTAT02401_OUT
daily,KOSPI200,foreign,016360,삼성증권,183298,184883,1585,16281998650,16447455900,165457250,KRX MDCSTAT02401_OUT
daily,KOSPI200,foreign,071320,지역난방공사,3435,5373,1938,271179500,424934750,153755250,KRX MDCSTAT02401_OUT
daily,KOSPI200,foreign,006650,대한유화,11681,13200,1519,1035511600,1169432450,133920850,KRX MDCSTAT02401_OUT
daily,KOSPI200,foreign,012750,에스원,26332,27738,1406,2176206000,2292887150,116681150,KRX MDCSTAT02401_OUT
daily,KOSPI200,foreign,008730,율촌화학,17700,24692,6992,258736260,361362500,102626240,KRX MDCSTAT02401_OUT
daily,KOSPI200,foreign,006040,동원산업,7129,9997,2868,252621600,354513750,101892150,KRX MDCSTAT02401_OUT
daily,KOSPI200,foreign,361610,SK아이이테크놀로지,54843,59305,4462,946315945,1022600020,76284075,KRX MDCSTAT02401_OUT
daily,KOSPI200,foreign,007070,GS리테일,83835,86927,3092,1893416450,1962366675,68950225,KRX MDCSTAT02401_OUT
daily,KOSPI200,foreign,014820,동원시스템즈,4156,7370,3214,87522850,154996775,67473925,KRX MDCSTAT02401_OUT
daily,KOSPI200,foreign,375500,DL이앤씨,144824,145460,636,11301523050,11367359650,65836600,KRX MDCSTAT02401_OUT
daily,KOSPI200,foreign,000670,영풍,12042,13277,1235,502444475,554694875,52250400,KRX MDCSTAT02401_OUT
daily,KOSPI200,foreign,298050,HS효성첨단소재,2566,2842,276,414507500,458799400,44291900,KRX MDCSTAT02401_OUT
daily,KOSPI200,foreign,008930,한미사이언스,45711,46322,611,2404795250,2439403500,34608250,KRX MDCSTAT02401_OUT
daily,KOSPI200,foreign,137310,에스디바이오센서,37761,41742,3981,230184895,254436125,24251230,KRX MDCSTAT02401_OUT
daily,KOSPI200,foreign,185750,종근당,13109,13149,40,843012000,846023300,3011300,KRX MDCSTAT02401_OUT
daily,KOSPI200,foreign,002840,미원상사,1117,1087,-30,151747100,147142950,-4604150,KRX MDCSTAT02401_OUT
daily,KOSPI200,foreign,007700,F&F홀딩스,915,50,-865,12238500,668920,-11569580,KRX MDCSTAT02401_OUT
daily,KOSPI200,foreign,268280,미원에스씨,236,129,-107,30756400,16878500,-13877900,KRX MDCSTAT02401_OUT
daily,KOSPI200,foreign,005300,롯데칠성,8970,8811,-159,852431950,837797750,-14634200,KRX MDCSTAT02401_OUT
daily,KOSPI200,foreign,004000,롯데정밀화학,12310,11966,-344,532706400,517905425,-14800975,KRX MDCSTAT02401_OUT
daily,KOSPI200,foreign,028260,삼성물산,188069,187785,-284,64709256766,64688244516,-21012250,KRX MDCSTAT02401_OUT
daily,KOSPI200,foreign,073240,금호타이어,577208,563856,-13352,3903865385,3832508550,-71356835,KRX MDCSTAT02401_OUT
daily,KOSPI200,foreign,097950,CJ제일제당,21867,21369,-498,3908024800,3819540000,-88484800,KRX MDCSTAT02401_OUT
daily,KOSPI200,foreign,001680,대상,26143,21130,-5013,469967770,379432835,-90534935,KRX MDCSTAT02401_OUT
daily,KOSPI200,foreign,002030,아세아,766,271,-495,153368300,54260300,-99108000,KRX MDCSTAT02401_OUT
daily,KOSPI200,foreign,062040,산일전기,80427,79879,-548,16997441500,16892063500,-105378000,KRX MDCSTAT02401_OUT
daily,KOSPI200,foreign,007310,오뚜기,1512,1177,-335,477322500,371540500,-105782000,KRX MDCSTAT02401_OUT
daily,KOSPI200,foreign,103140,풍산,18290,16625,-1665,1431520250,1304707650,-126812600,KRX MDCSTAT02401_OUT
daily,KOSPI200,foreign,023530,롯데쇼핑,76130,74864,-1266,7665190600,7536145550,-129045050,KRX MDCSTAT02401_OUT
daily,KOSPI200,foreign,011170,롯데케미칼,20822,18331,-2491,1252856900,1104237700,-148619200,KRX MDCSTAT02401_OUT
daily,KOSPI200,foreign,300720,한일시멘트,25434,14237,-11197,411175270,229516800,-181658470,KRX MDCSTAT02401_OUT
daily,KOSPI200,foreign,111770,영원무역,38819,36212,-2607,2688513000,2504478050,-184034950,KRX MDCSTAT02401_OUT
daily,KOSPI200,foreign,030200,KT,126164,122287,-3877,6589843467,6389340867,-200502600,KRX MDCSTAT02401_OUT
daily,KOSPI200,foreign,280360,롯데웰푸드,8660,6923,-1737,1058728650,845385400,-213343250,KRX MDCSTAT02401_OUT
daily,KOSPI200,foreign,282330,BGF리테일,32215,30550,-1665,4176339350,3961672100,-214667250,KRX MDCSTAT02401_OUT
daily,KOSPI200,foreign,035420,NAVER,212443,210752,-1691,41188252700,40909742400,-278510300,KRX MDCSTAT02401_OUT
daily,KOSPI200,foreign,009970,영원무역홀딩스,7036,5204,-1832,1143240900,845553300,-297687600,KRX MDCSTAT02401_OUT
daily,KOSPI200,foreign,069620,대웅제약,6730,3502,-3228,717109700,372919500,-344190200,KRX MDCSTAT02401_OUT
daily,KOSPI200,foreign,011780,금호석유화학,43247,40220,-3027,4962910550,4613890900,-349019650,KRX MDCSTAT02401_OUT
daily,KOSPI200,foreign,004990,롯데지주,43982,29273,-14709,1056897300,703490000,-353407300,KRX MDCSTAT02401_OUT
daily,KOSPI200,foreign,017960,한국카본,75336,56849,-18487,1519312605,1151085690,-368226915,KRX MDCSTAT02401_OUT
daily,KOSPI200,foreign,022100,포스코DX,98867,79189,-19678,1973378945,1583337405,-390041540,KRX MDCSTAT02401_OUT
daily,KOSPI200,foreign,036460,한국가스공사,63744,52491,-11253,2223191400,1830173250,-393018150,KRX MDCSTAT02401_OUT
daily,KOSPI200,foreign,377300,카카오페이,30530,20588,-9942,1221914375,825499225,-396415150,KRX MDCSTAT02401_OUT
daily,KOSPI200,foreign,011210,현대위아,33989,26213,-7776,1785735900,1378343050,-407392850,KRX MDCSTAT02401_OUT
daily,KOSPI200,foreign,000240,한국앤컴퍼니,38728,22345,-16383,967885150,558338475,-409546675,KRX MDCSTAT02401_OUT
daily,KOSPI200,foreign,026960,동서,25347,8220,-17127,645462075,209742275,-435719800,KRX MDCSTAT02401_OUT
daily,KOSPI200,foreign,483650,달바글로벌,40734,38333,-2401,7647057300,7206975050,-440082250,KRX MDCSTAT02401_OUT
daily,KOSPI200,foreign,000120,CJ대한통운,12478,6135,-6343,875516250,431302400,-444213850,KRX MDCSTAT02401_OUT
daily,KOSPI200,foreign,069260,TKG휴켐스,43639,14816,-28823,692846075,235769950,-457076125,KRX MDCSTAT02401_OUT
daily,KOSPI200,foreign,003030,세아제강지주,18429,14400,-4029,2190708200,1712363200,-478345000,KRX MDCSTAT02401_OUT
daily,KOSPI200,foreign,454910,두산로보틱스,48371,41250,-7121,3324379750,2843039850,-481339900,KRX MDCSTAT02401_OUT
daily,KOSPI200,foreign,009240,한샘,19316,6815,-12501,756701525,266585425,-490116100,KRX MDCSTAT02401_OUT
daily,KOSPI200,foreign,002790,아모레퍼시픽홀딩스,85867,65233,-20634,2217833500,1685577375,-532256125,KRX MDCSTAT02401_OUT
daily,KOSPI200,foreign,039490,키움증권,35619,33408,-2211,9019845000,8466054250,-553790750,KRX MDCSTAT02401_OUT
daily,KOSPI200,foreign,005490,POSCO홀딩스,93559,91653,-1906,28625647750,28047782000,-577865750,KRX MDCSTAT02401_OUT
daily,KOSPI200,foreign,090430,아모레퍼시픽,126435,121921,-4514,17561221700,16929528400,-631693300,KRX MDCSTAT02401_OUT
daily,KOSPI200,foreign,373220,LG에너지솔루션,75097,73291,-1806,26689532750,26037097000,-652435750,KRX MDCSTAT02401_OUT
daily,KOSPI200,foreign,003090,대웅,62276,18914,-43362,948661300,287667835,-660993465,KRX MDCSTAT02401_OUT
daily,KOSPI200,foreign,298020,효성티앤씨,8339,6000,-2339,2352124500,1685761000,-666363500,KRX MDCSTAT02401_OUT
daily,KOSPI200,foreign,034230,파라다이스,167838,89985,-77853,1568400120,840991300,-727408820,KRX MDCSTAT02401_OUT
daily,KOSPI200,foreign,139480,이마트,52065,41288,-10777,3724907950,2953158300,-771749650,KRX MDCSTAT02401_OUT
daily,KOSPI200,foreign,035720,카카오,421362,397563,-23799,14168106775,13375601800,-792504975,KRX MDCSTAT02401_OUT
daily,KOSPI200,foreign,001800,오리온홀딩스,69899,34367,-35532,1632246950,803494275,-828752675,KRX MDCSTAT02401_OUT
daily,KOSPI200,foreign,326030,SK바이오팜,46625,35441,-11184,3488835200,2652983050,-835852150,KRX MDCSTAT02401_OUT
daily,KOSPI200,foreign,000080,하이트진로,84380,25836,-58544,1249142435,382679265,-866463170,KRX MDCSTAT02401_OUT
daily,KOSPI200,foreign,272210,한화시스템,265764,253580,-12184,19941619000,19062059700,-879559300,KRX MDCSTAT02401_OUT
daily,KOSPI200,foreign,004370,농심,9016,6817,-2199,3638699500,2751956500,-886743000,KRX MDCSTAT02401_OUT
daily,KOSPI200,foreign,047810,한국항공우주,93038,85764,-7274,11786165100,10874502000,-911663100,KRX MDCSTAT02401_OUT
daily,KOSPI200,foreign,001040,CJ,50296,43316,-6980,6808546000,5869409200,-939136800,KRX MDCSTAT02401_OUT
daily,KOSPI200,foreign,036570,NC,53370,48305,-5065,11161973750,10123689500,-1038284250,KRX MDCSTAT02401_OUT
daily,KOSPI200,foreign,052690,한전기술,51967,43177,-8790,6399748350,5323759400,-1075988950,KRX MDCSTAT02401_OUT
daily,KOSPI200,foreign,021240,코웨이,170158,159021,-11137,16935152600,15825779500,-1109373100,KRX MDCSTAT02401_OUT
daily,KOSPI200,foreign,081660,미스토홀딩스,95242,63138,-32104,3586091325,2376119475,-1209971850,KRX MDCSTAT02401_OUT
daily,KOSPI200,foreign,015760,한국전력,301580,260101,-41479,9054713125,7828378350,-1226334775,KRX MDCSTAT02401_OUT
daily,KOSPI200,foreign,035250,강원랜드,166589,57504,-109085,2379413905,821855365,-1557558540,KRX MDCSTAT02401_OUT
daily,KOSPI200,foreign,001430,세아베스틸지주,66229,31166,-35063,2991481150,1408712625,-1582768525,KRX MDCSTAT02401_OUT
daily,KOSPI200,foreign,064400,LG씨엔에스,93439,70132,-23307,6463957500,4856676250,-1607281250,KRX MDCSTAT02401_OUT
daily,KOSPI200,foreign,017800,현대엘리베이터,35412,12192,-23220,2591939400,893581700,-1698357700,KRX MDCSTAT02401_OUT
daily,KOSPI200,foreign,001450,현대해상,357069,319932,-37137,17239233150,15467842125,-1771391025,KRX MDCSTAT02401_OUT
daily,KOSPI200,foreign,271560,오리온,81080,61900,-19180,8718832300,6637880950,-2080951350,KRX MDCSTAT02401_OUT
daily,KOSPI200,foreign,267270,HD건설기계,69628,51376,-18252,8695743950,6417554450,-2278189500,KRX MDCSTAT02401_OUT
daily,KOSPI200,foreign,192820,코스맥스,46878,37601,-9277,12944040000,10406979750,-2537060250,KRX MDCSTAT02401_OUT
daily,KOSPI200,foreign,000150,두산,23226,21364,-1862,31977694000,29423072000,-2554622000,KRX MDCSTAT02401_OUT
daily,KOSPI200,foreign,005940,NH투자증권,311920,212638,-99282,8155990350,5557562825,-2598427525,KRX MDCSTAT02401_OUT
daily,KOSPI200,foreign,051600,한전KPS,121846,54481,-67365,5377354650,2397300700,-2980053950,KRX MDCSTAT02401_OUT
daily,KOSPI200,foreign,139130,iM금융지주,617442,447320,-170122,11265961485,8159041450,-3106920035,KRX MDCSTAT02401_OUT
daily,KOSPI200,foreign,138040,메리츠금융지주,108049,82825,-25224,13760895450,10525061650,-3235833800,KRX MDCSTAT02401_OUT
daily,KOSPI200,foreign,352820,하이브,64662,39712,-24950,10202459050,6267929950,-3934529100,KRX MDCSTAT02401_OUT
daily,KOSPI200,foreign,051900,LG생활건강,75248,60122,-15126,20375916500,16263347250,-4112569250,KRX MDCSTAT02401_OUT
daily,KOSPI200,foreign,018880,한온시스템,6339842,5201887,-1137955,22309298248,18179128644,-4130169604,KRX MDCSTAT02401_OUT
daily,KOSPI200,foreign,005830,DB손해보험,200504,177989,-22515,37205347900,33014493800,-4190854100,KRX MDCSTAT02401_OUT
daily,KOSPI200,foreign,175330,JB금융지주,448818,305395,-143423,13054212575,8854458600,-4199753975,KRX MDCSTAT02401_OUT
daily,KOSPI200,foreign,033780,KT&G,198300,172290,-26010,35028015700,30469271450,-4558744250,KRX MDCSTAT02401_OUT
daily,KOSPI200,foreign,298040,효성중공업,20567,18765,-1802,57285127000,52353528000,-4931599000,KRX MDCSTAT02401_OUT
daily,KOSPI200,foreign,000810,삼성화재,50433,42665,-7768,32081200500,27125494000,-4955706500,KRX MDCSTAT02401_OUT
daily,KOSPI200,foreign,042660,한화오션,330984,260938,-70046,26195103550,20702084200,-5493019350,KRX MDCSTAT02401_OUT
daily,KOSPI200,foreign,051910,LG화학,128052,104780,-23272,32117516250,26308770750,-5808745500,KRX MDCSTAT02401_OUT
daily,KOSPI200,foreign,024110,기업은행,767090,471141,-295949,15540252275,9535014525,-6005237750,KRX MDCSTAT02401_OUT
daily,KOSPI200,foreign,323410,카카오뱅크,562981,253471,-309510,11208870335,5044692675,-6164177660,KRX MDCSTAT02401_OUT
daily,KOSPI200,foreign,138930,BNK금융지주,1019694,618285,-401409,16170607410,9813144735,-6357462675,KRX MDCSTAT02401_OUT
daily,KOSPI200,foreign,006260,LS,52101,31679,-20422,16247417000,9889859000,-6357558000,KRX MDCSTAT02401_OUT
daily,KOSPI200,foreign,008770,호텔신라,202275,16543,-185732,8009007500,654068375,-7354939125,KRX MDCSTAT02401_OUT
daily,KOSPI200,foreign,014680,한솔케미칼,45035,16890,-28145,11820182000,4414556750,-7405625250,KRX MDCSTAT02401_OUT
daily,KOSPI200,foreign,006400,삼성SDI,118850,103753,-15097,61202039500,53449305500,-7752734000,KRX MDCSTAT02401_OUT
daily,KOSPI200,foreign,088350,한화생명,2950588,1453175,-1497413,16045822260,7865867460,-8179954800,KRX MDCSTAT02401_OUT
daily,KOSPI200,foreign,105560,KB금융,703993,654788,-49205,119360333150,110998159050,-8362174100,KRX MDCSTAT02401_OUT
daily,KOSPI200,foreign,068270,셀트리온,203256,155127,-48129,36230149100,27656857500,-8573291600,KRX MDCSTAT02401_OUT
daily,KOSPI200,foreign,009540,HD한국조선해양,165242,136729,-28513,53672280094,44411490594,-9260789500,KRX MDCSTAT02401_OUT
daily,KOSPI200,foreign,032830,삼성생명,167789,133176,-34613,47450125000,37602362250,-9847762750,KRX MDCSTAT02401_OUT
daily,KOSPI200,foreign,012450,한화에어로스페이스,53214,42291,-10923,53742050000,42701821000,-11040229000,KRX MDCSTAT02401_OUT
daily,KOSPI200,foreign,000270,기아,672584,558528,-114056,76345555350,63398376150,-12947179200,KRX MDCSTAT02401_OUT
daily,KOSPI200,foreign,001440,대한전선,885717,441153,-444564,26708919175,13415704375,-13293214800,KRX MDCSTAT02401_OUT
daily,KOSPI200,foreign,012330,현대모비스,231373,185446,-45927,85131982000,68551772750,-16580209250,KRX MDCSTAT02401_OUT
daily,KOSPI200,foreign,267260,HD현대일렉트릭,323747,294318,-29429,217751387500,197976645000,-19774742500,KRX MDCSTAT02401_OUT
daily,KOSPI200,foreign,000990,DB하이텍,285731,138275,-147456,39100895500,18995790150,-20105105350,KRX MDCSTAT02401_OUT
daily,KOSPI200,foreign,007660,이수페타시스,333398,152097,-181301,38619960300,17631193400,-20988766900,KRX MDCSTAT02401_OUT
daily,KOSPI200,foreign,316140,우리금융지주,2153532,1471888,-681644,75111719275,51199380400,-23912338875,KRX MDCSTAT02401_OUT
daily,KOSPI200,foreign,011070,LG이노텍,153321,107180,-46141,87143186500,61161328500,-25981858000,KRX MDCSTAT02401_OUT
daily,KOSPI200,foreign,055550,신한지주,1361446,1116660,-244786,145291649904,118973452204,-26318197700,KRX MDCSTAT02401_OUT
daily,KOSPI200,foreign,005380,현대차,270472,183426,-87046,93648651750,63555864500,-30092787250,KRX MDCSTAT02401_OUT
daily,KOSPI200,foreign,009150,삼성전기,248148,138742,-109406,378263488097,211962702597,-166300785500,KRX MDCSTAT02401_OUT
daily,KOSPI200,foreign,000660,SK하이닉스,1695306,1352281,-343025,3031863732000,2421350251500,-610513480500,KRX MDCSTAT02401_OUT
daily,KOSPI200,foreign,005930,삼성전자,7933577,4729223,-3204354,2142243540382,1276665569382,-865577971000,KRX MDCSTAT02401_OUT
daily,KOSPI200,institution,042700,한미반도체,60769,169258,108489,15403296750,42987229250,27583932500,KRX MDCSTAT02401_OUT
daily,KOSPI200,institution,012330,현대모비스,70372,132205,61833,25859583500,48906599250,23047015750,KRX MDCSTAT02401_OUT
daily,KOSPI200,institution,062040,산일전기,25996,107088,81092,5497575000,22694896750,17197321750,KRX MDCSTAT02401_OUT
daily,KOSPI200,institution,009830,한화솔루션,451666,947990,496324,15418814750,32285562325,16866747575,KRX MDCSTAT02401_OUT
daily,KOSPI200,institution,014680,한솔케미칼,12399,59972,47573,3255910500,15775454250,12519543750,KRX MDCSTAT02401_OUT
daily,KOSPI200,institution,066570,LG전자,111527,168344,56817,23998666000,36097499500,12098833500,KRX MDCSTAT02401_OUT
daily,KOSPI200,institution,055550,신한지주,290147,387719,97572,31145540850,41676845100,10531304250,KRX MDCSTAT02401_OUT
daily,KOSPI200,institution,018880,한온시스템,808201,3361041,2552840,2849663818,11814587613,8964923795,KRX MDCSTAT02401_OUT
daily,KOSPI200,institution,009540,HD한국조선해양,24042,48760,24718,7818359500,15852664500,8034305000,KRX MDCSTAT02401_OUT
daily,KOSPI200,institution,082740,한화엔진,90161,248154,157993,4446441975,12240215975,7793774000,KRX MDCSTAT02401_OUT
daily,KOSPI200,institution,272210,한화시스템,152247,241363,89116,11418268050,18162974150,6744706100,KRX MDCSTAT02401_OUT
daily,KOSPI200,institution,373220,LG에너지솔루션,77499,92856,15357,27466756750,32986028000,5519271250,KRX MDCSTAT02401_OUT
daily,KOSPI200,institution,047050,포스코인터내셔널,75219,166845,91626,4283677300,9509021850,5225344550,KRX MDCSTAT02401_OUT
daily,KOSPI200,institution,003490,대한항공,613840,750853,137013,19538295700,23910677250,4372381550,KRX MDCSTAT02401_OUT
daily,KOSPI200,institution,010950,S-Oil,52689,77463,24774,8529409550,12552721950,4023312400,KRX MDCSTAT02401_OUT
daily,KOSPI200,institution,016360,삼성증권,75079,115678,40599,6678299950,10302245100,3623945150,KRX MDCSTAT02401_OUT
daily,KOSPI200,institution,011790,SKC,45943,81955,36012,4465074150,8036023550,3570949400,KRX MDCSTAT02401_OUT
daily,KOSPI200,institution,096770,SK이노베이션,137263,159747,22484,20468572250,23850487200,3381914950,KRX MDCSTAT02401_OUT
daily,KOSPI200,institution,093370,후성,475943,691030,215087,7150317060,10408013035,3257695975,KRX MDCSTAT02401_OUT
daily,KOSPI200,institution,066970,엘앤에프,88753,115921,27168,9935289900,12994560250,3059270350,KRX MDCSTAT02401_OUT
daily,KOSPI200,institution,192820,코스맥스,15300,25868,10568,4217530500,7106331750,2888801250,KRX MDCSTAT02401_OUT
daily,KOSPI200,institution,051910,LG화학,39842,50468,10626,9992061000,12683314250,2691253250,KRX MDCSTAT02401_OUT
daily,KOSPI200,institution,000990,DB하이텍,86694,105129,18435,11860085850,14388323550,2528237700,KRX MDCSTAT02401_OUT
daily,KOSPI200,institution,010060,OCI홀딩스,33006,43923,10917,7391047500,9867104250,2476056750,KRX MDCSTAT02401_OUT
daily,KOSPI200,institution,005940,NH투자증권,143664,237271,93607,3763129575,6220866850,2457737275,KRX MDCSTAT02401_OUT
daily,KOSPI200,institution,139130,iM금융지주,90878,215778,124900,1656444835,3936998950,2280554115,KRX MDCSTAT02401_OUT
daily,KOSPI200,institution,003670,포스코퓨처엠,61277,73817,12540,10976616150,13256631600,2280015450,KRX MDCSTAT02401_OUT
daily,KOSPI200,institution,457190,이수스페셜티케미컬,85627,105689,20062,6676217350,8298601100,1622383750,KRX MDCSTAT02401_OUT
daily,KOSPI200,institution,005830,DB손해보험,40392,48439,8047,7505022550,9004432900,1499410350,KRX MDCSTAT02401_OUT
daily,KOSPI200,institution,483650,달바글로벌,7576,15352,7776,1420968350,2882571400,1461603050,KRX MDCSTAT02401_OUT
daily,KOSPI200,institution,0126Z0,삼성에피스홀딩스,4218,8170,3952,1464886500,2855554750,1390668250,KRX MDCSTAT02401_OUT
daily,KOSPI200,institution,138930,BNK금융지주,151799,228326,76527,2401854400,3616351210,1214496810,KRX MDCSTAT02401_OUT
daily,KOSPI200,institution,001040,CJ,19363,26676,7313,2621718400,3612568150,990849750,KRX MDCSTAT02401_OUT
daily,KOSPI200,institution,030000,제일기획,376079,425224,49145,6993534695,7918536155,925001460,KRX MDCSTAT02401_OUT
daily,KOSPI200,institution,008930,한미사이언스,29444,45929,16485,1548089250,2416215450,868126200,KRX MDCSTAT02401_OUT
daily,KOSPI200,institution,112610,씨에스윈드,40849,56897,16048,2092792750,2919485600,826692850,KRX MDCSTAT02401_OUT
daily,KOSPI200,institution,003030,세아제강지주,13675,19905,6230,1624265050,2369968750,745703700,KRX MDCSTAT02401_OUT
daily,KOSPI200,institution,021240,코웨이,21419,28457,7038,2134443000,2836800050,702357050,KRX MDCSTAT02401_OUT
daily,KOSPI200,institution,006400,삼성SDI,67538,68774,1236,34720172500,35417691500,697519000,KRX MDCSTAT02401_OUT
daily,KOSPI200,institution,001430,세아베스틸지주,25942,39866,13924,1171236075,1802186800,630950725,KRX MDCSTAT02401_OUT
daily,KOSPI200,institution,018260,삼성에스디에스,18127,20725,2598,3963865000,4538771500,574906500,KRX MDCSTAT02401_OUT
daily,KOSPI200,institution,017800,현대엘리베이터,11443,19226,7783,838369550,1407867850,569498300,KRX MDCSTAT02401_OUT
daily,KOSPI200,institution,450080,에코프로머티,51320,66845,15525,1801204375,2345449800,544245425,KRX MDCSTAT02401_OUT
daily,KOSPI200,institution,000240,한국앤컴퍼니,9592,28552,18960,239119625,713755350,474635725,KRX MDCSTAT02401_OUT
daily,KOSPI200,institution,090430,아모레퍼시픽,103437,106789,3352,14352589300,14819133750,466544450,KRX MDCSTAT02401_OUT
daily,KOSPI200,institution,004370,농심,5171,6255,1084,2086115250,2523852500,437737250,KRX MDCSTAT02401_OUT
daily,KOSPI200,institution,175330,JB금융지주,207868,221711,13843,6036118125,6445912275,409794150,KRX MDCSTAT02401_OUT
daily,KOSPI200,institution,009240,한샘,5130,14497,9367,200340200,568327050,367986850,KRX MDCSTAT02401_OUT
daily,KOSPI200,institution,081660,미스토홀딩스,18729,28451,9722,704688075,1072096800,367408725,KRX MDCSTAT02401_OUT
daily,KOSPI200,institution,000810,삼성화재,16730,17284,554,10632453500,10992000000,359546500,KRX MDCSTAT02401_OUT
daily,KOSPI200,institution,361610,SK아이이테크놀로지,27396,47864,20468,472114060,825981960,353867900,KRX MDCSTAT02401_OUT
daily,KOSPI200,institution,128940,한미약품,17561,18060,499,8788817250,9113048000,324230750,KRX MDCSTAT02401_OUT
daily,KOSPI200,institution,004990,롯데지주,21511,34095,12584,516468725,819689375,303220650,KRX MDCSTAT02401_OUT
daily,KOSPI200,institution,022100,포스코DX,37980,51685,13705,758779975,1032900230,274120255,KRX MDCSTAT02401_OUT
daily,KOSPI200,institution,009970,영원무역홀딩스,3303,4424,1121,536294100,718934700,182640600,KRX MDCSTAT02401_OUT
daily,KOSPI200,institution,103140,풍산,19197,21482,2285,1499452250,1680922350,181470100,KRX MDCSTAT02401_OUT
daily,KOSPI200,institution,069620,대웅제약,3964,5616,1652,422198600,599219200,177020600,KRX MDCSTAT02401_OUT
daily,KOSPI200,institution,300720,한일시멘트,24444,33067,8623,394598665,535417915,140819250,KRX MDCSTAT02401_OUT
daily,KOSPI200,institution,375500,DL이앤씨,46131,47935,1804,3614029100,3754258300,140229200,KRX MDCSTAT02401_OUT
daily,KOSPI200,institution,001450,현대해상,102665,105042,2377,4966489950,5067124350,100634400,KRX MDCSTAT02401_OUT
daily,KOSPI200,institution,003240,태광산업,552,657,105,501258000,597785500,96527500,KRX MDCSTAT02401_OUT
daily,KOSPI200,institution,326030,SK바이오팜,20422,21521,1099,1528018500,1610857450,82838950,KRX MDCSTAT02401_OUT
daily,KOSPI200,institution,298050,HS효성첨단소재,1830,2205,375,295234100,356241500,61007400,KRX MDCSTAT02401_OUT
daily,KOSPI200,institution,005420,코스모화학,12638,18072,5434,130829840,187453305,56623465,KRX MDCSTAT02401_OUT
daily,KOSPI200,institution,282330,BGF리테일,6770,7037,267,878255250,911869000,33613750,KRX MDCSTAT02401_OUT
daily,KOSPI200,institution,008730,율촌화학,6735,8707,1972,98170050,127342420,29172370,KRX MDCSTAT02401_OUT
daily,KOSPI200,institution,034230,파라다이스,44775,46710,1935,419882990,436806325,16923335,KRX MDCSTAT02401_OUT
daily,KOSPI200,institution,002840,미원상사,1415,1483,68,191605800,201670800,10065000,KRX MDCSTAT02401_OUT
daily,KOSPI200,institution,029780,삼성카드,22639,22809,170,956988500,964445400,7456900,KRX MDCSTAT02401_OUT
daily,KOSPI200,institution,007700,F&F홀딩스,156,305,149,2084310,4078850,1994540,KRX MDCSTAT02401_OUT
daily,KOSPI200,institution,280360,롯데웰푸드,4845,4851,6,591414950,593223950,1809000,KRX MDCSTAT02401_OUT
daily,KOSPI200,institution,002030,아세아,760,756,-4,152013600,151238000,-775600,KRX MDCSTAT02401_OUT
daily,KOSPI200,institution,137310,에스디바이오센서,18304,17881,-423,111407545,109152700,-2254845,KRX MDCSTAT02401_OUT
daily,KOSPI200,institution,268280,미원에스씨,272,183,-89,35383750,23844100,-11539650,KRX MDCSTAT02401_OUT
daily,KOSPI200,institution,007310,오뚜기,599,559,-40,189057750,176591000,-12466750,KRX MDCSTAT02401_OUT
daily,KOSPI200,institution,000670,영풍,7171,6815,-356,299464775,285820400,-13644375,KRX MDCSTAT02401_OUT
daily,KOSPI200,institution,001800,오리온홀딩스,26499,25675,-824,618919275,600586625,-18332650,KRX MDCSTAT02401_OUT
daily,KOSPI200,institution,001680,대상,18576,16539,-2037,333431660,297220655,-36211005,KRX MDCSTAT02401_OUT
daily,KOSPI200,institution,014820,동원시스템즈,8385,5405,-2980,176115525,113914950,-62200575,KRX MDCSTAT02401_OUT
daily,KOSPI200,institution,011170,롯데케미칼,14214,12915,-1299,853401450,777454150,-75947300,KRX MDCSTAT02401_OUT
daily,KOSPI200,institution,002790,아모레퍼시픽홀딩스,20804,17049,-3755,536561600,441177725,-95383875,KRX MDCSTAT02401_OUT
daily,KOSPI200,institution,069260,TKG휴켐스,19653,13622,-6031,312220415,216212620,-96007795,KRX MDCSTAT02401_OUT
daily,KOSPI200,institution,185750,종근당,4866,2844,-2022,312735650,182871600,-129864050,KRX MDCSTAT02401_OUT
daily,KOSPI200,institution,006280,녹십자,4358,3200,-1158,535709250,394527400,-141181850,KRX MDCSTAT02401_OUT
daily,KOSPI200,institution,012450,한화에어로스페이스,25449,25248,-201,25698859500,25553654000,-145205500,KRX MDCSTAT02401_OUT
daily,KOSPI200,institution,003090,대웅,24752,14013,-10739,377608475,213497640,-164110835,KRX MDCSTAT02401_OUT
daily,KOSPI200,institution,302440,SK바이오사이언스,19666,14655,-5011,708837375,528873175,-179964200,KRX MDCSTAT02401_OUT
daily,KOSPI200,institution,004000,롯데정밀화학,14401,9687,-4714,623055500,419199225,-203856275,KRX MDCSTAT02401_OUT
daily,KOSPI200,institution,026960,동서,16482,7927,-8555,420192100,202001975,-218190125,KRX MDCSTAT02401_OUT
daily,KOSPI200,institution,006040,동원산업,8308,2140,-6168,294186725,75816100,-218370625,KRX MDCSTAT02401_OUT
daily,KOSPI200,institution,000210,DL,20493,15972,-4521,1025124550,802739100,-222385450,KRX MDCSTAT02401_OUT
daily,KOSPI200,institution,005300,롯데칠성,3532,1179,-2353,335406250,112005300,-223400950,KRX MDCSTAT02401_OUT
daily,KOSPI200,institution,073240,금호타이어,95634,59949,-35685,650756270,408834490,-241921780,KRX MDCSTAT02401_OUT
daily,KOSPI200,institution,000120,CJ대한통운,7174,3489,-3685,503739050,244912500,-258826550,KRX MDCSTAT02401_OUT
daily,KOSPI200,institution,285130,SK케미칼,9472,4417,-5055,487260250,227332450,-259927800,KRX MDCSTAT02401_OUT
daily,KOSPI200,institution,035250,강원랜드,75696,56475,-19221,1081040590,806326470,-274714120,KRX MDCSTAT02401_OUT
daily,KOSPI200,institution,000080,하이트진로,32335,11647,-20688,478674545,172300590,-306373955,KRX MDCSTAT02401_OUT
daily,KOSPI200,institution,012750,에스원,20247,16483,-3764,1671257400,1361583350,-309674050,KRX MDCSTAT02401_OUT
daily,KOSPI200,institution,207940,삼성바이오로직스,14454,14214,-240,20111930000,19794847500,-317082500,KRX MDCSTAT02401_OUT
daily,KOSPI200,institution,011210,현대위아,13254,6688,-6566,695816850,352823500,-342993350,KRX MDCSTAT02401_OUT
daily,KOSPI200,institution,071320,지역난방공사,7004,2355,-4649,549413850,185598300,-363815550,KRX MDCSTAT02401_OUT
daily,KOSPI200,institution,047040,대우건설,771704,746373,-25331,13711921895,13289146170,-422775725,KRX MDCSTAT02401_OUT
daily,KOSPI200,institution,097950,CJ제일제당,12942,10547,-2395,2312310900,1886628650,-425682250,KRX MDCSTAT02401_OUT
daily,KOSPI200,institution,006650,대한유화,6376,1381,-4995,563327850,122388950,-440938900,KRX MDCSTAT02401_OUT
daily,KOSPI200,institution,192080,더블유게임즈,13363,5188,-8175,777158100,302092400,-475065700,KRX MDCSTAT02401_OUT
daily,KOSPI200,institution,352820,하이브,36480,33256,-3224,5759438350,5270283650,-489154700,KRX MDCSTAT02401_OUT
daily,KOSPI200,institution,001440,대한전선,172470,156547,-15923,5232423475,4713342125,-519081350,KRX MDCSTAT02401_OUT
daily,KOSPI200,institution,024110,기업은행,262963,236709,-26254,5323537475,4798830250,-524707225,KRX MDCSTAT02401_OUT
daily,KOSPI200,institution,069960,현대백화점,11076,5163,-5913,985958750,460702650,-525256100,KRX MDCSTAT02401_OUT
daily,KOSPI200,institution,454910,두산로보틱스,24174,16380,-7794,1661734100,1127752750,-533981350,KRX MDCSTAT02401_OUT
daily,KOSPI200,institution,251270,넷마블,35689,20117,-15572,1236949700,697630850,-539318850,KRX MDCSTAT02401_OUT
daily,KOSPI200,institution,017960,한국카본,39692,12311,-27381,800548815,248470910,-552077905,KRX MDCSTAT02401_OUT
daily,KOSPI200,institution,307950,현대오토에버,5451,3908,-1543,2019433500,1457131500,-562302000,KRX MDCSTAT02401_OUT
daily,KOSPI200,institution,377300,카카오페이,30161,15990,-14171,1206328700,641174000,-565154700,KRX MDCSTAT02401_OUT
daily,KOSPI200,institution,007070,GS리테일,34616,8779,-25837,779545800,198500725,-581045075,KRX MDCSTAT02401_OUT
daily,KOSPI200,institution,071970,HD현대마린엔진,41348,29321,-12027,2026990250,1443308175,-583682075,KRX MDCSTAT02401_OUT
daily,KOSPI200,institution,005850,에스엘,21173,8544,-12629,1044953800,422862250,-622091550,KRX MDCSTAT02401_OUT
daily,KOSPI200,institution,139480,이마트,28555,18402,-10153,2041563100,1316949500,-724613600,KRX MDCSTAT02401_OUT
daily,KOSPI200,institution,000100,유한양행,63163,52328,-10835,4606151750,3821779550,-784372200,KRX MDCSTAT02401_OUT
daily,KOSPI200,institution,036460,한국가스공사,45499,22373,-23126,1586078450,780527575,-805550875,KRX MDCSTAT02401_OUT
daily,KOSPI200,institution,028670,팬오션,440649,297870,-142779,2540049090,1720156425,-819892665,KRX MDCSTAT02401_OUT
daily,KOSPI200,institution,033780,KT&G,45328,40661,-4667,8017961750,7191215450,-826746300,KRX MDCSTAT02401_OUT
daily,KOSPI200,institution,011780,금호석유화학,13241,5816,-7425,1519101650,668469700,-850631950,KRX MDCSTAT02401_OUT
daily,KOSPI200,institution,204320,HL만도,36426,17800,-18626,1669601075,816501075,-853100000,KRX MDCSTAT02401_OUT
daily,KOSPI200,institution,051900,LG생활건강,16638,13379,-3259,4497231000,3623015750,-874215250,KRX MDCSTAT02401_OUT
daily,KOSPI200,institution,120110,코오롱인더,30364,14254,-16110,1674116600,786750600,-887366000,KRX MDCSTAT02401_OUT
daily,KOSPI200,institution,002380,KCC,4395,2305,-2090,2072756500,1088395000,-984361500,KRX MDCSTAT02401_OUT
daily,KOSPI200,institution,111770,영원무역,26158,11517,-14641,1804716950,797888600,-1006828350,KRX MDCSTAT02401_OUT
daily,KOSPI200,institution,000880,한화,20133,11562,-8571,2546510250,1462063250,-1084447000,KRX MDCSTAT02401_OUT
daily,KOSPI200,institution,052690,한전기술,39273,30413,-8860,4832098050,3746313750,-1085784300,KRX MDCSTAT02401_OUT
daily,KOSPI200,institution,180640,한진칼,23920,15209,-8711,3213223550,2044690450,-1168533100,KRX MDCSTAT02401_OUT
daily,KOSPI200,institution,039490,키움증권,15153,10532,-4621,3841894000,2672328250,-1169565750,KRX MDCSTAT02401_OUT
daily,KOSPI200,institution,051600,한전KPS,68450,41598,-26852,3012238525,1836019800,-1176218725,KRX MDCSTAT02401_OUT
daily,KOSPI200,institution,007340,DN오토모티브,42258,17061,-25197,2069905775,835293475,-1234612300,KRX MDCSTAT02401_OUT
daily,KOSPI200,institution,006800,미래에셋증권,180623,139089,-41534,5637765700,4345472750,-1292292950,KRX MDCSTAT02401_OUT
daily,KOSPI200,institution,034220,LG디스플레이,255469,93122,-162347,2129846060,778803430,-1351042630,KRX MDCSTAT02401_OUT
daily,KOSPI200,institution,034020,두산에너빌리티,391988,372471,-19517,31878321100,30313019600,-1565301500,KRX MDCSTAT02401_OUT
daily,KOSPI200,institution,036570,NC,20267,12809,-7458,4250105250,2681460250,-1568645000,KRX MDCSTAT02401_OUT
daily,KOSPI200,institution,023530,롯데쇼핑,30244,13253,-16991,3036806150,1341422000,-1695384150,KRX MDCSTAT02401_OUT
daily,KOSPI200,institution,079550,LIG디펜스앤에어로스페이스,21159,18588,-2571,14415257500,12689091500,-1726166000,KRX MDCSTAT02401_OUT
daily,KOSPI200,institution,241560,두산밥캣,53443,21195,-32248,2916155550,1158761050,-1757394500,KRX MDCSTAT02401_OUT
daily,KOSPI200,institution,003550,LG,49004,33171,-15833,5465481350,3701978800,-1763502550,KRX MDCSTAT02401_OUT
daily,KOSPI200,institution,047810,한국항공우주,53500,38710,-14790,6795402450,4926624000,-1868778450,KRX MDCSTAT02401_OUT
daily,KOSPI200,institution,006260,LS,21338,15087,-6251,6638438500,4715779250,-1922659250,KRX MDCSTAT02401_OUT
daily,KOSPI200,institution,008770,호텔신라,68093,17749,-50344,2694305450,701043275,-1993262175,KRX MDCSTAT02401_OUT
daily,KOSPI200,institution,088350,한화생명,854611,486672,-367939,4658339380,2636153440,-2022185940,KRX MDCSTAT02401_OUT
daily,KOSPI200,institution,032640,LG유플러스,250430,106787,-143643,3647877135,1555890340,-2091986795,KRX MDCSTAT02401_OUT
daily,KOSPI200,institution,035720,카카오,199309,133199,-66110,6704973075,4491068000,-2213905075,KRX MDCSTAT02401_OUT
daily,KOSPI200,institution,138040,메리츠금융지주,67332,49518,-17814,8590830450,6329765500,-2261064950,KRX MDCSTAT02401_OUT
daily,KOSPI200,institution,009420,한올바이오파마,116074,62153,-53921,5098407200,2736651050,-2361756150,KRX MDCSTAT02401_OUT
daily,KOSPI200,institution,271560,오리온,35217,12048,-23169,3777176950,1293047700,-2484129250,KRX MDCSTAT02401_OUT
daily,KOSPI200,institution,298020,효성티앤씨,10287,1175,-9112,2884996250,329493000,-2555503250,KRX MDCSTAT02401_OUT
daily,KOSPI200,institution,402340,SK스퀘어,141791,139446,-2345,161115222500,158552635000,-2562587500,KRX MDCSTAT02401_OUT
daily,KOSPI200,institution,064400,LG씨엔에스,61379,23146,-38233,4239891750,1597535400,-2642356350,KRX MDCSTAT02401_OUT
daily,KOSPI200,institution,267270,HD건설기계,50643,27718,-22925,6309574300,3465353250,-2844221050,KRX MDCSTAT02401_OUT
daily,KOSPI200,institution,011070,LG이노텍,70881,65318,-5563,40202522000,37314675500,-2887846500,KRX MDCSTAT02401_OUT
daily,KOSPI200,institution,267250,HD현대,40315,25776,-14539,8197608750,5253785000,-2943823750,KRX MDCSTAT02401_OUT
daily,KOSPI200,institution,443060,HD현대마린솔루션,25503,12836,-12667,6061505250,3066280500,-2995224750,KRX MDCSTAT02401_OUT
daily,KOSPI200,institution,086280,현대글로비스,39958,24674,-15284,7894915900,4876576600,-3018339300,KRX MDCSTAT02401_OUT
daily,KOSPI200,institution,007660,이수페타시스,128641,102229,-26412,14890834400,11844269450,-3046564950,KRX MDCSTAT02401_OUT
daily,KOSPI200,institution,015760,한국전력,323801,217932,-105869,9768671100,6574484225,-3194186875,KRX MDCSTAT02401_OUT
daily,KOSPI200,institution,005490,POSCO홀딩스,54866,44110,-10756,16788422250,13504117750,-3284304500,KRX MDCSTAT02401_OUT
daily,KOSPI200,institution,034730,SK,39350,33604,-5746,23173667000,19803473500,-3370193500,KRX MDCSTAT02401_OUT
daily,KOSPI200,institution,005380,현대차,113376,103207,-10169,39308294000,35806777750,-3501516250,KRX MDCSTAT02401_OUT
daily,KOSPI200,institution,028260,삼성물산,70358,59929,-10429,24235451500,20706827500,-3528624000,KRX MDCSTAT02401_OUT
daily,KOSPI200,institution,278470,에이피알,40201,30382,-9819,14623748250,11085873000,-3537875250,KRX MDCSTAT02401_OUT
daily,KOSPI200,institution,323410,카카오뱅크,317905,123263,-194642,6326662760,2455918335,-3870744425,KRX MDCSTAT02401_OUT
daily,KOSPI200,institution,028050,삼성E&A,200428,118440,-81988,9603091925,5688299450,-3914792475,KRX MDCSTAT02401_OUT
daily,KOSPI200,institution,000720,현대건설,89274,53128,-36146,10538195450,6282381700,-4255813750,KRX MDCSTAT02401_OUT
daily,KOSPI200,institution,161390,한국타이어앤테크놀로지,115961,40561,-75400,6833928350,2393253650,-4440674700,KRX MDCSTAT02401_OUT
daily,KOSPI200,institution,010140,삼성중공업,774789,531464,-243325,15381403005,10564918740,-4816484265,KRX MDCSTAT02401_OUT
daily,KOSPI200,institution,004170,신세계,18999,4386,-14613,6382881750,1476146000,-4906735750,KRX MDCSTAT02401_OUT
daily,KOSPI200,institution,161890,한국콜마,54567,21317,-33250,8080811100,3154331250,-4926479850,KRX MDCSTAT02401_OUT
daily,KOSPI200,institution,000150,두산,12737,9042,-3695,17572541000,12473878500,-5098662500,KRX MDCSTAT02401_OUT
daily,KOSPI200,institution,004020,현대제철,215423,40350,-175073,6470753100,1213159800,-5257593300,KRX MDCSTAT02401_OUT
daily,KOSPI200,institution,259960,크래프톤,44844,16899,-27945,8813054950,3328340100,-5484714850,KRX MDCSTAT02401_OUT
daily,KOSPI200,institution,010120,LS ELECTRIC,70164,40920,-29244,14450194250,8434710250,-6015484000,KRX MDCSTAT02401_OUT
daily,KOSPI200,institution,030200,KT,176802,57570,-119232,9216926050,3004854650,-6212071400,KRX MDCSTAT02401_OUT
daily,KOSPI200,institution,011200,HMM,379191,78025,-301166,7914679750,1629819975,-6284859775,KRX MDCSTAT02401_OUT
daily,KOSPI200,institution,068270,셀트리온,102485,66985,-35500,18293827700,11957828200,-6335999500,KRX MDCSTAT02401_OUT
daily,KOSPI200,institution,010130,고려아연,8615,2556,-6059,9175920500,2730919500,-6445001000,KRX MDCSTAT02401_OUT
daily,KOSPI200,institution,071050,한국금융지주,83889,47049,-36840,14908738350,8377310600,-6531427750,KRX MDCSTAT02401_OUT
daily,KOSPI200,institution,042660,한화오션,189977,97353,-92624,15053265950,7739468550,-7313797400,KRX MDCSTAT02401_OUT
daily,KOSPI200,institution,078930,GS,128835,58209,-70626,13768295600,6220699250,-7547596350,KRX MDCSTAT02401_OUT
daily,KOSPI200,institution,003230,삼양식품,12257,5870,-6387,14897249500,7140222000,-7757027500,KRX MDCSTAT02401_OUT
daily,KOSPI200,institution,000270,기아,191379,121422,-69957,21823276700,13811475400,-8011801300,KRX MDCSTAT02401_OUT
daily,KOSPI200,institution,316140,우리금융지주,712067,458848,-253219,24783829325,15971765375,-8812063950,KRX MDCSTAT02401_OUT
daily,KOSPI200,institution,267260,HD현대일렉트릭,48594,33962,-14632,32551053000,22925123000,-9625930000,KRX MDCSTAT02401_OUT
daily,KOSPI200,institution,017670,SK텔레콤,209164,91056,-118108,17985921000,7836414150,-10149506850,KRX MDCSTAT02401_OUT
daily,KOSPI200,institution,298040,효성중공업,7465,3322,-4143,20864257500,9290569000,-11573688500,KRX MDCSTAT02401_OUT
daily,KOSPI200,institution,105560,KB금융,332540,263143,-69397,56644353800,44835627400,-11808726400,KRX MDCSTAT02401_OUT
daily,KOSPI200,institution,064350,현대로템,202431,87005,-115426,22930705150,9906718800,-13023986350,KRX MDCSTAT02401_OUT
daily,KOSPI200,institution,032830,삼성생명,88547,37171,-51376,25070373500,10525374000,-14544999500,KRX MDCSTAT02401_OUT
daily,KOSPI200,institution,329180,HD현대중공업,87802,52144,-35658,38186183750,22733459750,-15452724000,KRX MDCSTAT02401_OUT
daily,KOSPI200,institution,035420,NAVER,159173,63418,-95755,30884410350,12340646000,-18543764350,KRX MDCSTAT02401_OUT
daily,KOSPI200,institution,086790,하나금융지주,388579,222984,-165595,50787672950,29190975850,-21596697100,KRX MDCSTAT02401_OUT
daily,KOSPI200,institution,009150,삼성전기,164213,147432,-16781,250976903500,225095191000,-25881712500,KRX MDCSTAT02401_OUT
daily,KOSPI200,institution,000660,SK하이닉스,989023,853535,-135488,1772960158500,1530249583500,-242710575000,KRX MDCSTAT02401_OUT
daily,KOSPI200,institution,005930,삼성전자,7247516,5838334,-1409182,1962629323750,1580420274750,-382209049000,KRX MDCSTAT02401_OUT
daily,KOSDAQ150,foreign,036930,주성엔지니어링,298700,382026,83326,68664140500,87992253500,19328113000,KRX MDCSTAT02401_OUT
daily,KOSDAQ150,foreign,196170,알테오젠,52924,94498,41574,13533531750,24240335500,10706803750,KRX MDCSTAT02401_OUT
daily,KOSDAQ150,foreign,028300,HLB,362584,615304,252720,14903808900,25417146950,10513338050,KRX MDCSTAT02401_OUT
daily,KOSDAQ150,foreign,214450,파마리서치,20896,51505,30609,6496870000,15972750500,9475880500,KRX MDCSTAT02401_OUT
daily,KOSDAQ150,foreign,108490,로보티즈,48938,76367,27429,14036697750,21927716750,7891019000,KRX MDCSTAT02401_OUT
daily,KOSDAQ150,foreign,086520,에코프로,123940,218497,94557,9973999650,17612535850,7638536200,KRX MDCSTAT02401_OUT
daily,KOSDAQ150,foreign,036540,SFA반도체,1164837,1786341,621504,12509696665,19149239055,6639542390,KRX MDCSTAT02401_OUT
daily,KOSDAQ150,foreign,095340,ISC,61013,86502,25489,12894395500,18268096500,5373701000,KRX MDCSTAT02401_OUT
daily,KOSDAQ150,foreign,096530,씨젠,205510,311111,105601,7172049300,10847519175,3675469875,KRX MDCSTAT02401_OUT
daily,KOSDAQ150,foreign,087010,펩트론,27137,49121,21984,3597765350,6503581250,2905815900,KRX MDCSTAT02401_OUT
daily,KOSDAQ150,foreign,403870,HPSP,924238,962096,37858,58722819500,61280435750,2557616250,KRX MDCSTAT02401_OUT
daily,KOSDAQ150,foreign,080220,제주반도체,264448,293696,29248,20795567050,23238960700,2443393650,KRX MDCSTAT02401_OUT
daily,KOSDAQ150,foreign,247540,에코프로비엠,190891,212945,22054,20793170850,23193483800,2400312950,KRX MDCSTAT02401_OUT
daily,KOSDAQ150,foreign,089030,테크윙,156776,201236,44460,8155249650,10455786550,2300536900,KRX MDCSTAT02401_OUT
daily,KOSDAQ150,foreign,263750,펄어비스,126190,194484,68294,4196814950,6473180025,2276365075,KRX MDCSTAT02401_OUT
daily,KOSDAQ150,foreign,098460,고영,220372,294137,73765,6772240750,9041852775,2269612025,KRX MDCSTAT02401_OUT
daily,KOSDAQ150,foreign,083650,비에이치아이,38367,75668,37301,2294822700,4532737750,2237915050,KRX MDCSTAT02401_OUT
daily,KOSDAQ150,foreign,241710,코스메카코리아,94463,113821,19358,11085936900,13278956600,2193019700,KRX MDCSTAT02401_OUT
daily,KOSDAQ150,foreign,161580,필옵틱스,122591,177671,55080,4816540100,6911688125,2095148025,KRX MDCSTAT02401_OUT
daily,KOSDAQ150,foreign,475830,오름테라퓨틱,64166,148240,84074,1437220900,3330323800,1893102900,KRX MDCSTAT02401_OUT
daily,KOSDAQ150,foreign,417200,LS머트리얼즈,921829,1046519,124690,13182110195,14937399405,1755289210,KRX MDCSTAT02401_OUT
daily,KOSDAQ150,foreign,347850,디앤디파마텍,70330,110636,40306,2971543125,4669179350,1697636225,KRX MDCSTAT02401_OUT
daily,KOSDAQ150,foreign,078600,대주전자재료,47655,63953,16298,4425944350,5949500850,1523556500,KRX MDCSTAT02401_OUT
daily,KOSDAQ150,foreign,043260,성호전자,1039395,1088716,49321,26999454750,28319251925,1319797175,KRX MDCSTAT02401_OUT
daily,KOSDAQ150,foreign,058610,에스피지,14025,27047,13022,1364611800,2637577200,1272965400,KRX MDCSTAT02401_OUT
daily,KOSDAQ150,foreign,437730,삼현,38675,64685,26010,1895921000,3166614250,1270693250,KRX MDCSTAT02401_OUT
daily,KOSDAQ150,foreign,310210,보로노이,28468,36082,7614,3791380700,4809621450,1018240750,KRX MDCSTAT02401_OUT
daily,KOSDAQ150,foreign,025980,아난티,270335,459506,189171,1299736979,2205570123,905833144,KRX MDCSTAT02401_OUT
daily,KOSDAQ150,foreign,0009K0,에임드바이오,22917,63251,40334,507967150,1399188025,891220875,KRX MDCSTAT02401_OUT
daily,KOSDAQ150,foreign,125490,한라캐스트,72168,138207,66039,844954910,1616993400,772038490,KRX MDCSTAT02401_OUT
daily,KOSDAQ150,foreign,420770,기가비스,11612,16571,4959,1486865800,2107633450,620767650,KRX MDCSTAT02401_OUT
daily,KOSDAQ150,foreign,232140,와이씨,864463,901270,36807,12864405105,13482614310,618209205,KRX MDCSTAT02401_OUT
daily,KOSDAQ150,foreign,399720,가온칩스,15192,27141,11949,697068600,1249323375,552254775,KRX MDCSTAT02401_OUT
daily,KOSDAQ150,foreign,064760,티씨케이,21164,22795,1631,6387870500,6875617000,487746500,KRX MDCSTAT02401_OUT
daily,KOSDAQ150,foreign,000250,삼천당제약,25304,28150,2846,4358386450,4836300300,477913850,KRX MDCSTAT02401_OUT
daily,KOSDAQ150,foreign,124500,아이티센글로벌,24105,38685,14580,688922175,1106244350,417322175,KRX MDCSTAT02401_OUT
daily,KOSDAQ150,foreign,033500,동성화인텍,20530,44818,24288,325352060,712370095,387018035,KRX MDCSTAT02401_OUT
daily,KOSDAQ150,foreign,048410,현대바이오,240466,291655,51189,1666545025,2030988435,364443410,KRX MDCSTAT02401_OUT
daily,KOSDAQ150,foreign,348370,엔켐,28999,46095,17096,597305975,949192775,351886800,KRX MDCSTAT02401_OUT
daily,KOSDAQ150,foreign,033100,제룡전기,16024,23100,7076,765489925,1105801500,340311575,KRX MDCSTAT02401_OUT
daily,KOSDAQ150,foreign,009520,포스코엠텍,18751,44955,26204,235650365,565533370,329883005,KRX MDCSTAT02401_OUT
daily,KOSDAQ150,foreign,082270,젬백스,15183,45821,30638,155805080,470639490,314834410,KRX MDCSTAT02401_OUT
daily,KOSDAQ150,foreign,388720,유일로보틱스,5460,10050,4590,366402850,674148450,307745600,KRX MDCSTAT02401_OUT
daily,KOSDAQ150,foreign,056080,유진로봇,62034,87717,25683,724134430,1025011725,300877295,KRX MDCSTAT02401_OUT
daily,KOSDAQ150,foreign,025320,시노펙스,119346,196907,77561,455804220,754736190,298931970,KRX MDCSTAT02401_OUT
daily,KOSDAQ150,foreign,068760,셀트리온제약,17508,24786,7278,668000425,947207550,279207125,KRX MDCSTAT02401_OUT
daily,KOSDAQ150,foreign,171090,선익시스템,8380,12085,3705,586551550,849385100,262833550,KRX MDCSTAT02401_OUT
daily,KOSDAQ150,foreign,056190,SFA,33135,42148,9013,946740450,1203021075,256280625,KRX MDCSTAT02401_OUT
daily,KOSDAQ150,foreign,036830,솔브레인홀딩스,19324,25032,5708,826213700,1072212900,245999200,KRX MDCSTAT02401_OUT
daily,KOSDAQ150,foreign,215200,메가스터디교육,20979,27383,6404,770335650,1005174750,234839100,KRX MDCSTAT02401_OUT
daily,KOSDAQ150,foreign,038500,삼표시멘트,43267,78326,35059,282537260,512030025,229492765,KRX MDCSTAT02401_OUT
daily,KOSDAQ150,foreign,466100,클로봇,20593,30705,10112,459575775,686669150,227093375,KRX MDCSTAT02401_OUT
daily,KOSDAQ150,foreign,060370,LS마린솔루션,35214,41845,6631,1130830675,1353420275,222589600,KRX MDCSTAT02401_OUT
daily,KOSDAQ150,foreign,137400,피엔티,48239,55339,7100,1431974225,1645152150,213177925,KRX MDCSTAT02401_OUT
daily,KOSDAQ150,foreign,039200,오스코텍,30744,36376,5632,1100575400,1301785750,201210350,KRX MDCSTAT02401_OUT
daily,KOSDAQ150,foreign,050890,쏠리드,203570,222146,18576,1950186870,2132771805,182584935,KRX MDCSTAT02401_OUT
daily,KOSDAQ150,foreign,090710,휴림로봇,143697,169123,25426,873277120,1028601735,155324615,KRX MDCSTAT02401_OUT
daily,KOSDAQ150,foreign,060250,NHN KCP,32556,44134,11578,435465675,590682150,155216475,KRX MDCSTAT02401_OUT
daily,KOSDAQ150,foreign,278280,천보,6855,10982,4127,244165250,391832250,147667000,KRX MDCSTAT02401_OUT
daily,KOSDAQ150,foreign,042000,카페24,69836,78108,8272,1295750710,1442550490,146799780,KRX MDCSTAT02401_OUT
daily,KOSDAQ150,foreign,032500,케이엠더블유,27824,35482,7658,526477780,671921760,145443980,KRX MDCSTAT02401_OUT
daily,KOSDAQ150,foreign,031980,피에스케이홀딩스,40152,40913,761,7233702700,7361411150,127708450,KRX MDCSTAT02401_OUT
daily,KOSDAQ150,foreign,053800,안랩,33162,35109,1947,2549234100,2675945600,126711500,KRX MDCSTAT02401_OUT
daily,KOSDAQ150,foreign,358570,지아이이노베이션,78204,93868,15664,623048020,748632090,125584070,KRX MDCSTAT02401_OUT
daily,KOSDAQ150,foreign,025900,동화기업,7670,23250,15580,54111785,164386160,110274375,KRX MDCSTAT02401_OUT
daily,KOSDAQ150,foreign,237690,에스티팜,15470,16358,888,1429859250,1511466450,81607200,KRX MDCSTAT02401_OUT
daily,KOSDAQ150,foreign,065350,신성델타테크,20598,22503,1905,633911150,696498750,62587600,KRX MDCSTAT02401_OUT
daily,KOSDAQ150,foreign,293490,카카오게임즈,114310,119277,4967,1066171640,1116150890,49979250,KRX MDCSTAT02401_OUT
daily,KOSDAQ150,foreign,101730,위메이드맥스,21144,31384,10240,94099610,139784060,45684450,KRX MDCSTAT02401_OUT
daily,KOSDAQ150,foreign,041190,우리기술투자,154433,162551,8118,888569460,932826950,44257490,KRX MDCSTAT02401_OUT
daily,KOSDAQ150,foreign,272290,이녹스첨단소재,20836,22760,1924,447067575,488734900,41667325,KRX MDCSTAT02401_OUT
daily,KOSDAQ150,foreign,348210,넥스틴,21518,22615,1097,779862450,817681150,37818700,KRX MDCSTAT02401_OUT
daily,KOSDAQ150,foreign,089970,브이엠,216956,216567,-389,13927667000,13965034150,37367150,KRX MDCSTAT02401_OUT
daily,KOSDAQ150,foreign,007390,네이처셀,40097,41160,1063,971659950,1002190800,30530850,KRX MDCSTAT02401_OUT
daily,KOSDAQ150,foreign,032190,다우데이타,10566,11571,1005,201389720,220406915,19017195,KRX MDCSTAT02401_OUT
daily,KOSDAQ150,foreign,277810,레인보우로보틱스,13807,13791,-16,5812690000,5824127250,11437250,KRX MDCSTAT02401_OUT
daily,KOSDAQ150,foreign,204270,제이앤티씨,215574,216979,1405,4823489125,4832187550,8698425,KRX MDCSTAT02401_OUT
daily,KOSDAQ150,foreign,060280,큐렉소,36108,36048,-60,294858010,294636225,-221785,KRX MDCSTAT02401_OUT
daily,KOSDAQ150,foreign,352480,씨앤씨인터내셔널,4659,4161,-498,97222550,86947800,-10274750,KRX MDCSTAT02401_OUT
daily,KOSDAQ150,foreign,015750,성우하이텍,52610,47441,-5169,303897740,275207960,-28689780,KRX MDCSTAT02401_OUT
daily,KOSDAQ150,foreign,036620,감성코퍼레이션,76349,66084,-10265,286462165,247104050,-39358115,KRX MDCSTAT02401_OUT
daily,KOSDAQ150,foreign,032820,우리기술,444457,441037,-3420,5488644685,5449178900,-39465785,KRX MDCSTAT02401_OUT
daily,KOSDAQ150,foreign,082920,비츠로셀,60264,58644,-1620,1713644675,1672963575,-40681100,KRX MDCSTAT02401_OUT
daily,KOSDAQ150,foreign,298380,에이비엘바이오,122148,121223,-925,5986058400,5942858725,-43199675,KRX MDCSTAT02401_OUT
daily,KOSDAQ150,foreign,214430,아이쓰리시스템,5791,4907,-884,395735500,334122600,-61612900,KRX MDCSTAT02401_OUT
daily,KOSDAQ150,foreign,445680,큐리옥스바이오시스템즈,49886,48458,-1428,2846271100,2773138650,-73132450,KRX MDCSTAT02401_OUT
daily,KOSDAQ150,foreign,052400,코나아이,12481,10520,-1961,473508925,399413675,-74095250,KRX MDCSTAT02401_OUT
daily,KOSDAQ150,foreign,376300,디어유,60480,53979,-6501,1107165800,993445155,-113720645,KRX MDCSTAT02401_OUT
daily,KOSDAQ150,foreign,018290,브이티,89881,79556,-10325,1103949605,980515765,-123433840,KRX MDCSTAT02401_OUT
daily,KOSDAQ150,foreign,006730,서부T&D,77265,63967,-13298,824915860,683479780,-141436080,KRX MDCSTAT02401_OUT
daily,KOSDAQ150,foreign,085660,차바이오텍,72548,55135,-17413,593885970,451181350,-142704620,KRX MDCSTAT02401_OUT
daily,KOSDAQ150,foreign,194480,데브시스터즈,16999,6540,-10459,237999150,91682740,-146316410,KRX MDCSTAT02401_OUT
daily,KOSDAQ150,foreign,141080,리가켐바이오,51806,49914,-1892,4152294700,4003549100,-148745600,KRX MDCSTAT02401_OUT
daily,KOSDAQ150,foreign,253590,네오셈,148530,137337,-11193,1997796085,1844812665,-152983420,KRX MDCSTAT02401_OUT
daily,KOSDAQ150,foreign,067160,SOOP,19261,14836,-4425,701574925,540374975,-161199950,KRX MDCSTAT02401_OUT
daily,KOSDAQ150,foreign,189300,인텔리안테크,10679,8193,-2486,713172100,547219300,-165952800,KRX MDCSTAT02401_OUT
daily,KOSDAQ150,foreign,253450,스튜디오드래곤,23036,14148,-8888,468094150,287750100,-180344050,KRX MDCSTAT02401_OUT
daily,KOSDAQ150,foreign,211050,인카금융서비스,27686,6874,-20812,262586650,65106050,-197480600,KRX MDCSTAT02401_OUT
daily,KOSDAQ150,foreign,030520,한컴,33206,19428,-13778,572688050,335285610,-237402440,KRX MDCSTAT02401_OUT
daily,KOSDAQ150,foreign,213420,덕산네오룩스,48027,39326,-8701,1423124000,1163718825,-259405175,KRX MDCSTAT02401_OUT
daily,KOSDAQ150,foreign,166090,하나머티리얼즈,30099,25009,-5090,1807740550,1502130300,-305610250,KRX MDCSTAT02401_OUT
daily,KOSDAQ150,foreign,225570,넥슨게임즈,77395,46010,-31385,806682600,479523270,-327159330,KRX MDCSTAT02401_OUT
daily,KOSDAQ150,foreign,131290,티에스이,23374,22191,-1183,6746042250,6377362500,-368679750,KRX MDCSTAT02401_OUT
daily,KOSDAQ150,foreign,095660,네오위즈,27661,6847,-20814,493126390,121981630,-371144760,KRX MDCSTAT02401_OUT
daily,KOSDAQ150,foreign,121600,나노신소재,20426,13756,-6670,1142158650,768417200,-373741450,KRX MDCSTAT02401_OUT
daily,KOSDAQ150,foreign,069080,웹젠,50192,15694,-34498,584182190,182472660,-401709530,KRX MDCSTAT02401_OUT
daily,KOSDAQ150,foreign,090360,로보스타,16439,11102,-5337,1244967650,842520500,-402447150,KRX MDCSTAT02401_OUT
daily,KOSDAQ150,foreign,214150,클래시스,32969,18150,-14819,1003343750,552951275,-450392475,KRX MDCSTAT02401_OUT
daily,KOSDAQ150,foreign,035760,CJ ENM,35411,22414,-12997,1357855700,855636725,-502218975,KRX MDCSTAT02401_OUT
daily,KOSDAQ150,foreign,214370,케어젠,39677,27452,-12225,1642419925,1137622700,-504797225,KRX MDCSTAT02401_OUT
daily,KOSDAQ150,foreign,295310,에이치브이엠,30708,21985,-8723,1817446200,1304145400,-513300800,KRX MDCSTAT02401_OUT
daily,KOSDAQ150,foreign,003380,하림지주,95138,47262,-47876,1026608160,510133770,-516474390,KRX MDCSTAT02401_OUT
daily,KOSDAQ150,foreign,035900,JYP Ent.,64624,50185,-14439,2442457675,1899903200,-542554475,KRX MDCSTAT02401_OUT
daily,KOSDAQ150,foreign,100790,미래에셋벤처투자,107658,74026,-33632,1847441895,1281621090,-565820805,KRX MDCSTAT02401_OUT
daily,KOSDAQ150,foreign,140860,파크시스템스,17952,15738,-2214,5017707250,4412974500,-604732750,KRX MDCSTAT02401_OUT
daily,KOSDAQ150,foreign,195940,HK이노엔,30045,13096,-16949,1185421200,517586975,-667834225,KRX MDCSTAT02401_OUT
daily,KOSDAQ150,foreign,226950,올릭스,39322,31616,-7706,4077755750,3287084900,-790670850,KRX MDCSTAT02401_OUT
daily,KOSDAQ150,foreign,036810,에프에스티,45851,17096,-28755,1443031600,540264300,-902767300,KRX MDCSTAT02401_OUT
daily,KOSDAQ150,foreign,112040,위메이드,86648,26388,-60260,1298211640,395408910,-902802730,KRX MDCSTAT02401_OUT
daily,KOSDAQ150,foreign,078340,컴투스,62859,35274,-27585,2335286700,1312996900,-1022289800,KRX MDCSTAT02401_OUT
daily,KOSDAQ150,foreign,251970,펌텍코리아,25364,7548,-17816,1587410850,467813700,-1119597150,KRX MDCSTAT02401_OUT
daily,KOSDAQ150,foreign,122870,와이지엔터테인먼트,40772,13865,-26907,1761020950,599137300,-1161883650,KRX MDCSTAT02401_OUT
daily,KOSDAQ150,foreign,281740,레이크머티리얼즈,391185,283751,-107434,4520363160,3283155235,-1237207925,KRX MDCSTAT02401_OUT
daily,KOSDAQ150,foreign,030530,원익홀딩스,169090,116835,-52255,4487494775,3090248525,-1397246250,KRX MDCSTAT02401_OUT
daily,KOSDAQ150,foreign,014620,성광벤드,94679,49451,-45228,2971839050,1549773525,-1422065525,KRX MDCSTAT02401_OUT
daily,KOSDAQ150,foreign,101490,에스앤에스텍,75319,42870,-32449,3423361175,1942586225,-1480774950,KRX MDCSTAT02401_OUT
daily,KOSDAQ150,foreign,323280,태성,218862,192702,-26160,12394143050,10872723700,-1521419350,KRX MDCSTAT02401_OUT
daily,KOSDAQ150,foreign,074600,원익QnC,105010,54352,-50658,3220427600,1669038100,-1551389500,KRX MDCSTAT02401_OUT
daily,KOSDAQ150,foreign,145020,휴젤,30349,21703,-8646,5480418850,3917118900,-1563299950,KRX MDCSTAT02401_OUT
daily,KOSDAQ150,foreign,099320,쎄트렉아이,39335,17017,-22318,3009339050,1320161700,-1689177350,KRX MDCSTAT02401_OUT
daily,KOSDAQ150,foreign,183300,코미코,165802,115300,-50502,5572869000,3875882525,-1696986475,KRX MDCSTAT02401_OUT
daily,KOSDAQ150,foreign,290650,엘앤씨바이오,148516,113847,-34669,7599768850,5719787500,-1879981350,KRX MDCSTAT02401_OUT
daily,KOSDAQ150,foreign,005290,동진쎄미켐,230350,187338,-43012,11083206400,9071734325,-2011472075,KRX MDCSTAT02401_OUT
daily,KOSDAQ150,foreign,041510,에스엠,40248,15619,-24629,3318508700,1289657800,-2028850900,KRX MDCSTAT02401_OUT
daily,KOSDAQ150,foreign,328130,루닛,455531,228873,-226658,5015312865,2513292950,-2502019915,KRX MDCSTAT02401_OUT
daily,KOSDAQ150,foreign,218410,RFHIC,86108,43096,-43012,5082360850,2538752600,-2543608250,KRX MDCSTAT02401_OUT
daily,KOSDAQ150,foreign,240810,원익IPS,362985,333442,-29543,48006677350,44174182150,-3832495200,KRX MDCSTAT02401_OUT
daily,KOSDAQ150,foreign,319400,현대무벡스,294739,88350,-206389,6064147125,1806766050,-4257381075,KRX MDCSTAT02401_OUT
daily,KOSDAQ150,foreign,222800,심텍,123651,91386,-32265,18544312150,13723590100,-4820722050,KRX MDCSTAT02401_OUT
daily,KOSDAQ150,foreign,131970,두산테스나,88629,36409,-52220,8613447350,3529228600,-5084218750,KRX MDCSTAT02401_OUT
daily,KOSDAQ150,foreign,257720,실리콘투,244295,72297,-171998,9433863300,2810500800,-6623362500,KRX MDCSTAT02401_OUT
daily,KOSDAQ150,foreign,039030,이오테크닉스,37425,24320,-13105,19391375000,12609755000,-6781620000,KRX MDCSTAT02401_OUT
daily,KOSDAQ150,foreign,067310,하나마이크론,451652,290703,-160949,21228078900,13682477225,-7545601675,KRX MDCSTAT02401_OUT
daily,KOSDAQ150,foreign,178320,서진시스템,917658,715586,-202072,35718218275,27976499850,-7741718425,KRX MDCSTAT02401_OUT
daily,KOSDAQ150,foreign,058470,리노공업,293624,136302,-157322,21668363650,10055303200,-11613060450,KRX MDCSTAT02401_OUT
daily,KOSDAQ150,foreign,095610,테스,141966,67966,-74000,23792843950,11376759250,-12416084700,KRX MDCSTAT02401_OUT
daily,KOSDAQ150,foreign,084370,유진테크,133019,53554,-79465,22382973950,8998312500,-13384661450,KRX MDCSTAT02401_OUT
daily,KOSDAQ150,institution,036930,주성엔지니어링,94620,173109,78489,21717559500,39830925000,18113365500,KRX MDCSTAT02401_OUT
daily,KOSDAQ150,institution,403870,HPSP,209561,415999,206438,13323991050,26416599200,13092608150,KRX MDCSTAT02401_OUT
daily,KOSDAQ150,institution,084370,유진테크,17081,82319,65238,2873722000,13866683300,10992961300,KRX MDCSTAT02401_OUT
daily,KOSDAQ150,institution,039030,이오테크닉스,31087,45562,14475,16109785000,23610633000,7500848000,KRX MDCSTAT02401_OUT
daily,KOSDAQ150,institution,086520,에코프로,113298,178603,65305,9096171750,14386423650,5290251900,KRX MDCSTAT02401_OUT
daily,KOSDAQ150,institution,058470,리노공업,87764,147525,59761,6479345650,10890864150,4411518500,KRX MDCSTAT02401_OUT
daily,KOSDAQ150,institution,178320,서진시스템,87595,199989,112394,3401047500,7794423225,4393375725,KRX MDCSTAT02401_OUT
daily,KOSDAQ150,institution,196170,알테오젠,50822,67052,16230,13005724500,17219266750,4213542250,KRX MDCSTAT02401_OUT
daily,KOSDAQ150,institution,028300,HLB,114882,210380,95498,4720737225,8641579525,3920842300,KRX MDCSTAT02401_OUT
daily,KOSDAQ150,institution,290650,엘앤씨바이오,23609,99064,75455,1210794550,5069932600,3859138050,KRX MDCSTAT02401_OUT
daily,KOSDAQ150,institution,240810,원익IPS,141863,167585,25722,18781191500,22203835900,3422644400,KRX MDCSTAT02401_OUT
daily,KOSDAQ150,institution,074600,원익QnC,57932,166769,108837,1777533050,5121744050,3344211000,KRX MDCSTAT02401_OUT
daily,KOSDAQ150,institution,005290,동진쎄미켐,95287,152410,57123,4585476400,7345138575,2759662175,KRX MDCSTAT02401_OUT
daily,KOSDAQ150,institution,043260,성호전자,590128,693437,103309,15336172925,18046262550,2710089625,KRX MDCSTAT02401_OUT
daily,KOSDAQ150,institution,131970,두산테스나,16329,41519,25190,1587360700,4033672500,2446311800,KRX MDCSTAT02401_OUT
daily,KOSDAQ150,institution,277810,레인보우로보틱스,7546,13126,5580,3185641750,5556442000,2370800250,KRX MDCSTAT02401_OUT
daily,KOSDAQ150,institution,257720,실리콘투,85922,137948,52026,3310099100,5330732275,2020633175,KRX MDCSTAT02401_OUT
daily,KOSDAQ150,institution,226950,올릭스,28839,47221,18382,2983295750,4902452700,1919156950,KRX MDCSTAT02401_OUT
daily,KOSDAQ150,institution,067310,하나마이크론,77139,116049,38910,3636156950,5477109925,1840952975,KRX MDCSTAT02401_OUT
daily,KOSDAQ150,institution,323280,태성,21542,50228,28686,1213463700,2860660850,1647197150,KRX MDCSTAT02401_OUT
daily,KOSDAQ150,institution,080220,제주반도체,40653,57851,17198,3166416150,4506212650,1339796500,KRX MDCSTAT02401_OUT
daily,KOSDAQ150,institution,251970,펌텍코리아,11618,31549,19931,720173200,1973934000,1253760800,KRX MDCSTAT02401_OUT
daily,KOSDAQ150,institution,095610,테스,70914,77291,6377,11844780100,12939967700,1095187600,KRX MDCSTAT02401_OUT
daily,KOSDAQ150,institution,417200,LS머트리얼즈,275249,342552,67303,3919147960,4895744065,976596105,KRX MDCSTAT02401_OUT
daily,KOSDAQ150,institution,140860,파크시스템스,3085,6472,3387,861840000,1805391500,943551500,KRX MDCSTAT02401_OUT
daily,KOSDAQ150,institution,122870,와이지엔터테인먼트,23825,38822,14997,1030585200,1675287250,644702050,KRX MDCSTAT02401_OUT
daily,KOSDAQ150,institution,000250,삼천당제약,23703,27403,3700,4074613350,4716267050,641653700,KRX MDCSTAT02401_OUT
daily,KOSDAQ150,institution,053800,안랩,15631,23377,7746,1180704300,1779123400,598419100,KRX MDCSTAT02401_OUT
daily,KOSDAQ150,institution,295310,에이치브이엠,12116,22052,9936,719130000,1312826400,593696400,KRX MDCSTAT02401_OUT
daily,KOSDAQ150,institution,042000,카페24,9441,37364,27923,174799270,694708290,519909020,KRX MDCSTAT02401_OUT
daily,KOSDAQ150,institution,204270,제이앤티씨,7107,28919,21812,158428050,652465850,494037800,KRX MDCSTAT02401_OUT
daily,KOSDAQ150,institution,096530,씨젠,69062,79601,10539,2408710625,2790704275,381993650,KRX MDCSTAT02401_OUT
daily,KOSDAQ150,institution,078340,컴투스,28495,36604,8109,1064723650,1365723125,300999475,KRX MDCSTAT02401_OUT
daily,KOSDAQ150,institution,036830,솔브레인홀딩스,12536,19337,6801,533364850,824151100,290786250,KRX MDCSTAT02401_OUT
daily,KOSDAQ150,institution,183300,코미코,54205,62563,8358,1814535100,2097867525,283332425,KRX MDCSTAT02401_OUT
daily,KOSDAQ150,institution,247540,에코프로비엠,71780,74025,2245,7784373900,8049857950,265484050,KRX MDCSTAT02401_OUT
daily,KOSDAQ150,institution,161580,필옵틱스,8383,14250,5867,327012525,558772725,231760200,KRX MDCSTAT02401_OUT
daily,KOSDAQ150,institution,064760,티씨케이,20427,21022,595,6155147000,6339997750,184850750,KRX MDCSTAT02401_OUT
daily,KOSDAQ150,institution,376300,디어유,5971,15306,9335,109262490,280774020,171511530,KRX MDCSTAT02401_OUT
daily,KOSDAQ150,institution,121600,나노신소재,15732,18533,2801,877130700,1035931250,158800550,KRX MDCSTAT02401_OUT
daily,KOSDAQ150,institution,195940,HK이노엔,15532,18554,3022,612113350,734844675,122731325,KRX MDCSTAT02401_OUT
daily,KOSDAQ150,institution,087010,펩트론,28253,29034,781,3750257400,3870857900,120600500,KRX MDCSTAT02401_OUT
daily,KOSDAQ150,institution,036620,감성코퍼레이션,31910,58394,26484,118911380,219488430,100577050,KRX MDCSTAT02401_OUT
daily,KOSDAQ150,institution,445680,큐리옥스바이오시스템즈,5516,7113,1597,313850800,411742100,97891300,KRX MDCSTAT02401_OUT
daily,KOSDAQ150,institution,039200,오스코텍,21092,22914,1822,753903050,820211400,66308350,KRX MDCSTAT02401_OUT
daily,KOSDAQ150,institution,003380,하림지주,47048,52152,5104,507370320,563589410,56219090,KRX MDCSTAT02401_OUT
daily,KOSDAQ150,institution,215200,메가스터디교육,8392,9911,1519,307832100,363812300,55980200,KRX MDCSTAT02401_OUT
daily,KOSDAQ150,institution,348370,엔켐,9984,11985,2001,204885200,246857000,41971800,KRX MDCSTAT02401_OUT
daily,KOSDAQ150,institution,141080,리가켐바이오,26395,26623,228,2112555200,2139260900,26705700,KRX MDCSTAT02401_OUT
daily,KOSDAQ150,institution,035760,CJ ENM,12761,13497,736,488382950,513369725,24986775,KRX MDCSTAT02401_OUT
daily,KOSDAQ150,institution,095660,네오위즈,7670,8910,1240,136937110,159132900,22195790,KRX MDCSTAT02401_OUT
daily,KOSDAQ150,institution,194480,데브시스터즈,5908,5134,-774,82882710,71987400,-10895310,KRX MDCSTAT02401_OUT
daily,KOSDAQ150,institution,018290,브이티,25656,23951,-1705,314780880,297528580,-17252300,KRX MDCSTAT02401_OUT
daily,KOSDAQ150,institution,125490,한라캐스트,8345,6710,-1635,97520620,78314825,-19205795,KRX MDCSTAT02401_OUT
daily,KOSDAQ150,institution,025900,동화기업,7529,4032,-3497,53110940,28553030,-24557910,KRX MDCSTAT02401_OUT
daily,KOSDAQ150,institution,101730,위메이드맥스,7902,1914,-5988,35170045,8509800,-26660245,KRX MDCSTAT02401_OUT
daily,KOSDAQ150,institution,032190,다우데이타,9638,7946,-1692,183510365,151652290,-31858075,KRX MDCSTAT02401_OUT
daily,KOSDAQ150,institution,033500,동성화인텍,7101,4369,-2732,112511070,69315030,-43196040,KRX MDCSTAT02401_OUT
daily,KOSDAQ150,institution,352480,씨앤씨인터내셔널,2564,400,-2164,53689850,8424950,-45264900,KRX MDCSTAT02401_OUT
daily,KOSDAQ150,institution,082270,젬백스,13244,8633,-4611,135554310,88861690,-46692620,KRX MDCSTAT02401_OUT
daily,KOSDAQ150,institution,348210,넥스틴,15270,13870,-1400,552903275,503961625,-48941650,KRX MDCSTAT02401_OUT
daily,KOSDAQ150,institution,038500,삼표시멘트,26493,18624,-7869,172894620,121561380,-51333240,KRX MDCSTAT02401_OUT
daily,KOSDAQ150,institution,009520,포스코엠텍,24580,20211,-4369,307780660,253822110,-53958550,KRX MDCSTAT02401_OUT
daily,KOSDAQ150,institution,272290,이녹스첨단소재,9551,6922,-2629,205518200,149125600,-56392600,KRX MDCSTAT02401_OUT
daily,KOSDAQ150,institution,171090,선익시스템,4021,3102,-919,281613000,217482750,-64130250,KRX MDCSTAT02401_OUT
daily,KOSDAQ150,institution,015750,성우하이텍,20174,8811,-11363,116769890,51021620,-65748270,KRX MDCSTAT02401_OUT
daily,KOSDAQ150,institution,0009K0,에임드바이오,18225,14888,-3337,400969350,330933625,-70035725,KRX MDCSTAT02401_OUT
daily,KOSDAQ150,institution,041190,우리기술투자,20468,7599,-12869,117310995,43559630,-73751365,KRX MDCSTAT02401_OUT
daily,KOSDAQ150,institution,067160,SOOP,4679,2308,-2371,170491750,84225550,-86266200,KRX MDCSTAT02401_OUT
daily,KOSDAQ150,institution,025320,시노펙스,30683,8062,-22621,117318440,30799465,-86518975,KRX MDCSTAT02401_OUT
daily,KOSDAQ150,institution,060280,큐렉소,13918,2617,-11301,113472070,21376560,-92095510,KRX MDCSTAT02401_OUT
daily,KOSDAQ150,institution,025980,아난티,26323,6484,-19839,126229530,31200663,-95028867,KRX MDCSTAT02401_OUT
daily,KOSDAQ150,institution,399720,가온칩스,2685,581,-2104,123304550,26582400,-96722150,KRX MDCSTAT02401_OUT
daily,KOSDAQ150,institution,100790,미래에셋벤처투자,7565,1767,-5798,129481905,30156475,-99325430,KRX MDCSTAT02401_OUT
daily,KOSDAQ150,institution,032500,케이엠더블유,13180,7842,-5338,249555810,148319550,-101236260,KRX MDCSTAT02401_OUT
daily,KOSDAQ150,institution,214370,케어젠,8644,5933,-2711,357191350,246560900,-110630450,KRX MDCSTAT02401_OUT
daily,KOSDAQ150,institution,090360,로보스타,2494,971,-1523,188694400,73643000,-115051400,KRX MDCSTAT02401_OUT
daily,KOSDAQ150,institution,214430,아이쓰리시스템,2542,843,-1699,173253400,57770100,-115483300,KRX MDCSTAT02401_OUT
daily,KOSDAQ150,institution,033100,제룡전기,5976,3525,-2451,285299900,168696150,-116603750,KRX MDCSTAT02401_OUT
daily,KOSDAQ150,institution,101490,에스앤에스텍,11242,8636,-2606,509733225,391972925,-117760300,KRX MDCSTAT02401_OUT
daily,KOSDAQ150,institution,137400,피엔티,16411,12295,-4116,486522200,365078775,-121443425,KRX MDCSTAT02401_OUT
daily,KOSDAQ150,institution,069080,웹젠,25832,15353,-10479,300572960,178566310,-122006650,KRX MDCSTAT02401_OUT
daily,KOSDAQ150,institution,278280,천보,4661,1204,-3457,165724400,42950150,-122774250,KRX MDCSTAT02401_OUT
daily,KOSDAQ150,institution,036810,에프에스티,6019,2066,-3953,189454250,64829050,-124625200,KRX MDCSTAT02401_OUT
daily,KOSDAQ150,institution,388720,유일로보틱스,2888,951,-1937,193489500,63848600,-129640900,KRX MDCSTAT02401_OUT
daily,KOSDAQ150,institution,437730,삼현,11904,9188,-2716,581975025,449753300,-132221725,KRX MDCSTAT02401_OUT
daily,KOSDAQ150,institution,050890,쏠리드,20960,6437,-14523,200720670,61554660,-139166010,KRX MDCSTAT02401_OUT
daily,KOSDAQ150,institution,253450,스튜디오드래곤,10068,3135,-6933,204822150,64024500,-140797650,KRX MDCSTAT02401_OUT
daily,KOSDAQ150,institution,052400,코나아이,5863,2079,-3784,222332700,79174900,-143157800,KRX MDCSTAT02401_OUT
daily,KOSDAQ150,institution,085660,차바이오텍,27526,8562,-18964,225070860,70154350,-154916510,KRX MDCSTAT02401_OUT
daily,KOSDAQ150,institution,060250,NHN KCP,13906,2007,-11899,185504680,26839190,-158665490,KRX MDCSTAT02401_OUT
daily,KOSDAQ150,institution,319400,현대무벡스,25044,17140,-7904,510667200,350471550,-160195650,KRX MDCSTAT02401_OUT
daily,KOSDAQ150,institution,065350,신성델타테크,7436,2018,-5418,228739800,62112550,-166627250,KRX MDCSTAT02401_OUT
daily,KOSDAQ150,institution,098460,고영,60780,55352,-5428,1871272375,1702629125,-168643250,KRX MDCSTAT02401_OUT
daily,KOSDAQ150,institution,048410,현대바이오,71268,46169,-25099,493966310,320205190,-173761120,KRX MDCSTAT02401_OUT
daily,KOSDAQ150,institution,253590,네오셈,24344,10200,-14144,325023920,136568010,-188455910,KRX MDCSTAT02401_OUT
daily,KOSDAQ150,institution,466100,클로봇,11424,2784,-8640,254852900,62174250,-192678650,KRX MDCSTAT02401_OUT
daily,KOSDAQ150,institution,358570,지아이이노베이션,31866,6721,-25145,253238470,53667180,-199571290,KRX MDCSTAT02401_OUT
daily,KOSDAQ150,institution,211050,인카금융서비스,31479,9230,-22249,297951090,87737290,-210213800,KRX MDCSTAT02401_OUT
daily,KOSDAQ150,institution,090710,휴림로봇,46819,11373,-35446,283931180,69014960,-214916220,KRX MDCSTAT02401_OUT
daily,KOSDAQ150,institution,281740,레이크머티리얼즈,69224,50117,-19107,799901435,578899850,-221001585,KRX MDCSTAT02401_OUT
daily,KOSDAQ150,institution,035900,JYP Ent.,19186,13108,-6078,726926200,496071100,-230855100,KRX MDCSTAT02401_OUT
daily,KOSDAQ150,institution,007390,네이처셀,27413,17318,-10095,664843350,422132350,-242711000,KRX MDCSTAT02401_OUT
daily,KOSDAQ150,institution,099320,쎄트렉아이,4011,816,-3195,306686200,62960100,-243726100,KRX MDCSTAT02401_OUT
daily,KOSDAQ150,institution,112040,위메이드,29595,12388,-17207,445198940,186627650,-258571290,KRX MDCSTAT02401_OUT
daily,KOSDAQ150,institution,030520,한컴,21869,6611,-15258,377924640,114641210,-263283430,KRX MDCSTAT02401_OUT
daily,KOSDAQ150,institution,006730,서부T&D,44903,18612,-26291,480109425,200048590,-280060835,KRX MDCSTAT02401_OUT
daily,KOSDAQ150,institution,030530,원익홀딩스,22926,11387,-11539,606504975,301982725,-304522250,KRX MDCSTAT02401_OUT
daily,KOSDAQ150,institution,225570,넥슨게임즈,64231,34677,-29554,670582465,361093480,-309488985,KRX MDCSTAT02401_OUT
daily,KOSDAQ150,institution,124500,아이티센글로벌,14460,2855,-11605,412601500,81625500,-330976000,KRX MDCSTAT02401_OUT
daily,KOSDAQ150,institution,213420,덕산네오룩스,46321,34166,-12155,1362459350,1018986900,-343472450,KRX MDCSTAT02401_OUT
daily,KOSDAQ150,institution,189300,인텔리안테크,7877,2629,-5248,525803900,176390850,-349413050,KRX MDCSTAT02401_OUT
daily,KOSDAQ150,institution,166090,하나머티리얼즈,18925,12852,-6073,1137026850,772515300,-364511550,KRX MDCSTAT02401_OUT
daily,KOSDAQ150,institution,214150,클래시스,20657,7860,-12797,627733175,239757900,-387975275,KRX MDCSTAT02401_OUT
daily,KOSDAQ150,institution,089970,브이엠,171188,163673,-7515,10951783900,10525358800,-426425100,KRX MDCSTAT02401_OUT
daily,KOSDAQ150,institution,293490,카카오게임즈,163752,115519,-48233,1530093895,1085291310,-444802585,KRX MDCSTAT02401_OUT
daily,KOSDAQ150,institution,056080,유진로봇,48657,3012,-45645,566374080,35206320,-531167760,KRX MDCSTAT02401_OUT
daily,KOSDAQ150,institution,056190,SFA,36352,15250,-21102,1036877550,435301125,-601576425,KRX MDCSTAT02401_OUT
daily,KOSDAQ150,institution,082920,비츠로셀,35118,13698,-21420,995264175,389531600,-605732575,KRX MDCSTAT02401_OUT
daily,KOSDAQ150,institution,218410,RFHIC,36748,25765,-10983,2167112850,1519770000,-647342850,KRX MDCSTAT02401_OUT
daily,KOSDAQ150,institution,263750,펄어비스,47522,26793,-20729,1581984950,892693150,-689291800,KRX MDCSTAT02401_OUT
daily,KOSDAQ150,institution,145020,휴젤,8590,4595,-3995,1552377050,835381200,-716995850,KRX MDCSTAT02401_OUT
daily,KOSDAQ150,institution,232140,와이씨,56935,5633,-51302,836923985,82669545,-754254440,KRX MDCSTAT02401_OUT
daily,KOSDAQ150,institution,058610,에스피지,12017,4191,-7826,1169604150,408726300,-760877850,KRX MDCSTAT02401_OUT
daily,KOSDAQ150,institution,237690,에스티팜,14802,6336,-8466,1367304850,586856100,-780448750,KRX MDCSTAT02401_OUT
daily,KOSDAQ150,institution,032820,우리기술,97849,32126,-65723,1204362685,397315750,-807046935,KRX MDCSTAT02401_OUT
daily,KOSDAQ150,institution,041510,에스엠,21851,11971,-9880,1804417750,989140700,-815277050,KRX MDCSTAT02401_OUT
daily,KOSDAQ150,institution,347850,디앤디파마텍,35879,14570,-21309,1512980375,615355550,-897624825,KRX MDCSTAT02401_OUT
daily,KOSDAQ150,institution,083650,비에이치아이,30064,14519,-15545,1795585300,871928500,-923656800,KRX MDCSTAT02401_OUT
daily,KOSDAQ150,institution,420770,기가비스,18959,11527,-7432,2402881200,1456823950,-946057250,KRX MDCSTAT02401_OUT
daily,KOSDAQ150,institution,078600,대주전자재료,21842,9229,-12613,2024284500,859103850,-1165180650,KRX MDCSTAT02401_OUT
daily,KOSDAQ150,institution,298380,에이비엘바이오,48195,23072,-25123,2353263875,1131592550,-1221671325,KRX MDCSTAT02401_OUT
daily,KOSDAQ150,institution,131290,티에스이,19220,14343,-4877,5513322750,4128483000,-1384839750,KRX MDCSTAT02401_OUT
daily,KOSDAQ150,institution,310210,보로노이,22089,10853,-11236,2943603100,1447193900,-1496409200,KRX MDCSTAT02401_OUT
daily,KOSDAQ150,institution,095340,ISC,33369,25012,-8357,7044210750,5295839750,-1748371000,KRX MDCSTAT02401_OUT
daily,KOSDAQ150,institution,108490,로보티즈,14422,7537,-6885,4138350500,2163880000,-1974470500,KRX MDCSTAT02401_OUT
daily,KOSDAQ150,institution,014620,성광벤드,70542,5319,-65223,2198065450,167051400,-2031014050,KRX MDCSTAT02401_OUT
daily,KOSDAQ150,institution,060370,LS마린솔루션,68972,3652,-65320,2213299400,117573400,-2095726000,KRX MDCSTAT02401_OUT
daily,KOSDAQ150,institution,068760,셀트리온제약,63156,5836,-57320,2410432850,223078400,-2187354450,KRX MDCSTAT02401_OUT
daily,KOSDAQ150,institution,089030,테크윙,65551,22929,-42622,3389901600,1186689750,-2203211850,KRX MDCSTAT02401_OUT
daily,KOSDAQ150,institution,031980,피에스케이홀딩스,32644,19589,-13055,5874706600,3524923150,-2349783450,KRX MDCSTAT02401_OUT
daily,KOSDAQ150,institution,475830,오름테라퓨틱,111619,5625,-105994,2503284650,126201650,-2377083000,KRX MDCSTAT02401_OUT
daily,KOSDAQ150,institution,328130,루닛,248163,21961,-226202,2686736975,241083860,-2445653115,KRX MDCSTAT02401_OUT
daily,KOSDAQ150,institution,222800,심텍,113451,73769,-39682,16993796750,11085924600,-5907872150,KRX MDCSTAT02401_OUT
daily,KOSDAQ150,institution,036540,SFA반도체,1274674,481397,-793277,13612808030,5159440525,-8453367505,KRX MDCSTAT02401_OUT
daily,KOSDAQ150,institution,241710,코스메카코리아,97318,21087,-76231,11332773500,2455880000,-8876893500,KRX MDCSTAT02401_OUT
daily,KOSDAQ150,institution,214450,파마리서치,65839,7918,-57921,20414874000,2456706750,-17958167250,KRX MDCSTAT02401_OUT
weekly,KOSPI200,foreign,066570,LG전자,1273581,1783971,510390,271795746000,383226857500,111431111500,KRX MDCSTAT02401_OUT
weekly,KOSPI200,foreign,096770,SK이노베이션,1069999,1737853,667854,159449923450,259910648400,100460724950,KRX MDCSTAT02401_OUT
weekly,KOSPI200,foreign,042700,한미반도체,751061,1079449,328388,183832941000,264663890250,80830949250,KRX MDCSTAT02401_OUT
weekly,KOSPI200,foreign,402340,SK스퀘어,1923543,1988444,64901,2201452767547,2280892587547,79439820000,KRX MDCSTAT02401_OUT
weekly,KOSPI200,foreign,003490,대한항공,4822744,7335815,2513071,150941799100,228663325100,77721526000,KRX MDCSTAT02401_OUT
weekly,KOSPI200,foreign,010950,S-Oil,735488,1024163,288675,116496378900,161631547100,45135168200,KRX MDCSTAT02401_OUT
weekly,KOSPI200,foreign,329180,HD현대중공업,258420,350472,92052,113777708750,154074890750,40297182000,KRX MDCSTAT02401_OUT
weekly,KOSPI200,foreign,017670,SK텔레콤,831872,1274097,442225,72136174150,110916783700,38780609550,KRX MDCSTAT02401_OUT
weekly,KOSPI200,foreign,078930,GS,708868,1064883,356015,78059967645,116818157395,38758189750,KRX MDCSTAT02401_OUT
weekly,KOSPI200,foreign,010120,LS ELECTRIC,502210,681564,179354,104065581500,141870727750,37805146250,KRX MDCSTAT02401_OUT
weekly,KOSPI200,foreign,161890,한국콜마,467433,668494,201061,69083169400,98747879200,29664709800,KRX MDCSTAT02401_OUT
weekly,KOSPI200,foreign,003230,삼양식품,62490,86753,24263,76728047000,106364301500,29636254500,KRX MDCSTAT02401_OUT
weekly,KOSPI200,foreign,006400,삼성SDI,410121,457244,47123,213430897500,238912076000,25481178500,KRX MDCSTAT02401_OUT
weekly,KOSPI200,foreign,278470,에이피알,374635,439152,64517,136770429750,160365573750,23595144000,KRX MDCSTAT02401_OUT
weekly,KOSPI200,foreign,018260,삼성에스디에스,218553,310269,91716,48001878500,68248360000,20246481500,KRX MDCSTAT02401_OUT
weekly,KOSPI200,foreign,086280,현대글로비스,378895,479553,100658,75345560350,95385244200,20039683850,KRX MDCSTAT02401_OUT
weekly,KOSPI200,foreign,483650,달바글로벌,212843,306551,93708,39180954550,56385823050,17204868500,KRX MDCSTAT02401_OUT
weekly,KOSPI200,foreign,001450,현대해상,1124043,1421854,297811,54787765675,69037468750,14249703075,KRX MDCSTAT02401_OUT
weekly,KOSPI200,foreign,004170,신세계,135306,175508,40202,46620792250,60370332000,13749539750,KRX MDCSTAT02401_OUT
weekly,KOSPI200,foreign,128940,한미약품,94599,120546,25947,48186581250,61408063000,13221481750,KRX MDCSTAT02401_OUT
weekly,KOSPI200,foreign,024110,기업은행,2265481,2751265,485784,46152294785,56644495760,10492200975,KRX MDCSTAT02401_OUT
weekly,KOSPI200,foreign,001040,CJ,273228,348612,75384,36375712500,46379738500,10004026000,KRX MDCSTAT02401_OUT
weekly,KOSPI200,foreign,011200,HMM,1158280,1616384,458104,24303308875,33992653925,9689345050,KRX MDCSTAT02401_OUT
weekly,KOSPI200,foreign,375500,DL이앤씨,589887,702662,112775,47543752000,56613432050,9069680050,KRX MDCSTAT02401_OUT
weekly,KOSPI200,foreign,093370,후성,5662839,6237242,574403,81790880865,90236386175,8445505310,KRX MDCSTAT02401_OUT
weekly,KOSPI200,foreign,443060,HD현대마린솔루션,154737,184727,29990,37060332140,44249184890,7188852750,KRX MDCSTAT02401_OUT
weekly,KOSPI200,foreign,016360,삼성증권,849493,922985,73492,76094701004,83109634854,7014933850,KRX MDCSTAT02401_OUT
weekly,KOSPI200,foreign,009420,한올바이오파마,319556,466855,147299,14152364225,20549102200,6396737975,KRX MDCSTAT02401_OUT
weekly,KOSPI200,foreign,035720,카카오,2463106,2640756,177650,83423007325,89643925925,6220918600,KRX MDCSTAT02401_OUT
weekly,KOSPI200,foreign,259960,크래프톤,202500,232831,30331,40239725412,46292809262,6053083850,KRX MDCSTAT02401_OUT
weekly,KOSPI200,foreign,062040,산일전기,351024,378316,27292,72576528200,78083783900,5507255700,KRX MDCSTAT02401_OUT
weekly,KOSPI200,foreign,161390,한국타이어앤테크놀로지,836893,918192,81299,48960313050,53710962250,4750649200,KRX MDCSTAT02401_OUT
weekly,KOSPI200,foreign,000880,한화,288289,319175,30886,37456949780,41549984080,4093034300,KRX MDCSTAT02401_OUT
weekly,KOSPI200,foreign,192820,코스맥스,133815,148455,14640,36645878500,40566726250,3920847750,KRX MDCSTAT02401_OUT
weekly,KOSPI200,foreign,138930,BNK금융지주,2218669,2427002,208333,35520245890,39127018215,3606772325,KRX MDCSTAT02401_OUT
weekly,KOSPI200,foreign,073240,금호타이어,2810098,3279164,469066,18917456270,22206494040,3289037770,KRX MDCSTAT02401_OUT
weekly,KOSPI200,foreign,097950,CJ제일제당,103910,121482,17572,18391688150,21555148550,3163460400,KRX MDCSTAT02401_OUT
weekly,KOSPI200,foreign,285130,SK케미칼,53038,113253,60215,2698352600,5733105750,3034753150,KRX MDCSTAT02401_OUT
weekly,KOSPI200,foreign,361610,SK아이이테크놀로지,547303,713294,165991,9413701700,12319260535,2905558835,KRX MDCSTAT02401_OUT
weekly,KOSPI200,foreign,251270,넷마블,240735,321394,80659,8350810200,11181543175,2830732975,KRX MDCSTAT02401_OUT
weekly,KOSPI200,foreign,0126Z0,삼성에피스홀딩스,77440,84876,7436,25986805750,28769457250,2782651500,KRX MDCSTAT02401_OUT
weekly,KOSPI200,foreign,029780,삼성카드,220279,282170,61891,9392194325,12080903600,2688709275,KRX MDCSTAT02401_OUT
weekly,KOSPI200,foreign,007070,GS리테일,301303,418541,117238,6875667775,9559897800,2684230025,KRX MDCSTAT02401_OUT
weekly,KOSPI200,foreign,032640,LG유플러스,2809043,2977305,168262,41125468957,43626777657,2501308700,KRX MDCSTAT02401_OUT
weekly,KOSPI200,foreign,307950,현대오토에버,83576,89643,6067,31764706500,34043522000,2278815500,KRX MDCSTAT02401_OUT
weekly,KOSPI200,foreign,192080,더블유게임즈,102726,137713,34987,5998957000,8044115900,2045158900,KRX MDCSTAT02401_OUT
weekly,KOSPI200,foreign,377300,카카오페이,241804,287514,45710,9803471250,11788633850,1985162600,KRX MDCSTAT02401_OUT
weekly,KOSPI200,foreign,002380,KCC,54772,58717,3945,25816196000,27743470500,1927274500,KRX MDCSTAT02401_OUT
weekly,KOSPI200,foreign,180640,한진칼,131972,145003,13031,18263561450,20165405200,1901843750,KRX MDCSTAT02401_OUT
weekly,KOSPI200,foreign,011790,SKC,254913,273652,18739,23713361650,25408955600,1695593950,KRX MDCSTAT02401_OUT
weekly,KOSPI200,foreign,120110,코오롱인더,177874,205944,28070,9808674300,11305689700,1497015400,KRX MDCSTAT02401_OUT
weekly,KOSPI200,foreign,028670,팬오션,3695743,3947039,251296,21219290210,22692793970,1473503760,KRX MDCSTAT02401_OUT
weekly,KOSPI200,foreign,005850,에스엘,154877,184162,29285,7632805250,9093120475,1460315225,KRX MDCSTAT02401_OUT
weekly,KOSPI200,foreign,004370,농심,44385,48036,3651,17753122500,19198141750,1445019250,KRX MDCSTAT02401_OUT
weekly,KOSPI200,foreign,006280,녹십자,32925,41229,8304,4056681700,5084208600,1027526900,KRX MDCSTAT02401_OUT
weekly,KOSPI200,foreign,282330,BGF리테일,112973,120537,7564,14918957300,15901262300,982305000,KRX MDCSTAT02401_OUT
weekly,KOSPI200,foreign,030000,제일기획,741007,788984,47977,13426824970,14376084635,949259665,KRX MDCSTAT02401_OUT
weekly,KOSPI200,foreign,302440,SK바이오사이언스,103883,129746,25863,3725088625,4664988425,939899800,KRX MDCSTAT02401_OUT
weekly,KOSPI200,foreign,000210,DL,71845,89156,17311,3660354450,4535772400,875417950,KRX MDCSTAT02401_OUT
weekly,KOSPI200,foreign,000990,DB하이텍,876506,891107,14601,117798597650,118583790250,785192600,KRX MDCSTAT02401_OUT
weekly,KOSPI200,foreign,000100,유한양행,506108,514825,8717,37453570100,38080885300,627315200,KRX MDCSTAT02401_OUT
weekly,KOSPI200,foreign,450080,에코프로머티,492553,502868,10315,17177848450,17717447500,539599050,KRX MDCSTAT02401_OUT
weekly,KOSPI200,foreign,023530,롯데쇼핑,249480,256334,6854,25950251850,26464167050,513915200,KRX MDCSTAT02401_OUT
weekly,KOSPI200,foreign,002790,아모레퍼시픽홀딩스,237675,256283,18608,6239304300,6745592100,506287800,KRX MDCSTAT02401_OUT
weekly,KOSPI200,foreign,003240,태광산업,1464,1930,466,1321889000,1746066500,424177500,KRX MDCSTAT02401_OUT
weekly,KOSPI200,foreign,010130,고려아연,25127,25911,784,27615104000,28021915000,406811000,KRX MDCSTAT02401_OUT
weekly,KOSPI200,foreign,071050,한국금융지주,463429,465790,2361,84186161750,84572220250,386058500,KRX MDCSTAT02401_OUT
weekly,KOSPI200,foreign,185750,종근당,66916,72000,5084,4316328200,4649059750,332731550,KRX MDCSTAT02401_OUT
weekly,KOSPI200,foreign,005300,롯데칠성,38129,40408,2279,3634232300,3857359550,223127250,KRX MDCSTAT02401_OUT
weekly,KOSPI200,foreign,002840,미원상사,3429,4866,1437,466941100,663626100,196685000,KRX MDCSTAT02401_OUT
weekly,KOSPI200,foreign,300720,한일시멘트,83886,91053,7167,1355729195,1475673050,119943855,KRX MDCSTAT02401_OUT
weekly,KOSPI200,foreign,268280,미원에스씨,1317,1638,321,173706850,215592200,41885350,KRX MDCSTAT02401_OUT
weekly,KOSPI200,foreign,007700,F&F홀딩스,8494,8614,120,113542200,115110435,1568235,KRX MDCSTAT02401_OUT
weekly,KOSPI200,foreign,008930,한미사이언스,202024,201272,-752,10496362550,10483891800,-12470750,KRX MDCSTAT02401_OUT
weekly,KOSPI200,foreign,280360,롯데웰푸드,29487,29205,-282,3669721000,3634077700,-35643300,KRX MDCSTAT02401_OUT
weekly,KOSPI200,foreign,003030,세아제강지주,50761,50788,27,5634949550,5585890450,-49059100,KRX MDCSTAT02401_OUT
weekly,KOSPI200,foreign,014820,동원시스템즈,33103,30605,-2498,695039075,641937750,-53101325,KRX MDCSTAT02401_OUT
weekly,KOSPI200,foreign,204320,HL만도,426588,424904,-1684,19675169075,19606292175,-68876900,KRX MDCSTAT02401_OUT
weekly,KOSPI200,foreign,006040,동원산업,68213,64366,-3847,2413331450,2280785500,-132545950,KRX MDCSTAT02401_OUT
weekly,KOSPI200,foreign,009970,영원무역홀딩스,27671,26633,-1038,4569131550,4403066000,-166065550,KRX MDCSTAT02401_OUT
weekly,KOSPI200,foreign,373220,LG에너지솔루션,496343,493154,-3189,175923850000,175692831500,-231018500,KRX MDCSTAT02401_OUT
weekly,KOSPI200,foreign,005420,코스모화학,220020,195764,-24256,2259269630,2023154030,-236115600,KRX MDCSTAT02401_OUT
weekly,KOSPI200,foreign,000080,하이트진로,207131,189363,-17768,3095577640,2844305945,-251271695,KRX MDCSTAT02401_OUT
weekly,KOSPI200,foreign,137310,에스디바이오센서,250177,202506,-47671,1523704455,1237565485,-286138970,KRX MDCSTAT02401_OUT
weekly,KOSPI200,foreign,267250,HD현대,430396,428064,-2332,88597051000,88297435750,-299615250,KRX MDCSTAT02401_OUT
weekly,KOSPI200,foreign,008730,율촌화학,146804,125068,-21736,2158964270,1846682310,-312281960,KRX MDCSTAT02401_OUT
weekly,KOSPI200,foreign,017960,한국카본,227449,211167,-16282,4595612390,4278176415,-317435975,KRX MDCSTAT02401_OUT
weekly,KOSPI200,foreign,000240,한국앤컴퍼니,170526,154683,-15843,4223897450,3832415275,-391482175,KRX MDCSTAT02401_OUT
weekly,KOSPI200,foreign,001680,대상,126716,102953,-23763,2279930400,1857536710,-422393690,KRX MDCSTAT02401_OUT
weekly,KOSPI200,foreign,004000,롯데정밀화학,109244,98747,-10497,4758182875,4303944425,-454238450,KRX MDCSTAT02401_OUT
weekly,KOSPI200,foreign,002030,아세아,5317,2664,-2653,1101875550,553290300,-548585250,KRX MDCSTAT02401_OUT
weekly,KOSPI200,foreign,007310,오뚜기,8259,6501,-1758,2601319750,2052489250,-548830500,KRX MDCSTAT02401_OUT
weekly,KOSPI200,foreign,011210,현대위아,139288,127047,-12241,7406006150,6781144200,-624861950,KRX MDCSTAT02401_OUT
weekly,KOSPI200,foreign,033780,KT&G,839978,835845,-4133,147310786350,146641651400,-669134950,KRX MDCSTAT02401_OUT
weekly,KOSPI200,foreign,026960,동서,94068,67054,-27014,2404229225,1715457500,-688771725,KRX MDCSTAT02401_OUT
weekly,KOSPI200,foreign,111770,영원무역,182752,172750,-10002,12900210106,12207045856,-693164250,KRX MDCSTAT02401_OUT
weekly,KOSPI200,foreign,069960,현대백화점,285236,282881,-2355,26634877100,25941505400,-693371700,KRX MDCSTAT02401_OUT
weekly,KOSPI200,foreign,457190,이수스페셜티케미컬,510021,487150,-22871,36706077350,35994203400,-711873950,KRX MDCSTAT02401_OUT
weekly,KOSPI200,foreign,007340,DN오토모티브,333098,318624,-14474,16362825850,15647652575,-715173275,KRX MDCSTAT02401_OUT
weekly,KOSPI200,foreign,009240,한샘,68309,47507,-20802,2713954225,1902983350,-810970875,KRX MDCSTAT02401_OUT
weekly,KOSPI200,foreign,000670,영풍,178306,158235,-20071,7768562325,6867508550,-901053775,KRX MDCSTAT02401_OUT
weekly,KOSPI200,foreign,069260,TKG휴켐스,155337,96792,-58545,2529736850,1576368525,-953368325,KRX MDCSTAT02401_OUT
weekly,KOSPI200,foreign,006650,대한유화,83683,73039,-10644,7695295750,6706223600,-989072150,KRX MDCSTAT02401_OUT
weekly,KOSPI200,foreign,207940,삼성바이오로직스,110957,110070,-887,153655597668,152647746668,-1007851000,KRX MDCSTAT02401_OUT
weekly,KOSPI200,foreign,003090,대웅,171931,105879,-66052,2683955810,1670775795,-1013180015,KRX MDCSTAT02401_OUT
weekly,KOSPI200,foreign,030200,KT,480993,461318,-19675,25368901155,24335344355,-1033556800,KRX MDCSTAT02401_OUT
weekly,KOSPI200,foreign,298050,HS효성첨단소재,23099,14917,-8182,3705848000,2411050150,-1294797850,KRX MDCSTAT02401_OUT
weekly,KOSPI200,foreign,012750,에스원,201417,185248,-16169,16664231481,15321965231,-1342266250,KRX MDCSTAT02401_OUT
weekly,KOSPI200,foreign,139130,iM금융지주,1355498,1276900,-78598,24732010355,23375657165,-1356353190,KRX MDCSTAT02401_OUT
weekly,KOSPI200,foreign,000120,CJ대한통운,74019,53940,-20079,5206174300,3804662400,-1401511900,KRX MDCSTAT02401_OUT
weekly,KOSPI200,foreign,271560,오리온,274504,260348,-14156,30117845750,28592174700,-1525671050,KRX MDCSTAT02401_OUT
weekly,KOSPI200,foreign,001800,오리온홀딩스,216795,151724,-65071,5137240325,3608457150,-1528783175,KRX MDCSTAT02401_OUT
weekly,KOSPI200,foreign,039490,키움증권,183295,176291,-7004,47171796500,45416814000,-1754982500,KRX MDCSTAT02401_OUT
weekly,KOSPI200,foreign,047810,한국항공우주,422710,407433,-15277,54124881250,52367310600,-1757570650,KRX MDCSTAT02401_OUT
weekly,KOSPI200,foreign,071320,지역난방공사,44542,20745,-23797,3494059050,1634623900,-1859435150,KRX MDCSTAT02401_OUT
weekly,KOSPI200,foreign,298020,효성티앤씨,37812,31035,-6777,11270971500,9286606000,-1984365500,KRX MDCSTAT02401_OUT
weekly,KOSPI200,foreign,022100,포스코DX,452444,352152,-100292,9091620800,7091209365,-2000411435,KRX MDCSTAT02401_OUT
weekly,KOSPI200,foreign,103140,풍산,132227,105245,-26982,10301914150,8225188150,-2076726000,KRX MDCSTAT02401_OUT
weekly,KOSPI200,foreign,047050,포스코인터내셔널,804458,759726,-44732,45245681050,43025711750,-2219969300,KRX MDCSTAT02401_OUT
weekly,KOSPI200,foreign,069620,대웅제약,39585,18287,-21298,4240021850,1963006100,-2277015750,KRX MDCSTAT02401_OUT
weekly,KOSPI200,foreign,088350,한화생명,5401865,4895893,-505972,29986105475,27531691545,-2454413930,KRX MDCSTAT02401_OUT
weekly,KOSPI200,foreign,035250,강원랜드,640789,466465,-174324,9202992280,6707131350,-2495860930,KRX MDCSTAT02401_OUT
weekly,KOSPI200,foreign,004990,롯데지주,270135,163591,-106544,6553715300,3978335550,-2575379750,KRX MDCSTAT02401_OUT
weekly,KOSPI200,foreign,081660,미스토홀딩스,375888,306737,-69151,14246748675,11623858150,-2622890525,KRX MDCSTAT02401_OUT
weekly,KOSPI200,foreign,079550,LIG디펜스앤에어로스페이스,107165,102737,-4428,74355632000,71270161500,-3085470500,KRX MDCSTAT02401_OUT
weekly,KOSPI200,foreign,011780,금호석유화학,181764,154686,-27078,21170765950,18020744600,-3150021350,KRX MDCSTAT02401_OUT
weekly,KOSPI200,foreign,036460,한국가스공사,356078,258682,-97396,12614745225,9141443425,-3473301800,KRX MDCSTAT02401_OUT
weekly,KOSPI200,foreign,034230,파라다이스,659598,284907,-374691,6254682000,2704116210,-3550565790,KRX MDCSTAT02401_OUT
weekly,KOSPI200,foreign,009540,HD한국조선해양,452715,440911,-11804,149354512964,145752972464,-3601540500,KRX MDCSTAT02401_OUT
weekly,KOSPI200,foreign,005830,DB손해보험,590409,571235,-19174,110387865950,106686068500,-3701797450,KRX MDCSTAT02401_OUT
weekly,KOSPI200,foreign,006800,미래에셋증권,2002805,1869939,-132866,64523428475,60332311575,-4191116900,KRX MDCSTAT02401_OUT
weekly,KOSPI200,foreign,021240,코웨이,640479,597718,-42761,64031727100,59606599250,-4425127850,KRX MDCSTAT02401_OUT
weekly,KOSPI200,foreign,071970,HD현대마린엔진,356077,259430,-96647,17278072550,12709602050,-4568470500,KRX MDCSTAT02401_OUT
weekly,KOSPI200,foreign,003550,LG,678091,635386,-42705,76570860450,71653448100,-4917412350,KRX MDCSTAT02401_OUT
weekly,KOSPI200,foreign,010060,OCI홀딩스,598194,564606,-33588,125664488750,120591331200,-5073157550,KRX MDCSTAT02401_OUT
weekly,KOSPI200,foreign,051600,한전KPS,313610,194585,-119025,14177081650,8827383700,-5349697950,KRX MDCSTAT02401_OUT
weekly,KOSPI200,foreign,138040,메리츠금융지주,434253,393952,-40301,56235253800,50872437350,-5362816450,KRX MDCSTAT02401_OUT
weekly,KOSPI200,foreign,064400,LG씨엔에스,674452,589840,-84612,47207554550,41619613500,-5587941050,KRX MDCSTAT02401_OUT
weekly,KOSPI200,foreign,011170,롯데케미칼,284002,190275,-93727,17468435800,11653391100,-5815044700,KRX MDCSTAT02401_OUT
weekly,KOSPI200,foreign,017800,현대엘리베이터,201938,109526,-92412,14876181400,8077419550,-6798761850,KRX MDCSTAT02401_OUT
weekly,KOSPI200,foreign,035420,NAVER,1087202,1047243,-39959,213280158050,206460041550,-6820116500,KRX MDCSTAT02401_OUT
weekly,KOSPI200,foreign,082740,한화엔진,991197,844535,-146662,47965529275,41004873300,-6960655975,KRX MDCSTAT02401_OUT
weekly,KOSPI200,foreign,112610,씨에스윈드,568427,427354,-141073,28830407575,21824391750,-7006015825,KRX MDCSTAT02401_OUT
weekly,KOSPI200,foreign,001430,세아베스틸지주,319641,152348,-167293,14376166975,6870865200,-7505301775,KRX MDCSTAT02401_OUT
weekly,KOSPI200,foreign,241560,두산밥캣,668890,530380,-138510,37794196250,29991115800,-7803080450,KRX MDCSTAT02401_OUT
weekly,KOSPI200,foreign,139480,이마트,246705,129822,-116883,17730201250,9318945750,-8411255500,KRX MDCSTAT02401_OUT
weekly,KOSPI200,foreign,036570,NC,225455,184174,-41281,48123240750,39399704500,-8723536250,KRX MDCSTAT02401_OUT
weekly,KOSPI200,foreign,006260,LS,188915,160923,-27992,60233926000,51109529500,-9124396500,KRX MDCSTAT02401_OUT
weekly,KOSPI200,foreign,326030,SK바이오팜,273408,150528,-122880,20726385100,11400903350,-9325481750,KRX MDCSTAT02401_OUT
weekly,KOSPI200,foreign,004020,현대제철,1556074,1324727,-231347,50745570175,41267241700,-9478328475,KRX MDCSTAT02401_OUT
weekly,KOSPI200,foreign,298040,효성중공업,82972,79158,-3814,234790402000,225300274500,-9490127500,KRX MDCSTAT02401_OUT
weekly,KOSPI200,foreign,008770,호텔신라,410975,164231,-246744,16412196275,6607371200,-9804825075,KRX MDCSTAT02401_OUT
weekly,KOSPI200,foreign,066970,엘앤에프,596616,500027,-96589,65897866050,55751351400,-10146514650,KRX MDCSTAT02401_OUT
weekly,KOSPI200,foreign,018880,한온시스템,10931355,7865630,-3065725,37334057990,26933948103,-10400109887,KRX MDCSTAT02401_OUT
weekly,KOSPI200,foreign,009830,한화솔루션,6413394,6038244,-375150,205018414200,194564479725,-10453934475,KRX MDCSTAT02401_OUT
weekly,KOSPI200,foreign,175330,JB금융지주,1260987,879295,-381692,37917189150,26426474375,-11490714775,KRX MDCSTAT02401_OUT
weekly,KOSPI200,foreign,454910,두산로보틱스,391073,222288,-168785,27313812050,15558806700,-11755005350,KRX MDCSTAT02401_OUT
weekly,KOSPI200,foreign,064350,현대로템,1047694,940094,-107600,120058838400,107702519850,-12356318550,KRX MDCSTAT02401_OUT
weekly,KOSPI200,foreign,068270,셀트리온,706313,637241,-69072,126053554015,113659411065,-12394142950,KRX MDCSTAT02401_OUT
weekly,KOSPI200,foreign,034220,LG디스플레이,9165434,7660914,-1504520,77341330720,64879283150,-12462047570,KRX MDCSTAT02401_OUT
weekly,KOSPI200,foreign,086790,하나금융지주,2098622,2003919,-94703,278797266320,266038136970,-12759129350,KRX MDCSTAT02401_OUT
weekly,KOSPI200,foreign,052690,한전기술,709376,613635,-95741,94103737400,81256549750,-12847187650,KRX MDCSTAT02401_OUT
weekly,KOSPI200,foreign,005940,NH투자증권,1414106,878195,-535911,37032263075,22956696775,-14075566300,KRX MDCSTAT02401_OUT
weekly,KOSPI200,foreign,051900,LG생활건강,238024,187010,-51014,67378110500,53108051750,-14270058750,KRX MDCSTAT02401_OUT
weekly,KOSPI200,foreign,000810,삼성화재,265879,243591,-22288,172227719000,157897394500,-14330324500,KRX MDCSTAT02401_OUT
weekly,KOSPI200,foreign,090430,아모레퍼시픽,532638,427445,-105193,75455272024,60524776324,-14930495700,KRX MDCSTAT02401_OUT
weekly,KOSPI200,foreign,323410,카카오뱅크,2756594,1809291,-947303,55404604920,36461543450,-18943061470,KRX MDCSTAT02401_OUT
weekly,KOSPI200,foreign,005490,POSCO홀딩스,403428,341162,-62266,125323220000,106170058500,-19153161500,KRX MDCSTAT02401_OUT
weekly,KOSPI200,foreign,267270,HD건설기계,529057,375195,-153862,68919071650,49433583700,-19485487950,KRX MDCSTAT02401_OUT
weekly,KOSPI200,foreign,014680,한솔케미칼,186352,104163,-82189,45179882000,24900289000,-20279593000,KRX MDCSTAT02401_OUT
weekly,KOSPI200,foreign,003670,포스코퓨처엠,675657,556881,-118776,122793124600,101832355400,-20960769200,KRX MDCSTAT02401_OUT
weekly,KOSPI200,foreign,051910,LG화학,566674,479656,-87018,143893580500,122270100750,-21623479750,KRX MDCSTAT02401_OUT
weekly,KOSPI200,foreign,012330,현대모비스,679171,619406,-59765,251696390750,229856226500,-21840164250,KRX MDCSTAT02401_OUT
weekly,KOSPI200,foreign,000270,기아,3014922,2817696,-197226,349938978750,327006518850,-22932459900,KRX MDCSTAT02401_OUT
weekly,KOSPI200,foreign,032830,삼성생명,796027,714493,-81534,231680741170,208235878670,-23444862500,KRX MDCSTAT02401_OUT
weekly,KOSPI200,foreign,352820,하이브,575795,426740,-149055,91379363955,67924937705,-23454426250,KRX MDCSTAT02401_OUT
weekly,KOSPI200,foreign,015760,한국전력,1980603,1177114,-803489,60276889200,35818603400,-24458285800,KRX MDCSTAT02401_OUT
weekly,KOSPI200,foreign,011070,LG이노텍,515362,468234,-47128,292299471220,266727016220,-25572455000,KRX MDCSTAT02401_OUT
weekly,KOSPI200,foreign,272210,한화시스템,1303712,948026,-355686,96547393700,70296060950,-26251332750,KRX MDCSTAT02401_OUT
weekly,KOSPI200,foreign,034730,SK,379843,331960,-47883,223662409000,195873134000,-27789275000,KRX MDCSTAT02401_OUT
weekly,KOSPI200,foreign,316140,우리금융지주,5552718,4741118,-811600,197451674525,169011284750,-28440389775,KRX MDCSTAT02401_OUT
weekly,KOSPI200,foreign,000720,현대건설,1160561,911834,-248727,143973435800,112690312200,-31283123600,KRX MDCSTAT02401_OUT
weekly,KOSPI200,foreign,012450,한화에어로스페이스,328127,294369,-33758,337715308500,303023839500,-34691469000,KRX MDCSTAT02401_OUT
weekly,KOSPI200,foreign,007660,이수페타시스,1643192,1283613,-359579,189997333750,149252092000,-40745241750,KRX MDCSTAT02401_OUT
weekly,KOSPI200,foreign,000150,두산,180882,140392,-40490,260273665384,202727254884,-57546410500,KRX MDCSTAT02401_OUT
weekly,KOSPI200,foreign,047040,대우건설,13163651,9647249,-3516402,236576287960,178425379035,-58150908925,KRX MDCSTAT02401_OUT
weekly,KOSPI200,foreign,028050,삼성E&A,4509495,3308210,-1201285,221207646286,162262002136,-58945644150,KRX MDCSTAT02401_OUT
weekly,KOSPI200,foreign,042660,한화오션,1573813,813878,-759935,125474156400,64895435000,-60578721400,KRX MDCSTAT02401_OUT
weekly,KOSPI200,foreign,028260,삼성물산,1034400,854893,-179507,364082326112,301190153862,-62892172250,KRX MDCSTAT02401_OUT
weekly,KOSPI200,foreign,001440,대한전선,5491135,3276314,-2214821,170317516550,103353777375,-66963739175,KRX MDCSTAT02401_OUT
weekly,KOSPI200,foreign,267260,HD현대일렉트릭,582397,468910,-113487,397472601000,319396005000,-78076596000,KRX MDCSTAT02401_OUT
weekly,KOSPI200,foreign,055550,신한지주,3490575,2678866,-811709,381416055954,292414686354,-89001369600,KRX MDCSTAT02401_OUT
weekly,KOSPI200,foreign,010140,삼성중공업,8737838,4051485,-4686353,173804241423,80986965553,-92817275870,KRX MDCSTAT02401_OUT
weekly,KOSPI200,foreign,105560,KB금융,2627989,2028611,-599378,453908998026,349802882126,-104106115900,KRX MDCSTAT02401_OUT
weekly,KOSPI200,foreign,005380,현대차,1367201,862341,-504860,482628749500,304691873500,-177936876000,KRX MDCSTAT02401_OUT
weekly,KOSPI200,foreign,009150,삼성전기,990204,869501,-120703,1497846906597,1319296529597,-178550377000,KRX MDCSTAT02401_OUT
weekly,KOSPI200,foreign,034020,두산에너빌리티,4996971,2327955,-2669016,411686418050,192300950250,-219385467800,KRX MDCSTAT02401_OUT
weekly,KOSPI200,foreign,005930,삼성전자,34112014,28590358,-5521656,9386120706942,7943340456192,-1442780250750,KRX MDCSTAT02401_OUT
weekly,KOSPI200,foreign,000660,SK하이닉스,7771234,4696526,-3074708,14071720139924,8542321453924,-5529398686000,KRX MDCSTAT02401_OUT
weekly,KOSPI200,institution,009150,삼성전기,881535,1044662,163127,1334944421000,1583788688500,248844267500,KRX MDCSTAT02401_OUT
weekly,KOSPI200,institution,011070,LG이노텍,248970,396475,147505,141166124000,225991559000,84825435000,KRX MDCSTAT02401_OUT
weekly,KOSPI200,institution,042700,한미반도체,417739,727992,310253,101519099000,179014163750,77495064750,KRX MDCSTAT02401_OUT
weekly,KOSPI200,institution,105560,KB금융,1140053,1573901,433848,197145192550,273000094300,75854901750,KRX MDCSTAT02401_OUT
weekly,KOSPI200,institution,003490,대한항공,3019304,5453232,2433928,94612096725,170235883050,75623786325,KRX MDCSTAT02401_OUT
weekly,KOSPI200,institution,066570,LG전자,651908,1001641,349733,139599140250,214797215500,75198075250,KRX MDCSTAT02401_OUT
weekly,KOSPI200,institution,009830,한화솔루션,1445910,3592099,2146189,46834298450,115762101675,68927803225,KRX MDCSTAT02401_OUT
weekly,KOSPI200,institution,055550,신한지주,1262286,1808516,546230,139075795900,199417585150,60341789250,KRX MDCSTAT02401_OUT
weekly,KOSPI200,institution,034730,SK,160651,260388,99737,94361586000,153417700000,59056114000,KRX MDCSTAT02401_OUT
weekly,KOSPI200,institution,007660,이수페타시스,573754,892437,318683,66186163650,103681583250,37495419600,KRX MDCSTAT02401_OUT
weekly,KOSPI200,institution,014680,한솔케미칼,62352,202993,140641,14918477500,49549792000,34631314500,KRX MDCSTAT02401_OUT
weekly,KOSPI200,institution,000150,두산,76823,96871,20048,110347029500,140366545500,30019516000,KRX MDCSTAT02401_OUT
weekly,KOSPI200,institution,096770,SK이노베이션,1095930,1273413,177483,162353993700,191042108250,28688114550,KRX MDCSTAT02401_OUT
weekly,KOSPI200,institution,000990,DB하이텍,448455,624294,175839,59572585650,84195815150,24623229500,KRX MDCSTAT02401_OUT
weekly,KOSPI200,institution,090430,아모레퍼시픽,232226,354961,122735,32697323250,50190651450,17493328200,KRX MDCSTAT02401_OUT
weekly,KOSPI200,institution,016360,삼성증권,334140,525605,191465,29964964200,47326985900,17362021700,KRX MDCSTAT02401_OUT
weekly,KOSPI200,institution,272210,한화시스템,599548,827338,227790,44562658950,61907138750,17344479800,KRX MDCSTAT02401_OUT
weekly,KOSPI200,institution,066970,엘앤에프,524180,672176,147996,57879856650,74638847100,16758990450,KRX MDCSTAT02401_OUT
weekly,KOSPI200,institution,012330,현대모비스,314182,348305,34123,116470646000,129529544750,13058898750,KRX MDCSTAT02401_OUT
weekly,KOSPI200,institution,005940,NH투자증권,544732,1021948,477216,14238052550,26785049375,12546996825,KRX MDCSTAT02401_OUT
weekly,KOSPI200,institution,138040,메리츠금융지주,282326,372486,90160,36295999900,48384695850,12088695950,KRX MDCSTAT02401_OUT
weekly,KOSPI200,institution,036570,NC,104712,158176,53464,22227282000,34027164250,11799882250,KRX MDCSTAT02401_OUT
weekly,KOSPI200,institution,112610,씨에스윈드,175948,400267,224319,8943830475,20459030375,11515199900,KRX MDCSTAT02401_OUT
weekly,KOSPI200,institution,006260,LS,113313,142904,29591,36162361000,46002633750,9840272750,KRX MDCSTAT02401_OUT
weekly,KOSPI200,institution,000810,삼성화재,77975,92835,14860,50472561000,60175503500,9702942500,KRX MDCSTAT02401_OUT
weekly,KOSPI200,institution,062040,산일전기,186580,227858,41278,38173941950,47614099700,9440157750,KRX MDCSTAT02401_OUT
weekly,KOSPI200,institution,018880,한온시스템,2194020,4603034,2409014,7385176975,15894389554,8509212579,KRX MDCSTAT02401_OUT
weekly,KOSPI200,institution,175330,JB금융지주,613448,883504,270056,18401938725,26691019800,8289081075,KRX MDCSTAT02401_OUT
weekly,KOSPI200,institution,361610,SK아이이테크놀로지,190724,655042,464318,3285607930,11381307905,8095699975,KRX MDCSTAT02401_OUT
weekly,KOSPI200,institution,010060,OCI홀딩스,289239,316318,27079,60772533350,67944305850,7171772500,KRX MDCSTAT02401_OUT
weekly,KOSPI200,institution,001430,세아베스틸지주,132595,288467,155872,5955363975,12968808350,7013444375,KRX MDCSTAT02401_OUT
weekly,KOSPI200,institution,010950,S-Oil,410411,442108,31697,63986736650,70202443900,6215707250,KRX MDCSTAT02401_OUT
weekly,KOSPI200,institution,128940,한미약품,99918,111032,11114,50652802250,56789142250,6136340000,KRX MDCSTAT02401_OUT
weekly,KOSPI200,institution,011790,SKC,159054,221821,62767,14688051250,20689372950,6001321700,KRX MDCSTAT02401_OUT
weekly,KOSPI200,institution,051900,LG생활건강,66022,86718,20696,18969678500,24965537500,5995859000,KRX MDCSTAT02401_OUT
weekly,KOSPI200,institution,003550,LG,223332,273135,49803,25270240250,31222699200,5952458950,KRX MDCSTAT02401_OUT
weekly,KOSPI200,institution,021240,코웨이,179676,225756,46080,17920224300,22703248200,4783023900,KRX MDCSTAT02401_OUT
weekly,KOSPI200,institution,373220,LG에너지솔루션,448534,458003,9469,158659488750,163068718250,4409229500,KRX MDCSTAT02401_OUT
weekly,KOSPI200,institution,008930,한미사이언스,89570,166374,76804,4651773600,8656780400,4005006800,KRX MDCSTAT02401_OUT
weekly,KOSPI200,institution,139130,iM금융지주,466676,673431,206755,8506599880,12318196900,3811597020,KRX MDCSTAT02401_OUT
weekly,KOSPI200,institution,035720,카카오,984195,1089303,105108,33295420775,37064593750,3769172975,KRX MDCSTAT02401_OUT
weekly,KOSPI200,institution,011170,롯데케미칼,202328,258094,55766,12431558950,16004024800,3572465850,KRX MDCSTAT02401_OUT
weekly,KOSPI200,institution,036460,한국가스공사,150248,243642,93394,5274714550,8659508500,3384793950,KRX MDCSTAT02401_OUT
weekly,KOSPI200,institution,017800,현대엘리베이터,106085,151943,45858,7816821750,11197491600,3380669850,KRX MDCSTAT02401_OUT
weekly,KOSPI200,institution,032640,LG유플러스,789852,984817,194965,11555350460,14427186405,2871835945,KRX MDCSTAT02401_OUT
weekly,KOSPI200,institution,024110,기업은행,806762,935293,128531,16435519140,19088526270,2653007130,KRX MDCSTAT02401_OUT
weekly,KOSPI200,institution,377300,카카오페이,156736,213286,56550,6322755650,8751397475,2428641825,KRX MDCSTAT02401_OUT
weekly,KOSPI200,institution,009240,한샘,15179,74666,59487,602563200,2972561875,2369998675,KRX MDCSTAT02401_OUT
weekly,KOSPI200,institution,004370,농심,20845,26288,5443,8302827750,10490974000,2188146250,KRX MDCSTAT02401_OUT
weekly,KOSPI200,institution,007340,DN오토모티브,188305,230731,42426,9251568175,11386695400,2135127225,KRX MDCSTAT02401_OUT
weekly,KOSPI200,institution,003670,포스코퓨처엠,487203,494089,6886,88072187850,90196526100,2124338250,KRX MDCSTAT02401_OUT
weekly,KOSPI200,institution,103140,풍산,82310,108612,26302,6408864150,8496649150,2087785000,KRX MDCSTAT02401_OUT
weekly,KOSPI200,institution,004990,롯데지주,90500,167679,77179,2198778400,4075329525,1876551125,KRX MDCSTAT02401_OUT
weekly,KOSPI200,institution,192820,코스맥스,102877,109247,6370,27980597000,29848618000,1868021000,KRX MDCSTAT02401_OUT
weekly,KOSPI200,institution,180640,한진칼,86416,97551,11135,11909416400,13556933600,1647517200,KRX MDCSTAT02401_OUT
weekly,KOSPI200,institution,005830,DB손해보험,218527,224589,6062,40791955300,42153218650,1361263350,KRX MDCSTAT02401_OUT
weekly,KOSPI200,institution,000240,한국앤컴퍼니,99033,150824,51791,2448753775,3739345475,1290591700,KRX MDCSTAT02401_OUT
weekly,KOSPI200,institution,030000,제일기획,606341,672829,66488,11072301905,12300008125,1227706220,KRX MDCSTAT02401_OUT
weekly,KOSPI200,institution,457190,이수스페셜티케미컬,170158,183083,12925,12139834500,13328908950,1189074450,KRX MDCSTAT02401_OUT
weekly,KOSPI200,institution,012750,에스원,80448,93158,12710,6652809000,7713220200,1060411200,KRX MDCSTAT02401_OUT
weekly,KOSPI200,institution,000670,영풍,49769,74408,24639,2147564950,3190030025,1042465075,KRX MDCSTAT02401_OUT
weekly,KOSPI200,institution,139480,이마트,66340,77694,11354,4759231300,5591347200,832115900,KRX MDCSTAT02401_OUT
weekly,KOSPI200,institution,307950,현대오토에버,45312,46609,1297,17002001000,17698289750,696288750,KRX MDCSTAT02401_OUT
weekly,KOSPI200,institution,081660,미스토홀딩스,151684,165902,14218,5738585000,6293493950,554908950,KRX MDCSTAT02401_OUT
weekly,KOSPI200,institution,034230,파라다이스,125520,170398,44878,1191226475,1621863375,430636900,KRX MDCSTAT02401_OUT
weekly,KOSPI200,institution,002030,아세아,2569,4161,1592,528178600,861593500,333414900,KRX MDCSTAT02401_OUT
weekly,KOSPI200,institution,001680,대상,62659,80034,17375,1128299490,1446344690,318045200,KRX MDCSTAT02401_OUT
weekly,KOSPI200,institution,003240,태광산업,1672,2012,340,1510260500,1819750500,309490000,KRX MDCSTAT02401_OUT
weekly,KOSPI200,institution,071320,지역난방공사,13044,16838,3794,1021859400,1320568700,298709300,KRX MDCSTAT02401_OUT
weekly,KOSPI200,institution,069620,대웅제약,21590,23743,2153,2313424850,2545331750,231906900,KRX MDCSTAT02401_OUT
weekly,KOSPI200,institution,069260,TKG휴켐스,61211,73945,12734,986492590,1195261205,208768615,KRX MDCSTAT02401_OUT
weekly,KOSPI200,institution,005420,코스모화학,85526,104424,18898,876220785,1076173010,199952225,KRX MDCSTAT02401_OUT
weekly,KOSPI200,institution,298050,HS효성첨단소재,10157,11257,1100,1633572400,1817292850,183720450,KRX MDCSTAT02401_OUT
weekly,KOSPI200,institution,008730,율촌화학,30197,42264,12067,444206850,622704685,178497835,KRX MDCSTAT02401_OUT
weekly,KOSPI200,institution,300720,한일시멘트,82198,86588,4390,1328903200,1401687970,72784770,KRX MDCSTAT02401_OUT
weekly,KOSPI200,institution,137310,에스디바이오센서,84988,85778,790,517108605,523411375,6302770,KRX MDCSTAT02401_OUT
weekly,KOSPI200,institution,268280,미원에스씨,2004,1972,-32,263203150,260430850,-2772300,KRX MDCSTAT02401_OUT
weekly,KOSPI200,institution,026960,동서,82958,82022,-936,2116567325,2098807025,-17760300,KRX MDCSTAT02401_OUT
weekly,KOSPI200,institution,014820,동원시스템즈,33060,32071,-989,692756850,674539250,-18217600,KRX MDCSTAT02401_OUT
weekly,KOSPI200,institution,007310,오뚜기,3506,3405,-101,1102392750,1074974000,-27418750,KRX MDCSTAT02401_OUT
weekly,KOSPI200,institution,002840,미원상사,3985,3704,-281,541073750,505243300,-35830450,KRX MDCSTAT02401_OUT
weekly,KOSPI200,institution,002790,아모레퍼시픽홀딩스,77443,75580,-1863,2034720750,1994566950,-40153800,KRX MDCSTAT02401_OUT
weekly,KOSPI200,institution,007700,F&F홀딩스,8139,2861,-5278,108685040,38298930,-70386110,KRX MDCSTAT02401_OUT
weekly,KOSPI200,institution,003030,세아제강지주,57934,55670,-2264,6277199700,6195882700,-81317000,KRX MDCSTAT02401_OUT
weekly,KOSPI200,institution,001800,오리온홀딩스,84821,80413,-4408,2010108000,1908864850,-101243150,KRX MDCSTAT02401_OUT
weekly,KOSPI200,institution,280360,롯데웰푸드,23677,22314,-1363,2948095100,2782890200,-165204900,KRX MDCSTAT02401_OUT
weekly,KOSPI200,institution,009970,영원무역홀딩스,13700,12685,-1015,2258270950,2091647150,-166623800,KRX MDCSTAT02401_OUT
weekly,KOSPI200,institution,005300,롯데칠성,11315,8764,-2551,1078255400,835924850,-242330550,KRX MDCSTAT02401_OUT
weekly,KOSPI200,institution,003090,대웅,108322,91062,-17260,1700691090,1437502735,-263188355,KRX MDCSTAT02401_OUT
weekly,KOSPI200,institution,0126Z0,삼성에피스홀딩스,19338,18017,-1321,6479088000,6150627500,-328460500,KRX MDCSTAT02401_OUT
weekly,KOSPI200,institution,323410,카카오뱅크,909950,886458,-23492,18247203815,17866096010,-381107805,KRX MDCSTAT02401_OUT
weekly,KOSPI200,institution,073240,금호타이어,472619,413117,-59502,3178747440,2792068835,-386678605,KRX MDCSTAT02401_OUT
weekly,KOSPI200,institution,185750,종근당,19471,12762,-6709,1256459400,825056850,-431402550,KRX MDCSTAT02401_OUT
weekly,KOSPI200,institution,138930,BNK금융지주,776584,746377,-30207,12391128285,11955803485,-435324800,KRX MDCSTAT02401_OUT
weekly,KOSPI200,institution,028670,팬오션,2306899,2212109,-94790,13196509195,12746832315,-449676880,KRX MDCSTAT02401_OUT
weekly,KOSPI200,institution,000080,하이트진로,120297,88539,-31758,1800819610,1329648675,-471170935,KRX MDCSTAT02401_OUT
weekly,KOSPI200,institution,022100,포스코DX,239604,215523,-24081,4812663385,4338565395,-474097990,KRX MDCSTAT02401_OUT
weekly,KOSPI200,institution,006040,동원산업,37585,21611,-15974,1324730300,765085350,-559644950,KRX MDCSTAT02401_OUT
weekly,KOSPI200,institution,051910,LG화학,252085,248851,-3234,64057608750,63439301250,-618307500,KRX MDCSTAT02401_OUT
weekly,KOSPI200,institution,035250,강원랜드,364062,317309,-46753,5225221650,4558314735,-666906915,KRX MDCSTAT02401_OUT
weekly,KOSPI200,institution,011210,현대위아,46294,31223,-15071,2458442850,1663427500,-795015350,KRX MDCSTAT02401_OUT
weekly,KOSPI200,institution,302440,SK바이오사이언스,95429,71628,-23801,3424013150,2575371875,-848641275,KRX MDCSTAT02401_OUT
weekly,KOSPI200,institution,326030,SK바이오팜,83494,71628,-11866,6315752750,5429004500,-886748250,KRX MDCSTAT02401_OUT
weekly,KOSPI200,institution,051600,한전KPS,162466,139194,-23272,7313606700,6338483025,-975123675,KRX MDCSTAT02401_OUT
weekly,KOSPI200,institution,483650,달바글로벌,121548,114068,-7480,22101669900,21081160200,-1020509700,KRX MDCSTAT02401_OUT
weekly,KOSPI200,institution,000210,DL,89955,67108,-22847,4570059650,3433160150,-1136899500,KRX MDCSTAT02401_OUT
weekly,KOSPI200,institution,006280,녹십자,27229,17399,-9830,3354632650,2147555500,-1207077150,KRX MDCSTAT02401_OUT
weekly,KOSPI200,institution,450080,에코프로머티,378146,335000,-43146,13176490650,11745530675,-1430959975,KRX MDCSTAT02401_OUT
weekly,KOSPI200,institution,000880,한화,67604,55627,-11977,8758521850,7222603700,-1535918150,KRX MDCSTAT02401_OUT
weekly,KOSPI200,institution,443060,HD현대마린솔루션,80899,74082,-6817,19267832250,17689522500,-1578309750,KRX MDCSTAT02401_OUT
weekly,KOSPI200,institution,192080,더블유게임즈,71623,44171,-27452,4179566250,2582284200,-1597282050,KRX MDCSTAT02401_OUT
weekly,KOSPI200,institution,111770,영원무역,72669,49503,-23166,5094141650,3492218250,-1601923400,KRX MDCSTAT02401_OUT
weekly,KOSPI200,institution,282330,BGF리테일,60646,48410,-12236,8004207450,6401796400,-1602411050,KRX MDCSTAT02401_OUT
weekly,KOSPI200,institution,097950,CJ제일제당,74095,64597,-9498,13081459050,11458323950,-1623135100,KRX MDCSTAT02401_OUT
weekly,KOSPI200,institution,251270,넷마블,177364,128378,-48986,6156330225,4464660550,-1691669675,KRX MDCSTAT02401_OUT
weekly,KOSPI200,institution,004000,롯데정밀화학,80962,39970,-40992,3516351175,1741236150,-1775115025,KRX MDCSTAT02401_OUT
weekly,KOSPI200,institution,000120,CJ대한통운,51119,24963,-26156,3602036150,1759987850,-1842048300,KRX MDCSTAT02401_OUT
weekly,KOSPI200,institution,454910,두산로보틱스,127104,98434,-28670,8852732150,6881284850,-1971447300,KRX MDCSTAT02401_OUT
weekly,KOSPI200,institution,002380,KCC,20257,15873,-4384,9572546500,7504114500,-2068432000,KRX MDCSTAT02401_OUT
weekly,KOSPI200,institution,039490,키움증권,91592,82399,-9193,23656275250,21484217000,-2172058250,KRX MDCSTAT02401_OUT
weekly,KOSPI200,institution,285130,SK케미칼,99784,53201,-46583,5012229400,2681791475,-2330437925,KRX MDCSTAT02401_OUT
weekly,KOSPI200,institution,005850,에스엘,117339,68691,-48648,5753143425,3406190925,-2346952500,KRX MDCSTAT02401_OUT
weekly,KOSPI200,institution,001040,CJ,129773,111068,-18705,17244153050,14842318850,-2401834200,KRX MDCSTAT02401_OUT
weekly,KOSPI200,institution,017960,한국카본,191097,70906,-120191,3859607225,1436340840,-2423266385,KRX MDCSTAT02401_OUT
weekly,KOSPI200,institution,006800,미래에셋증권,1347046,1252389,-94657,43346845350,40847412825,-2499432525,KRX MDCSTAT02401_OUT
weekly,KOSPI200,institution,034220,LG디스플레이,1159344,821049,-338295,9783495825,6957815050,-2825680775,KRX MDCSTAT02401_OUT
weekly,KOSPI200,institution,316140,우리금융지주,2378305,2283824,-94481,84653430050,81528428925,-3125001125,KRX MDCSTAT02401_OUT
weekly,KOSPI200,institution,008770,호텔신라,162528,79390,-83138,6494477975,3190026750,-3304451225,KRX MDCSTAT02401_OUT
weekly,KOSPI200,institution,028260,삼성물산,378509,367898,-10611,134632078250,131250107750,-3381970500,KRX MDCSTAT02401_OUT
weekly,KOSPI200,institution,047810,한국항공우주,236350,205920,-30430,30307726400,26439343100,-3868383300,KRX MDCSTAT02401_OUT
weekly,KOSPI200,institution,007070,GS리테일,284120,113600,-170520,6488954225,2596724725,-3892229500,KRX MDCSTAT02401_OUT
weekly,KOSPI200,institution,006650,대한유화,59984,17656,-42328,5532871950,1637628100,-3895243850,KRX MDCSTAT02401_OUT
weekly,KOSPI200,institution,204320,HL만도,185414,94544,-90870,8522741625,4357230525,-4165511100,KRX MDCSTAT02401_OUT
weekly,KOSPI200,institution,402340,SK스퀘어,738954,731946,-7008,839357943500,835106885000,-4251058500,KRX MDCSTAT02401_OUT
weekly,KOSPI200,institution,071050,한국금융지주,300966,273914,-27052,54840603950,50532895300,-4307708650,KRX MDCSTAT02401_OUT
weekly,KOSPI200,institution,047050,포스코인터내셔널,611289,528103,-83186,34029008800,29703850700,-4325158100,KRX MDCSTAT02401_OUT
weekly,KOSPI200,institution,271560,오리온,110993,67707,-43286,12157947600,7462892600,-4695055000,KRX MDCSTAT02401_OUT
weekly,KOSPI200,institution,011200,HMM,806068,574077,-231991,16897724350,12097670975,-4800053375,KRX MDCSTAT02401_OUT
weekly,KOSPI200,institution,009540,HD한국조선해양,170903,156476,-14427,56634841750,51706518500,-4928323250,KRX MDCSTAT02401_OUT
weekly,KOSPI200,institution,088350,한화생명,3099876,2202845,-897031,17414423155,12460405940,-4954017215,KRX MDCSTAT02401_OUT
weekly,KOSPI200,institution,120110,코오롱인더,180252,89145,-91107,9857034400,4902328100,-4954706300,KRX MDCSTAT02401_OUT
weekly,KOSPI200,institution,028050,삼성E&A,1133491,1021430,-112061,55474780275,50506371875,-4968408400,KRX MDCSTAT02401_OUT
weekly,KOSPI200,institution,241560,두산밥캣,208772,112652,-96120,11781896850,6397210750,-5384686100,KRX MDCSTAT02401_OUT
weekly,KOSPI200,institution,011780,금호석유화학,79050,31304,-47746,9218364250,3654617800,-5563746450,KRX MDCSTAT02401_OUT
weekly,KOSPI200,institution,064400,LG씨엔에스,268832,175596,-93236,18807763100,12342832650,-6464930450,KRX MDCSTAT02401_OUT
weekly,KOSPI200,institution,093370,후성,1848288,1355987,-492301,26277373415,19716730950,-6560642465,KRX MDCSTAT02401_OUT
weekly,KOSPI200,institution,029780,삼성카드,289720,109543,-180177,12405055675,4681395100,-7723660575,KRX MDCSTAT02401_OUT
weekly,KOSPI200,institution,001440,대한전선,1216410,967995,-248415,38004112125,30028827150,-7975284975,KRX MDCSTAT02401_OUT
weekly,KOSPI200,institution,023530,롯데쇼핑,168009,89669,-78340,17569840300,9460012250,-8109828050,KRX MDCSTAT02401_OUT
weekly,KOSPI200,institution,298020,효성티앤씨,40258,11394,-28864,11752186750,3428813000,-8323373750,KRX MDCSTAT02401_OUT
weekly,KOSPI200,institution,000100,유한양행,324689,208391,-116298,23954210700,15382440650,-8571770050,KRX MDCSTAT02401_OUT
weekly,KOSPI200,institution,018260,삼성에스디에스,128214,88824,-39390,28226680750,19639624500,-8587056250,KRX MDCSTAT02401_OUT
weekly,KOSPI200,institution,030200,KT,663843,494706,-169137,34974938650,26149460150,-8825478500,KRX MDCSTAT02401_OUT
weekly,KOSPI200,institution,071970,HD현대마린엔진,288070,105084,-182986,14028018550,5175505200,-8852513350,KRX MDCSTAT02401_OUT
weekly,KOSPI200,institution,032830,삼성생명,323010,287597,-35413,93564995500,83863710250,-9701285250,KRX MDCSTAT02401_OUT
weekly,KOSPI200,institution,267250,HD현대,182002,133368,-48634,37455128250,27506907250,-9948221000,KRX MDCSTAT02401_OUT
weekly,KOSPI200,institution,375500,DL이앤씨,438512,307307,-131205,35412557800,24998016800,-10414541000,KRX MDCSTAT02401_OUT
weekly,KOSPI200,institution,259960,크래프톤,132084,79143,-52941,26206482000,15778255100,-10428226900,KRX MDCSTAT02401_OUT
weekly,KOSPI200,institution,161890,한국콜마,222267,148827,-73440,32788904300,22025943600,-10762960700,KRX MDCSTAT02401_OUT
weekly,KOSPI200,institution,069960,현대백화점,164863,42529,-122334,15175408850,4006428550,-11168980300,KRX MDCSTAT02401_OUT
weekly,KOSPI200,institution,001450,현대해상,678952,440803,-238149,32703628775,21451536650,-11252092125,KRX MDCSTAT02401_OUT
weekly,KOSPI200,institution,161390,한국타이어앤테크놀로지,383622,186895,-196727,22293243150,10913001950,-11380241200,KRX MDCSTAT02401_OUT
weekly,KOSPI200,institution,267260,HD현대일렉트릭,122517,104797,-17720,84456562000,72734712000,-11721850000,KRX MDCSTAT02401_OUT
weekly,KOSPI200,institution,086790,하나금융지주,1078687,982441,-96246,143437539450,131177146000,-12260393450,KRX MDCSTAT02401_OUT
weekly,KOSPI200,institution,009420,한올바이오파마,543168,248466,-294702,24014492125,11071528875,-12942963250,KRX MDCSTAT02401_OUT
weekly,KOSPI200,institution,068270,셀트리온,487835,414483,-73352,86967416050,73978364250,-12989051800,KRX MDCSTAT02401_OUT
weekly,KOSPI200,institution,082740,한화엔진,781309,494525,-286784,37603038625,24155561525,-13447477100,KRX MDCSTAT02401_OUT
weekly,KOSPI200,institution,079550,LIG디펜스앤에어로스페이스,112562,90612,-21950,77794281500,62977726000,-14816555500,KRX MDCSTAT02401_OUT
weekly,KOSPI200,institution,352820,하이브,313362,209905,-103457,49657570550,33475282800,-16182287750,KRX MDCSTAT02401_OUT
weekly,KOSPI200,institution,052690,한전기술,480481,327021,-153460,62200940800,43117337750,-19083603050,KRX MDCSTAT02401_OUT
weekly,KOSPI200,institution,033780,KT&G,359843,246484,-113359,62735941000,43179186050,-19556754950,KRX MDCSTAT02401_OUT
weekly,KOSPI200,institution,064350,현대로템,502500,328843,-173657,57822427150,37990097250,-19832329900,KRX MDCSTAT02401_OUT
weekly,KOSPI200,institution,010120,LS ELECTRIC,419406,316278,-103128,86644636000,65616044250,-21028591750,KRX MDCSTAT02401_OUT
weekly,KOSPI200,institution,004020,현대제철,1388245,688377,-699868,43971559775,22285449050,-21686110725,KRX MDCSTAT02401_OUT
weekly,KOSPI200,institution,004170,신세계,107090,43156,-63934,37032896000,15025568750,-22007327250,KRX MDCSTAT02401_OUT
weekly,KOSPI200,institution,278470,에이피알,222282,158755,-63527,80820703250,58118855000,-22701848250,KRX MDCSTAT02401_OUT
weekly,KOSPI200,institution,207940,삼성바이오로직스,66679,50092,-16587,92345638500,69497031000,-22848607500,KRX MDCSTAT02401_OUT
weekly,KOSPI200,institution,005380,현대차,658789,584854,-73935,232990232750,207620596500,-25369636250,KRX MDCSTAT02401_OUT
weekly,KOSPI200,institution,015760,한국전력,2395870,1512781,-883089,72784204100,46227544075,-26556660025,KRX MDCSTAT02401_OUT
weekly,KOSPI200,institution,017670,SK텔레콤,951158,636090,-315068,82426250200,55297738950,-27128511250,KRX MDCSTAT02401_OUT
weekly,KOSPI200,institution,010130,고려아연,42889,17522,-25367,46260297500,19129992000,-27130305500,KRX MDCSTAT02401_OUT
weekly,KOSPI200,institution,267270,HD건설기계,407243,184354,-222889,52826975300,24326616850,-28500358450,KRX MDCSTAT02401_OUT
weekly,KOSPI200,institution,012450,한화에어로스페이스,148056,119129,-28927,152296510000,122783687500,-29512822500,KRX MDCSTAT02401_OUT
weekly,KOSPI200,institution,298040,효성중공업,40712,29950,-10762,115426168500,85730361500,-29695807000,KRX MDCSTAT02401_OUT
weekly,KOSPI200,institution,086280,현대글로비스,276654,120147,-156507,54898279450,23898036050,-31000243400,KRX MDCSTAT02401_OUT
weekly,KOSPI200,institution,005490,POSCO홀딩스,349982,244345,-105637,108762161750,76035784250,-32726377500,KRX MDCSTAT02401_OUT
weekly,KOSPI200,institution,047040,대우건설,6405429,4407157,-1998272,114841459950,81110036300,-33731423650,KRX MDCSTAT02401_OUT
weekly,KOSPI200,institution,010140,삼성중공업,3595074,1776869,-1818205,71387340340,35497183315,-35890157025,KRX MDCSTAT02401_OUT
weekly,KOSPI200,institution,078930,GS,915989,536043,-379946,100571533700,59465566050,-41105967650,KRX MDCSTAT02401_OUT
weekly,KOSPI200,institution,042660,한화오션,989216,402790,-586426,78856900100,32273649800,-46583250300,KRX MDCSTAT02401_OUT
weekly,KOSPI200,institution,003230,삼양식품,71871,28338,-43533,88433327500,34711177500,-53722150000,KRX MDCSTAT02401_OUT
weekly,KOSPI200,institution,000270,기아,1169440,703954,-465486,136097924750,82060284400,-54037640350,KRX MDCSTAT02401_OUT
weekly,KOSPI200,institution,000720,현대건설,1276016,730895,-545121,156551059600,91476780750,-65074278850,KRX MDCSTAT02401_OUT
weekly,KOSPI200,institution,329180,HD현대중공업,356570,186762,-169808,156216499500,82423395000,-73793104500,KRX MDCSTAT02401_OUT
weekly,KOSPI200,institution,006400,삼성SDI,547725,365719,-182006,285087613000,190893434000,-94194179000,KRX MDCSTAT02401_OUT
weekly,KOSPI200,institution,035420,NAVER,1119713,623498,-496215,219902460550,123572407500,-96330053050,KRX MDCSTAT02401_OUT
weekly,KOSPI200,institution,034020,두산에너빌리티,3622005,2167414,-1454591,298121788700,179557090100,-118564698600,KRX MDCSTAT02401_OUT
weekly,KOSPI200,institution,005930,삼성전자,33853992,31694187,-2159805,9334976496000,8757602226000,-577374270000,KRX MDCSTAT02401_OUT
weekly,KOSPI200,institution,000660,SK하이닉스,4516660,4112211,-404449,8213226982500,7489540921000,-723686061500,KRX MDCSTAT02401_OUT
weekly,KOSDAQ150,foreign,036930,주성엔지니어링,1124046,1487076,363030,241550761000,320893214250,79342453250,KRX MDCSTAT02401_OUT
weekly,KOSDAQ150,foreign,222800,심텍,1133445,1573491,440046,169618970000,235156549800,65537579800,KRX MDCSTAT02401_OUT
weekly,KOSDAQ150,foreign,036540,SFA반도체,6306395,11894802,5588407,67071794045,125759092295,58687298250,KRX MDCSTAT02401_OUT
weekly,KOSDAQ150,foreign,403870,HPSP,2816241,3790511,974270,167430489450,224351937550,56921448100,KRX MDCSTAT02401_OUT
weekly,KOSDAQ150,foreign,095610,테스,309155,454682,145527,51129284000,73833490500,22704206500,KRX MDCSTAT02401_OUT
weekly,KOSDAQ150,foreign,098460,고영,1252592,1997196,744604,37273139600,59436282550,22163142950,KRX MDCSTAT02401_OUT
weekly,KOSDAQ150,foreign,247540,에코프로비엠,664085,864206,200121,71321737750,92652215050,21330477300,KRX MDCSTAT02401_OUT
weekly,KOSDAQ150,foreign,298380,에이비엘바이오,626941,962241,335300,31402625650,48318207200,16915581550,KRX MDCSTAT02401_OUT
weekly,KOSDAQ150,foreign,089030,테크윙,688026,1019973,331947,34314113600,50854612425,16540498825,KRX MDCSTAT02401_OUT
weekly,KOSDAQ150,foreign,214450,파마리서치,88441,140238,51797,28236187750,44342052500,16105864750,KRX MDCSTAT02401_OUT
weekly,KOSDAQ150,foreign,086520,에코프로,603921,776728,172807,48217939900,62570099950,14352160050,KRX MDCSTAT02401_OUT
weekly,KOSDAQ150,foreign,241710,코스메카코리아,182651,293004,110353,22306446800,35964521600,13658074800,KRX MDCSTAT02401_OUT
weekly,KOSDAQ150,foreign,196170,알테오젠,312963,363753,50790,79230064250,92022030000,12791965750,KRX MDCSTAT02401_OUT
weekly,KOSDAQ150,foreign,043260,성호전자,3482018,3904287,422269,91000551925,102411063550,11410511625,KRX MDCSTAT02401_OUT
weekly,KOSDAQ150,foreign,096530,씨젠,490194,801341,311147,16895000471,27571487846,10676487375,KRX MDCSTAT02401_OUT
weekly,KOSDAQ150,foreign,078600,대주전자재료,225545,320501,94956,20327497650,29239133100,8911635450,KRX MDCSTAT02401_OUT
weekly,KOSDAQ150,foreign,131290,티에스이,99100,128993,29893,28488873000,37106870000,8617997000,KRX MDCSTAT02401_OUT
weekly,KOSDAQ150,foreign,031980,피에스케이홀딩스,137782,177313,39531,23397514750,30341439950,6943925200,KRX MDCSTAT02401_OUT
weekly,KOSDAQ150,foreign,053800,안랩,163970,258988,95018,12226071300,19092841550,6866770250,KRX MDCSTAT02401_OUT
weekly,KOSDAQ150,foreign,080220,제주반도체,1107343,1185758,78415,85685914650,91944470450,6258555800,KRX MDCSTAT02401_OUT
weekly,KOSDAQ150,foreign,347850,디앤디파마텍,579417,694724,115307,25240316775,30007571625,4767254850,KRX MDCSTAT02401_OUT
weekly,KOSDAQ150,foreign,183300,코미코,810268,929557,119289,26221320875,29835665575,3614344700,KRX MDCSTAT02401_OUT
weekly,KOSDAQ150,foreign,161580,필옵틱스,857001,945941,88940,31458718500,34858062200,3399343700,KRX MDCSTAT02401_OUT
weekly,KOSDAQ150,foreign,006730,서부T&D,424705,671754,247049,4614399265,7414480875,2800081610,KRX MDCSTAT02401_OUT
weekly,KOSDAQ150,foreign,030530,원익홀딩스,2114110,2207941,93831,59891747600,62340804950,2449057350,KRX MDCSTAT02401_OUT
weekly,KOSDAQ150,foreign,237690,에스티팜,87022,112967,25945,8032793600,10434674750,2401881150,KRX MDCSTAT02401_OUT
weekly,KOSDAQ150,foreign,124500,아이티센글로벌,158492,238893,80401,4648678875,6957327775,2308648900,KRX MDCSTAT02401_OUT
weekly,KOSDAQ150,foreign,293490,카카오게임즈,404446,647533,243087,3757882370,6042903895,2285021525,KRX MDCSTAT02401_OUT
weekly,KOSDAQ150,foreign,025980,아난티,2089653,2556510,466857,10744417601,12944551147,2200133546,KRX MDCSTAT02401_OUT
weekly,KOSDAQ150,foreign,171090,선익시스템,58101,87570,29469,4069088450,6223650000,2154561550,KRX MDCSTAT02401_OUT
weekly,KOSDAQ150,foreign,032500,케이엠더블유,266564,370670,104106,5099985575,7059673855,1959688280,KRX MDCSTAT02401_OUT
weekly,KOSDAQ150,foreign,033100,제룡전기,89712,129611,39899,4276250075,6198264975,1922014900,KRX MDCSTAT02401_OUT
weekly,KOSDAQ150,foreign,0009K0,에임드바이오,188357,272550,84193,4071005000,5917219125,1846214125,KRX MDCSTAT02401_OUT
weekly,KOSDAQ150,foreign,056190,SFA,129778,195017,65239,3674472425,5504675775,1830203350,KRX MDCSTAT02401_OUT
weekly,KOSDAQ150,foreign,014620,성광벤드,246944,305273,58329,7757045925,9510509700,1753463775,KRX MDCSTAT02401_OUT
weekly,KOSDAQ150,foreign,399720,가온칩스,190572,225388,34816,8867284075,10447641350,1580357275,KRX MDCSTAT02401_OUT
weekly,KOSDAQ150,foreign,078340,컴투스,158418,196830,38412,5802336775,7169636425,1367299650,KRX MDCSTAT02401_OUT
weekly,KOSDAQ150,foreign,068760,셀트리온제약,97815,131902,34087,3787408125,5127387975,1339979850,KRX MDCSTAT02401_OUT
weekly,KOSDAQ150,foreign,060250,NHN KCP,233553,325132,91579,3124973280,4358992035,1234018755,KRX MDCSTAT02401_OUT
weekly,KOSDAQ150,foreign,323280,태성,784022,803613,19591,40053416050,41276505950,1223089900,KRX MDCSTAT02401_OUT
weekly,KOSDAQ150,foreign,052400,코나아이,54455,86184,31729,2062949975,3272821650,1209871675,KRX MDCSTAT02401_OUT
weekly,KOSDAQ150,foreign,226950,올릭스,234746,246811,12065,24352303350,25540318400,1188015050,KRX MDCSTAT02401_OUT
weekly,KOSDAQ150,foreign,033500,동성화인텍,158787,232808,74021,2535342405,3696816095,1161473690,KRX MDCSTAT02401_OUT
weekly,KOSDAQ150,foreign,050890,쏠리드,1363429,1478185,114756,13082451690,14215773885,1133322195,KRX MDCSTAT02401_OUT
weekly,KOSDAQ150,foreign,025320,시노펙스,661671,914653,252982,2512216246,3472656272,960440026,KRX MDCSTAT02401_OUT
weekly,KOSDAQ150,foreign,348210,넥스틴,88635,115228,26593,3039528275,3940526550,900998275,KRX MDCSTAT02401_OUT
weekly,KOSDAQ150,foreign,065350,신성델타테크,123728,151135,27407,3821720125,4707923050,886202925,KRX MDCSTAT02401_OUT
weekly,KOSDAQ150,foreign,278280,천보,59721,83117,23396,2091312375,2922595375,831283000,KRX MDCSTAT02401_OUT
weekly,KOSDAQ150,foreign,030520,한컴,162991,208139,45148,2787722200,3591690690,803968490,KRX MDCSTAT02401_OUT
weekly,KOSDAQ150,foreign,290650,엘앤씨바이오,288461,310446,21985,14134221950,14920954750,786732800,KRX MDCSTAT02401_OUT
weekly,KOSDAQ150,foreign,215200,메가스터디교육,138378,159686,21308,5045792300,5831468425,785676125,KRX MDCSTAT02401_OUT
weekly,KOSDAQ150,foreign,007390,네이처셀,283541,307327,23786,6960601225,7687150050,726548825,KRX MDCSTAT02401_OUT
weekly,KOSDAQ150,foreign,009520,포스코엠텍,140152,192370,52218,1738978685,2398305505,659326820,KRX MDCSTAT02401_OUT
weekly,KOSDAQ150,foreign,166090,하나머티리얼즈,160335,170884,10549,9370414850,9951485250,581070400,KRX MDCSTAT02401_OUT
weekly,KOSDAQ150,foreign,032190,다우데이타,73836,102388,28552,1444635155,2019183125,574547970,KRX MDCSTAT02401_OUT
weekly,KOSDAQ150,foreign,213420,덕산네오룩스,176571,193670,17099,5173918950,5666201850,492282900,KRX MDCSTAT02401_OUT
weekly,KOSDAQ150,foreign,074600,원익QnC,258154,278273,20119,7670694450,8153267550,482573100,KRX MDCSTAT02401_OUT
weekly,KOSDAQ150,foreign,083650,비에이치아이,519967,524928,4961,31789338700,32258463350,469124650,KRX MDCSTAT02401_OUT
weekly,KOSDAQ150,foreign,039200,오스코텍,172404,184759,12355,6168040600,6590225775,422185175,KRX MDCSTAT02401_OUT
weekly,KOSDAQ150,foreign,003380,하림지주,413663,449333,35670,4508686900,4926127505,417440605,KRX MDCSTAT02401_OUT
weekly,KOSDAQ150,foreign,036620,감성코퍼레이션,367725,480871,113146,1359336321,1771875215,412538894,KRX MDCSTAT02401_OUT
weekly,KOSDAQ150,foreign,194480,데브시스터즈,56037,78136,22099,795542260,1117895630,322353370,KRX MDCSTAT02401_OUT
weekly,KOSDAQ150,foreign,038500,삼표시멘트,502880,550227,47347,3361906115,3677489735,315583620,KRX MDCSTAT02401_OUT
weekly,KOSDAQ150,foreign,036830,솔브레인홀딩스,102600,109879,7279,4194256775,4506722875,312466100,KRX MDCSTAT02401_OUT
weekly,KOSDAQ150,foreign,388720,유일로보틱스,25382,29729,4347,1731047700,2018179650,287131950,KRX MDCSTAT02401_OUT
weekly,KOSDAQ150,foreign,376300,디어유,185199,198898,13699,3269683080,3536146475,266463395,KRX MDCSTAT02401_OUT
weekly,KOSDAQ150,foreign,025900,동화기업,62425,94582,32157,427902705,652811450,224908745,KRX MDCSTAT02401_OUT
weekly,KOSDAQ150,foreign,445680,큐리옥스바이오시스템즈,165456,169409,3953,8657521750,8858111050,200589300,KRX MDCSTAT02401_OUT
weekly,KOSDAQ150,foreign,082270,젬백스,214211,230661,16450,2207206590,2384671925,177465335,KRX MDCSTAT02401_OUT
weekly,KOSDAQ150,foreign,090360,로보스타,106337,107083,746,8248066450,8421868950,173802500,KRX MDCSTAT02401_OUT
weekly,KOSDAQ150,foreign,348370,엔켐,581183,586532,5349,10889033010,11050046750,161013740,KRX MDCSTAT02401_OUT
weekly,KOSDAQ150,foreign,042000,카페24,662269,683442,21173,11992869435,12151870795,159001360,KRX MDCSTAT02401_OUT
weekly,KOSDAQ150,foreign,211050,인카금융서비스,97638,112824,15186,955271030,1111485810,156214780,KRX MDCSTAT02401_OUT
weekly,KOSDAQ150,foreign,263750,펄어비스,466867,472282,5415,15653389700,15768007525,114617825,KRX MDCSTAT02401_OUT
weekly,KOSDAQ150,foreign,272290,이녹스첨단소재,158545,158946,401,3358241250,3369237675,10996425,KRX MDCSTAT02401_OUT
weekly,KOSDAQ150,foreign,060280,큐렉소,337986,335630,-2356,2729882000,2736267020,6385020,KRX MDCSTAT02401_OUT
weekly,KOSDAQ150,foreign,100790,미래에셋벤처투자,578128,576066,-2062,10076080090,10061745810,-14334280,KRX MDCSTAT02401_OUT
weekly,KOSDAQ150,foreign,112040,위메이드,203409,199568,-3841,3081186040,3055815180,-25370860,KRX MDCSTAT02401_OUT
weekly,KOSDAQ150,foreign,048410,현대바이오,1064048,1055402,-8646,7356378690,7313506770,-42871920,KRX MDCSTAT02401_OUT
weekly,KOSDAQ150,foreign,015750,성우하이텍,265887,256395,-9492,1546977445,1495898195,-51079250,KRX MDCSTAT02401_OUT
weekly,KOSDAQ150,foreign,352480,씨앤씨인터내셔널,22239,18934,-3305,481815500,407938325,-73877175,KRX MDCSTAT02401_OUT
weekly,KOSDAQ150,foreign,253450,스튜디오드래곤,77161,71774,-5387,1574599100,1468020300,-106578800,KRX MDCSTAT02401_OUT
weekly,KOSDAQ150,foreign,101730,위메이드맥스,203368,162832,-40536,938364794,748476137,-189888657,KRX MDCSTAT02401_OUT
weekly,KOSDAQ150,foreign,475830,오름테라퓨틱,874424,886874,12450,21714276250,21462510225,-251766025,KRX MDCSTAT02401_OUT
weekly,KOSDAQ150,foreign,060370,LS마린솔루션,212175,201981,-10194,6927658775,6628253325,-299405450,KRX MDCSTAT02401_OUT
weekly,KOSDAQ150,foreign,214370,케어젠,134366,126500,-7866,5441917850,5112551950,-329365900,KRX MDCSTAT02401_OUT
weekly,KOSDAQ150,foreign,358570,지아이이노베이션,624990,571347,-53643,5346523500,4903429275,-443094225,KRX MDCSTAT02401_OUT
weekly,KOSDAQ150,foreign,069080,웹젠,206313,166439,-39874,2369854090,1910931850,-458922240,KRX MDCSTAT02401_OUT
weekly,KOSDAQ150,foreign,018290,브이티,434131,391631,-42500,5131968595,4660933260,-471035335,KRX MDCSTAT02401_OUT
weekly,KOSDAQ150,foreign,041190,우리기술투자,3299522,3227837,-71685,20506859095,20009693805,-497165290,KRX MDCSTAT02401_OUT
weekly,KOSDAQ150,foreign,437730,삼현,362477,358184,-4293,18776239750,18264914650,-511325100,KRX MDCSTAT02401_OUT
weekly,KOSDAQ150,foreign,095660,네오위즈,86372,57041,-29331,1541321685,1018388240,-522933445,KRX MDCSTAT02401_OUT
weekly,KOSDAQ150,foreign,417200,LS머트리얼즈,1984611,1933689,-50922,27447434430,26910522165,-536912265,KRX MDCSTAT02401_OUT
weekly,KOSDAQ150,foreign,214150,클래시스,161541,142387,-19154,4946824850,4368950475,-577874375,KRX MDCSTAT02401_OUT
weekly,KOSDAQ150,foreign,214430,아이쓰리시스템,48907,39263,-9644,3317576650,2655670200,-661906450,KRX MDCSTAT02401_OUT
weekly,KOSDAQ150,foreign,067160,SOOP,115344,93405,-21939,4220012275,3418042650,-801969625,KRX MDCSTAT02401_OUT
weekly,KOSDAQ150,foreign,035900,JYP Ent.,331209,307080,-24129,12536184700,11631947925,-904236775,KRX MDCSTAT02401_OUT
weekly,KOSDAQ150,foreign,189300,인텔리안테크,87586,73304,-14282,5998358850,5004150650,-994208200,KRX MDCSTAT02401_OUT
weekly,KOSDAQ150,foreign,122870,와이지엔터테인먼트,170915,144025,-26890,7350277950,6186736025,-1163541925,KRX MDCSTAT02401_OUT
weekly,KOSDAQ150,foreign,035760,CJ ENM,130490,100352,-30138,5046736800,3879120775,-1167616025,KRX MDCSTAT02401_OUT
weekly,KOSDAQ150,foreign,225570,넥슨게임즈,249077,138259,-110818,2680024900,1484813330,-1195211570,KRX MDCSTAT02401_OUT
weekly,KOSDAQ150,foreign,085660,차바이오텍,495628,322398,-173230,3996351930,2605871000,-1390480930,KRX MDCSTAT02401_OUT
weekly,KOSDAQ150,foreign,295310,에이치브이엠,269614,236069,-33545,16053583150,14012736600,-2040846550,KRX MDCSTAT02401_OUT
weekly,KOSDAQ150,foreign,036810,에프에스티,244600,174292,-70308,7537222750,5391502100,-2145720650,KRX MDCSTAT02401_OUT
weekly,KOSDAQ150,foreign,141080,리가켐바이오,280907,254473,-26434,22617960050,20437394100,-2180565950,KRX MDCSTAT02401_OUT
weekly,KOSDAQ150,foreign,082920,비츠로셀,406051,329022,-77029,11597868000,9404576275,-2193291725,KRX MDCSTAT02401_OUT
weekly,KOSDAQ150,foreign,125490,한라캐스트,1338206,1169698,-168508,16659899605,14433137865,-2226761740,KRX MDCSTAT02401_OUT
weekly,KOSDAQ150,foreign,195940,HK이노엔,194538,131186,-63352,7593357600,5120097550,-2473260050,KRX MDCSTAT02401_OUT
weekly,KOSDAQ150,foreign,121600,나노신소재,136884,88890,-47994,7369631050,4801377700,-2568253350,KRX MDCSTAT02401_OUT
weekly,KOSDAQ150,foreign,251970,펌텍코리아,130041,90297,-39744,7974576600,5333705950,-2640870650,KRX MDCSTAT02401_OUT
weekly,KOSDAQ150,foreign,253590,네오셈,1688961,1483109,-205852,23064613970,20324658330,-2739955640,KRX MDCSTAT02401_OUT
weekly,KOSDAQ150,foreign,232140,와이씨,4728318,4554004,-174314,68947218365,66197524055,-2749694310,KRX MDCSTAT02401_OUT
weekly,KOSDAQ150,foreign,137400,피엔티,294930,192878,-102052,8567271425,5654087550,-2913183875,KRX MDCSTAT02401_OUT
weekly,KOSDAQ150,foreign,420770,기가비스,216690,192864,-23826,26169234850,23153938100,-3015296750,KRX MDCSTAT02401_OUT
weekly,KOSDAQ150,foreign,056080,유진로봇,669637,378769,-290868,8106628790,4541665650,-3564963140,KRX MDCSTAT02401_OUT
weekly,KOSDAQ150,foreign,099320,쎄트렉아이,174860,128069,-46791,13661979700,10052204450,-3609775250,KRX MDCSTAT02401_OUT
weekly,KOSDAQ150,foreign,000250,삼천당제약,126795,103767,-23028,21000001750,17240839450,-3759162300,KRX MDCSTAT02401_OUT
weekly,KOSDAQ150,foreign,090710,휴림로봇,2077012,1463116,-613896,13218380985,9380476235,-3837904750,KRX MDCSTAT02401_OUT
weekly,KOSDAQ150,foreign,140860,파크시스템스,107245,91053,-16192,28354416000,24158854250,-4195561750,KRX MDCSTAT02401_OUT
weekly,KOSDAQ150,foreign,087010,펩트론,265065,243596,-21469,37650359650,33436202700,-4214156950,KRX MDCSTAT02401_OUT
weekly,KOSDAQ150,foreign,058610,에스피지,233217,191025,-42192,23390760150,19058059100,-4332701050,KRX MDCSTAT02401_OUT
weekly,KOSDAQ150,foreign,257720,실리콘투,939988,818080,-121908,36737248425,32369840725,-4367407700,KRX MDCSTAT02401_OUT
weekly,KOSDAQ150,foreign,281740,레이크머티리얼즈,1094416,687273,-407143,12146068525,7676629325,-4469439200,KRX MDCSTAT02401_OUT
weekly,KOSDAQ150,foreign,466100,클로봇,361594,162531,-199063,8267554575,3722959950,-4544594625,KRX MDCSTAT02401_OUT
weekly,KOSDAQ150,foreign,005290,동진쎄미켐,903491,778386,-125105,41694046125,35793850300,-5900195825,KRX MDCSTAT02401_OUT
weekly,KOSDAQ150,foreign,178320,서진시스템,2967423,2823352,-144071,107690014000,101709715475,-5980298525,KRX MDCSTAT02401_OUT
weekly,KOSDAQ150,foreign,310210,보로노이,182033,141164,-40869,25831094550,19791489200,-6039605350,KRX MDCSTAT02401_OUT
weekly,KOSDAQ150,foreign,204270,제이앤티씨,1426839,1151780,-275059,34568112825,28044125000,-6523987825,KRX MDCSTAT02401_OUT
weekly,KOSDAQ150,foreign,101490,에스앤에스텍,371527,219678,-151849,16390597250,9676549475,-6714047775,KRX MDCSTAT02401_OUT
weekly,KOSDAQ150,foreign,041510,에스엠,237526,144095,-93431,19587000650,11874524800,-7712475850,KRX MDCSTAT02401_OUT
weekly,KOSDAQ150,foreign,039030,이오테크닉스,142953,127068,-15885,70254854500,61855460750,-8399393750,KRX MDCSTAT02401_OUT
weekly,KOSDAQ150,foreign,067310,하나마이크론,2851012,2666740,-184272,131438302550,122711871900,-8726430650,KRX MDCSTAT02401_OUT
weekly,KOSDAQ150,foreign,064760,티씨케이,131274,97020,-34254,37722030250,27808874000,-9913156250,KRX MDCSTAT02401_OUT
weekly,KOSDAQ150,foreign,032820,우리기술,4048414,3312213,-736201,52687652920,42746776940,-9940875980,KRX MDCSTAT02401_OUT
weekly,KOSDAQ150,foreign,328130,루닛,2901316,1979299,-922017,32609667445,22484388090,-10125279355,KRX MDCSTAT02401_OUT
weekly,KOSDAQ150,foreign,218410,RFHIC,536465,356175,-180290,31565705500,20747852100,-10817853400,KRX MDCSTAT02401_OUT
weekly,KOSDAQ150,foreign,084370,유진테크,459487,389442,-70045,73987293350,61561142300,-12426151050,KRX MDCSTAT02401_OUT
weekly,KOSDAQ150,foreign,277810,레인보우로보틱스,93932,63973,-29959,40289823250,27541319250,-12748504000,KRX MDCSTAT02401_OUT
weekly,KOSDAQ150,foreign,319400,현대무벡스,1201698,483458,-718240,25195900300,10134471275,-15061429025,KRX MDCSTAT02401_OUT
weekly,KOSDAQ150,foreign,108490,로보티즈,338636,286002,-52634,99693303500,84102029000,-15591274500,KRX MDCSTAT02401_OUT
weekly,KOSDAQ150,foreign,095340,ISC,380405,299150,-81255,79513135450,62641688350,-16871447100,KRX MDCSTAT02401_OUT
weekly,KOSDAQ150,foreign,145020,휴젤,273017,166496,-106521,51131651550,31078362450,-20053289100,KRX MDCSTAT02401_OUT
weekly,KOSDAQ150,foreign,131970,두산테스나,485308,276073,-209235,46083033650,25875126450,-20207907200,KRX MDCSTAT02401_OUT
weekly,KOSDAQ150,foreign,089970,브이엠,1174970,838703,-336267,71689830150,51289044250,-20400785900,KRX MDCSTAT02401_OUT
weekly,KOSDAQ150,foreign,240810,원익IPS,2082808,1664962,-417846,273314008850,219020514250,-54293494600,KRX MDCSTAT02401_OUT
weekly,KOSDAQ150,foreign,058470,리노공업,2636837,1471549,-1165288,194215953350,108180889600,-86035063750,KRX MDCSTAT02401_OUT
weekly,KOSDAQ150,foreign,028300,HLB,4333760,2232149,-2101611,177053416925,90154553775,-86898863150,KRX MDCSTAT02401_OUT
weekly,KOSDAQ150,institution,403870,HPSP,943586,1555737,612151,54739102500,92594098300,37854995800,KRX MDCSTAT02401_OUT
weekly,KOSDAQ150,institution,036930,주성엔지니어링,410558,565122,154564,87761852750,122544085750,34782233000,KRX MDCSTAT02401_OUT
weekly,KOSDAQ150,institution,058470,리노공업,838791,1254262,415471,61473612950,92702473950,31228861000,KRX MDCSTAT02401_OUT
weekly,KOSDAQ150,institution,095340,ISC,150188,271597,121409,31391236500,56877935700,25486699200,KRX MDCSTAT02401_OUT
weekly,KOSDAQ150,institution,084370,유진테크,154037,301968,147931,24331383550,48845332600,24513949050,KRX MDCSTAT02401_OUT
weekly,KOSDAQ150,institution,064760,티씨케이,75028,124809,49781,21560243000,35964182250,14403939250,KRX MDCSTAT02401_OUT
weekly,KOSDAQ150,institution,005290,동진쎄미켐,319236,624162,304926,14668133975,28720372325,14052238350,KRX MDCSTAT02401_OUT
weekly,KOSDAQ150,institution,089970,브이엠,765718,951556,185838,46568207750,57844261300,11276053550,KRX MDCSTAT02401_OUT
weekly,KOSDAQ150,institution,039030,이오테크닉스,161840,180884,19044,78895138500,89025404250,10130265750,KRX MDCSTAT02401_OUT
weekly,KOSDAQ150,institution,178320,서진시스템,408309,661154,252845,14459644350,24437612550,9977968200,KRX MDCSTAT02401_OUT
weekly,KOSDAQ150,institution,240810,원익IPS,862443,932304,69861,112861154250,122082044450,9220890200,KRX MDCSTAT02401_OUT
weekly,KOSDAQ150,institution,420770,기가비스,190589,254515,63926,22921901550,30475039650,7553138100,KRX MDCSTAT02401_OUT
weekly,KOSDAQ150,institution,131970,두산테스나,206582,283383,76801,19377473300,26822248250,7444774950,KRX MDCSTAT02401_OUT
weekly,KOSDAQ150,institution,140860,파크시스템스,21206,48813,27607,5591580500,12884213750,7292633250,KRX MDCSTAT02401_OUT
weekly,KOSDAQ150,institution,095610,테스,255061,294005,38944,41720772550,48643127350,6922354800,KRX MDCSTAT02401_OUT
weekly,KOSDAQ150,institution,053800,안랩,33829,95434,61605,2519221000,7130652100,4611431100,KRX MDCSTAT02401_OUT
weekly,KOSDAQ150,institution,251970,펌텍코리아,108172,167186,59014,6401122200,10261227800,3860105600,KRX MDCSTAT02401_OUT
weekly,KOSDAQ150,institution,121600,나노신소재,73066,140515,67449,3955652150,7621467450,3665815300,KRX MDCSTAT02401_OUT
weekly,KOSDAQ150,institution,074600,원익QnC,282299,390127,107828,8282051750,11603965000,3321913250,KRX MDCSTAT02401_OUT
weekly,KOSDAQ150,institution,323280,태성,104460,143710,39250,5239160825,7574981250,2335820425,KRX MDCSTAT02401_OUT
weekly,KOSDAQ150,institution,078340,컴투스,87344,143682,56338,3173502425,5250790900,2077288475,KRX MDCSTAT02401_OUT
weekly,KOSDAQ150,institution,195940,HK이노엔,111984,156043,44059,4368580925,6094775050,1726194125,KRX MDCSTAT02401_OUT
weekly,KOSDAQ150,institution,099320,쎄트렉아이,25576,47048,21472,1997332650,3721467850,1724135200,KRX MDCSTAT02401_OUT
weekly,KOSDAQ150,institution,290650,엘앤씨바이오,100197,125696,25499,4779173725,6323462875,1544289150,KRX MDCSTAT02401_OUT
weekly,KOSDAQ150,institution,196170,알테오젠,383121,387105,3984,96613622250,98037326250,1423704000,KRX MDCSTAT02401_OUT
weekly,KOSDAQ150,institution,225570,넥슨게임즈,128934,254306,125372,1375544120,2760349180,1384805060,KRX MDCSTAT02401_OUT
weekly,KOSDAQ150,institution,445680,큐리옥스바이오시스템즈,33637,53534,19897,1707833325,2772560650,1064727325,KRX MDCSTAT02401_OUT
weekly,KOSDAQ150,institution,036830,솔브레인홀딩스,60942,85967,25025,2491271475,3540563250,1049291775,KRX MDCSTAT02401_OUT
weekly,KOSDAQ150,institution,036810,에프에스티,53272,80727,27455,1646519625,2488473525,841953900,KRX MDCSTAT02401_OUT
weekly,KOSDAQ150,institution,253590,네오셈,117990,179770,61780,1584295745,2412534860,828239115,KRX MDCSTAT02401_OUT
weekly,KOSDAQ150,institution,042000,카페24,60097,91652,31555,1043965915,1691183595,647217680,KRX MDCSTAT02401_OUT
weekly,KOSDAQ150,institution,125490,한라캐스트,74087,111546,37459,875326275,1378373765,503047490,KRX MDCSTAT02401_OUT
weekly,KOSDAQ150,institution,215200,메가스터디교육,37224,50778,13554,1364132500,1861382200,497249700,KRX MDCSTAT02401_OUT
weekly,KOSDAQ150,institution,166090,하나머티리얼즈,108346,112918,4572,6321577700,6604987350,283409650,KRX MDCSTAT02401_OUT
weekly,KOSDAQ150,institution,082920,비츠로셀,211312,217732,6420,6002699125,6187105200,184406075,KRX MDCSTAT02401_OUT
weekly,KOSDAQ150,institution,352480,씨앤씨인터내셔널,14343,15654,1311,309018550,346044150,37025600,KRX MDCSTAT02401_OUT
weekly,KOSDAQ150,institution,041190,우리기술투자,115898,102317,-13581,678168405,628193405,-49975000,KRX MDCSTAT02401_OUT
weekly,KOSDAQ150,institution,171090,선익시스템,36361,35084,-1277,2546460950,2489098500,-57362450,KRX MDCSTAT02401_OUT
weekly,KOSDAQ150,institution,025900,동화기업,43848,27875,-15973,300142710,192049760,-108092950,KRX MDCSTAT02401_OUT
weekly,KOSDAQ150,institution,095660,네오위즈,55191,48387,-6804,983514890,866265530,-117249360,KRX MDCSTAT02401_OUT
weekly,KOSDAQ150,institution,101730,위메이드맥스,46790,10240,-36550,213173585,46379560,-166794025,KRX MDCSTAT02401_OUT
weekly,KOSDAQ150,institution,067160,SOOP,28276,22734,-5542,1034792900,833217300,-201575600,KRX MDCSTAT02401_OUT
weekly,KOSDAQ150,institution,067310,하나마이크론,669192,660387,-8805,30797984425,30569377900,-228606525,KRX MDCSTAT02401_OUT
weekly,KOSDAQ150,institution,161580,필옵틱스,55300,44763,-10537,1939130125,1691589975,-247540150,KRX MDCSTAT02401_OUT
weekly,KOSDAQ150,institution,100790,미래에셋벤처투자,43490,26363,-17127,751076085,457189245,-293886840,KRX MDCSTAT02401_OUT
weekly,KOSDAQ150,institution,060280,큐렉소,70738,32701,-38037,569798490,268475565,-301322925,KRX MDCSTAT02401_OUT
weekly,KOSDAQ150,institution,009520,포스코엠텍,120380,95676,-24704,1493401885,1190842810,-302559075,KRX MDCSTAT02401_OUT
weekly,KOSDAQ150,institution,069080,웹젠,136933,108656,-28277,1574991800,1247480005,-327511795,KRX MDCSTAT02401_OUT
weekly,KOSDAQ150,institution,038500,삼표시멘트,180293,129979,-50314,1200054850,866118640,-333936210,KRX MDCSTAT02401_OUT
weekly,KOSDAQ150,institution,033100,제룡전기,37486,30385,-7101,1783789650,1448547850,-335241800,KRX MDCSTAT02401_OUT
weekly,KOSDAQ150,institution,214430,아이쓰리시스템,15276,9706,-5570,1027810100,661481650,-366328450,KRX MDCSTAT02401_OUT
weekly,KOSDAQ150,institution,194480,데브시스터즈,61681,34801,-26880,877536990,498368030,-379168960,KRX MDCSTAT02401_OUT
weekly,KOSDAQ150,institution,039200,오스코텍,133538,122332,-11206,4761307475,4380822500,-380484975,KRX MDCSTAT02401_OUT
weekly,KOSDAQ150,institution,082270,젬백스,75109,35363,-39746,770126915,365685585,-404441330,KRX MDCSTAT02401_OUT
weekly,KOSDAQ150,institution,376300,디어유,54240,27537,-26703,933247555,496815755,-436431800,KRX MDCSTAT02401_OUT
weekly,KOSDAQ150,institution,131290,티에스이,97330,95019,-2311,27893784750,27454677250,-439107500,KRX MDCSTAT02401_OUT
weekly,KOSDAQ150,institution,090360,로보스타,14071,8053,-6018,1085120950,625786400,-459334550,KRX MDCSTAT02401_OUT
weekly,KOSDAQ150,institution,015750,성우하이텍,113336,33923,-79413,657588875,196944130,-460644745,KRX MDCSTAT02401_OUT
weekly,KOSDAQ150,institution,025320,시노펙스,168931,43836,-125095,637920975,166653436,-471267539,KRX MDCSTAT02401_OUT
weekly,KOSDAQ150,institution,272290,이녹스첨단소재,72617,49874,-22743,1537737325,1057930750,-479806575,KRX MDCSTAT02401_OUT
weekly,KOSDAQ150,institution,204270,제이앤티씨,61647,42225,-19422,1481177475,973856200,-507321275,KRX MDCSTAT02401_OUT
weekly,KOSDAQ150,institution,018290,브이티,107825,58766,-49059,1264453930,720316080,-544137850,KRX MDCSTAT02401_OUT
weekly,KOSDAQ150,institution,030520,한컴,198093,166542,-31551,3389724630,2844249810,-545474820,KRX MDCSTAT02401_OUT
weekly,KOSDAQ150,institution,032190,다우데이타,66130,38020,-28110,1296227615,742800200,-553427415,KRX MDCSTAT02401_OUT
weekly,KOSDAQ150,institution,003380,하림지주,357296,304290,-53006,3904354835,3337831520,-566523315,KRX MDCSTAT02401_OUT
weekly,KOSDAQ150,institution,050890,쏠리드,131916,71370,-60546,1256329970,685935830,-570394140,KRX MDCSTAT02401_OUT
weekly,KOSDAQ150,institution,253450,스튜디오드래곤,56345,27949,-28396,1151683100,572334575,-579348525,KRX MDCSTAT02401_OUT
weekly,KOSDAQ150,institution,214370,케어젠,50491,35521,-14970,2028989725,1441971050,-587018675,KRX MDCSTAT02401_OUT
weekly,KOSDAQ150,institution,348370,엔켐,89725,59883,-29842,1823804720,1225561220,-598243500,KRX MDCSTAT02401_OUT
weekly,KOSDAQ150,institution,112040,위메이드,130007,89469,-40538,1979265930,1366910090,-612355840,KRX MDCSTAT02401_OUT
weekly,KOSDAQ150,institution,348210,넥스틴,62591,43504,-19087,2144097725,1506674925,-637422800,KRX MDCSTAT02401_OUT
weekly,KOSDAQ150,institution,281740,레이크머티리얼즈,190156,131966,-58190,2113125505,1473630980,-639494525,KRX MDCSTAT02401_OUT
weekly,KOSDAQ150,institution,189300,인텔리안테크,46594,36668,-9926,3167101200,2525967100,-641134100,KRX MDCSTAT02401_OUT
weekly,KOSDAQ150,institution,388720,유일로보틱스,14859,5304,-9555,1008821400,360655300,-648166100,KRX MDCSTAT02401_OUT
weekly,KOSDAQ150,institution,025980,아난티,205146,70228,-134918,1028506635,358773576,-669733059,KRX MDCSTAT02401_OUT
weekly,KOSDAQ150,institution,466100,클로봇,59456,25704,-33752,1348008250,586311325,-761696925,KRX MDCSTAT02401_OUT
weekly,KOSDAQ150,institution,211050,인카금융서비스,160157,79837,-80320,1570567285,788737525,-781829760,KRX MDCSTAT02401_OUT
weekly,KOSDAQ150,institution,417200,LS머트리얼즈,716304,649944,-66360,9815140845,9027674020,-787466825,KRX MDCSTAT02401_OUT
weekly,KOSDAQ150,institution,085660,차바이오텍,160616,58308,-102308,1298292785,473519520,-824773265,KRX MDCSTAT02401_OUT
weekly,KOSDAQ150,institution,065350,신성델타테크,44712,17072,-27640,1378766575,527799850,-850966725,KRX MDCSTAT02401_OUT
weekly,KOSDAQ150,institution,036620,감성코퍼레이션,420040,159927,-260113,1542894472,593631014,-949263458,KRX MDCSTAT02401_OUT
weekly,KOSDAQ150,institution,328130,루닛,504922,421645,-83277,5587653235,4635016870,-952636365,KRX MDCSTAT02401_OUT
weekly,KOSDAQ150,institution,032500,케이엠더블유,89924,37560,-52364,1709625965,712783815,-996842150,KRX MDCSTAT02401_OUT
weekly,KOSDAQ150,institution,277810,레인보우로보틱스,49520,46216,-3304,21159993750,20115746000,-1044247750,KRX MDCSTAT02401_OUT
weekly,KOSDAQ150,institution,319400,현대무벡스,160919,109811,-51108,3344540450,2283518925,-1061021525,KRX MDCSTAT02401_OUT
weekly,KOSDAQ150,institution,048410,현대바이오,455217,300321,-154896,3131496260,2069733630,-1061762630,KRX MDCSTAT02401_OUT
weekly,KOSDAQ150,institution,060250,NHN KCP,98208,17046,-81162,1312892315,228808820,-1084083495,KRX MDCSTAT02401_OUT
weekly,KOSDAQ150,institution,101490,에스앤에스텍,71945,45420,-26525,3158530400,2011754675,-1146775725,KRX MDCSTAT02401_OUT
weekly,KOSDAQ150,institution,278280,천보,40713,6982,-33731,1422079575,245617825,-1176461750,KRX MDCSTAT02401_OUT
weekly,KOSDAQ150,institution,137400,피엔티,106794,65934,-40860,3093606225,1915083725,-1178522500,KRX MDCSTAT02401_OUT
weekly,KOSDAQ150,institution,035760,CJ ENM,95792,64519,-31273,3706604000,2492413550,-1214190450,KRX MDCSTAT02401_OUT
weekly,KOSDAQ150,institution,096530,씨젠,230513,190745,-39768,7885673975,6582252950,-1303421025,KRX MDCSTAT02401_OUT
weekly,KOSDAQ150,institution,090710,휴림로봇,281092,70724,-210368,1746092365,436001580,-1310090785,KRX MDCSTAT02401_OUT
weekly,KOSDAQ150,institution,237690,에스티팜,89121,73352,-15769,8196740000,6790284850,-1406455150,KRX MDCSTAT02401_OUT
weekly,KOSDAQ150,institution,124500,아이티센글로벌,64057,15072,-48985,1844381700,436373000,-1408008700,KRX MDCSTAT02401_OUT
weekly,KOSDAQ150,institution,399720,가온칩스,55249,23442,-31807,2560229925,1098607175,-1461622750,KRX MDCSTAT02401_OUT
weekly,KOSDAQ150,institution,358570,지아이이노베이션,230882,52791,-178091,1957534695,450178750,-1507355945,KRX MDCSTAT02401_OUT
weekly,KOSDAQ150,institution,295310,에이치브이엠,231606,197599,-34007,13542650200,11959081900,-1583568300,KRX MDCSTAT02401_OUT
weekly,KOSDAQ150,institution,145020,휴젤,104387,96281,-8106,19640747400,18055907050,-1584840350,KRX MDCSTAT02401_OUT
weekly,KOSDAQ150,institution,0009K0,에임드바이오,138113,63014,-75099,2980006375,1372043625,-1607962750,KRX MDCSTAT02401_OUT
weekly,KOSDAQ150,institution,007390,네이처셀,147344,78710,-68634,3627867475,1949855425,-1678012050,KRX MDCSTAT02401_OUT
weekly,KOSDAQ150,institution,052400,코나아이,67606,22259,-45347,2547546975,846104675,-1701442300,KRX MDCSTAT02401_OUT
weekly,KOSDAQ150,institution,056080,유진로봇,180326,31038,-149288,2137537195,370750375,-1766786820,KRX MDCSTAT02401_OUT
weekly,KOSDAQ150,institution,214150,클래시스,120130,61243,-58887,3678792550,1879246575,-1799545975,KRX MDCSTAT02401_OUT
weekly,KOSDAQ150,institution,263750,펄어비스,217829,159727,-58102,7305548675,5409739525,-1895809150,KRX MDCSTAT02401_OUT
weekly,KOSDAQ150,institution,056190,SFA,152719,82051,-70668,4306574750,2315299175,-1991275575,KRX MDCSTAT02401_OUT
weekly,KOSDAQ150,institution,030530,원익홀딩스,199152,123643,-75509,5509296775,3430822725,-2078474050,KRX MDCSTAT02401_OUT
weekly,KOSDAQ150,institution,033500,동성화인텍,145809,13877,-131932,2311307960,219665280,-2091642680,KRX MDCSTAT02401_OUT
weekly,KOSDAQ150,institution,293490,카카오게임즈,501035,251813,-249222,4615419075,2342977415,-2272441660,KRX MDCSTAT02401_OUT
weekly,KOSDAQ150,institution,080220,제주반도체,217069,184936,-32133,16617281250,14271793950,-2345487300,KRX MDCSTAT02401_OUT
weekly,KOSDAQ150,institution,213420,덕산네오룩스,193939,111875,-82064,5655530900,3285535025,-2369995875,KRX MDCSTAT02401_OUT
weekly,KOSDAQ150,institution,035900,JYP Ent.,141582,75533,-66049,5354575725,2859016250,-2495559475,KRX MDCSTAT02401_OUT
weekly,KOSDAQ150,institution,098460,고영,342392,254342,-88050,10123217650,7597875050,-2525342600,KRX MDCSTAT02401_OUT
weekly,KOSDAQ150,institution,232140,와이씨,545796,353082,-192714,7723459350,5129165095,-2594294255,KRX MDCSTAT02401_OUT
weekly,KOSDAQ150,institution,000250,삼천당제약,111343,94287,-17056,18420285550,15737578100,-2682707450,KRX MDCSTAT02401_OUT
weekly,KOSDAQ150,institution,006730,서부T&D,488069,213241,-274828,5316271835,2370505225,-2945766610,KRX MDCSTAT02401_OUT
weekly,KOSDAQ150,institution,060370,LS마린솔루션,232802,121648,-111154,7572043225,4008262975,-3563780250,KRX MDCSTAT02401_OUT
weekly,KOSDAQ150,institution,183300,코미코,710549,588429,-122120,22497889350,18895317200,-3602572150,KRX MDCSTAT02401_OUT
weekly,KOSDAQ150,institution,218410,RFHIC,254404,186591,-67813,14902386100,10928724900,-3973661200,KRX MDCSTAT02401_OUT
weekly,KOSDAQ150,institution,058610,에스피지,107450,62247,-45203,10625601300,6241987050,-4383614250,KRX MDCSTAT02401_OUT
weekly,KOSDAQ150,institution,475830,오름테라퓨틱,363367,155748,-207619,8382266300,3900365875,-4481900425,KRX MDCSTAT02401_OUT
weekly,KOSDAQ150,institution,310210,보로노이,95770,61130,-34640,13462003750,8708859550,-4753144200,KRX MDCSTAT02401_OUT
weekly,KOSDAQ150,institution,078600,대주전자재료,121177,66137,-55040,10864882900,6071555750,-4793327150,KRX MDCSTAT02401_OUT
weekly,KOSDAQ150,institution,437730,삼현,148986,48623,-100363,7401801075,2445172775,-4956628300,KRX MDCSTAT02401_OUT
weekly,KOSDAQ150,institution,122870,와이지엔터테인먼트,258993,139081,-119912,11122979675,5979204775,-5143774900,KRX MDCSTAT02401_OUT
weekly,KOSDAQ150,institution,032820,우리기술,700694,277335,-423359,8924538250,3625453175,-5299085075,KRX MDCSTAT02401_OUT
weekly,KOSDAQ150,institution,041510,에스엠,188068,122401,-65667,15507994350,10097598300,-5410396050,KRX MDCSTAT02401_OUT
weekly,KOSDAQ150,institution,014620,성광벤드,269611,93719,-175892,8361463925,2911971550,-5449492375,KRX MDCSTAT02401_OUT
weekly,KOSDAQ150,institution,031980,피에스케이홀딩스,181369,138323,-43046,30636976850,23929395050,-6707581800,KRX MDCSTAT02401_OUT
weekly,KOSDAQ150,institution,226950,올릭스,309143,240446,-68697,31861320250,25076105750,-6785214500,KRX MDCSTAT02401_OUT
weekly,KOSDAQ150,institution,068760,셀트리온제약,229564,51654,-177910,8879282650,2017550075,-6861732575,KRX MDCSTAT02401_OUT
weekly,KOSDAQ150,institution,347850,디앤디파마텍,312376,142179,-170197,13525080350,6208112175,-7316968175,KRX MDCSTAT02401_OUT
weekly,KOSDAQ150,institution,043260,성호전자,2259874,1946163,-313711,58271610775,50803038875,-7468571900,KRX MDCSTAT02401_OUT
weekly,KOSDAQ150,institution,247540,에코프로비엠,588318,506070,-82248,62729066300,54925883700,-7803182600,KRX MDCSTAT02401_OUT
weekly,KOSDAQ150,institution,141080,리가켐바이오,243838,139866,-103972,19568036200,11275911400,-8292124800,KRX MDCSTAT02401_OUT
weekly,KOSDAQ150,institution,086520,에코프로,855298,742530,-112768,68325690750,59763282950,-8562407800,KRX MDCSTAT02401_OUT
weekly,KOSDAQ150,institution,089030,테크윙,450927,217105,-233822,22282412400,10772906900,-11509505500,KRX MDCSTAT02401_OUT
weekly,KOSDAQ150,institution,087010,펩트론,169583,74590,-94993,23515545350,10133831750,-13381713600,KRX MDCSTAT02401_OUT
weekly,KOSDAQ150,institution,083650,비에이치아이,387723,145708,-242015,23535523700,9033472950,-14502050750,KRX MDCSTAT02401_OUT
weekly,KOSDAQ150,institution,298380,에이비엘바이오,517233,158577,-358656,26075923875,7969926175,-18105997700,KRX MDCSTAT02401_OUT
weekly,KOSDAQ150,institution,257720,실리콘투,993042,510825,-482217,39132362225,19917876225,-19214486000,KRX MDCSTAT02401_OUT
weekly,KOSDAQ150,institution,241710,코스메카코리아,253266,94731,-158535,31081488300,11858106750,-19223381550,KRX MDCSTAT02401_OUT
weekly,KOSDAQ150,institution,214450,파마리서치,132489,65440,-67049,41743568500,20983742750,-20759825750,KRX MDCSTAT02401_OUT
weekly,KOSDAQ150,institution,028300,HLB,1169429,520759,-648670,48178431750,20488812200,-27689619550,KRX MDCSTAT02401_OUT
weekly,KOSDAQ150,institution,222800,심텍,781029,543937,-237092,116537631400,81455816600,-35081814800,KRX MDCSTAT02401_OUT
weekly,KOSDAQ150,institution,108490,로보티즈,203661,66099,-137562,59903733000,19675120500,-40228612500,KRX MDCSTAT02401_OUT
weekly,KOSDAQ150,institution,036540,SFA반도체,9222611,4149062,-5073549,97352781870,44003443000,-53349338870,KRX MDCSTAT02401_OUT
recent2,KOSPI200,foreign,042700,한미반도체,312310,527032,214722,78309867750,131636297750,53326430000,KRX MDCSTAT02401_OUT
recent2,KOSPI200,foreign,402340,SK스퀘어,455261,496483,41222,510846734748,557780165248,46933430500,KRX MDCSTAT02401_OUT
recent2,KOSPI200,foreign,329180,HD현대중공업,101157,165755,64598,43702525750,71559597000,27857071250,KRX MDCSTAT02401_OUT
recent2,KOSPI200,foreign,066570,LG전자,519648,607432,87784,111053140750,129959276000,18906135250,KRX MDCSTAT02401_OUT
recent2,KOSPI200,foreign,278470,에이피알,151345,179034,27689,55003330250,65166610500,10163280250,KRX MDCSTAT02401_OUT
recent2,KOSPI200,foreign,010120,LS ELECTRIC,169830,216406,46576,34797079750,44382836500,9585756750,KRX MDCSTAT02401_OUT
recent2,KOSPI200,foreign,004170,신세계,57546,84547,27001,19350741750,28432892750,9082151000,KRX MDCSTAT02401_OUT
recent2,KOSPI200,foreign,003490,대한항공,1429295,1700993,271698,45062433550,53724237800,8661804250,KRX MDCSTAT02401_OUT
recent2,KOSPI200,foreign,018260,삼성에스디에스,121376,157832,36456,26410102750,34359919750,7949817000,KRX MDCSTAT02401_OUT
recent2,KOSPI200,foreign,010950,S-Oil,255347,301928,46581,40913789650,48431665550,7517875900,KRX MDCSTAT02401_OUT
recent2,KOSPI200,foreign,010130,고려아연,8488,15555,7067,9054980500,16514218000,7459237500,KRX MDCSTAT02401_OUT
recent2,KOSPI200,foreign,128940,한미약품,29593,43720,14127,14854824750,22007109000,7152284250,KRX MDCSTAT02401_OUT
recent2,KOSPI200,foreign,086280,현대글로비스,127185,163215,36030,25061088600,32152742350,7091653750,KRX MDCSTAT02401_OUT
recent2,KOSPI200,foreign,086790,하나금융지주,955906,1004496,48590,125450585700,131803252850,6352667150,KRX MDCSTAT02401_OUT
recent2,KOSPI200,foreign,082740,한화엔진,359524,463332,103808,17241032300,22481131400,5240099100,KRX MDCSTAT02401_OUT
recent2,KOSPI200,foreign,298040,효성중공업,33818,35627,1809,94386022500,99555776000,5169753500,KRX MDCSTAT02401_OUT
recent2,KOSPI200,foreign,062040,산일전기,142090,167036,24946,29509474350,34550840550,5041366200,KRX MDCSTAT02401_OUT
recent2,KOSPI200,foreign,009420,한올바이오파마,103380,218057,114677,4492660600,9503615875,5010955275,KRX MDCSTAT02401_OUT
recent2,KOSPI200,foreign,034730,SK,164323,172154,7831,96325075500,101082178500,4757103000,KRX MDCSTAT02401_OUT
recent2,KOSPI200,foreign,0126Z0,삼성에피스홀딩스,32898,44582,11684,11139772000,15301659250,4161887250,KRX MDCSTAT02401_OUT
recent2,KOSPI200,foreign,259960,크래프톤,93817,114140,20323,18443250500,22434145650,3990895150,KRX MDCSTAT02401_OUT
recent2,KOSPI200,foreign,069960,현대백화점,110775,153949,43174,9882600950,13728822550,3846221600,KRX MDCSTAT02401_OUT
recent2,KOSPI200,foreign,443060,HD현대마린솔루션,52039,65124,13085,12285445250,15388855250,3103410000,KRX MDCSTAT02401_OUT
recent2,KOSPI200,foreign,161390,한국타이어앤테크놀로지,360841,407391,46550,21324102300,24052026900,2727924600,KRX MDCSTAT02401_OUT
recent2,KOSPI200,foreign,161890,한국콜마,225772,243608,17836,33495426250,36147796650,2652370400,KRX MDCSTAT02401_OUT
recent2,KOSPI200,foreign,011200,HMM,617780,744334,126554,12936962350,15580490675,2643528325,KRX MDCSTAT02401_OUT
recent2,KOSPI200,foreign,017670,SK텔레콤,378963,408291,29328,32524765050,35028992450,2504227400,KRX MDCSTAT02401_OUT
recent2,KOSPI200,foreign,003230,삼양식품,18169,20044,1875,22169763000,24474127500,2304364500,KRX MDCSTAT02401_OUT
recent2,KOSPI200,foreign,078930,GS,327541,346656,19115,35293602345,37256927845,1963325500,KRX MDCSTAT02401_OUT
recent2,KOSPI200,foreign,375500,DL이앤씨,275092,299873,24781,21480317000,23429410900,1949093900,KRX MDCSTAT02401_OUT
recent2,KOSPI200,foreign,004020,현대제철,325732,390377,64645,9775371650,11713892075,1938520425,KRX MDCSTAT02401_OUT
recent2,KOSPI200,foreign,052690,한전기술,95834,110613,14779,11728202150,13517172250,1788970100,KRX MDCSTAT02401_OUT
recent2,KOSPI200,foreign,006800,미래에셋증권,660904,716307,55403,20548108425,22308328100,1760219675,KRX MDCSTAT02401_OUT
recent2,KOSPI200,foreign,000100,유한양행,170288,191498,21210,12423968200,13976537500,1552569300,KRX MDCSTAT02401_OUT
recent2,KOSPI200,foreign,030000,제일기획,446858,524696,77838,8229004435,9698680060,1469675625,KRX MDCSTAT02401_OUT
recent2,KOSPI200,foreign,483650,달바글로벌,74980,82312,7332,14031284300,15395855800,1364571500,KRX MDCSTAT02401_OUT
recent2,KOSPI200,foreign,192080,더블유게임즈,59421,81677,22256,3468532500,4771591950,1303059450,KRX MDCSTAT02401_OUT
recent2,KOSPI200,foreign,282330,BGF리테일,49560,59483,9923,6456200650,7755026800,1298826150,KRX MDCSTAT02401_OUT
recent2,KOSPI200,foreign,120110,코오롱인더,50560,73652,23092,2763399350,4027337200,1263937850,KRX MDCSTAT02401_OUT
recent2,KOSPI200,foreign,093370,후성,2605946,2687297,81351,38582275060,39719248930,1136973870,KRX MDCSTAT02401_OUT
recent2,KOSPI200,foreign,307950,현대오토에버,23553,25778,2225,8680518250,9498973500,818455250,KRX MDCSTAT02401_OUT
recent2,KOSPI200,foreign,285130,SK케미칼,21528,35282,13754,1106003200,1811907700,705904500,KRX MDCSTAT02401_OUT
recent2,KOSPI200,foreign,023530,롯데쇼핑,109652,116159,6507,11073466300,11729156800,655690500,KRX MDCSTAT02401_OUT
recent2,KOSPI200,foreign,006280,녹십자,16374,21531,5157,2009438200,2645799750,636361550,KRX MDCSTAT02401_OUT
recent2,KOSPI200,foreign,000210,DL,37209,48831,11622,1869229150,2446321300,577092150,KRX MDCSTAT02401_OUT
recent2,KOSPI200,foreign,097950,CJ제일제당,35460,38001,2541,6337551450,6791472400,453920950,KRX MDCSTAT02401_OUT
recent2,KOSPI200,foreign,071050,한국금융지주,244309,246492,2183,43410002750,43789472750,379470000,KRX MDCSTAT02401_OUT
recent2,KOSPI200,foreign,032640,LG유플러스,1121057,1145007,23950,16408339220,16759995430,351656210,KRX MDCSTAT02401_OUT
recent2,KOSPI200,foreign,000670,영풍,42374,49733,7359,1760564975,2073533425,312968450,KRX MDCSTAT02401_OUT
recent2,KOSPI200,foreign,007070,GS리테일,140047,153452,13405,3168379800,3469196900,300817100,KRX MDCSTAT02401_OUT
recent2,KOSPI200,foreign,004370,농심,23813,24283,470,9668106750,9861608250,193501500,KRX MDCSTAT02401_OUT
recent2,KOSPI200,foreign,003240,태광산업,742,924,182,669467000,836945000,167478000,KRX MDCSTAT02401_OUT
recent2,KOSPI200,foreign,000880,한화,125738,126566,828,15977634380,16074902230,97267850,KRX MDCSTAT02401_OUT
recent2,KOSPI200,foreign,002380,KCC,22674,22755,81,10683039750,10725890000,42850250,KRX MDCSTAT02401_OUT
recent2,KOSPI200,foreign,457190,이수스페셜티케미컬,413539,402515,-11024,30457066450,30499805650,42739200,KRX MDCSTAT02401_OUT
recent2,KOSPI200,foreign,268280,미원에스씨,601,675,74,79169500,88959100,9789600,KRX MDCSTAT02401_OUT
recent2,KOSPI200,foreign,008730,율촌화학,47000,46528,-472,681705280,676750890,-4954390,KRX MDCSTAT02401_OUT
recent2,KOSPI200,foreign,007700,F&F홀딩스,1833,871,-962,24524740,11655190,-12869550,KRX MDCSTAT02401_OUT
recent2,KOSPI200,foreign,014820,동원시스템즈,11929,11197,-732,250114850,234948075,-15166775,KRX MDCSTAT02401_OUT
recent2,KOSPI200,foreign,002840,미원상사,2376,2098,-278,323345600,284380950,-38964650,KRX MDCSTAT02401_OUT
recent2,KOSPI200,foreign,006040,동원산업,21938,20369,-1569,778224550,722705250,-55519300,KRX MDCSTAT02401_OUT
recent2,KOSPI200,foreign,185750,종근당,29112,27849,-1263,1873126350,1791997550,-81128800,KRX MDCSTAT02401_OUT
recent2,KOSPI200,foreign,251270,넷마블,122204,119699,-2505,4226214350,4140138250,-86076100,KRX MDCSTAT02401_OUT
recent2,KOSPI200,foreign,302440,SK바이오사이언스,43319,40006,-3313,1551977900,1438444500,-113533400,KRX MDCSTAT02401_OUT
recent2,KOSPI200,foreign,137310,에스디바이오센서,110217,90626,-19591,669477765,550921440,-118556325,KRX MDCSTAT02401_OUT
recent2,KOSPI200,foreign,005420,코스모화학,98589,84516,-14073,1003079825,868357615,-134722210,KRX MDCSTAT02401_OUT
recent2,KOSPI200,foreign,005300,롯데칠성,16702,14998,-1704,1591212950,1429354200,-161858750,KRX MDCSTAT02401_OUT
recent2,KOSPI200,foreign,001680,대상,45808,36593,-9215,826891860,660389515,-166502345,KRX MDCSTAT02401_OUT
recent2,KOSPI200,foreign,001040,CJ,131542,130239,-1303,17831000850,17659587250,-171413600,KRX MDCSTAT02401_OUT
recent2,KOSPI200,foreign,006650,대한유화,24603,22721,-1882,2187487600,2011959250,-175528350,KRX MDCSTAT02401_OUT
recent2,KOSPI200,foreign,004000,롯데정밀화학,33834,29558,-4276,1459294375,1274470350,-184824025,KRX MDCSTAT02401_OUT
recent2,KOSPI200,foreign,008930,한미사이언스,78005,74175,-3830,4073270250,3887412500,-185857750,KRX MDCSTAT02401_OUT
recent2,KOSPI200,foreign,002030,아세아,1893,968,-925,385681800,197826300,-187855500,KRX MDCSTAT02401_OUT
recent2,KOSPI200,foreign,111770,영원무역,64090,61106,-2984,4475317200,4263639500,-211677700,KRX MDCSTAT02401_OUT
recent2,KOSPI200,foreign,204320,HL만도,121236,116429,-4807,5550550300,5336405675,-214144625,KRX MDCSTAT02401_OUT
recent2,KOSPI200,foreign,028670,팬오션,2068944,2020844,-48100,11959006260,11735885365,-223120895,KRX MDCSTAT02401_OUT
recent2,KOSPI200,foreign,280360,롯데웰푸드,13333,11246,-2087,1644520450,1386351600,-258168850,KRX MDCSTAT02401_OUT
recent2,KOSPI200,foreign,300720,한일시멘트,42429,25733,-16696,685306210,414903025,-270403185,KRX MDCSTAT02401_OUT
recent2,KOSPI200,foreign,009970,영원무역홀딩스,11685,9852,-1833,1913725650,1615720700,-298004950,KRX MDCSTAT02401_OUT
recent2,KOSPI200,foreign,071320,지역난방공사,10793,6901,-3892,849417600,545034650,-304382950,KRX MDCSTAT02401_OUT
recent2,KOSPI200,foreign,007310,오뚜기,2726,1657,-1069,861901750,523410000,-338491750,KRX MDCSTAT02401_OUT
recent2,KOSPI200,foreign,005850,에스엘,51818,44030,-7788,2560385425,2178365250,-382020175,KRX MDCSTAT02401_OUT
recent2,KOSPI200,foreign,039490,키움증권,83429,81777,-1652,21095366750,20684075500,-411291250,KRX MDCSTAT02401_OUT
recent2,KOSPI200,foreign,030200,KT,242272,232806,-9466,12720989167,12225973767,-495015400,KRX MDCSTAT02401_OUT
recent2,KOSPI200,foreign,069260,TKG휴켐스,69909,37161,-32748,1119487975,598487365,-521000610,KRX MDCSTAT02401_OUT
recent2,KOSPI200,foreign,071970,HD현대마린엔진,183864,169313,-14551,8784391375,8240078225,-544313150,KRX MDCSTAT02401_OUT
recent2,KOSPI200,foreign,011790,SKC,153048,146957,-6091,14558794450,13975862850,-582931600,KRX MDCSTAT02401_OUT
recent2,KOSPI200,foreign,002790,아모레퍼시픽홀딩스,121395,97089,-24306,3166695750,2535638375,-631057375,KRX MDCSTAT02401_OUT
recent2,KOSPI200,foreign,000080,하이트진로,117159,73715,-43444,1743576530,1103971995,-639604535,KRX MDCSTAT02401_OUT
recent2,KOSPI200,foreign,000240,한국앤컴퍼니,63316,36486,-26830,1580195175,909820600,-670374575,KRX MDCSTAT02401_OUT
recent2,KOSPI200,foreign,026960,동서,51898,25216,-26682,1327900125,645849125,-682051000,KRX MDCSTAT02401_OUT
recent2,KOSPI200,foreign,073240,금호타이어,1227236,1122313,-104923,8306785085,7618990010,-687795075,KRX MDCSTAT02401_OUT
recent2,KOSPI200,foreign,011210,현대위아,51423,38251,-13172,2710664200,2017331450,-693332750,KRX MDCSTAT02401_OUT
recent2,KOSPI200,foreign,036460,한국가스공사,124396,103242,-21154,4343226650,3608582275,-734644375,KRX MDCSTAT02401_OUT
recent2,KOSPI200,foreign,001800,오리온홀딩스,100610,68376,-32234,2372488400,1623792325,-748696075,KRX MDCSTAT02401_OUT
recent2,KOSPI200,foreign,003030,세아제강지주,32713,26078,-6635,3737132650,2976840700,-760291950,KRX MDCSTAT02401_OUT
recent2,KOSPI200,foreign,009240,한샘,33031,12668,-20363,1304755475,500266775,-804488700,KRX MDCSTAT02401_OUT
recent2,KOSPI200,foreign,298050,HS효성첨단소재,10009,4914,-5095,1603788400,790700700,-813087700,KRX MDCSTAT02401_OUT
recent2,KOSPI200,foreign,017960,한국카본,133317,89707,-43610,2667921015,1798688590,-869232425,KRX MDCSTAT02401_OUT
recent2,KOSPI200,foreign,029780,삼성카드,91258,70787,-20471,3864644400,2993421475,-871222925,KRX MDCSTAT02401_OUT
recent2,KOSPI200,foreign,003090,대웅,94396,30859,-63537,1448353195,473298870,-975054325,KRX MDCSTAT02401_OUT
recent2,KOSPI200,foreign,003550,LG,317117,308014,-9103,35191339250,34193971200,-997368050,KRX MDCSTAT02401_OUT
recent2,KOSPI200,foreign,450080,에코프로머티,263778,231790,-31988,9087766350,8090341275,-997425075,KRX MDCSTAT02401_OUT
recent2,KOSPI200,foreign,012750,에스원,83874,71683,-12191,6957700900,5944765000,-1012935900,KRX MDCSTAT02401_OUT
recent2,KOSPI200,foreign,096770,SK이노베이션,464860,456617,-8243,68792885350,67719868950,-1073016400,KRX MDCSTAT02401_OUT
recent2,KOSPI200,foreign,180640,한진칼,57959,49975,-7984,7808227050,6730492450,-1077734600,KRX MDCSTAT02401_OUT
recent2,KOSPI200,foreign,103140,풍산,47057,33003,-14054,3656608900,2570329200,-1086279700,KRX MDCSTAT02401_OUT
recent2,KOSPI200,foreign,069620,대웅제약,18230,7140,-11090,1936234600,758597600,-1177637000,KRX MDCSTAT02401_OUT
recent2,KOSPI200,foreign,139480,이마트,81975,64368,-17607,5863381350,4603885000,-1259496350,KRX MDCSTAT02401_OUT
recent2,KOSPI200,foreign,000120,CJ대한통운,30040,11587,-18453,2109573750,814639300,-1294934450,KRX MDCSTAT02401_OUT
recent2,KOSPI200,foreign,022100,포스코DX,186655,120957,-65698,3711991360,2410669340,-1301322020,KRX MDCSTAT02401_OUT
recent2,KOSPI200,foreign,007340,DN오토모티브,135967,108087,-27880,6705582200,5331875975,-1373706225,KRX MDCSTAT02401_OUT
recent2,KOSPI200,foreign,267250,HD현대,146999,139758,-7241,29793631500,28356708750,-1436922750,KRX MDCSTAT02401_OUT
recent2,KOSPI200,foreign,035420,NAVER,394762,387066,-7696,76665900350,75200100700,-1465799650,KRX MDCSTAT02401_OUT
recent2,KOSPI200,foreign,035250,강원랜드,283965,176628,-107337,4070131745,2537137175,-1532994570,KRX MDCSTAT02401_OUT
recent2,KOSPI200,foreign,064350,현대로템,551865,536536,-15329,62054281650,60483002850,-1571278800,KRX MDCSTAT02401_OUT
recent2,KOSPI200,foreign,001450,현대해상,663572,628793,-34779,32573955275,30910440050,-1663515225,KRX MDCSTAT02401_OUT
recent2,KOSPI200,foreign,011780,금호석유화학,78168,63125,-15043,8997622050,7257308550,-1740313500,KRX MDCSTAT02401_OUT
recent2,KOSPI200,foreign,004990,롯데지주,126262,53323,-72939,3037836900,1282666050,-1755170850,KRX MDCSTAT02401_OUT
recent2,KOSPI200,foreign,034230,파라다이스,340205,123072,-217133,3198501340,1154734095,-2043767245,KRX MDCSTAT02401_OUT
recent2,KOSPI200,foreign,081660,미스토홀딩스,177166,121361,-55805,6715625025,4598694600,-2116930425,KRX MDCSTAT02401_OUT
recent2,KOSPI200,foreign,377300,카카오페이,106540,51143,-55397,4266484625,2050036475,-2216448150,KRX MDCSTAT02401_OUT
recent2,KOSPI200,foreign,361610,SK아이이테크놀로지,255656,124354,-131302,4376999340,2137883920,-2239115420,KRX MDCSTAT02401_OUT
recent2,KOSPI200,foreign,271560,오리온,111592,90917,-20675,12101109850,9852710900,-2248398950,KRX MDCSTAT02401_OUT
recent2,KOSPI200,foreign,298020,효성티앤씨,22613,14917,-7696,6544745750,4265012500,-2279733250,KRX MDCSTAT02401_OUT
recent2,KOSPI200,foreign,192820,코스맥스,72028,63506,-8522,19883369250,17537960500,-2345408750,KRX MDCSTAT02401_OUT
recent2,KOSPI200,foreign,207940,삼성바이오로직스,47104,45196,-1908,65255841000,62726816000,-2529025000,KRX MDCSTAT02401_OUT
recent2,KOSPI200,foreign,454910,두산로보틱스,129006,90372,-38634,8840299250,6203127800,-2637171450,KRX MDCSTAT02401_OUT
recent2,KOSPI200,foreign,047810,한국항공우주,174867,151829,-23038,22176642600,19266356300,-2910286300,KRX MDCSTAT02401_OUT
recent2,KOSPI200,foreign,003670,포스코퓨처엠,156412,138493,-17919,27615171900,24617451400,-2997720500,KRX MDCSTAT02401_OUT
recent2,KOSPI200,foreign,001430,세아베스틸지주,125222,57202,-68020,5606058325,2556327850,-3049730475,KRX MDCSTAT02401_OUT
recent2,KOSPI200,foreign,326030,SK바이오팜,107624,61864,-45760,8033888150,4622348650,-3411539500,KRX MDCSTAT02401_OUT
recent2,KOSPI200,foreign,005830,DB손해보험,307680,289272,-18408,57731990400,54320414400,-3411576000,KRX MDCSTAT02401_OUT
recent2,KOSPI200,foreign,051600,한전KPS,178561,99231,-79330,7923848450,4406792150,-3517056300,KRX MDCSTAT02401_OUT
recent2,KOSPI200,foreign,016360,삼성증권,347079,305327,-41752,30673954850,27040457300,-3633497550,KRX MDCSTAT02401_OUT
recent2,KOSPI200,foreign,011170,롯데케미칼,102042,40041,-62001,6172869750,2409288500,-3763581250,KRX MDCSTAT02401_OUT
recent2,KOSPI200,foreign,272210,한화시스템,430192,375483,-54709,31624071950,27738857950,-3885214000,KRX MDCSTAT02401_OUT
recent2,KOSPI200,foreign,017800,현대엘리베이터,77144,24051,-53093,5650422200,1761760500,-3888661700,KRX MDCSTAT02401_OUT
recent2,KOSPI200,foreign,035720,카카오,952349,836148,-116201,32016417400,28113627275,-3902790125,KRX MDCSTAT02401_OUT
recent2,KOSPI200,foreign,005940,NH투자증권,512130,353931,-158199,13394269700,9256758475,-4137511225,KRX MDCSTAT02401_OUT
recent2,KOSPI200,foreign,139130,iM금융지주,829914,602281,-227633,15235651895,11053794330,-4181857565,KRX MDCSTAT02401_OUT
recent2,KOSPI200,foreign,241560,두산밥캣,331814,253657,-78157,18223549050,13903885850,-4319663200,KRX MDCSTAT02401_OUT
recent2,KOSPI200,foreign,000270,기아,1301769,1261515,-40254,148822095650,144329212700,-4492882950,KRX MDCSTAT02401_OUT
recent2,KOSPI200,foreign,066970,엘앤에프,207659,161267,-46392,22866962400,17880970600,-4985991800,KRX MDCSTAT02401_OUT
recent2,KOSPI200,foreign,012450,한화에어로스페이스,102136,97219,-4917,103197644500,98167003000,-5030641500,KRX MDCSTAT02401_OUT
recent2,KOSPI200,foreign,064400,LG씨엔에스,223991,146427,-77564,15463949650,10113800800,-5350148850,KRX MDCSTAT02401_OUT
recent2,KOSPI200,foreign,006260,LS,85571,67605,-17966,26797483250,21216570250,-5580913000,KRX MDCSTAT02401_OUT
recent2,KOSPI200,foreign,267270,HD건설기계,155381,109890,-45491,19350038000,13649723050,-5700314950,KRX MDCSTAT02401_OUT
recent2,KOSPI200,foreign,036570,NC,94073,66755,-27318,19716368750,14013883750,-5702485000,KRX MDCSTAT02401_OUT
recent2,KOSPI200,foreign,068270,셀트리온,319727,286217,-33510,56963630015,50991946115,-5971683900,KRX MDCSTAT02401_OUT
recent2,KOSPI200,foreign,047050,포스코인터내셔널,374248,260875,-113373,20838308000,14696911050,-6141396950,KRX MDCSTAT02401_OUT
recent2,KOSPI200,foreign,079550,LIG디펜스앤에어로스페이스,37036,27931,-9105,25139225000,18974964500,-6164260500,KRX MDCSTAT02401_OUT
recent2,KOSPI200,foreign,112610,씨에스윈드,272074,147042,-125032,13704582675,7498783925,-6205798750,KRX MDCSTAT02401_OUT
recent2,KOSPI200,foreign,090430,아모레퍼시픽,214403,170435,-43968,30099354300,23845595700,-6253758600,KRX MDCSTAT02401_OUT
recent2,KOSPI200,foreign,021240,코웨이,289341,222837,-66504,29060954100,22303737850,-6757216250,KRX MDCSTAT02401_OUT
recent2,KOSPI200,foreign,138040,메리츠금융지주,191216,136615,-54601,24754929350,17632298400,-7122630950,KRX MDCSTAT02401_OUT
recent2,KOSPI200,foreign,175330,JB금융지주,665376,424543,-240833,19703532475,12510801125,-7192731350,KRX MDCSTAT02401_OUT
recent2,KOSPI200,foreign,034220,LG디스플레이,3515493,2641371,-874122,29248358775,22014749220,-7233609555,KRX MDCSTAT02401_OUT
recent2,KOSPI200,foreign,000720,현대건설,317236,250930,-66306,37395640950,29595101150,-7800539800,KRX MDCSTAT02401_OUT
recent2,KOSPI200,foreign,015760,한국전력,711531,449495,-262036,21386689225,13527684275,-7859004950,KRX MDCSTAT02401_OUT
recent2,KOSPI200,foreign,008770,호텔신라,268805,65113,-203692,10679299575,2605688600,-8073610975,KRX MDCSTAT02401_OUT
recent2,KOSPI200,foreign,018880,한온시스템,8094654,5708273,-2386381,27924650103,19797388453,-8127261650,KRX MDCSTAT02401_OUT
recent2,KOSPI200,foreign,138930,BNK금융지주,1361627,849873,-511754,21769540230,13607317890,-8162222340,KRX MDCSTAT02401_OUT
recent2,KOSPI200,foreign,033780,KT&G,405002,358014,-46988,71504223700,63254347050,-8249876650,KRX MDCSTAT02401_OUT
recent2,KOSPI200,foreign,024110,기업은행,1082369,653405,-428964,22035256725,13293860175,-8741396550,KRX MDCSTAT02401_OUT
recent2,KOSPI200,foreign,009540,HD한국조선해양,245981,218831,-27150,79753268214,70921458714,-8831809500,KRX MDCSTAT02401_OUT
recent2,KOSPI200,foreign,088350,한화생명,3413884,1765351,-1648533,18728089880,9672583955,-9055505925,KRX MDCSTAT02401_OUT
recent2,KOSPI200,foreign,352820,하이브,138190,78148,-60042,21857688600,12353578950,-9504109650,KRX MDCSTAT02401_OUT
recent2,KOSPI200,foreign,323410,카카오뱅크,947419,451981,-495438,18952612085,9038097275,-9914514810,KRX MDCSTAT02401_OUT
recent2,KOSPI200,foreign,010060,OCI홀딩스,195171,145710,-49461,42425073500,32078850250,-10346223250,KRX MDCSTAT02401_OUT
recent2,KOSPI200,foreign,028260,삼성물산,386359,355422,-30937,132964096516,122394658016,-10569438500,KRX MDCSTAT02401_OUT
recent2,KOSPI200,foreign,014680,한솔케미칼,89610,44396,-45214,22806082000,11168251250,-11637830750,KRX MDCSTAT02401_OUT
recent2,KOSPI200,foreign,051900,LG생활건강,146141,103167,-42974,40304744000,28362477250,-11942266750,KRX MDCSTAT02401_OUT
recent2,KOSPI200,foreign,005490,POSCO홀딩스,188713,141666,-47047,57695913250,43300831250,-14395082000,KRX MDCSTAT02401_OUT
recent2,KOSPI200,foreign,000990,DB하이텍,528248,419469,-108779,72232399350,57161107300,-15071292050,KRX MDCSTAT02401_OUT
recent2,KOSPI200,foreign,007660,이수페타시스,534134,401192,-132942,61818337100,46475587200,-15342749900,KRX MDCSTAT02401_OUT
recent2,KOSPI200,foreign,000810,삼성화재,111840,85969,-25871,72066845500,55340264500,-16726581000,KRX MDCSTAT02401_OUT
recent2,KOSPI200,foreign,032830,삼성생명,294491,235497,-58994,84052716000,67141339000,-16911377000,KRX MDCSTAT02401_OUT
recent2,KOSPI200,foreign,373220,LG에너지솔루션,213747,165636,-48111,75458100250,58513930000,-16944170250,KRX MDCSTAT02401_OUT
recent2,KOSPI200,foreign,012330,현대모비스,363102,312790,-50312,133380210500,115184587000,-18195623500,KRX MDCSTAT02401_OUT
recent2,KOSPI200,foreign,051910,LG화학,271870,195671,-76199,68195928250,49136166250,-19059762000,KRX MDCSTAT02401_OUT
recent2,KOSPI200,foreign,009830,한화솔루션,2985227,2320984,-664243,98202216775,77361962900,-20840253875,KRX MDCSTAT02401_OUT
recent2,KOSPI200,foreign,006400,삼성SDI,216955,176309,-40646,111602061500,90693377000,-20908684500,KRX MDCSTAT02401_OUT
recent2,KOSPI200,foreign,000150,두산,62145,46237,-15908,85614370500,63648324000,-21966046500,KRX MDCSTAT02401_OUT
recent2,KOSPI200,foreign,028050,삼성E&A,2057309,1592200,-465109,98426468511,76207714936,-22218753575,KRX MDCSTAT02401_OUT
recent2,KOSPI200,foreign,042660,한화오션,754903,435525,-319378,59528998300,34395530800,-25133467500,KRX MDCSTAT02401_OUT
recent2,KOSPI200,foreign,316140,우리금융지주,3183345,2455767,-727578,112449994850,86898567700,-25551427150,KRX MDCSTAT02401_OUT
recent2,KOSPI200,foreign,001440,대한전선,1515269,631938,-883331,45264896775,19045662975,-26219233800,KRX MDCSTAT02401_OUT
recent2,KOSPI200,foreign,105560,KB금융,1293563,1064666,-228897,221231273076,181849062876,-39382210200,KRX MDCSTAT02401_OUT
recent2,KOSPI200,foreign,267260,HD현대일렉트릭,424234,362585,-61649,285760423000,244185763000,-41574660000,KRX MDCSTAT02401_OUT
recent2,KOSPI200,foreign,034020,두산에너빌리티,1383440,825841,-557599,110801542800,66608999300,-44192543500,KRX MDCSTAT02401_OUT
recent2,KOSPI200,foreign,055550,신한지주,1883881,1432300,-451581,202858495354,153761059404,-49097435950,KRX MDCSTAT02401_OUT
recent2,KOSPI200,foreign,011070,LG이노텍,288108,201135,-86973,165142451000,115607878000,-49534573000,KRX MDCSTAT02401_OUT
recent2,KOSPI200,foreign,047040,대우건설,5133629,2256570,-2877059,89953707505,40067720270,-49885987235,KRX MDCSTAT02401_OUT
recent2,KOSPI200,foreign,010140,삼성중공업,5037959,2419200,-2618759,98503997265,47735061620,-50768935645,KRX MDCSTAT02401_OUT
recent2,KOSPI200,foreign,005380,현대차,598057,341721,-256336,207568370750,118675770500,-88892600250,KRX MDCSTAT02401_OUT
recent2,KOSPI200,foreign,009150,삼성전기,420998,302380,-118618,640829256097,462072068097,-178757188000,KRX MDCSTAT02401_OUT
recent2,KOSPI200,foreign,005930,삼성전자,14645245,8931746,-5713499,3963568632382,2416710390382,-1546858242000,KRX MDCSTAT02401_OUT
recent2,KOSPI200,foreign,000660,SK하이닉스,3364673,2134846,-1229827,5976287920000,3803490495000,-2172797425000,KRX MDCSTAT02401_OUT
recent2,KOSPI200,institution,042700,한미반도체,147188,394062,246874,36700044500,98664957250,61964912750,KRX MDCSTAT02401_OUT
recent2,KOSPI200,institution,009150,삼성전기,324978,352451,27473,495458118500,537372983500,41914865000,KRX MDCSTAT02401_OUT
recent2,KOSPI200,institution,055550,신한지주,474298,753322,279024,51392280950,81922969900,30530688950,KRX MDCSTAT02401_OUT
recent2,KOSPI200,institution,000990,DB하이텍,194734,382364,187630,26588528850,52493246100,25904717250,KRX MDCSTAT02401_OUT
recent2,KOSPI200,institution,009830,한화솔루션,783038,1556614,773576,26148719800,52037290075,25888570275,KRX MDCSTAT02401_OUT
recent2,KOSPI200,institution,011070,LG이노텍,108792,151826,43034,62098762500,87423318000,25324555500,KRX MDCSTAT02401_OUT
recent2,KOSPI200,institution,012330,현대모비스,125261,188380,63119,45936197250,69499973500,23563776250,KRX MDCSTAT02401_OUT
recent2,KOSPI200,institution,014680,한솔케미칼,21535,99843,78308,5501516000,25604994000,20103478000,KRX MDCSTAT02401_OUT
recent2,KOSPI200,institution,105560,KB금융,482719,579471,96752,82539766600,99420561100,16880794500,KRX MDCSTAT02401_OUT
recent2,KOSPI200,institution,062040,산일전기,62164,138981,76817,12817289700,29185435450,16368145750,KRX MDCSTAT02401_OUT
recent2,KOSPI200,institution,066570,LG전자,230408,299865,69457,49316483000,64123614750,14807131750,KRX MDCSTAT02401_OUT
recent2,KOSPI200,institution,007660,이수페타시스,177705,298689,120984,20564456500,34705650000,14141193500,KRX MDCSTAT02401_OUT
recent2,KOSPI200,institution,000810,삼성화재,26174,41341,15167,16780516500,26649271500,9868755000,KRX MDCSTAT02401_OUT
recent2,KOSPI200,institution,018880,한온시스템,982051,3620325,2638274,3406344316,12643004989,9236660673,KRX MDCSTAT02401_OUT
recent2,KOSPI200,institution,272210,한화시스템,228703,344602,115899,16839277750,25509633550,8670355800,KRX MDCSTAT02401_OUT
recent2,KOSPI200,institution,034730,SK,66624,80726,14102,38954223000,47140580500,8186357500,KRX MDCSTAT02401_OUT
recent2,KOSPI200,institution,090430,아모레퍼시픽,136364,192895,56531,19041218900,27097500700,8056281800,KRX MDCSTAT02401_OUT
recent2,KOSPI200,institution,010950,S-Oil,94307,142668,48361,15109641800,22865713900,7756072100,KRX MDCSTAT02401_OUT
recent2,KOSPI200,institution,483650,달바글로벌,18327,58595,40268,3428742700,10967408000,7538665300,KRX MDCSTAT02401_OUT
recent2,KOSPI200,institution,021240,코웨이,50990,117184,66194,5137008050,11877155450,6740147400,KRX MDCSTAT02401_OUT
recent2,KOSPI200,institution,005940,NH투자증권,254392,498453,244061,6658550050,13056813475,6398263425,KRX MDCSTAT02401_OUT
recent2,KOSPI200,institution,003490,대한항공,1022457,1210965,188508,32295783000,38289552475,5993769475,KRX MDCSTAT02401_OUT
recent2,KOSPI200,institution,016360,삼성증권,133010,199425,66415,11751742350,17647399350,5895657000,KRX MDCSTAT02401_OUT
recent2,KOSPI200,institution,192820,코스맥스,34199,52005,17806,9423990000,14322135250,4898145250,KRX MDCSTAT02401_OUT
recent2,KOSPI200,institution,028260,삼성물산,116101,129981,13880,39959131500,44819331500,4860200000,KRX MDCSTAT02401_OUT
recent2,KOSPI200,institution,093370,후성,572654,897388,324734,8496939785,13285726055,4788786270,KRX MDCSTAT02401_OUT
recent2,KOSPI200,institution,011790,SKC,82530,130038,47508,7802588400,12423521350,4620932950,KRX MDCSTAT02401_OUT
recent2,KOSPI200,institution,112610,씨에스윈드,88966,174147,85181,4494277300,8789625100,4295347800,KRX MDCSTAT02401_OUT
recent2,KOSPI200,institution,139130,iM금융지주,159926,365690,205764,2942796800,6736730675,3793933875,KRX MDCSTAT02401_OUT
recent2,KOSPI200,institution,009540,HD한국조선해양,62846,73886,11040,20338974250,23969601000,3630626750,KRX MDCSTAT02401_OUT
recent2,KOSPI200,institution,051900,LG생활건강,25098,37443,12345,6883128500,10406147000,3523018500,KRX MDCSTAT02401_OUT
recent2,KOSPI200,institution,175330,JB금융지주,274333,373725,99392,8074757425,11117116850,3042359425,KRX MDCSTAT02401_OUT
recent2,KOSPI200,institution,011170,롯데케미칼,38683,87064,48381,2327129450,5291215750,2964086300,KRX MDCSTAT02401_OUT
recent2,KOSPI200,institution,082740,한화엔진,243065,294771,51706,11466889200,14392458600,2925569400,KRX MDCSTAT02401_OUT
recent2,KOSPI200,institution,001430,세아베스틸지주,51229,116268,65039,2285800700,5207064875,2921264175,KRX MDCSTAT02401_OUT
recent2,KOSPI200,institution,138040,메리츠금융지주,93760,114824,21064,12076706450,14959842050,2883135600,KRX MDCSTAT02401_OUT
recent2,KOSPI200,institution,010060,OCI홀딩스,83221,95744,12523,18186961500,21036379500,2849418000,KRX MDCSTAT02401_OUT
recent2,KOSPI200,institution,017800,현대엘리베이터,30314,64965,34651,2219120600,4760413350,2541292750,KRX MDCSTAT02401_OUT
recent2,KOSPI200,institution,024110,기업은행,327631,442915,115284,6652897325,9044473550,2391576225,KRX MDCSTAT02401_OUT
recent2,KOSPI200,institution,001040,CJ,45745,63145,17400,6196442100,8567007450,2370565350,KRX MDCSTAT02401_OUT
recent2,KOSPI200,institution,457190,이수스페셜티케미컬,111037,132755,21718,8313614200,10069840500,1756226300,KRX MDCSTAT02401_OUT
recent2,KOSPI200,institution,001450,현대해상,201047,234957,33910,9885171025,11577926525,1692755500,KRX MDCSTAT02401_OUT
recent2,KOSPI200,institution,138930,BNK금융지주,245072,347142,102070,3927379265,5561712635,1634333370,KRX MDCSTAT02401_OUT
recent2,KOSPI200,institution,047050,포스코인터내셔널,252893,278104,25211,13927790600,15547578650,1619788050,KRX MDCSTAT02401_OUT
recent2,KOSPI200,institution,028670,팬오션,1131013,1404835,273822,6531502260,8137361070,1605858810,KRX MDCSTAT02401_OUT
recent2,KOSPI200,institution,361610,SK아이이테크놀로지,75636,162849,87213,1291998200,2786522100,1494523900,KRX MDCSTAT02401_OUT
recent2,KOSPI200,institution,008930,한미사이언스,38838,66200,27362,2033976400,3464238900,1430262500,KRX MDCSTAT02401_OUT
recent2,KOSPI200,institution,0126Z0,삼성에피스홀딩스,6159,10187,4028,2108172250,3530738750,1422566500,KRX MDCSTAT02401_OUT
recent2,KOSPI200,institution,003030,세아제강지주,24798,36555,11757,2825702550,4180201750,1354499200,KRX MDCSTAT02401_OUT
recent2,KOSPI200,institution,005830,DB손해보험,82613,89709,7096,15571554450,16904740000,1333185550,KRX MDCSTAT02401_OUT
recent2,KOSPI200,institution,081660,미스토홀딩스,41918,74082,32164,1588522675,2815567475,1227044800,KRX MDCSTAT02401_OUT
recent2,KOSPI200,institution,103140,풍산,32346,46795,14449,2513522800,3639631250,1126108450,KRX MDCSTAT02401_OUT
recent2,KOSPI200,institution,036570,NC,42783,47982,5199,8960553500,10083274250,1122720750,KRX MDCSTAT02401_OUT
recent2,KOSPI200,institution,004370,농심,10305,13006,2701,4165923500,5270765500,1104842000,KRX MDCSTAT02401_OUT
recent2,KOSPI200,institution,030000,제일기획,417236,476113,58877,7727694100,8827285330,1099591230,KRX MDCSTAT02401_OUT
recent2,KOSPI200,institution,033780,KT&G,95200,100891,5691,16798124500,17818682050,1020557550,KRX MDCSTAT02401_OUT
recent2,KOSPI200,institution,000240,한국앤컴퍼니,18299,53929,35630,456045275,1346220700,890175425,KRX MDCSTAT02401_OUT
recent2,KOSPI200,institution,009240,한샘,7687,29577,21890,302498600,1171196750,868698150,KRX MDCSTAT02401_OUT
recent2,KOSPI200,institution,012750,에스원,33896,44297,10401,2805218700,3673162800,867944100,KRX MDCSTAT02401_OUT
recent2,KOSPI200,institution,004990,롯데지주,32475,67570,35095,781100500,1627200725,846100225,KRX MDCSTAT02401_OUT
recent2,KOSPI200,institution,069620,대웅제약,8993,12657,3664,954762350,1347243050,392480700,KRX MDCSTAT02401_OUT
recent2,KOSPI200,institution,000670,영풍,14414,23388,8974,600223400,976355050,376131650,KRX MDCSTAT02401_OUT
recent2,KOSPI200,institution,002790,아모레퍼시픽홀딩스,27770,39054,11284,721863525,1029614450,307750925,KRX MDCSTAT02401_OUT
recent2,KOSPI200,institution,007340,DN오토모티브,55327,61329,6002,2714557800,3017528875,302971075,KRX MDCSTAT02401_OUT
recent2,KOSPI200,institution,009970,영원무역홀딩스,5394,6465,1071,882416800,1057368550,174951750,KRX MDCSTAT02401_OUT
recent2,KOSPI200,institution,026960,동서,35266,41885,6619,901480900,1074994675,173513775,KRX MDCSTAT02401_OUT
recent2,KOSPI200,institution,002030,아세아,1269,1913,644,256756100,389896500,133140400,KRX MDCSTAT02401_OUT
recent2,KOSPI200,institution,300720,한일시멘트,38402,46165,7763,619325680,746796655,127470975,KRX MDCSTAT02401_OUT
recent2,KOSPI200,institution,007310,오뚜기,891,1147,256,281437250,362995500,81558250,KRX MDCSTAT02401_OUT
recent2,KOSPI200,institution,008730,율촌화학,12113,17344,5231,175748620,252134120,76385500,KRX MDCSTAT02401_OUT
recent2,KOSPI200,institution,003240,태광산업,863,939,76,779441000,850338500,70897500,KRX MDCSTAT02401_OUT
recent2,KOSPI200,institution,000120,CJ대한통운,10512,11454,942,738316800,805945600,67628800,KRX MDCSTAT02401_OUT
recent2,KOSPI200,institution,022100,포스코DX,91218,94392,3174,1812430050,1877915875,65485825,KRX MDCSTAT02401_OUT
recent2,KOSPI200,institution,034230,파라다이스,56928,62344,5416,534990965,585055760,50064795,KRX MDCSTAT02401_OUT
recent2,KOSPI200,institution,001800,오리온홀딩스,36448,38366,1918,858786650,907131050,48344400,KRX MDCSTAT02401_OUT
recent2,KOSPI200,institution,097950,CJ제일제당,21363,21582,219,3816294900,3859116700,42821800,KRX MDCSTAT02401_OUT
recent2,KOSPI200,institution,280360,롯데웰푸드,10141,10363,222,1253475750,1283534650,30058900,KRX MDCSTAT02401_OUT
recent2,KOSPI200,institution,005420,코스모화학,40488,40769,281,411737210,417135425,5398215,KRX MDCSTAT02401_OUT
recent2,KOSPI200,institution,007700,F&F홀딩스,557,785,228,7448290,10505340,3057050,KRX MDCSTAT02401_OUT
recent2,KOSPI200,institution,137310,에스디바이오센서,33135,32048,-1087,201190470,195319175,-5871295,KRX MDCSTAT02401_OUT
recent2,KOSPI200,institution,268280,미원에스씨,824,675,-149,108177650,89102000,-19075650,KRX MDCSTAT02401_OUT
recent2,KOSPI200,institution,069260,TKG휴켐스,33578,32176,-1402,538001380,517756805,-20244575,KRX MDCSTAT02401_OUT
recent2,KOSPI200,institution,014820,동원시스템즈,12738,11085,-1653,267030700,232899700,-34131000,KRX MDCSTAT02401_OUT
recent2,KOSPI200,institution,001680,대상,27468,24476,-2992,494849045,441581740,-53267305,KRX MDCSTAT02401_OUT
recent2,KOSPI200,institution,002840,미원상사,2943,2433,-510,398939200,331382100,-67557100,KRX MDCSTAT02401_OUT
recent2,KOSPI200,institution,071320,지역난방공사,7721,6577,-1144,605626500,518952850,-86673650,KRX MDCSTAT02401_OUT
recent2,KOSPI200,institution,302440,SK바이오사이언스,34148,30728,-3420,1225856800,1103311975,-122544825,KRX MDCSTAT02401_OUT
recent2,KOSPI200,institution,003230,삼양식품,15827,15655,-172,19274350000,19135808000,-138542000,KRX MDCSTAT02401_OUT
recent2,KOSPI200,institution,298050,HS효성첨단소재,4319,3354,-965,694192400,540469400,-153723000,KRX MDCSTAT02401_OUT
recent2,KOSPI200,institution,005300,롯데칠성,4424,2460,-1964,420733200,234413100,-186320100,KRX MDCSTAT02401_OUT
recent2,KOSPI200,institution,001440,대한전선,289543,285199,-4344,8697354025,8501543550,-195810475,KRX MDCSTAT02401_OUT
recent2,KOSPI200,institution,003090,대웅,44562,28444,-16118,685178445,437728420,-247450025,KRX MDCSTAT02401_OUT
recent2,KOSPI200,institution,326030,SK바이오팜,35997,32348,-3649,2686444550,2417753450,-268691100,KRX MDCSTAT02401_OUT
recent2,KOSPI200,institution,185750,종근당,9199,4751,-4448,591343250,305892050,-285451200,KRX MDCSTAT02401_OUT
recent2,KOSPI200,institution,006040,동원산업,14357,5520,-8837,508799725,195975850,-312823875,KRX MDCSTAT02401_OUT
recent2,KOSPI200,institution,011210,현대위아,19498,11976,-7522,1027388450,633776400,-393612050,KRX MDCSTAT02401_OUT
recent2,KOSPI200,institution,035250,강원랜드,137356,107631,-29725,1967883515,1543824200,-424059315,KRX MDCSTAT02401_OUT
recent2,KOSPI200,institution,180640,한진칼,42935,39546,-3389,5771244650,5341983400,-429261250,KRX MDCSTAT02401_OUT
recent2,KOSPI200,institution,000080,하이트진로,64238,34623,-29615,958868425,519030640,-439837785,KRX MDCSTAT02401_OUT
recent2,KOSPI200,institution,402340,SK스퀘어,273981,273334,-647,307123156500,306629098500,-494058000,KRX MDCSTAT02401_OUT
recent2,KOSPI200,institution,005850,에스엘,33517,23368,-10149,1653493100,1154336350,-499156750,KRX MDCSTAT02401_OUT
recent2,KOSPI200,institution,006280,녹십자,9792,5690,-4102,1198607950,699150750,-499457200,KRX MDCSTAT02401_OUT
recent2,KOSPI200,institution,454910,두산로보틱스,45837,38337,-7500,3142231900,2630406700,-511825200,KRX MDCSTAT02401_OUT
recent2,KOSPI200,institution,139480,이마트,37634,30068,-7566,2690474200,2152617800,-537856400,KRX MDCSTAT02401_OUT
recent2,KOSPI200,institution,004000,롯데정밀화학,27837,15312,-12525,1200098725,661458850,-538639875,KRX MDCSTAT02401_OUT
recent2,KOSPI200,institution,285130,SK케미칼,23522,11727,-11795,1205193500,602176500,-603017000,KRX MDCSTAT02401_OUT
recent2,KOSPI200,institution,251270,넷마블,69594,51347,-18247,2406208050,1780875725,-625332325,KRX MDCSTAT02401_OUT
recent2,KOSPI200,institution,073240,금호타이어,209940,116219,-93721,1420766015,790067180,-630698835,KRX MDCSTAT02401_OUT
recent2,KOSPI200,institution,088350,한화생명,1109075,969976,-139099,6131363220,5435383840,-695979380,KRX MDCSTAT02401_OUT
recent2,KOSPI200,institution,128940,한미약품,35775,34137,-1638,17987339250,17248251000,-739088250,KRX MDCSTAT02401_OUT
recent2,KOSPI200,institution,029780,삼성카드,55941,38460,-17481,2371019875,1629695900,-741323975,KRX MDCSTAT02401_OUT
recent2,KOSPI200,institution,007070,GS리테일,92975,55581,-37394,2099866850,1261236500,-838630350,KRX MDCSTAT02401_OUT
recent2,KOSPI200,institution,204320,HL만도,55229,36870,-18359,2530214800,1688785575,-841429225,KRX MDCSTAT02401_OUT
recent2,KOSPI200,institution,017960,한국카본,73874,29301,-44573,1473801925,583968390,-889833535,KRX MDCSTAT02401_OUT
recent2,KOSPI200,institution,111770,영원무역,32849,19591,-13258,2276627300,1369209300,-907418000,KRX MDCSTAT02401_OUT
recent2,KOSPI200,institution,006650,대한유화,14434,3888,-10546,1277614700,345176450,-932438250,KRX MDCSTAT02401_OUT
recent2,KOSPI200,institution,000880,한화,33453,26027,-7426,4246125800,3309818400,-936307400,KRX MDCSTAT02401_OUT
recent2,KOSPI200,institution,036460,한국가스공사,85279,56920,-28359,2966907900,1986282775,-980625125,KRX MDCSTAT02401_OUT
recent2,KOSPI200,institution,000150,두산,27409,26647,-762,37737627500,36733044000,-1004583500,KRX MDCSTAT02401_OUT
recent2,KOSPI200,institution,003550,LG,92415,82787,-9628,10254986800,9198385300,-1056601500,KRX MDCSTAT02401_OUT
recent2,KOSPI200,institution,002380,KCC,8069,5825,-2244,3802881750,2745295250,-1057586500,KRX MDCSTAT02401_OUT
recent2,KOSPI200,institution,000210,DL,50392,28961,-21431,2525236250,1456443700,-1068792550,KRX MDCSTAT02401_OUT
recent2,KOSPI200,institution,032640,LG유플러스,337052,257953,-79099,4917808660,3779229710,-1138578950,KRX MDCSTAT02401_OUT
recent2,KOSPI200,institution,207940,삼성바이오로직스,25177,24243,-934,34829702000,33581856500,-1247845500,KRX MDCSTAT02401_OUT
recent2,KOSPI200,institution,192080,더블유게임즈,33616,12217,-21399,1963890200,714354000,-1249536200,KRX MDCSTAT02401_OUT
recent2,KOSPI200,institution,018260,삼성에스디에스,42279,36097,-6182,9193024250,7866322000,-1326702250,KRX MDCSTAT02401_OUT
recent2,KOSPI200,institution,450080,에코프로머티,177368,136758,-40610,6087000625,4729095100,-1357905525,KRX MDCSTAT02401_OUT
recent2,KOSPI200,institution,011780,금호석유화학,24671,10874,-13797,2835739250,1253246350,-1582492900,KRX MDCSTAT02401_OUT
recent2,KOSPI200,institution,282330,BGF리테일,31770,19559,-12211,4149735850,2554046850,-1595689000,KRX MDCSTAT02401_OUT
recent2,KOSPI200,institution,120110,코오롱인더,64649,33917,-30732,3528485750,1852586400,-1675899350,KRX MDCSTAT02401_OUT
recent2,KOSPI200,institution,051600,한전KPS,99701,60758,-38943,4412888350,2695744450,-1717143900,KRX MDCSTAT02401_OUT
recent2,KOSPI200,institution,066970,엘앤에프,225345,207199,-18146,24806948300,22957840800,-1849107500,KRX MDCSTAT02401_OUT
recent2,KOSPI200,institution,034220,LG디스플레이,459615,232138,-227477,3823538315,1934364450,-1889173865,KRX MDCSTAT02401_OUT
recent2,KOSPI200,institution,373220,LG에너지솔루션,184351,178521,-5830,65017563500,63116388750,-1901174750,KRX MDCSTAT02401_OUT
recent2,KOSPI200,institution,023530,롯데쇼핑,44676,25210,-19466,4498273450,2557452100,-1940821350,KRX MDCSTAT02401_OUT
recent2,KOSPI200,institution,006260,LS,49407,42771,-6636,15476817500,13434755250,-2042062250,KRX MDCSTAT02401_OUT
recent2,KOSPI200,institution,008770,호텔신라,81041,27973,-53068,3213942750,1111934375,-2102008375,KRX MDCSTAT02401_OUT
recent2,KOSPI200,institution,352820,하이브,83955,69318,-14637,13277629650,10986005150,-2291624500,KRX MDCSTAT02401_OUT
recent2,KOSPI200,institution,377300,카카오페이,91746,34456,-57290,3673090825,1381319775,-2291771050,KRX MDCSTAT02401_OUT
recent2,KOSPI200,institution,039490,키움증권,32333,23006,-9327,8165080750,5821743250,-2343337500,KRX MDCSTAT02401_OUT
recent2,KOSPI200,institution,443060,HD현대마린솔루션,42574,32593,-9981,10067172250,7714714750,-2352457500,KRX MDCSTAT02401_OUT
recent2,KOSPI200,institution,271560,오리온,48204,25591,-22613,5213875650,2794794150,-2419081500,KRX MDCSTAT02401_OUT
recent2,KOSPI200,institution,307950,현대오토에버,21180,14359,-6821,7768791000,5307012750,-2461778250,KRX MDCSTAT02401_OUT
recent2,KOSPI200,institution,051910,LG화학,114337,102929,-11408,28702369500,25861706750,-2840662750,KRX MDCSTAT02401_OUT
recent2,KOSPI200,institution,064400,LG씨엔에스,94710,53338,-41372,6536080600,3681896500,-2854184100,KRX MDCSTAT02401_OUT
recent2,KOSPI200,institution,047810,한국항공우주,105113,80874,-24239,13348869500,10286632800,-3062236700,KRX MDCSTAT02401_OUT
recent2,KOSPI200,institution,323410,카카오뱅크,467212,291441,-175771,9327513385,5849577335,-3477936050,KRX MDCSTAT02401_OUT
recent2,KOSPI200,institution,071970,HD현대마린엔진,117998,42922,-75076,5620153125,2082011800,-3538141325,KRX MDCSTAT02401_OUT
recent2,KOSPI200,institution,241560,두산밥캣,112781,48514,-64267,6212595100,2667196800,-3545398300,KRX MDCSTAT02401_OUT
recent2,KOSPI200,institution,375500,DL이앤씨,146587,98156,-48431,11442932550,7685657350,-3757275200,KRX MDCSTAT02401_OUT
recent2,KOSPI200,institution,069960,현대백화점,60990,14264,-46726,5428403200,1274253500,-4154149700,KRX MDCSTAT02401_OUT
recent2,KOSPI200,institution,161890,한국콜마,85780,57160,-28620,12715007800,8496610150,-4218397650,KRX MDCSTAT02401_OUT
recent2,KOSPI200,institution,006800,미래에셋증권,436559,296873,-139686,13569223575,9249752425,-4319471150,KRX MDCSTAT02401_OUT
recent2,KOSPI200,institution,267250,HD현대,73274,51513,-21761,14863406000,10459026750,-4404379250,KRX MDCSTAT02401_OUT
recent2,KOSPI200,institution,000100,유한양행,164828,98952,-65876,12023556350,7223918800,-4799637550,KRX MDCSTAT02401_OUT
recent2,KOSPI200,institution,161390,한국타이어앤테크놀로지,151318,69102,-82216,8911968750,4079694200,-4832274550,KRX MDCSTAT02401_OUT
recent2,KOSPI200,institution,035720,카카오,421464,260008,-161456,14174458250,8761168800,-5413289450,KRX MDCSTAT02401_OUT
recent2,KOSPI200,institution,316140,우리금융지주,1051175,884182,-166993,37028586650,31346358500,-5682228150,KRX MDCSTAT02401_OUT
recent2,KOSPI200,institution,009420,한올바이오파마,239109,102995,-136114,10412367850,4501784075,-5910583775,KRX MDCSTAT02401_OUT
recent2,KOSPI200,institution,052690,한전기술,113230,60913,-52317,13757043300,7442426400,-6314616900,KRX MDCSTAT02401_OUT
recent2,KOSPI200,institution,011200,HMM,502429,197648,-304781,10506462325,4148627925,-6357834400,KRX MDCSTAT02401_OUT
recent2,KOSPI200,institution,010120,LS ELECTRIC,146162,114620,-31542,29914865500,23465191000,-6449674500,KRX MDCSTAT02401_OUT
recent2,KOSPI200,institution,030200,KT,269410,144443,-124967,14085318850,7580596250,-6504722600,KRX MDCSTAT02401_OUT
recent2,KOSPI200,institution,078930,GS,188410,124808,-63602,20234328100,13483221900,-6751106200,KRX MDCSTAT02401_OUT
recent2,KOSPI200,institution,267260,HD현대일렉트릭,61330,50877,-10453,41152118000,34373559000,-6778559000,KRX MDCSTAT02401_OUT
recent2,KOSPI200,institution,079550,LIG디펜스앤에어로스페이스,41025,30840,-10185,27804647500,20982518500,-6822129000,KRX MDCSTAT02401_OUT
recent2,KOSPI200,institution,298020,효성티앤씨,29731,5223,-24508,8487726750,1499888750,-6987838000,KRX MDCSTAT02401_OUT
recent2,KOSPI200,institution,071050,한국금융지주,120293,80767,-39526,21358048950,14366084700,-6991964250,KRX MDCSTAT02401_OUT
recent2,KOSPI200,institution,096770,SK이노베이션,368699,318971,-49728,54508803800,47366225650,-7142578150,KRX MDCSTAT02401_OUT
recent2,KOSPI200,institution,068270,셀트리온,206275,160990,-45285,36713076250,28698674900,-8014401350,KRX MDCSTAT02401_OUT
recent2,KOSPI200,institution,086280,현대글로비스,91889,47757,-44132,18071705550,9409065900,-8662639650,KRX MDCSTAT02401_OUT
recent2,KOSPI200,institution,259960,크래프톤,83657,38145,-45512,16477195200,7535531350,-8941663850,KRX MDCSTAT02401_OUT
recent2,KOSPI200,institution,004170,신세계,39633,11275,-28358,13306090750,3792803500,-9513287250,KRX MDCSTAT02401_OUT
recent2,KOSPI200,institution,017670,SK텔레콤,394326,280736,-113590,33810281850,24065248500,-9745033350,KRX MDCSTAT02401_OUT
recent2,KOSPI200,institution,004020,현대제철,494729,161903,-332826,14819645525,4846484450,-9973161075,KRX MDCSTAT02401_OUT
recent2,KOSPI200,institution,278470,에이피알,79995,51429,-28566,29021675750,18710070750,-10311605000,KRX MDCSTAT02401_OUT
recent2,KOSPI200,institution,267270,HD건설기계,137395,50436,-86959,17027629500,6280484150,-10747145350,KRX MDCSTAT02401_OUT
recent2,KOSPI200,institution,015760,한국전력,876503,489650,-386853,26371331100,14738191900,-11633139200,KRX MDCSTAT02401_OUT
recent2,KOSPI200,institution,005380,현대차,262396,226184,-36212,91075227500,78553090750,-12522136750,KRX MDCSTAT02401_OUT
recent2,KOSPI200,institution,032830,삼성생명,129858,83208,-46650,36959776500,23818970000,-13140806500,KRX MDCSTAT02401_OUT
recent2,KOSPI200,institution,064350,현대로템,257194,138040,-119154,29068316950,15619964250,-13448352700,KRX MDCSTAT02401_OUT
recent2,KOSPI200,institution,005490,POSCO홀딩스,155700,110982,-44718,47602062250,33951587250,-13650475000,KRX MDCSTAT02401_OUT
recent2,KOSPI200,institution,028050,삼성E&A,550288,256825,-293463,26270074975,12285075650,-13984999325,KRX MDCSTAT02401_OUT
recent2,KOSPI200,institution,003670,포스코퓨처엠,215934,133262,-82672,38073805000,23662373100,-14411431900,KRX MDCSTAT02401_OUT
recent2,KOSPI200,institution,012450,한화에어로스페이스,61927,47133,-14794,62451445500,47614477500,-14836968000,KRX MDCSTAT02401_OUT
recent2,KOSPI200,institution,298040,효성중공업,16099,10155,-5944,44944640500,28441599000,-16503041500,KRX MDCSTAT02401_OUT
recent2,KOSPI200,institution,010130,고려아연,26439,7115,-19324,28002682500,7554412500,-20448270000,KRX MDCSTAT02401_OUT
recent2,KOSPI200,institution,010140,삼성중공업,2140721,1025211,-1115510,41819990965,20128284715,-21691706250,KRX MDCSTAT02401_OUT
recent2,KOSPI200,institution,047040,대우건설,2405194,1114660,-1290534,42146574805,19700840975,-22445733830,KRX MDCSTAT02401_OUT
recent2,KOSPI200,institution,000270,기아,460920,261588,-199332,52771780500,29947152600,-22824627900,KRX MDCSTAT02401_OUT
recent2,KOSPI200,institution,086790,하나금융지주,554562,374245,-180317,73056092450,49478872050,-23577220400,KRX MDCSTAT02401_OUT
recent2,KOSPI200,institution,042660,한화오션,474528,171048,-303480,37406093700,13528747200,-23877346500,KRX MDCSTAT02401_OUT
recent2,KOSPI200,institution,000720,현대건설,346735,141123,-205612,40735426600,16604908850,-24130517750,KRX MDCSTAT02401_OUT
recent2,KOSPI200,institution,034020,두산에너빌리티,1112225,698641,-413584,88975604800,56207719900,-32767884900,KRX MDCSTAT02401_OUT
recent2,KOSPI200,institution,006400,삼성SDI,216900,152499,-64401,111272201000,78413514500,-32858686500,KRX MDCSTAT02401_OUT
recent2,KOSPI200,institution,035420,NAVER,369737,147607,-222130,71794491100,28729666000,-43064825100,KRX MDCSTAT02401_OUT
recent2,KOSPI200,institution,329180,HD현대중공업,187056,81919,-105137,80669672250,35502534750,-45167137500,KRX MDCSTAT02401_OUT
recent2,KOSPI200,institution,000660,SK하이닉스,1753928,1661081,-92847,3122509712500,2955626494500,-166883218000,KRX MDCSTAT02401_OUT
recent2,KOSPI200,institution,005930,삼성전자,13629816,12274393,-1355423,3696630532500,3329172123750,-367458408750,KRX MDCSTAT02401_OUT
recent2,KOSDAQ150,foreign,036930,주성엔지니어링,506619,757085,250466,113320680250,168905098000,55584417750,KRX MDCSTAT02401_OUT
recent2,KOSDAQ150,foreign,403870,HPSP,1887709,2428400,540691,116070001600,148778129400,32708127800,KRX MDCSTAT02401_OUT
recent2,KOSDAQ150,foreign,214450,파마리서치,34919,90455,55536,10905177000,28216620250,17311443250,KRX MDCSTAT02401_OUT
recent2,KOSDAQ150,foreign,036540,SFA반도체,1931247,3385583,1454336,20546946295,35842743085,15295796790,KRX MDCSTAT02401_OUT
recent2,KOSDAQ150,foreign,222800,심텍,258459,359973,101514,38685754650,53936401400,15250646750,KRX MDCSTAT02401_OUT
recent2,KOSDAQ150,foreign,196170,알테오젠,109957,166312,56355,27826014500,42153150250,14327135750,KRX MDCSTAT02401_OUT
recent2,KOSDAQ150,foreign,098460,고영,667430,1117144,449714,20209246150,33758441625,13549195475,KRX MDCSTAT02401_OUT
recent2,KOSDAQ150,foreign,089030,테크윙,282723,460589,177866,14454524725,23428296775,8973772050,KRX MDCSTAT02401_OUT
recent2,KOSDAQ150,foreign,087010,펩트론,76857,133664,56807,10071293950,17513737150,7442443200,KRX MDCSTAT02401_OUT
recent2,KOSDAQ150,foreign,031980,피에스케이홀딩스,57153,88322,31169,10229061000,15721640700,5492579700,KRX MDCSTAT02401_OUT
recent2,KOSDAQ150,foreign,096530,씨젠,247614,402954,155340,8585386200,13929992425,5344606225,KRX MDCSTAT02401_OUT
recent2,KOSDAQ150,foreign,131290,티에스이,57637,74532,16895,16803863750,21824665250,5020801500,KRX MDCSTAT02401_OUT
recent2,KOSDAQ150,foreign,323280,태성,413496,506886,93390,22470629725,26994330775,4523701050,KRX MDCSTAT02401_OUT
recent2,KOSDAQ150,foreign,347850,디앤디파마텍,162203,269375,107172,6774661350,11237322150,4462660800,KRX MDCSTAT02401_OUT
recent2,KOSDAQ150,foreign,161580,필옵틱스,611474,714519,103045,23110578675,27005830600,3895251925,KRX MDCSTAT02401_OUT
recent2,KOSDAQ150,foreign,108490,로보티즈,122742,136216,13474,35142723250,38986990750,3844267500,KRX MDCSTAT02401_OUT
recent2,KOSDAQ150,foreign,298380,에이비엘바이오,273583,348927,75344,13382453250,17051705550,3669252300,KRX MDCSTAT02401_OUT
recent2,KOSDAQ150,foreign,475830,오름테라퓨틱,203470,358106,154636,4505164425,7909259275,3404094850,KRX MDCSTAT02401_OUT
recent2,KOSDAQ150,foreign,089970,브이엠,308891,360577,51686,19463873300,22580531350,3116658050,KRX MDCSTAT02401_OUT
recent2,KOSDAQ150,foreign,043260,성호전자,1635628,1759388,123760,41456237675,44513735325,3057497650,KRX MDCSTAT02401_OUT
recent2,KOSDAQ150,foreign,240810,원익IPS,661820,684626,22806,86035763950,88972815550,2937051600,KRX MDCSTAT02401_OUT
recent2,KOSDAQ150,foreign,025980,아난티,524567,1096034,571467,2504143906,5226716892,2722572986,KRX MDCSTAT02401_OUT
recent2,KOSDAQ150,foreign,080220,제주반도체,493508,525137,31629,38078792050,40725291650,2646499600,KRX MDCSTAT02401_OUT
recent2,KOSDAQ150,foreign,263750,펄어비스,205315,281351,76036,6779316150,9309911075,2530594925,KRX MDCSTAT02401_OUT
recent2,KOSDAQ150,foreign,232140,와이씨,1398354,1571143,172789,20335229160,22828085965,2492856805,KRX MDCSTAT02401_OUT
recent2,KOSDAQ150,foreign,083650,비에이치아이,110338,151286,40948,6471491750,8904089750,2432598000,KRX MDCSTAT02401_OUT
recent2,KOSDAQ150,foreign,124500,아이티센글로벌,48786,121890,73104,1390659300,3472696650,2082037350,KRX MDCSTAT02401_OUT
recent2,KOSDAQ150,foreign,417200,LS머트리얼즈,1098128,1240126,141998,15456396340,17442474600,1986078260,KRX MDCSTAT02401_OUT
recent2,KOSDAQ150,foreign,241710,코스메카코리아,131202,146238,15036,15799205750,17403814100,1604608350,KRX MDCSTAT02401_OUT
recent2,KOSDAQ150,foreign,310210,보로노이,51415,63106,11691,6821621300,8373136150,1551514850,KRX MDCSTAT02401_OUT
recent2,KOSDAQ150,foreign,420770,기가비스,30997,42796,11799,3877532700,5313306900,1435774200,KRX MDCSTAT02401_OUT
recent2,KOSDAQ150,foreign,295310,에이치브이엠,85218,108594,23376,4898168700,6272389800,1374221100,KRX MDCSTAT02401_OUT
recent2,KOSDAQ150,foreign,437730,삼현,123708,150759,27051,6078081000,7331577050,1253496050,KRX MDCSTAT02401_OUT
recent2,KOSDAQ150,foreign,032820,우리기술,1042367,1127677,85310,12796122700,13844047730,1047925030,KRX MDCSTAT02401_OUT
recent2,KOSDAQ150,foreign,032500,케이엠더블유,84446,137923,53477,1579425470,2561578315,982152845,KRX MDCSTAT02401_OUT
recent2,KOSDAQ150,foreign,399720,가온칩스,38774,58607,19833,1772337200,2683488325,911151125,KRX MDCSTAT02401_OUT
recent2,KOSDAQ150,foreign,000250,삼천당제약,45338,50842,5504,7635286800,8542927000,907640200,KRX MDCSTAT02401_OUT
recent2,KOSDAQ150,foreign,125490,한라캐스트,203959,280224,76265,2383766205,3260359760,876593555,KRX MDCSTAT02401_OUT
recent2,KOSDAQ150,foreign,141080,리가켐바이오,106177,115872,9695,8427852600,9190217200,762364600,KRX MDCSTAT02401_OUT
recent2,KOSDAQ150,foreign,033500,동성화인텍,61833,110677,48844,967565760,1729434015,761868255,KRX MDCSTAT02401_OUT
recent2,KOSDAQ150,foreign,041190,우리기술투자,293327,424283,130956,1686157840,2431373455,745215615,KRX MDCSTAT02401_OUT
recent2,KOSDAQ150,foreign,039200,오스코텍,78816,98721,19905,2796937900,3495993100,699055200,KRX MDCSTAT02401_OUT
recent2,KOSDAQ150,foreign,050890,쏠리드,368904,441244,72340,3505030410,4191411240,686380830,KRX MDCSTAT02401_OUT
recent2,KOSDAQ150,foreign,033100,제룡전기,30000,44149,14149,1420806150,2094976125,674169975,KRX MDCSTAT02401_OUT
recent2,KOSDAQ150,foreign,053800,안랩,74575,83822,9247,5663740550,6314005000,650264450,KRX MDCSTAT02401_OUT
recent2,KOSDAQ150,foreign,035900,JYP Ent.,122724,138745,16021,4640723150,5250506925,609783775,KRX MDCSTAT02401_OUT
recent2,KOSDAQ150,foreign,166090,하나머티리얼즈,63474,73687,10213,3760796600,4346628150,585831550,KRX MDCSTAT02401_OUT
recent2,KOSDAQ150,foreign,082270,젬백스,52756,108736,55980,534449320,1107063925,572614605,KRX MDCSTAT02401_OUT
recent2,KOSDAQ150,foreign,0009K0,에임드바이오,64879,89555,24676,1395839175,1955788725,559949550,KRX MDCSTAT02401_OUT
recent2,KOSDAQ150,foreign,025320,시노펙스,264304,407943,143639,998608555,1541557659,542949104,KRX MDCSTAT02401_OUT
recent2,KOSDAQ150,foreign,048410,현대바이오,387226,463470,76244,2658378775,3190428920,532050145,KRX MDCSTAT02401_OUT
recent2,KOSDAQ150,foreign,237690,에스티팜,32118,37697,5579,2963600750,3473680950,510080200,KRX MDCSTAT02401_OUT
recent2,KOSDAQ150,foreign,215200,메가스터디교육,33548,46147,12599,1233523150,1696573350,463050200,KRX MDCSTAT02401_OUT
recent2,KOSDAQ150,foreign,213420,덕산네오룩스,78785,93905,15120,2322578700,2758519725,435941025,KRX MDCSTAT02401_OUT
recent2,KOSDAQ150,foreign,056190,SFA,61715,77066,15351,1754434275,2188275275,433841000,KRX MDCSTAT02401_OUT
recent2,KOSDAQ150,foreign,376300,디어유,117315,140115,22800,2115968920,2536756745,420787825,KRX MDCSTAT02401_OUT
recent2,KOSDAQ150,foreign,388720,유일로보틱스,10114,16050,5936,678703450,1074392900,395689450,KRX MDCSTAT02401_OUT
recent2,KOSDAQ150,foreign,009520,포스코엠텍,49624,80956,31332,612262140,1004713995,392451855,KRX MDCSTAT02401_OUT
recent2,KOSDAQ150,foreign,060250,NHN KCP,82239,110190,27951,1098150940,1472164530,374013590,KRX MDCSTAT02401_OUT
recent2,KOSDAQ150,foreign,348210,넥스틴,40662,50941,10279,1429250300,1777529900,348279600,KRX MDCSTAT02401_OUT
recent2,KOSDAQ150,foreign,272290,이녹스첨단소재,43497,58127,14630,928469000,1238715225,310246225,KRX MDCSTAT02401_OUT
recent2,KOSDAQ150,foreign,058610,에스피지,46616,49798,3182,4547340950,4849098900,301757950,KRX MDCSTAT02401_OUT
recent2,KOSDAQ150,foreign,038500,삼표시멘트,178217,209761,31544,1160248655,1365624605,205375950,KRX MDCSTAT02401_OUT
recent2,KOSDAQ150,foreign,042000,카페24,147771,157958,10187,2744504190,2921978870,177474680,KRX MDCSTAT02401_OUT
recent2,KOSDAQ150,foreign,095340,ISC,140657,140853,196,29250358450,29414170100,163811650,KRX MDCSTAT02401_OUT
recent2,KOSDAQ150,foreign,445680,큐리옥스바이오시스템즈,83736,86026,2290,4582788450,4713171300,130382850,KRX MDCSTAT02401_OUT
recent2,KOSDAQ150,foreign,025900,동화기업,26153,43295,17142,179446265,299665310,120219045,KRX MDCSTAT02401_OUT
recent2,KOSDAQ150,foreign,030520,한컴,67770,74373,6603,1174592020,1290744080,116152060,KRX MDCSTAT02401_OUT
recent2,KOSDAQ150,foreign,278280,천보,17302,20405,3103,605997350,718367900,112370550,KRX MDCSTAT02401_OUT
recent2,KOSDAQ150,foreign,036830,솔브레인홀딩스,42114,43592,1478,1750660750,1825320850,74660100,KRX MDCSTAT02401_OUT
recent2,KOSDAQ150,foreign,068760,셀트리온제약,52541,54180,1639,2013697100,2073379875,59682775,KRX MDCSTAT02401_OUT
recent2,KOSDAQ150,foreign,189300,인텔리안테크,23508,23675,167,1565504800,1574296800,8792000,KRX MDCSTAT02401_OUT
recent2,KOSDAQ150,foreign,352480,씨앤씨인터내셔널,10425,10431,6,220267850,220714075,446225,KRX MDCSTAT02401_OUT
recent2,KOSDAQ150,foreign,052400,코나아이,24085,23776,-309,913874675,902440175,-11434500,KRX MDCSTAT02401_OUT
recent2,KOSDAQ150,foreign,214430,아이쓰리시스템,11403,11302,-101,769518300,756354200,-13164100,KRX MDCSTAT02401_OUT
recent2,KOSDAQ150,foreign,101730,위메이드맥스,60277,56948,-3329,268836370,253935890,-14900480,KRX MDCSTAT02401_OUT
recent2,KOSDAQ150,foreign,293490,카카오게임즈,186233,183439,-2794,1747807360,1723892290,-23915070,KRX MDCSTAT02401_OUT
recent2,KOSDAQ150,foreign,036620,감성코퍼레이션,135080,127481,-7599,501208760,471089090,-30119670,KRX MDCSTAT02401_OUT
recent2,KOSDAQ150,foreign,348370,엔켐,91034,87464,-3570,1841373990,1780467135,-60906855,KRX MDCSTAT02401_OUT
recent2,KOSDAQ150,foreign,194480,데브시스터즈,25158,19588,-5570,354253450,277533150,-76720300,KRX MDCSTAT02401_OUT
recent2,KOSDAQ150,foreign,290650,엘앤씨바이오,167879,171968,4089,8500071050,8417000625,-83070425,KRX MDCSTAT02401_OUT
recent2,KOSDAQ150,foreign,253450,스튜디오드래곤,37117,30673,-6444,756789975,626142800,-130647175,KRX MDCSTAT02401_OUT
recent2,KOSDAQ150,foreign,211050,인카금융서비스,57508,40228,-17280,554766100,387803560,-166962540,KRX MDCSTAT02401_OUT
recent2,KOSDAQ150,foreign,032190,다우데이타,36176,27306,-8870,696122550,525242605,-170879945,KRX MDCSTAT02401_OUT
recent2,KOSDAQ150,foreign,253590,네오셈,288352,273366,-14986,3852982470,3643884805,-209097665,KRX MDCSTAT02401_OUT
recent2,KOSDAQ150,foreign,015750,성우하이텍,107813,68472,-39341,622261620,396528870,-225732750,KRX MDCSTAT02401_OUT
recent2,KOSDAQ150,foreign,214370,케어젠,66849,61566,-5283,2746135050,2517617000,-228518050,KRX MDCSTAT02401_OUT
recent2,KOSDAQ150,foreign,056080,유진로봇,186185,165867,-20318,2159528775,1924623010,-234905765,KRX MDCSTAT02401_OUT
recent2,KOSDAQ150,foreign,014620,성광벤드,116183,108868,-7315,3625487950,3351585625,-273902325,KRX MDCSTAT02401_OUT
recent2,KOSDAQ150,foreign,358570,지아이이노베이션,276579,241894,-34685,2220298355,1944484335,-275814020,KRX MDCSTAT02401_OUT
recent2,KOSDAQ150,foreign,018290,브이티,265438,239360,-26078,3221264075,2931272660,-289991415,KRX MDCSTAT02401_OUT
recent2,KOSDAQ150,foreign,074600,원익QnC,149264,142107,-7157,4513129900,4215077325,-298052575,KRX MDCSTAT02401_OUT
recent2,KOSDAQ150,foreign,060280,큐렉소,120215,80125,-40090,969249920,647601170,-321648750,KRX MDCSTAT02401_OUT
recent2,KOSDAQ150,foreign,140860,파크시스템스,34567,33317,-1250,9438814750,9088033500,-350781250,KRX MDCSTAT02401_OUT
recent2,KOSDAQ150,foreign,095660,네오위즈,42014,22142,-19872,750831440,396218120,-354613320,KRX MDCSTAT02401_OUT
recent2,KOSDAQ150,foreign,067160,SOOP,49832,40012,-9820,1821818800,1463540775,-358278025,KRX MDCSTAT02401_OUT
recent2,KOSDAQ150,foreign,036810,에프에스티,96424,82607,-13817,3026801575,2588548650,-438252925,KRX MDCSTAT02401_OUT
recent2,KOSDAQ150,foreign,171090,선익시스템,30086,23519,-6567,2078927550,1635757200,-443170350,KRX MDCSTAT02401_OUT
recent2,KOSDAQ150,foreign,060370,LS마린솔루션,97448,82477,-14971,3123612775,2652230700,-471382075,KRX MDCSTAT02401_OUT
recent2,KOSDAQ150,foreign,065350,신성델타테크,63297,47194,-16103,1925126975,1444898250,-480228725,KRX MDCSTAT02401_OUT
recent2,KOSDAQ150,foreign,100790,미래에셋벤처투자,195832,164864,-30968,3351823080,2829367965,-522455115,KRX MDCSTAT02401_OUT
recent2,KOSDAQ150,foreign,086520,에코프로,375603,366529,-9074,29781524300,29239829450,-541694850,KRX MDCSTAT02401_OUT
recent2,KOSDAQ150,foreign,101490,에스앤에스텍,120882,106329,-14553,5424958800,4728089175,-696869625,KRX MDCSTAT02401_OUT
recent2,KOSDAQ150,foreign,069080,웹젠,112093,50722,-61371,1304244620,589777930,-714466690,KRX MDCSTAT02401_OUT
recent2,KOSDAQ150,foreign,225570,넥슨게임즈,140528,72857,-67671,1495929260,772343510,-723585750,KRX MDCSTAT02401_OUT
recent2,KOSDAQ150,foreign,085660,차바이오텍,211971,117008,-94963,1728605285,953668050,-774937235,KRX MDCSTAT02401_OUT
recent2,KOSDAQ150,foreign,122870,와이지엔터테인먼트,73744,53418,-20326,3172180150,2290039050,-882141100,KRX MDCSTAT02401_OUT
recent2,KOSDAQ150,foreign,214150,클래시스,77954,48296,-29658,2373099925,1470916150,-902183775,KRX MDCSTAT02401_OUT
recent2,KOSDAQ150,foreign,035760,CJ ENM,62903,39234,-23669,2429601900,1511931875,-917670025,KRX MDCSTAT02401_OUT
recent2,KOSDAQ150,foreign,078600,대주전자재료,114412,103078,-11334,10375345500,9438307050,-937038450,KRX MDCSTAT02401_OUT
recent2,KOSDAQ150,foreign,078340,컴투스,88174,62725,-25449,3283436650,2341584125,-941852525,KRX MDCSTAT02401_OUT
recent2,KOSDAQ150,foreign,112040,위메이드,125377,61615,-63762,1887203480,931580780,-955622700,KRX MDCSTAT02401_OUT
recent2,KOSDAQ150,foreign,003380,하림지주,189144,100785,-88359,2048873785,1092311720,-956562065,KRX MDCSTAT02401_OUT
recent2,KOSDAQ150,foreign,006730,서부T&D,217522,125810,-91712,2335725630,1353588110,-982137520,KRX MDCSTAT02401_OUT
recent2,KOSDAQ150,foreign,090710,휴림로봇,523434,354798,-168636,3165077520,2147421060,-1017656460,KRX MDCSTAT02401_OUT
recent2,KOSDAQ150,foreign,137400,피엔티,115341,75053,-40288,3341241525,2203578575,-1137662950,KRX MDCSTAT02401_OUT
recent2,KOSDAQ150,foreign,466100,클로봇,108609,57259,-51350,2428343950,1277889650,-1150454300,KRX MDCSTAT02401_OUT
recent2,KOSDAQ150,foreign,082920,비츠로셀,166992,124461,-42531,4694426750,3510163375,-1184263375,KRX MDCSTAT02401_OUT
recent2,KOSDAQ150,foreign,195940,HK이노엔,78546,47862,-30684,3082913125,1875862325,-1207050800,KRX MDCSTAT02401_OUT
recent2,KOSDAQ150,foreign,218410,RFHIC,151507,131881,-19626,8828363800,7602790650,-1225573150,KRX MDCSTAT02401_OUT
recent2,KOSDAQ150,foreign,183300,코미코,343616,302142,-41474,11330871175,9915317975,-1415553200,KRX MDCSTAT02401_OUT
recent2,KOSDAQ150,foreign,121600,나노신소재,55900,28210,-27690,3058071550,1549835800,-1508235750,KRX MDCSTAT02401_OUT
recent2,KOSDAQ150,foreign,090360,로보스타,44360,23093,-21267,3361423200,1748209250,-1613213950,KRX MDCSTAT02401_OUT
recent2,KOSDAQ150,foreign,226950,올릭스,93757,77669,-16088,9620641900,7989481150,-1631160750,KRX MDCSTAT02401_OUT
recent2,KOSDAQ150,foreign,204270,제이앤티씨,412387,338591,-73796,9364401675,7620624450,-1743777225,KRX MDCSTAT02401_OUT
recent2,KOSDAQ150,foreign,277810,레인보우로보틱스,32951,28469,-4482,13771933500,11915352500,-1856581000,KRX MDCSTAT02401_OUT
recent2,KOSDAQ150,foreign,251970,펌텍코리아,47312,17398,-29914,2965591900,1082888350,-1882703550,KRX MDCSTAT02401_OUT
recent2,KOSDAQ150,foreign,030530,원익홀딩스,408683,340740,-67943,10921829325,9033599750,-1888229575,KRX MDCSTAT02401_OUT
recent2,KOSDAQ150,foreign,099320,쎄트렉아이,77972,51091,-26881,6018044500,3969352150,-2048692350,KRX MDCSTAT02401_OUT
recent2,KOSDAQ150,foreign,007390,네이처셀,167271,80853,-86418,4049886775,1963042350,-2086844425,KRX MDCSTAT02401_OUT
recent2,KOSDAQ150,foreign,281740,레이크머티리얼즈,666114,397391,-268723,7508530580,4524944400,-2983586180,KRX MDCSTAT02401_OUT
recent2,KOSDAQ150,foreign,328130,루닛,815649,539248,-276401,9212634670,6122338930,-3090295740,KRX MDCSTAT02401_OUT
recent2,KOSDAQ150,foreign,041510,에스엠,89405,48977,-40428,7388969000,4048503050,-3340465950,KRX MDCSTAT02401_OUT
recent2,KOSDAQ150,foreign,095610,테스,227385,202934,-24451,38178734200,34168568950,-4010165250,KRX MDCSTAT02401_OUT
recent2,KOSDAQ150,foreign,005290,동진쎄미켐,384252,290734,-93518,18129056725,13795542400,-4333514325,KRX MDCSTAT02401_OUT
recent2,KOSDAQ150,foreign,145020,휴젤,106533,71802,-34731,19326611450,13030491050,-6296120400,KRX MDCSTAT02401_OUT
recent2,KOSDAQ150,foreign,319400,현대무벡스,468685,161456,-307229,9602669675,3287660200,-6315009475,KRX MDCSTAT02401_OUT
recent2,KOSDAQ150,foreign,064760,티씨케이,69990,47873,-22117,20532309750,14125539500,-6406770250,KRX MDCSTAT02401_OUT
recent2,KOSDAQ150,foreign,067310,하나마이크론,862728,687280,-175448,40099855475,31864702775,-8235152700,KRX MDCSTAT02401_OUT
recent2,KOSDAQ150,foreign,131970,두산테스나,200689,111058,-89631,19094357300,10503299700,-8591057600,KRX MDCSTAT02401_OUT
recent2,KOSDAQ150,foreign,247540,에코프로비엠,392052,307980,-84072,42082544650,33280064600,-8802480050,KRX MDCSTAT02401_OUT
recent2,KOSDAQ150,foreign,039030,이오테크닉스,71942,51828,-20114,36383170750,26059205250,-10323965500,KRX MDCSTAT02401_OUT
recent2,KOSDAQ150,foreign,257720,실리콘투,475396,155573,-319823,18281530550,5989423950,-12292106600,KRX MDCSTAT02401_OUT
recent2,KOSDAQ150,foreign,178320,서진시스템,1521532,1120613,-400919,57692544775,42713433600,-14979111175,KRX MDCSTAT02401_OUT
recent2,KOSDAQ150,foreign,084370,유진테크,221867,126984,-94883,36846135200,20907480700,-15938654500,KRX MDCSTAT02401_OUT
recent2,KOSDAQ150,foreign,058470,리노공업,711607,398056,-313551,52099877800,29109039800,-22990838000,KRX MDCSTAT02401_OUT
recent2,KOSDAQ150,foreign,028300,HLB,3585292,1870131,-1715161,152395929950,78862063300,-73533866650,KRX MDCSTAT02401_OUT
recent2,KOSDAQ150,institution,403870,HPSP,390356,1097397,707041,24028893100,67219098150,43190205050,KRX MDCSTAT02401_OUT
recent2,KOSDAQ150,institution,036930,주성엔지니어링,169658,306127,136469,37744075750,68638694000,30894618250,KRX MDCSTAT02401_OUT
recent2,KOSDAQ150,institution,240810,원익IPS,246493,393463,146970,31987726500,51022102150,19034375650,KRX MDCSTAT02401_OUT
recent2,KOSDAQ150,institution,039030,이오테크닉스,70805,106405,35600,35544395500,53509599250,17965203750,KRX MDCSTAT02401_OUT
recent2,KOSDAQ150,institution,084370,유진테크,45448,148821,103373,7439044350,24727670050,17288625700,KRX MDCSTAT02401_OUT
recent2,KOSDAQ150,institution,058470,리노공업,196775,375364,178589,14386600300,27481347900,13094747600,KRX MDCSTAT02401_OUT
recent2,KOSDAQ150,institution,196170,알테오젠,146637,194673,48036,36835149250,49213461000,12378311750,KRX MDCSTAT02401_OUT
recent2,KOSDAQ150,institution,178320,서진시스템,170238,471193,300955,6399803550,17698146825,11298343275,KRX MDCSTAT02401_OUT
recent2,KOSDAQ150,institution,131970,두산테스나,52742,164347,111605,4981025200,15583053400,10602028200,KRX MDCSTAT02401_OUT
recent2,KOSDAQ150,institution,095610,테스,152114,208878,56764,25483734000,35119165150,9635431150,KRX MDCSTAT02401_OUT
recent2,KOSDAQ150,institution,064760,티씨케이,37236,62960,25724,11023029500,18581516500,7558487000,KRX MDCSTAT02401_OUT
recent2,KOSDAQ150,institution,257720,실리콘투,150750,325448,174698,5795667150,12515381700,6719714550,KRX MDCSTAT02401_OUT
recent2,KOSDAQ150,institution,005290,동진쎄미켐,150838,275348,124510,7120660350,12989154375,5868494025,KRX MDCSTAT02401_OUT
recent2,KOSDAQ150,institution,074600,원익QnC,110530,239008,128478,3304039450,7223678950,3919639500,KRX MDCSTAT02401_OUT
recent2,KOSDAQ150,institution,290650,엘앤씨바이오,49159,115413,66254,2393797150,5839737400,3445940250,KRX MDCSTAT02401_OUT
recent2,KOSDAQ150,institution,323280,태성,47984,108617,60633,2537942950,5895882775,3357939825,KRX MDCSTAT02401_OUT
recent2,KOSDAQ150,institution,183300,코미코,238331,332101,93770,7796311425,10875615475,3079304050,KRX MDCSTAT02401_OUT
recent2,KOSDAQ150,institution,053800,안랩,20296,47425,27129,1527615250,3596199900,2068584650,KRX MDCSTAT02401_OUT
recent2,KOSDAQ150,institution,251970,펌텍코리아,19462,51287,31825,1208639700,3209180900,2000541200,KRX MDCSTAT02401_OUT
recent2,KOSDAQ150,institution,095340,ISC,61193,70310,9117,12741608750,14609643950,1868035200,KRX MDCSTAT02401_OUT
recent2,KOSDAQ150,institution,080220,제주반도체,78236,99383,21147,5994014200,7673405500,1679391300,KRX MDCSTAT02401_OUT
recent2,KOSDAQ150,institution,145020,휴젤,20270,28976,8706,3670964250,5282507300,1611543050,KRX MDCSTAT02401_OUT
recent2,KOSDAQ150,institution,067310,하나마이크론,202935,236444,33509,9397391200,11006710500,1609319300,KRX MDCSTAT02401_OUT
recent2,KOSDAQ150,institution,140860,파크시스템스,8344,13617,5273,2248002500,3708560750,1460558250,KRX MDCSTAT02401_OUT
recent2,KOSDAQ150,institution,131290,티에스이,46305,50287,3982,13436460500,14734307000,1297846500,KRX MDCSTAT02401_OUT
recent2,KOSDAQ150,institution,226950,올릭스,86751,98602,11851,8876845350,10142682800,1265837450,KRX MDCSTAT02401_OUT
recent2,KOSDAQ150,institution,031980,피에스케이홀딩스,72977,78969,5992,13031206750,14102845250,1071638500,KRX MDCSTAT02401_OUT
recent2,KOSDAQ150,institution,166090,하나머티리얼즈,48424,59008,10584,2862226400,3484389000,622162600,KRX MDCSTAT02401_OUT
recent2,KOSDAQ150,institution,161580,필옵틱스,24462,38144,13682,907991250,1471391700,563400450,KRX MDCSTAT02401_OUT
recent2,KOSDAQ150,institution,036830,솔브레인홀딩스,28357,41650,13293,1173600100,1734553400,560953300,KRX MDCSTAT02401_OUT
recent2,KOSDAQ150,institution,042000,카페24,27682,51152,23470,513656740,951173975,437517235,KRX MDCSTAT02401_OUT
recent2,KOSDAQ150,institution,078340,컴투스,38516,49160,10644,1440032650,1836391500,396358850,KRX MDCSTAT02401_OUT
recent2,KOSDAQ150,institution,417200,LS머트리얼즈,391093,410846,19753,5417513920,5779137690,361623770,KRX MDCSTAT02401_OUT
recent2,KOSDAQ150,institution,204270,제이앤티씨,22280,34615,12335,506868425,784346375,277477950,KRX MDCSTAT02401_OUT
recent2,KOSDAQ150,institution,036810,에프에스티,25455,30712,5257,795028000,965795400,170767400,KRX MDCSTAT02401_OUT
recent2,KOSDAQ150,institution,195940,HK이노엔,52170,56209,4039,2038542425,2206598100,168055675,KRX MDCSTAT02401_OUT
recent2,KOSDAQ150,institution,039200,오스코텍,54061,58013,3952,1908226200,2056198700,147972500,KRX MDCSTAT02401_OUT
recent2,KOSDAQ150,institution,225570,넥슨게임즈,83509,93935,10426,880713315,1009489680,128776365,KRX MDCSTAT02401_OUT
recent2,KOSDAQ150,institution,376300,디어유,18195,23775,5580,321720745,432863190,111142445,KRX MDCSTAT02401_OUT
recent2,KOSDAQ150,institution,121600,나노신소재,36623,38527,1904,2005692100,2116246550,110554450,KRX MDCSTAT02401_OUT
recent2,KOSDAQ150,institution,035760,CJ ENM,27460,28995,1535,1061322050,1118011425,56689375,KRX MDCSTAT02401_OUT
recent2,KOSDAQ150,institution,036620,감성코퍼레이션,74519,85800,11281,274137515,320396155,46258640,KRX MDCSTAT02401_OUT
recent2,KOSDAQ150,institution,018290,브이티,51910,54096,2186,633250250,667246675,33996425,KRX MDCSTAT02401_OUT
recent2,KOSDAQ150,institution,095660,네오위즈,21998,23448,1450,393556750,420294550,26737800,KRX MDCSTAT02401_OUT
recent2,KOSDAQ150,institution,215200,메가스터디교육,20390,20787,397,749082750,764271500,15188750,KRX MDCSTAT02401_OUT
recent2,KOSDAQ150,institution,194480,데브시스터즈,13748,10718,-3030,194725500,151442870,-43282630,KRX MDCSTAT02401_OUT
recent2,KOSDAQ150,institution,025900,동화기업,19526,11560,-7966,134072880,79622680,-54450200,KRX MDCSTAT02401_OUT
recent2,KOSDAQ150,institution,101730,위메이드맥스,22265,7078,-15187,99254715,31561315,-67693400,KRX MDCSTAT02401_OUT
recent2,KOSDAQ150,institution,100790,미래에셋벤처투자,21587,17258,-4329,367494395,296587445,-70906950,KRX MDCSTAT02401_OUT
recent2,KOSDAQ150,institution,445680,큐리옥스바이오시스템즈,15596,13232,-2364,821998950,731584000,-90414950,KRX MDCSTAT02401_OUT
recent2,KOSDAQ150,institution,098460,고영,154082,149406,-4676,4641769825,4545774500,-95995325,KRX MDCSTAT02401_OUT
recent2,KOSDAQ150,institution,038500,삼표시멘트,70014,51237,-18777,456196280,333711420,-122484860,KRX MDCSTAT02401_OUT
recent2,KOSDAQ150,institution,214370,케어젠,22998,19578,-3420,932540175,804644200,-127895975,KRX MDCSTAT02401_OUT
recent2,KOSDAQ150,institution,348210,넥스틴,26444,22330,-4114,928224425,790458725,-137765700,KRX MDCSTAT02401_OUT
recent2,KOSDAQ150,institution,352480,씨앤씨인터내셔널,7837,1290,-6547,166048600,27446150,-138602450,KRX MDCSTAT02401_OUT
recent2,KOSDAQ150,institution,101490,에스앤에스텍,29941,26339,-3602,1326242825,1175481900,-150760925,KRX MDCSTAT02401_OUT
recent2,KOSDAQ150,institution,067160,SOOP,13132,8733,-4399,480120450,319252350,-160868100,KRX MDCSTAT02401_OUT
recent2,KOSDAQ150,institution,009520,포스코엠텍,55485,42100,-13385,684437750,520892970,-163544780,KRX MDCSTAT02401_OUT
recent2,KOSDAQ150,institution,069080,웹젠,65208,50723,-14485,758363360,590172620,-168190740,KRX MDCSTAT02401_OUT
recent2,KOSDAQ150,institution,082270,젬백스,35824,18424,-17400,362263980,188445095,-173818885,KRX MDCSTAT02401_OUT
recent2,KOSDAQ150,institution,015750,성우하이텍,52066,21296,-30770,300701595,123263790,-177437805,KRX MDCSTAT02401_OUT
recent2,KOSDAQ150,institution,032190,다우데이타,26396,16429,-9967,507172080,313959070,-193213010,KRX MDCSTAT02401_OUT
recent2,KOSDAQ150,institution,060280,큐렉소,34786,10669,-24117,280422980,86617980,-193805000,KRX MDCSTAT02401_OUT
recent2,KOSDAQ150,institution,000250,삼천당제약,53306,51542,-1764,8881841450,8683138100,-198703350,KRX MDCSTAT02401_OUT
recent2,KOSDAQ150,institution,272290,이녹스첨단소재,26465,17077,-9388,563157175,364212300,-198944875,KRX MDCSTAT02401_OUT
recent2,KOSDAQ150,institution,090360,로보스타,6486,3776,-2710,490206000,286371700,-203834300,KRX MDCSTAT02401_OUT
recent2,KOSDAQ150,institution,025320,시노펙스,82904,27971,-54933,311301685,106093666,-205208019,KRX MDCSTAT02401_OUT
recent2,KOSDAQ150,institution,041190,우리기술투자,58202,22097,-36105,333207835,126670860,-206536975,KRX MDCSTAT02401_OUT
recent2,KOSDAQ150,institution,033100,제룡전기,15136,10252,-4884,715723700,484961850,-230761850,KRX MDCSTAT02401_OUT
recent2,KOSDAQ150,institution,388720,유일로보틱스,6691,3171,-3520,447601400,212726000,-234875400,KRX MDCSTAT02401_OUT
recent2,KOSDAQ150,institution,253450,스튜디오드래곤,22845,11146,-11699,466459100,228559775,-237899325,KRX MDCSTAT02401_OUT
recent2,KOSDAQ150,institution,211050,인카금융서비스,69688,43976,-25712,668971700,429323640,-239648060,KRX MDCSTAT02401_OUT
recent2,KOSDAQ150,institution,035900,JYP Ent.,45754,39299,-6455,1730443250,1487348525,-243094725,KRX MDCSTAT02401_OUT
recent2,KOSDAQ150,institution,214430,아이쓰리시스템,6752,2830,-3922,450412500,190861700,-259550800,KRX MDCSTAT02401_OUT
recent2,KOSDAQ150,institution,032500,케이엠더블유,37566,22683,-14883,699369765,423914260,-275455505,KRX MDCSTAT02401_OUT
recent2,KOSDAQ150,institution,171090,선익시스템,17297,13202,-4095,1195570200,917355650,-278214550,KRX MDCSTAT02401_OUT
recent2,KOSDAQ150,institution,125490,한라캐스트,44361,19895,-24466,513475850,230797470,-282678380,KRX MDCSTAT02401_OUT
recent2,KOSDAQ150,institution,348370,엔켐,44986,29983,-15003,907052460,609670720,-297381740,KRX MDCSTAT02401_OUT
recent2,KOSDAQ150,institution,025980,아난티,91162,28402,-62760,435810890,133785923,-302024967,KRX MDCSTAT02401_OUT
recent2,KOSDAQ150,institution,278280,천보,12157,3486,-8671,425699200,122422200,-303277000,KRX MDCSTAT02401_OUT
recent2,KOSDAQ150,institution,319400,현대무벡스,67705,51381,-16324,1376222350,1045510150,-330712200,KRX MDCSTAT02401_OUT
recent2,KOSDAQ150,institution,253590,네오셈,60866,35725,-25141,808836060,476747145,-332088915,KRX MDCSTAT02401_OUT
recent2,KOSDAQ150,institution,030520,한컴,62979,43454,-19525,1091785970,756112630,-335673340,KRX MDCSTAT02401_OUT
recent2,KOSDAQ150,institution,399720,가온칩스,9546,2136,-7410,435408950,98133625,-337275325,KRX MDCSTAT02401_OUT
recent2,KOSDAQ150,institution,281740,레이크머티리얼즈,109111,78023,-31088,1234113790,885340795,-348772995,KRX MDCSTAT02401_OUT
recent2,KOSDAQ150,institution,050890,쏠리드,59806,22442,-37364,565463625,212828795,-352634830,KRX MDCSTAT02401_OUT
recent2,KOSDAQ150,institution,466100,클로봇,27897,12068,-15829,622901650,269441150,-353460500,KRX MDCSTAT02401_OUT
recent2,KOSDAQ150,institution,082920,비츠로셀,85558,72431,-13127,2402235075,2029689650,-372545425,KRX MDCSTAT02401_OUT
recent2,KOSDAQ150,institution,065350,신성델타테크,21782,9448,-12334,662217225,287911250,-374305975,KRX MDCSTAT02401_OUT
recent2,KOSDAQ150,institution,085660,차바이오텍,77770,31613,-46157,633427150,257891050,-375536100,KRX MDCSTAT02401_OUT
recent2,KOSDAQ150,institution,060250,NHN KCP,38327,8913,-29414,511642810,119197130,-392445680,KRX MDCSTAT02401_OUT
recent2,KOSDAQ150,institution,0009K0,에임드바이오,50694,30626,-20068,1088829200,665004325,-423824875,KRX MDCSTAT02401_OUT
recent2,KOSDAQ150,institution,048410,현대바이오,183241,116358,-66883,1247589580,794763340,-452826240,KRX MDCSTAT02401_OUT
recent2,KOSDAQ150,institution,137400,피엔티,48284,32342,-15942,1390356400,933979000,-456377400,KRX MDCSTAT02401_OUT
recent2,KOSDAQ150,institution,052400,코나아이,18965,6683,-12282,719392150,253989925,-465402225,KRX MDCSTAT02401_OUT
recent2,KOSDAQ150,institution,112040,위메이드,67441,34584,-32857,1020936110,524616070,-496320040,KRX MDCSTAT02401_OUT
recent2,KOSDAQ150,institution,090710,휴림로봇,134083,46834,-87249,810836450,283150530,-527685920,KRX MDCSTAT02401_OUT
recent2,KOSDAQ150,institution,189300,인텔리안테크,17033,7490,-9543,1131451000,499303350,-632147650,KRX MDCSTAT02401_OUT
recent2,KOSDAQ150,institution,293490,카카오게임즈,230548,158380,-72168,2162415170,1492329825,-670085345,KRX MDCSTAT02401_OUT
recent2,KOSDAQ150,institution,006730,서부T&D,109508,45030,-64478,1180184340,486135860,-694048480,KRX MDCSTAT02401_OUT
recent2,KOSDAQ150,institution,214150,클래시스,51175,27764,-23411,1556117425,846882400,-709235025,KRX MDCSTAT02401_OUT
recent2,KOSDAQ150,institution,358570,지아이이노베이션,115804,24142,-91662,929927400,193755695,-736171705,KRX MDCSTAT02401_OUT
recent2,KOSDAQ150,institution,099320,쎄트렉아이,14293,4351,-9942,1106800700,339534600,-767266100,KRX MDCSTAT02401_OUT
recent2,KOSDAQ150,institution,033500,동성화인텍,60551,9869,-50682,938428150,154710580,-783717570,KRX MDCSTAT02401_OUT
recent2,KOSDAQ150,institution,003380,하림지주,160292,87412,-72880,1739477075,947039000,-792438075,KRX MDCSTAT02401_OUT
recent2,KOSDAQ150,institution,030530,원익홀딩스,70952,37412,-33540,1885782500,993916650,-891865850,KRX MDCSTAT02401_OUT
recent2,KOSDAQ150,institution,328130,루닛,298206,202766,-95440,3266306980,2353853445,-912453535,KRX MDCSTAT02401_OUT
recent2,KOSDAQ150,institution,056190,SFA,68813,35397,-33416,1950991075,1004117125,-946873950,KRX MDCSTAT02401_OUT
recent2,KOSDAQ150,institution,124500,아이티센글로벌,43486,9226,-34260,1235645300,262879375,-972765925,KRX MDCSTAT02401_OUT
recent2,KOSDAQ150,institution,056080,유진로봇,97902,13551,-84351,1134045250,157439335,-976605915,KRX MDCSTAT02401_OUT
recent2,KOSDAQ150,institution,007390,네이처셀,78996,38345,-40651,1912999275,931461100,-981538175,KRX MDCSTAT02401_OUT
recent2,KOSDAQ150,institution,096530,씨젠,130602,99243,-31359,4471673600,3450578575,-1021095025,KRX MDCSTAT02401_OUT
recent2,KOSDAQ150,institution,122870,와이지엔터테인먼트,83664,57818,-25846,3588894050,2488871600,-1100022450,KRX MDCSTAT02401_OUT
recent2,KOSDAQ150,institution,213420,덕산네오룩스,103830,62952,-40878,3036597775,1858718625,-1177879150,KRX MDCSTAT02401_OUT
recent2,KOSDAQ150,institution,058610,에스피지,24568,12342,-12226,2390252350,1202221900,-1188030450,KRX MDCSTAT02401_OUT
recent2,KOSDAQ150,institution,218410,RFHIC,74963,54094,-20869,4346185500,3134768550,-1211416950,KRX MDCSTAT02401_OUT
recent2,KOSDAQ150,institution,263750,펄어비스,93672,55746,-37926,3093112575,1841281025,-1251831550,KRX MDCSTAT02401_OUT
recent2,KOSDAQ150,institution,237690,에스티팜,35592,19537,-16055,3276682600,1803252700,-1473429900,KRX MDCSTAT02401_OUT
recent2,KOSDAQ150,institution,041510,에스엠,61248,39902,-21346,5064469150,3308662200,-1755806950,KRX MDCSTAT02401_OUT
recent2,KOSDAQ150,institution,078600,대주전자재료,43450,19190,-24260,3948304950,1748807000,-2199497950,KRX MDCSTAT02401_OUT
recent2,KOSDAQ150,institution,310210,보로노이,35336,18208,-17128,4689635250,2418390600,-2271244650,KRX MDCSTAT02401_OUT
recent2,KOSDAQ150,institution,032820,우리기술,281467,91959,-189508,3447922715,1128533430,-2319389285,KRX MDCSTAT02401_OUT
recent2,KOSDAQ150,institution,347850,디앤디파마텍,91587,35009,-56578,3820095175,1466040050,-2354055125,KRX MDCSTAT02401_OUT
recent2,KOSDAQ150,institution,277810,레인보우로보틱스,23509,17534,-5975,9813456500,7392043500,-2421413000,KRX MDCSTAT02401_OUT
recent2,KOSDAQ150,institution,247540,에코프로비엠,201575,177120,-24455,21505337900,18939753400,-2565584500,KRX MDCSTAT02401_OUT
recent2,KOSDAQ150,institution,014620,성광벤드,118770,34363,-84407,3659111550,1048567650,-2610543900,KRX MDCSTAT02401_OUT
recent2,KOSDAQ150,institution,141080,리가켐바이오,86424,52451,-33973,6827210500,4176161150,-2651049350,KRX MDCSTAT02401_OUT
recent2,KOSDAQ150,institution,043260,성호전자,1075507,949969,-125538,26997332325,24248920300,-2748412025,KRX MDCSTAT02401_OUT
recent2,KOSDAQ150,institution,295310,에이치브이엠,117095,67749,-49346,6732495700,3931601600,-2800894100,KRX MDCSTAT02401_OUT
recent2,KOSDAQ150,institution,232140,와이씨,270798,52130,-218668,3806701640,735211935,-3071489705,KRX MDCSTAT02401_OUT
recent2,KOSDAQ150,institution,437730,삼현,95300,27999,-67301,4574825125,1354563875,-3220261250,KRX MDCSTAT02401_OUT
recent2,KOSDAQ150,institution,420770,기가비스,70378,42115,-28263,8663681300,5274001400,-3389679900,KRX MDCSTAT02401_OUT
recent2,KOSDAQ150,institution,060370,LS마린솔루션,133995,27619,-106376,4291622075,886308600,-3405313475,KRX MDCSTAT02401_OUT
recent2,KOSDAQ150,institution,298380,에이비엘바이오,130109,54945,-75164,6345520050,2688881600,-3656638450,KRX MDCSTAT02401_OUT
recent2,KOSDAQ150,institution,087010,펩트론,83527,54495,-29032,10936712250,7209795250,-3726917000,KRX MDCSTAT02401_OUT
recent2,KOSDAQ150,institution,083650,비에이치아이,103708,27371,-76337,6053169500,1616972450,-4436197050,KRX MDCSTAT02401_OUT
recent2,KOSDAQ150,institution,068760,셀트리온제약,134012,13819,-120193,5125042875,529631775,-4595411100,KRX MDCSTAT02401_OUT
recent2,KOSDAQ150,institution,475830,오름테라퓨틱,249068,20377,-228691,5477494800,451359250,-5026135550,KRX MDCSTAT02401_OUT
recent2,KOSDAQ150,institution,089030,테크윙,200072,94875,-105197,10084160725,4782710975,-5301449750,KRX MDCSTAT02401_OUT
recent2,KOSDAQ150,institution,241710,코스메카코리아,129567,56442,-73125,15425551500,6986212300,-8439339200,KRX MDCSTAT02401_OUT
recent2,KOSDAQ150,institution,086520,에코프로,443799,333665,-110134,35089009050,26586445800,-8502563250,KRX MDCSTAT02401_OUT
recent2,KOSDAQ150,institution,089970,브이엠,408745,238246,-170499,25154415000,14999394300,-10155020700,KRX MDCSTAT02401_OUT
recent2,KOSDAQ150,institution,108490,로보티즈,57430,20108,-37322,16370464750,5742896500,-10627568250,KRX MDCSTAT02401_OUT
recent2,KOSDAQ150,institution,036540,SFA반도체,2487566,896424,-1591142,26232850115,9494362150,-16738487965,KRX MDCSTAT02401_OUT
recent2,KOSDAQ150,institution,222800,심텍,290914,162125,-128789,43450931000,24311251250,-19139679750,KRX MDCSTAT02401_OUT
recent2,KOSDAQ150,institution,214450,파마리서치,92640,20056,-72584,28833984250,6267962000,-22566022250,KRX MDCSTAT02401_OUT
recent2,KOSDAQ150,institution,028300,HLB,920892,405181,-515711,39516219050,16818882725,-22697336325,KRX MDCSTAT02401_OUT
recent3,KOSPI200,foreign,066570,LG전자,732627,1000495,267868,156972465500,214981946750,58009481250,KRX MDCSTAT02401_OUT
recent3,KOSPI200,foreign,042700,한미반도체,432548,652047,219499,106945099250,161426285250,54481186000,KRX MDCSTAT02401_OUT
recent3,KOSPI200,foreign,096770,SK이노베이션,718492,979033,260541,108719538950,150094917700,41375378750,KRX MDCSTAT02401_OUT
recent3,KOSPI200,foreign,035420,NAVER,535302,708620,173318,104450186450,138968579750,34518393300,KRX MDCSTAT02401_OUT
recent3,KOSPI200,foreign,329180,HD현대중공업,148005,214493,66488,64441518500,93136293250,28694774750,KRX MDCSTAT02401_OUT
recent3,KOSPI200,foreign,010120,LS ELECTRIC,272656,378120,105464,55807059250,77493959000,21686899750,KRX MDCSTAT02401_OUT
recent3,KOSPI200,foreign,006400,삼성SDI,273158,312172,39014,141548661000,163033372500,21484711500,KRX MDCSTAT02401_OUT
recent3,KOSPI200,foreign,086280,현대글로비스,165400,253995,88595,32683862700,50270416500,17586553800,KRX MDCSTAT02401_OUT
recent3,KOSPI200,foreign,010950,S-Oil,440803,535953,95150,71007652000,86361267300,15353615300,KRX MDCSTAT02401_OUT
recent3,KOSPI200,foreign,086790,하나금융지주,1323992,1437677,113685,174920790200,190053521400,15132731200,KRX MDCSTAT02401_OUT
recent3,KOSPI200,foreign,004020,현대제철,591749,1051632,459883,18005473175,32076117850,14070644675,KRX MDCSTAT02401_OUT
recent3,KOSPI200,foreign,000720,현대건설,412869,520731,107862,49271353600,63245704800,13974351200,KRX MDCSTAT02401_OUT
recent3,KOSPI200,foreign,018260,삼성에스디에스,153662,209157,55495,33487310250,45609905750,12122595500,KRX MDCSTAT02401_OUT
recent3,KOSPI200,foreign,004170,신세계,82705,114352,31647,28062367750,38765444250,10703076500,KRX MDCSTAT02401_OUT
recent3,KOSPI200,foreign,017670,SK텔레콤,508286,624215,115929,43912295400,54094654650,10182359250,KRX MDCSTAT02401_OUT
recent3,KOSPI200,foreign,011200,HMM,727601,1193375,465774,15263551575,25099206825,9835655250,KRX MDCSTAT02401_OUT
recent3,KOSPI200,foreign,047040,대우건설,6672553,6980424,307871,118776647895,128473247970,9696600075,KRX MDCSTAT02401_OUT
recent3,KOSPI200,foreign,062040,산일전기,214857,262453,47596,44340568450,54005689900,9665121450,KRX MDCSTAT02401_OUT
recent3,KOSPI200,foreign,373220,LG에너지솔루션,306829,326862,20033,109172820000,116993060750,7820240750,KRX MDCSTAT02401_OUT
recent3,KOSPI200,foreign,009420,한올바이오파마,224209,393862,169653,9703617675,17143939550,7440321875,KRX MDCSTAT02401_OUT
recent3,KOSPI200,foreign,375500,DL이앤씨,379782,471200,91418,30031066750,37446961150,7415894400,KRX MDCSTAT02401_OUT
recent3,KOSPI200,foreign,001040,CJ,169502,222788,53286,22923459550,30053852800,7130393250,KRX MDCSTAT02401_OUT
recent3,KOSPI200,foreign,010130,고려아연,13482,19825,6343,14568508000,21232315000,6663807000,KRX MDCSTAT02401_OUT
recent3,KOSPI200,foreign,082740,한화엔진,468619,595378,126759,22477907700,28826246850,6348339150,KRX MDCSTAT02401_OUT
recent3,KOSPI200,foreign,161890,한국콜마,272235,314701,42466,40391877600,46697771250,6305893650,KRX MDCSTAT02401_OUT
recent3,KOSPI200,foreign,259960,크래프톤,139277,168389,29112,27597133150,33360691400,5763558250,KRX MDCSTAT02401_OUT
recent3,KOSPI200,foreign,207940,삼성바이오로직스,72314,76351,4037,100341308000,106080836500,5739528500,KRX MDCSTAT02401_OUT
recent3,KOSPI200,foreign,278470,에이피알,245839,261168,15329,89897218250,95524801750,5627583500,KRX MDCSTAT02401_OUT
recent3,KOSPI200,foreign,443060,HD현대마린솔루션,83135,104164,21029,19842733250,24882688500,5039955250,KRX MDCSTAT02401_OUT
recent3,KOSPI200,foreign,161390,한국타이어앤테크놀로지,532919,616039,83120,31486078850,36361027400,4874948550,KRX MDCSTAT02401_OUT
recent3,KOSPI200,foreign,010060,OCI홀딩스,331581,347950,16369,73390774000,78072457750,4681683750,KRX MDCSTAT02401_OUT
recent3,KOSPI200,foreign,003490,대한항공,2836129,2977183,141054,89220853975,93802617650,4581763675,KRX MDCSTAT02401_OUT
recent3,KOSPI200,foreign,003230,삼양식품,33288,36621,3333,40556500000,44693070500,4136570500,KRX MDCSTAT02401_OUT
recent3,KOSPI200,foreign,073240,금호타이어,1716638,2304170,587532,11665996800,15725582860,4059586060,KRX MDCSTAT02401_OUT
recent3,KOSPI200,foreign,204320,HL만도,157830,244370,86540,7248733550,11288066975,4039333425,KRX MDCSTAT02401_OUT
recent3,KOSPI200,foreign,000100,유한양행,270851,324907,54056,19923175800,23932002600,4008826800,KRX MDCSTAT02401_OUT
recent3,KOSPI200,foreign,128940,한미약품,55579,63401,7822,28003598250,31940149500,3936551250,KRX MDCSTAT02401_OUT
recent3,KOSPI200,foreign,024110,기업은행,1369344,1549052,179708,27995886250,31911347000,3915460750,KRX MDCSTAT02401_OUT
recent3,KOSPI200,foreign,069960,현대백화점,172300,216386,44086,15564458750,19472829450,3908370700,KRX MDCSTAT02401_OUT
recent3,KOSPI200,foreign,047050,포스코인터내셔널,461460,523444,61984,25801428450,29645812900,3844384450,KRX MDCSTAT02401_OUT
recent3,KOSPI200,foreign,047810,한국항공우주,245475,273903,28428,31337273500,35149192700,3811919200,KRX MDCSTAT02401_OUT
recent3,KOSPI200,foreign,032640,LG유플러스,1478673,1727790,249117,21688967655,25368479200,3679511545,KRX MDCSTAT02401_OUT
recent3,KOSPI200,foreign,0126Z0,삼성에피스홀딩스,49090,59052,9962,16555390000,20152948000,3597558000,KRX MDCSTAT02401_OUT
recent3,KOSPI200,foreign,029780,삼성카드,112118,192133,80015,4759345775,8225632500,3466286725,KRX MDCSTAT02401_OUT
recent3,KOSPI200,foreign,097950,CJ제일제당,54247,73502,19255,9691164850,13131926600,3440761750,KRX MDCSTAT02401_OUT
recent3,KOSPI200,foreign,093370,후성,3261908,3483513,221605,47781142315,50979174315,3198032000,KRX MDCSTAT02401_OUT
recent3,KOSPI200,foreign,120110,코오롱인더,67758,125344,57586,3722882400,6911814850,3188932450,KRX MDCSTAT02401_OUT
recent3,KOSPI200,foreign,035720,카카오,1264934,1353563,88629,42693146650,45803643350,3110496700,KRX MDCSTAT02401_OUT
recent3,KOSPI200,foreign,000270,기아,2053480,2077801,24321,236727585350,239820097350,3092512000,KRX MDCSTAT02401_OUT
recent3,KOSPI200,foreign,001450,현대해상,907908,967304,59396,44506354050,47454514425,2948160375,KRX MDCSTAT02401_OUT
recent3,KOSPI200,foreign,483650,달바글로벌,110048,124090,14042,20455664350,23115222450,2659558100,KRX MDCSTAT02401_OUT
recent3,KOSPI200,foreign,023530,롯데쇼핑,148316,172741,24425,15041867850,17534656750,2492788900,KRX MDCSTAT02401_OUT
recent3,KOSPI200,foreign,000880,한화,206398,223891,17493,26682792280,29002516780,2319724500,KRX MDCSTAT02401_OUT
recent3,KOSPI200,foreign,078930,GS,507226,529548,22322,55772809995,58069455845,2296645850,KRX MDCSTAT02401_OUT
recent3,KOSPI200,foreign,030000,제일기획,536030,654622,118592,9816979490,12012455875,2195476385,KRX MDCSTAT02401_OUT
recent3,KOSPI200,foreign,251270,넷마블,158889,215973,57084,5520611350,7535956175,2015344825,KRX MDCSTAT02401_OUT
recent3,KOSPI200,foreign,002380,KCC,28144,32308,4164,13287620250,15284011000,1996390750,KRX MDCSTAT02401_OUT
recent3,KOSPI200,foreign,012450,한화에어로스페이스,175780,177139,1359,179346858500,181018665500,1671807000,KRX MDCSTAT02401_OUT
recent3,KOSPI200,foreign,192080,더블유게임즈,71172,97491,26319,4159608600,5701657750,1542049150,KRX MDCSTAT02401_OUT
recent3,KOSPI200,foreign,005850,에스엘,79096,108230,29134,3930306375,5395935900,1465629525,KRX MDCSTAT02401_OUT
recent3,KOSPI200,foreign,066970,엘앤에프,312497,321017,8520,34877549150,36227050350,1349501200,KRX MDCSTAT02401_OUT
recent3,KOSPI200,foreign,011790,SKC,189470,203925,14455,17884389950,19188219100,1303829150,KRX MDCSTAT02401_OUT
recent3,KOSPI200,foreign,028670,팬오션,2548084,2758811,210727,14687811825,15945100140,1257288315,KRX MDCSTAT02401_OUT
recent3,KOSPI200,foreign,000210,DL,45407,69811,24404,2298269150,3543506800,1245237650,KRX MDCSTAT02401_OUT
recent3,KOSPI200,foreign,267250,HD현대,242241,247436,5195,49800189500,51012302000,1212112500,KRX MDCSTAT02401_OUT
recent3,KOSPI200,foreign,285130,SK케미칼,31653,54954,23301,1628517000,2825930700,1197413700,KRX MDCSTAT02401_OUT
recent3,KOSPI200,foreign,064400,LG씨엔에스,294222,308447,14225,20420557250,21593424500,1172867250,KRX MDCSTAT02401_OUT
recent3,KOSPI200,foreign,007070,GS리테일,198273,247090,48817,4504532525,5615623250,1111090725,KRX MDCSTAT02401_OUT
recent3,KOSPI200,foreign,004370,농심,31447,34209,2762,12687308000,13789146000,1101838000,KRX MDCSTAT02401_OUT
recent3,KOSPI200,foreign,006280,녹십자,20735,27102,6367,2547378100,3332632000,785253900,KRX MDCSTAT02401_OUT
recent3,KOSPI200,foreign,004000,롯데정밀화학,50074,66125,16051,2172740725,2879314500,706573775,KRX MDCSTAT02401_OUT
recent3,KOSPI200,foreign,302440,SK바이오사이언스,62363,80886,18523,2242250175,2921812775,679562600,KRX MDCSTAT02401_OUT
recent3,KOSPI200,foreign,307950,현대오토에버,32576,34229,1653,12108242500,12705556500,597314000,KRX MDCSTAT02401_OUT
recent3,KOSPI200,foreign,180640,한진칼,88943,92423,3480,12183263850,12723922550,540658700,KRX MDCSTAT02401_OUT
recent3,KOSPI200,foreign,006650,대한유화,35540,40332,4792,3193250500,3633854400,440603900,KRX MDCSTAT02401_OUT
recent3,KOSPI200,foreign,011210,현대위아,71067,78803,7736,3773779550,4209436700,435657150,KRX MDCSTAT02401_OUT
recent3,KOSPI200,foreign,005300,롯데칠성,24005,28465,4460,2291688050,2721310200,429622150,KRX MDCSTAT02401_OUT
recent3,KOSPI200,foreign,282330,BGF리테일,82699,85940,3241,10859975900,11268605900,408630000,KRX MDCSTAT02401_OUT
recent3,KOSPI200,foreign,071970,HD현대마린엔진,205518,208572,3054,9846962400,10169625875,322663475,KRX MDCSTAT02401_OUT
recent3,KOSPI200,foreign,003240,태광산업,864,1197,333,780035000,1084468000,304433000,KRX MDCSTAT02401_OUT
recent3,KOSPI200,foreign,003030,세아제강지주,36936,40264,3328,4184042650,4483454750,299412100,KRX MDCSTAT02401_OUT
recent3,KOSPI200,foreign,300720,한일시멘트,51326,68898,17572,830381920,1118360315,287978395,KRX MDCSTAT02401_OUT
recent3,KOSPI200,foreign,000670,영풍,66361,71343,4982,2788204950,2993934650,205729700,KRX MDCSTAT02401_OUT
recent3,KOSPI200,foreign,007340,DN오토모티브,183909,187909,4000,9097900500,9278567550,180667050,KRX MDCSTAT02401_OUT
recent3,KOSPI200,foreign,002840,미원상사,2779,3849,1070,378542200,525088650,146546450,KRX MDCSTAT02401_OUT
recent3,KOSPI200,foreign,111770,영원무역,85232,87309,2077,5982086600,6128519750,146433150,KRX MDCSTAT02401_OUT
recent3,KOSPI200,foreign,137310,에스디바이오센서,158109,176278,18169,963307935,1077943675,114635740,KRX MDCSTAT02401_OUT
recent3,KOSPI200,foreign,006040,동원산업,36715,38807,2092,1308656325,1384059300,75402975,KRX MDCSTAT02401_OUT
recent3,KOSPI200,foreign,185750,종근당,45054,45939,885,2911678850,2970605200,58926350,KRX MDCSTAT02401_OUT
recent3,KOSPI200,foreign,079550,LIG디펜스앤에어로스페이스,57180,57014,-166,39110258500,39148774000,38515500,KRX MDCSTAT02401_OUT
recent3,KOSPI200,foreign,268280,미원에스씨,839,1099,260,110593000,144675100,34082100,KRX MDCSTAT02401_OUT
recent3,KOSPI200,foreign,008730,율촌화학,83339,84239,900,1220347630,1239584270,19236640,KRX MDCSTAT02401_OUT
recent3,KOSPI200,foreign,014820,동원시스템즈,17522,18295,773,368133250,384244200,16110950,KRX MDCSTAT02401_OUT
recent3,KOSPI200,foreign,007700,F&F홀딩스,2410,2285,-125,32243590,30637030,-1606560,KRX MDCSTAT02401_OUT
recent3,KOSPI200,foreign,036460,한국가스공사,144673,143958,-715,5061099625,5047911975,-13187650,KRX MDCSTAT02401_OUT
recent3,KOSPI200,foreign,001680,대상,78605,76413,-2192,1425437580,1386106415,-39331165,KRX MDCSTAT02401_OUT
recent3,KOSPI200,foreign,003550,LG,439197,438429,-768,49079958400,49025144100,-54814300,KRX MDCSTAT02401_OUT
recent3,KOSPI200,foreign,071050,한국금융지주,314719,314356,-363,56263956150,56174876000,-89080150,KRX MDCSTAT02401_OUT
recent3,KOSPI200,foreign,007310,오뚜기,4506,4189,-317,1428813250,1330825250,-97988000,KRX MDCSTAT02401_OUT
recent3,KOSPI200,foreign,139130,iM금융지주,965810,957126,-8684,17763962235,17664510395,-99451840,KRX MDCSTAT02401_OUT
recent3,KOSPI200,foreign,457190,이수스페셜티케미컬,461300,447673,-13627,33557131000,33445408650,-111722350,KRX MDCSTAT02401_OUT
recent3,KOSPI200,foreign,009970,영원무역홀딩스,16448,15494,-954,2708023350,2556418500,-151604850,KRX MDCSTAT02401_OUT
recent3,KOSPI200,foreign,005420,코스모화학,161251,145277,-15974,1659307000,1506511270,-152795730,KRX MDCSTAT02401_OUT
recent3,KOSPI200,foreign,103140,풍산,65525,63114,-2411,5098798650,4929029550,-169769100,KRX MDCSTAT02401_OUT
recent3,KOSPI200,foreign,002790,아모레퍼시픽홀딩스,159336,151510,-7826,4175356825,3982184925,-193171900,KRX MDCSTAT02401_OUT
recent3,KOSPI200,foreign,000080,하이트진로,141440,127313,-14127,2110161080,1913807525,-196353555,KRX MDCSTAT02401_OUT
recent3,KOSPI200,foreign,280360,롯데웰푸드,18783,17119,-1664,2331764750,2126457400,-205307350,KRX MDCSTAT02401_OUT
recent3,KOSPI200,foreign,009240,한샘,45547,39315,-6232,1812563725,1579047125,-233516600,KRX MDCSTAT02401_OUT
recent3,KOSPI200,foreign,000240,한국앤컴퍼니,84914,72887,-12027,2118751200,1818989750,-299761450,KRX MDCSTAT02401_OUT
recent3,KOSPI200,foreign,450080,에코프로머티,372289,358418,-13871,12947421275,12613617675,-333803600,KRX MDCSTAT02401_OUT
recent3,KOSPI200,foreign,002030,아세아,3500,1596,-1904,716097300,327057300,-389040000,KRX MDCSTAT02401_OUT
recent3,KOSPI200,foreign,377300,카카오페이,135450,123899,-11551,5451298375,5038051175,-413247200,KRX MDCSTAT02401_OUT
recent3,KOSPI200,foreign,298050,HS효성첨단소재,12807,10003,-2804,2065333200,1629279450,-436053750,KRX MDCSTAT02401_OUT
recent3,KOSPI200,foreign,026960,동서,69486,50758,-18728,1779318825,1301279175,-478039650,KRX MDCSTAT02401_OUT
recent3,KOSPI200,foreign,068270,셀트리온,413022,409904,-3118,73627469315,73107899265,-519570050,KRX MDCSTAT02401_OUT
recent3,KOSPI200,foreign,069260,TKG휴켐스,114629,79379,-35250,1871721945,1294966020,-576755925,KRX MDCSTAT02401_OUT
recent3,KOSPI200,foreign,001800,오리온홀딩스,117939,92310,-25629,2789595350,2199731875,-589863475,KRX MDCSTAT02401_OUT
recent3,KOSPI200,foreign,017960,한국카본,161589,131354,-30235,3246590890,2651245440,-595345450,KRX MDCSTAT02401_OUT
recent3,KOSPI200,foreign,030200,KT,400766,388548,-12218,21114409905,20475596505,-638813400,KRX MDCSTAT02401_OUT
recent3,KOSPI200,foreign,008930,한미사이언스,127664,114836,-12828,6659657550,6004622850,-655034700,KRX MDCSTAT02401_OUT
recent3,KOSPI200,foreign,011780,금호석유화학,104403,98492,-5911,12098108850,11442439300,-655669550,KRX MDCSTAT02401_OUT
recent3,KOSPI200,foreign,000120,CJ대한통운,38428,28716,-9712,2700924450,2022679700,-678244750,KRX MDCSTAT02401_OUT
recent3,KOSPI200,foreign,071320,지역난방공사,21791,11480,-10311,1715051650,906001650,-809050000,KRX MDCSTAT02401_OUT
recent3,KOSPI200,foreign,006260,LS,121903,119004,-2899,38200927250,37334426500,-866500750,KRX MDCSTAT02401_OUT
recent3,KOSPI200,foreign,361610,SK아이이테크놀로지,378714,319076,-59638,6597251575,5664680465,-932571110,KRX MDCSTAT02401_OUT
recent3,KOSPI200,foreign,052690,한전기술,160616,154329,-6287,20031021600,19098077650,-932943950,KRX MDCSTAT02401_OUT
recent3,KOSPI200,foreign,139480,이마트,116531,102717,-13814,8346333000,7363324200,-983008800,KRX MDCSTAT02401_OUT
recent3,KOSPI200,foreign,003090,대웅,117116,47929,-69187,1809512015,744587675,-1064924340,KRX MDCSTAT02401_OUT
recent3,KOSPI200,foreign,022100,포스코DX,261001,204884,-56117,5215432820,4109380910,-1106051910,KRX MDCSTAT02401_OUT
recent3,KOSPI200,foreign,006800,미래에셋증권,902005,866536,-35469,28209213375,27083927825,-1125285550,KRX MDCSTAT02401_OUT
recent3,KOSPI200,foreign,012750,에스원,164386,150174,-14212,13597251531,12419269381,-1177982150,KRX MDCSTAT02401_OUT
recent3,KOSPI200,foreign,069620,대웅제약,23799,12260,-11539,2537815050,1311586250,-1226228800,KRX MDCSTAT02401_OUT
recent3,KOSPI200,foreign,271560,오리온,156040,143302,-12738,17035745800,15669541700,-1366204100,KRX MDCSTAT02401_OUT
recent3,KOSPI200,foreign,192820,코스맥스,95002,89538,-5464,26144471500,24630172500,-1514299000,KRX MDCSTAT02401_OUT
recent3,KOSPI200,foreign,298020,효성티앤씨,24529,19271,-5258,7144702750,5630310000,-1514392750,KRX MDCSTAT02401_OUT
recent3,KOSPI200,foreign,035250,강원랜드,439449,329967,-109482,6312893635,4748316095,-1564577540,KRX MDCSTAT02401_OUT
recent3,KOSPI200,foreign,039490,키움증권,131629,124798,-6831,33499207750,31751760750,-1747447000,KRX MDCSTAT02401_OUT
recent3,KOSPI200,foreign,015760,한국전력,1065089,998451,-66638,32212441050,30366322950,-1846118100,KRX MDCSTAT02401_OUT
recent3,KOSPI200,foreign,004990,롯데지주,174723,96059,-78664,4225508450,2329613525,-1895894925,KRX MDCSTAT02401_OUT
recent3,KOSPI200,foreign,081660,미스토홀딩스,234565,180581,-53984,8913797325,6867002025,-2046795300,KRX MDCSTAT02401_OUT
recent3,KOSPI200,foreign,011170,롯데케미칼,155650,118694,-36956,9479025850,7225730400,-2253295450,KRX MDCSTAT02401_OUT
recent3,KOSPI200,foreign,034230,파라다이스,435327,190458,-244869,4115872440,1804259180,-2311613260,KRX MDCSTAT02401_OUT
recent3,KOSPI200,foreign,352820,하이브,243869,227412,-16457,38999305350,36628518150,-2370787200,KRX MDCSTAT02401_OUT
recent3,KOSPI200,foreign,009830,한화솔루션,5041155,4947440,-93715,165604293025,163112267500,-2492025525,KRX MDCSTAT02401_OUT
recent3,KOSPI200,foreign,267270,HD건설기계,205824,184280,-21544,25894735850,23304590150,-2590145700,KRX MDCSTAT02401_OUT
recent3,KOSPI200,foreign,241560,두산밥캣,426224,368370,-57854,23731950100,20600489850,-3131460250,KRX MDCSTAT02401_OUT
recent3,KOSPI200,foreign,017800,현대엘리베이터,108237,64535,-43702,7945797300,4749969500,-3195827800,KRX MDCSTAT02401_OUT
recent3,KOSPI200,foreign,326030,SK바이오팜,149297,102744,-46553,11211896050,7738420500,-3473475550,KRX MDCSTAT02401_OUT
recent3,KOSPI200,foreign,051600,한전KPS,213214,133241,-79973,9520507125,5976932925,-3543574200,KRX MDCSTAT02401_OUT
recent3,KOSPI200,foreign,005940,NH투자증권,712617,566923,-145694,18606893550,14795223425,-3811670125,KRX MDCSTAT02401_OUT
recent3,KOSPI200,foreign,001430,세아베스틸지주,196406,109432,-86974,8853168175,4946015950,-3907152225,KRX MDCSTAT02401_OUT
recent3,KOSPI200,foreign,036570,NC,124049,104326,-19723,26194943250,22131562000,-4063381250,KRX MDCSTAT02401_OUT
recent3,KOSPI200,foreign,088350,한화생명,3779522,2926842,-852680,20841507770,16419660145,-4421847625,KRX MDCSTAT02401_OUT
recent3,KOSPI200,foreign,064350,현대로템,781638,740002,-41636,88843539100,84237251950,-4606287150,KRX MDCSTAT02401_OUT
recent3,KOSPI200,foreign,138930,BNK금융지주,1669711,1370786,-298925,26808986170,22140951055,-4668035115,KRX MDCSTAT02401_OUT
recent3,KOSPI200,foreign,323410,카카오뱅크,1331303,1078593,-252710,26736650785,21746303750,-4990347035,KRX MDCSTAT02401_OUT
recent3,KOSPI200,foreign,032830,삼성생명,544383,524817,-19566,157820388170,152546374670,-5274013500,KRX MDCSTAT02401_OUT
recent3,KOSPI200,foreign,138040,메리츠금융지주,279819,239344,-40475,36444872300,31121004300,-5323868000,KRX MDCSTAT02401_OUT
recent3,KOSPI200,foreign,005830,DB손해보험,404420,373013,-31407,76077343400,70154677800,-5922665600,KRX MDCSTAT02401_OUT
recent3,KOSPI200,foreign,000990,DB하이텍,608963,571199,-37764,82656827900,76716856050,-5939971850,KRX MDCSTAT02401_OUT
recent3,KOSPI200,foreign,018880,한온시스템,8895995,7102168,-1793827,30559102231,24386345386,-6172756845,KRX MDCSTAT02401_OUT
recent3,KOSPI200,foreign,012330,현대모비스,458361,440056,-18305,169044066750,162839277500,-6204789250,KRX MDCSTAT02401_OUT
recent3,KOSPI200,foreign,454910,두산로보틱스,214479,122766,-91713,14803656450,8472908100,-6330748350,KRX MDCSTAT02401_OUT
recent3,KOSPI200,foreign,021240,코웨이,386493,323926,-62567,38807591100,32441966250,-6365624850,KRX MDCSTAT02401_OUT
recent3,KOSPI200,foreign,090430,아모레퍼시픽,319796,273410,-46386,45140919450,38546236200,-6594683250,KRX MDCSTAT02401_OUT
recent3,KOSPI200,foreign,175330,JB금융지주,890017,649727,-240290,26666388275,19477501650,-7188886625,KRX MDCSTAT02401_OUT
recent3,KOSPI200,foreign,112610,씨에스윈드,431339,284143,-147196,21948206725,14640596525,-7307610200,KRX MDCSTAT02401_OUT
recent3,KOSPI200,foreign,003670,포스코퓨처엠,328123,285407,-42716,58960398900,51562050400,-7398348500,KRX MDCSTAT02401_OUT
recent3,KOSPI200,foreign,005490,POSCO홀딩스,244381,219292,-25089,75228493000,67774188500,-7454304500,KRX MDCSTAT02401_OUT
recent3,KOSPI200,foreign,034220,LG디스플레이,5429512,4495900,-933612,45445504795,37755317725,-7690187070,KRX MDCSTAT02401_OUT
recent3,KOSPI200,foreign,008770,호텔신라,319622,113457,-206165,12730358975,4556288625,-8174070350,KRX MDCSTAT02401_OUT
recent3,KOSPI200,foreign,272210,한화시스템,666209,550469,-115740,48828688250,40533915400,-8294772850,KRX MDCSTAT02401_OUT
recent3,KOSPI200,foreign,009540,HD한국조선해양,297795,271666,-26129,97020855964,88536544214,-8484311750,KRX MDCSTAT02401_OUT
recent3,KOSPI200,foreign,016360,삼성증권,513661,415715,-97946,45493896050,36855136650,-8638759400,KRX MDCSTAT02401_OUT
recent3,KOSPI200,foreign,033780,KT&G,515014,464460,-50554,90786105100,81916188150,-8869916950,KRX MDCSTAT02401_OUT
recent3,KOSPI200,foreign,316140,우리금융지주,3866630,3546853,-319777,137223701425,126439589575,-10784111850,KRX MDCSTAT02401_OUT
recent3,KOSPI200,foreign,051910,LG화학,362146,314912,-47234,91672949500,80198085000,-11474864500,KRX MDCSTAT02401_OUT
recent3,KOSPI200,foreign,000810,삼성화재,152896,131517,-21379,98986478500,85268384000,-13718094500,KRX MDCSTAT02401_OUT
recent3,KOSPI200,foreign,051900,LG생활건강,188340,134770,-53570,52604040000,37584902500,-15019137500,KRX MDCSTAT02401_OUT
recent3,KOSPI200,foreign,014680,한솔케미칼,120081,58291,-61790,30046121500,14468673750,-15577447750,KRX MDCSTAT02401_OUT
recent3,KOSPI200,foreign,028050,삼성E&A,2774225,2372490,-401735,134156223811,115163858136,-18992365675,KRX MDCSTAT02401_OUT
recent3,KOSPI200,foreign,034730,SK,267675,232854,-34821,156867247500,136674642000,-20192605500,KRX MDCSTAT02401_OUT
recent3,KOSPI200,foreign,042660,한화오션,893702,611819,-281883,70689018450,48602784600,-22086233850,KRX MDCSTAT02401_OUT
recent3,KOSPI200,foreign,011070,LG이노텍,392353,351181,-41172,225817046500,203205326000,-22611720500,KRX MDCSTAT02401_OUT
recent3,KOSPI200,foreign,298040,효성중공업,58263,49304,-8959,162877407000,137979616000,-24897791000,KRX MDCSTAT02401_OUT
recent3,KOSPI200,foreign,007660,이수페타시스,923365,626240,-297125,106473207100,72314510700,-34158696400,KRX MDCSTAT02401_OUT
recent3,KOSPI200,foreign,402340,SK스퀘어,936882,897599,-39283,1048381757734,1006268048234,-42113709500,KRX MDCSTAT02401_OUT
recent3,KOSPI200,foreign,001440,대한전선,2434083,904153,-1529930,73163995725,27333177800,-45830817925,KRX MDCSTAT02401_OUT
recent3,KOSPI200,foreign,000150,두산,112140,78603,-33537,158196517884,110788584884,-47407933000,KRX MDCSTAT02401_OUT
recent3,KOSPI200,foreign,028260,삼성물산,751050,607756,-143294,259796610612,210062285862,-49734324750,KRX MDCSTAT02401_OUT
recent3,KOSPI200,foreign,105560,KB금융,1829231,1539303,-289928,314248456176,264308758676,-49939697500,KRX MDCSTAT02401_OUT
recent3,KOSPI200,foreign,034020,두산에너빌리티,1988338,1302367,-685971,160396619000,105690894250,-54705724750,KRX MDCSTAT02401_OUT
recent3,KOSPI200,foreign,055550,신한지주,2511272,1995873,-515399,272268189454,216150203054,-56117986400,KRX MDCSTAT02401_OUT
recent3,KOSPI200,foreign,267260,HD현대일렉트릭,491552,404834,-86718,332613977500,273575445000,-59038532500,KRX MDCSTAT02401_OUT
recent3,KOSPI200,foreign,010140,삼성중공업,6370134,3087044,-3283090,125385291490,61235809720,-64149481770,KRX MDCSTAT02401_OUT
recent3,KOSPI200,foreign,005380,현대차,859967,575024,-284943,300690015500,201645136000,-99044879500,KRX MDCSTAT02401_OUT
recent3,KOSPI200,foreign,009150,삼성전기,661476,464444,-197032,1004744713097,709970482597,-294774230500,KRX MDCSTAT02401_OUT
recent3,KOSPI200,foreign,005930,삼성전자,23978261,13240732,-10737529,6532468742852,3608572884602,-2923895858250,KRX MDCSTAT02401_OUT
recent3,KOSPI200,foreign,000660,SK하이닉스,5168662,2947273,-2221389,9206852802517,5262342386517,-3944510416000,KRX MDCSTAT02401_OUT
recent3,KOSPI200,institution,009150,삼성전기,506906,557369,50463,772355676000,850720555000,78364879000,KRX MDCSTAT02401_OUT
recent3,KOSPI200,institution,042700,한미반도체,240113,510393,270280,58742568750,126499485500,67756916750,KRX MDCSTAT02401_OUT
recent3,KOSPI200,institution,011070,LG이노텍,184503,293183,108680,106150076500,169750076000,63599999500,KRX MDCSTAT02401_OUT
recent3,KOSPI200,institution,009830,한화솔루션,1175561,2762529,1586968,39111589500,91724742950,52613153450,KRX MDCSTAT02401_OUT
recent3,KOSPI200,institution,055550,신한지주,695839,1110069,414230,75955107050,121463189850,45508082800,KRX MDCSTAT02401_OUT
recent3,KOSPI200,institution,105560,KB금융,702943,897204,194261,120841773900,154667899850,33826125950,KRX MDCSTAT02401_OUT
recent3,KOSPI200,institution,014680,한솔케미칼,34302,135538,101236,8533454500,34088117000,25554662500,KRX MDCSTAT02401_OUT
recent3,KOSPI200,institution,034730,SK,109230,148833,39603,63788727500,86953458500,23164731000,KRX MDCSTAT02401_OUT
recent3,KOSPI200,institution,012330,현대모비스,182030,240780,58750,67209637000,89144714250,21935077250,KRX MDCSTAT02401_OUT
recent3,KOSPI200,institution,000990,DB하이텍,289327,434222,144895,38748389250,59210117000,20461727750,KRX MDCSTAT02401_OUT
recent3,KOSPI200,institution,373220,LG에너지솔루션,266299,320412,54113,94721485500,114607021750,19885536250,KRX MDCSTAT02401_OUT
recent3,KOSPI200,institution,066570,LG전자,342703,430026,87323,73569163250,92269051250,18699888000,KRX MDCSTAT02401_OUT
recent3,KOSPI200,institution,010950,S-Oil,155188,265341,110153,24995023850,42831712700,17836688850,KRX MDCSTAT02401_OUT
recent3,KOSPI200,institution,003490,대한항공,1486455,2035752,549297,46849795575,64165144650,17315349075,KRX MDCSTAT02401_OUT
recent3,KOSPI200,institution,096770,SK이노베이션,604712,693519,88807,91767269900,106497046850,14729776950,KRX MDCSTAT02401_OUT
recent3,KOSPI200,institution,138040,메리츠금융지주,161758,249024,87266,21005506600,32653012300,11647505700,KRX MDCSTAT02401_OUT
recent3,KOSPI200,institution,000810,삼성화재,41959,58562,16603,27152684000,37942211000,10789527000,KRX MDCSTAT02401_OUT
recent3,KOSPI200,institution,090430,아모레퍼시픽,161284,232452,71168,22596055600,32741001650,10144946050,KRX MDCSTAT02401_OUT
recent3,KOSPI200,institution,112610,씨에스윈드,133483,325525,192042,6812926650,16702906150,9889979500,KRX MDCSTAT02401_OUT
recent3,KOSPI200,institution,018880,한온시스템,1227107,3914470,2687363,4212413052,13612023487,9399610435,KRX MDCSTAT02401_OUT
recent3,KOSPI200,institution,483650,달바글로벌,23832,68408,44576,4436262350,12764890450,8328628100,KRX MDCSTAT02401_OUT
recent3,KOSPI200,institution,010060,OCI홀딩스,162524,194192,31668,36295475000,43523227750,7227752750,KRX MDCSTAT02401_OUT
recent3,KOSPI200,institution,272210,한화시스템,340770,435438,94668,25028580850,32142483650,7113902800,KRX MDCSTAT02401_OUT
recent3,KOSPI200,institution,021240,코웨이,81240,148110,66870,8173044700,14989060200,6816015500,KRX MDCSTAT02401_OUT
recent3,KOSPI200,institution,062040,산일전기,120509,149249,28740,24586638200,31275990200,6689352000,KRX MDCSTAT02401_OUT
recent3,KOSPI200,institution,005940,NH투자증권,361924,604866,242942,9453338825,15823636000,6370297175,KRX MDCSTAT02401_OUT
recent3,KOSPI200,institution,051900,LG생활건강,35542,57346,21804,9924704750,16221809750,6297105000,KRX MDCSTAT02401_OUT
recent3,KOSPI200,institution,005830,DB손해보험,119596,152597,33001,22574420200,28866129950,6291709750,KRX MDCSTAT02401_OUT
recent3,KOSPI200,institution,192820,코스맥스,46743,66305,19562,12834398250,18216561750,5382163500,KRX MDCSTAT02401_OUT
recent3,KOSPI200,institution,016360,삼성증권,183559,242063,58504,16242310900,21440916000,5198605100,KRX MDCSTAT02401_OUT
recent3,KOSPI200,institution,011790,SKC,111422,164808,53386,10446176850,15607688850,5161512000,KRX MDCSTAT02401_OUT
recent3,KOSPI200,institution,093370,후성,725276,1072462,347186,10642410315,15750531875,5108121560,KRX MDCSTAT02401_OUT
recent3,KOSPI200,institution,175330,JB금융지주,365164,517601,152437,10886440275,15578759250,4692318975,KRX MDCSTAT02401_OUT
recent3,KOSPI200,institution,361610,SK아이이테크놀로지,119704,380875,261171,2093341580,6744298180,4650956600,KRX MDCSTAT02401_OUT
recent3,KOSPI200,institution,066970,엘앤에프,317950,350171,32221,35404520250,39418484550,4013964300,KRX MDCSTAT02401_OUT
recent3,KOSPI200,institution,001430,세아베스틸지주,90147,172394,82247,4060909200,7769392825,3708483625,KRX MDCSTAT02401_OUT
recent3,KOSPI200,institution,139130,iM금융지주,265377,459211,193834,4915743775,8484344145,3568600370,KRX MDCSTAT02401_OUT
recent3,KOSPI200,institution,007660,이수페타시스,377222,405050,27828,43455815000,46911214650,3455399650,KRX MDCSTAT02401_OUT
recent3,KOSPI200,institution,003230,삼양식품,18365,21062,2697,22366707500,25746282500,3379575000,KRX MDCSTAT02401_OUT
recent3,KOSPI200,institution,009540,HD한국조선해양,100201,109517,9316,32791230750,35844331500,3053100750,KRX MDCSTAT02401_OUT
recent3,KOSPI200,institution,011170,롯데케미칼,111123,158697,47574,6762190000,9731523700,2969333700,KRX MDCSTAT02401_OUT
recent3,KOSPI200,institution,047050,포스코인터내셔널,353547,394484,40937,19615286250,22191491950,2576205700,KRX MDCSTAT02401_OUT
recent3,KOSPI200,institution,008930,한미사이언스,56140,104097,47957,2933949300,5440044650,2506095350,KRX MDCSTAT02401_OUT
recent3,KOSPI200,institution,017800,현대엘리베이터,57993,91219,33226,4260912300,6699332750,2438420450,KRX MDCSTAT02401_OUT
recent3,KOSPI200,institution,028670,팬오션,1324808,1658378,333570,7635622660,9579451805,1943829145,KRX MDCSTAT02401_OUT
recent3,KOSPI200,institution,082740,한화엔진,302922,333835,30913,14333539300,16275719600,1942180300,KRX MDCSTAT02401_OUT
recent3,KOSPI200,institution,004370,농심,13370,17776,4406,5378636000,7159052250,1780416250,KRX MDCSTAT02401_OUT
recent3,KOSPI200,institution,103140,풍산,44058,65876,21818,3430630400,5133277150,1702646750,KRX MDCSTAT02401_OUT
recent3,KOSPI200,institution,009240,한샘,11192,44977,33785,444686350,1795924475,1351238125,KRX MDCSTAT02401_OUT
recent3,KOSPI200,institution,457190,이수스페셜티케미컬,136368,151357,14989,9959172450,11280527050,1321354600,KRX MDCSTAT02401_OUT
recent3,KOSPI200,institution,004990,롯데지주,54153,103489,49336,1312078050,2507661725,1195583675,KRX MDCSTAT02401_OUT
recent3,KOSPI200,institution,081660,미스토홀딩스,63768,94426,30658,2425033725,3595019225,1169985500,KRX MDCSTAT02401_OUT
recent3,KOSPI200,institution,007340,DN오토모티브,113240,136126,22886,5586102425,6754829575,1168727150,KRX MDCSTAT02401_OUT
recent3,KOSPI200,institution,352820,하이브,130459,136890,6431,20839171450,21996474300,1157302850,KRX MDCSTAT02401_OUT
recent3,KOSPI200,institution,051910,LG화학,155724,159615,3891,39492605000,40645470750,1152865750,KRX MDCSTAT02401_OUT
recent3,KOSPI200,institution,003030,세아제강지주,33571,42788,9217,3760099550,4842539200,1082439650,KRX MDCSTAT02401_OUT
recent3,KOSPI200,institution,012750,에스원,49877,62832,12955,4124372000,5201957400,1077585400,KRX MDCSTAT02401_OUT
recent3,KOSPI200,institution,000670,영풍,26315,50966,24651,1110192675,2162036125,1051843450,KRX MDCSTAT02401_OUT
recent3,KOSPI200,institution,138930,BNK금융지주,399598,465849,66251,6456037245,7503199550,1047162305,KRX MDCSTAT02401_OUT
recent3,KOSPI200,institution,0126Z0,삼성에피스홀딩스,10139,12713,2574,3439082000,4377983000,938901000,KRX MDCSTAT02401_OUT
recent3,KOSPI200,institution,000240,한국앤컴퍼니,43412,74776,31364,1084385200,1867840400,783455200,KRX MDCSTAT02401_OUT
recent3,KOSPI200,institution,030000,제일기획,505688,533778,28090,9302808125,9854061305,551253180,KRX MDCSTAT02401_OUT
recent3,KOSPI200,institution,069620,대웅제약,11899,16861,4962,1268495950,1801713850,533217900,KRX MDCSTAT02401_OUT
recent3,KOSPI200,institution,001450,현대해상,284796,291907,7111,14003173625,14370297200,367123575,KRX MDCSTAT02401_OUT
recent3,KOSPI200,institution,024110,기업은행,529613,544974,15361,10849886700,11161191875,311305175,KRX MDCSTAT02401_OUT
recent3,KOSPI200,institution,006260,LS,68121,68933,812,21364896250,21672543250,307647000,KRX MDCSTAT02401_OUT
recent3,KOSPI200,institution,022100,포스코DX,129842,143507,13665,2593174100,2872981375,279807275,KRX MDCSTAT02401_OUT
recent3,KOSPI200,institution,001680,대상,43389,57571,14182,785968235,1047094370,261126135,KRX MDCSTAT02401_OUT
recent3,KOSPI200,institution,002030,아세아,1876,2941,1065,381431600,601274000,219842400,KRX MDCSTAT02401_OUT
recent3,KOSPI200,institution,034230,파라다이스,79599,101094,21495,753614755,959982055,206367300,KRX MDCSTAT02401_OUT
recent3,KOSPI200,institution,002790,아모레퍼시픽홀딩스,42660,48920,6260,1117344550,1291790700,174446150,KRX MDCSTAT02401_OUT
recent3,KOSPI200,institution,009970,영원무역홀딩스,7669,8570,901,1262170700,1409315150,147144450,KRX MDCSTAT02401_OUT
recent3,KOSPI200,institution,007310,오뚜기,1596,2010,414,506370250,638836250,132466000,KRX MDCSTAT02401_OUT
recent3,KOSPI200,institution,005420,코스모화학,59554,69781,10227,611479120,721761565,110282445,KRX MDCSTAT02401_OUT
recent3,KOSPI200,institution,008730,율촌화학,17569,24765,7196,256816270,362626500,105810230,KRX MDCSTAT02401_OUT
recent3,KOSPI200,institution,026960,동서,50515,52742,2227,1292919050,1353933875,61014825,KRX MDCSTAT02401_OUT
recent3,KOSPI200,institution,036570,NC,62040,62120,80,13115367250,13142227750,26860500,KRX MDCSTAT02401_OUT
recent3,KOSPI200,institution,137310,에스디바이오센서,44133,47942,3809,268729125,292917410,24188285,KRX MDCSTAT02401_OUT
recent3,KOSPI200,institution,300720,한일시멘트,58412,59339,927,945321270,961490065,16168795,KRX MDCSTAT02401_OUT
recent3,KOSPI200,institution,298050,HS효성첨단소재,6121,6178,57,991239100,1006522050,15282950,KRX MDCSTAT02401_OUT
recent3,KOSPI200,institution,014820,동원시스템즈,19408,19925,517,407558450,419375050,11816600,KRX MDCSTAT02401_OUT
recent3,KOSPI200,institution,007700,F&F홀딩스,610,810,200,8159460,10840070,2680610,KRX MDCSTAT02401_OUT
recent3,KOSPI200,institution,003240,태광산업,1097,1088,-9,991455000,985437500,-6017500,KRX MDCSTAT02401_OUT
recent3,KOSPI200,institution,207940,삼성바이오로직스,39684,39627,-57,55006779500,54999696000,-7083500,KRX MDCSTAT02401_OUT
recent3,KOSPI200,institution,069260,TKG휴켐스,43581,42480,-1101,701493030,686146845,-15346185,KRX MDCSTAT02401_OUT
recent3,KOSPI200,institution,001800,오리온홀딩스,50050,49183,-867,1186110500,1167470750,-18639750,KRX MDCSTAT02401_OUT
recent3,KOSPI200,institution,280360,롯데웰푸드,14829,14628,-201,1844182450,1821759450,-22423000,KRX MDCSTAT02401_OUT
recent3,KOSPI200,institution,268280,미원에스씨,1138,953,-185,149401550,125829800,-23571750,KRX MDCSTAT02401_OUT
recent3,KOSPI200,institution,002840,미원상사,3414,2993,-421,463458000,408437300,-55020700,KRX MDCSTAT02401_OUT
recent3,KOSPI200,institution,139480,이마트,47985,47060,-925,3434859400,3375357000,-59502400,KRX MDCSTAT02401_OUT
recent3,KOSPI200,institution,071320,지역난방공사,8867,7453,-1414,695701200,588119750,-107581450,KRX MDCSTAT02401_OUT
recent3,KOSPI200,institution,302440,SK바이오사이언스,53264,48626,-4638,1919627025,1753530225,-166096800,KRX MDCSTAT02401_OUT
recent3,KOSPI200,institution,073240,금호타이어,293625,262900,-30725,1994923525,1794251990,-200671535,KRX MDCSTAT02401_OUT
recent3,KOSPI200,institution,006040,동원산업,17231,11089,-6142,611589825,396032800,-215557025,KRX MDCSTAT02401_OUT
recent3,KOSPI200,institution,005300,롯데칠성,6825,4507,-2318,651085800,430856900,-220228900,KRX MDCSTAT02401_OUT
recent3,KOSPI200,institution,003090,대웅,63492,48334,-15158,985925095,754383290,-231541805,KRX MDCSTAT02401_OUT
recent3,KOSPI200,institution,180640,한진칼,61618,59188,-2430,8405089650,8116762850,-288326800,KRX MDCSTAT02401_OUT
recent3,KOSPI200,institution,097950,CJ제일제당,33455,31532,-1923,5974491250,5635288250,-339203000,KRX MDCSTAT02401_OUT
recent3,KOSPI200,institution,185750,종근당,13592,8250,-5342,877154000,533986250,-343167750,KRX MDCSTAT02401_OUT
recent3,KOSPI200,institution,000080,하이트진로,75965,52246,-23719,1135998315,784993940,-351004375,KRX MDCSTAT02401_OUT
recent3,KOSPI200,institution,000120,CJ대한통운,21748,16555,-5193,1530244600,1165361700,-364882900,KRX MDCSTAT02401_OUT
recent3,KOSPI200,institution,005850,에스엘,53901,45588,-8313,2676605950,2273931975,-402673975,KRX MDCSTAT02401_OUT
recent3,KOSPI200,institution,377300,카카오페이,106561,91944,-14617,4279481700,3747554500,-531927200,KRX MDCSTAT02401_OUT
recent3,KOSPI200,institution,285130,SK케미칼,28896,17871,-11025,1481221100,919164700,-562056400,KRX MDCSTAT02401_OUT
recent3,KOSPI200,institution,282330,BGF리테일,42178,37614,-4564,5530049350,4954308300,-575741050,KRX MDCSTAT02401_OUT
recent3,KOSPI200,institution,011210,현대위아,29397,17978,-11419,1562356400,957420450,-604935950,KRX MDCSTAT02401_OUT
recent3,KOSPI200,institution,004000,롯데정밀화학,42207,26632,-15575,1829902550,1158966575,-670935975,KRX MDCSTAT02401_OUT
recent3,KOSPI200,institution,006280,녹십자,15154,9366,-5788,1858553200,1152571550,-705981650,KRX MDCSTAT02401_OUT
recent3,KOSPI200,institution,111770,영원무역,40533,29512,-11021,2823723200,2076839850,-746883350,KRX MDCSTAT02401_OUT
recent3,KOSPI200,institution,035250,강원랜드,222004,168796,-53208,3188250925,2425622370,-762628555,KRX MDCSTAT02401_OUT
recent3,KOSPI200,institution,001040,CJ,81744,74836,-6908,11009466200,10136237550,-873228650,KRX MDCSTAT02401_OUT
recent3,KOSPI200,institution,326030,SK바이오팜,55813,43961,-11852,4197273650,3304353750,-892919900,KRX MDCSTAT02401_OUT
recent3,KOSPI200,institution,088350,한화생명,1595047,1420512,-174535,8944610590,8051689520,-892921070,KRX MDCSTAT02401_OUT
recent3,KOSPI200,institution,036460,한국가스공사,102762,76417,-26345,3585005400,2676390050,-908615350,KRX MDCSTAT02401_OUT
recent3,KOSPI200,institution,251270,넷마블,108612,81867,-26745,3781913350,2854836900,-927076450,KRX MDCSTAT02401_OUT
recent3,KOSPI200,institution,032640,LG유플러스,489235,416623,-72612,7164470885,6122350200,-1042120685,KRX MDCSTAT02401_OUT
recent3,KOSPI200,institution,204320,HL만도,81848,58303,-23545,3767580150,2684158800,-1083421350,KRX MDCSTAT02401_OUT
recent3,KOSPI200,institution,192080,더블유게임즈,41564,22341,-19223,2431047800,1309323800,-1121724000,KRX MDCSTAT02401_OUT
recent3,KOSPI200,institution,000210,DL,68932,44792,-24140,3494271250,2284686500,-1209584750,KRX MDCSTAT02401_OUT
recent3,KOSPI200,institution,000880,한화,47726,37775,-9951,6142698700,4868643350,-1274055350,KRX MDCSTAT02401_OUT
recent3,KOSPI200,institution,017960,한국카본,106729,40160,-66569,2143695675,806543340,-1337152335,KRX MDCSTAT02401_OUT
recent3,KOSPI200,institution,051600,한전KPS,114481,82748,-31733,5094839875,3711914000,-1382925875,KRX MDCSTAT02401_OUT
recent3,KOSPI200,institution,006650,대한유화,22221,5462,-16759,1994130600,490142150,-1503988450,KRX MDCSTAT02401_OUT
recent3,KOSPI200,institution,001440,대한전선,472885,426538,-46347,14306342025,12799962175,-1506379850,KRX MDCSTAT02401_OUT
recent3,KOSPI200,institution,454910,두산로보틱스,75720,53140,-22580,5229871650,3666011000,-1563860650,KRX MDCSTAT02401_OUT
recent3,KOSPI200,institution,007070,GS리테일,146580,77357,-69223,3328032750,1761506075,-1566526675,KRX MDCSTAT02401_OUT
recent3,KOSPI200,institution,002380,KCC,12165,8806,-3359,5756735250,4171069250,-1585666000,KRX MDCSTAT02401_OUT
recent3,KOSPI200,institution,120110,코오롱인더,84391,55232,-29159,4629965550,3042228300,-1587737250,KRX MDCSTAT02401_OUT
recent3,KOSPI200,institution,033780,KT&G,151728,141517,-10211,26704589900,24947562950,-1757026950,KRX MDCSTAT02401_OUT
recent3,KOSPI200,institution,003550,LG,134730,117817,-16913,15060333900,13183227300,-1877106600,KRX MDCSTAT02401_OUT
recent3,KOSPI200,institution,450080,에코프로머티,275214,209727,-65487,9556062175,7331563400,-2224498775,KRX MDCSTAT02401_OUT
recent3,KOSPI200,institution,034220,LG디스플레이,626265,353778,-272487,5232668900,2966818235,-2265850665,KRX MDCSTAT02401_OUT
recent3,KOSPI200,institution,128940,한미약품,61086,56330,-4756,30750876750,28433269750,-2317607000,KRX MDCSTAT02401_OUT
recent3,KOSPI200,institution,008770,호텔신라,109417,49169,-60248,4356925550,1967966475,-2388959075,KRX MDCSTAT02401_OUT
recent3,KOSPI200,institution,271560,오리온,65217,42552,-22665,7106018800,4682270850,-2423747950,KRX MDCSTAT02401_OUT
recent3,KOSPI200,institution,443060,HD현대마린솔루션,53072,42662,-10410,12617992000,10167692500,-2450299500,KRX MDCSTAT02401_OUT
recent3,KOSPI200,institution,078930,GS,341333,313904,-27429,37650070900,35072663500,-2577407400,KRX MDCSTAT02401_OUT
recent3,KOSPI200,institution,011780,금호석유화학,41284,17921,-23363,4795772650,2085229600,-2710543050,KRX MDCSTAT02401_OUT
recent3,KOSPI200,institution,307950,현대오토에버,25584,16756,-8828,9435495750,6215026500,-3220469250,KRX MDCSTAT02401_OUT
recent3,KOSPI200,institution,023530,롯데쇼핑,73562,40019,-33543,7460522450,4078257350,-3382265100,KRX MDCSTAT02401_OUT
recent3,KOSPI200,institution,035720,카카오,599773,495706,-104067,20261044500,16815218500,-3445826000,KRX MDCSTAT02401_OUT
recent3,KOSPI200,institution,323410,카카오뱅크,634378,458042,-176336,12718771380,9230338525,-3488432855,KRX MDCSTAT02401_OUT
recent3,KOSPI200,institution,018260,삼성에스디에스,68112,51710,-16402,14857117500,11292713750,-3564403750,KRX MDCSTAT02401_OUT
recent3,KOSPI200,institution,267250,HD현대,101473,83329,-18144,20808449000,17151814000,-3656635000,KRX MDCSTAT02401_OUT
recent3,KOSPI200,institution,047810,한국항공우주,147537,118124,-29413,18862916800,15122395450,-3740521350,KRX MDCSTAT02401_OUT
recent3,KOSPI200,institution,241560,두산밥캣,148160,72008,-76152,8275445500,4037581300,-4237864200,KRX MDCSTAT02401_OUT
recent3,KOSPI200,institution,029780,삼성카드,164628,65577,-99051,7058036050,2797831950,-4260204100,KRX MDCSTAT02401_OUT
recent3,KOSPI200,institution,161390,한국타이어앤테크놀로지,182802,104619,-78183,10760496800,6172750700,-4587746100,KRX MDCSTAT02401_OUT
recent3,KOSPI200,institution,039490,키움증권,56742,37398,-19344,14439958000,9531161750,-4908796250,KRX MDCSTAT02401_OUT
recent3,KOSPI200,institution,064400,LG씨엔에스,161565,90744,-70821,11239351700,6324263250,-4915088450,KRX MDCSTAT02401_OUT
recent3,KOSPI200,institution,375500,DL이앤씨,228020,162982,-65038,18095668950,12994706850,-5100962100,KRX MDCSTAT02401_OUT
recent3,KOSPI200,institution,003670,포스코퓨처엠,285310,252363,-32947,50776124900,45496316050,-5279808850,KRX MDCSTAT02401_OUT
recent3,KOSPI200,institution,278470,에이피알,95292,80168,-15124,34656323750,29321302250,-5335021500,KRX MDCSTAT02401_OUT
recent3,KOSPI200,institution,161890,한국콜마,110429,73827,-36602,16371757600,10969749700,-5402007900,KRX MDCSTAT02401_OUT
recent3,KOSPI200,institution,011200,HMM,616431,345267,-271164,12921289775,7276993200,-5644296575,KRX MDCSTAT02401_OUT
recent3,KOSPI200,institution,006800,미래에셋증권,648269,464047,-184222,20299519300,14575349250,-5724170050,KRX MDCSTAT02401_OUT
recent3,KOSPI200,institution,071970,HD현대마린엔진,173574,52632,-120942,8347044425,2560747000,-5786297425,KRX MDCSTAT02401_OUT
recent3,KOSPI200,institution,030200,KT,381862,270039,-111823,20024154600,14224744200,-5799410400,KRX MDCSTAT02401_OUT
recent3,KOSPI200,institution,005380,현대차,370463,352772,-17691,129508989000,123594492500,-5914496500,KRX MDCSTAT02401_OUT
recent3,KOSPI200,institution,017670,SK텔레콤,499162,423805,-75357,43032526700,36706467350,-6326059350,KRX MDCSTAT02401_OUT
recent3,KOSPI200,institution,000100,유한양행,230041,136955,-93086,16888541600,10059546950,-6828994650,KRX MDCSTAT02401_OUT
recent3,KOSPI200,institution,079550,LIG디펜스앤에어로스페이스,58921,48655,-10266,40224616000,33356014000,-6868602000,KRX MDCSTAT02401_OUT
recent3,KOSPI200,institution,068270,셀트리온,291965,251723,-40242,52031409700,44936043800,-7095365900,KRX MDCSTAT02401_OUT
recent3,KOSPI200,institution,000150,두산,46985,41923,-5062,66060036500,58840849500,-7219187000,KRX MDCSTAT02401_OUT
recent3,KOSPI200,institution,298020,효성티앤씨,31129,5879,-25250,8925795750,1705601250,-7220194500,KRX MDCSTAT02401_OUT
recent3,KOSPI200,institution,028260,삼성물산,225329,201883,-23446,78136781000,69898039000,-8238742000,KRX MDCSTAT02401_OUT
recent3,KOSPI200,institution,259960,크래프톤,96452,54016,-42436,19049554900,10728782050,-8320772850,KRX MDCSTAT02401_OUT
recent3,KOSPI200,institution,005490,POSCO홀딩스,204287,175115,-29172,62914219250,54169802750,-8744416500,KRX MDCSTAT02401_OUT
recent3,KOSPI200,institution,010120,LS ELECTRIC,230854,187388,-43466,47201564500,38366823500,-8834741000,KRX MDCSTAT02401_OUT
recent3,KOSPI200,institution,028050,삼성E&A,729985,537046,-192939,35202941425,26280915075,-8922026350,KRX MDCSTAT02401_OUT
recent3,KOSPI200,institution,069960,현대백화점,122142,20668,-101474,11008437800,1861916450,-9146521350,KRX MDCSTAT02401_OUT
recent3,KOSPI200,institution,015760,한국전력,1173090,859752,-313338,35459820375,26103558250,-9356262125,KRX MDCSTAT02401_OUT
recent3,KOSPI200,institution,052690,한전기술,177046,91738,-85308,21904830700,11389706700,-10515124000,KRX MDCSTAT02401_OUT
recent3,KOSPI200,institution,009420,한올바이오파마,433248,178501,-254747,18889309800,7807514675,-11081795125,KRX MDCSTAT02401_OUT
recent3,KOSPI200,institution,316140,우리금융지주,1608979,1271906,-337073,57195197750,45387549800,-11807647950,KRX MDCSTAT02401_OUT
recent3,KOSPI200,institution,004170,신세계,54551,19254,-35297,18459608000,6555223000,-11904385000,KRX MDCSTAT02401_OUT
recent3,KOSPI200,institution,047040,대우건설,3331051,2597460,-733591,59465399125,47474338500,-11991060625,KRX MDCSTAT02401_OUT
recent3,KOSPI200,institution,267260,HD현대일렉트릭,85946,67308,-18638,58287979500,45837681000,-12450298500,KRX MDCSTAT02401_OUT
recent3,KOSPI200,institution,064350,현대로템,352678,241042,-111636,40235516250,27672407750,-12563108500,KRX MDCSTAT02401_OUT
recent3,KOSPI200,institution,071050,한국금융지주,186534,110891,-75643,33443856350,19867360500,-13576495850,KRX MDCSTAT02401_OUT
recent3,KOSPI200,institution,012450,한화에어로스페이스,86893,71863,-15030,88410410000,73301182500,-15109227500,KRX MDCSTAT02401_OUT
recent3,KOSPI200,institution,086280,현대글로비스,158019,77087,-80932,31257955100,15260702500,-15997252600,KRX MDCSTAT02401_OUT
recent3,KOSPI200,institution,004020,현대제철,842571,311870,-530701,25597414825,9490643825,-16106771000,KRX MDCSTAT02401_OUT
recent3,KOSPI200,institution,267270,HD건설기계,225143,94718,-130425,28375166250,12081149600,-16294016650,KRX MDCSTAT02401_OUT
recent3,KOSPI200,institution,032830,삼성생명,198407,135966,-62441,57127121250,39395508750,-17731612500,KRX MDCSTAT02401_OUT
recent3,KOSPI200,institution,010130,고려아연,32086,11243,-20843,34230988500,12117098500,-22113890000,KRX MDCSTAT02401_OUT
recent3,KOSPI200,institution,000720,현대건설,552077,356609,-195468,66260310550,43500047100,-22760263450,KRX MDCSTAT02401_OUT
recent3,KOSPI200,institution,000270,기아,647301,438839,-208462,74574755100,50677246900,-23897508200,KRX MDCSTAT02401_OUT
recent3,KOSPI200,institution,010140,삼성중공업,2535759,1249428,-1286331,49795215140,24665325690,-25129889450,KRX MDCSTAT02401_OUT
recent3,KOSPI200,institution,035420,NAVER,483065,346626,-136439,94255633600,68228047050,-26027586550,KRX MDCSTAT02401_OUT
recent3,KOSPI200,institution,006400,삼성SDI,297693,243657,-54036,154310728000,127014437500,-27296290500,KRX MDCSTAT02401_OUT
recent3,KOSPI200,institution,086790,하나금융지주,755082,546107,-208975,99998531800,72560645100,-27437886700,KRX MDCSTAT02401_OUT
recent3,KOSPI200,institution,298040,효성중공업,25757,15836,-9921,71978305000,44381449000,-27596856000,KRX MDCSTAT02401_OUT
recent3,KOSPI200,institution,042660,한화오션,619711,255718,-363993,49076427400,20355025550,-28721401850,KRX MDCSTAT02401_OUT
recent3,KOSPI200,institution,034020,두산에너빌리티,1516399,1054540,-461859,122112119600,85426700900,-36685418700,KRX MDCSTAT02401_OUT
recent3,KOSPI200,institution,329180,HD현대중공업,211667,108626,-103041,91560182750,47328612000,-44231570750,KRX MDCSTAT02401_OUT
recent3,KOSPI200,institution,402340,SK스퀘어,457452,392988,-64464,511713752000,440126612000,-71587140000,KRX MDCSTAT02401_OUT
recent3,KOSPI200,institution,000660,SK하이닉스,2775665,2407947,-367718,4950290792500,4292752250500,-657538542000,KRX MDCSTAT02401_OUT
recent3,KOSPI200,institution,005930,삼성전자,21562697,17796550,-3766147,5875563810750,4844525168500,-1031038642250,KRX MDCSTAT02401_OUT
recent3,KOSDAQ150,foreign,036930,주성엔지니어링,681367,1021189,339822,150089124000,224660598000,74571474000,KRX MDCSTAT02401_OUT
recent3,KOSDAQ150,foreign,403870,HPSP,2177296,3015847,838551,132259275100,181756030650,49496755550,KRX MDCSTAT02401_OUT
recent3,KOSDAQ150,foreign,222800,심텍,437589,615626,178037,65458920350,92107655450,26648735100,KRX MDCSTAT02401_OUT
recent3,KOSDAQ150,foreign,036540,SFA반도체,2575475,4884746,2309271,27331176630,51646755010,24315578380,KRX MDCSTAT02401_OUT
recent3,KOSDAQ150,foreign,214450,파마리서치,52327,107132,54805,16499018750,33580624750,17081606000,KRX MDCSTAT02401_OUT
recent3,KOSDAQ150,foreign,098460,고영,850380,1399504,549124,25566499450,42041691600,16475192150,KRX MDCSTAT02401_OUT
recent3,KOSDAQ150,foreign,089030,테크윙,356238,611398,255160,18073830625,30868343350,12794512725,KRX MDCSTAT02401_OUT
recent3,KOSDAQ150,foreign,086520,에코프로,461224,599536,138312,36763577200,48327659350,11564082150,KRX MDCSTAT02401_OUT
recent3,KOSDAQ150,foreign,196170,알테오젠,187773,231123,43350,47671499750,58672198500,11000698750,KRX MDCSTAT02401_OUT
recent3,KOSDAQ150,foreign,078600,대주전자재료,165179,280528,115349,15040339500,25761684350,10721344850,KRX MDCSTAT02401_OUT
recent3,KOSDAQ150,foreign,031980,피에스케이홀딩스,65979,122226,56247,11712353050,21467504050,9755151000,KRX MDCSTAT02401_OUT
recent3,KOSDAQ150,foreign,096530,씨젠,377120,601905,224785,13037532496,20769370546,7731838050,KRX MDCSTAT02401_OUT
recent3,KOSDAQ150,foreign,241710,코스메카코리아,157565,215939,58374,19110505000,26159451400,7048946400,KRX MDCSTAT02401_OUT
recent3,KOSDAQ150,foreign,323280,태성,523616,662619,139003,27831785025,34655042825,6823257800,KRX MDCSTAT02401_OUT
recent3,KOSDAQ150,foreign,083650,비에이치아이,146578,254354,107776,8665460900,15175850250,6510389350,KRX MDCSTAT02401_OUT
recent3,KOSDAQ150,foreign,131290,티에스이,66081,88023,21942,19258572250,25737652000,6479079750,KRX MDCSTAT02401_OUT
recent3,KOSDAQ150,foreign,087010,펩트론,120172,169159,48987,16250689400,22572268350,6321578950,KRX MDCSTAT02401_OUT
recent3,KOSDAQ150,foreign,161580,필옵틱스,753217,857206,103989,28070723050,31966986575,3896263525,KRX MDCSTAT02401_OUT
recent3,KOSDAQ150,foreign,025980,아난티,798380,1494477,696097,3880596031,7233285347,3352689316,KRX MDCSTAT02401_OUT
recent3,KOSDAQ150,foreign,298380,에이비엘바이오,439286,503546,64260,21789128300,24895689650,3106561350,KRX MDCSTAT02401_OUT
recent3,KOSDAQ150,foreign,475830,오름테라퓨틱,312982,449609,136627,7240340000,10222036350,2981696350,KRX MDCSTAT02401_OUT
recent3,KOSDAQ150,foreign,080220,제주반도체,639162,675081,35919,49255627000,52210497150,2954870150,KRX MDCSTAT02401_OUT
recent3,KOSDAQ150,foreign,124500,아이티센글로벌,88519,165322,76803,2563911700,4755601825,2191690125,KRX MDCSTAT02401_OUT
recent3,KOSDAQ150,foreign,006730,서부T&D,312056,497210,185154,3402984735,5548262560,2145277825,KRX MDCSTAT02401_OUT
recent3,KOSDAQ150,foreign,095610,테스,262944,276342,13398,43965176600,46099955900,2134779300,KRX MDCSTAT02401_OUT
recent3,KOSDAQ150,foreign,263750,펄어비스,327506,391043,63537,10867750225,12980499450,2112749225,KRX MDCSTAT02401_OUT
recent3,KOSDAQ150,foreign,053800,안랩,105897,131771,25874,8016748200,9923173300,1906425100,KRX MDCSTAT02401_OUT
recent3,KOSDAQ150,foreign,293490,카카오게임즈,273488,472446,198958,2577254670,4471440240,1894185570,KRX MDCSTAT02401_OUT
recent3,KOSDAQ150,foreign,232140,와이씨,1870152,1998996,128844,26943649155,28798213020,1854563865,KRX MDCSTAT02401_OUT
recent3,KOSDAQ150,foreign,043260,성호전자,2017574,2099530,81956,51362469075,53187747200,1825278125,KRX MDCSTAT02401_OUT
recent3,KOSDAQ150,foreign,041190,우리기술투자,446257,751421,305164,2585507030,4354265105,1768758075,KRX MDCSTAT02401_OUT
recent3,KOSDAQ150,foreign,033500,동성화인텍,78970,189940,110970,1242381240,3000706565,1758325325,KRX MDCSTAT02401_OUT
recent3,KOSDAQ150,foreign,035900,JYP Ent.,181858,225691,43833,6889144600,8557774450,1668629850,KRX MDCSTAT02401_OUT
recent3,KOSDAQ150,foreign,171090,선익시스템,43025,65230,22205,3019058450,4660746900,1641688450,KRX MDCSTAT02401_OUT
recent3,KOSDAQ150,foreign,068760,셀트리온제약,71171,112430,41259,2747610600,4368332925,1620722325,KRX MDCSTAT02401_OUT
recent3,KOSDAQ150,foreign,050890,쏠리드,627229,783592,156363,6014844000,7543826985,1528982985,KRX MDCSTAT02401_OUT
recent3,KOSDAQ150,foreign,032500,케이엠더블유,139446,220507,81061,2638614670,4153235115,1514620445,KRX MDCSTAT02401_OUT
recent3,KOSDAQ150,foreign,237690,에스티팜,63142,79290,16148,5855306050,7364833750,1509527700,KRX MDCSTAT02401_OUT
recent3,KOSDAQ150,foreign,056190,SFA,74327,123315,48988,2106956375,3483407000,1376450625,KRX MDCSTAT02401_OUT
recent3,KOSDAQ150,foreign,437730,삼현,172152,201549,29397,8545922750,9908370900,1362448150,KRX MDCSTAT02401_OUT
recent3,KOSDAQ150,foreign,060250,NHN KCP,133828,226140,92312,1796167330,3038312080,1242144750,KRX MDCSTAT02401_OUT
recent3,KOSDAQ150,foreign,417200,LS머트리얼즈,1471276,1549050,77774,20449825695,21678823155,1228997460,KRX MDCSTAT02401_OUT
recent3,KOSDAQ150,foreign,125490,한라캐스트,305295,405123,99828,3596769820,4753062200,1156292380,KRX MDCSTAT02401_OUT
recent3,KOSDAQ150,foreign,009520,포스코엠텍,69041,153034,83993,855222830,1908836175,1053613345,KRX MDCSTAT02401_OUT
recent3,KOSDAQ150,foreign,033100,제룡전기,49117,69373,20256,2331309300,3298344100,967034800,KRX MDCSTAT02401_OUT
recent3,KOSDAQ150,foreign,399720,가온칩스,71577,92032,20455,3272654300,4214761550,942107250,KRX MDCSTAT02401_OUT
recent3,KOSDAQ150,foreign,348370,엔켐,138098,181871,43773,2818438855,3745960670,927521815,KRX MDCSTAT02401_OUT
recent3,KOSDAQ150,foreign,0009K0,에임드바이오,102801,140781,37980,2243348250,3103718825,860370575,KRX MDCSTAT02401_OUT
recent3,KOSDAQ150,foreign,007390,네이처셀,213183,242489,29306,5218236650,6073999375,855762725,KRX MDCSTAT02401_OUT
recent3,KOSDAQ150,foreign,030520,한컴,89146,137400,48254,1549441070,2396699260,847258190,KRX MDCSTAT02401_OUT
recent3,KOSDAQ150,foreign,025320,시노펙스,383612,592834,209222,1454619140,2250084554,795465414,KRX MDCSTAT02401_OUT
recent3,KOSDAQ150,foreign,052400,코나아이,35589,55525,19936,1354236750,2118954325,764717575,KRX MDCSTAT02401_OUT
recent3,KOSDAQ150,foreign,215200,메가스터디교육,43348,63852,20504,1595780900,2350894625,755113725,KRX MDCSTAT02401_OUT
recent3,KOSDAQ150,foreign,348210,넥스틴,53751,74971,21220,1870399150,2586958700,716559550,KRX MDCSTAT02401_OUT
recent3,KOSDAQ150,foreign,078340,컴투스,119158,138347,19189,4434075400,5130762775,696687375,KRX MDCSTAT02401_OUT
recent3,KOSDAQ150,foreign,213420,덕산네오룩스,103069,125030,21961,3033277700,3671768350,638490650,KRX MDCSTAT02401_OUT
recent3,KOSDAQ150,foreign,278280,천보,24980,41030,16050,881156650,1461222275,580065625,KRX MDCSTAT02401_OUT
recent3,KOSDAQ150,foreign,376300,디어유,140698,172127,31429,2514646850,3082407685,567760835,KRX MDCSTAT02401_OUT
recent3,KOSDAQ150,foreign,036620,감성코퍼레이션,225356,380061,154705,832214674,1397564265,565349591,KRX MDCSTAT02401_OUT
recent3,KOSDAQ150,foreign,388720,유일로보틱스,14539,22476,7937,981352000,1515522900,534170900,KRX MDCSTAT02401_OUT
recent3,KOSDAQ150,foreign,039200,오스코텍,113762,127696,13934,4050691325,4534104450,483413125,KRX MDCSTAT02401_OUT
recent3,KOSDAQ150,foreign,272290,이녹스첨단소재,71139,93456,22317,1518177150,1994778325,476601175,KRX MDCSTAT02401_OUT
recent3,KOSDAQ150,foreign,166090,하나머티리얼즈,88315,96382,8067,5193736200,5652297300,458561100,KRX MDCSTAT02401_OUT
recent3,KOSDAQ150,foreign,038500,삼표시멘트,337050,403242,66192,2243078385,2683802355,440723970,KRX MDCSTAT02401_OUT
recent3,KOSDAQ150,foreign,014620,성광벤드,144977,159090,14113,4528137000,4926025450,397888450,KRX MDCSTAT02401_OUT
recent3,KOSDAQ150,foreign,058610,에스피지,81073,84575,3502,7939493350,8285415300,345921950,KRX MDCSTAT02401_OUT
recent3,KOSDAQ150,foreign,082920,비츠로셀,209500,219913,10413,5915556425,6254784525,339228100,KRX MDCSTAT02401_OUT
recent3,KOSDAQ150,foreign,048410,현대바이오,638950,680677,41727,4407052230,4710959530,303907300,KRX MDCSTAT02401_OUT
recent3,KOSDAQ150,foreign,060280,큐렉소,204679,239523,34844,1668866375,1961924270,293057895,KRX MDCSTAT02401_OUT
recent3,KOSDAQ150,foreign,025900,동화기업,41776,81854,40078,287860365,566348690,278488325,KRX MDCSTAT02401_OUT
recent3,KOSDAQ150,foreign,074600,원익QnC,167615,179882,12267,5044098800,5300763250,256664450,KRX MDCSTAT02401_OUT
recent3,KOSDAQ150,foreign,183300,코미코,422441,435205,12764,13763384175,14011020875,247636700,KRX MDCSTAT02401_OUT
recent3,KOSDAQ150,foreign,253450,스튜디오드래곤,45179,53710,8531,922825175,1100445350,177620175,KRX MDCSTAT02401_OUT
recent3,KOSDAQ150,foreign,082270,젬백스,121664,136920,15256,1235941665,1394916175,158974510,KRX MDCSTAT02401_OUT
recent3,KOSDAQ150,foreign,015750,성우하이텍,129898,152352,22454,750937355,885490585,134553230,KRX MDCSTAT02401_OUT
recent3,KOSDAQ150,foreign,032190,다우데이타,50339,56474,6135,976717200,1103968445,127251245,KRX MDCSTAT02401_OUT
recent3,KOSDAQ150,foreign,194480,데브시스터즈,34795,42646,7851,495366970,615620900,120253930,KRX MDCSTAT02401_OUT
recent3,KOSDAQ150,foreign,018290,브이티,306903,314861,7958,3694371190,3792592355,98221165,KRX MDCSTAT02401_OUT
recent3,KOSDAQ150,foreign,036830,솔브레인홀딩스,57847,59443,1596,2394375325,2474746725,80371400,KRX MDCSTAT02401_OUT
recent3,KOSDAQ150,foreign,101730,위메이드맥스,100583,108985,8402,455891070,496123245,40232175,KRX MDCSTAT02401_OUT
recent3,KOSDAQ150,foreign,352480,씨앤씨인터내셔널,14167,12983,-1184,303022550,276788075,-26234475,KRX MDCSTAT02401_OUT
recent3,KOSDAQ150,foreign,211050,인카금융서비스,68093,63219,-4874,660315780,617181700,-43134080,KRX MDCSTAT02401_OUT
recent3,KOSDAQ150,foreign,065350,신성델타테크,88514,84006,-4508,2724987575,2617581475,-107406100,KRX MDCSTAT02401_OUT
recent3,KOSDAQ150,foreign,112040,위메이드,155452,144886,-10566,2355607770,2227607935,-127999835,KRX MDCSTAT02401_OUT
recent3,KOSDAQ150,foreign,420770,기가비스,59677,58801,-876,7457608200,7306890600,-150717600,KRX MDCSTAT02401_OUT
recent3,KOSDAQ150,foreign,214430,아이쓰리시스템,22757,19091,-3666,1526967150,1274978000,-251989150,KRX MDCSTAT02401_OUT
recent3,KOSDAQ150,foreign,253590,네오셈,527891,511163,-16728,7099808645,6846546085,-253262560,KRX MDCSTAT02401_OUT
recent3,KOSDAQ150,foreign,056080,유진로봇,281711,258394,-23317,3301765515,3038478210,-263287305,KRX MDCSTAT02401_OUT
recent3,KOSDAQ150,foreign,095660,네오위즈,56005,36165,-19840,1001845470,647439660,-354405810,KRX MDCSTAT02401_OUT
recent3,KOSDAQ150,foreign,069080,웹젠,146631,114093,-32538,1706713420,1327486710,-379226710,KRX MDCSTAT02401_OUT
recent3,KOSDAQ150,foreign,036810,에프에스티,119466,107547,-11919,3733911175,3354467850,-379443325,KRX MDCSTAT02401_OUT
recent3,KOSDAQ150,foreign,003380,하림지주,243480,203901,-39579,2656897910,2247824655,-409073255,KRX MDCSTAT02401_OUT
recent3,KOSDAQ150,foreign,214370,케어젠,89384,79552,-9832,3650499200,3239901850,-410597350,KRX MDCSTAT02401_OUT
recent3,KOSDAQ150,foreign,290650,엘앤씨바이오,221601,217731,-3870,10975407725,10520707225,-454700500,KRX MDCSTAT02401_OUT
recent3,KOSDAQ150,foreign,445680,큐리옥스바이오시스템즈,139985,129492,-10493,7430382500,6924765550,-505616950,KRX MDCSTAT02401_OUT
recent3,KOSDAQ150,foreign,189300,인텔리안테크,43018,34790,-8228,2909507350,2338352200,-571155150,KRX MDCSTAT02401_OUT
recent3,KOSDAQ150,foreign,214150,클래시스,103633,84338,-19295,3168061075,2585758400,-582302675,KRX MDCSTAT02401_OUT
recent3,KOSDAQ150,foreign,067160,SOOP,77959,61894,-16065,2852063675,2265607925,-586455750,KRX MDCSTAT02401_OUT
recent3,KOSDAQ150,foreign,140860,파크시스템스,45121,42795,-2326,12217780500,11583798000,-633982500,KRX MDCSTAT02401_OUT
recent3,KOSDAQ150,foreign,032820,우리기술,1746594,1702375,-44219,21882964745,21248834440,-634130305,KRX MDCSTAT02401_OUT
recent3,KOSDAQ150,foreign,042000,카페24,359336,329451,-29885,6704929905,6041543990,-663385915,KRX MDCSTAT02401_OUT
recent3,KOSDAQ150,foreign,225570,넥슨게임즈,168521,101930,-66591,1801778350,1090202765,-711575585,KRX MDCSTAT02401_OUT
recent3,KOSDAQ150,foreign,358570,지아이이노베이션,404891,320798,-84093,3351975635,2635864690,-716110945,KRX MDCSTAT02401_OUT
recent3,KOSDAQ150,foreign,247540,에코프로비엠,530451,520125,-10326,57318963000,56482393000,-836570000,KRX MDCSTAT02401_OUT
recent3,KOSDAQ150,foreign,085660,차바이오텍,306250,203478,-102772,2500207215,1662255400,-837951815,KRX MDCSTAT02401_OUT
recent3,KOSDAQ150,foreign,035760,CJ ENM,84148,62020,-22128,3258321450,2400396475,-857924975,KRX MDCSTAT02401_OUT
recent3,KOSDAQ150,foreign,347850,디앤디파마텍,369079,353056,-16023,15946480000,14952730575,-993749425,KRX MDCSTAT02401_OUT
recent3,KOSDAQ150,foreign,218410,RFHIC,215397,199464,-15933,12539524050,11503400200,-1036123850,KRX MDCSTAT02401_OUT
recent3,KOSDAQ150,foreign,060370,LS마린솔루션,149655,115660,-33995,4849597575,3753803700,-1095793875,KRX MDCSTAT02401_OUT
recent3,KOSDAQ150,foreign,295310,에이치브이엠,144936,125794,-19142,8441727250,7305847850,-1135879400,KRX MDCSTAT02401_OUT
recent3,KOSDAQ150,foreign,137400,피엔티,176212,134846,-41366,5122955125,3958067625,-1164887500,KRX MDCSTAT02401_OUT
recent3,KOSDAQ150,foreign,122870,와이지엔터테인먼트,106567,78797,-27770,4581265375,3378289150,-1202976225,KRX MDCSTAT02401_OUT
recent3,KOSDAQ150,foreign,195940,HK이노엔,106396,73228,-33168,4178769300,2873466200,-1305303100,KRX MDCSTAT02401_OUT
recent3,KOSDAQ150,foreign,090710,휴림로봇,858164,640938,-217226,5247231475,3928625565,-1318605910,KRX MDCSTAT02401_OUT
recent3,KOSDAQ150,foreign,121600,나노신소재,90760,66358,-24402,4988517050,3637696450,-1350820600,KRX MDCSTAT02401_OUT
recent3,KOSDAQ150,foreign,100790,미래에셋벤처투자,313024,227875,-85149,5405161705,3934278325,-1470883380,KRX MDCSTAT02401_OUT
recent3,KOSDAQ150,foreign,310210,보로노이,102169,89888,-12281,13872685200,12103001850,-1769683350,KRX MDCSTAT02401_OUT
recent3,KOSDAQ150,foreign,141080,리가켐바이오,194417,173120,-21297,15613723050,13843747600,-1769975450,KRX MDCSTAT02401_OUT
recent3,KOSDAQ150,foreign,090360,로보스타,65591,41540,-24051,5009226550,3196338700,-1812887850,KRX MDCSTAT02401_OUT
recent3,KOSDAQ150,foreign,466100,클로봇,181617,84956,-96661,4087649300,1912173775,-2175475525,KRX MDCSTAT02401_OUT
recent3,KOSDAQ150,foreign,099320,쎄트렉아이,113272,83690,-29582,8864586000,6598037100,-2266548900,KRX MDCSTAT02401_OUT
recent3,KOSDAQ150,foreign,101490,에스앤에스텍,197274,128968,-68306,8765148175,5718980850,-3046167325,KRX MDCSTAT02401_OUT
recent3,KOSDAQ150,foreign,281740,레이크머티리얼즈,835864,556445,-279419,9388942495,6281134375,-3107808120,KRX MDCSTAT02401_OUT
recent3,KOSDAQ150,foreign,000250,삼천당제약,84561,65839,-18722,14145834800,11030891300,-3114943500,KRX MDCSTAT02401_OUT
recent3,KOSDAQ150,foreign,030530,원익홀딩스,694355,552039,-142316,18920115575,14921011075,-3999104500,KRX MDCSTAT02401_OUT
recent3,KOSDAQ150,foreign,089970,브이엠,531664,466746,-64918,33049960800,29047313550,-4002647250,KRX MDCSTAT02401_OUT
recent3,KOSDAQ150,foreign,204270,제이앤티씨,742213,566068,-176145,17407863575,13208895300,-4198968275,KRX MDCSTAT02401_OUT
recent3,KOSDAQ150,foreign,251970,펌텍코리아,101147,33870,-67277,6307581000,2088839950,-4218741050,KRX MDCSTAT02401_OUT
recent3,KOSDAQ150,foreign,039030,이오테크닉스,89888,80554,-9334,44906666000,39679414500,-5227251500,KRX MDCSTAT02401_OUT
recent3,KOSDAQ150,foreign,178320,서진시스템,2391351,2267087,-124264,89222805825,83908651025,-5314154800,KRX MDCSTAT02401_OUT
recent3,KOSDAQ150,foreign,226950,올릭스,176313,124585,-51728,18335632700,12973542050,-5362090650,KRX MDCSTAT02401_OUT
recent3,KOSDAQ150,foreign,041510,에스엠,150986,81004,-69982,12456661900,6679439150,-5777222750,KRX MDCSTAT02401_OUT
recent3,KOSDAQ150,foreign,328130,루닛,2262604,1679563,-583041,26344243895,19529395190,-6814848705,KRX MDCSTAT02401_OUT
recent3,KOSDAQ150,foreign,095340,ISC,216337,181902,-34435,44823465700,37855135600,-6968330100,KRX MDCSTAT02401_OUT
recent3,KOSDAQ150,foreign,319400,현대무벡스,637941,284716,-353225,13139154400,5865699100,-7273455300,KRX MDCSTAT02401_OUT
recent3,KOSDAQ150,foreign,277810,레인보우로보틱스,55486,37656,-17830,23368727500,15852041500,-7516686000,KRX MDCSTAT02401_OUT
recent3,KOSDAQ150,foreign,108490,로보티즈,202509,176838,-25671,58306277750,50719019500,-7587258250,KRX MDCSTAT02401_OUT
recent3,KOSDAQ150,foreign,145020,휴젤,149294,107036,-42258,27320326050,19639720300,-7680605750,KRX MDCSTAT02401_OUT
recent3,KOSDAQ150,foreign,064760,티씨케이,98715,71958,-26757,28582049750,20879404000,-7702645750,KRX MDCSTAT02401_OUT
recent3,KOSDAQ150,foreign,131970,두산테스나,254169,158169,-96000,23971179800,14791491600,-9179688200,KRX MDCSTAT02401_OUT
recent3,KOSDAQ150,foreign,005290,동진쎄미켐,644160,417610,-226550,29987200600,19581144400,-10406056200,KRX MDCSTAT02401_OUT
recent3,KOSDAQ150,foreign,257720,실리콘투,702398,374448,-327950,27187651050,14620398850,-12567252200,KRX MDCSTAT02401_OUT
recent3,KOSDAQ150,foreign,067310,하나마이크론,1357250,1063028,-294222,62874285900,49144693725,-13729592175,KRX MDCSTAT02401_OUT
recent3,KOSDAQ150,foreign,084370,유진테크,288270,197464,-90806,47252345100,31939006650,-15313338450,KRX MDCSTAT02401_OUT
recent3,KOSDAQ150,foreign,240810,원익IPS,1051375,900904,-150471,135428955050,116303381550,-19125573500,KRX MDCSTAT02401_OUT
recent3,KOSDAQ150,foreign,058470,리노공업,963464,616007,-347457,70335088050,44844408450,-25490679600,KRX MDCSTAT02401_OUT
recent3,KOSDAQ150,foreign,028300,HLB,3742050,1870231,-1871819,158619222550,78866033300,-79753189250,KRX MDCSTAT02401_OUT
recent3,KOSDAQ150,institution,403870,HPSP,662194,1235888,573694,39276267050,74998262150,35721995100,KRX MDCSTAT02401_OUT
recent3,KOSDAQ150,institution,036930,주성엔지니어링,272152,386155,114003,59282526000,85543926500,26261400500,KRX MDCSTAT02401_OUT
recent3,KOSDAQ150,institution,196170,알테오젠,225105,293989,68884,56819006750,74588264500,17769257750,KRX MDCSTAT02401_OUT
recent3,KOSDAQ150,institution,039030,이오테크닉스,98423,131151,32728,48626291750,65271343750,16645052000,KRX MDCSTAT02401_OUT
recent3,KOSDAQ150,institution,084370,유진테크,69923,161151,91228,11263299350,26663602300,15400302950,KRX MDCSTAT02401_OUT
recent3,KOSDAQ150,institution,178320,서진시스템,271549,615742,344193,10065195900,22984367525,12919171625,KRX MDCSTAT02401_OUT
recent3,KOSDAQ150,institution,131970,두산테스나,89357,196168,106811,8313655350,18489217250,10175561900,KRX MDCSTAT02401_OUT
recent3,KOSDAQ150,institution,247540,에코프로비엠,339676,424101,84425,36657704550,46305796100,9648091550,KRX MDCSTAT02401_OUT
recent3,KOSDAQ150,institution,005290,동진쎄미켐,191727,398237,206510,8981691650,18599453075,9617761425,KRX MDCSTAT02401_OUT
recent3,KOSDAQ150,institution,095610,테스,197790,252283,54493,32896178000,42178948650,9282770650,KRX MDCSTAT02401_OUT
recent3,KOSDAQ150,institution,058470,리노공업,387875,505269,117394,28154032350,36871728050,8717695700,KRX MDCSTAT02401_OUT
recent3,KOSDAQ150,institution,095340,ISC,81598,123785,42187,16931506250,25623393950,8691887700,KRX MDCSTAT02401_OUT
recent3,KOSDAQ150,institution,064760,티씨케이,51195,77372,26177,14941877500,22623941000,7682063500,KRX MDCSTAT02401_OUT
recent3,KOSDAQ150,institution,226950,올릭스,140594,208553,67959,14553885900,21796866300,7242980400,KRX MDCSTAT02401_OUT
recent3,KOSDAQ150,institution,240810,원익IPS,455036,501723,46687,58345488500,64780061750,6434573250,KRX MDCSTAT02401_OUT
recent3,KOSDAQ150,institution,251970,펌텍코리아,39464,135922,96458,2447589100,8454183900,6006594800,KRX MDCSTAT02401_OUT
recent3,KOSDAQ150,institution,074600,원익QnC,133563,259413,125850,3968942200,7812712650,3843770450,KRX MDCSTAT02401_OUT
recent3,KOSDAQ150,institution,031980,피에스케이홀딩스,92073,110046,17973,16263465400,19364115050,3100649650,KRX MDCSTAT02401_OUT
recent3,KOSDAQ150,institution,290650,엘앤씨바이오,65111,118095,52984,3127313100,5964322350,2837009250,KRX MDCSTAT02401_OUT
recent3,KOSDAQ150,institution,323280,태성,77565,125981,48416,3978732500,6744015125,2765282625,KRX MDCSTAT02401_OUT
recent3,KOSDAQ150,institution,121600,나노신소재,55066,99930,44864,3027781000,5525728650,2497947650,KRX MDCSTAT02401_OUT
recent3,KOSDAQ150,institution,053800,안랩,24010,55311,31301,1806867900,4190455750,2383587850,KRX MDCSTAT02401_OUT
recent3,KOSDAQ150,institution,078340,컴투스,55101,97514,42413,2052973100,3638679200,1585706100,KRX MDCSTAT02401_OUT
recent3,KOSDAQ150,institution,140860,파크시스템스,11889,17284,5395,3179655000,4676080250,1496425250,KRX MDCSTAT02401_OUT
recent3,KOSDAQ150,institution,131290,티에스이,65049,69237,4188,18842090500,20238158750,1396068250,KRX MDCSTAT02401_OUT
recent3,KOSDAQ150,institution,445680,큐리옥스바이오시스템즈,24182,50771,26589,1255088950,2639390300,1384301350,KRX MDCSTAT02401_OUT
recent3,KOSDAQ150,institution,145020,휴젤,47046,52296,5250,8684203650,9665707050,981503400,KRX MDCSTAT02401_OUT
recent3,KOSDAQ150,institution,257720,실리콘투,322562,348419,25857,12483842675,13423765825,939923150,KRX MDCSTAT02401_OUT
recent3,KOSDAQ150,institution,042000,카페24,36253,79523,43270,671726390,1477395165,805668775,KRX MDCSTAT02401_OUT
recent3,KOSDAQ150,institution,036830,솔브레인홀딩스,42025,59780,17755,1732685650,2477027375,744341725,KRX MDCSTAT02401_OUT
recent3,KOSDAQ150,institution,195940,HK이노엔,73057,82560,9503,2859584450,3244671625,385087175,KRX MDCSTAT02401_OUT
recent3,KOSDAQ150,institution,183300,코미코,390206,394365,4159,12464792800,12795428600,330635800,KRX MDCSTAT02401_OUT
recent3,KOSDAQ150,institution,171090,선익시스템,24942,27396,2454,1745486800,1951016000,205529200,KRX MDCSTAT02401_OUT
recent3,KOSDAQ150,institution,225570,넥슨게임즈,98030,111400,13370,1039286600,1201147330,161860730,KRX MDCSTAT02401_OUT
recent3,KOSDAQ150,institution,417200,LS머트리얼즈,471263,474112,2849,6497017270,6640538325,143521055,KRX MDCSTAT02401_OUT
recent3,KOSDAQ150,institution,215200,메가스터디교육,26647,30064,3417,979937400,1107032750,127095350,KRX MDCSTAT02401_OUT
recent3,KOSDAQ150,institution,161580,필옵틱스,39461,40125,664,1425862775,1540724800,114862025,KRX MDCSTAT02401_OUT
recent3,KOSDAQ150,institution,080220,제주반도체,131466,131375,-91,10024707900,10127730100,103022200,KRX MDCSTAT02401_OUT
recent3,KOSDAQ150,institution,039200,오스코텍,82558,83881,1323,2929582350,2988798350,59216000,KRX MDCSTAT02401_OUT
recent3,KOSDAQ150,institution,095660,네오위즈,32458,33866,1408,580940840,607466520,26525680,KRX MDCSTAT02401_OUT
recent3,KOSDAQ150,institution,036810,에프에스티,32686,31792,-894,1015521975,999428250,-16093725,KRX MDCSTAT02401_OUT
recent3,KOSDAQ150,institution,204270,제이앤티씨,37482,36109,-1373,872130025,821033125,-51096900,KRX MDCSTAT02401_OUT
recent3,KOSDAQ150,institution,025900,동화기업,30044,20062,-9982,206774340,138728270,-68046070,KRX MDCSTAT02401_OUT
recent3,KOSDAQ150,institution,099320,쎄트렉아이,19917,18537,-1380,1557979000,1487238200,-70740800,KRX MDCSTAT02401_OUT
recent3,KOSDAQ150,institution,194480,데브시스터즈,27412,22170,-5242,395087500,319699980,-75387520,KRX MDCSTAT02401_OUT
recent3,KOSDAQ150,institution,067160,SOOP,19009,16873,-2136,695833200,618720050,-77113150,KRX MDCSTAT02401_OUT
recent3,KOSDAQ150,institution,100790,미래에셋벤처투자,30293,23966,-6327,519457350,414962545,-104494805,KRX MDCSTAT02401_OUT
recent3,KOSDAQ150,institution,101730,위메이드맥스,31690,8485,-23205,142795900,38145470,-104650430,KRX MDCSTAT02401_OUT
recent3,KOSDAQ150,institution,352480,씨앤씨인터내셔널,11442,6109,-5333,245257450,134244950,-111012500,KRX MDCSTAT02401_OUT
recent3,KOSDAQ150,institution,166090,하나머티리얼즈,70778,68464,-2314,4150893450,4030599800,-120293650,KRX MDCSTAT02401_OUT
recent3,KOSDAQ150,institution,060280,큐렉소,49416,29726,-19690,400158045,244904435,-155253610,KRX MDCSTAT02401_OUT
recent3,KOSDAQ150,institution,033100,제룡전기,22253,18494,-3759,1054682675,877917575,-176765100,KRX MDCSTAT02401_OUT
recent3,KOSDAQ150,institution,018290,브이티,72284,55694,-16590,865418800,685421430,-179997370,KRX MDCSTAT02401_OUT
recent3,KOSDAQ150,institution,009520,포스코엠텍,87567,70276,-17291,1085759280,874759000,-211000280,KRX MDCSTAT02401_OUT
recent3,KOSDAQ150,institution,032190,다우데이타,40797,29768,-11029,792546100,578391780,-214154320,KRX MDCSTAT02401_OUT
recent3,KOSDAQ150,institution,237690,에스티팜,57717,55071,-2646,5339285850,5121464950,-217820900,KRX MDCSTAT02401_OUT
recent3,KOSDAQ150,institution,272290,이녹스첨단소재,41379,30912,-10467,880881050,659819050,-221062000,KRX MDCSTAT02401_OUT
recent3,KOSDAQ150,institution,211050,인카금융서비스,84953,58960,-25993,820531590,579667140,-240864450,KRX MDCSTAT02401_OUT
recent3,KOSDAQ150,institution,376300,디어유,40086,24706,-15380,693914370,448800705,-245113665,KRX MDCSTAT02401_OUT
recent3,KOSDAQ150,institution,038500,삼표시멘트,117609,79467,-38142,777295665,525504590,-251791075,KRX MDCSTAT02401_OUT
recent3,KOSDAQ150,institution,125490,한라캐스트,57785,34812,-22973,672993710,409524150,-263469560,KRX MDCSTAT02401_OUT
recent3,KOSDAQ150,institution,082270,젬백스,51127,24475,-26652,517760445,250709495,-267050950,KRX MDCSTAT02401_OUT
recent3,KOSDAQ150,institution,015750,성우하이텍,75802,27068,-48734,438978495,156878140,-282100355,KRX MDCSTAT02401_OUT
recent3,KOSDAQ150,institution,214430,아이쓰리시스템,9083,4809,-4274,605860800,323201050,-282659750,KRX MDCSTAT02401_OUT
recent3,KOSDAQ150,institution,069080,웹젠,96882,71211,-25671,1127146830,828557145,-298589685,KRX MDCSTAT02401_OUT
recent3,KOSDAQ150,institution,025320,시노펙스,118584,33313,-85271,447132980,126682686,-320450294,KRX MDCSTAT02401_OUT
recent3,KOSDAQ150,institution,041190,우리기술투자,82302,26304,-55998,474280610,151644335,-322636275,KRX MDCSTAT02401_OUT
recent3,KOSDAQ150,institution,090360,로보스타,9871,5184,-4687,752617850,396651600,-355966250,KRX MDCSTAT02401_OUT
recent3,KOSDAQ150,institution,348370,엔켐,70192,51065,-19127,1428772835,1047159330,-381613505,KRX MDCSTAT02401_OUT
recent3,KOSDAQ150,institution,348210,넥스틴,43562,31343,-12219,1505242375,1094425375,-410817000,KRX MDCSTAT02401_OUT
recent3,KOSDAQ150,institution,388720,유일로보틱스,9997,3813,-6184,673416500,256917900,-416498600,KRX MDCSTAT02401_OUT
recent3,KOSDAQ150,institution,253450,스튜디오드래곤,37105,16393,-20712,759625850,336605725,-423020125,KRX MDCSTAT02401_OUT
recent3,KOSDAQ150,institution,281740,레이크머티리얼즈,149151,110334,-38817,1676728135,1242818170,-433909965,KRX MDCSTAT02401_OUT
recent3,KOSDAQ150,institution,025980,아난티,125884,33239,-92645,610542385,158311896,-452230489,KRX MDCSTAT02401_OUT
recent3,KOSDAQ150,institution,278280,천보,18169,4996,-13173,640468925,176635725,-463833200,KRX MDCSTAT02401_OUT
recent3,KOSDAQ150,institution,035760,CJ ENM,53134,40806,-12328,2062407650,1578599525,-483808125,KRX MDCSTAT02401_OUT
recent3,KOSDAQ150,institution,030520,한컴,98395,69648,-28747,1711470760,1215615580,-495855180,KRX MDCSTAT02401_OUT
recent3,KOSDAQ150,institution,050890,쏠리드,88376,35514,-52862,840009070,339913060,-500096010,KRX MDCSTAT02401_OUT
recent3,KOSDAQ150,institution,214370,케어젠,36144,23364,-12780,1457644475,957452700,-500191775,KRX MDCSTAT02401_OUT
recent3,KOSDAQ150,institution,112040,위메이드,95343,60730,-34613,1454825540,931599280,-523226260,KRX MDCSTAT02401_OUT
recent3,KOSDAQ150,institution,253590,네오셈,83439,42822,-40617,1111219430,572737545,-538481885,KRX MDCSTAT02401_OUT
recent3,KOSDAQ150,institution,067310,하나마이크론,322898,309140,-13758,14911949075,14355472750,-556476325,KRX MDCSTAT02401_OUT
recent3,KOSDAQ150,institution,101490,에스앤에스텍,45872,32739,-13133,2023015675,1457083275,-565932400,KRX MDCSTAT02401_OUT
recent3,KOSDAQ150,institution,085660,차바이오텍,114318,44400,-69918,932313930,362911020,-569402910,KRX MDCSTAT02401_OUT
recent3,KOSDAQ150,institution,065350,신성델타테크,31334,12686,-18648,962945625,390986900,-571958725,KRX MDCSTAT02401_OUT
recent3,KOSDAQ150,institution,466100,클로봇,41416,15518,-25898,929634900,348118175,-581516725,KRX MDCSTAT02401_OUT
recent3,KOSDAQ150,institution,137400,피엔티,71004,50533,-20471,2055125100,1468515225,-586609875,KRX MDCSTAT02401_OUT
recent3,KOSDAQ150,institution,399720,가온칩스,18391,5482,-12909,841606500,251954275,-589652225,KRX MDCSTAT02401_OUT
recent3,KOSDAQ150,institution,052400,코나아이,31306,15220,-16086,1190149450,581777875,-608371575,KRX MDCSTAT02401_OUT
recent3,KOSDAQ150,institution,319400,현대무벡스,103784,73840,-29944,2128564725,1516280650,-612284075,KRX MDCSTAT02401_OUT
recent3,KOSDAQ150,institution,032500,케이엠더블유,64809,29015,-35794,1222444135,546929640,-675514495,KRX MDCSTAT02401_OUT
recent3,KOSDAQ150,institution,048410,현대바이오,280229,177684,-102545,1919618610,1222493410,-697125200,KRX MDCSTAT02401_OUT
recent3,KOSDAQ150,institution,003380,하림지주,218225,148488,-69737,2387151515,1631742360,-755409155,KRX MDCSTAT02401_OUT
recent3,KOSDAQ150,institution,096530,씨젠,164124,139728,-24396,5622385400,4842652550,-779732850,KRX MDCSTAT02401_OUT
recent3,KOSDAQ150,institution,036620,감성코퍼레이션,356867,136622,-220245,1308815090,506961167,-801853923,KRX MDCSTAT02401_OUT
recent3,KOSDAQ150,institution,0009K0,에임드바이오,81653,44615,-37038,1781496725,978838925,-802657800,KRX MDCSTAT02401_OUT
recent3,KOSDAQ150,institution,189300,인텔리안테크,23508,11318,-12190,1575223600,763673150,-811550450,KRX MDCSTAT02401_OUT
recent3,KOSDAQ150,institution,060250,NHN KCP,75870,14106,-61764,1016406130,189843900,-826562230,KRX MDCSTAT02401_OUT
recent3,KOSDAQ150,institution,090710,휴림로봇,191231,55499,-135732,1164425355,337636240,-826789115,KRX MDCSTAT02401_OUT
recent3,KOSDAQ150,institution,082920,비츠로셀,118485,88771,-29714,3346793900,2499347000,-847446900,KRX MDCSTAT02401_OUT
recent3,KOSDAQ150,institution,035900,JYP Ent.,76072,53484,-22588,2882511250,2026320825,-856190425,KRX MDCSTAT02401_OUT
recent3,KOSDAQ150,institution,006730,서부T&D,264772,177134,-87638,2930752535,1984495445,-946257090,KRX MDCSTAT02401_OUT
recent3,KOSDAQ150,institution,078600,대주전자재료,73314,61987,-11327,6701963150,5709776050,-992187100,KRX MDCSTAT02401_OUT
recent3,KOSDAQ150,institution,293490,카카오게임즈,296690,188828,-107862,2787703615,1778836890,-1008866725,KRX MDCSTAT02401_OUT
recent3,KOSDAQ150,institution,358570,지아이이노베이션,153675,30017,-123658,1259817295,245740085,-1014077210,KRX MDCSTAT02401_OUT
recent3,KOSDAQ150,institution,214150,클래시스,74948,40558,-34390,2291127000,1243689600,-1047437400,KRX MDCSTAT02401_OUT
recent3,KOSDAQ150,institution,124500,아이티센글로벌,51705,13546,-38159,1477153450,390678375,-1086475075,KRX MDCSTAT02401_OUT
recent3,KOSDAQ150,institution,007390,네이처셀,111068,63010,-48058,2728667025,1559788100,-1168878925,KRX MDCSTAT02401_OUT
recent3,KOSDAQ150,institution,213420,덕산네오룩스,118610,76877,-41733,3469188850,2267644325,-1201544525,KRX MDCSTAT02401_OUT
recent3,KOSDAQ150,institution,056080,유진로봇,132482,22251,-110231,1547479830,262043355,-1285436475,KRX MDCSTAT02401_OUT
recent3,KOSDAQ150,institution,030530,원익홀딩스,104189,53972,-50217,2809559200,1457584450,-1351974750,KRX MDCSTAT02401_OUT
recent3,KOSDAQ150,institution,098460,고영,216742,168972,-47770,6477508700,5121149000,-1356359700,KRX MDCSTAT02401_OUT
recent3,KOSDAQ150,institution,033500,동성화인텍,111353,11153,-100200,1752283530,175402350,-1576881180,KRX MDCSTAT02401_OUT
recent3,KOSDAQ150,institution,000250,삼천당제약,81401,70974,-10427,13554568950,11929337200,-1625231750,KRX MDCSTAT02401_OUT
recent3,KOSDAQ150,institution,056190,SFA,109236,51347,-57889,3078965375,1449532825,-1629432550,KRX MDCSTAT02401_OUT
recent3,KOSDAQ150,institution,263750,펄어비스,136617,81402,-55215,4529428125,2704052575,-1825375550,KRX MDCSTAT02401_OUT
recent3,KOSDAQ150,institution,218410,RFHIC,112379,80528,-31851,6511370100,4662901550,-1848468550,KRX MDCSTAT02401_OUT
recent3,KOSDAQ150,institution,328130,루닛,454650,275871,-178779,5094732520,3205302085,-1889430435,KRX MDCSTAT02401_OUT
recent3,KOSDAQ150,institution,347850,디앤디파마텍,163640,117063,-46577,6996038300,5096015000,-1900023300,KRX MDCSTAT02401_OUT
recent3,KOSDAQ150,institution,122870,와이지엔터테인먼트,143631,82988,-60643,6159832975,3569002650,-2590830325,KRX MDCSTAT02401_OUT
recent3,KOSDAQ150,institution,014620,성광벤드,134544,41125,-93419,4152664475,1261112675,-2891551800,KRX MDCSTAT02401_OUT
recent3,KOSDAQ150,institution,032820,우리기술,387475,108771,-278704,4808038125,1346779030,-3461259095,KRX MDCSTAT02401_OUT
recent3,KOSDAQ150,institution,060370,LS마린솔루션,154905,46087,-108818,4983420075,1497646175,-3485773900,KRX MDCSTAT02401_OUT
recent3,KOSDAQ150,institution,437730,삼현,106926,30664,-76262,5164762525,1489905775,-3674856750,KRX MDCSTAT02401_OUT
recent3,KOSDAQ150,institution,420770,기가비스,88658,57976,-30682,10925939800,7240450400,-3685489400,KRX MDCSTAT02401_OUT
recent3,KOSDAQ150,institution,041510,에스엠,101312,56423,-44889,8357792000,4667834650,-3689957350,KRX MDCSTAT02401_OUT
recent3,KOSDAQ150,institution,232140,와이씨,352261,67622,-284639,4941691130,951667040,-3990024090,KRX MDCSTAT02401_OUT
recent3,KOSDAQ150,institution,310210,보로노이,60725,28261,-32464,8211843650,3811531100,-4400312550,KRX MDCSTAT02401_OUT
recent3,KOSDAQ150,institution,298380,에이비엘바이오,203753,109774,-93979,10073201300,5462435500,-4610765800,KRX MDCSTAT02401_OUT
recent3,KOSDAQ150,institution,277810,레인보우로보틱스,32874,20888,-11986,13805863500,8831548500,-4974315000,KRX MDCSTAT02401_OUT
recent3,KOSDAQ150,institution,058610,에스피지,68806,16652,-52154,6758721000,1629696500,-5129024500,KRX MDCSTAT02401_OUT
recent3,KOSDAQ150,institution,086520,에코프로,610770,540852,-69918,48707700350,43529394950,-5178305400,KRX MDCSTAT02401_OUT
recent3,KOSDAQ150,institution,087010,펩트론,101547,62154,-39393,13487693400,8308116550,-5179576850,KRX MDCSTAT02401_OUT
recent3,KOSDAQ150,institution,475830,오름테라퓨틱,261467,24539,-236928,5784618325,555596150,-5229022175,KRX MDCSTAT02401_OUT
recent3,KOSDAQ150,institution,295310,에이치브이엠,184815,92701,-92114,10715423400,5409502750,-5305920650,KRX MDCSTAT02401_OUT
recent3,KOSDAQ150,institution,083650,비에이치아이,128815,37522,-91293,7576185200,2236377150,-5339808050,KRX MDCSTAT02401_OUT
recent3,KOSDAQ150,institution,089030,테크윙,252046,145015,-107031,12647127150,7257116575,-5390010575,KRX MDCSTAT02401_OUT
recent3,KOSDAQ150,institution,141080,리가켐바이오,163455,81313,-82142,13071450750,6527865750,-6543585000,KRX MDCSTAT02401_OUT
recent3,KOSDAQ150,institution,068760,셀트리온제약,208860,38910,-169950,8072039325,1520739325,-6551300000,KRX MDCSTAT02401_OUT
recent3,KOSDAQ150,institution,043260,성호전자,1499153,1200096,-299057,37769655625,30688798900,-7080856725,KRX MDCSTAT02401_OUT
recent3,KOSDAQ150,institution,089970,브이엠,502055,337638,-164417,30846379150,21068946800,-9777432350,KRX MDCSTAT02401_OUT
recent3,KOSDAQ150,institution,241710,코스메카코리아,179073,64523,-114550,21641651200,8003892000,-13637759200,KRX MDCSTAT02401_OUT
recent3,KOSDAQ150,institution,214450,파마리서치,104551,33119,-71432,32659853750,10465438750,-22194415000,KRX MDCSTAT02401_OUT
recent3,KOSDAQ150,institution,108490,로보티즈,104836,25529,-79307,29989182250,7324763500,-22664418750,KRX MDCSTAT02401_OUT
recent3,KOSDAQ150,institution,036540,SFA반도체,3744504,1325491,-2419013,39480981155,14012840950,-25468140205,KRX MDCSTAT02401_OUT
recent3,KOSDAQ150,institution,028300,HLB,1030110,410382,-619728,43852173650,17025362425,-26826811225,KRX MDCSTAT02401_OUT
recent3,KOSDAQ150,institution,222800,심텍,491674,251850,-239824,73346261950,37735635100,-35610626850,KRX MDCSTAT02401_OUT
