period_type,universe,investor,code,name,sell_volume,buy_volume,net_volume,sell_value,buy_value,net_value,source
weekly,KOSPI200,foreign,402340,SK스퀘어,1096578,1162159,65581,1123726367300,1195779720300,72053353000,KRX MDCSTAT02401_OUT
weekly,KOSPI200,foreign,078930,GS,629162,1127559,498397,71592016700,128568995450,56976978750,KRX MDCSTAT02401_OUT
weekly,KOSPI200,foreign,011070,LG이노텍,293575,389473,95898,152499453500,202400204000,49900750500,KRX MDCSTAT02401_OUT
weekly,KOSPI200,foreign,079550,LIG디펜스앤에어로스페이스,159867,212649,52782,111261697500,150239870500,38978173000,KRX MDCSTAT02401_OUT
weekly,KOSPI200,foreign,062040,산일전기,416313,586438,170125,82237292250,116899967650,34662675400,KRX MDCSTAT02401_OUT
weekly,KOSPI200,foreign,316140,우리금융지주,10307497,11095041,787544,373219410450,401700210950,28480800500,KRX MDCSTAT02401_OUT
weekly,KOSPI200,foreign,010120,LS ELECTRIC,835098,954097,118999,168368242700,195276603700,26908361000,KRX MDCSTAT02401_OUT
weekly,KOSPI200,foreign,042700,한미반도체,959073,1068594,109521,216500373500,243361877500,26861504000,KRX MDCSTAT02401_OUT
weekly,KOSPI200,foreign,066570,LG전자,1192077,1298651,106574,237177230300,258852897750,21675667450,KRX MDCSTAT02401_OUT
weekly,KOSPI200,foreign,010060,OCI홀딩스,140723,231214,90491,28832424750,47200789550,18368364800,KRX MDCSTAT02401_OUT
weekly,KOSPI200,foreign,033780,KT&G,670138,775207,105069,115165513536,133320430386,18154916850,KRX MDCSTAT02401_OUT
weekly,KOSPI200,foreign,004170,신세계,202505,249105,46600,74142073452,90886396952,16744323500,KRX MDCSTAT02401_OUT
weekly,KOSPI200,foreign,001440,대한전선,2894524,3335834,441310,86475490025,101260286325,14784796300,KRX MDCSTAT02401_OUT
weekly,KOSPI200,foreign,096770,SK이노베이션,1015211,1119246,104035,140986108850,155224651700,14238542850,KRX MDCSTAT02401_OUT
weekly,KOSPI200,foreign,010950,S-Oil,770747,854549,83802,114887039800,127379530750,12492490950,KRX MDCSTAT02401_OUT
weekly,KOSPI200,foreign,064400,LG씨엔에스,406119,560401,154282,28563979300,39515661450,10951682150,KRX MDCSTAT02401_OUT
weekly,KOSPI200,foreign,018260,삼성에스디에스,348254,385692,37438,76221122000,84517746500,8296624500,KRX MDCSTAT02401_OUT
weekly,KOSPI200,foreign,298040,효성중공업,87857,89783,1926,247003222000,255145712000,8142490000,KRX MDCSTAT02401_OUT
weekly,KOSPI200,foreign,002380,KCC,82981,100096,17115,38886316000,46984917000,8098601000,KRX MDCSTAT02401_OUT
weekly,KOSPI200,foreign,071050,한국금융지주,403840,445121,41281,75122593350,83123681450,8001088100,KRX MDCSTAT02401_OUT
weekly,KOSPI200,foreign,001450,현대해상,1905450,2059112,153662,93391812100,100964201550,7572389450,KRX MDCSTAT02401_OUT
weekly,KOSPI200,foreign,003490,대한항공,3273487,3525379,251892,95810415425,103062324575,7251909150,KRX MDCSTAT02401_OUT
weekly,KOSPI200,foreign,000880,한화,394619,442595,47976,53922991450,60777842300,6854850850,KRX MDCSTAT02401_OUT
weekly,KOSPI200,foreign,280360,롯데웰푸드,31333,75668,44335,4131713100,10029797650,5898084550,KRX MDCSTAT02401_OUT
weekly,KOSPI200,foreign,009420,한올바이오파마,281829,383992,102163,13645874375,18615901850,4970027475,KRX MDCSTAT02401_OUT
weekly,KOSPI200,foreign,039490,키움증권,167516,183619,16103,44774061750,49174419000,4400357250,KRX MDCSTAT02401_OUT
weekly,KOSPI200,foreign,307950,현대오토에버,42895,54215,11320,15811430000,20022611250,4211181250,KRX MDCSTAT02401_OUT
weekly,KOSPI200,foreign,204320,HL만도,471242,556968,85726,22810536775,26984020625,4173483850,KRX MDCSTAT02401_OUT
weekly,KOSPI200,foreign,036570,NC,124460,143537,19077,25649668250,29502713250,3853045000,KRX MDCSTAT02401_OUT
weekly,KOSPI200,foreign,010130,고려아연,37572,40656,3084,42566850000,46125028500,3558178500,KRX MDCSTAT02401_OUT
weekly,KOSPI200,foreign,443060,HD현대마린솔루션,494695,509176,14481,118984704038,122392397288,3407693250,KRX MDCSTAT02401_OUT
weekly,KOSPI200,foreign,011780,금호석유화학,222089,248296,26207,26935502600,30175203000,3239700400,KRX MDCSTAT02401_OUT
weekly,KOSPI200,foreign,064350,현대로템,803098,825529,22431,98072243550,101081349600,3009106050,KRX MDCSTAT02401_OUT
weekly,KOSPI200,foreign,004370,농심,114223,121541,7318,45240804750,48206635000,2965830250,KRX MDCSTAT02401_OUT
weekly,KOSPI200,foreign,298020,효성티앤씨,20177,28958,8781,6577447750,9418459750,2841012000,KRX MDCSTAT02401_OUT
weekly,KOSPI200,foreign,071970,HD현대마린엔진,352046,404521,52475,17875232875,20680265725,2805032850,KRX MDCSTAT02401_OUT
weekly,KOSPI200,foreign,016360,삼성증권,750918,779038,28120,64537591050,67098395400,2560804350,KRX MDCSTAT02401_OUT
weekly,KOSPI200,foreign,073240,금호타이어,1697601,2032462,334861,12047036700,14479850990,2432814290,KRX MDCSTAT02401_OUT
weekly,KOSPI200,foreign,009830,한화솔루션,2056108,2140428,84320,58795131750,61222317325,2427185575,KRX MDCSTAT02401_OUT
weekly,KOSPI200,foreign,012330,현대모비스,725365,727392,2027,279500799180,281502428180,2001629000,KRX MDCSTAT02401_OUT
weekly,KOSPI200,foreign,047810,한국항공우주,1248954,1259311,10357,161840073700,163684513300,1844439600,KRX MDCSTAT02401_OUT
weekly,KOSPI200,foreign,192080,더블유게임즈,111618,137272,25654,6487287550,7981195950,1493908400,KRX MDCSTAT02401_OUT
weekly,KOSPI200,foreign,103140,풍산,175800,185541,9741,13662859850,14492378900,829519050,KRX MDCSTAT02401_OUT
weekly,KOSPI200,foreign,003030,세아제강지주,21524,28984,7460,2278781750,3069333800,790552050,KRX MDCSTAT02401_OUT
weekly,KOSPI200,foreign,017960,한국카본,287511,301734,14223,6100210375,6432433150,332222775,KRX MDCSTAT02401_OUT
weekly,KOSPI200,foreign,005850,에스엘,134462,136911,2449,6767726200,6909770425,142044225,KRX MDCSTAT02401_OUT
weekly,KOSPI200,foreign,007070,GS리테일,1022850,1026661,3811,24335616200,24433507725,97891525,KRX MDCSTAT02401_OUT
weekly,KOSPI200,foreign,036460,한국가스공사,385377,385367,-10,13828592500,13866287125,37694625,KRX MDCSTAT02401_OUT
weekly,KOSPI200,foreign,008730,율촌화학,284317,285256,939,4287765945,4302064600,14298655,KRX MDCSTAT02401_OUT
weekly,KOSPI200,foreign,002840,미원상사,3912,3873,-39,522534500,515921500,-6613000,KRX MDCSTAT02401_OUT
weekly,KOSPI200,foreign,137310,에스디바이오센서,236793,219568,-17225,1438286640,1342990690,-95295950,KRX MDCSTAT02401_OUT
weekly,KOSPI200,foreign,003240,태광산업,1559,1452,-107,1414354500,1316756000,-97598500,KRX MDCSTAT02401_OUT
weekly,KOSPI200,foreign,268280,미원에스씨,1807,978,-829,240588700,129390000,-111198700,KRX MDCSTAT02401_OUT
weekly,KOSPI200,foreign,026960,동서,95698,90500,-5198,2445489600,2315129575,-130360025,KRX MDCSTAT02401_OUT
weekly,KOSPI200,foreign,282330,BGF리테일,260565,259510,-1055,36503137000,36343258650,-159878350,KRX MDCSTAT02401_OUT
weekly,KOSPI200,foreign,005420,코스모화학,147921,130811,-17110,1546552665,1371858010,-174694655,KRX MDCSTAT02401_OUT
weekly,KOSPI200,foreign,007700,F&F홀딩스,22435,7178,-15257,307172265,98336590,-208835675,KRX MDCSTAT02401_OUT
weekly,KOSPI200,foreign,014820,동원시스템즈,46601,34975,-11626,993246775,743415700,-249831075,KRX MDCSTAT02401_OUT
weekly,KOSPI200,foreign,300720,한일시멘트,119115,97524,-21591,1939304380,1593592515,-345711865,KRX MDCSTAT02401_OUT
weekly,KOSPI200,foreign,002030,아세아,5170,3368,-1802,1111601250,724165000,-387436250,KRX MDCSTAT02401_OUT
weekly,KOSPI200,foreign,006040,동원산업,79545,67600,-11945,2910399925,2475229750,-435170175,KRX MDCSTAT02401_OUT
weekly,KOSPI200,foreign,009970,영원무역홀딩스,31344,28423,-2921,5247275400,4758170950,-489104450,KRX MDCSTAT02401_OUT
weekly,KOSPI200,foreign,030200,KT,89997,80740,-9257,4788262307,4297007357,-491254950,KRX MDCSTAT02401_OUT
weekly,KOSPI200,foreign,069260,TKG휴켐스,95595,64589,-31006,1557226310,1054007310,-503219000,KRX MDCSTAT02401_OUT
weekly,KOSPI200,foreign,071320,지역난방공사,20153,13041,-7112,1499558100,974119900,-525438200,KRX MDCSTAT02401_OUT
weekly,KOSPI200,foreign,207940,삼성바이오로직스,88478,88082,-396,124219188500,123664517500,-554671000,KRX MDCSTAT02401_OUT
weekly,KOSPI200,foreign,285130,SK케미칼,116755,105940,-10815,6157785200,5572427900,-585357300,KRX MDCSTAT02401_OUT
weekly,KOSPI200,foreign,009240,한샘,53570,37497,-16073,2101620275,1470141575,-631478700,KRX MDCSTAT02401_OUT
weekly,KOSPI200,foreign,069620,대웅제약,32558,26579,-5979,3583549050,2930922700,-652626350,KRX MDCSTAT02401_OUT
weekly,KOSPI200,foreign,001680,대상,153063,115526,-37537,2758809115,2091375160,-667433955,KRX MDCSTAT02401_OUT
weekly,KOSPI200,foreign,011210,현대위아,166403,153102,-13301,9165445200,8475071450,-690373750,KRX MDCSTAT02401_OUT
weekly,KOSPI200,foreign,002790,아모레퍼시픽홀딩스,742513,710880,-31633,19380433125,18558807950,-821625175,KRX MDCSTAT02401_OUT
weekly,KOSPI200,foreign,180640,한진칼,149894,143644,-6250,20761090600,19867218200,-893872400,KRX MDCSTAT02401_OUT
weekly,KOSPI200,foreign,302440,SK바이오사이언스,142554,113771,-28783,5148239500,4162787375,-985452125,KRX MDCSTAT02401_OUT
weekly,KOSPI200,foreign,004000,롯데정밀화학,150238,124321,-25917,6768147075,5606699650,-1161447425,KRX MDCSTAT02401_OUT
weekly,KOSPI200,foreign,298050,HS효성첨단소재,21967,14884,-7083,3670960200,2503374300,-1167585900,KRX MDCSTAT02401_OUT
weekly,KOSPI200,foreign,000080,하이트진로,204499,123456,-81043,3071747705,1860702470,-1211045235,KRX MDCSTAT02401_OUT
weekly,KOSPI200,foreign,003090,대웅,175863,97782,-78081,2804577195,1564117675,-1240459520,KRX MDCSTAT02401_OUT
weekly,KOSPI200,foreign,017670,SK텔레콤,2162830,2147646,-15184,192232139300,190966398700,-1265740600,KRX MDCSTAT02401_OUT
weekly,KOSPI200,foreign,457190,이수스페셜티케미컬,132689,112398,-20291,8537227400,7255915100,-1281312300,KRX MDCSTAT02401_OUT
weekly,KOSPI200,foreign,111770,영원무역,210798,191284,-19514,15191758400,13788588750,-1403169650,KRX MDCSTAT02401_OUT
weekly,KOSPI200,foreign,007310,오뚜기,9678,5244,-4434,3097730500,1677185250,-1420545250,KRX MDCSTAT02401_OUT
weekly,KOSPI200,foreign,454910,두산로보틱스,261214,239329,-21885,18049702350,16591305200,-1458397150,KRX MDCSTAT02401_OUT
weekly,KOSPI200,foreign,086280,현대글로비스,418958,411519,-7439,85295731350,83810504600,-1485226750,KRX MDCSTAT02401_OUT
weekly,KOSPI200,foreign,000240,한국앤컴퍼니,185768,111711,-74057,4536946700,2732856100,-1804090600,KRX MDCSTAT02401_OUT
weekly,KOSPI200,foreign,001800,오리온홀딩스,194904,119689,-75215,4764578100,2925770700,-1838807400,KRX MDCSTAT02401_OUT
weekly,KOSPI200,foreign,139130,iM금융지주,1618329,1514460,-103869,29466386235,27615033315,-1851352920,KRX MDCSTAT02401_OUT
weekly,KOSPI200,foreign,259960,크래프톤,235998,225201,-10797,48754594750,46616020750,-2138574000,KRX MDCSTAT02401_OUT
weekly,KOSPI200,foreign,000120,CJ대한통운,257025,226361,-30664,18203441950,16049496950,-2153945000,KRX MDCSTAT02401_OUT
weekly,KOSPI200,foreign,007340,DN오토모티브,201646,157687,-43959,9645488725,7484090650,-2161398075,KRX MDCSTAT02401_OUT
weekly,KOSPI200,foreign,022100,포스코DX,532071,426586,-105485,11335333325,9118572775,-2216760550,KRX MDCSTAT02401_OUT
weekly,KOSPI200,foreign,361610,SK아이이테크놀로지,1179686,1035844,-143842,18783886190,16529615095,-2254271095,KRX MDCSTAT02401_OUT
weekly,KOSPI200,foreign,005300,롯데칠성,39423,13987,-25436,3757404800,1331813800,-2425591000,KRX MDCSTAT02401_OUT
weekly,KOSPI200,foreign,185750,종근당,65817,26786,-39031,4276127900,1749725900,-2526402000,KRX MDCSTAT02401_OUT
weekly,KOSPI200,foreign,011200,HMM,2283833,2148813,-135020,47480680200,44935091225,-2545588975,KRX MDCSTAT02401_OUT
weekly,KOSPI200,foreign,450080,에코프로머티,412134,337433,-74701,14471858925,11866857575,-2605001350,KRX MDCSTAT02401_OUT
weekly,KOSPI200,foreign,081660,미스토홀딩스,921539,853341,-68198,35270261400,32649910200,-2620351200,KRX MDCSTAT02401_OUT
weekly,KOSPI200,foreign,034230,파라다이스,686274,339408,-346866,6708535505,3327346665,-3381188840,KRX MDCSTAT02401_OUT
weekly,KOSPI200,foreign,006280,녹십자,150140,120478,-29662,18416675950,14788408500,-3628267450,KRX MDCSTAT02401_OUT
weekly,KOSPI200,foreign,005940,NH투자증권,1123725,980317,-143408,28905228600,25275026975,-3630201625,KRX MDCSTAT02401_OUT
weekly,KOSPI200,foreign,139480,이마트,273970,223431,-50539,20256702650,16568307000,-3688395650,KRX MDCSTAT02401_OUT
weekly,KOSPI200,foreign,004990,롯데지주,807553,647964,-159589,19964382550,15992409200,-3971973350,KRX MDCSTAT02401_OUT
weekly,KOSPI200,foreign,001430,세아베스틸지주,386993,294226,-92767,17158756450,12985874425,-4172882025,KRX MDCSTAT02401_OUT
weekly,KOSPI200,foreign,088350,한화생명,5175570,4371201,-804369,30837969485,26280284700,-4557684785,KRX MDCSTAT02401_OUT
weekly,KOSPI200,foreign,018880,한온시스템,4823472,3321176,-1502296,16385163047,11338505656,-5046657391,KRX MDCSTAT02401_OUT
weekly,KOSPI200,foreign,112610,씨에스윈드,658975,562587,-96388,34418355350,29231669650,-5186685700,KRX MDCSTAT02401_OUT
weekly,KOSPI200,foreign,008930,한미사이언스,751683,645535,-106148,37079156000,31733601625,-5345554375,KRX MDCSTAT02401_OUT
weekly,KOSPI200,foreign,278470,에이피알,579485,566820,-12665,209726928500,204352856250,-5374072250,KRX MDCSTAT02401_OUT
weekly,KOSPI200,foreign,003230,삼양식품,96294,92073,-4221,124264323500,118841945500,-5422378000,KRX MDCSTAT02401_OUT
weekly,KOSPI200,foreign,035250,강원랜드,749153,373893,-375260,10864708300,5439496405,-5425211895,KRX MDCSTAT02401_OUT
weekly,KOSPI200,foreign,271560,오리온,649867,599790,-50077,73309730250,67854002650,-5455727600,KRX MDCSTAT02401_OUT
weekly,KOSPI200,foreign,005380,현대차,1057310,1040023,-17287,386101606500,380510169750,-5591436750,KRX MDCSTAT02401_OUT
weekly,KOSPI200,foreign,011790,SKC,188462,123586,-64876,16397950050,10757151600,-5640798450,KRX MDCSTAT02401_OUT
weekly,KOSPI200,foreign,326030,SK바이오팜,327891,253746,-74145,25687841000,19889895400,-5797945600,KRX MDCSTAT02401_OUT
weekly,KOSPI200,foreign,047040,대우건설,6160879,5848249,-312630,116507111970,110674726095,-5832385875,KRX MDCSTAT02401_OUT
weekly,KOSPI200,foreign,000210,DL,178803,72075,-106728,9745476950,3906994650,-5838482300,KRX MDCSTAT02401_OUT
weekly,KOSPI200,foreign,000670,영풍,488564,367151,-121413,23772509175,17864585075,-5907924100,KRX MDCSTAT02401_OUT
weekly,KOSPI200,foreign,012750,에스원,235806,163682,-72124,19762610300,13674454850,-6088155450,KRX MDCSTAT02401_OUT
weekly,KOSPI200,foreign,006800,미래에셋증권,1550273,1354964,-195309,49613909100,43458949275,-6154959825,KRX MDCSTAT02401_OUT
weekly,KOSPI200,foreign,017800,현대엘리베이터,246418,160069,-86349,18095070850,11766055400,-6329015450,KRX MDCSTAT02401_OUT
weekly,KOSPI200,foreign,377300,카카오페이,686399,535771,-150628,28822470225,22416023725,-6406446500,KRX MDCSTAT02401_OUT
weekly,KOSPI200,foreign,001040,CJ,410306,359691,-50615,53452876800,46839995600,-6612881200,KRX MDCSTAT02401_OUT
weekly,KOSPI200,foreign,014680,한솔케미칼,201182,170412,-30770,42781049600,36050703850,-6730345750,KRX MDCSTAT02401_OUT
weekly,KOSPI200,foreign,161390,한국타이어앤테크놀로지,1110951,996006,-114945,66163831300,59407004700,-6756826600,KRX MDCSTAT02401_OUT
weekly,KOSPI200,foreign,029780,삼성카드,289655,131138,-158517,12899860025,5849922500,-7049937525,KRX MDCSTAT02401_OUT
weekly,KOSPI200,foreign,051600,한전KPS,671343,521273,-150070,31472543325,24394926550,-7077616775,KRX MDCSTAT02401_OUT
weekly,KOSPI200,foreign,241560,두산밥캣,678451,556647,-121804,40528543720,33358333370,-7170210350,KRX MDCSTAT02401_OUT
weekly,KOSPI200,foreign,003550,LG,964297,897256,-67041,108850086948,101248916748,-7601170200,KRX MDCSTAT02401_OUT
weekly,KOSPI200,foreign,066970,엘앤에프,688318,617925,-70393,77422458700,69704745700,-7717713000,KRX MDCSTAT02401_OUT
weekly,KOSPI200,foreign,008770,호텔신라,843026,649953,-193073,34389442575,26520434075,-7869008500,KRX MDCSTAT02401_OUT
weekly,KOSPI200,foreign,120110,코오롱인더,317512,176026,-141486,17773328900,9837558550,-7935770350,KRX MDCSTAT02401_OUT
weekly,KOSPI200,foreign,373220,LG에너지솔루션,496529,473089,-23440,180710268750,172089536250,-8620732500,KRX MDCSTAT02401_OUT
weekly,KOSPI200,foreign,097950,CJ제일제당,179349,130448,-48901,31653642100,23031338050,-8622304050,KRX MDCSTAT02401_OUT
weekly,KOSPI200,foreign,006650,대한유화,168791,84103,-84688,17080892850,8435560400,-8645332450,KRX MDCSTAT02401_OUT
weekly,KOSPI200,foreign,006260,LS,182403,155579,-26824,57292509000,48582375750,-8710133250,KRX MDCSTAT02401_OUT
weekly,KOSPI200,foreign,009540,HD한국조선해양,465058,437101,-27957,159037772977,149756939727,-9280833250,KRX MDCSTAT02401_OUT
weekly,KOSPI200,foreign,000810,삼성화재,346547,332004,-14543,228412131500,219076835500,-9335296000,KRX MDCSTAT02401_OUT
weekly,KOSPI200,foreign,352820,하이브,304054,240373,-63681,51426744850,41052290800,-10374454050,KRX MDCSTAT02401_OUT
weekly,KOSPI200,foreign,483650,달바글로벌,489444,433951,-55493,84679452150,74263811000,-10415641150,KRX MDCSTAT02401_OUT
weekly,KOSPI200,foreign,034730,SK,441097,420317,-20780,241845911000,231062873000,-10783038000,KRX MDCSTAT02401_OUT
weekly,KOSPI200,foreign,0126Z0,삼성에피스홀딩스,95036,62145,-32891,31414791500,20587358750,-10827432750,KRX MDCSTAT02401_OUT
weekly,KOSPI200,foreign,051900,LG생활건강,211765,175705,-36060,63234236750,52300057250,-10934179500,KRX MDCSTAT02401_OUT
weekly,KOSPI200,foreign,375500,DL이앤씨,917019,788962,-128057,80092236600,68830828600,-11261408000,KRX MDCSTAT02401_OUT
weekly,KOSPI200,foreign,093370,후성,7646892,6844463,-802429,111348278830,99936377150,-11411901680,KRX MDCSTAT02401_OUT
weekly,KOSPI200,foreign,161890,한국콜마,555970,476797,-79173,81549204550,69903839300,-11645365250,KRX MDCSTAT02401_OUT
weekly,KOSPI200,foreign,000100,유한양행,778509,620541,-157968,60068300600,47935852300,-12132448300,KRX MDCSTAT02401_OUT
weekly,KOSPI200,foreign,028670,팬오션,6412299,4330826,-2081473,37358689715,25210526865,-12148162850,KRX MDCSTAT02401_OUT
weekly,KOSPI200,foreign,028260,삼성물산,828995,794046,-34949,292390136530,280114070530,-12276066000,KRX MDCSTAT02401_OUT
weekly,KOSPI200,foreign,267270,HD건설기계,462504,368293,-94211,64351530450,51197373350,-13154157100,KRX MDCSTAT02401_OUT
weekly,KOSPI200,foreign,323410,카카오뱅크,3207645,2552490,-655155,66506702575,52999498150,-13507204425,KRX MDCSTAT02401_OUT
weekly,KOSPI200,foreign,005490,POSCO홀딩스,494919,449681,-45238,161305940750,146565650000,-14740290750,KRX MDCSTAT02401_OUT
weekly,KOSPI200,foreign,005830,DB손해보험,941182,863835,-77347,178246339709,163277680509,-14968659200,KRX MDCSTAT02401_OUT
weekly,KOSPI200,foreign,272210,한화시스템,1487533,1281038,-206495,112050038950,96656821250,-15393217700,KRX MDCSTAT02401_OUT
weekly,KOSPI200,foreign,175330,JB금융지주,1959506,1470207,-489299,62754886375,46933111775,-15821774600,KRX MDCSTAT02401_OUT
weekly,KOSPI200,foreign,192820,코스맥스,208687,152044,-56643,57953445750,41990037500,-15963408250,KRX MDCSTAT02401_OUT
weekly,KOSPI200,foreign,006400,삼성SDI,573499,543642,-29857,311081252000,294980868500,-16100383500,KRX MDCSTAT02401_OUT
weekly,KOSPI200,foreign,009150,삼성전기,977761,960383,-17378,1333748086500,1316780247000,-16967839500,KRX MDCSTAT02401_OUT
weekly,KOSPI200,foreign,035720,카카오,2976641,2448164,-528477,100540481350,82944174025,-17596307325,KRX MDCSTAT02401_OUT
weekly,KOSPI200,foreign,028050,삼성E&A,4277907,3904629,-373278,220523337307,202192562982,-18330774325,KRX MDCSTAT02401_OUT
weekly,KOSPI200,foreign,000270,기아,1767180,1608241,-158939,215187376650,195839869050,-19347507600,KRX MDCSTAT02401_OUT
weekly,KOSPI200,foreign,021240,코웨이,1133669,948183,-185486,117105815635,97693623335,-19412192300,KRX MDCSTAT02401_OUT
weekly,KOSPI200,foreign,030000,제일기획,3162580,2022507,-1140073,55544275005,35482896985,-20061378020,KRX MDCSTAT02401_OUT
weekly,KOSPI200,foreign,000720,현대건설,1111429,949032,-162397,140381198200,119680274100,-20700924100,KRX MDCSTAT02401_OUT
weekly,KOSPI200,foreign,042660,한화오션,1129720,874916,-254804,93893240450,73147568750,-20745671700,KRX MDCSTAT02401_OUT
weekly,KOSPI200,foreign,011170,롯데케미칼,617604,279635,-337969,39875419800,18120515200,-21754904600,KRX MDCSTAT02401_OUT
weekly,KOSPI200,foreign,068270,셀트리온,1082180,955549,-126631,193816785050,171210470100,-22606314950,KRX MDCSTAT02401_OUT
weekly,KOSPI200,foreign,032640,LG유플러스,4068309,2424624,-1643685,58590058665,34887622140,-23702436525,KRX MDCSTAT02401_OUT
weekly,KOSPI200,foreign,004020,현대제철,2172087,1440960,-731127,75736086100,50880747275,-24855338825,KRX MDCSTAT02401_OUT
weekly,KOSPI200,foreign,003670,포스코퓨처엠,457343,322007,-135336,84839786500,59694107350,-25145679150,KRX MDCSTAT02401_OUT
weekly,KOSPI200,foreign,138930,BNK금융지주,6121756,4543378,-1578378,97390610315,72129599340,-25261010975,KRX MDCSTAT02401_OUT
weekly,KOSPI200,foreign,329180,HD현대중공업,545217,488800,-56417,252607638750,226362858750,-26244780000,KRX MDCSTAT02401_OUT
weekly,KOSPI200,foreign,034220,LG디스플레이,9097046,5973690,-3123356,77687396550,51143893650,-26543502900,KRX MDCSTAT02401_OUT
weekly,KOSPI200,foreign,069960,현대백화점,416781,146503,-270278,41444756450,14535658600,-26909097850,KRX MDCSTAT02401_OUT
weekly,KOSPI200,foreign,090430,아모레퍼시픽,628589,442222,-186367,91187733760,64136110910,-27051622850,KRX MDCSTAT02401_OUT
weekly,KOSPI200,foreign,012450,한화에어로스페이스,597790,571439,-26351,650193428440,622373596940,-27819831500,KRX MDCSTAT02401_OUT
weekly,KOSPI200,foreign,138040,메리츠금융지주,714515,495703,-218812,91081040000,63088855700,-27992184300,KRX MDCSTAT02401_OUT
weekly,KOSPI200,foreign,024110,기업은행,3095719,1512390,-1583329,62984107600,30903317300,-32080790300,KRX MDCSTAT02401_OUT
weekly,KOSPI200,foreign,086790,하나금융지주,2505137,2264249,-240888,341565218700,309207954850,-32357263850,KRX MDCSTAT02401_OUT
weekly,KOSPI200,foreign,032830,삼성생명,1166150,1050524,-115626,336608654250,303153568250,-33455086000,KRX MDCSTAT02401_OUT
weekly,KOSPI200,foreign,047050,포스코인터내셔널,1400908,717754,-683154,79284754950,40697499000,-38587255950,KRX MDCSTAT02401_OUT
weekly,KOSPI200,foreign,023530,롯데쇼핑,608380,282312,-326068,71542164250,32898819200,-38643345050,KRX MDCSTAT02401_OUT
weekly,KOSPI200,foreign,051910,LG화학,490378,331489,-158889,132296601250,89315201000,-42981400250,KRX MDCSTAT02401_OUT
weekly,KOSPI200,foreign,082740,한화엔진,2019153,1164819,-854334,102841197050,59828671325,-43012525725,KRX MDCSTAT02401_OUT
weekly,KOSPI200,foreign,052690,한전기술,1153423,833501,-319922,159835845850,115387416300,-44448429550,KRX MDCSTAT02401_OUT
weekly,KOSPI200,foreign,010140,삼성중공업,8417819,6238192,-2179627,177006919750,132410605950,-44596313800,KRX MDCSTAT02401_OUT
weekly,KOSPI200,foreign,267250,HD현대,643824,438936,-204888,141697808367,96146969617,-45550838750,KRX MDCSTAT02401_OUT
weekly,KOSPI200,foreign,007660,이수페타시스,1734534,1247249,-487285,181491637350,131518737450,-49972899900,KRX MDCSTAT02401_OUT
weekly,KOSPI200,foreign,267260,HD현대일렉트릭,321087,249876,-71211,229322938632,178947634132,-50375304500,KRX MDCSTAT02401_OUT
weekly,KOSPI200,foreign,055550,신한지주,3378213,2914226,-463987,378228918786,326011450636,-52217468150,KRX MDCSTAT02401_OUT
weekly,KOSPI200,foreign,015760,한국전력,2777154,1079187,-1697967,86535508700,33635707875,-52899800825,KRX MDCSTAT02401_OUT
weekly,KOSPI200,foreign,035420,NAVER,1388830,1039583,-349247,277593785000,209130790750,-68462994250,KRX MDCSTAT02401_OUT
weekly,KOSPI200,foreign,128940,한미약품,289963,154058,-135905,145994910750,77192566000,-68802344750,KRX MDCSTAT02401_OUT
weekly,KOSPI200,foreign,000990,DB하이텍,1904970,1067515,-837455,227798138200,127247636400,-100550501800,KRX MDCSTAT02401_OUT
weekly,KOSPI200,foreign,105560,KB금융,3495275,2841665,-653610,619472778052,504427789452,-115044988600,KRX MDCSTAT02401_OUT
weekly,KOSPI200,foreign,034020,두산에너빌리티,4577958,2254509,-2323449,392878024950,193147417750,-199730607200,KRX MDCSTAT02401_OUT
weekly,KOSPI200,foreign,000150,두산,296857,131668,-165189,413723065000,181237619000,-232485446000,KRX MDCSTAT02401_OUT
weekly,KOSPI200,foreign,251270,넷마블,11397686,249749,-11147937,382522134935,8682905175,-373839229760,KRX MDCSTAT02401_OUT
weekly,KOSPI200,foreign,005930,삼성전자,28293023,17977138,-10315885,7197350401689,4591674470189,-2605675931500,KRX MDCSTAT02401_OUT
weekly,KOSPI200,foreign,000660,SK하이닉스,7387500,5349037,-2038463,12998148726550,9574476037550,-3423672689000,KRX MDCSTAT02401_OUT
weekly,KOSPI200,institution,005930,삼성전자,25365101,25830178,465077,6398127849500,6549862009750,151734160250,KRX MDCSTAT02401_OUT
weekly,KOSPI200,institution,128940,한미약품,102501,349671,247170,51084906750,175960052500,124875145750,KRX MDCSTAT02401_OUT
weekly,KOSPI200,institution,105560,KB금융,1307157,1946370,639213,232443695050,345690742050,113247047000,KRX MDCSTAT02401_OUT
weekly,KOSPI200,institution,009150,삼성전기,697393,761766,64373,944351078500,1041210651000,96859572500,KRX MDCSTAT02401_OUT
weekly,KOSPI200,institution,000150,두산,134393,198278,63885,184061143500,276779190500,92718047000,KRX MDCSTAT02401_OUT
weekly,KOSPI200,institution,373220,LG에너지솔루션,389002,596631,207629,140787234000,217189651250,76402417250,KRX MDCSTAT02401_OUT
weekly,KOSPI200,institution,028050,삼성E&A,811380,2038774,1227394,41693542650,105874981500,64181438850,KRX MDCSTAT02401_OUT
weekly,KOSPI200,institution,055550,신한지주,1346639,1827315,480676,151526583550,205896021500,54369437950,KRX MDCSTAT02401_OUT
weekly,KOSPI200,institution,003230,삼양식품,34408,72328,37920,44230440500,93557520000,49327079500,KRX MDCSTAT02401_OUT
weekly,KOSPI200,institution,051910,LG화학,195910,366147,170237,52808654250,99140936000,46332281750,KRX MDCSTAT02401_OUT
weekly,KOSPI200,institution,082740,한화엔진,683388,1524837,841449,34780439650,78245801825,43465362175,KRX MDCSTAT02401_OUT
weekly,KOSPI200,institution,272210,한화시스템,636721,1187844,551123,47733112600,90697412800,42964300200,KRX MDCSTAT02401_OUT
weekly,KOSPI200,institution,090430,아모레퍼시픽,201170,487617,286447,29206765800,70975033400,41768267600,KRX MDCSTAT02401_OUT
weekly,KOSPI200,institution,000990,DB하이텍,568697,910968,342271,67545113303,108119727350,40574614047,KRX MDCSTAT02401_OUT
weekly,KOSPI200,institution,047050,포스코인터내셔널,534753,1183712,648959,30405870350,67773050050,37367179700,KRX MDCSTAT02401_OUT
weekly,KOSPI200,institution,012450,한화에어로스페이스,155896,188963,33067,170568599500,207415151000,36846551500,KRX MDCSTAT02401_OUT
weekly,KOSPI200,institution,375500,DL이앤씨,353367,737281,383914,30640085750,64543740650,33903654900,KRX MDCSTAT02401_OUT
weekly,KOSPI200,institution,138040,메리츠금융지주,218098,434032,215934,27855161100,55713263050,27858101950,KRX MDCSTAT02401_OUT
weekly,KOSPI200,institution,021240,코웨이,189471,453173,263702,19613843300,47111885650,27498042350,KRX MDCSTAT02401_OUT
weekly,KOSPI200,institution,005490,POSCO홀딩스,273190,351470,78280,89367578500,115271861250,25904282750,KRX MDCSTAT02401_OUT
weekly,KOSPI200,institution,267260,HD현대일렉트릭,88205,121109,32904,63230889000,86958933500,23728044500,KRX MDCSTAT02401_OUT
weekly,KOSPI200,institution,003670,포스코퓨처엠,411190,529744,118554,76068997600,98912871000,22843873400,KRX MDCSTAT02401_OUT
weekly,KOSPI200,institution,086790,하나금융지주,926984,1091030,164046,127561665900,150033582800,22471916900,KRX MDCSTAT02401_OUT
weekly,KOSPI200,institution,079550,LIG디펜스앤에어로스페이스,130221,160807,30586,91155381000,113321821500,22166440500,KRX MDCSTAT02401_OUT
weekly,KOSPI200,institution,010140,삼성중공업,3236065,4192098,956033,68485695075,90214740800,21729045725,KRX MDCSTAT02401_OUT
weekly,KOSPI200,institution,051900,LG생활건강,85579,155226,69647,25679206500,46816089500,21136883000,KRX MDCSTAT02401_OUT
weekly,KOSPI200,institution,011170,롯데케미칼,167263,486830,319567,10795209750,31535460450,20740250700,KRX MDCSTAT02401_OUT
weekly,KOSPI200,institution,175330,JB금융지주,477971,1098758,620787,15305915775,35472386150,20166470375,KRX MDCSTAT02401_OUT
weekly,KOSPI200,institution,316140,우리금융지주,2319784,2863627,543843,83957691250,103821794550,19864103300,KRX MDCSTAT02401_OUT
weekly,KOSPI200,institution,267270,HD건설기계,295211,428632,133421,40679836250,59801977950,19122141700,KRX MDCSTAT02401_OUT
weekly,KOSPI200,institution,161890,한국콜마,285119,411079,125960,41833697200,60493334650,18659637450,KRX MDCSTAT02401_OUT
weekly,KOSPI200,institution,483650,달바글로벌,110733,203665,92932,18122161400,35916712300,17794550900,KRX MDCSTAT02401_OUT
weekly,KOSPI200,institution,138930,BNK금융지주,720716,1777153,1056437,11478388560,28524905650,17046517090,KRX MDCSTAT02401_OUT
weekly,KOSPI200,institution,003490,대한항공,1556936,2085360,528424,45571495325,61206473375,15634978050,KRX MDCSTAT02401_OUT
weekly,KOSPI200,institution,093370,후성,1077005,2140097,1063092,15729036945,30987609620,15258572675,KRX MDCSTAT02401_OUT
weekly,KOSPI200,institution,068270,셀트리온,434130,513826,79696,77692436150,92199257850,14506821700,KRX MDCSTAT02401_OUT
weekly,KOSPI200,institution,014680,한솔케미칼,60747,127280,66533,12568632450,26861020200,14292387750,KRX MDCSTAT02401_OUT
weekly,KOSPI200,institution,004020,현대제철,686047,1081026,394979,23730808950,37953500650,14222691700,KRX MDCSTAT02401_OUT
weekly,KOSPI200,institution,112610,씨에스윈드,191078,443349,252271,9999542800,23316557050,13317014250,KRX MDCSTAT02401_OUT
weekly,KOSPI200,institution,003550,LG,210708,315063,104355,23903574300,35791266800,11887692500,KRX MDCSTAT02401_OUT
weekly,KOSPI200,institution,011200,HMM,555246,1054659,499413,11563119625,22073799075,10510679450,KRX MDCSTAT02401_OUT
weekly,KOSPI200,institution,023530,롯데쇼핑,192880,276070,83190,22436893850,32675681950,10238788100,KRX MDCSTAT02401_OUT
weekly,KOSPI200,institution,192820,코스맥스,135491,169768,34277,37399148000,47204524250,9805376250,KRX MDCSTAT02401_OUT
weekly,KOSPI200,institution,005830,DB손해보험,231778,280063,48285,43955355800,53504907650,9549551850,KRX MDCSTAT02401_OUT
weekly,KOSPI200,institution,000210,DL,51197,193575,142378,2774041150,10563415250,7789374100,KRX MDCSTAT02401_OUT
weekly,KOSPI200,institution,006260,LS,114049,137940,23891,35323722750,43055254000,7731531250,KRX MDCSTAT02401_OUT
weekly,KOSPI200,institution,001430,세아베스틸지주,189682,351747,162065,8334831475,15507114725,7172283250,KRX MDCSTAT02401_OUT
weekly,KOSPI200,institution,001040,CJ,140160,192268,52108,18435606950,25381959900,6946352950,KRX MDCSTAT02401_OUT
weekly,KOSPI200,institution,008930,한미사이언스,220063,354320,134257,11029071975,17957276325,6928204350,KRX MDCSTAT02401_OUT
weekly,KOSPI200,institution,006650,대한유화,38055,103765,65710,3799948750,10576632200,6776683450,KRX MDCSTAT02401_OUT
weekly,KOSPI200,institution,028670,팬오션,1923956,3006596,1082640,11232909990,17702893685,6469983695,KRX MDCSTAT02401_OUT
weekly,KOSPI200,institution,030200,KT,557738,677417,119679,29527524600,35901080450,6373555850,KRX MDCSTAT02401_OUT
weekly,KOSPI200,institution,010120,LS ELECTRIC,465284,495303,30019,92784273900,99122250350,6337976450,KRX MDCSTAT02401_OUT
weekly,KOSPI200,institution,032640,LG유플러스,973614,1381068,407454,14281128225,20277336095,5996207870,KRX MDCSTAT02401_OUT
weekly,KOSPI200,institution,267250,HD현대,226465,247431,20966,50559840250,56545095250,5985255000,KRX MDCSTAT02401_OUT
weekly,KOSPI200,institution,012750,에스원,73542,143102,69560,6177233900,12056243200,5879009300,KRX MDCSTAT02401_OUT
weekly,KOSPI200,institution,361610,SK아이이테크놀로지,207717,521999,314282,3322793630,8400627240,5077833610,KRX MDCSTAT02401_OUT
weekly,KOSPI200,institution,024110,기업은행,537322,774398,237076,10959245425,15811276900,4852031475,KRX MDCSTAT02401_OUT
weekly,KOSPI200,institution,004990,롯데지주,104426,282807,178381,2613669100,7079714175,4466045075,KRX MDCSTAT02401_OUT
weekly,KOSPI200,institution,017800,현대엘리베이터,40811,99778,58967,3005829900,7352030200,4346200300,KRX MDCSTAT02401_OUT
weekly,KOSPI200,institution,069960,현대백화점,61197,103967,42770,6077930850,10343864800,4265933950,KRX MDCSTAT02401_OUT
weekly,KOSPI200,institution,120110,코오롱인더,100402,169184,68782,5529799650,9539343750,4009544100,KRX MDCSTAT02401_OUT
weekly,KOSPI200,institution,000100,유한양행,229380,279150,49770,17972061350,21929180200,3957118850,KRX MDCSTAT02401_OUT
weekly,KOSPI200,institution,047810,한국항공우주,223827,254320,30493,29086589750,33035549800,3948960050,KRX MDCSTAT02401_OUT
weekly,KOSPI200,institution,086280,현대글로비스,124305,142724,18419,25389152450,29285702400,3896549950,KRX MDCSTAT02401_OUT
weekly,KOSPI200,institution,051600,한전KPS,114514,194691,80177,5406465775,9187052625,3780586850,KRX MDCSTAT02401_OUT
weekly,KOSPI200,institution,139480,이마트,68895,118172,49277,5105724750,8763664550,3657939800,KRX MDCSTAT02401_OUT
weekly,KOSPI200,institution,007340,DN오토모티브,98545,168580,70035,4643407750,8078580225,3435172475,KRX MDCSTAT02401_OUT
weekly,KOSPI200,institution,011790,SKC,105920,140558,34638,9192552400,12256589600,3064037200,KRX MDCSTAT02401_OUT
weekly,KOSPI200,institution,103140,풍산,137440,172150,34710,10709116650,13471637150,2762520500,KRX MDCSTAT02401_OUT
weekly,KOSPI200,institution,002790,아모레퍼시픽홀딩스,94977,179603,84626,2501617125,4741902050,2240284925,KRX MDCSTAT02401_OUT
weekly,KOSPI200,institution,029780,삼성카드,55440,105018,49578,2483610375,4675543700,2191933325,KRX MDCSTAT02401_OUT
weekly,KOSPI200,institution,139130,iM금융지주,337858,451903,114045,6215889280,8306431955,2090542675,KRX MDCSTAT02401_OUT
weekly,KOSPI200,institution,000240,한국앤컴퍼니,55529,133732,78203,1357326275,3278966400,1921640125,KRX MDCSTAT02401_OUT
weekly,KOSPI200,institution,035250,강원랜드,171178,295554,124376,2511199190,4315988465,1804789275,KRX MDCSTAT02401_OUT
weekly,KOSPI200,institution,009240,한샘,26105,68786,42681,1022283075,2702474975,1680191900,KRX MDCSTAT02401_OUT
weekly,KOSPI200,institution,034230,파라다이스,142930,284303,141373,1402912580,2813755030,1410842450,KRX MDCSTAT02401_OUT
weekly,KOSPI200,institution,036570,NC,123124,129039,5915,25235318850,26622794000,1387475150,KRX MDCSTAT02401_OUT
weekly,KOSPI200,institution,010950,S-Oil,345547,351517,5970,51264872250,52521376750,1256504500,KRX MDCSTAT02401_OUT
weekly,KOSPI200,institution,259960,크래프톤,52835,57757,4922,10991293000,11990146750,998853750,KRX MDCSTAT02401_OUT
weekly,KOSPI200,institution,0126Z0,삼성에피스홀딩스,12123,15097,2974,4014826500,5013014500,998188000,KRX MDCSTAT02401_OUT
weekly,KOSPI200,institution,285130,SK케미칼,68730,85840,17110,3647182250,4591873500,944691250,KRX MDCSTAT02401_OUT
weekly,KOSPI200,institution,071970,HD현대마린엔진,138916,154461,15545,7042516850,7925763225,883246375,KRX MDCSTAT02401_OUT
weekly,KOSPI200,institution,457190,이수스페셜티케미컬,81242,93959,12717,5207634600,6054437450,846802850,KRX MDCSTAT02401_OUT
weekly,KOSPI200,institution,300720,한일시멘트,42250,93719,51469,690660270,1529752935,839092665,KRX MDCSTAT02401_OUT
weekly,KOSPI200,institution,081660,미스토홀딩스,84487,105896,21409,3305130850,4124053700,818922850,KRX MDCSTAT02401_OUT
weekly,KOSPI200,institution,111770,영원무역,40827,51602,10775,2948661100,3734066350,785405250,KRX MDCSTAT02401_OUT
weekly,KOSPI200,institution,018880,한온시스템,1190231,1395192,204961,4041832510,4748571548,706739038,KRX MDCSTAT02401_OUT
weekly,KOSPI200,institution,323410,카카오뱅크,520259,550290,30031,10982582250,11571730700,589148450,KRX MDCSTAT02401_OUT
weekly,KOSPI200,institution,001800,오리온홀딩스,50609,74019,23410,1246927700,1821928275,575000575,KRX MDCSTAT02401_OUT
weekly,KOSPI200,institution,071320,지역난방공사,5885,12557,6672,437206100,936215650,499009550,KRX MDCSTAT02401_OUT
weekly,KOSPI200,institution,000810,삼성화재,77101,78021,920,51303818500,51786760000,482941500,KRX MDCSTAT02401_OUT
weekly,KOSPI200,institution,036460,한국가스공사,159622,172366,12744,5777131775,6253155600,476023825,KRX MDCSTAT02401_OUT
weekly,KOSPI200,institution,018260,삼성에스디에스,117962,119759,1797,25764237750,26232446500,468208750,KRX MDCSTAT02401_OUT
weekly,KOSPI200,institution,088350,한화생명,1994030,2050219,56189,11864544385,12299678385,435134000,KRX MDCSTAT02401_OUT
weekly,KOSPI200,institution,241560,두산밥캣,110957,118314,7357,6699587900,7133632100,434044200,KRX MDCSTAT02401_OUT
weekly,KOSPI200,institution,002030,아세아,1570,3570,2000,337088500,770449750,433361250,KRX MDCSTAT02401_OUT
weekly,KOSPI200,institution,443060,HD현대마린솔루션,115115,116187,1072,27276396250,27610208250,333812000,KRX MDCSTAT02401_OUT
weekly,KOSPI200,institution,009970,영원무역홀딩스,13215,14685,1470,2226507400,2476965650,250458250,KRX MDCSTAT02401_OUT
weekly,KOSPI200,institution,014820,동원시스템즈,62045,71061,9016,1319330925,1513916250,194585325,KRX MDCSTAT02401_OUT
weekly,KOSPI200,institution,450080,에코프로머티,254984,258317,3333,8972608175,9128554525,155946350,KRX MDCSTAT02401_OUT
weekly,KOSPI200,institution,137310,에스디바이오센서,56630,76581,19951,349058955,472049500,122990545,KRX MDCSTAT02401_OUT
weekly,KOSPI200,institution,002840,미원상사,4043,4832,789,538836800,645820100,106983300,KRX MDCSTAT02401_OUT
weekly,KOSPI200,institution,007310,오뚜기,3268,3574,306,1055849000,1152591000,96742000,KRX MDCSTAT02401_OUT
weekly,KOSPI200,institution,022100,포스코DX,428182,429572,1390,9207863300,9275098825,67235525,KRX MDCSTAT02401_OUT
weekly,KOSPI200,institution,268280,미원에스씨,1486,1983,497,196558750,263034800,66476050,KRX MDCSTAT02401_OUT
weekly,KOSPI200,institution,096770,SK이노베이션,1257479,1249138,-8341,174131861700,174190820400,58958700,KRX MDCSTAT02401_OUT
weekly,KOSPI200,institution,005940,NH투자증권,535045,536097,1052,13833520200,13852654825,19134625,KRX MDCSTAT02401_OUT
weekly,KOSPI200,institution,007700,F&F홀딩스,7504,8093,589,102338970,110733630,8394660,KRX MDCSTAT02401_OUT
weekly,KOSPI200,institution,008730,율촌화학,21928,22250,322,333909095,339665055,5755960,KRX MDCSTAT02401_OUT
weekly,KOSPI200,institution,069260,TKG휴켐스,62893,62522,-371,1029696570,1024108360,-5588210,KRX MDCSTAT02401_OUT
weekly,KOSPI200,institution,185750,종근당,10444,10038,-406,686144450,658832650,-27311800,KRX MDCSTAT02401_OUT
weekly,KOSPI200,institution,005420,코스모화학,109486,106539,-2947,1147379765,1119005540,-28374225,KRX MDCSTAT02401_OUT
weekly,KOSPI200,institution,069620,대웅제약,22308,21617,-691,2461592450,2387027250,-74565200,KRX MDCSTAT02401_OUT
weekly,KOSPI200,institution,298050,HS효성첨단소재,9079,8617,-462,1533079800,1451606900,-81472900,KRX MDCSTAT02401_OUT
weekly,KOSPI200,institution,000080,하이트진로,87786,81585,-6201,1326823815,1233971370,-92852445,KRX MDCSTAT02401_OUT
weekly,KOSPI200,institution,073240,금호타이어,259775,244837,-14938,1849480860,1742681155,-106799705,KRX MDCSTAT02401_OUT
weekly,KOSPI200,institution,030000,제일기획,523040,527219,4179,9409385470,9298924600,-110460870,KRX MDCSTAT02401_OUT
weekly,KOSPI200,institution,282330,BGF리테일,46694,45632,-1062,6600545900,6485539650,-115006250,KRX MDCSTAT02401_OUT
weekly,KOSPI200,institution,026960,동서,81226,75556,-5670,2075880075,1935239475,-140640600,KRX MDCSTAT02401_OUT
weekly,KOSPI200,institution,006280,녹십자,17612,15693,-1919,2188541500,1940766850,-247774650,KRX MDCSTAT02401_OUT
weekly,KOSPI200,institution,003090,대웅,101473,83221,-18252,1623801910,1332933160,-290868750,KRX MDCSTAT02401_OUT
weekly,KOSPI200,institution,003030,세아제강지주,23959,21000,-2959,2534403750,2233851200,-300552550,KRX MDCSTAT02401_OUT
weekly,KOSPI200,institution,001680,대상,59349,38348,-21001,1092280645,700473875,-391806770,KRX MDCSTAT02401_OUT
weekly,KOSPI200,institution,005300,롯데칠성,13464,8335,-5129,1288071700,795889550,-492182150,KRX MDCSTAT02401_OUT
weekly,KOSPI200,institution,006040,동원산업,36332,21928,-14404,1329465475,801951000,-527514475,KRX MDCSTAT02401_OUT
weekly,KOSPI200,institution,017960,한국카본,151711,127106,-24605,3246212225,2707857475,-538354750,KRX MDCSTAT02401_OUT
weekly,KOSPI200,institution,003240,태광산업,1904,1252,-652,1725963000,1138371500,-587591500,KRX MDCSTAT02401_OUT
weekly,KOSPI200,institution,180640,한진칼,88986,82213,-6773,12294829550,11408361150,-886468400,KRX MDCSTAT02401_OUT
weekly,KOSPI200,institution,454910,두산로보틱스,140174,127319,-12855,9734952500,8843794300,-891158200,KRX MDCSTAT02401_OUT
weekly,KOSPI200,institution,011210,현대위아,51405,35087,-16318,2870321100,1954294550,-916026550,KRX MDCSTAT02401_OUT
weekly,KOSPI200,institution,000120,CJ대한통운,41704,27649,-14055,2979277700,1980789200,-998488500,KRX MDCSTAT02401_OUT
weekly,KOSPI200,institution,192080,더블유게임즈,86621,66801,-19820,5030721300,3887625200,-1143096100,KRX MDCSTAT02401_OUT
weekly,KOSPI200,institution,004000,롯데정밀화학,64164,37815,-26349,2895147650,1708356600,-1186791050,KRX MDCSTAT02401_OUT
weekly,KOSPI200,institution,005850,에스엘,97150,73058,-24092,4917869550,3702949000,-1214920550,KRX MDCSTAT02401_OUT
weekly,KOSPI200,institution,326030,SK바이오팜,91732,75077,-16655,7188560300,5897161150,-1291399150,KRX MDCSTAT02401_OUT
weekly,KOSPI200,institution,161390,한국타이어앤테크놀로지,218365,195555,-22810,12949851500,11606235600,-1343615900,KRX MDCSTAT02401_OUT
weekly,KOSPI200,institution,004370,농심,35541,31439,-4102,14225291500,12676295750,-1548995750,KRX MDCSTAT02401_OUT
weekly,KOSPI200,institution,302440,SK바이오사이언스,108185,65301,-42884,3978843725,2392672900,-1586170825,KRX MDCSTAT02401_OUT
weekly,KOSPI200,institution,008770,호텔신라,156768,116561,-40207,6389539475,4762402100,-1627137375,KRX MDCSTAT02401_OUT
weekly,KOSPI200,institution,251270,넷마블,167529,119836,-47693,5810670975,4170615325,-1640055650,KRX MDCSTAT02401_OUT
weekly,KOSPI200,institution,000880,한화,65640,53110,-12530,9125135450,7384976300,-1740159150,KRX MDCSTAT02401_OUT
weekly,KOSPI200,institution,001440,대한전선,1148083,1084052,-64031,33965646050,32089486750,-1876159300,KRX MDCSTAT02401_OUT
weekly,KOSPI200,institution,034220,LG디스플레이,930596,680310,-250286,8017177365,5832117000,-2185060365,KRX MDCSTAT02401_OUT
weekly,KOSPI200,institution,066570,LG전자,560479,548092,-12387,111346751250,109088175550,-2258575700,KRX MDCSTAT02401_OUT
weekly,KOSPI200,institution,062040,산일전기,308958,290591,-18367,60533326000,58132168000,-2401158000,KRX MDCSTAT02401_OUT
weekly,KOSPI200,institution,007070,GS리테일,413900,303097,-110803,10009702250,7418764800,-2590937450,KRX MDCSTAT02401_OUT
weekly,KOSPI200,institution,034730,SK,132763,128502,-4261,73318173500,70704100500,-2614073000,KRX MDCSTAT02401_OUT
weekly,KOSPI200,institution,097950,CJ제일제당,73987,55903,-18084,13133561200,9952767200,-3180794000,KRX MDCSTAT02401_OUT
weekly,KOSPI200,institution,280360,롯데웰푸드,46185,21160,-25025,6183156250,2841059900,-3342096350,KRX MDCSTAT02401_OUT
weekly,KOSPI200,institution,298020,효성티앤씨,20835,9943,-10892,6772160500,3263202000,-3508958500,KRX MDCSTAT02401_OUT
weekly,KOSPI200,institution,307950,현대오토에버,29846,20095,-9751,11036746000,7407937500,-3628808500,KRX MDCSTAT02401_OUT
weekly,KOSPI200,institution,271560,오리온,132994,101459,-31535,15170887400,11471599700,-3699287700,KRX MDCSTAT02401_OUT
weekly,KOSPI200,institution,204320,HL만도,198017,116742,-81275,9560709700,5651561100,-3909148600,KRX MDCSTAT02401_OUT
weekly,KOSPI200,institution,001450,현대해상,443939,360280,-83659,21936478125,17849609750,-4086868375,KRX MDCSTAT02401_OUT
weekly,KOSPI200,institution,064350,현대로템,329124,294093,-35031,40309323050,36023593700,-4285729350,KRX MDCSTAT02401_OUT
weekly,KOSPI200,institution,017670,SK텔레콤,1148840,1098960,-49880,101685711650,97282228550,-4403483100,KRX MDCSTAT02401_OUT
weekly,KOSPI200,institution,002380,KCC,23248,12455,-10793,10889031750,5854939750,-5034092000,KRX MDCSTAT02401_OUT
weekly,KOSPI200,institution,000670,영풍,303007,195913,-107094,14842629425,9541681375,-5300948050,KRX MDCSTAT02401_OUT
weekly,KOSPI200,institution,033780,KT&G,211663,177619,-34044,36400688050,30561600700,-5839087350,KRX MDCSTAT02401_OUT
weekly,KOSPI200,institution,042660,한화오션,790978,707684,-83294,65913560200,59216316950,-6697243250,KRX MDCSTAT02401_OUT
weekly,KOSPI200,institution,352820,하이브,204862,162352,-42510,34823349800,27779932250,-7043417550,KRX MDCSTAT02401_OUT
weekly,KOSPI200,institution,032830,삼성생명,300871,273950,-26921,86569594250,79111224750,-7458369500,KRX MDCSTAT02401_OUT
weekly,KOSPI200,institution,011780,금호석유화학,93733,31885,-61848,11437296050,3899738200,-7537557850,KRX MDCSTAT02401_OUT
weekly,KOSPI200,institution,207940,삼성바이오로직스,50745,44974,-5771,71316115500,63391286500,-7924829000,KRX MDCSTAT02401_OUT
weekly,KOSPI200,institution,009420,한올바이오파마,420708,256128,-164580,20448061800,12468529300,-7979532500,KRX MDCSTAT02401_OUT
weekly,KOSPI200,institution,028260,삼성물산,346354,321508,-24846,122521752250,113990815250,-8530937000,KRX MDCSTAT02401_OUT
weekly,KOSPI200,institution,039490,키움증권,95175,63098,-32077,25480283000,16826590250,-8653692750,KRX MDCSTAT02401_OUT
weekly,KOSPI200,institution,009540,HD한국조선해양,240102,213101,-27001,82592849000,73671101500,-8921747500,KRX MDCSTAT02401_OUT
weekly,KOSPI200,institution,035720,카카오,932766,642723,-290043,31697657175,21839281950,-9858375225,KRX MDCSTAT02401_OUT
weekly,KOSPI200,institution,016360,삼성증권,293507,179046,-114461,25329913000,15440270300,-9889642700,KRX MDCSTAT02401_OUT
weekly,KOSPI200,institution,006800,미래에셋증권,1410556,1031233,-379323,45300939200,33154785475,-12146153725,KRX MDCSTAT02401_OUT
weekly,KOSPI200,institution,064400,LG씨엔에스,322423,144768,-177655,22627318750,10192298700,-12435020050,KRX MDCSTAT02401_OUT
weekly,KOSPI200,institution,298040,효성중공업,38555,33286,-5269,107590148500,93994150000,-13595998500,KRX MDCSTAT02401_OUT
weekly,KOSPI200,institution,000270,기아,888061,774629,-113432,108055743550,94308017650,-13747725900,KRX MDCSTAT02401_OUT
weekly,KOSPI200,institution,006400,삼성SDI,471737,437154,-34583,255267544000,238093770500,-17173773500,KRX MDCSTAT02401_OUT
weekly,KOSPI200,institution,010130,고려아연,28899,12980,-15919,32909307000,14786634000,-18122673000,KRX MDCSTAT02401_OUT
weekly,KOSPI200,institution,071050,한국금융지주,231827,131994,-99833,43436969150,24765719800,-18671249350,KRX MDCSTAT02401_OUT
weekly,KOSPI200,institution,329180,HD현대중공업,342969,298400,-44569,158446455000,139324912250,-19121542750,KRX MDCSTAT02401_OUT
weekly,KOSPI200,institution,000720,현대건설,827789,669414,-158375,104776584900,84792019500,-19984565400,KRX MDCSTAT02401_OUT
weekly,KOSPI200,institution,009830,한화솔루션,1237143,522784,-714359,35452984200,15006758950,-20446225250,KRX MDCSTAT02401_OUT
weekly,KOSPI200,institution,377300,카카오페이,853320,336582,-516738,35370966950,14767205375,-20603761575,KRX MDCSTAT02401_OUT
weekly,KOSPI200,institution,010060,OCI홀딩스,188285,83160,-105125,38389609050,16968746350,-21420862700,KRX MDCSTAT02401_OUT
weekly,KOSPI200,institution,047040,대우건설,4462706,3226464,-1236242,84022709945,61148190325,-22874519620,KRX MDCSTAT02401_OUT
weekly,KOSPI200,institution,015760,한국전력,2048307,1223467,-824840,64238160550,38294781725,-25943378825,KRX MDCSTAT02401_OUT
weekly,KOSPI200,institution,004170,신세계,159374,84799,-74575,57939620250,31205197250,-26734423000,KRX MDCSTAT02401_OUT
weekly,KOSPI200,institution,278470,에이피알,323837,236268,-87569,116359152500,85521543500,-30837609000,KRX MDCSTAT02401_OUT
weekly,KOSPI200,institution,042700,한미반도체,621017,461038,-159979,140060945000,104871184500,-35189760500,KRX MDCSTAT02401_OUT
weekly,KOSPI200,institution,011070,LG이노텍,189194,118748,-70446,97478237500,61830055000,-35648182500,KRX MDCSTAT02401_OUT
weekly,KOSPI200,institution,078930,GS,678356,350406,-327950,77482302100,40010343850,-37471958250,KRX MDCSTAT02401_OUT
weekly,KOSPI200,institution,052690,한전기술,618807,344338,-274469,85653410800,48066196850,-37587213950,KRX MDCSTAT02401_OUT
weekly,KOSPI200,institution,066970,엘앤에프,780884,435269,-345615,87881896400,49049556650,-38832339750,KRX MDCSTAT02401_OUT
weekly,KOSPI200,institution,012330,현대모비스,359062,240208,-118854,139861483750,93309892000,-46551591750,KRX MDCSTAT02401_OUT
weekly,KOSPI200,institution,005380,현대차,648059,520853,-127206,237124550500,190505319000,-46619231500,KRX MDCSTAT02401_OUT
weekly,KOSPI200,institution,000660,SK하이닉스,4346555,4303043,-43512,7572657628500,7525082951000,-47574677500,KRX MDCSTAT02401_OUT
weekly,KOSPI200,institution,007660,이수페타시스,1291709,722185,-569524,133899603000,76257340100,-57642262900,KRX MDCSTAT02401_OUT
weekly,KOSPI200,institution,035420,NAVER,1013989,519611,-494378,202949324600,104743941200,-98205383400,KRX MDCSTAT02401_OUT
weekly,KOSPI200,institution,034020,두산에너빌리티,3422354,2177879,-1244475,294558423250,187090564000,-107467859250,KRX MDCSTAT02401_OUT
weekly,KOSPI200,institution,402340,SK스퀘어,627859,455195,-172664,639202406500,467325883500,-171876523000,KRX MDCSTAT02401_OUT
weekly,KOSDAQ150,foreign,319400,현대무벡스,3072524,7113390,4040866,68502099943,146184165193,77682065250,KRX MDCSTAT02401_OUT
weekly,KOSDAQ150,foreign,240810,원익IPS,904989,1249382,344393,104091821600,143428795650,39336974050,KRX MDCSTAT02401_OUT
weekly,KOSDAQ150,foreign,036540,SFA반도체,8519611,12620622,4101011,72362338930,107254558310,34892219380,KRX MDCSTAT02401_OUT
weekly,KOSDAQ150,foreign,196170,알테오젠,372071,499386,127315,95447745000,128804238250,33356493250,KRX MDCSTAT02401_OUT
weekly,KOSDAQ150,foreign,214450,파마리서치,94444,169416,74972,31694525000,56223010000,24528485000,KRX MDCSTAT02401_OUT
weekly,KOSDAQ150,foreign,067310,하나마이크론,1703351,2226441,523090,62576969575,81587624050,19010654475,KRX MDCSTAT02401_OUT
weekly,KOSDAQ150,foreign,298380,에이비엘바이오,709977,1014429,304452,41747852200,59269422000,17521569800,KRX MDCSTAT02401_OUT
weekly,KOSDAQ150,foreign,031980,피에스케이홀딩스,181050,287677,106627,29463013000,46829021900,17366008900,KRX MDCSTAT02401_OUT
weekly,KOSDAQ150,foreign,141080,리가켐바이오,255845,401615,145770,21169299600,33157479750,11988180150,KRX MDCSTAT02401_OUT
weekly,KOSDAQ150,foreign,080220,제주반도체,680642,779284,98642,48748866550,55958036950,7209170400,KRX MDCSTAT02401_OUT
weekly,KOSDAQ150,foreign,096530,씨젠,384513,596180,211667,12598551525,19544788400,6946236875,KRX MDCSTAT02401_OUT
weekly,KOSDAQ150,foreign,058610,에스피지,602424,661870,59446,60238358800,66833784850,6595426050,KRX MDCSTAT02401_OUT
weekly,KOSDAQ150,foreign,087010,펩트론,192062,235786,43724,28418322700,34730403050,6312080350,KRX MDCSTAT02401_OUT
weekly,KOSDAQ150,foreign,056080,유진로봇,720628,1332803,612175,8717465685,14967995275,6250529590,KRX MDCSTAT02401_OUT
weekly,KOSDAQ150,foreign,053800,안랩,246134,336048,89914,15938566800,22049537200,6110970400,KRX MDCSTAT02401_OUT
weekly,KOSDAQ150,foreign,090360,로보스타,103430,178711,75281,8075243500,14115040300,6039796800,KRX MDCSTAT02401_OUT
weekly,KOSDAQ150,foreign,403870,HPSP,1879068,1989216,110148,99354228050,105159991900,5805763850,KRX MDCSTAT02401_OUT
weekly,KOSDAQ150,foreign,347850,디앤디파마텍,759373,857448,98075,34678195125,39199488925,4521293800,KRX MDCSTAT02401_OUT
weekly,KOSDAQ150,foreign,090710,휴림로봇,1506786,2175622,668836,9379509505,13662889875,4283380370,KRX MDCSTAT02401_OUT
weekly,KOSDAQ150,foreign,060370,LS마린솔루션,243729,355659,111930,8070017250,11918119325,3848102075,KRX MDCSTAT02401_OUT
weekly,KOSDAQ150,foreign,125490,한라캐스트,3149768,3486064,336296,37584914190,41269470640,3684556450,KRX MDCSTAT02401_OUT
weekly,KOSDAQ150,foreign,084370,유진테크,291331,318494,27163,39088201650,42732309550,3644107900,KRX MDCSTAT02401_OUT
weekly,KOSDAQ150,foreign,030530,원익홀딩스,3089034,3229303,140269,77428333125,80892691925,3464358800,KRX MDCSTAT02401_OUT
weekly,KOSDAQ150,foreign,005290,동진쎄미켐,186933,264641,77708,7553189675,10666275350,3113085675,KRX MDCSTAT02401_OUT
weekly,KOSDAQ150,foreign,033100,제룡전기,99656,160280,60624,4663145825,7520026375,2856880550,KRX MDCSTAT02401_OUT
weekly,KOSDAQ150,foreign,039030,이오테크닉스,164757,171808,7051,74594278250,77237732500,2643454250,KRX MDCSTAT02401_OUT
weekly,KOSDAQ150,foreign,277810,레인보우로보틱스,102464,107835,5371,43988895500,46591277000,2602381500,KRX MDCSTAT02401_OUT
weekly,KOSDAQ150,foreign,095610,테스,162011,174929,12918,21802390550,23616154700,1813764150,KRX MDCSTAT02401_OUT
weekly,KOSDAQ150,foreign,060250,NHN KCP,556377,686143,129766,7488516770,9155020330,1666503560,KRX MDCSTAT02401_OUT
weekly,KOSDAQ150,foreign,388720,유일로보틱스,31322,52280,20958,2145053250,3598596700,1453543450,KRX MDCSTAT02401_OUT
weekly,KOSDAQ150,foreign,232140,와이씨,1683119,1805497,122378,19834534900,21240603760,1406068860,KRX MDCSTAT02401_OUT
weekly,KOSDAQ150,foreign,074600,원익QnC,213947,265680,51733,5743140075,7137761475,1394621400,KRX MDCSTAT02401_OUT
weekly,KOSDAQ150,foreign,171090,선익시스템,45209,63436,18227,3139428700,4402411850,1262983150,KRX MDCSTAT02401_OUT
weekly,KOSDAQ150,foreign,078340,컴투스,124775,161552,36777,4237961625,5500341500,1262379875,KRX MDCSTAT02401_OUT
weekly,KOSDAQ150,foreign,278280,천보,58604,84430,25826,2179658725,3136730350,957071625,KRX MDCSTAT02401_OUT
weekly,KOSDAQ150,foreign,253590,네오셈,509879,583631,73752,6056195040,6951111640,894916600,KRX MDCSTAT02401_OUT
weekly,KOSDAQ150,foreign,358570,지아이이노베이션,938960,1033873,94913,8541604100,9416323275,874719175,KRX MDCSTAT02401_OUT
weekly,KOSDAQ150,foreign,475830,오름테라퓨틱,92225,116061,23836,4670401000,5530250100,859849100,KRX MDCSTAT02401_OUT
weekly,KOSDAQ150,foreign,420770,기가비스,433331,443319,9988,45855836850,46612961500,757124650,KRX MDCSTAT02401_OUT
weekly,KOSDAQ150,foreign,025320,시노펙스,460564,648698,188134,1760736508,2475380377,714643869,KRX MDCSTAT02401_OUT
weekly,KOSDAQ150,foreign,348210,넥스틴,90488,110261,19773,2796988525,3438276875,641288350,KRX MDCSTAT02401_OUT
weekly,KOSDAQ150,foreign,124500,아이티센글로벌,511512,536037,24525,15954574625,16459617400,505042775,KRX MDCSTAT02401_OUT
weekly,KOSDAQ150,foreign,015750,성우하이텍,213265,291972,78707,1275453800,1747816365,472362565,KRX MDCSTAT02401_OUT
weekly,KOSDAQ150,foreign,065350,신성델타테크,188797,200865,12068,5845381225,6222614975,377233750,KRX MDCSTAT02401_OUT
weekly,KOSDAQ150,foreign,121600,나노신소재,152533,162375,9842,7806579700,8182031550,375451850,KRX MDCSTAT02401_OUT
weekly,KOSDAQ150,foreign,140860,파크시스템스,41337,42702,1365,10479019750,10841343250,362323500,KRX MDCSTAT02401_OUT
weekly,KOSDAQ150,foreign,067160,SOOP,91118,98365,7247,3368261651,3642287626,274025975,KRX MDCSTAT02401_OUT
weekly,KOSDAQ150,foreign,036830,솔브레인홀딩스,171232,176745,5513,6993355725,7221894150,228538425,KRX MDCSTAT02401_OUT
weekly,KOSDAQ150,foreign,348370,엔켐,345270,357050,11780,7057866590,7281962450,224095860,KRX MDCSTAT02401_OUT
weekly,KOSDAQ150,foreign,101730,위메이드맥스,1678487,1724747,46260,8289721170,8439102303,149381133,KRX MDCSTAT02401_OUT
weekly,KOSDAQ150,foreign,032190,다우데이타,68608,75288,6680,1380966390,1518409430,137443040,KRX MDCSTAT02401_OUT
weekly,KOSDAQ150,foreign,039200,오스코텍,227084,230456,3372,8186347625,8316364200,130016575,KRX MDCSTAT02401_OUT
weekly,KOSDAQ150,foreign,272290,이녹스첨단소재,137929,142825,4896,2804213625,2905396450,101182825,KRX MDCSTAT02401_OUT
weekly,KOSDAQ150,foreign,194480,데브시스터즈,73314,79007,5693,1070622110,1155622075,84999965,KRX MDCSTAT02401_OUT
weekly,KOSDAQ150,foreign,025980,아난티,1605496,1626037,20541,8264135555,8341542655,77407100,KRX MDCSTAT02401_OUT
weekly,KOSDAQ150,foreign,009520,포스코엠텍,199273,201950,2677,2531081125,2572333360,41252235,KRX MDCSTAT02401_OUT
weekly,KOSDAQ150,foreign,0009K0,에임드바이오,315006,316622,1616,6934742050,6968454200,33712150,KRX MDCSTAT02401_OUT
weekly,KOSDAQ150,foreign,281740,레이크머티리얼즈,473933,474927,994,5067398605,5061800400,-5598205,KRX MDCSTAT02401_OUT
weekly,KOSDAQ150,foreign,214370,케어젠,133872,132898,-974,5457895375,5421190175,-36705200,KRX MDCSTAT02401_OUT
weekly,KOSDAQ150,foreign,025900,동화기업,59525,49498,-10027,415560470,346379710,-69180760,KRX MDCSTAT02401_OUT
weekly,KOSDAQ150,foreign,213420,덕산네오룩스,275019,270660,-4359,8299509500,8229261825,-70247675,KRX MDCSTAT02401_OUT
weekly,KOSDAQ150,foreign,214430,아이쓰리시스템,27493,26312,-1181,1654797300,1574337600,-80459700,KRX MDCSTAT02401_OUT
weekly,KOSDAQ150,foreign,215200,메가스터디교육,58596,55693,-2903,2036190050,1932133875,-104056175,KRX MDCSTAT02401_OUT
weekly,KOSDAQ150,foreign,263750,펄어비스,484644,480382,-4262,16876004200,16735752925,-140251275,KRX MDCSTAT02401_OUT
weekly,KOSDAQ150,foreign,352480,씨앤씨인터내셔널,26458,20123,-6335,581554500,440789400,-140765100,KRX MDCSTAT02401_OUT
weekly,KOSDAQ150,foreign,290650,엘앤씨바이오,250267,246170,-4097,11561303750,11402521625,-158782125,KRX MDCSTAT02401_OUT
weekly,KOSDAQ150,foreign,038500,삼표시멘트,404345,377714,-26631,2766580040,2584286095,-182293945,KRX MDCSTAT02401_OUT
weekly,KOSDAQ150,foreign,069080,웹젠,299133,277394,-21739,3315849895,3072733360,-243116535,KRX MDCSTAT02401_OUT
weekly,KOSDAQ150,foreign,089030,테크윙,638599,628779,-9820,28613688550,28330392700,-283295850,KRX MDCSTAT02401_OUT
weekly,KOSDAQ150,foreign,033500,동성화인텍,121247,101162,-20085,1999817915,1672410520,-327407395,KRX MDCSTAT02401_OUT
weekly,KOSDAQ150,foreign,036810,에프에스티,160390,148591,-11799,4248474550,3919731675,-328742875,KRX MDCSTAT02401_OUT
weekly,KOSDAQ150,foreign,183300,코미코,1389120,1369173,-19947,41062743125,40722622575,-340120550,KRX MDCSTAT02401_OUT
weekly,KOSDAQ150,foreign,036620,감성코퍼레이션,373994,283833,-90161,1413565518,1072999079,-340566439,KRX MDCSTAT02401_OUT
weekly,KOSDAQ150,foreign,323280,태성,275700,267781,-7919,12430352200,12087753725,-342598475,KRX MDCSTAT02401_OUT
weekly,KOSDAQ150,foreign,089970,브이엠,1631194,1625396,-5798,86199391750,85731727850,-467663900,KRX MDCSTAT02401_OUT
weekly,KOSDAQ150,foreign,253450,스튜디오드래곤,106760,84039,-22721,2264003175,1788230400,-475772775,KRX MDCSTAT02401_OUT
weekly,KOSDAQ150,foreign,035760,CJ ENM,228710,214363,-14347,8551793925,8012999650,-538794275,KRX MDCSTAT02401_OUT
weekly,KOSDAQ150,foreign,211050,인카금융서비스,130633,78836,-51797,1381169110,828132370,-553036740,KRX MDCSTAT02401_OUT
weekly,KOSDAQ150,foreign,293490,카카오게임즈,498509,434432,-64077,4714601140,4099774525,-614826615,KRX MDCSTAT02401_OUT
weekly,KOSDAQ150,foreign,082270,젬백스,300455,238529,-61926,3068094095,2449026270,-619067825,KRX MDCSTAT02401_OUT
weekly,KOSDAQ150,foreign,095660,네오위즈,109610,72796,-36814,1956374125,1297974390,-658399735,KRX MDCSTAT02401_OUT
weekly,KOSDAQ150,foreign,042000,카페24,130718,84605,-46113,2008030890,1314445225,-693585665,KRX MDCSTAT02401_OUT
weekly,KOSDAQ150,foreign,078600,대주전자재료,134560,125046,-9514,11616083250,10794257650,-821825600,KRX MDCSTAT02401_OUT
weekly,KOSDAQ150,foreign,007390,네이처셀,248849,214657,-34192,6187440800,5348487175,-838953625,KRX MDCSTAT02401_OUT
weekly,KOSDAQ150,foreign,082920,비츠로셀,1505594,1475779,-29815,43631795500,42784823750,-846971750,KRX MDCSTAT02401_OUT
weekly,KOSDAQ150,foreign,376300,디어유,112359,59520,-52839,1964200420,1052899585,-911300835,KRX MDCSTAT02401_OUT
weekly,KOSDAQ150,foreign,018290,브이티,267270,185205,-82065,3127194865,2161746810,-965448055,KRX MDCSTAT02401_OUT
weekly,KOSDAQ150,foreign,006730,서부T&D,500279,412955,-87324,5686887910,4712522200,-974365710,KRX MDCSTAT02401_OUT
weekly,KOSDAQ150,foreign,048410,현대바이오,1865349,1710122,-155227,12480595450,11463534815,-1017060635,KRX MDCSTAT02401_OUT
weekly,KOSDAQ150,foreign,060280,큐렉소,344693,218625,-126068,2797025640,1768157525,-1028868115,KRX MDCSTAT02401_OUT
weekly,KOSDAQ150,foreign,041190,우리기술투자,2133908,1951567,-182341,11604245970,10471748575,-1132497395,KRX MDCSTAT02401_OUT
weekly,KOSDAQ150,foreign,237690,에스티팜,140682,129071,-11611,12848998550,11671856650,-1177141900,KRX MDCSTAT02401_OUT
weekly,KOSDAQ150,foreign,030520,한컴,340211,273330,-66881,5963216080,4768836415,-1194379665,KRX MDCSTAT02401_OUT
weekly,KOSDAQ150,foreign,195940,HK이노엔,238965,207702,-31263,9416865175,8152753200,-1264111975,KRX MDCSTAT02401_OUT
weekly,KOSDAQ150,foreign,052400,코나아이,219378,186366,-33012,8462940750,7092301000,-1370639750,KRX MDCSTAT02401_OUT
weekly,KOSDAQ150,foreign,085660,차바이오텍,614029,433446,-180583,4828992220,3416279340,-1412712880,KRX MDCSTAT02401_OUT
weekly,KOSDAQ150,foreign,099320,쎄트렉아이,124109,106497,-17612,9350710450,7926358450,-1424352000,KRX MDCSTAT02401_OUT
weekly,KOSDAQ150,foreign,166090,하나머티리얼즈,170431,139564,-30867,9089429650,7402076050,-1687353600,KRX MDCSTAT02401_OUT
weekly,KOSDAQ150,foreign,056190,SFA,452066,386532,-65534,12493235425,10663722775,-1829512650,KRX MDCSTAT02401_OUT
weekly,KOSDAQ150,foreign,101490,에스앤에스텍,279268,227512,-51756,11283162300,9219129350,-2064032950,KRX MDCSTAT02401_OUT
weekly,KOSDAQ150,foreign,032500,케이엠더블유,904730,777304,-127426,15998475530,13867948270,-2130527260,KRX MDCSTAT02401_OUT
weekly,KOSDAQ150,foreign,000250,삼천당제약,97933,84296,-13637,15547367450,13397211900,-2150155550,KRX MDCSTAT02401_OUT
weekly,KOSDAQ150,foreign,014620,성광벤드,376402,314283,-62119,12457135600,10293756475,-2163379125,KRX MDCSTAT02401_OUT
weekly,KOSDAQ150,foreign,437730,삼현,647374,596540,-50834,30737071800,28568788525,-2168283275,KRX MDCSTAT02401_OUT
weekly,KOSDAQ150,foreign,100790,미래에셋벤처투자,1216734,1086519,-130215,20735954595,18564043940,-2171910655,KRX MDCSTAT02401_OUT
weekly,KOSDAQ150,foreign,068760,셀트리온제약,454436,397515,-56921,17723685450,15514856900,-2208828550,KRX MDCSTAT02401_OUT
weekly,KOSDAQ150,foreign,222800,심텍,609205,589231,-19974,77473865650,74937997100,-2535868550,KRX MDCSTAT02401_OUT
weekly,KOSDAQ150,foreign,399720,가온칩스,161073,100106,-60967,6731944200,4143578125,-2588366075,KRX MDCSTAT02401_OUT
weekly,KOSDAQ150,foreign,137400,피엔티,246349,154942,-91407,7134899475,4489619925,-2645279550,KRX MDCSTAT02401_OUT
weekly,KOSDAQ150,foreign,225570,넥슨게임즈,355570,123297,-232273,4081850580,1416797560,-2665053020,KRX MDCSTAT02401_OUT
weekly,KOSDAQ150,foreign,445680,큐리옥스바이오시스템즈,179591,122878,-56713,8498977425,5808700575,-2690276850,KRX MDCSTAT02401_OUT
weekly,KOSDAQ150,foreign,003380,하림지주,705843,452707,-253136,7879771165,5055480730,-2824290435,KRX MDCSTAT02401_OUT
weekly,KOSDAQ150,foreign,095340,ISC,270125,254547,-15578,50116341250,47097085900,-3019255350,KRX MDCSTAT02401_OUT
weekly,KOSDAQ150,foreign,466100,클로봇,482502,348275,-134227,11111515900,8089175925,-3022339975,KRX MDCSTAT02401_OUT
weekly,KOSDAQ150,foreign,043260,성호전자,7665308,7627098,-38210,172676378170,169465801620,-3210576550,KRX MDCSTAT02401_OUT
weekly,KOSDAQ150,foreign,064760,티씨케이,108883,96792,-12091,28814708000,25534621000,-3280087000,KRX MDCSTAT02401_OUT
weekly,KOSDAQ150,foreign,204270,제이앤티씨,887424,740252,-147172,19975926600,16605980825,-3369945775,KRX MDCSTAT02401_OUT
weekly,KOSDAQ150,foreign,189300,인텔리안테크,202370,149807,-52563,13452436600,9915820200,-3536616400,KRX MDCSTAT02401_OUT
weekly,KOSDAQ150,foreign,214150,클래시스,484807,370441,-114366,15267557275,11650071425,-3617485850,KRX MDCSTAT02401_OUT
weekly,KOSDAQ150,foreign,328130,루닛,1244444,792000,-452444,10840798070,6869215945,-3971582125,KRX MDCSTAT02401_OUT
weekly,KOSDAQ150,foreign,112040,위메이드,741393,449403,-291990,11786822735,7090988595,-4695834140,KRX MDCSTAT02401_OUT
weekly,KOSDAQ150,foreign,247540,에코프로비엠,698685,648435,-50250,72975491800,67861975850,-5113515950,KRX MDCSTAT02401_OUT
weekly,KOSDAQ150,foreign,032820,우리기술,5802873,5382400,-420473,77966225740,72717814040,-5248411700,KRX MDCSTAT02401_OUT
weekly,KOSDAQ150,foreign,161580,필옵틱스,386122,217829,-168293,12228798700,6835044075,-5393754625,KRX MDCSTAT02401_OUT
weekly,KOSDAQ150,foreign,035900,JYP Ent.,349948,209272,-140676,13622636225,8156808725,-5465827500,KRX MDCSTAT02401_OUT
weekly,KOSDAQ150,foreign,131970,두산테스나,568150,477859,-90291,45422780750,38342900000,-7079880750,KRX MDCSTAT02401_OUT
weekly,KOSDAQ150,foreign,122870,와이지엔터테인먼트,286342,121091,-165251,12680196625,5355707475,-7324489150,KRX MDCSTAT02401_OUT
weekly,KOSDAQ150,foreign,098460,고영,1615228,1343339,-271889,44813365500,37406013425,-7407352075,KRX MDCSTAT02401_OUT
weekly,KOSDAQ150,foreign,295310,에이치브이엠,409627,268967,-140660,23364487050,15256959300,-8107527750,KRX MDCSTAT02401_OUT
weekly,KOSDAQ150,foreign,058470,리노공업,1021030,866746,-154284,67753205300,57689002400,-10064202900,KRX MDCSTAT02401_OUT
weekly,KOSDAQ150,foreign,178320,서진시스템,1376571,1067324,-309247,48005216150,37172769775,-10832446375,KRX MDCSTAT02401_OUT
weekly,KOSDAQ150,foreign,251970,펌텍코리아,305675,124213,-181462,18396577650,7378446100,-11018131550,KRX MDCSTAT02401_OUT
weekly,KOSDAQ150,foreign,050890,쏠리드,4585136,3321143,-1263993,42614085655,31194919990,-11419165665,KRX MDCSTAT02401_OUT
weekly,KOSDAQ150,foreign,083650,비에이치아이,660814,471769,-189045,42679457900,30455663150,-12223794750,KRX MDCSTAT02401_OUT
weekly,KOSDAQ150,foreign,310210,보로노이,211183,121664,-89519,29481991200,17099833250,-12382157950,KRX MDCSTAT02401_OUT
weekly,KOSDAQ150,foreign,108490,로보티즈,479559,440142,-39417,154574683500,141864701750,-12709981750,KRX MDCSTAT02401_OUT
weekly,KOSDAQ150,foreign,041510,에스엠,396591,222182,-174409,33741987100,18714846100,-15027141000,KRX MDCSTAT02401_OUT
weekly,KOSDAQ150,foreign,145020,휴젤,181805,113751,-68054,40523228250,25398589250,-15124639000,KRX MDCSTAT02401_OUT
weekly,KOSDAQ150,foreign,417200,LS머트리얼즈,4359409,3192700,-1166709,56189207130,41038814855,-15150392275,KRX MDCSTAT02401_OUT
weekly,KOSDAQ150,foreign,218410,RFHIC,1286027,989364,-296663,70391260575,54434723850,-15956536725,KRX MDCSTAT02401_OUT
weekly,KOSDAQ150,foreign,028300,HLB,1785438,1246716,-538722,55053868825,38614088475,-16439780350,KRX MDCSTAT02401_OUT
weekly,KOSDAQ150,foreign,131290,티에스이,136988,65541,-71447,33503261750,15935813250,-17567448500,KRX MDCSTAT02401_OUT
weekly,KOSDAQ150,foreign,226950,올릭스,613884,364848,-249036,65568285500,39353192550,-26215092950,KRX MDCSTAT02401_OUT
weekly,KOSDAQ150,foreign,086520,에코프로,938612,615111,-323501,77011377750,50606007450,-26405370300,KRX MDCSTAT02401_OUT
weekly,KOSDAQ150,foreign,241710,코스메카코리아,352518,150625,-201893,46510777450,19826091450,-26684686000,KRX MDCSTAT02401_OUT
weekly,KOSDAQ150,foreign,257720,실리콘투,1966122,975731,-990391,86204466375,42074164600,-44130301775,KRX MDCSTAT02401_OUT
weekly,KOSDAQ150,foreign,036930,주성엔지니어링,1681073,1311947,-369126,338437206750,264359516100,-74077690650,KRX MDCSTAT02401_OUT
weekly,KOSDAQ150,institution,226950,올릭스,218327,534173,315846,23497952600,57880245300,34382292700,KRX MDCSTAT02401_OUT
weekly,KOSDAQ150,institution,257720,실리콘투,485568,1202492,716924,20886289100,53511433675,32625144575,KRX MDCSTAT02401_OUT
weekly,KOSDAQ150,institution,241710,코스메카코리아,76485,277659,201174,10127190900,36728882800,26601691900,KRX MDCSTAT02401_OUT
weekly,KOSDAQ150,institution,218410,RFHIC,444794,755069,310275,24719649825,42051010425,17331360600,KRX MDCSTAT02401_OUT
weekly,KOSDAQ150,institution,251970,펌텍코리아,113626,355065,241439,6804952150,21502572850,14697620700,KRX MDCSTAT02401_OUT
weekly,KOSDAQ150,institution,058470,리노공업,484759,678843,194084,32217498200,45274562250,13057064050,KRX MDCSTAT02401_OUT
weekly,KOSDAQ150,institution,089970,브이엠,391105,633684,242579,19895392250,32515539500,12620147250,KRX MDCSTAT02401_OUT
weekly,KOSDAQ150,institution,420770,기가비스,184700,291648,106948,18430668200,29922900200,11492232000,KRX MDCSTAT02401_OUT
weekly,KOSDAQ150,institution,183300,코미코,230281,517018,286737,6536515900,15197557250,8661041350,KRX MDCSTAT02401_OUT
weekly,KOSDAQ150,institution,036540,SFA반도체,6053890,7096458,1042568,50851019735,59500623060,8649603325,KRX MDCSTAT02401_OUT
weekly,KOSDAQ150,institution,277810,레인보우로보틱스,55965,74252,18287,24050061250,31964063500,7914002250,KRX MDCSTAT02401_OUT
weekly,KOSDAQ150,institution,403870,HPSP,708795,856090,147295,37433981600,45327180400,7893198800,KRX MDCSTAT02401_OUT
weekly,KOSDAQ150,institution,295310,에이치브이엠,98631,220661,122030,5767796950,12912874100,7145077150,KRX MDCSTAT02401_OUT
weekly,KOSDAQ150,institution,043260,성호전자,3751133,4034411,283278,85260694600,92390623950,7129929350,KRX MDCSTAT02401_OUT
weekly,KOSDAQ150,institution,041510,에스엠,105163,174468,69305,8941777450,15188274550,6246497100,KRX MDCSTAT02401_OUT
weekly,KOSDAQ150,institution,166090,하나머티리얼즈,106892,213372,106480,5661980150,11462133750,5800153600,KRX MDCSTAT02401_OUT
weekly,KOSDAQ150,institution,417200,LS머트리얼즈,500915,943738,442823,6458146275,12215246105,5757099830,KRX MDCSTAT02401_OUT
weekly,KOSDAQ150,institution,053800,안랩,28656,113986,85330,1882228000,7246377200,5364149200,KRX MDCSTAT02401_OUT
weekly,KOSDAQ150,institution,056190,SFA,132598,310670,178072,3644055500,8662713275,5018657775,KRX MDCSTAT02401_OUT
weekly,KOSDAQ150,institution,121600,나노신소재,70352,158877,88525,3521944575,8154483600,4632539025,KRX MDCSTAT02401_OUT
weekly,KOSDAQ150,institution,437730,삼현,180564,285612,105048,8582521925,13148603800,4566081875,KRX MDCSTAT02401_OUT
weekly,KOSDAQ150,institution,082920,비츠로셀,199206,356564,157358,5607877575,10067085800,4459208225,KRX MDCSTAT02401_OUT
weekly,KOSDAQ150,institution,086520,에코프로,765715,812271,46556,62792866000,67146722800,4353856800,KRX MDCSTAT02401_OUT
weekly,KOSDAQ150,institution,067310,하나마이크론,439235,526285,87050,15543419575,19398858100,3855438525,KRX MDCSTAT02401_OUT
weekly,KOSDAQ150,institution,096530,씨젠,147733,260301,112568,4803264925,8511610300,3708345375,KRX MDCSTAT02401_OUT
weekly,KOSDAQ150,institution,178320,서진시스템,220006,321795,101789,7686697125,11390281850,3703584725,KRX MDCSTAT02401_OUT
weekly,KOSDAQ150,institution,035900,JYP Ent.,79789,166114,86325,3110948450,6486385650,3375437200,KRX MDCSTAT02401_OUT
weekly,KOSDAQ150,institution,225570,넥슨게임즈,53232,313368,260136,611316415,3603801115,2992484700,KRX MDCSTAT02401_OUT
weekly,KOSDAQ150,institution,039200,오스코텍,93345,174647,81302,3328090925,6274559975,2946469050,KRX MDCSTAT02401_OUT
weekly,KOSDAQ150,institution,131970,두산테스나,267670,291439,23769,20944440850,23697972550,2753531700,KRX MDCSTAT02401_OUT
weekly,KOSDAQ150,institution,064760,티씨케이,71062,81136,10074,18721905250,21472541000,2750635750,KRX MDCSTAT02401_OUT
weekly,KOSDAQ150,institution,014620,성광벤드,115452,186548,71096,3804359675,6286789475,2482429800,KRX MDCSTAT02401_OUT
weekly,KOSDAQ150,institution,214150,클래시스,90430,162913,72483,2858733975,5177721225,2318987250,KRX MDCSTAT02401_OUT
weekly,KOSDAQ150,institution,003380,하림지주,317420,523564,206144,3552782390,5860865150,2308082760,KRX MDCSTAT02401_OUT
weekly,KOSDAQ150,institution,263750,펄어비스,131914,191290,59376,4592579000,6721167675,2128588675,KRX MDCSTAT02401_OUT
weekly,KOSDAQ150,institution,030530,원익홀딩스,107892,189896,82004,2672267975,4759092100,2086824125,KRX MDCSTAT02401_OUT
weekly,KOSDAQ150,institution,056080,유진로봇,180152,361794,181642,2142707885,4220920010,2078212125,KRX MDCSTAT02401_OUT
weekly,KOSDAQ150,institution,032820,우리기술,681597,832413,150816,9074552910,11106182800,2031629890,KRX MDCSTAT02401_OUT
weekly,KOSDAQ150,institution,098460,고영,295390,367406,72016,8151645800,10158711725,2007065925,KRX MDCSTAT02401_OUT
weekly,KOSDAQ150,institution,310210,보로노이,112310,125831,13521,15758458100,17735832350,1977374250,KRX MDCSTAT02401_OUT
weekly,KOSDAQ150,institution,000250,삼천당제약,65534,76588,11054,10377718050,12167735050,1790017000,KRX MDCSTAT02401_OUT
weekly,KOSDAQ150,institution,078600,대주전자재료,47467,60299,12832,4082828350,5219327450,1136499100,KRX MDCSTAT02401_OUT
weekly,KOSDAQ150,institution,189300,인텔리안테크,40057,57137,17080,2657665450,3787691550,1130026100,KRX MDCSTAT02401_OUT
weekly,KOSDAQ150,institution,240810,원익IPS,610005,611180,1175,69059263400,70124346250,1065082850,KRX MDCSTAT02401_OUT
weekly,KOSDAQ150,institution,328130,루닛,108737,221941,113204,933512140,1900354880,966842740,KRX MDCSTAT02401_OUT
weekly,KOSDAQ150,institution,171090,선익시스템,24165,37400,13235,1666447950,2629160800,962712850,KRX MDCSTAT02401_OUT
weekly,KOSDAQ150,institution,137400,피엔티,70849,102402,31553,2057358675,2992659025,935300350,KRX MDCSTAT02401_OUT
weekly,KOSDAQ150,institution,358570,지아이이노베이션,220427,307039,86612,1899011395,2788569170,889557775,KRX MDCSTAT02401_OUT
weekly,KOSDAQ150,institution,032500,케이엠더블유,62520,111395,48875,1083435600,1959747345,876311745,KRX MDCSTAT02401_OUT
weekly,KOSDAQ150,institution,006730,서부T&D,238209,312655,74446,2715792700,3583747340,867954640,KRX MDCSTAT02401_OUT
weekly,KOSDAQ150,institution,215200,메가스터디교육,21576,46116,24540,745335350,1601749100,856413750,KRX MDCSTAT02401_OUT
weekly,KOSDAQ150,institution,050890,쏠리드,78243,170922,92679,715238690,1571364920,856126230,KRX MDCSTAT02401_OUT
weekly,KOSDAQ150,institution,211050,인카금융서비스,54108,132420,78312,567908400,1404951460,837043060,KRX MDCSTAT02401_OUT
weekly,KOSDAQ150,institution,399720,가온칩스,11275,31054,19779,461305925,1261009075,799703150,KRX MDCSTAT02401_OUT
weekly,KOSDAQ150,institution,319400,현대무벡스,296056,348963,52907,6504566000,7300342350,795776350,KRX MDCSTAT02401_OUT
weekly,KOSDAQ150,institution,140860,파크시스템스,12408,15243,2835,3138158750,3887600750,749442000,KRX MDCSTAT02401_OUT
weekly,KOSDAQ150,institution,035760,CJ ENM,121112,137750,16638,4530492750,5208526750,678034000,KRX MDCSTAT02401_OUT
weekly,KOSDAQ150,institution,445680,큐리옥스바이오시스템즈,17317,31006,13689,821119850,1495608500,674488650,KRX MDCSTAT02401_OUT
weekly,KOSDAQ150,institution,122870,와이지엔터테인먼트,140792,154589,13797,6233824150,6888417200,654593050,KRX MDCSTAT02401_OUT
weekly,KOSDAQ150,institution,352480,씨앤씨인터내셔널,6549,30260,23711,142318020,667126700,524808680,KRX MDCSTAT02401_OUT
weekly,KOSDAQ150,institution,007390,네이처셀,110629,131368,20739,2759543100,3277260425,517717325,KRX MDCSTAT02401_OUT
weekly,KOSDAQ150,institution,293490,카카오게임즈,188576,235237,46661,1771523830,2269016425,497492595,KRX MDCSTAT02401_OUT
weekly,KOSDAQ150,institution,112040,위메이드,291303,322981,31678,4668150015,5163739670,495589655,KRX MDCSTAT02401_OUT
weekly,KOSDAQ150,institution,005290,동진쎄미켐,169000,179061,10061,6763353250,7229283325,465930075,KRX MDCSTAT02401_OUT
weekly,KOSDAQ150,institution,125490,한라캐스트,45910,86730,40820,525096430,989596465,464500035,KRX MDCSTAT02401_OUT
weekly,KOSDAQ150,institution,039030,이오테크닉스,163107,162688,-419,73224235250,73676573250,452338000,KRX MDCSTAT02401_OUT
weekly,KOSDAQ150,institution,036810,에프에스티,13498,27462,13964,350231700,729137500,378905800,KRX MDCSTAT02401_OUT
weekly,KOSDAQ150,institution,085660,차바이오텍,133199,179294,46095,1043071290,1418140335,375069045,KRX MDCSTAT02401_OUT
weekly,KOSDAQ150,institution,090710,휴림로봇,128626,183515,54889,782895350,1142973840,360078490,KRX MDCSTAT02401_OUT
weekly,KOSDAQ150,institution,095660,네오위즈,35586,54284,18698,639119630,982577690,343458060,KRX MDCSTAT02401_OUT
weekly,KOSDAQ150,institution,068760,셀트리온제약,64314,71533,7219,2515733550,2804701675,288968125,KRX MDCSTAT02401_OUT
weekly,KOSDAQ150,institution,038500,삼표시멘트,95061,136817,41756,650743455,937589330,286845875,KRX MDCSTAT02401_OUT
weekly,KOSDAQ150,institution,388720,유일로보틱스,11827,15252,3425,806696300,1056529850,249833550,KRX MDCSTAT02401_OUT
weekly,KOSDAQ150,institution,348210,넥스틴,42585,50400,7815,1310433425,1552323500,241890075,KRX MDCSTAT02401_OUT
weekly,KOSDAQ150,institution,048410,현대바이오,461172,497128,35956,3084307300,3317905475,233598175,KRX MDCSTAT02401_OUT
weekly,KOSDAQ150,institution,036620,감성코퍼레이션,161541,215700,54159,609240427,822361419,213120992,KRX MDCSTAT02401_OUT
weekly,KOSDAQ150,institution,060370,LS마린솔루션,86227,92523,6296,2886260075,3059107225,172847150,KRX MDCSTAT02401_OUT
weekly,KOSDAQ150,institution,161580,필옵틱스,24433,29643,5210,760845700,930868675,170022975,KRX MDCSTAT02401_OUT
weekly,KOSDAQ150,institution,082270,젬백스,45773,60993,15220,469566665,630480520,160913855,KRX MDCSTAT02401_OUT
weekly,KOSDAQ150,institution,272290,이녹스첨단소재,40536,47829,7293,822109685,972404785,150295100,KRX MDCSTAT02401_OUT
weekly,KOSDAQ150,institution,030520,한컴,226551,234422,7871,3944286420,4088745395,144458975,KRX MDCSTAT02401_OUT
weekly,KOSDAQ150,institution,466100,클로봇,36590,42479,5889,839945375,981355025,141409650,KRX MDCSTAT02401_OUT
weekly,KOSDAQ150,institution,025980,아난티,65690,91804,26114,337840500,471939575,134099075,KRX MDCSTAT02401_OUT
weekly,KOSDAQ150,institution,041190,우리기술투자,113314,133104,19790,600503645,722818375,122314730,KRX MDCSTAT02401_OUT
weekly,KOSDAQ150,institution,475830,오름테라퓨틱,64951,63682,-1269,3180417550,3277612350,97194800,KRX MDCSTAT02401_OUT
weekly,KOSDAQ150,institution,033500,동성화인텍,18352,22971,4619,302124780,379816120,77691340,KRX MDCSTAT02401_OUT
weekly,KOSDAQ150,institution,060280,큐렉소,26620,35428,8808,209113420,283205865,74092445,KRX MDCSTAT02401_OUT
weekly,KOSDAQ150,institution,036830,솔브레인홀딩스,39253,40833,1580,1620913200,1688183300,67270100,KRX MDCSTAT02401_OUT
weekly,KOSDAQ150,institution,100790,미래에셋벤처투자,31929,34534,2605,527377920,581337435,53959515,KRX MDCSTAT02401_OUT
weekly,KOSDAQ150,institution,065350,신성델타테크,23691,25192,1501,724428800,777912125,53483325,KRX MDCSTAT02401_OUT
weekly,KOSDAQ150,institution,101730,위메이드맥스,36422,45474,9052,177065320,225732621,48667301,KRX MDCSTAT02401_OUT
weekly,KOSDAQ150,institution,376300,디어유,18680,20327,1647,326958385,361775925,34817540,KRX MDCSTAT02401_OUT
weekly,KOSDAQ150,institution,015750,성우하이텍,72923,76696,3773,436476900,460246910,23770010,KRX MDCSTAT02401_OUT
weekly,KOSDAQ150,institution,214370,케어젠,33169,33327,158,1356744100,1364576200,7832100,KRX MDCSTAT02401_OUT
weekly,KOSDAQ150,institution,018290,브이티,45108,45351,243,524983740,530111510,5127770,KRX MDCSTAT02401_OUT
weekly,KOSDAQ150,institution,069080,웹젠,100326,100359,33,1124900460,1128625310,3724850,KRX MDCSTAT02401_OUT
weekly,KOSDAQ150,institution,145020,휴젤,62576,60578,-1998,14022282500,14023488250,1205750,KRX MDCSTAT02401_OUT
weekly,KOSDAQ150,institution,032190,다우데이타,30151,29922,-229,605602010,603321430,-2280580,KRX MDCSTAT02401_OUT
weekly,KOSDAQ150,institution,290650,엘앤씨바이오,53706,52425,-1281,2464621650,2446669250,-17952400,KRX MDCSTAT02401_OUT
weekly,KOSDAQ150,institution,025900,동화기업,30745,27819,-2926,214773150,195378040,-19395110,KRX MDCSTAT02401_OUT
weekly,KOSDAQ150,institution,042000,카페24,21052,19195,-1857,326235680,301541680,-24694000,KRX MDCSTAT02401_OUT
weekly,KOSDAQ150,institution,074600,원익QnC,257333,255140,-2193,6858382625,6823732300,-34650325,KRX MDCSTAT02401_OUT
weekly,KOSDAQ150,institution,009520,포스코엠텍,78361,74606,-3755,994293400,949184295,-45109105,KRX MDCSTAT02401_OUT
weekly,KOSDAQ150,institution,099320,쎄트렉아이,16026,14513,-1513,1171550150,1084005600,-87544550,KRX MDCSTAT02401_OUT
weekly,KOSDAQ150,institution,253590,네오셈,55672,47666,-8006,642388040,554462010,-87926030,KRX MDCSTAT02401_OUT
weekly,KOSDAQ150,institution,253450,스튜디오드래곤,56840,47832,-9008,1205963475,1026236775,-179726700,KRX MDCSTAT02401_OUT
weekly,KOSDAQ150,institution,025320,시노펙스,130303,78912,-51391,495282166,302664242,-192617924,KRX MDCSTAT02401_OUT
weekly,KOSDAQ150,institution,214430,아이쓰리시스템,12054,8383,-3671,720433050,502149950,-218283100,KRX MDCSTAT02401_OUT
weekly,KOSDAQ150,institution,278280,천보,20528,13854,-6674,764891475,520157675,-244733800,KRX MDCSTAT02401_OUT
weekly,KOSDAQ150,institution,232140,와이씨,122195,99477,-22718,1414567220,1164200420,-250366800,KRX MDCSTAT02401_OUT
weekly,KOSDAQ150,institution,067160,SOOP,23834,16491,-7343,882148075,612198050,-269950025,KRX MDCSTAT02401_OUT
weekly,KOSDAQ150,institution,323280,태성,37442,30739,-6703,1684121925,1391813350,-292308575,KRX MDCSTAT02401_OUT
weekly,KOSDAQ150,institution,204270,제이앤티씨,35479,20980,-14499,777739950,467147950,-310592000,KRX MDCSTAT02401_OUT
weekly,KOSDAQ150,institution,0009K0,에임드바이오,70200,55464,-14736,1560771275,1244567125,-316204150,KRX MDCSTAT02401_OUT
weekly,KOSDAQ150,institution,052400,코나아이,44500,29501,-14999,1661241750,1112264475,-548977275,KRX MDCSTAT02401_OUT
weekly,KOSDAQ150,institution,033100,제룡전기,33710,22159,-11551,1572411525,1022471725,-549939800,KRX MDCSTAT02401_OUT
weekly,KOSDAQ150,institution,194480,데브시스터즈,111424,70956,-40468,1623154560,1043345380,-579809180,KRX MDCSTAT02401_OUT
weekly,KOSDAQ150,institution,101490,에스앤에스텍,49291,34359,-14932,1987767950,1380847500,-606920450,KRX MDCSTAT02401_OUT
weekly,KOSDAQ150,institution,078340,컴투스,73574,53222,-20352,2515761050,1817848250,-697912800,KRX MDCSTAT02401_OUT
weekly,KOSDAQ150,institution,090360,로보스타,31216,20529,-10687,2448898500,1613480600,-835417900,KRX MDCSTAT02401_OUT
weekly,KOSDAQ150,institution,058610,에스피지,137915,121604,-16311,13447205700,12355066500,-1092139200,KRX MDCSTAT02401_OUT
weekly,KOSDAQ150,institution,060250,NHN KCP,202564,112619,-89945,2653030255,1488626235,-1164404020,KRX MDCSTAT02401_OUT
weekly,KOSDAQ150,institution,237690,에스티팜,96166,81518,-14648,8621731350,7372215300,-1249516050,KRX MDCSTAT02401_OUT
weekly,KOSDAQ150,institution,095340,ISC,140032,130689,-9343,25780746050,24235141900,-1545604150,KRX MDCSTAT02401_OUT
weekly,KOSDAQ150,institution,028300,HLB,293005,237821,-55184,9067449000,7457609025,-1609839975,KRX MDCSTAT02401_OUT
weekly,KOSDAQ150,institution,281740,레이크머티리얼즈,294235,119773,-174462,3106793085,1281788900,-1825004185,KRX MDCSTAT02401_OUT
weekly,KOSDAQ150,institution,195940,HK이노엔,180448,118897,-61551,7052429325,4702815650,-2349613675,KRX MDCSTAT02401_OUT
weekly,KOSDAQ150,institution,348370,엔켐,179059,61032,-118027,3633411790,1243190900,-2390220890,KRX MDCSTAT02401_OUT
weekly,KOSDAQ150,institution,213420,덕산네오룩스,171025,84452,-86573,5183038100,2602737025,-2580301075,KRX MDCSTAT02401_OUT
weekly,KOSDAQ150,institution,089030,테크윙,291808,232695,-59113,13135693425,10463207800,-2672485625,KRX MDCSTAT02401_OUT
weekly,KOSDAQ150,institution,347850,디앤디파마텍,197871,137272,-60599,9078110000,6337858875,-2740251125,KRX MDCSTAT02401_OUT
weekly,KOSDAQ150,institution,124500,아이티센글로벌,173001,76609,-96392,5199205700,2367988300,-2831217400,KRX MDCSTAT02401_OUT
weekly,KOSDAQ150,institution,084370,유진테크,147760,124718,-23042,19677740950,16672930050,-3004810900,KRX MDCSTAT02401_OUT
weekly,KOSDAQ150,institution,087010,펩트론,104571,80728,-23843,15231204200,11901362300,-3329841900,KRX MDCSTAT02401_OUT
weekly,KOSDAQ150,institution,131290,티에스이,80094,64009,-16085,19467251500,15636033000,-3831218500,KRX MDCSTAT02401_OUT
weekly,KOSDAQ150,institution,083650,비에이치아이,269833,172936,-96897,17362881800,11224119600,-6138762200,KRX MDCSTAT02401_OUT
weekly,KOSDAQ150,institution,080220,제주반도체,306424,195723,-110701,21739778200,13944445000,-7795333200,KRX MDCSTAT02401_OUT
weekly,KOSDAQ150,institution,108490,로보티즈,260415,226879,-33536,82317798750,73302100750,-9015698000,KRX MDCSTAT02401_OUT
weekly,KOSDAQ150,institution,095610,테스,182801,98753,-84048,24469844500,13293936950,-11175907550,KRX MDCSTAT02401_OUT
weekly,KOSDAQ150,institution,031980,피에스케이홀딩스,273222,177290,-95932,44687540750,29353858100,-15333682650,KRX MDCSTAT02401_OUT
weekly,KOSDAQ150,institution,141080,리가켐바이오,343425,153374,-190051,28258775250,12767035850,-15491739400,KRX MDCSTAT02401_OUT
weekly,KOSDAQ150,institution,247540,에코프로비엠,404612,242142,-162470,42239605000,25425607400,-16813997600,KRX MDCSTAT02401_OUT
weekly,KOSDAQ150,institution,222800,심텍,443879,308118,-135761,56331243000,39264931800,-17066311200,KRX MDCSTAT02401_OUT
weekly,KOSDAQ150,institution,036930,주성엔지니어링,603818,482542,-121276,121603392750,97270023450,-24333369300,KRX MDCSTAT02401_OUT
weekly,KOSDAQ150,institution,298380,에이비엘바이오,690144,235210,-454934,39939824200,14233529550,-25706294650,KRX MDCSTAT02401_OUT
weekly,KOSDAQ150,institution,214450,파마리서치,169588,84485,-85103,56127254750,28343548000,-27783706750,KRX MDCSTAT02401_OUT
weekly,KOSDAQ150,institution,196170,알테오젠,404990,264298,-140692,104364571250,68158433500,-36206137750,KRX MDCSTAT02401_OUT
recent2,KOSPI200,foreign,402340,SK스퀘어,430549,561410,130861,452496672000,590122144000,137625472000,KRX MDCSTAT02401_OUT
recent2,KOSPI200,foreign,000660,SK하이닉스,3469804,3497227,27423,6286192322540,6397411034540,111218712000,KRX MDCSTAT02401_OUT
recent2,KOSPI200,foreign,010120,LS ELECTRIC,367797,639747,271950,76337283950,133077666100,56740382150,KRX MDCSTAT02401_OUT
recent2,KOSPI200,foreign,079550,LIG디펜스앤에어로스페이스,69290,126618,57328,50050777000,91263317000,41212540000,KRX MDCSTAT02401_OUT
recent2,KOSPI200,foreign,298040,효성중공업,40887,53593,12706,118106270500,154862692500,36756422000,KRX MDCSTAT02401_OUT
recent2,KOSPI200,foreign,042700,한미반도체,361308,503089,141781,83405473500,116774424250,33368950750,KRX MDCSTAT02401_OUT
recent2,KOSPI200,foreign,001440,대한전선,1933185,2841760,908575,59394408425,87350048125,27955639700,KRX MDCSTAT02401_OUT
recent2,KOSPI200,foreign,011070,LG이노텍,139386,184786,45400,73298550500,97294131000,23995580500,KRX MDCSTAT02401_OUT
recent2,KOSPI200,foreign,062040,산일전기,157145,247029,89884,32421936750,51057587700,18635650950,KRX MDCSTAT02401_OUT
recent2,KOSPI200,foreign,004170,신세계,84654,126714,42060,30478992202,45601227452,15122235250,KRX MDCSTAT02401_OUT
recent2,KOSPI200,foreign,278470,에이피알,248401,284322,35921,89828801750,102890163500,13061361750,KRX MDCSTAT02401_OUT
recent2,KOSPI200,foreign,064400,LG씨엔에스,169067,294047,124980,11865210850,20655215300,8790004450,KRX MDCSTAT02401_OUT
recent2,KOSPI200,foreign,071970,HD현대마린엔진,121987,286670,164683,6296899150,14739177150,8442278000,KRX MDCSTAT02401_OUT
recent2,KOSPI200,foreign,033780,KT&G,296924,344469,47545,51215015900,59461244650,8246228750,KRX MDCSTAT02401_OUT
recent2,KOSPI200,foreign,018260,삼성에스디에스,160630,191405,30775,35203092250,41975558500,6772466250,KRX MDCSTAT02401_OUT
recent2,KOSPI200,foreign,078930,GS,369577,415905,46328,42100700750,47363622600,5262921850,KRX MDCSTAT02401_OUT
recent2,KOSPI200,foreign,011200,HMM,1199684,1409735,210051,25078831925,29568329650,4489497725,KRX MDCSTAT02401_OUT
recent2,KOSPI200,foreign,017670,SK텔레콤,1445272,1488806,43534,128716497100,132553146700,3836649600,KRX MDCSTAT02401_OUT
recent2,KOSPI200,foreign,047810,한국항공우주,934147,961782,27635,121298197450,124984997600,3686800150,KRX MDCSTAT02401_OUT
recent2,KOSPI200,foreign,086280,현대글로비스,172266,189801,17535,35203172000,38795430500,3592258500,KRX MDCSTAT02401_OUT
recent2,KOSPI200,foreign,064350,현대로템,435077,463755,28678,53508107850,57045892050,3537784200,KRX MDCSTAT02401_OUT
recent2,KOSPI200,foreign,192820,코스맥스,68747,79776,11029,19001275000,21903903500,2902628500,KRX MDCSTAT02401_OUT
recent2,KOSPI200,foreign,272210,한화시스템,756444,800329,43885,59165910400,61997362200,2831451800,KRX MDCSTAT02401_OUT
recent2,KOSPI200,foreign,103140,풍산,62591,94839,32248,4931452350,7487882950,2556430600,KRX MDCSTAT02401_OUT
recent2,KOSPI200,foreign,071050,한국금융지주,205405,217426,12021,37633478050,39959614400,2326136350,KRX MDCSTAT02401_OUT
recent2,KOSPI200,foreign,207940,삼성바이오로직스,36763,38198,1435,51371070500,53395292000,2024221500,KRX MDCSTAT02401_OUT
recent2,KOSPI200,foreign,280360,롯데웰푸드,17701,33034,15333,2270884200,4251319600,1980435400,KRX MDCSTAT02401_OUT
recent2,KOSPI200,foreign,307950,현대오토에버,14246,19326,5080,5240245750,7106216000,1865970250,KRX MDCSTAT02401_OUT
recent2,KOSPI200,foreign,010950,S-Oil,354959,366960,12001,53539536800,55331318050,1791781250,KRX MDCSTAT02401_OUT
recent2,KOSPI200,foreign,443060,HD현대마린솔루션,266862,273967,7105,65297801250,67046092000,1748290750,KRX MDCSTAT02401_OUT
recent2,KOSPI200,foreign,454910,두산로보틱스,85029,108741,23712,5891084950,7533522350,1642437400,KRX MDCSTAT02401_OUT
recent2,KOSPI200,foreign,010140,삼성중공업,3628893,3677357,48464,76582054575,77958921100,1376866525,KRX MDCSTAT02401_OUT
recent2,KOSPI200,foreign,002380,KCC,41896,44820,2924,19560568000,20930879250,1370311250,KRX MDCSTAT02401_OUT
recent2,KOSPI200,foreign,093370,후성,2207247,2284450,77203,32730965280,33974404230,1243438950,KRX MDCSTAT02401_OUT
recent2,KOSPI200,foreign,204320,HL만도,203404,226266,22862,9815985975,10932492675,1116506700,KRX MDCSTAT02401_OUT
recent2,KOSPI200,foreign,001450,현대해상,796050,817382,21332,38926338375,40009947975,1083609600,KRX MDCSTAT02401_OUT
recent2,KOSPI200,foreign,192080,더블유게임즈,52648,70616,17968,3070576500,4116582250,1046005750,KRX MDCSTAT02401_OUT
recent2,KOSPI200,foreign,161890,한국콜마,192955,200467,7512,28452186150,29496452150,1044266000,KRX MDCSTAT02401_OUT
recent2,KOSPI200,foreign,161390,한국타이어앤테크놀로지,585251,598267,13016,35097994700,35895210750,797216050,KRX MDCSTAT02401_OUT
recent2,KOSPI200,foreign,298020,효성티앤씨,10591,12882,2291,3438509500,4173608750,735099250,KRX MDCSTAT02401_OUT
recent2,KOSPI200,foreign,004370,농심,85462,87096,1634,33471283750,34125881750,654598000,KRX MDCSTAT02401_OUT
recent2,KOSPI200,foreign,039490,키움증권,70694,72875,2181,18655096250,19237435250,582339000,KRX MDCSTAT02401_OUT
recent2,KOSPI200,foreign,003030,세아제강지주,9199,13955,4756,981525400,1483350600,501825200,KRX MDCSTAT02401_OUT
recent2,KOSPI200,foreign,073240,금호타이어,797557,861634,64077,5650846525,6133986430,483139905,KRX MDCSTAT02401_OUT
recent2,KOSPI200,foreign,007070,GS리테일,712821,727973,15152,16683165625,17062316775,379151150,KRX MDCSTAT02401_OUT
recent2,KOSPI200,foreign,008730,율촌화학,253213,253663,450,3813619025,3819758130,6139105,KRX MDCSTAT02401_OUT
recent2,KOSPI200,foreign,268280,미원에스씨,755,471,-284,99878600,62037900,-37840700,KRX MDCSTAT02401_OUT
recent2,KOSPI200,foreign,002840,미원상사,1374,1066,-308,184241000,142460400,-41780600,KRX MDCSTAT02401_OUT
recent2,KOSPI200,foreign,282330,BGF리테일,185106,184697,-409,25673676200,25624082050,-49594150,KRX MDCSTAT02401_OUT
recent2,KOSPI200,foreign,007700,F&F홀딩스,7682,2871,-4811,104865165,39137120,-65728045,KRX MDCSTAT02401_OUT
recent2,KOSPI200,foreign,026960,동서,45946,41282,-4664,1169331150,1051337450,-117993700,KRX MDCSTAT02401_OUT
recent2,KOSPI200,foreign,002030,아세아,1113,532,-581,241490000,114699000,-126791000,KRX MDCSTAT02401_OUT
recent2,KOSPI200,foreign,005420,코스모화학,56942,42706,-14236,589224855,443232540,-145992315,KRX MDCSTAT02401_OUT
recent2,KOSPI200,foreign,000880,한화,232070,230443,-1627,31250699150,31100304350,-150394800,KRX MDCSTAT02401_OUT
recent2,KOSPI200,foreign,006040,동원산업,32031,27441,-4590,1150082775,986361900,-163720875,KRX MDCSTAT02401_OUT
recent2,KOSPI200,foreign,017960,한국카본,120661,112254,-8407,2558093050,2386448950,-171644100,KRX MDCSTAT02401_OUT
recent2,KOSPI200,foreign,457190,이수스페셜티케미컬,52729,49835,-2894,3422221600,3237270000,-184951600,KRX MDCSTAT02401_OUT
recent2,KOSPI200,foreign,377300,카카오페이,336738,331832,-4906,13533385800,13344625900,-188759900,KRX MDCSTAT02401_OUT
recent2,KOSPI200,foreign,014820,동원시스템즈,19433,10307,-9126,413923200,218860450,-195062750,KRX MDCSTAT02401_OUT
recent2,KOSPI200,foreign,003240,태광산업,829,591,-238,749810500,533752000,-216058500,KRX MDCSTAT02401_OUT
recent2,KOSPI200,foreign,069620,대웅제약,15287,12884,-2403,1689341350,1425072200,-264269150,KRX MDCSTAT02401_OUT
recent2,KOSPI200,foreign,030200,KT,65935,60325,-5610,3514499950,3215912600,-298587350,KRX MDCSTAT02401_OUT
recent2,KOSPI200,foreign,071320,지역난방공사,8133,4097,-4036,606649800,306521100,-300128700,KRX MDCSTAT02401_OUT
recent2,KOSPI200,foreign,285130,SK케미칼,64392,58270,-6122,3324578100,2996079550,-328498550,KRX MDCSTAT02401_OUT
recent2,KOSPI200,foreign,096770,SK이노베이션,424532,422546,-1986,58466106500,58121442750,-344663750,KRX MDCSTAT02401_OUT
recent2,KOSPI200,foreign,005850,에스엘,64446,57238,-7208,3242270050,2879394500,-362875550,KRX MDCSTAT02401_OUT
recent2,KOSPI200,foreign,137310,에스디바이오센서,168949,107914,-61035,1019967385,653517415,-366449970,KRX MDCSTAT02401_OUT
recent2,KOSPI200,foreign,009240,한샘,26473,15126,-11347,1037719900,591564500,-446155400,KRX MDCSTAT02401_OUT
recent2,KOSPI200,foreign,009540,HD한국조선해양,237544,235922,-1622,81354770977,80876900477,-477870500,KRX MDCSTAT02401_OUT
recent2,KOSPI200,foreign,009420,한올바이오파마,146477,136312,-10165,7052150275,6562354075,-489796200,KRX MDCSTAT02401_OUT
recent2,KOSPI200,foreign,300720,한일시멘트,70779,38013,-32766,1150408100,616861410,-533546690,KRX MDCSTAT02401_OUT
recent2,KOSPI200,foreign,069260,TKG휴켐스,55653,22498,-33155,902912165,364551720,-538360445,KRX MDCSTAT02401_OUT
recent2,KOSPI200,foreign,016360,삼성증권,442120,434291,-7829,37849511050,37226864950,-622646100,KRX MDCSTAT02401_OUT
recent2,KOSPI200,foreign,361610,SK아이이테크놀로지,685503,644580,-40923,10819009670,10188365505,-630644165,KRX MDCSTAT02401_OUT
recent2,KOSPI200,foreign,009970,영원무역홀딩스,21302,17238,-4064,3552598700,2871173850,-681424850,KRX MDCSTAT02401_OUT
recent2,KOSPI200,foreign,003090,대웅,78630,34975,-43655,1242908950,552652495,-690256455,KRX MDCSTAT02401_OUT
recent2,KOSPI200,foreign,011780,금호석유화학,140201,134144,-6057,16862156400,16141484150,-720672250,KRX MDCSTAT02401_OUT
recent2,KOSPI200,foreign,001680,대상,101994,61569,-40425,1820598355,1097128460,-723469895,KRX MDCSTAT02401_OUT
recent2,KOSPI200,foreign,000670,영풍,112353,96965,-15388,5323665525,4594074200,-729591325,KRX MDCSTAT02401_OUT
recent2,KOSPI200,foreign,005300,롯데칠성,15867,7998,-7869,1499889200,756298200,-743591000,KRX MDCSTAT02401_OUT
recent2,KOSPI200,foreign,004000,롯데정밀화학,71488,52882,-18606,3191655200,2361149925,-830505275,KRX MDCSTAT02401_OUT
recent2,KOSPI200,foreign,007310,오뚜기,5875,3190,-2685,1856937000,1005982250,-850954750,KRX MDCSTAT02401_OUT
recent2,KOSPI200,foreign,000080,하이트진로,109497,50404,-59093,1633600430,751894715,-881705715,KRX MDCSTAT02401_OUT
recent2,KOSPI200,foreign,450080,에코프로머티,193781,166966,-26815,6784387800,5848055950,-936331850,KRX MDCSTAT02401_OUT
recent2,KOSPI200,foreign,018880,한온시스템,2479659,2171280,-308379,8397531471,7404202207,-993329264,KRX MDCSTAT02401_OUT
recent2,KOSPI200,foreign,000240,한국앤컴퍼니,89991,49321,-40670,2207042100,1209126400,-997915700,KRX MDCSTAT02401_OUT
recent2,KOSPI200,foreign,011210,현대위아,96411,75875,-20536,5261888700,4140384050,-1121504650,KRX MDCSTAT02401_OUT
recent2,KOSPI200,foreign,010060,OCI홀딩스,78920,73649,-5271,16184674300,15013234850,-1171439450,KRX MDCSTAT02401_OUT
recent2,KOSPI200,foreign,298050,HS효성첨단소재,14844,6863,-7981,2459989150,1138469100,-1321520050,KRX MDCSTAT02401_OUT
recent2,KOSPI200,foreign,112610,씨에스윈드,297406,271428,-25978,15396824700,14039470300,-1357354400,KRX MDCSTAT02401_OUT
recent2,KOSPI200,foreign,001800,오리온홀딩스,118426,61979,-56447,2872991900,1500416925,-1372574975,KRX MDCSTAT02401_OUT
recent2,KOSPI200,foreign,036570,NC,68388,62007,-6381,14229686250,12854107750,-1375578500,KRX MDCSTAT02401_OUT
recent2,KOSPI200,foreign,088350,한화생명,2883797,2615006,-268791,17238587160,15825150695,-1413436465,KRX MDCSTAT02401_OUT
recent2,KOSPI200,foreign,028670,팬오션,2542803,2294234,-248569,14838539275,13396410750,-1442128525,KRX MDCSTAT02401_OUT
recent2,KOSPI200,foreign,036460,한국가스공사,253562,211671,-41891,9030360950,7545265975,-1485094975,KRX MDCSTAT02401_OUT
recent2,KOSPI200,foreign,302440,SK바이오사이언스,86824,44974,-41850,3094806700,1603689925,-1491116775,KRX MDCSTAT02401_OUT
recent2,KOSPI200,foreign,012750,에스원,122137,104140,-17997,10162690050,8661992650,-1500697400,KRX MDCSTAT02401_OUT
recent2,KOSPI200,foreign,000120,CJ대한통운,201467,180022,-21445,14228189050,12710710550,-1517478500,KRX MDCSTAT02401_OUT
recent2,KOSPI200,foreign,139480,이마트,105072,83887,-21185,7722430600,6178592850,-1543837750,KRX MDCSTAT02401_OUT
recent2,KOSPI200,foreign,006650,대한유화,58790,41557,-17233,5763460400,4071698150,-1691762250,KRX MDCSTAT02401_OUT
recent2,KOSPI200,foreign,139130,iM금융지주,1234307,1131976,-102331,22387475710,20551188335,-1836287375,KRX MDCSTAT02401_OUT
recent2,KOSPI200,foreign,111770,영원무역,144783,119274,-25509,10423188300,8586838200,-1836350100,KRX MDCSTAT02401_OUT
recent2,KOSPI200,foreign,375500,DL이앤씨,302270,281242,-21028,26189483300,24322501300,-1866982000,KRX MDCSTAT02401_OUT
recent2,KOSPI200,foreign,002790,아모레퍼시픽홀딩스,626730,555162,-71568,16326439225,14456517825,-1869921400,KRX MDCSTAT02401_OUT
recent2,KOSPI200,foreign,185750,종근당,43203,13125,-30078,2784221150,847104900,-1937116250,KRX MDCSTAT02401_OUT
recent2,KOSPI200,foreign,007340,DN오토모티브,126543,85214,-41329,6197999150,4157721650,-2040277500,KRX MDCSTAT02401_OUT
recent2,KOSPI200,foreign,259960,크래프톤,138846,128387,-10459,28409093000,26277917250,-2131175750,KRX MDCSTAT02401_OUT
recent2,KOSPI200,foreign,034230,파라다이스,384540,162403,-222137,3724293990,1568970100,-2155323890,KRX MDCSTAT02401_OUT
recent2,KOSPI200,foreign,006280,녹십자,120609,102803,-17806,14735729800,12572593100,-2163136700,KRX MDCSTAT02401_OUT
recent2,KOSPI200,foreign,011790,SKC,77665,52737,-24928,6784847700,4611295800,-2173551900,KRX MDCSTAT02401_OUT
recent2,KOSPI200,foreign,081660,미스토홀딩스,791936,734054,-57882,30170947750,27950802300,-2220145450,KRX MDCSTAT02401_OUT
recent2,KOSPI200,foreign,005940,NH투자증권,651585,561290,-90295,16676010675,14364040875,-2311969800,KRX MDCSTAT02401_OUT
recent2,KOSPI200,foreign,022100,포스코DX,257763,142771,-114992,5406529800,2994202925,-2412326875,KRX MDCSTAT02401_OUT
recent2,KOSPI200,foreign,004990,롯데지주,625605,522871,-102734,15393189850,12854208650,-2538981200,KRX MDCSTAT02401_OUT
recent2,KOSPI200,foreign,010130,고려아연,25683,23390,-2293,28951567500,26355829500,-2595738000,KRX MDCSTAT02401_OUT
recent2,KOSPI200,foreign,003490,대한항공,2128213,2040122,-88091,62359178300,59753148125,-2606030175,KRX MDCSTAT02401_OUT
recent2,KOSPI200,foreign,017800,현대엘리베이터,120849,83689,-37160,8893899450,6153553450,-2740346000,KRX MDCSTAT02401_OUT
recent2,KOSPI200,foreign,180640,한진칼,86635,66516,-20119,12027470400,9223266500,-2804203900,KRX MDCSTAT02401_OUT
recent2,KOSPI200,foreign,003550,LG,402250,376400,-25850,45128128550,42224069100,-2904059450,KRX MDCSTAT02401_OUT
recent2,KOSPI200,foreign,001040,CJ,251048,228346,-22702,32434951150,29497683300,-2937267850,KRX MDCSTAT02401_OUT
recent2,KOSPI200,foreign,000210,DL,79958,22594,-57364,4367087650,1232458500,-3134629150,KRX MDCSTAT02401_OUT
recent2,KOSPI200,foreign,009830,한화솔루션,1259217,1140530,-118687,35925990600,32598022175,-3327968425,KRX MDCSTAT02401_OUT
recent2,KOSPI200,foreign,001430,세아베스틸지주,226107,151601,-74506,10261412425,6876909375,-3384503050,KRX MDCSTAT02401_OUT
recent2,KOSPI200,foreign,029780,삼성카드,147000,69689,-77311,6478512350,3071618625,-3406893725,KRX MDCSTAT02401_OUT
recent2,KOSPI200,foreign,051600,한전KPS,479517,402998,-76519,22413774225,18815254000,-3598520225,KRX MDCSTAT02401_OUT
recent2,KOSPI200,foreign,006800,미래에셋증권,818640,701747,-116893,25998186500,22317086700,-3681099800,KRX MDCSTAT02401_OUT
recent2,KOSPI200,foreign,175330,JB금융지주,981600,861577,-120023,30965417525,27115320000,-3850097525,KRX MDCSTAT02401_OUT
recent2,KOSPI200,foreign,120110,코오롱인더,172445,102070,-70375,9802410800,5804699450,-3997711350,KRX MDCSTAT02401_OUT
recent2,KOSPI200,foreign,035250,강원랜드,480742,202000,-278742,6928280610,2905607460,-4022673150,KRX MDCSTAT02401_OUT
recent2,KOSPI200,foreign,005830,DB손해보험,534636,513737,-20899,101123280000,96936380200,-4186899800,KRX MDCSTAT02401_OUT
recent2,KOSPI200,foreign,008770,호텔신라,650319,546931,-103388,26496874025,22299923600,-4196950425,KRX MDCSTAT02401_OUT
recent2,KOSPI200,foreign,051900,LG생활건강,108366,93278,-15088,31942704250,27504950500,-4437753750,KRX MDCSTAT02401_OUT
recent2,KOSPI200,foreign,008930,한미사이언스,559059,466644,-92415,27358790950,22759309625,-4599481325,KRX MDCSTAT02401_OUT
recent2,KOSPI200,foreign,035720,카카오,1548656,1405177,-143479,51989610525,47219685175,-4769925350,KRX MDCSTAT02401_OUT
recent2,KOSPI200,foreign,373220,LG에너지솔루션,217556,204495,-13061,79286912500,74499202250,-4787710250,KRX MDCSTAT02401_OUT
recent2,KOSPI200,foreign,042660,한화오션,490003,431748,-58255,40865349250,36042663400,-4822685850,KRX MDCSTAT02401_OUT
recent2,KOSPI200,foreign,005380,현대차,521108,507088,-14020,190160825750,184974194500,-5186631250,KRX MDCSTAT02401_OUT
recent2,KOSPI200,foreign,0126Z0,삼성에피스홀딩스,47277,31470,-15807,15606581750,10398792250,-5207789500,KRX MDCSTAT02401_OUT
recent2,KOSPI200,foreign,006260,LS,103247,87440,-15807,33022639250,27715142250,-5307497000,KRX MDCSTAT02401_OUT
recent2,KOSPI200,foreign,014680,한솔케미칼,137410,112630,-24780,29612804250,24250191500,-5362612750,KRX MDCSTAT02401_OUT
recent2,KOSPI200,foreign,097950,CJ제일제당,124217,92694,-31523,21812580450,16277087600,-5535492850,KRX MDCSTAT02401_OUT
recent2,KOSPI200,foreign,021240,코웨이,604301,548139,-56162,62444836350,56668295400,-5776540950,KRX MDCSTAT02401_OUT
recent2,KOSPI200,foreign,241560,두산밥캣,484840,382217,-102623,28800767870,22775212520,-6025555350,KRX MDCSTAT02401_OUT
recent2,KOSPI200,foreign,271560,오리온,283994,229429,-54565,31721703500,25646984300,-6074719200,KRX MDCSTAT02401_OUT
recent2,KOSPI200,foreign,326030,SK바이오팜,213919,127399,-86520,16740947600,9978165700,-6762781900,KRX MDCSTAT02401_OUT
recent2,KOSPI200,foreign,138930,BNK금융지주,2571346,2141115,-430231,40268643165,33501198565,-6767444600,KRX MDCSTAT02401_OUT
recent2,KOSPI200,foreign,047040,대우건설,3345991,2948958,-397033,63389310825,56162508640,-7226802185,KRX MDCSTAT02401_OUT
recent2,KOSPI200,foreign,032830,삼성생명,391925,365804,-26121,111321878750,103902705500,-7419173250,KRX MDCSTAT02401_OUT
recent2,KOSPI200,foreign,030000,제일기획,2070804,1609458,-461346,35861621480,27860212660,-8001408820,KRX MDCSTAT02401_OUT
recent2,KOSPI200,foreign,082740,한화엔진,1051392,897021,-154371,54878906850,46673319050,-8205587800,KRX MDCSTAT02401_OUT
recent2,KOSPI200,foreign,003230,삼양식품,41836,35407,-6429,54270566000,46002055500,-8268510500,KRX MDCSTAT02401_OUT
recent2,KOSPI200,foreign,069960,현대백화점,160889,77772,-83117,16066301400,7747265850,-8319035550,KRX MDCSTAT02401_OUT
recent2,KOSPI200,foreign,000100,유한양행,534564,425358,-109206,40792138050,32444574100,-8347563950,KRX MDCSTAT02401_OUT
recent2,KOSPI200,foreign,028050,삼성E&A,2543980,2364667,-179313,132874515050,124347921700,-8526593350,KRX MDCSTAT02401_OUT
recent2,KOSPI200,foreign,011170,롯데케미칼,235255,98354,-136901,14816410600,6233222300,-8583188300,KRX MDCSTAT02401_OUT
recent2,KOSPI200,foreign,267270,HD건설기계,253055,191943,-61112,35871582750,27260555750,-8611027000,KRX MDCSTAT02401_OUT
recent2,KOSPI200,foreign,000720,현대건설,583776,513395,-70381,73329373600,64451785650,-8877587950,KRX MDCSTAT02401_OUT
recent2,KOSPI200,foreign,000270,기아,972196,895614,-76582,118030775450,108719013400,-9311762050,KRX MDCSTAT02401_OUT
recent2,KOSPI200,foreign,267260,HD현대일렉트릭,127575,114322,-13253,91920148500,82432625000,-9487523500,KRX MDCSTAT02401_OUT
recent2,KOSPI200,foreign,138040,메리츠금융지주,333498,255539,-77959,42356921650,32454652100,-9902269550,KRX MDCSTAT02401_OUT
recent2,KOSPI200,foreign,105560,KB금융,1248831,1190919,-57912,221132661400,211087552650,-10045108750,KRX MDCSTAT02401_OUT
recent2,KOSPI200,foreign,090430,아모레퍼시픽,237910,166245,-71665,34158586200,23859988350,-10298597850,KRX MDCSTAT02401_OUT
recent2,KOSPI200,foreign,323410,카카오뱅크,2194350,1694770,-499580,45076244775,34768582125,-10307662650,KRX MDCSTAT02401_OUT
recent2,KOSPI200,foreign,316140,우리금융지주,4468223,4178157,-290066,161707065800,151223654175,-10483411625,KRX MDCSTAT02401_OUT
recent2,KOSPI200,foreign,012450,한화에어로스페이스,316026,306131,-9895,345289181940,334515314440,-10773867500,KRX MDCSTAT02401_OUT
recent2,KOSPI200,foreign,051910,LG화학,200745,160250,-40495,53712817500,42877879000,-10834938500,KRX MDCSTAT02401_OUT
recent2,KOSPI200,foreign,023530,롯데쇼핑,201642,105945,-95697,23279870500,12142149600,-11137720900,KRX MDCSTAT02401_OUT
recent2,KOSPI200,foreign,004020,현대제철,946307,608213,-338094,33242853150,21533682425,-11709170725,KRX MDCSTAT02401_OUT
recent2,KOSPI200,foreign,028260,삼성물산,339373,305241,-34132,119951731780,107973864280,-11977867500,KRX MDCSTAT02401_OUT
recent2,KOSPI200,foreign,034220,LG디스플레이,4442196,2993187,-1449009,37319933320,25154275955,-12165657365,KRX MDCSTAT02401_OUT
recent2,KOSPI200,foreign,352820,하이브,180285,105190,-75095,30041619950,17513916900,-12527703050,KRX MDCSTAT02401_OUT
recent2,KOSPI200,foreign,024110,기업은행,1225807,597672,-628135,24667451650,12021614850,-12645836800,KRX MDCSTAT02401_OUT
recent2,KOSPI200,foreign,052690,한전기술,454098,358759,-95339,61371269300,48692902400,-12678366900,KRX MDCSTAT02401_OUT
recent2,KOSPI200,foreign,483650,달바글로벌,324253,252822,-71431,57551053950,44638769250,-12912284700,KRX MDCSTAT02401_OUT
recent2,KOSPI200,foreign,000810,삼성화재,182173,162424,-19749,119151463000,106223511000,-12927952000,KRX MDCSTAT02401_OUT
recent2,KOSPI200,foreign,066970,엘앤에프,339775,220440,-119335,37676406100,24395069650,-13281336450,KRX MDCSTAT02401_OUT
recent2,KOSPI200,foreign,005490,POSCO홀딩스,267410,225765,-41645,86727971000,73177922750,-13550048250,KRX MDCSTAT02401_OUT
recent2,KOSPI200,foreign,068270,셀트리온,733551,649998,-83553,131846454250,116790683650,-15055770600,KRX MDCSTAT02401_OUT
recent2,KOSPI200,foreign,003670,포스코퓨처엠,184046,99402,-84644,33782608550,18269838400,-15512770150,KRX MDCSTAT02401_OUT
recent2,KOSPI200,foreign,329180,HD현대중공업,250138,216793,-33345,116163450000,100642450250,-15520999750,KRX MDCSTAT02401_OUT
recent2,KOSPI200,foreign,034730,SK,291129,260287,-30842,158700545500,141991217000,-16709328500,KRX MDCSTAT02401_OUT
recent2,KOSPI200,foreign,032640,LG유플러스,2884231,1654123,-1230108,41064857685,23448023650,-17616834035,KRX MDCSTAT02401_OUT
recent2,KOSPI200,foreign,047050,포스코인터내셔널,652420,338241,-314179,37498633600,19496979550,-18001654050,KRX MDCSTAT02401_OUT
recent2,KOSPI200,foreign,066570,LG전자,784445,683700,-100745,155884156650,135887464000,-19996692650,KRX MDCSTAT02401_OUT
recent2,KOSPI200,foreign,009150,삼성전기,630923,612542,-18381,869970647500,849456701500,-20513946000,KRX MDCSTAT02401_OUT
recent2,KOSPI200,foreign,012330,현대모비스,420952,364093,-56859,160436938500,138754277750,-21682660750,KRX MDCSTAT02401_OUT
recent2,KOSPI200,foreign,267250,HD현대,368837,260398,-108439,78417689750,55436116250,-22981573500,KRX MDCSTAT02401_OUT
recent2,KOSPI200,foreign,015760,한국전력,1442840,604810,-838030,44561562525,18642487625,-25919074900,KRX MDCSTAT02401_OUT
recent2,KOSPI200,foreign,055550,신한지주,1749320,1512741,-236579,194561520920,168038470820,-26523050100,KRX MDCSTAT02401_OUT
recent2,KOSPI200,foreign,128940,한미약품,122809,70281,-52528,63070587500,36059617000,-27010970500,KRX MDCSTAT02401_OUT
recent2,KOSPI200,foreign,000990,DB하이텍,578090,362637,-215453,73087986150,45561680150,-27526306000,KRX MDCSTAT02401_OUT
recent2,KOSPI200,foreign,086790,하나금융지주,1380826,1148893,-231933,186556564350,155121122750,-31435441600,KRX MDCSTAT02401_OUT
recent2,KOSPI200,foreign,006400,삼성SDI,307250,221613,-85637,166270158500,119905124500,-46365034000,KRX MDCSTAT02401_OUT
recent2,KOSPI200,foreign,034020,두산에너빌리티,1837261,1095112,-742149,156921473450,93453778500,-63467694950,KRX MDCSTAT02401_OUT
recent2,KOSPI200,foreign,007660,이수페타시스,1373675,743391,-630284,143149947250,77919560050,-65230387200,KRX MDCSTAT02401_OUT
recent2,KOSPI200,foreign,035420,NAVER,943289,530396,-412893,187052895250,105115474750,-81937420500,KRX MDCSTAT02401_OUT
recent2,KOSPI200,foreign,000150,두산,189787,73080,-116707,273732882500,105358448500,-168374434000,KRX MDCSTAT02401_OUT
recent2,KOSPI200,foreign,251270,넷마블,11281335,142663,-11138672,378485653735,4944933600,-373540720135,KRX MDCSTAT02401_OUT
recent2,KOSPI200,foreign,005930,삼성전자,14192616,10350996,-3841620,3667092330136,2682111479386,-984980850750,KRX MDCSTAT02401_OUT
recent2,KOSPI200,institution,005930,삼성전자,8129253,11073063,2943810,2083349763250,2849723550250,766373787000,KRX MDCSTAT02401_OUT
recent2,KOSPI200,institution,000660,SK하이닉스,1564493,1671639,107146,2808711600500,3009471014000,200759413500,KRX MDCSTAT02401_OUT
recent2,KOSPI200,institution,009150,삼성전기,279338,382724,103386,385450241000,531811589500,146361348500,KRX MDCSTAT02401_OUT
recent2,KOSPI200,institution,000150,두산,71364,121387,50023,102780094000,175251399000,72471305000,KRX MDCSTAT02401_OUT
recent2,KOSPI200,institution,028050,삼성E&A,397931,1215359,817428,20821301800,63982621700,43161319900,KRX MDCSTAT02401_OUT
recent2,KOSPI200,institution,128940,한미약품,38092,115118,77026,19562374000,59495679500,39933305500,KRX MDCSTAT02401_OUT
recent2,KOSPI200,institution,272210,한화시스템,313321,740202,426881,24397973800,57598521800,33200548000,KRX MDCSTAT02401_OUT
recent2,KOSPI200,institution,483650,달바글로벌,11625,177429,165804,2063586650,31583940850,29520354200,KRX MDCSTAT02401_OUT
recent2,KOSPI200,institution,003230,삼양식품,8856,31170,22314,11471734000,40413912500,28942178500,KRX MDCSTAT02401_OUT
recent2,KOSPI200,institution,047050,포스코인터내셔널,229555,675452,445897,13264714850,39210213300,25945498450,KRX MDCSTAT02401_OUT
recent2,KOSPI200,institution,012450,한화에어로스페이스,54960,78022,23062,60287567500,85637401000,25349833500,KRX MDCSTAT02401_OUT
recent2,KOSPI200,institution,055550,신한지주,582849,800341,217492,65477951950,89991422900,24513470950,KRX MDCSTAT02401_OUT
recent2,KOSPI200,institution,082740,한화엔진,391448,847451,456003,20423776300,44487520900,24063744600,KRX MDCSTAT02401_OUT
recent2,KOSPI200,institution,068270,셀트리온,151219,269226,118007,27283036750,48619143500,21336106750,KRX MDCSTAT02401_OUT
recent2,KOSPI200,institution,329180,HD현대중공업,100262,141383,41121,46496530500,66092621000,19596090500,KRX MDCSTAT02401_OUT
recent2,KOSPI200,institution,010140,삼성중공업,933420,1839114,905694,19727028025,39312622625,19585594600,KRX MDCSTAT02401_OUT
recent2,KOSPI200,institution,373220,LG에너지솔루션,105994,153540,47546,38661199750,56020229500,17359029750,KRX MDCSTAT02401_OUT
recent2,KOSPI200,institution,267260,HD현대일렉트릭,31196,55054,23858,22530947500,39801084500,17270137000,KRX MDCSTAT02401_OUT
recent2,KOSPI200,institution,267270,HD건설기계,84662,201893,117231,12013126750,28831915800,16818789050,KRX MDCSTAT02401_OUT
recent2,KOSPI200,institution,316140,우리금융지주,603379,1047765,444386,21860947250,37986575725,16125628475,KRX MDCSTAT02401_OUT
recent2,KOSPI200,institution,086790,하나금융지주,370640,487633,116993,50515456150,66633896200,16118440050,KRX MDCSTAT02401_OUT
recent2,KOSPI200,institution,105560,KB금융,563783,640289,76506,100424974100,114134993450,13710019350,KRX MDCSTAT02401_OUT
recent2,KOSPI200,institution,079550,LIG디펜스앤에어로스페이스,67290,85726,18436,48246041000,61894471500,13648430500,KRX MDCSTAT02401_OUT
recent2,KOSPI200,institution,042700,한미반도체,133847,189236,55389,30677892750,43819058750,13141166000,KRX MDCSTAT02401_OUT
recent2,KOSPI200,institution,042660,한화오션,226654,369473,142819,18911527350,30901486000,11989958650,KRX MDCSTAT02401_OUT
recent2,KOSPI200,institution,062040,산일전기,72380,129649,57269,14932205200,26674767800,11742562600,KRX MDCSTAT02401_OUT
recent2,KOSPI200,institution,010950,S-Oil,101352,178398,77046,15299741800,27008470650,11708728850,KRX MDCSTAT02401_OUT
recent2,KOSPI200,institution,138040,메리츠금융지주,81269,168371,87102,10328174100,21438850550,11110676450,KRX MDCSTAT02401_OUT
recent2,KOSPI200,institution,375500,DL이앤씨,89614,213422,123808,7709940350,18559473800,10849533450,KRX MDCSTAT02401_OUT
recent2,KOSPI200,institution,090430,아모레퍼시픽,74359,149348,74989,10689802400,21491712050,10801909650,KRX MDCSTAT02401_OUT
recent2,KOSPI200,institution,298040,효성중공업,12085,15615,3530,34930965000,44945389500,10014424500,KRX MDCSTAT02401_OUT
recent2,KOSPI200,institution,014680,한솔케미칼,17205,54726,37521,3706776500,11822886250,8116109750,KRX MDCSTAT02401_OUT
recent2,KOSPI200,institution,051910,LG화학,61579,91618,30039,16505661750,24571919250,8066257500,KRX MDCSTAT02401_OUT
recent2,KOSPI200,institution,011170,롯데케미칼,43531,169928,126397,2730981200,10726152800,7995171600,KRX MDCSTAT02401_OUT
recent2,KOSPI200,institution,036570,NC,36769,70466,33697,7600462250,14671657000,7071194750,KRX MDCSTAT02401_OUT
recent2,KOSPI200,institution,009540,HD한국조선해양,83580,103001,19421,28760317250,35594700500,6834383250,KRX MDCSTAT02401_OUT
recent2,KOSPI200,institution,010120,LS ELECTRIC,131119,164181,33062,26874486050,33693381100,6818895050,KRX MDCSTAT02401_OUT
recent2,KOSPI200,institution,000810,삼성화재,21214,30828,9614,14072515500,20413289000,6340773500,KRX MDCSTAT02401_OUT
recent2,KOSPI200,institution,000270,기아,330394,380937,50543,39825056650,46118024000,6292967350,KRX MDCSTAT02401_OUT
recent2,KOSPI200,institution,034730,SK,58473,69799,11326,31867300500,38085003500,6217703000,KRX MDCSTAT02401_OUT
recent2,KOSPI200,institution,005380,현대차,210579,225957,15378,76486484750,82419922250,5933437500,KRX MDCSTAT02401_OUT
recent2,KOSPI200,institution,021240,코웨이,37799,94108,56309,3971131500,9779087500,5807956000,KRX MDCSTAT02401_OUT
recent2,KOSPI200,institution,006400,삼성SDI,103546,113709,10163,56007089500,61563086500,5555997000,KRX MDCSTAT02401_OUT
recent2,KOSPI200,institution,006260,LS,60043,76213,16170,18774949250,24085503500,5310554250,KRX MDCSTAT02401_OUT
recent2,KOSPI200,institution,003490,대한항공,661535,838326,176791,19376507900,24594163775,5217655875,KRX MDCSTAT02401_OUT
recent2,KOSPI200,institution,047810,한국항공우주,77790,114059,36269,10132986100,14847498600,4714512500,KRX MDCSTAT02401_OUT
recent2,KOSPI200,institution,112610,씨에스윈드,40287,126576,86289,2093867650,6601823950,4507956300,KRX MDCSTAT02401_OUT
recent2,KOSPI200,institution,064350,현대로템,115548,149376,33828,14191343250,18365990700,4174647450,KRX MDCSTAT02401_OUT
recent2,KOSPI200,institution,011200,HMM,194782,389386,194604,4069218825,8143570500,4074351675,KRX MDCSTAT02401_OUT
recent2,KOSPI200,institution,047040,대우건설,1361108,1566569,205461,25738809705,29775334905,4036525200,KRX MDCSTAT02401_OUT
recent2,KOSPI200,institution,030000,제일기획,142211,350508,208297,2466147420,6084634940,3618487520,KRX MDCSTAT02401_OUT
recent2,KOSPI200,institution,051900,LG생활건강,20732,32784,12052,6130740750,9699603000,3568862250,KRX MDCSTAT02401_OUT
recent2,KOSPI200,institution,008930,한미사이언스,40255,108693,68438,2000686325,5477057925,3476371600,KRX MDCSTAT02401_OUT
recent2,KOSPI200,institution,005830,DB손해보험,127548,144155,16607,24261846150,27688742700,3426896550,KRX MDCSTAT02401_OUT
recent2,KOSPI200,institution,000210,DL,11083,73378,62295,605079600,4013014850,3407935250,KRX MDCSTAT02401_OUT
recent2,KOSPI200,institution,271560,오리온,12339,42146,29807,1389032850,4724514850,3335482000,KRX MDCSTAT02401_OUT
recent2,KOSPI200,institution,120110,코오롱인더,44415,100288,55873,2468167900,5741139600,3272971700,KRX MDCSTAT02401_OUT
recent2,KOSPI200,institution,003550,LG,65830,94460,28630,7405290050,10629487200,3224197150,KRX MDCSTAT02401_OUT
recent2,KOSPI200,institution,175330,JB금융지주,178507,277653,99146,5624623500,8829972625,3205349125,KRX MDCSTAT02401_OUT
recent2,KOSPI200,institution,078930,GS,155459,182871,27412,17699527550,20838624600,3139097050,KRX MDCSTAT02401_OUT
recent2,KOSPI200,institution,030200,KT,265905,324446,58541,14123932150,17246222350,3122290200,KRX MDCSTAT02401_OUT
recent2,KOSPI200,institution,071970,HD현대마린엔진,25230,85368,60138,1295092950,4402841550,3107748600,KRX MDCSTAT02401_OUT
recent2,KOSPI200,institution,007340,DN오토모티브,42731,105629,62898,2084466975,5185629925,3101162950,KRX MDCSTAT02401_OUT
recent2,KOSPI200,institution,001430,세아베스틸지주,88033,154179,66146,3989300950,7003320500,3014019550,KRX MDCSTAT02401_OUT
recent2,KOSPI200,institution,017800,현대엘리베이터,17230,57176,39946,1268714650,4220596850,2951882200,KRX MDCSTAT02401_OUT
recent2,KOSPI200,institution,000720,현대건설,313497,333758,20261,39563991150,42220105750,2656114600,KRX MDCSTAT02401_OUT
recent2,KOSPI200,institution,004020,현대제철,367003,431760,64757,12701245700,15165983025,2464737325,KRX MDCSTAT02401_OUT
recent2,KOSPI200,institution,024110,기업은행,219138,335982,116844,4415352450,6782096700,2366744250,KRX MDCSTAT02401_OUT
recent2,KOSPI200,institution,005940,NH투자증권,215299,305945,90646,5509294150,7854056650,2344762500,KRX MDCSTAT02401_OUT
recent2,KOSPI200,institution,032640,LG유플러스,344886,504285,159399,4965471180,7274777490,2309306310,KRX MDCSTAT02401_OUT
recent2,KOSPI200,institution,088350,한화생명,563414,924558,361144,3392095910,5603567850,2211471940,KRX MDCSTAT02401_OUT
recent2,KOSPI200,institution,051600,한전KPS,47402,92993,45591,2241026900,4389449375,2148422475,KRX MDCSTAT02401_OUT
recent2,KOSPI200,institution,361610,SK아이이테크놀로지,59243,193103,133860,946757825,3086889655,2140131830,KRX MDCSTAT02401_OUT
recent2,KOSPI200,institution,139480,이마트,15581,44423,28842,1140089100,3256341700,2116252600,KRX MDCSTAT02401_OUT
recent2,KOSPI200,institution,029780,삼성카드,21029,66341,45312,930044200,2935572375,2005528175,KRX MDCSTAT02401_OUT
recent2,KOSPI200,institution,004990,롯데지주,26364,105781,79417,654548650,2618321475,1963772825,KRX MDCSTAT02401_OUT
recent2,KOSPI200,institution,323410,카카오뱅크,149483,242800,93317,3098096225,5033527375,1935431150,KRX MDCSTAT02401_OUT
recent2,KOSPI200,institution,002790,아모레퍼시픽홀딩스,21409,91013,69604,565296100,2397299800,1832003700,KRX MDCSTAT02401_OUT
recent2,KOSPI200,institution,259960,크래프톤,16229,25167,8938,3312572250,5142494750,1829922500,KRX MDCSTAT02401_OUT
recent2,KOSPI200,institution,011790,SKC,27899,48565,20666,2433682450,4239407600,1805725150,KRX MDCSTAT02401_OUT
recent2,KOSPI200,institution,180640,한진칼,33520,45558,12038,4638697800,6326843900,1688146100,KRX MDCSTAT02401_OUT
recent2,KOSPI200,institution,005490,POSCO홀딩스,88099,92974,4875,28740339750,30324469000,1584129250,KRX MDCSTAT02401_OUT
recent2,KOSPI200,institution,035250,강원랜드,54833,162585,107752,796733025,2358478040,1561745015,KRX MDCSTAT02401_OUT
recent2,KOSPI200,institution,443060,HD현대마린솔루션,35073,41401,6328,8487054750,9998960000,1511905250,KRX MDCSTAT02401_OUT
recent2,KOSPI200,institution,241560,두산밥캣,42337,67366,25029,2553677550,4026408850,1472731300,KRX MDCSTAT02401_OUT
recent2,KOSPI200,institution,018880,한온시스템,355874,765140,409266,1198135188,2599584759,1401449571,KRX MDCSTAT02401_OUT
recent2,KOSPI200,institution,000670,영풍,29309,57265,27956,1388472550,2693821750,1305349200,KRX MDCSTAT02401_OUT
recent2,KOSPI200,institution,012750,에스원,23639,38822,15183,1972835450,3238313800,1265478350,KRX MDCSTAT02401_OUT
recent2,KOSPI200,institution,036460,한국가스공사,47819,82599,34780,1719812175,2963960325,1244148150,KRX MDCSTAT02401_OUT
recent2,KOSPI200,institution,111770,영원무역,11172,27387,16215,807037500,1978814750,1171777250,KRX MDCSTAT02401_OUT
recent2,KOSPI200,institution,032830,삼성생명,96603,100536,3933,27437326250,28607722500,1170396250,KRX MDCSTAT02401_OUT
recent2,KOSPI200,institution,103140,풍산,63564,77808,14244,5002553100,6126867750,1124314650,KRX MDCSTAT02401_OUT
recent2,KOSPI200,institution,081660,미스토홀딩스,28354,56571,28217,1091987925,2178105350,1086117425,KRX MDCSTAT02401_OUT
recent2,KOSPI200,institution,006650,대한유화,19304,29653,10349,1890791600,2920780450,1029988850,KRX MDCSTAT02401_OUT
recent2,KOSPI200,institution,000240,한국앤컴퍼니,17727,58391,40664,433786275,1432600225,998813950,KRX MDCSTAT02401_OUT
recent2,KOSPI200,institution,000100,유한양행,77378,89979,12601,5946251100,6926209150,979958050,KRX MDCSTAT02401_OUT
recent2,KOSPI200,institution,069960,현대백화점,19888,29509,9621,1988815250,2959884400,971069150,KRX MDCSTAT02401_OUT
recent2,KOSPI200,institution,012330,현대모비스,92993,95213,2220,35523773500,36420237000,896463500,KRX MDCSTAT02401_OUT
recent2,KOSPI200,institution,0126Z0,삼성에피스홀딩스,3706,6335,2629,1228646250,2105262500,876616250,KRX MDCSTAT02401_OUT
recent2,KOSPI200,institution,139130,iM금융지주,126184,172198,46014,2284400120,3115094420,830694300,KRX MDCSTAT02401_OUT
recent2,KOSPI200,institution,326030,SK바이오팜,22183,32466,10283,1742531150,2548389400,805858250,KRX MDCSTAT02401_OUT
recent2,KOSPI200,institution,001440,대한전선,659629,690655,31026,20199955300,20997600875,797645575,KRX MDCSTAT02401_OUT
recent2,KOSPI200,institution,009240,한샘,8726,28983,20257,341661350,1137723650,796062300,KRX MDCSTAT02401_OUT
recent2,KOSPI200,institution,300720,한일시멘트,15849,64288,48439,256813290,1045270605,788457315,KRX MDCSTAT02401_OUT
recent2,KOSPI200,institution,161390,한국타이어앤테크놀로지,67159,80303,13144,4003831950,4788093250,784261300,KRX MDCSTAT02401_OUT
recent2,KOSPI200,institution,457190,이수스페셜티케미컬,22792,33314,10522,1473921700,2159822200,685900500,KRX MDCSTAT02401_OUT
recent2,KOSPI200,institution,066570,LG전자,230682,233826,3144,45907170700,46560940450,653769750,KRX MDCSTAT02401_OUT
recent2,KOSPI200,institution,009970,영원무역홀딩스,2562,6259,3697,429122400,1049798950,620676550,KRX MDCSTAT02401_OUT
recent2,KOSPI200,institution,008770,호텔신라,20207,34735,14528,822311900,1412918800,590606900,KRX MDCSTAT02401_OUT
recent2,KOSPI200,institution,022100,포스코DX,36564,64706,28142,772374975,1361363325,588988350,KRX MDCSTAT02401_OUT
recent2,KOSPI200,institution,003670,포스코퓨처엠,120570,123174,2604,22124257050,22601889500,477632450,KRX MDCSTAT02401_OUT
recent2,KOSPI200,institution,034220,LG디스플레이,239192,294543,55351,2011166765,2478216070,467049305,KRX MDCSTAT02401_OUT
recent2,KOSPI200,institution,071320,지역난방공사,1535,7038,5503,114537750,524802250,410264500,KRX MDCSTAT02401_OUT
recent2,KOSPI200,institution,001800,오리온홀딩스,17142,33512,16370,416589350,816102400,399513050,KRX MDCSTAT02401_OUT
recent2,KOSPI200,institution,298050,HS효성첨단소재,3175,5391,2216,531503450,901328800,369825350,KRX MDCSTAT02401_OUT
recent2,KOSPI200,institution,006280,녹십자,5470,8481,3011,669659950,1035016550,365356600,KRX MDCSTAT02401_OUT
recent2,KOSPI200,institution,005850,에스엘,19514,25622,6108,985102800,1295208750,310105950,KRX MDCSTAT02401_OUT
recent2,KOSPI200,institution,454910,두산로보틱스,45445,49561,4116,3145782850,3436365100,290582250,KRX MDCSTAT02401_OUT
recent2,KOSPI200,institution,069620,대웅제약,3631,6111,2480,402539550,678588150,276048600,KRX MDCSTAT02401_OUT
recent2,KOSPI200,institution,069260,TKG휴켐스,15711,30093,14382,257163790,492553940,235390150,KRX MDCSTAT02401_OUT
recent2,KOSPI200,institution,002030,아세아,456,1234,778,98363500,268710500,170347000,KRX MDCSTAT02401_OUT
recent2,KOSPI200,institution,001450,현대해상,161974,165429,3455,7977070775,8145005200,167934425,KRX MDCSTAT02401_OUT
recent2,KOSPI200,institution,007310,오뚜기,1338,1808,470,425349000,575888000,150539000,KRX MDCSTAT02401_OUT
recent2,KOSPI200,institution,073240,금호타이어,89576,109496,19920,634815170,777278350,142463180,KRX MDCSTAT02401_OUT
recent2,KOSPI200,institution,000080,하이트진로,22317,29942,7625,334214360,448568750,114354390,KRX MDCSTAT02401_OUT
recent2,KOSPI200,institution,011210,현대위아,12517,14445,1928,684847600,791036700,106189100,KRX MDCSTAT02401_OUT
recent2,KOSPI200,institution,137310,에스디바이오센서,18234,35324,17090,112343335,217114730,104771395,KRX MDCSTAT02401_OUT
recent2,KOSPI200,institution,185750,종근당,2878,4477,1599,186584750,290769050,104184300,KRX MDCSTAT02401_OUT
recent2,KOSPI200,institution,001680,대상,9888,15482,5594,177724425,277529015,99804590,KRX MDCSTAT02401_OUT
recent2,KOSPI200,institution,307950,현대오토에버,7866,8129,263,2885767750,2984558250,98790500,KRX MDCSTAT02401_OUT
recent2,KOSPI200,institution,005420,코스모화학,22101,30231,8130,227569005,313496890,85927885,KRX MDCSTAT02401_OUT
recent2,KOSPI200,institution,026960,동서,32901,35724,2823,835611175,908858175,73247000,KRX MDCSTAT02401_OUT
recent2,KOSPI200,institution,014820,동원시스템즈,22301,25558,3257,473750950,543910450,70159500,KRX MDCSTAT02401_OUT
recent2,KOSPI200,institution,002840,미원상사,1259,1610,351,168151000,215817100,47666100,KRX MDCSTAT02401_OUT
recent2,KOSPI200,institution,008730,율촌화학,5156,7159,2003,77910030,108626400,30716370,KRX MDCSTAT02401_OUT
recent2,KOSPI200,institution,268280,미원에스씨,765,851,86,100659550,112031800,11372250,KRX MDCSTAT02401_OUT
recent2,KOSPI200,institution,450080,에코프로머티,72846,72997,151,2555211450,2563277725,8066275,KRX MDCSTAT02401_OUT
recent2,KOSPI200,institution,007700,F&F홀딩스,1678,2046,368,22853420,27907950,5054530,KRX MDCSTAT02401_OUT
recent2,KOSPI200,institution,285130,SK케미칼,27792,26357,-1435,1431480850,1367085950,-64394900,KRX MDCSTAT02401_OUT
recent2,KOSPI200,institution,086280,현대글로비스,68614,68096,-518,14036617750,13966889500,-69728250,KRX MDCSTAT02401_OUT
recent2,KOSPI200,institution,005300,롯데칠성,4901,4137,-764,464517200,392226100,-72291100,KRX MDCSTAT02401_OUT
recent2,KOSPI200,institution,003090,대웅,42445,37706,-4739,671435600,596674495,-74761105,KRX MDCSTAT02401_OUT
recent2,KOSPI200,institution,003030,세아제강지주,15227,14088,-1139,1615767550,1505158100,-110609450,KRX MDCSTAT02401_OUT
recent2,KOSPI200,institution,006040,동원산업,14783,11006,-3777,532019575,396462000,-135557575,KRX MDCSTAT02401_OUT
recent2,KOSPI200,institution,017960,한국카본,45866,38455,-7411,979275025,819640175,-159634850,KRX MDCSTAT02401_OUT
recent2,KOSPI200,institution,302440,SK바이오사이언스,30259,25520,-4739,1088220500,916557500,-171663000,KRX MDCSTAT02401_OUT
recent2,KOSPI200,institution,001040,CJ,53340,51371,-1969,6954323000,6747687900,-206635100,KRX MDCSTAT02401_OUT
recent2,KOSPI200,institution,000880,한화,27672,26190,-1482,3822057900,3599909300,-222148600,KRX MDCSTAT02401_OUT
recent2,KOSPI200,institution,034230,파라다이스,69149,45038,-24111,670760385,437280580,-233479805,KRX MDCSTAT02401_OUT
recent2,KOSPI200,institution,282330,BGF리테일,20045,17925,-2120,2792555700,2499951200,-292604500,KRX MDCSTAT02401_OUT
recent2,KOSPI200,institution,251270,넷마블,59862,50755,-9107,2065067100,1748888075,-316179025,KRX MDCSTAT02401_OUT
recent2,KOSPI200,institution,000120,CJ대한통운,20570,15964,-4606,1461985050,1138701250,-323283800,KRX MDCSTAT02401_OUT
recent2,KOSPI200,institution,004000,롯데정밀화학,24544,16991,-7553,1096265800,759853375,-336412425,KRX MDCSTAT02401_OUT
recent2,KOSPI200,institution,003240,태광산업,1057,646,-411,955683000,585799500,-369883500,KRX MDCSTAT02401_OUT
recent2,KOSPI200,institution,138930,BNK금융지주,400809,360347,-40462,6335526085,5693283960,-642242125,KRX MDCSTAT02401_OUT
recent2,KOSPI200,institution,192080,더블유게임즈,35350,22782,-12568,2057114100,1330960350,-726153750,KRX MDCSTAT02401_OUT
recent2,KOSPI200,institution,028670,팬오션,1018706,851563,-167143,5911938290,4980065780,-931872510,KRX MDCSTAT02401_OUT
recent2,KOSPI200,institution,204320,HL만도,71174,51188,-19986,3431094275,2471075775,-960018500,KRX MDCSTAT02401_OUT
recent2,KOSPI200,institution,298020,효성티앤씨,7660,4525,-3135,2472458000,1472317000,-1000141000,KRX MDCSTAT02401_OUT
recent2,KOSPI200,institution,280360,롯데웰푸드,19487,9162,-10325,2504375800,1180423600,-1323952200,KRX MDCSTAT02401_OUT
recent2,KOSPI200,institution,007070,GS리테일,158251,98562,-59689,3743926800,2328146000,-1415780800,KRX MDCSTAT02401_OUT
recent2,KOSPI200,institution,035720,카카오,353619,305852,-47767,11893434150,10291341800,-1602092350,KRX MDCSTAT02401_OUT
recent2,KOSPI200,institution,011780,금호석유화학,26181,12722,-13459,3166107250,1539410100,-1626697150,KRX MDCSTAT02401_OUT
recent2,KOSPI200,institution,009420,한올바이오파마,139168,103500,-35668,6705321900,4993400325,-1711921575,KRX MDCSTAT02401_OUT
recent2,KOSPI200,institution,097950,CJ제일제당,37508,27484,-10024,6608571400,4849319300,-1759252100,KRX MDCSTAT02401_OUT
recent2,KOSPI200,institution,000990,DB하이텍,203237,188179,-15058,25438025213,23665783050,-1772242163,KRX MDCSTAT02401_OUT
recent2,KOSPI200,institution,002380,KCC,9198,5273,-3925,4275903500,2461960250,-1813943250,KRX MDCSTAT02401_OUT
recent2,KOSPI200,institution,004370,농심,16046,11384,-4662,6287176750,4467054000,-1820122750,KRX MDCSTAT02401_OUT
recent2,KOSPI200,institution,016360,삼성증권,92273,70617,-21656,7937060600,6071379000,-1865681600,KRX MDCSTAT02401_OUT
recent2,KOSPI200,institution,018260,삼성에스디에스,54960,44490,-10470,11991679250,9749344500,-2242334750,KRX MDCSTAT02401_OUT
recent2,KOSPI200,institution,028260,삼성물산,109049,102547,-6502,38849894000,36498158000,-2351736000,KRX MDCSTAT02401_OUT
recent2,KOSPI200,institution,015760,한국전력,559967,478417,-81550,17333618925,14810211950,-2523406975,KRX MDCSTAT02401_OUT
recent2,KOSPI200,institution,402340,SK스퀘어,208746,204052,-4694,216467081000,213812151000,-2654930000,KRX MDCSTAT02401_OUT
recent2,KOSPI200,institution,017670,SK텔레콤,378336,347055,-31281,33339118400,30655753150,-2683365250,KRX MDCSTAT02401_OUT
recent2,KOSPI200,institution,010130,고려아연,9034,6336,-2698,10211573500,7173976000,-3037597500,KRX MDCSTAT02401_OUT
recent2,KOSPI200,institution,039490,키움증권,48501,36623,-11878,12800873750,9670000250,-3130873500,KRX MDCSTAT02401_OUT
recent2,KOSPI200,institution,267250,HD현대,116296,100672,-15624,24982242500,21837263250,-3144979250,KRX MDCSTAT02401_OUT
recent2,KOSPI200,institution,023530,롯데쇼핑,94646,61224,-33422,10840264250,7078052750,-3762211500,KRX MDCSTAT02401_OUT
recent2,KOSPI200,institution,033780,KT&G,102698,79339,-23359,17743574600,13715132750,-4028441850,KRX MDCSTAT02401_OUT
recent2,KOSPI200,institution,093370,후성,591937,315822,-276115,8725733990,4682022210,-4043711780,KRX MDCSTAT02401_OUT
recent2,KOSPI200,institution,161890,한국콜마,145022,115029,-29993,21352131700,17055663000,-4296468700,KRX MDCSTAT02401_OUT
recent2,KOSPI200,institution,052690,한전기술,146471,112498,-33973,20004048850,15411652150,-4592396700,KRX MDCSTAT02401_OUT
recent2,KOSPI200,institution,192820,코스맥스,77220,59713,-17507,21215572250,16548040500,-4667531750,KRX MDCSTAT02401_OUT
recent2,KOSPI200,institution,096770,SK이노베이션,447772,411386,-36386,61582966050,56902668500,-4680297550,KRX MDCSTAT02401_OUT
recent2,KOSPI200,institution,009830,한화솔루션,344438,177338,-167100,9854311575,5081252425,-4773059150,KRX MDCSTAT02401_OUT
recent2,KOSPI200,institution,010060,OCI홀딩스,55079,30226,-24853,11156933150,6181817400,-4975115750,KRX MDCSTAT02401_OUT
recent2,KOSPI200,institution,006800,미래에셋증권,621812,435625,-186187,19809304975,13883974575,-5925330400,KRX MDCSTAT02401_OUT
recent2,KOSPI200,institution,377300,카카오페이,239732,77422,-162310,9616338650,3110462200,-6505876450,KRX MDCSTAT02401_OUT
recent2,KOSPI200,institution,352820,하이브,102225,61759,-40466,17061054200,10295445850,-6765608350,KRX MDCSTAT02401_OUT
recent2,KOSPI200,institution,066970,엘앤에프,266758,189412,-77346,29303436500,20995294850,-8308141650,KRX MDCSTAT02401_OUT
recent2,KOSPI200,institution,064400,LG씨엔에스,182879,62698,-120181,12777134650,4392287600,-8384847050,KRX MDCSTAT02401_OUT
recent2,KOSPI200,institution,278470,에이피알,127102,101499,-25603,45551243250,36815935250,-8735308000,KRX MDCSTAT02401_OUT
recent2,KOSPI200,institution,011070,LG이노텍,74252,55103,-19149,38495904500,29087201500,-9408703000,KRX MDCSTAT02401_OUT
recent2,KOSPI200,institution,207940,삼성바이오로직스,23689,15725,-7964,33101176500,21984039000,-11117137500,KRX MDCSTAT02401_OUT
recent2,KOSPI200,institution,071050,한국금융지주,124235,63752,-60483,23017844100,11797223850,-11220620250,KRX MDCSTAT02401_OUT
recent2,KOSPI200,institution,034020,두산에너빌리티,1010906,834958,-175948,86495773050,71530151000,-14965622050,KRX MDCSTAT02401_OUT
recent2,KOSPI200,institution,004170,신세계,76462,32048,-44414,27356046500,11578514750,-15777531750,KRX MDCSTAT02401_OUT
recent2,KOSPI200,institution,007660,이수페타시스,964216,522040,-442176,99001378400,54863236400,-44138142000,KRX MDCSTAT02401_OUT
recent2,KOSPI200,institution,035420,NAVER,641616,250881,-390735,127180914100,49903430200,-77277483900,KRX MDCSTAT02401_OUT
recent2,KOSDAQ150,foreign,319400,현대무벡스,2643370,6560054,3916684,59347742393,134395006618,75047264225,KRX MDCSTAT02401_OUT
recent2,KOSDAQ150,foreign,080220,제주반도체,227464,384102,156638,16616776250,28096773650,11479997400,KRX MDCSTAT02401_OUT
recent2,KOSDAQ150,foreign,067310,하나마이크론,1195339,1482395,287056,45407224975,56403842400,10996617425,KRX MDCSTAT02401_OUT
recent2,KOSDAQ150,foreign,214450,파마리서치,38676,65109,26433,12763891750,21389303500,8625411750,KRX MDCSTAT02401_OUT
recent2,KOSDAQ150,foreign,240810,원익IPS,410654,480902,70248,48838905600,57380757250,8541851650,KRX MDCSTAT02401_OUT
recent2,KOSDAQ150,foreign,036540,SFA반도체,1954714,2858475,903761,17409682005,25344567635,7934885630,KRX MDCSTAT02401_OUT
recent2,KOSDAQ150,foreign,247540,에코프로비엠,320914,382386,61472,33408377000,39863801800,6455424800,KRX MDCSTAT02401_OUT
recent2,KOSDAQ150,foreign,056080,유진로봇,418352,1041688,623336,5108681355,11472301960,6363620605,KRX MDCSTAT02401_OUT
recent2,KOSDAQ150,foreign,053800,안랩,130553,213903,83350,8722142700,14366672100,5644529400,KRX MDCSTAT02401_OUT
recent2,KOSDAQ150,foreign,060370,LS마린솔루션,115196,257121,141925,3911927950,8744606675,4832678725,KRX MDCSTAT02401_OUT
recent2,KOSDAQ150,foreign,298380,에이비엘바이오,239930,322339,82409,13657001400,18352705550,4695704150,KRX MDCSTAT02401_OUT
recent2,KOSDAQ150,foreign,095610,테스,41567,70358,28791,5702794350,9713184200,4010389850,KRX MDCSTAT02401_OUT
recent2,KOSDAQ150,foreign,032820,우리기술,2585889,2862506,276617,35044368320,39010208175,3965839855,KRX MDCSTAT02401_OUT
recent2,KOSDAQ150,foreign,096530,씨젠,166826,277915,111089,5604640675,9324122450,3719481775,KRX MDCSTAT02401_OUT
recent2,KOSDAQ150,foreign,420770,기가비스,255314,286887,31573,28072178300,31314451300,3242273000,KRX MDCSTAT02401_OUT
recent2,KOSDAQ150,foreign,090710,휴림로봇,702437,1165462,463025,4476172360,7423824610,2947652250,KRX MDCSTAT02401_OUT
recent2,KOSDAQ150,foreign,090360,로보스타,21853,55601,33748,1714856300,4352744700,2637888400,KRX MDCSTAT02401_OUT
recent2,KOSDAQ150,foreign,124500,아이티센글로벌,57354,144046,86692,1675128025,4207279925,2532151900,KRX MDCSTAT02401_OUT
recent2,KOSDAQ150,foreign,108490,로보티즈,112635,120125,7490,34735822250,36979797250,2243975000,KRX MDCSTAT02401_OUT
recent2,KOSDAQ150,foreign,033100,제룡전기,48256,90727,42471,2307132600,4327347125,2020214525,KRX MDCSTAT02401_OUT
recent2,KOSDAQ150,foreign,087010,펩트론,64391,73588,9197,9789854350,11202600950,1412746600,KRX MDCSTAT02401_OUT
recent2,KOSDAQ150,foreign,131970,두산테스나,205447,222039,16592,17251436100,18620118550,1368682450,KRX MDCSTAT02401_OUT
recent2,KOSDAQ150,foreign,030530,원익홀딩스,630408,678160,47752,16084562450,17322394975,1237832525,KRX MDCSTAT02401_OUT
recent2,KOSDAQ150,foreign,403870,HPSP,725526,746796,21270,38918868750,40073523000,1154654250,KRX MDCSTAT02401_OUT
recent2,KOSDAQ150,foreign,060250,NHN KCP,142247,224678,82431,1873658410,2964158185,1090499775,KRX MDCSTAT02401_OUT
recent2,KOSDAQ150,foreign,064760,티씨케이,29331,32984,3653,7904835000,8883540250,978705250,KRX MDCSTAT02401_OUT
recent2,KOSDAQ150,foreign,052400,코나아이,10478,36408,25930,393162150,1365813750,972651600,KRX MDCSTAT02401_OUT
recent2,KOSDAQ150,foreign,141080,리가켐바이오,155826,166528,10702,12826471300,13726106650,899635350,KRX MDCSTAT02401_OUT
recent2,KOSDAQ150,foreign,348210,넥스틴,27295,55108,27813,873202650,1763011675,889809025,KRX MDCSTAT02401_OUT
recent2,KOSDAQ150,foreign,277810,레인보우로보틱스,44346,46244,1898,19147048000,20031255750,884207750,KRX MDCSTAT02401_OUT
recent2,KOSDAQ150,foreign,074600,원익QnC,102318,134035,31717,2810406625,3687610400,877203775,KRX MDCSTAT02401_OUT
recent2,KOSDAQ150,foreign,083650,비에이치아이,254725,265839,11114,16396316900,17166848850,770531950,KRX MDCSTAT02401_OUT
recent2,KOSDAQ150,foreign,183300,코미코,1018652,1040182,21530,31169665600,31910758700,741093100,KRX MDCSTAT02401_OUT
recent2,KOSDAQ150,foreign,084370,유진테크,149872,154177,4305,20391554950,21030915650,639360700,KRX MDCSTAT02401_OUT
recent2,KOSDAQ150,foreign,005290,동진쎄미켐,89519,103909,14390,3678903925,4261022225,582118300,KRX MDCSTAT02401_OUT
recent2,KOSDAQ150,foreign,039200,오스코텍,145464,161420,15956,5353610650,5933462850,579852200,KRX MDCSTAT02401_OUT
recent2,KOSDAQ150,foreign,253590,네오셈,238900,284219,45319,2936699855,3493336540,556636685,KRX MDCSTAT02401_OUT
recent2,KOSDAQ150,foreign,263750,펄어비스,215126,230141,15015,7457073825,7977713300,520639475,KRX MDCSTAT02401_OUT
recent2,KOSDAQ150,foreign,009520,포스코엠텍,48192,88658,40466,611697195,1128003685,516306490,KRX MDCSTAT02401_OUT
recent2,KOSDAQ150,foreign,195940,HK이노엔,76259,87784,11525,2974523475,3415466450,440942975,KRX MDCSTAT02401_OUT
recent2,KOSDAQ150,foreign,171090,선익시스템,17993,24164,6171,1294974800,1734849800,439875000,KRX MDCSTAT02401_OUT
recent2,KOSDAQ150,foreign,388720,유일로보틱스,7662,13427,5765,532043600,931183350,399139750,KRX MDCSTAT02401_OUT
recent2,KOSDAQ150,foreign,039030,이오테크닉스,66190,66898,708,30654318500,31045227250,390908750,KRX MDCSTAT02401_OUT
recent2,KOSDAQ150,foreign,032190,다우데이타,17139,32475,15336,344900760,654128345,309227585,KRX MDCSTAT02401_OUT
recent2,KOSDAQ150,foreign,015750,성우하이텍,120872,167985,47113,722267825,1004682080,282414255,KRX MDCSTAT02401_OUT
recent2,KOSDAQ150,foreign,089030,테크윙,218478,223433,4955,10010647275,10267591075,256943800,KRX MDCSTAT02401_OUT
recent2,KOSDAQ150,foreign,194480,데브시스터즈,13074,29747,16673,188889800,428917390,240027590,KRX MDCSTAT02401_OUT
recent2,KOSDAQ150,foreign,358570,지아이이노베이션,364709,388471,23762,3401488245,3621129740,219641495,KRX MDCSTAT02401_OUT
recent2,KOSDAQ150,foreign,036830,솔브레인홀딩스,143221,145442,2221,5835573575,5928134275,92560700,KRX MDCSTAT02401_OUT
recent2,KOSDAQ150,foreign,278280,천보,29233,31333,2100,1076078925,1152758650,76679725,KRX MDCSTAT02401_OUT
recent2,KOSDAQ150,foreign,030520,한컴,66075,70350,4275,1125882750,1198985470,73102720,KRX MDCSTAT02401_OUT
recent2,KOSDAQ150,foreign,033500,동성화인텍,37122,41423,4301,617166020,689744450,72578430,KRX MDCSTAT02401_OUT
recent2,KOSDAQ150,foreign,078340,컴투스,54197,56178,1981,1820091625,1886191325,66099700,KRX MDCSTAT02401_OUT
recent2,KOSDAQ150,foreign,101490,에스앤에스텍,92464,93796,1332,3817354075,3866958575,49604500,KRX MDCSTAT02401_OUT
recent2,KOSDAQ150,foreign,067160,SOOP,57921,58794,873,2142347976,2178552826,36204850,KRX MDCSTAT02401_OUT
recent2,KOSDAQ150,foreign,025320,시노펙스,228752,236253,7501,877390390,907002740,29612350,KRX MDCSTAT02401_OUT
recent2,KOSDAQ150,foreign,038500,삼표시멘트,157334,158622,1288,1077404795,1085943985,8539190,KRX MDCSTAT02401_OUT
recent2,KOSDAQ150,foreign,101730,위메이드맥스,145775,148184,2409,692737902,700497275,7759373,KRX MDCSTAT02401_OUT
recent2,KOSDAQ150,foreign,475830,오름테라퓨틱,34994,41477,6483,1797524900,1801269200,3744300,KRX MDCSTAT02401_OUT
recent2,KOSDAQ150,foreign,125490,한라캐스트,2038692,2046041,7349,25057657430,25060601585,2944155,KRX MDCSTAT02401_OUT
recent2,KOSDAQ150,foreign,078600,대주전자재료,44004,43725,-279,3836920900,3818206850,-18714050,KRX MDCSTAT02401_OUT
recent2,KOSDAQ150,foreign,290650,엘앤씨바이오,136116,134673,-1443,6299270800,6242800325,-56470475,KRX MDCSTAT02401_OUT
recent2,KOSDAQ150,foreign,025900,동화기업,23424,12663,-10761,162070030,87611280,-74458750,KRX MDCSTAT02401_OUT
recent2,KOSDAQ150,foreign,112040,위메이드,173216,166841,-6375,2615982215,2530501060,-85481155,KRX MDCSTAT02401_OUT
recent2,KOSDAQ150,foreign,466100,클로봇,159090,154883,-4207,3696343025,3601804650,-94538375,KRX MDCSTAT02401_OUT
recent2,KOSDAQ150,foreign,352480,씨앤씨인터내셔널,9605,5236,-4369,212248550,115308250,-96940300,KRX MDCSTAT02401_OUT
recent2,KOSDAQ150,foreign,293490,카카오게임즈,226876,214868,-12008,2106202740,1996209230,-109993510,KRX MDCSTAT02401_OUT
recent2,KOSDAQ150,foreign,214430,아이쓰리시스템,13662,11700,-1962,838649500,710330600,-128318900,KRX MDCSTAT02401_OUT
recent2,KOSDAQ150,foreign,215200,메가스터디교육,30353,26298,-4055,1059195900,918118800,-141077100,KRX MDCSTAT02401_OUT
recent2,KOSDAQ150,foreign,069080,웹젠,248136,233438,-14698,2742998325,2579178430,-163819895,KRX MDCSTAT02401_OUT
recent2,KOSDAQ150,foreign,272290,이녹스첨단소재,54159,45171,-8988,1112222575,929338750,-182883825,KRX MDCSTAT02401_OUT
recent2,KOSDAQ150,foreign,007390,네이처셀,85885,77873,-8012,2121655225,1929061825,-192593400,KRX MDCSTAT02401_OUT
recent2,KOSDAQ150,foreign,036620,감성코퍼레이션,129551,65755,-63796,483830281,246013050,-237817231,KRX MDCSTAT02401_OUT
recent2,KOSDAQ150,foreign,348370,엔켐,149407,136214,-13193,3042057640,2773779070,-268278570,KRX MDCSTAT02401_OUT
recent2,KOSDAQ150,foreign,058610,에스피지,102422,98965,-3457,10086694400,9773517200,-313177200,KRX MDCSTAT02401_OUT
recent2,KOSDAQ150,foreign,025980,아난티,656334,596724,-59610,3394650455,3079493865,-315156590,KRX MDCSTAT02401_OUT
recent2,KOSDAQ150,foreign,082920,비츠로셀,1191774,1180044,-11730,34981026325,34655719950,-325306375,KRX MDCSTAT02401_OUT
recent2,KOSDAQ150,foreign,032500,케이엠더블유,394576,366660,-27916,7245124015,6876491885,-368632130,KRX MDCSTAT02401_OUT
recent2,KOSDAQ150,foreign,085660,차바이오텍,320373,269189,-51184,2516776395,2120485760,-396290635,KRX MDCSTAT02401_OUT
recent2,KOSDAQ150,foreign,140860,파크시스템스,18977,17381,-1596,4848876500,4449924250,-398952250,KRX MDCSTAT02401_OUT
recent2,KOSDAQ150,foreign,445680,큐리옥스바이오시스템즈,75470,66087,-9383,3487156425,3073242875,-413913550,KRX MDCSTAT02401_OUT
recent2,KOSDAQ150,foreign,376300,디어유,41186,15946,-25240,706404030,273862010,-432542020,KRX MDCSTAT02401_OUT
recent2,KOSDAQ150,foreign,211050,인카금융서비스,65225,24347,-40878,688578700,255286300,-433292400,KRX MDCSTAT02401_OUT
recent2,KOSDAQ150,foreign,048410,현대바이오,672907,604686,-68221,4609813220,4157766570,-452046650,KRX MDCSTAT02401_OUT
recent2,KOSDAQ150,foreign,095660,네오위즈,54909,26937,-27972,971713370,474811550,-496901820,KRX MDCSTAT02401_OUT
recent2,KOSDAQ150,foreign,058470,리노공업,376608,367508,-9100,25701507700,25190625550,-510882150,KRX MDCSTAT02401_OUT
recent2,KOSDAQ150,foreign,036810,에프에스티,85398,66365,-19033,2300132600,1776614925,-523517675,KRX MDCSTAT02401_OUT
recent2,KOSDAQ150,foreign,323280,태성,104791,92834,-11957,4741646300,4216975800,-524670500,KRX MDCSTAT02401_OUT
recent2,KOSDAQ150,foreign,0009K0,에임드바이오,234575,210004,-24571,5141763325,4597112575,-544650750,KRX MDCSTAT02401_OUT
recent2,KOSDAQ150,foreign,000250,삼천당제약,47624,44090,-3534,7644445350,7078708500,-565736850,KRX MDCSTAT02401_OUT
recent2,KOSDAQ150,foreign,065350,신성델타테크,126382,107804,-18578,3928115400,3358466150,-569649250,KRX MDCSTAT02401_OUT
recent2,KOSDAQ150,foreign,253450,스튜디오드래곤,72739,44743,-27996,1526745425,939092150,-587653275,KRX MDCSTAT02401_OUT
recent2,KOSDAQ150,foreign,050890,쏠리드,1818878,1748114,-70764,17632215420,17031361830,-600853590,KRX MDCSTAT02401_OUT
recent2,KOSDAQ150,foreign,082270,젬백스,148275,77002,-71273,1499105685,780103700,-719001985,KRX MDCSTAT02401_OUT
recent2,KOSDAQ150,foreign,018290,브이티,107840,46756,-61084,1269415640,549139440,-720276200,KRX MDCSTAT02401_OUT
recent2,KOSDAQ150,foreign,060280,큐렉소,217693,130592,-87101,1794766770,1072098085,-722668685,KRX MDCSTAT02401_OUT
recent2,KOSDAQ150,foreign,035760,CJ ENM,86373,66259,-20114,3189893575,2449229725,-740663850,KRX MDCSTAT02401_OUT
recent2,KOSDAQ150,foreign,014620,성광벤드,142987,120018,-22969,4589398975,3844944725,-744454250,KRX MDCSTAT02401_OUT
recent2,KOSDAQ150,foreign,347850,디앤디파마텍,483823,467543,-16280,22008215900,21263669525,-744546375,KRX MDCSTAT02401_OUT
recent2,KOSDAQ150,foreign,041190,우리기술투자,809333,672285,-137048,4322157095,3569481025,-752676070,KRX MDCSTAT02401_OUT
recent2,KOSDAQ150,foreign,042000,카페24,71376,20376,-51000,1080311030,309558255,-770752775,KRX MDCSTAT02401_OUT
recent2,KOSDAQ150,foreign,214370,케어젠,67014,44376,-22638,2720039575,1799878000,-920161575,KRX MDCSTAT02401_OUT
recent2,KOSDAQ150,foreign,281740,레이크머티리얼즈,234209,147794,-86415,2517135030,1589787560,-927347470,KRX MDCSTAT02401_OUT
recent2,KOSDAQ150,foreign,089970,브이엠,1113131,1095450,-17681,60752561700,59824688950,-927872750,KRX MDCSTAT02401_OUT
recent2,KOSDAQ150,foreign,137400,피엔티,104192,71019,-33173,3005589600,2051587825,-954001775,KRX MDCSTAT02401_OUT
recent2,KOSDAQ150,foreign,031980,피에스케이홀딩스,65769,58279,-7490,10735208250,9549861800,-1185346450,KRX MDCSTAT02401_OUT
recent2,KOSDAQ150,foreign,399720,가온칩스,90777,61436,-29341,3937374325,2601113025,-1336261300,KRX MDCSTAT02401_OUT
recent2,KOSDAQ150,foreign,225570,넥슨게임즈,162762,41833,-120929,1849593890,473223160,-1376370730,KRX MDCSTAT02401_OUT
recent2,KOSDAQ150,foreign,166090,하나머티리얼즈,70607,43133,-27474,3880429950,2363359000,-1517070950,KRX MDCSTAT02401_OUT
recent2,KOSDAQ150,foreign,006730,서부T&D,216610,70081,-146529,2431900370,784740640,-1647159730,KRX MDCSTAT02401_OUT
recent2,KOSDAQ150,foreign,213420,덕산네오룩스,176319,119207,-57112,5250690575,3534026025,-1716664550,KRX MDCSTAT02401_OUT
recent2,KOSDAQ150,foreign,121600,나노신소재,81763,48501,-33262,4281105750,2542353250,-1738752500,KRX MDCSTAT02401_OUT
recent2,KOSDAQ150,foreign,437730,삼현,213821,178627,-35194,10532358075,8784452925,-1747905150,KRX MDCSTAT02401_OUT
recent2,KOSDAQ150,foreign,232140,와이씨,801451,651652,-149799,9600446350,7827067970,-1773378380,KRX MDCSTAT02401_OUT
recent2,KOSDAQ150,foreign,056190,SFA,161546,97518,-64028,4487776275,2710304675,-1777471600,KRX MDCSTAT02401_OUT
recent2,KOSDAQ150,foreign,189300,인텔리안테크,100026,72348,-27678,6882706450,4956926600,-1925779850,KRX MDCSTAT02401_OUT
recent2,KOSDAQ150,foreign,204270,제이앤티씨,460658,372915,-87743,10545904250,8551677675,-1994226575,KRX MDCSTAT02401_OUT
recent2,KOSDAQ150,foreign,214150,클래시스,333607,269039,-64568,10472313550,8440096625,-2032216925,KRX MDCSTAT02401_OUT
recent2,KOSDAQ150,foreign,099320,쎄트렉아이,67118,40282,-26836,5251316350,3150718050,-2100598300,KRX MDCSTAT02401_OUT
recent2,KOSDAQ150,foreign,068760,셀트리온제약,401114,343702,-57412,15633194425,13403300400,-2229894025,KRX MDCSTAT02401_OUT
recent2,KOSDAQ150,foreign,100790,미래에셋벤처투자,984600,849270,-135330,17002065220,14740568080,-2261497140,KRX MDCSTAT02401_OUT
recent2,KOSDAQ150,foreign,003380,하림지주,441726,226882,-214844,4897035970,2512985295,-2384050675,KRX MDCSTAT02401_OUT
recent2,KOSDAQ150,foreign,328130,루닛,850696,581429,-269267,7519673505,5095307525,-2424365980,KRX MDCSTAT02401_OUT
recent2,KOSDAQ150,foreign,257720,실리콘투,519764,460497,-59267,21806593675,19296354875,-2510238800,KRX MDCSTAT02401_OUT
recent2,KOSDAQ150,foreign,122870,와이지엔터테인먼트,115804,46392,-69412,5079066325,2035401375,-3043664950,KRX MDCSTAT02401_OUT
recent2,KOSDAQ150,foreign,035900,JYP Ent.,172862,90787,-82075,6674964800,3508584850,-3166379950,KRX MDCSTAT02401_OUT
recent2,KOSDAQ150,foreign,237690,에스티팜,92959,51280,-41679,8586480100,4733579500,-3852900600,KRX MDCSTAT02401_OUT
recent2,KOSDAQ150,foreign,218410,RFHIC,664957,588976,-75981,38457188350,34147772600,-4309415750,KRX MDCSTAT02401_OUT
recent2,KOSDAQ150,foreign,251970,펌텍코리아,100141,31669,-68472,6325370500,1991706900,-4333663600,KRX MDCSTAT02401_OUT
recent2,KOSDAQ150,foreign,161580,필옵틱스,212854,71311,-141543,6814425775,2264416050,-4550009725,KRX MDCSTAT02401_OUT
recent2,KOSDAQ150,foreign,041510,에스엠,189308,130887,-58421,15615932450,10754981550,-4860950900,KRX MDCSTAT02401_OUT
recent2,KOSDAQ150,foreign,226950,올릭스,158338,114672,-43666,17915823100,12935670200,-4980152900,KRX MDCSTAT02401_OUT
recent2,KOSDAQ150,foreign,310210,보로노이,88242,44323,-43919,11956017750,6046981400,-5909036350,KRX MDCSTAT02401_OUT
recent2,KOSDAQ150,foreign,417200,LS머트리얼즈,1570900,1095933,-474967,20982177285,14592217045,-6389960240,KRX MDCSTAT02401_OUT
recent2,KOSDAQ150,foreign,295310,에이치브이엠,284238,175572,-108666,16891911350,10415829600,-6476081750,KRX MDCSTAT02401_OUT
recent2,KOSDAQ150,foreign,095340,ISC,108462,72687,-35775,20323328950,13619493250,-6703835700,KRX MDCSTAT02401_OUT
recent2,KOSDAQ150,foreign,241710,코스메카코리아,100326,48999,-51327,13214100500,6444724700,-6769375800,KRX MDCSTAT02401_OUT
recent2,KOSDAQ150,foreign,098460,고영,890253,643260,-246993,25095176275,18286735600,-6808440675,KRX MDCSTAT02401_OUT
recent2,KOSDAQ150,foreign,043260,성호전자,6043780,5706720,-337060,143734244780,135050280905,-8683963875,KRX MDCSTAT02401_OUT
recent2,KOSDAQ150,foreign,196170,알테오젠,172702,135915,-36787,43981344750,34621846750,-9359498000,KRX MDCSTAT02401_OUT
recent2,KOSDAQ150,foreign,178320,서진시스템,908409,618663,-289746,31415988400,21319888400,-10096100000,KRX MDCSTAT02401_OUT
recent2,KOSDAQ150,foreign,086520,에코프로,343686,210440,-133246,28127176400,17234522650,-10892653750,KRX MDCSTAT02401_OUT
recent2,KOSDAQ150,foreign,145020,휴젤,130665,79102,-51563,28625335000,17369660750,-11255674250,KRX MDCSTAT02401_OUT
recent2,KOSDAQ150,foreign,131290,티에스이,57459,11769,-45690,14205246000,2916475500,-11288770500,KRX MDCSTAT02401_OUT
recent2,KOSDAQ150,foreign,028300,HLB,1095718,617452,-478266,33427032100,18873204825,-14553827275,KRX MDCSTAT02401_OUT
recent2,KOSDAQ150,foreign,036930,주성엔지니어링,585129,504067,-81062,120147118500,103765715000,-16381403500,KRX MDCSTAT02401_OUT
recent2,KOSDAQ150,foreign,222800,심텍,318786,152479,-166307,40556133650,19499992100,-21056141550,KRX MDCSTAT02401_OUT
recent2,KOSDAQ150,institution,218410,RFHIC,270229,491101,220872,15763089100,28458866750,12695777650,KRX MDCSTAT02401_OUT
recent2,KOSDAQ150,institution,067310,하나마이크론,164238,373053,208815,6253387850,14186019725,7932631875,KRX MDCSTAT02401_OUT
recent2,KOSDAQ150,institution,043260,성호전자,3148614,3468327,319713,74602544800,82291219440,7688674640,KRX MDCSTAT02401_OUT
recent2,KOSDAQ150,institution,226950,올릭스,76166,142783,66617,8562529850,16115026750,7552496900,KRX MDCSTAT02401_OUT
recent2,KOSDAQ150,institution,183300,코미코,108345,352862,244517,3298743700,10766183325,7467439625,KRX MDCSTAT02401_OUT
recent2,KOSDAQ150,institution,131970,두산테스나,59915,139171,79256,4908381500,11851617950,6943236450,KRX MDCSTAT02401_OUT
recent2,KOSDAQ150,institution,058470,리노공업,179535,279692,100157,12299372150,19114733700,6815361550,KRX MDCSTAT02401_OUT
recent2,KOSDAQ150,institution,295310,에이치브이엠,84396,187476,103080,5029049650,11193387900,6164338250,KRX MDCSTAT02401_OUT
recent2,KOSDAQ150,institution,089970,브이엠,171197,275259,104062,9126062250,14759909450,5633847200,KRX MDCSTAT02401_OUT
recent2,KOSDAQ150,institution,251970,펌텍코리아,30659,118981,88322,1929740300,7515932150,5586191850,KRX MDCSTAT02401_OUT
recent2,KOSDAQ150,institution,241710,코스메카코리아,14980,50428,35448,1973562250,6645746400,4672184150,KRX MDCSTAT02401_OUT
recent2,KOSDAQ150,institution,121600,나노신소재,16539,90066,73527,863211650,4717335950,3854124300,KRX MDCSTAT02401_OUT
recent2,KOSDAQ150,institution,056080,유진로봇,27177,314849,287672,335015775,3652904110,3317888335,KRX MDCSTAT02401_OUT
recent2,KOSDAQ150,institution,417200,LS머트리얼즈,234616,436724,202108,3130167020,5890399920,2760232900,KRX MDCSTAT02401_OUT
recent2,KOSDAQ150,institution,166090,하나머티리얼즈,35418,81220,45802,1944198800,4498445450,2554246650,KRX MDCSTAT02401_OUT
recent2,KOSDAQ150,institution,420770,기가비스,84634,102634,18000,8792862700,11043699800,2250837100,KRX MDCSTAT02401_OUT
recent2,KOSDAQ150,institution,131290,티에스이,10066,18852,8786,2481310250,4676198750,2194888500,KRX MDCSTAT02401_OUT
recent2,KOSDAQ150,institution,277810,레인보우로보틱스,14314,19379,5065,6175504250,8337217000,2161712750,KRX MDCSTAT02401_OUT
recent2,KOSDAQ150,institution,056190,SFA,25162,100895,75733,699387800,2823521475,2124133675,KRX MDCSTAT02401_OUT
recent2,KOSDAQ150,institution,095340,ISC,34334,43994,9660,6431124600,8285685900,1854561300,KRX MDCSTAT02401_OUT
recent2,KOSDAQ150,institution,403870,HPSP,261044,295005,33961,13986549700,15820867200,1834317500,KRX MDCSTAT02401_OUT
recent2,KOSDAQ150,institution,039200,오스코텍,42982,92702,49720,1594843225,3423585050,1828741825,KRX MDCSTAT02401_OUT
recent2,KOSDAQ150,institution,035900,JYP Ent.,22761,69957,47196,880396850,2703035250,1822638400,KRX MDCSTAT02401_OUT
recent2,KOSDAQ150,institution,003380,하림지주,133981,293360,159379,1488105535,3262692135,1774586600,KRX MDCSTAT02401_OUT
recent2,KOSDAQ150,institution,096530,씨젠,46372,98962,52590,1552744125,3320693475,1767949350,KRX MDCSTAT02401_OUT
recent2,KOSDAQ150,institution,082920,비츠로셀,65757,120316,54559,1933974175,3532666775,1598692600,KRX MDCSTAT02401_OUT
recent2,KOSDAQ150,institution,225570,넥슨게임즈,19988,145381,125393,227288840,1656008720,1428719880,KRX MDCSTAT02401_OUT
recent2,KOSDAQ150,institution,032820,우리기술,93906,198332,104426,1274494475,2688627060,1414132585,KRX MDCSTAT02401_OUT
recent2,KOSDAQ150,institution,240810,원익IPS,175437,185429,9992,20826416300,22112400600,1285984300,KRX MDCSTAT02401_OUT
recent2,KOSDAQ150,institution,319400,현대무벡스,184587,258409,73822,4131302450,5364604450,1233302000,KRX MDCSTAT02401_OUT
recent2,KOSDAQ150,institution,237690,에스티팜,21868,33099,11231,2009641650,3040618900,1030977250,KRX MDCSTAT02401_OUT
recent2,KOSDAQ150,institution,475830,오름테라퓨틱,8804,25147,16343,375066700,1321707500,946640800,KRX MDCSTAT02401_OUT
recent2,KOSDAQ150,institution,014620,성광벤드,23097,51895,28798,742326500,1672109300,929782800,KRX MDCSTAT02401_OUT
recent2,KOSDAQ150,institution,171090,선익시스템,7671,19874,12203,551969700,1429158800,877189100,KRX MDCSTAT02401_OUT
recent2,KOSDAQ150,institution,005290,동진쎄미켐,48093,67905,19812,1969152775,2791797125,822644350,KRX MDCSTAT02401_OUT
recent2,KOSDAQ150,institution,053800,안랩,21250,33439,12189,1419138450,2224079500,804941050,KRX MDCSTAT02401_OUT
recent2,KOSDAQ150,institution,098460,고영,117750,144960,27210,3322583175,4066434700,743851525,KRX MDCSTAT02401_OUT
recent2,KOSDAQ150,institution,068760,셀트리온제약,22592,40316,17724,880432600,1573427600,692995000,KRX MDCSTAT02401_OUT
recent2,KOSDAQ150,institution,000250,삼천당제약,22272,26537,4265,3583722550,4267040900,683318350,KRX MDCSTAT02401_OUT
recent2,KOSDAQ150,institution,189300,인텔리안테크,18646,27090,8444,1283911200,1865904750,581993550,KRX MDCSTAT02401_OUT
recent2,KOSDAQ150,institution,211050,인카금융서비스,16754,71162,54408,175912960,751265240,575352280,KRX MDCSTAT02401_OUT
recent2,KOSDAQ150,institution,030530,원익홀딩스,15558,32565,17007,396304375,829904300,433599925,KRX MDCSTAT02401_OUT
recent2,KOSDAQ150,institution,112040,위메이드,33993,60020,26027,516446090,916331160,399885070,KRX MDCSTAT02401_OUT
recent2,KOSDAQ150,institution,032500,케이엠더블유,22806,44462,21656,423924695,823312690,399387995,KRX MDCSTAT02401_OUT
recent2,KOSDAQ150,institution,215200,메가스터디교육,5390,16606,11216,187900200,579823650,391923450,KRX MDCSTAT02401_OUT
recent2,KOSDAQ150,institution,041190,우리기술투자,13828,82529,68701,73346140,444358085,371011945,KRX MDCSTAT02401_OUT
recent2,KOSDAQ150,institution,050890,쏠리드,33041,65795,32754,320825790,632939500,312113710,KRX MDCSTAT02401_OUT
recent2,KOSDAQ150,institution,140860,파크시스템스,5184,6357,1173,1326763250,1635021000,308257750,KRX MDCSTAT02401_OUT
recent2,KOSDAQ150,institution,036810,에프에스티,3534,14143,10609,94823525,378532700,283709175,KRX MDCSTAT02401_OUT
recent2,KOSDAQ150,institution,137400,피엔티,15102,23802,8700,435860300,687532075,251671775,KRX MDCSTAT02401_OUT
recent2,KOSDAQ150,institution,125490,한라캐스트,29733,52328,22595,353370130,604028420,250658290,KRX MDCSTAT02401_OUT
recent2,KOSDAQ150,institution,038500,삼표시멘트,28040,63280,35240,192009490,434544790,242535300,KRX MDCSTAT02401_OUT
recent2,KOSDAQ150,institution,352480,씨앤씨인터내셔널,2212,10960,8748,48542200,242905000,194362800,KRX MDCSTAT02401_OUT
recent2,KOSDAQ150,institution,399720,가온칩스,5023,9622,4599,212905075,404761450,191856375,KRX MDCSTAT02401_OUT
recent2,KOSDAQ150,institution,099320,쎄트렉아이,4096,6518,2422,320116900,511006000,190889100,KRX MDCSTAT02401_OUT
recent2,KOSDAQ150,institution,036540,SFA반도체,1671618,1676655,5037,14740961885,14905180580,164218695,KRX MDCSTAT02401_OUT
recent2,KOSDAQ150,institution,348370,엔켐,6328,13342,7014,128532450,271115700,142583250,KRX MDCSTAT02401_OUT
recent2,KOSDAQ150,institution,100790,미래에셋벤처투자,11072,18436,7364,194025550,321346315,127320765,KRX MDCSTAT02401_OUT
recent2,KOSDAQ150,institution,090710,휴림로봇,25581,45457,19876,160329550,285142485,124812935,KRX MDCSTAT02401_OUT
recent2,KOSDAQ150,institution,030520,한컴,52936,59805,6869,902171410,1019833145,117661735,KRX MDCSTAT02401_OUT
recent2,KOSDAQ150,institution,095660,네오위즈,9268,15480,6212,167069420,279260620,112191200,KRX MDCSTAT02401_OUT
recent2,KOSDAQ150,institution,348210,넥스틴,10786,13366,2580,343653500,427277550,83624050,KRX MDCSTAT02401_OUT
recent2,KOSDAQ150,institution,290650,엘앤씨바이오,5392,7142,1750,250331900,332366950,82035050,KRX MDCSTAT02401_OUT
recent2,KOSDAQ150,institution,214370,케어젠,8092,10063,1971,331362550,409531700,78169150,KRX MDCSTAT02401_OUT
recent2,KOSDAQ150,institution,036620,감성코퍼레이션,15760,33124,17364,58894815,123804135,64909320,KRX MDCSTAT02401_OUT
recent2,KOSDAQ150,institution,009520,포스코엠텍,20165,24921,4756,256502280,317300965,60798685,KRX MDCSTAT02401_OUT
recent2,KOSDAQ150,institution,101730,위메이드맥스,4091,13162,9071,19305060,62861029,43555969,KRX MDCSTAT02401_OUT
recent2,KOSDAQ150,institution,082270,젬백스,8230,12080,3850,84028175,122904330,38876155,KRX MDCSTAT02401_OUT
recent2,KOSDAQ150,institution,376300,디어유,3401,5635,2234,58531130,97037775,38506645,KRX MDCSTAT02401_OUT
recent2,KOSDAQ150,institution,032190,다우데이타,6728,8161,1433,135214300,164035580,28821280,KRX MDCSTAT02401_OUT
recent2,KOSDAQ150,institution,018290,브이티,9772,12060,2288,114425930,141630470,27204540,KRX MDCSTAT02401_OUT
recent2,KOSDAQ150,institution,025980,아난티,13047,17764,4717,67176385,91709960,24533575,KRX MDCSTAT02401_OUT
recent2,KOSDAQ150,institution,445680,큐리옥스바이오시스템즈,3539,4021,482,165428950,187936950,22508000,KRX MDCSTAT02401_OUT
recent2,KOSDAQ150,institution,204270,제이앤티씨,3721,4651,930,84665800,106791350,22125550,KRX MDCSTAT02401_OUT
recent2,KOSDAQ150,institution,048410,현대바이오,138820,141451,2631,949508065,963657295,14149230,KRX MDCSTAT02401_OUT
recent2,KOSDAQ150,institution,060250,NHN KCP,4077,5081,1004,53900600,67165600,13265000,KRX MDCSTAT02401_OUT
recent2,KOSDAQ150,institution,007390,네이처셀,21195,21704,509,525510850,537993550,12482700,KRX MDCSTAT02401_OUT
recent2,KOSDAQ150,institution,161580,필옵틱스,3950,4149,199,125539025,131812225,6273200,KRX MDCSTAT02401_OUT
recent2,KOSDAQ150,institution,060280,큐렉소,6862,7386,524,54609390,59123800,4514410,KRX MDCSTAT02401_OUT
recent2,KOSDAQ150,institution,253590,네오셈,5126,5336,210,62862380,65601180,2738800,KRX MDCSTAT02401_OUT
recent2,KOSDAQ150,institution,025900,동화기업,7337,7499,162,50773750,51968240,1194490,KRX MDCSTAT02401_OUT
recent2,KOSDAQ150,institution,025320,시노펙스,14544,14599,55,55651680,56015830,364150,KRX MDCSTAT02401_OUT
recent2,KOSDAQ150,institution,042000,카페24,3413,3419,6,52162540,52292630,130090,KRX MDCSTAT02401_OUT
recent2,KOSDAQ150,institution,033500,동성화인텍,4381,4355,-26,72807915,72511880,-296035,KRX MDCSTAT02401_OUT
recent2,KOSDAQ150,institution,069080,웹젠,21357,20445,-912,238276640,228376990,-9899650,KRX MDCSTAT02401_OUT
recent2,KOSDAQ150,institution,015750,성우하이텍,21471,18955,-2516,128470625,113366920,-15103705,KRX MDCSTAT02401_OUT
recent2,KOSDAQ150,institution,078340,컴투스,16362,15830,-532,548151400,530132450,-18018950,KRX MDCSTAT02401_OUT
recent2,KOSDAQ150,institution,065350,신성델타테크,7573,6512,-1061,234244700,202412150,-31832550,KRX MDCSTAT02401_OUT
recent2,KOSDAQ150,institution,466100,클로봇,11193,9800,-1393,260464725,226755625,-33709100,KRX MDCSTAT02401_OUT
recent2,KOSDAQ150,institution,006730,서부T&D,41154,37761,-3393,461767115,425030980,-36736135,KRX MDCSTAT02401_OUT
recent2,KOSDAQ150,institution,272290,이녹스첨단소재,12847,10955,-1892,264596975,225452600,-39144375,KRX MDCSTAT02401_OUT
recent2,KOSDAQ150,institution,388720,유일로보틱스,3676,3059,-617,254814600,212673700,-42140900,KRX MDCSTAT02401_OUT
recent2,KOSDAQ150,institution,281740,레이크머티리얼즈,33110,27380,-5730,356177690,294973110,-61204580,KRX MDCSTAT02401_OUT
recent2,KOSDAQ150,institution,067160,SOOP,6428,4732,-1696,238262450,175347300,-62915150,KRX MDCSTAT02401_OUT
recent2,KOSDAQ150,institution,036830,솔브레인홀딩스,12864,11326,-1538,529219775,466281050,-62938725,KRX MDCSTAT02401_OUT
recent2,KOSDAQ150,institution,358570,지아이이노베이션,39286,30940,-8346,359231795,288350865,-70880930,KRX MDCSTAT02401_OUT
recent2,KOSDAQ150,institution,323280,태성,7807,5857,-1950,352910500,266008450,-86902050,KRX MDCSTAT02401_OUT
recent2,KOSDAQ150,institution,278280,천보,5185,2822,-2363,191887275,104553775,-87333500,KRX MDCSTAT02401_OUT
recent2,KOSDAQ150,institution,232140,와이씨,21039,12499,-8540,251366250,149767680,-101598570,KRX MDCSTAT02401_OUT
recent2,KOSDAQ150,institution,087010,펩트론,20839,19441,-1398,3109867850,2937244300,-172623550,KRX MDCSTAT02401_OUT
recent2,KOSDAQ150,institution,194480,데브시스터즈,28610,16429,-12181,412246080,237171970,-175074110,KRX MDCSTAT02401_OUT
recent2,KOSDAQ150,institution,074600,원익QnC,94978,87537,-7441,2608532925,2412760950,-195771975,KRX MDCSTAT02401_OUT
recent2,KOSDAQ150,institution,214430,아이쓰리시스템,6194,2817,-3377,373801850,171801050,-202000800,KRX MDCSTAT02401_OUT
recent2,KOSDAQ150,institution,0009K0,에임드바이오,29947,20679,-9268,668454200,462480350,-205973850,KRX MDCSTAT02401_OUT
recent2,KOSDAQ150,institution,085660,차바이오텍,63868,36748,-27120,498357540,287582620,-210774920,KRX MDCSTAT02401_OUT
recent2,KOSDAQ150,institution,263750,펄어비스,36003,29141,-6862,1238501000,1003377500,-235123500,KRX MDCSTAT02401_OUT
recent2,KOSDAQ150,institution,122870,와이지엔터테인먼트,40327,34374,-5953,1766677450,1507413625,-259263825,KRX MDCSTAT02401_OUT
recent2,KOSDAQ150,institution,328130,루닛,50844,20227,-30617,449660940,175876740,-273784200,KRX MDCSTAT02401_OUT
recent2,KOSDAQ150,institution,437730,삼현,82305,74956,-7349,4014727025,3727839875,-286887150,KRX MDCSTAT02401_OUT
recent2,KOSDAQ150,institution,052400,코나아이,13289,5384,-7905,500184825,201997325,-298187500,KRX MDCSTAT02401_OUT
recent2,KOSDAQ150,institution,253450,스튜디오드래곤,35913,19996,-15917,754864450,420836925,-334027525,KRX MDCSTAT02401_OUT
recent2,KOSDAQ150,institution,214150,클래시스,27885,15507,-12378,881070950,489960025,-391110925,KRX MDCSTAT02401_OUT
recent2,KOSDAQ150,institution,060370,LS마린솔루션,58644,47086,-11558,1999415350,1590503900,-408911450,KRX MDCSTAT02401_OUT
recent2,KOSDAQ150,institution,033100,제룡전기,15133,4492,-10641,722457175,211667700,-510789475,KRX MDCSTAT02401_OUT
recent2,KOSDAQ150,institution,124500,아이티센글로벌,45482,27465,-18017,1332060525,805227600,-526832925,KRX MDCSTAT02401_OUT
recent2,KOSDAQ150,institution,293490,카카오게임즈,97439,36895,-60544,902923100,347599520,-555323580,KRX MDCSTAT02401_OUT
recent2,KOSDAQ150,institution,101490,에스앤에스텍,21209,5830,-15379,868882150,240272300,-628609850,KRX MDCSTAT02401_OUT
recent2,KOSDAQ150,institution,095610,테스,36257,29258,-6999,4972018400,4009296750,-962721650,KRX MDCSTAT02401_OUT
recent2,KOSDAQ150,institution,035760,CJ ENM,49703,23532,-26171,1854488975,878313825,-976175150,KRX MDCSTAT02401_OUT
recent2,KOSDAQ150,institution,090360,로보스타,22074,6293,-15781,1739520400,493277600,-1246242800,KRX MDCSTAT02401_OUT
recent2,KOSDAQ150,institution,031980,피에스케이홀딩스,50912,42663,-8249,8382326600,7095243150,-1287083450,KRX MDCSTAT02401_OUT
recent2,KOSDAQ150,institution,078600,대주전자재료,23728,7278,-16450,2059010850,634952700,-1424058150,KRX MDCSTAT02401_OUT
recent2,KOSDAQ150,institution,028300,HLB,112460,61649,-50811,3461451600,1923471700,-1537979900,KRX MDCSTAT02401_OUT
recent2,KOSDAQ150,institution,347850,디앤디파마텍,63869,28028,-35841,2910923300,1286347850,-1624575450,KRX MDCSTAT02401_OUT
recent2,KOSDAQ150,institution,064760,티씨케이,27699,21106,-6593,7445167500,5690338250,-1754829250,KRX MDCSTAT02401_OUT
recent2,KOSDAQ150,institution,178320,서진시스템,101808,42534,-59274,3507411750,1484322650,-2023089100,KRX MDCSTAT02401_OUT
recent2,KOSDAQ150,institution,195940,HK이노엔,83799,24809,-58990,3245614325,967921900,-2277692425,KRX MDCSTAT02401_OUT
recent2,KOSDAQ150,institution,058610,에스피지,34717,11604,-23113,3426700500,1145111050,-2281589450,KRX MDCSTAT02401_OUT
recent2,KOSDAQ150,institution,041510,에스엠,53527,25012,-28515,4422255800,2072053500,-2350202300,KRX MDCSTAT02401_OUT
recent2,KOSDAQ150,institution,213420,덕산네오룩스,93628,13298,-80330,2796159475,396051600,-2400107875,KRX MDCSTAT02401_OUT
recent2,KOSDAQ150,institution,310210,보로노이,49989,32549,-17440,6832347900,4417185750,-2415162150,KRX MDCSTAT02401_OUT
recent2,KOSDAQ150,institution,080220,제주반도체,97570,61536,-36034,7100663050,4497859600,-2602803450,KRX MDCSTAT02401_OUT
recent2,KOSDAQ150,institution,257720,실리콘투,225085,153148,-71937,9436031050,6468570125,-2967460925,KRX MDCSTAT02401_OUT
recent2,KOSDAQ150,institution,084370,유진테크,61628,38230,-23398,8395944050,5215613300,-3180330750,KRX MDCSTAT02401_OUT
recent2,KOSDAQ150,institution,036930,주성엔지니어링,134968,118487,-16481,27688946250,24309790750,-3379155500,KRX MDCSTAT02401_OUT
recent2,KOSDAQ150,institution,089030,테크윙,164433,87862,-76571,7503490575,4024655325,-3478835250,KRX MDCSTAT02401_OUT
recent2,KOSDAQ150,institution,145020,휴젤,35221,17544,-17677,7694862250,3946426750,-3748435500,KRX MDCSTAT02401_OUT
recent2,KOSDAQ150,institution,222800,심텍,111771,79336,-32435,14253907550,10082098000,-4171809550,KRX MDCSTAT02401_OUT
recent2,KOSDAQ150,institution,141080,리가켐바이오,85313,31463,-53850,7043464250,2603513550,-4439950700,KRX MDCSTAT02401_OUT
recent2,KOSDAQ150,institution,083650,비에이치아이,121096,44980,-76116,7799569950,2904796250,-4894773700,KRX MDCSTAT02401_OUT
recent2,KOSDAQ150,institution,039030,이오테크닉스,58183,44981,-13202,26951083000,20816690500,-6134392500,KRX MDCSTAT02401_OUT
recent2,KOSDAQ150,institution,298380,에이비엘바이오,175069,45175,-129894,9917982600,2591040800,-7326941800,KRX MDCSTAT02401_OUT
recent2,KOSDAQ150,institution,247540,에코프로비엠,145228,60104,-85124,15078375950,6276792650,-8801583300,KRX MDCSTAT02401_OUT
recent2,KOSDAQ150,institution,086520,에코프로,256775,146453,-110322,21052016000,12033137600,-9018878400,KRX MDCSTAT02401_OUT
recent2,KOSDAQ150,institution,196170,알테오젠,105692,65551,-40141,26925696500,16712925000,-10212771500,KRX MDCSTAT02401_OUT
recent2,KOSDAQ150,institution,214450,파마리서치,70925,25797,-45128,23302302250,8516142750,-14786159500,KRX MDCSTAT02401_OUT
recent2,KOSDAQ150,institution,108490,로보티즈,116430,54118,-62312,35773365250,16763872750,-19009492500,KRX MDCSTAT02401_OUT
