period_type,universe,investor,code,name,sell_volume,buy_volume,net_volume,sell_value,buy_value,net_value,source
daily,KOSPI200,foreign,000990,DB하이텍,97668,309777,212109,13498190400,42284714700,28786524300,KRX MDCSTAT02401_OUT
daily,KOSPI200,foreign,278470,에이피알,146292,207624,61332,55248683250,78326272000,23077588750,KRX MDCSTAT02401_OUT
daily,KOSPI200,foreign,096770,SK이노베이션,234503,342122,107619,37293253578,54427909278,17134655700,KRX MDCSTAT02401_OUT
daily,KOSPI200,foreign,042700,한미반도체,193524,234870,41346,52208814000,62911857500,10703043500,KRX MDCSTAT02401_OUT
daily,KOSPI200,foreign,373220,LG에너지솔루션,107061,132336,25275,41799778000,51597151000,9797373000,KRX MDCSTAT02401_OUT
daily,KOSPI200,foreign,009540,HD한국조선해양,137227,166985,29758,41965531250,50980646500,9015115250,KRX MDCSTAT02401_OUT
daily,KOSPI200,foreign,023530,롯데쇼핑,36025,119774,83749,3561820600,11754302500,8192481900,KRX MDCSTAT02401_OUT
daily,KOSPI200,foreign,028050,삼성E&A,632229,771146,138917,30868512250,37721077525,6852565275,KRX MDCSTAT02401_OUT
daily,KOSPI200,foreign,033780,KT&G,66854,104669,37815,11957878950,18702445850,6744566900,KRX MDCSTAT02401_OUT
daily,KOSPI200,foreign,443060,HD현대마린솔루션,27594,57859,30265,6083745750,12758297750,6674552000,KRX MDCSTAT02401_OUT
daily,KOSPI200,foreign,090430,아모레퍼시픽,88730,134620,45890,12337968500,18722236150,6384267650,KRX MDCSTAT02401_OUT
daily,KOSPI200,foreign,068270,셀트리온,61640,93492,31852,11291252300,17129859550,5838607250,KRX MDCSTAT02401_OUT
daily,KOSPI200,foreign,005830,DB손해보험,84001,113852,29851,15839631550,21460514700,5620883150,KRX MDCSTAT02401_OUT
daily,KOSPI200,foreign,105560,KB금융,271167,298040,26873,45671023100,50187994250,4516971150,KRX MDCSTAT02401_OUT
daily,KOSPI200,foreign,352820,하이브,116853,143775,26922,19429836400,23806347150,4376510750,KRX MDCSTAT02401_OUT
daily,KOSPI200,foreign,086790,하나금융지주,247235,280859,33624,31863385300,36185270900,4321885600,KRX MDCSTAT02401_OUT
daily,KOSPI200,foreign,483650,달바글로벌,33338,55380,22042,6140360900,10263328550,4122967650,KRX MDCSTAT02401_OUT
daily,KOSPI200,foreign,004170,신세계,33612,45388,11776,10780632500,14532718000,3752085500,KRX MDCSTAT02401_OUT
daily,KOSPI200,foreign,329180,HD현대중공업,96799,105844,9045,39249902250,42866828000,3616925750,KRX MDCSTAT02401_OUT
daily,KOSPI200,foreign,030000,제일기획,48543,239515,190972,918806230,4533673150,3614866920,KRX MDCSTAT02401_OUT
daily,KOSPI200,foreign,259960,크래프톤,42397,60192,17795,8538577100,12124112500,3585535400,KRX MDCSTAT02401_OUT
daily,KOSPI200,foreign,006400,삼성SDI,95545,101862,6317,54132018500,57653086000,3521067500,KRX MDCSTAT02401_OUT
daily,KOSPI200,foreign,003230,삼양식품,5790,8590,2800,7041664000,10448765500,3407101500,KRX MDCSTAT02401_OUT
daily,KOSPI200,foreign,028670,팬오션,1281115,1814724,533609,7977471060,11261001315,3283530255,KRX MDCSTAT02401_OUT
daily,KOSPI200,foreign,016360,삼성증권,86563,121483,34920,7764217700,10903127350,3138909650,KRX MDCSTAT02401_OUT
daily,KOSPI200,foreign,001450,현대해상,144244,208263,64019,6952618475,10027716000,3075097525,KRX MDCSTAT02401_OUT
daily,KOSPI200,foreign,011200,HMM,151995,288450,136455,3249670175,6171622450,2921952275,KRX MDCSTAT02401_OUT
daily,KOSPI200,foreign,039490,키움증권,37230,48221,10991,9240908500,12033795500,2792887000,KRX MDCSTAT02401_OUT
daily,KOSPI200,foreign,069960,현대백화점,40038,72491,32453,3475932100,6262045400,2786113300,KRX MDCSTAT02401_OUT
daily,KOSPI200,foreign,036570,NC,64487,76433,11946,15338913000,18077113750,2738200750,KRX MDCSTAT02401_OUT
daily,KOSPI200,foreign,000270,기아,283683,306339,22656,31230012200,33711794700,2481782500,KRX MDCSTAT02401_OUT
daily,KOSPI200,foreign,003490,대한항공,293288,370147,76859,9085720625,11552658600,2466937975,KRX MDCSTAT02401_OUT
daily,KOSPI200,foreign,001040,CJ,20145,35733,15588,2658896350,4712667050,2053770700,KRX MDCSTAT02401_OUT
daily,KOSPI200,foreign,097950,CJ제일제당,29339,40469,11130,5319612550,7349652400,2030039850,KRX MDCSTAT02401_OUT
daily,KOSPI200,foreign,071050,한국금융지주,59797,71337,11540,10484264600,12511313100,2027048500,KRX MDCSTAT02401_OUT
daily,KOSPI200,foreign,271560,오리온,33545,51748,18203,3550379844,5472673494,1922293650,KRX MDCSTAT02401_OUT
daily,KOSPI200,foreign,034230,파라다이스,182532,376360,193828,1800945160,3703809510,1902864350,KRX MDCSTAT02401_OUT
daily,KOSPI200,foreign,021240,코웨이,74545,91717,17172,7625782300,9381612250,1755829950,KRX MDCSTAT02401_OUT
daily,KOSPI200,foreign,007340,DN오토모티브,35926,68875,32949,1774901700,3405572625,1630670925,KRX MDCSTAT02401_OUT
daily,KOSPI200,foreign,003550,LG,57525,71760,14235,6438027150,8025004800,1586977650,KRX MDCSTAT02401_OUT
daily,KOSPI200,foreign,017670,SK텔레콤,60496,76500,16004,5297704750,6697257450,1399552700,KRX MDCSTAT02401_OUT
daily,KOSPI200,foreign,036460,한국가스공사,37897,71653,33756,1366708850,2588255350,1221546500,KRX MDCSTAT02401_OUT
daily,KOSPI200,foreign,251270,넷마블,51143,85478,34335,1774964350,2968086100,1193121750,KRX MDCSTAT02401_OUT
daily,KOSPI200,foreign,028260,삼성물산,139742,142423,2681,47488562500,48523603500,1035041000,KRX MDCSTAT02401_OUT
daily,KOSPI200,foreign,002790,아모레퍼시픽홀딩스,66170,105588,39418,1731432350,2766183125,1034750775,KRX MDCSTAT02401_OUT
daily,KOSPI200,foreign,010140,삼성중공업,830702,880201,49499,16270911895,17231909500,960997605,KRX MDCSTAT02401_OUT
daily,KOSPI200,foreign,014680,한솔케미칼,12389,15865,3476,3336261500,4258240750,921979250,KRX MDCSTAT02401_OUT
daily,KOSPI200,foreign,011790,SKC,66315,75207,8892,7358654100,8280612550,921958450,KRX MDCSTAT02401_OUT
daily,KOSPI200,foreign,241560,두산밥캣,74430,91078,16648,4109054500,5029408200,920353700,KRX MDCSTAT02401_OUT
daily,KOSPI200,foreign,051910,LG화학,73584,76718,3134,20286776750,21170970500,884193750,KRX MDCSTAT02401_OUT
daily,KOSPI200,foreign,316140,우리금융지주,907710,932138,24428,30357598850,31176617825,819018975,KRX MDCSTAT02401_OUT
daily,KOSPI200,foreign,029780,삼성카드,23792,42126,18334,994829850,1760955950,766126100,KRX MDCSTAT02401_OUT
daily,KOSPI200,foreign,192080,더블유게임즈,29587,41261,11674,1687234550,2352179250,664944700,KRX MDCSTAT02401_OUT
daily,KOSPI200,foreign,047050,포스코인터내셔널,133670,144990,11320,7656425650,8315535400,659109750,KRX MDCSTAT02401_OUT
daily,KOSPI200,foreign,073240,금호타이어,268110,363457,95347,1791988770,2430227225,638238455,KRX MDCSTAT02401_OUT
daily,KOSPI200,foreign,011170,롯데케미칼,39354,48985,9631,2371042800,2986128900,615086100,KRX MDCSTAT02401_OUT
daily,KOSPI200,foreign,000120,CJ대한통운,13866,22518,8652,973299450,1583963450,610664000,KRX MDCSTAT02401_OUT
daily,KOSPI200,foreign,088350,한화생명,402732,510894,108162,2146071910,2720734825,574662915,KRX MDCSTAT02401_OUT
daily,KOSPI200,foreign,180640,한진칼,11763,16049,4286,1571026200,2139406200,568380000,KRX MDCSTAT02401_OUT
daily,KOSPI200,foreign,000100,유한양행,80314,87756,7442,6049453600,6600276100,550822500,KRX MDCSTAT02401_OUT
daily,KOSPI200,foreign,003240,태광산업,230,736,506,212440000,679251000,466811000,KRX MDCSTAT02401_OUT
daily,KOSPI200,foreign,000080,하이트진로,11517,41507,29990,171014120,616610130,445596010,KRX MDCSTAT02401_OUT
daily,KOSPI200,foreign,008930,한미사이언스,135067,145284,10217,8514341550,8931850700,417509150,KRX MDCSTAT02401_OUT
daily,KOSPI200,foreign,009970,영원무역홀딩스,5583,8033,2450,948816800,1356028100,407211300,KRX MDCSTAT02401_OUT
daily,KOSPI200,foreign,185750,종근당,4035,9426,5391,266816050,623158600,356342550,KRX MDCSTAT02401_OUT
daily,KOSPI200,foreign,004000,롯데정밀화학,12012,19734,7722,511249000,842398450,331149450,KRX MDCSTAT02401_OUT
daily,KOSPI200,foreign,069620,대웅제약,2683,5633,2950,295737550,621013150,325275600,KRX MDCSTAT02401_OUT
daily,KOSPI200,foreign,035250,강원랜드,70171,90213,20042,1003718180,1290684320,286966140,KRX MDCSTAT02401_OUT
daily,KOSPI200,foreign,051900,LG생활건강,24264,25324,1060,6592786250,6872726250,279940000,KRX MDCSTAT02401_OUT
daily,KOSPI200,foreign,005300,롯데칠성,3011,5938,2927,287592100,567200600,279608500,KRX MDCSTAT02401_OUT
daily,KOSPI200,foreign,300720,한일시멘트,4712,21968,17256,76095500,355227575,279132075,KRX MDCSTAT02401_OUT
daily,KOSPI200,foreign,071320,지역난방공사,1793,5023,3230,141037300,397157400,256120100,KRX MDCSTAT02401_OUT
daily,KOSPI200,foreign,032830,삼성생명,93138,94082,944,26375766250,26625713500,249947250,KRX MDCSTAT02401_OUT
daily,KOSPI200,foreign,007070,GS리테일,31781,42532,10751,709604275,949683425,240079150,KRX MDCSTAT02401_OUT
daily,KOSPI200,foreign,003090,대웅,32013,47500,15487,496537005,736051520,239514515,KRX MDCSTAT02401_OUT
daily,KOSPI200,foreign,139480,이마트,28273,31429,3156,2023529300,2249985550,226456250,KRX MDCSTAT02401_OUT
daily,KOSPI200,foreign,000240,한국앤컴퍼니,10418,18320,7902,265126900,466318600,201191700,KRX MDCSTAT02401_OUT
daily,KOSPI200,foreign,361610,SK아이이테크놀로지,143915,153157,9242,2625737680,2802336140,176598460,KRX MDCSTAT02401_OUT
daily,KOSPI200,foreign,001800,오리온홀딩스,13566,21157,7591,308619450,480861600,172242150,KRX MDCSTAT02401_OUT
daily,KOSPI200,foreign,002840,미원상사,263,1514,1251,36330100,208373100,172043000,KRX MDCSTAT02401_OUT
daily,KOSPI200,foreign,064350,현대로템,129856,131519,1663,14231825000,14378473800,146648800,KRX MDCSTAT02401_OUT
daily,KOSPI200,foreign,285130,SK케미칼,6771,9347,2576,348566300,481601100,133034800,KRX MDCSTAT02401_OUT
daily,KOSPI200,foreign,001680,대상,16146,23033,6887,284831400,406521500,121690100,KRX MDCSTAT02401_OUT
daily,KOSPI200,foreign,005850,에스엘,12970,15374,2404,663046100,784501650,121455550,KRX MDCSTAT02401_OUT
daily,KOSPI200,foreign,137310,에스디바이오센서,160469,177419,16950,1081829190,1200531925,118702735,KRX MDCSTAT02401_OUT
daily,KOSPI200,foreign,006280,녹십자,8321,9240,919,1084155450,1202751050,118595600,KRX MDCSTAT02401_OUT
daily,KOSPI200,foreign,011780,금호석유화학,35985,36835,850,4160747200,4268187000,107439800,KRX MDCSTAT02401_OUT
daily,KOSPI200,foreign,280360,롯데웰푸드,4095,4900,805,503272200,601648400,98376200,KRX MDCSTAT02401_OUT
daily,KOSPI200,foreign,006040,동원산업,9341,11961,2620,327501150,419707750,92206600,KRX MDCSTAT02401_OUT
daily,KOSPI200,foreign,051600,한전KPS,26130,28206,2076,1178652925,1267188300,88535375,KRX MDCSTAT02401_OUT
daily,KOSPI200,foreign,302440,SK바이오사이언스,27997,30043,2046,1063982175,1140594275,76612100,KRX MDCSTAT02401_OUT
daily,KOSPI200,foreign,069260,TKG휴켐스,18931,22883,3952,299910030,362897960,62987930,KRX MDCSTAT02401_OUT
daily,KOSPI200,foreign,007310,오뚜기,1314,1492,178,412882000,468948000,56066000,KRX MDCSTAT02401_OUT
daily,KOSPI200,foreign,000210,DL,14143,14839,696,695325975,730015700,34689725,KRX MDCSTAT02401_OUT
daily,KOSPI200,foreign,450080,에코프로머티,84724,85739,1015,3272028350,3306543875,34515525,KRX MDCSTAT02401_OUT
daily,KOSPI200,foreign,008770,호텔신라,89087,89793,706,3500200050,3532144750,31944700,KRX MDCSTAT02401_OUT
daily,KOSPI200,foreign,014820,동원시스템즈,3584,4896,1312,77943800,106153700,28209900,KRX MDCSTAT02401_OUT
daily,KOSPI200,foreign,006650,대한유화,18825,18851,26,1671825300,1694775450,22950150,KRX MDCSTAT02401_OUT
daily,KOSPI200,foreign,268280,미원에스씨,223,373,150,28043700,46801700,18758000,KRX MDCSTAT02401_OUT
daily,KOSPI200,foreign,007700,F&F홀딩스,575,1415,840,7747310,19095490,11348180,KRX MDCSTAT02401_OUT
daily,KOSPI200,foreign,009240,한샘,8058,7990,-68,325869250,322800700,-3068550,KRX MDCSTAT02401_OUT
daily,KOSPI200,foreign,002030,아세아,777,735,-42,159625000,151126500,-8498500,KRX MDCSTAT02401_OUT
daily,KOSPI200,foreign,298050,HS효성첨단소재,2052,1955,-97,333245700,317412100,-15833600,KRX MDCSTAT02401_OUT
daily,KOSPI200,foreign,026960,동서,11658,10605,-1053,306950075,279036725,-27913350,KRX MDCSTAT02401_OUT
daily,KOSPI200,foreign,004370,농심,9119,9022,-97,3652667750,3613969750,-38698000,KRX MDCSTAT02401_OUT
daily,KOSPI200,foreign,002380,KCC,8743,8611,-132,4130053000,4070445750,-59607250,KRX MDCSTAT02401_OUT
daily,KOSPI200,foreign,004990,롯데지주,21115,15348,-5767,490790200,356891000,-133899200,KRX MDCSTAT02401_OUT
daily,KOSPI200,foreign,008730,율촌화학,29065,18544,-10521,457201060,291476640,-165724420,KRX MDCSTAT02401_OUT
daily,KOSPI200,foreign,000670,영풍,9548,4995,-4553,386120950,202250450,-183870500,KRX MDCSTAT02401_OUT
daily,KOSPI200,foreign,030200,KT,34911,30978,-3933,1792790700,1592086200,-200704500,KRX MDCSTAT02401_OUT
daily,KOSPI200,foreign,282330,BGF리테일,33160,31355,-1805,4288014700,4055790600,-232224100,KRX MDCSTAT02401_OUT
daily,KOSPI200,foreign,457190,이수스페셜티케미컬,50373,47698,-2675,4090291500,3842229550,-248061950,KRX MDCSTAT02401_OUT
daily,KOSPI200,foreign,005420,코스모화학,46336,20889,-25447,537697820,242761320,-294936500,KRX MDCSTAT02401_OUT
daily,KOSPI200,foreign,0126Z0,삼성에피스홀딩스,14081,13190,-891,5239007250,4907272000,-331735250,KRX MDCSTAT02401_OUT
daily,KOSPI200,foreign,003030,세아제강지주,7629,4111,-3518,831599600,447670500,-383929100,KRX MDCSTAT02401_OUT
daily,KOSPI200,foreign,375500,DL이앤씨,80755,75423,-5332,5892585900,5498419450,-394166450,KRX MDCSTAT02401_OUT
daily,KOSPI200,foreign,012750,에스원,116581,110571,-6010,9820682696,9312269896,-508412800,KRX MDCSTAT02401_OUT
daily,KOSPI200,foreign,022100,포스코DX,92691,66440,-26251,1977477200,1416797200,-560680000,KRX MDCSTAT02401_OUT
daily,KOSPI200,foreign,005940,NH투자증권,140571,118775,-21796,3755989550,3177960875,-578028675,KRX MDCSTAT02401_OUT
daily,KOSPI200,foreign,161390,한국타이어앤테크놀로지,107246,97527,-9719,6475761250,5886804150,-588957100,KRX MDCSTAT02401_OUT
daily,KOSPI200,foreign,032640,LG유플러스,330040,289363,-40677,4794939425,4204501590,-590437835,KRX MDCSTAT02401_OUT
daily,KOSPI200,foreign,298020,효성티앤씨,7855,5342,-2513,2219199750,1505152000,-714047750,KRX MDCSTAT02401_OUT
daily,KOSPI200,foreign,004020,현대제철,241950,218593,-23357,6971754650,6252520725,-719233925,KRX MDCSTAT02401_OUT
daily,KOSPI200,foreign,024110,기업은행,254080,217968,-36112,5111935300,4390917075,-721018225,KRX MDCSTAT02401_OUT
daily,KOSPI200,foreign,001430,세아베스틸지주,49529,33241,-16288,2235953675,1494283400,-741670275,KRX MDCSTAT02401_OUT
daily,KOSPI200,foreign,175330,JB금융지주,131125,104200,-26925,3723102600,2954765275,-768337325,KRX MDCSTAT02401_OUT
daily,KOSPI200,foreign,011210,현대위아,35121,20112,-15009,1843753100,1054265100,-789488000,KRX MDCSTAT02401_OUT
daily,KOSPI200,foreign,009420,한올바이오파마,77764,60034,-17730,3589959700,2769768900,-820190800,KRX MDCSTAT02401_OUT
daily,KOSPI200,foreign,018260,삼성에스디에스,58823,54705,-4118,12466222750,11483531000,-982691750,KRX MDCSTAT02401_OUT
daily,KOSPI200,foreign,017800,현대엘리베이터,47708,33928,-13780,3457202150,2461441400,-995760750,KRX MDCSTAT02401_OUT
daily,KOSPI200,foreign,267250,HD현대,118779,112958,-5821,22518508450,21390698450,-1127810000,KRX MDCSTAT02401_OUT
daily,KOSPI200,foreign,093370,후성,850293,782618,-67675,13244774165,12104760370,-1140013795,KRX MDCSTAT02401_OUT
daily,KOSPI200,foreign,138040,메리츠금융지주,54435,45141,-9294,7108834400,5891932100,-1216902300,KRX MDCSTAT02401_OUT
daily,KOSPI200,foreign,111770,영원무역,45693,28088,-17605,3227004500,1985726100,-1241278400,KRX MDCSTAT02401_OUT
daily,KOSPI200,foreign,017960,한국카본,77478,15603,-61875,1586040150,319357125,-1266683025,KRX MDCSTAT02401_OUT
daily,KOSPI200,foreign,009830,한화솔루션,434510,401816,-32694,15884501175,14616778850,-1267722325,KRX MDCSTAT02401_OUT
daily,KOSPI200,foreign,120110,코오롱인더,47594,23023,-24571,2693474850,1301333200,-1392141650,KRX MDCSTAT02401_OUT
daily,KOSPI200,foreign,267270,HD건설기계,145912,132514,-13398,16806270850,15209293050,-1596977800,KRX MDCSTAT02401_OUT
daily,KOSPI200,foreign,326030,SK바이오팜,38721,16681,-22040,2954131200,1270494650,-1683636550,KRX MDCSTAT02401_OUT
daily,KOSPI200,foreign,047040,대우건설,1064009,964660,-99349,18742823945,17045704305,-1697119640,KRX MDCSTAT02401_OUT
daily,KOSPI200,foreign,377300,카카오페이,54884,11166,-43718,2182343850,443823450,-1738520400,KRX MDCSTAT02401_OUT
daily,KOSPI200,foreign,081660,미스토홀딩스,141134,93687,-47447,5510837825,3653265050,-1857572775,KRX MDCSTAT02401_OUT
daily,KOSPI200,foreign,323410,카카오뱅크,220739,123021,-97718,4388733310,2446564770,-1942168540,KRX MDCSTAT02401_OUT
daily,KOSPI200,foreign,161890,한국콜마,196835,180830,-16005,28258959700,26195179750,-2063779950,KRX MDCSTAT02401_OUT
daily,KOSPI200,foreign,139130,iM금융지주,509931,385767,-124164,9220062848,6966919603,-2253143245,KRX MDCSTAT02401_OUT
daily,KOSPI200,foreign,138930,BNK금융지주,421100,255973,-165127,6582812685,3981274220,-2601538465,KRX MDCSTAT02401_OUT
daily,KOSPI200,foreign,112610,씨에스윈드,93411,46237,-47174,5360230250,2651708100,-2708522150,KRX MDCSTAT02401_OUT
daily,KOSPI200,foreign,010130,고려아연,6456,3578,-2878,6902076000,3826131500,-3075944500,KRX MDCSTAT02401_OUT
daily,KOSPI200,foreign,034730,SK,48933,42917,-6016,28507248000,25056811000,-3450437000,KRX MDCSTAT02401_OUT
daily,KOSPI200,foreign,010950,S-Oil,158452,137778,-20674,26849323050,23365108750,-3484214300,KRX MDCSTAT02401_OUT
daily,KOSPI200,foreign,204320,HL만도,139617,63020,-76597,6435354850,2894283350,-3541071500,KRX MDCSTAT02401_OUT
daily,KOSPI200,foreign,000810,삼성화재,51573,45012,-6561,32407448264,28285149264,-4122299000,KRX MDCSTAT02401_OUT
daily,KOSPI200,foreign,000880,한화,69024,32722,-36302,8263612100,3901847300,-4361764800,KRX MDCSTAT02401_OUT
daily,KOSPI200,foreign,018880,한온시스템,1885080,748347,-1136733,7293127109,2891018210,-4402108899,KRX MDCSTAT02401_OUT
daily,KOSPI200,foreign,071970,HD현대마린엔진,129232,27371,-101861,5920966250,1242396075,-4678570175,KRX MDCSTAT02401_OUT
daily,KOSPI200,foreign,454910,두산로보틱스,112750,46063,-66687,8175302650,3341491100,-4833811550,KRX MDCSTAT02401_OUT
daily,KOSPI200,foreign,307950,현대오토에버,21250,7608,-13642,8106083750,2903450500,-5202633250,KRX MDCSTAT02401_OUT
daily,KOSPI200,foreign,035720,카카오,575363,409422,-165941,19146016550,13672276900,-5473739650,KRX MDCSTAT02401_OUT
daily,KOSPI200,foreign,010060,OCI홀딩스,54805,32467,-22338,13363456250,7878485000,-5484971250,KRX MDCSTAT02401_OUT
daily,KOSPI200,foreign,012330,현대모비스,87478,72752,-14726,32836833838,27312910338,-5523923500,KRX MDCSTAT02401_OUT
daily,KOSPI200,foreign,015760,한국전력,411501,217360,-194141,12393682475,6563380425,-5830302050,KRX MDCSTAT02401_OUT
daily,KOSPI200,foreign,078930,GS,229385,167344,-62041,25130687200,18315516600,-6815170600,KRX MDCSTAT02401_OUT
daily,KOSPI200,foreign,055550,신한지주,372761,303714,-69047,38506883900,31377680450,-7129203450,KRX MDCSTAT02401_OUT
daily,KOSPI200,foreign,052690,한전기술,130010,62713,-67297,17000418800,8135565700,-8864853100,KRX MDCSTAT02401_OUT
daily,KOSPI200,foreign,082740,한화엔진,237092,44641,-192451,10961548800,2054264600,-8907284200,KRX MDCSTAT02401_OUT
daily,KOSPI200,foreign,103140,풍산,190527,60486,-130041,13354650550,4180067100,-9174583450,KRX MDCSTAT02401_OUT
daily,KOSPI200,foreign,000720,현대건설,171006,88670,-82336,19188406500,9934735900,-9253670600,KRX MDCSTAT02401_OUT
daily,KOSPI200,foreign,066970,엘앤에프,153899,76817,-77082,18485877400,9198325550,-9287551850,KRX MDCSTAT02401_OUT
daily,KOSPI200,foreign,034220,LG디스플레이,1694733,582431,-1112302,14161355580,4868809290,-9292546290,KRX MDCSTAT02401_OUT
daily,KOSPI200,foreign,006800,미래에셋증권,507005,196731,-310274,15645136400,6057144775,-9587991625,KRX MDCSTAT02401_OUT
daily,KOSPI200,foreign,086280,현대글로비스,95013,43768,-51245,18336948450,8448962200,-9887986250,KRX MDCSTAT02401_OUT
daily,KOSPI200,foreign,007660,이수페타시스,690337,596887,-93450,86604610850,74676649150,-11927961700,KRX MDCSTAT02401_OUT
daily,KOSPI200,foreign,128940,한미약품,68014,42946,-25068,36002317500,22850295000,-13152022500,KRX MDCSTAT02401_OUT
daily,KOSPI200,foreign,042660,한화오션,326492,113472,-213020,24670110750,8528534550,-16141576200,KRX MDCSTAT02401_OUT
daily,KOSPI200,foreign,207940,삼성바이오로직스,44988,32243,-12745,57704404500,41295736000,-16408668500,KRX MDCSTAT02401_OUT
daily,KOSPI200,foreign,192820,코스맥스,117294,57804,-59490,35981181750,17705884250,-18275297500,KRX MDCSTAT02401_OUT
daily,KOSPI200,foreign,064400,LG씨엔에스,341830,80883,-260947,24040146050,5727730000,-18312416050,KRX MDCSTAT02401_OUT
daily,KOSPI200,foreign,272210,한화시스템,373894,141180,-232714,29582295400,11212718500,-18369576900,KRX MDCSTAT02401_OUT
daily,KOSPI200,foreign,062040,산일전기,226357,147811,-78546,53703707750,34797811250,-18905896500,KRX MDCSTAT02401_OUT
daily,KOSPI200,foreign,006260,LS,154296,88915,-65381,44624164250,25261930500,-19362233750,KRX MDCSTAT02401_OUT
daily,KOSPI200,foreign,000150,두산,27996,13848,-14148,39921201000,19739590500,-20181610500,KRX MDCSTAT02401_OUT
daily,KOSPI200,foreign,005490,POSCO홀딩스,108701,38336,-70365,33664521000,11845074000,-21819447000,KRX MDCSTAT02401_OUT
daily,KOSPI200,foreign,047810,한국항공우주,262762,76469,-186293,32535537550,9403631100,-23131906450,KRX MDCSTAT02401_OUT
daily,KOSPI200,foreign,005930,삼성전자,5609685,5489285,-120400,1523664919336,1496503597336,-27161322000,KRX MDCSTAT02401_OUT
daily,KOSPI200,foreign,035420,NAVER,245226,72767,-172459,46539887300,13808655150,-32731232150,KRX MDCSTAT02401_OUT
daily,KOSPI200,foreign,011070,LG이노텍,141860,87596,-54264,86889065000,53728182000,-33160883000,KRX MDCSTAT02401_OUT
daily,KOSPI200,foreign,003670,포스코퓨처엠,301154,115289,-185865,58042458800,22361676350,-35680782450,KRX MDCSTAT02401_OUT
daily,KOSPI200,foreign,034020,두산에너빌리티,990072,507534,-482538,80929962700,41659935850,-39270026850,KRX MDCSTAT02401_OUT
daily,KOSPI200,foreign,001440,대한전선,1808990,338447,-1470543,55934054250,10479335675,-45454718575,KRX MDCSTAT02401_OUT
daily,KOSPI200,foreign,010120,LS ELECTRIC,413274,160110,-253164,88963786500,34462766250,-54501020250,KRX MDCSTAT02401_OUT
daily,KOSPI200,foreign,079550,LIG디펜스앤에어로스페이스,131415,22135,-109280,88032849500,14810738000,-73222111500,KRX MDCSTAT02401_OUT
daily,KOSPI200,foreign,005380,현대차,297115,73962,-223153,100689875250,25025256000,-75664619250,KRX MDCSTAT02401_OUT
daily,KOSPI200,foreign,267260,HD현대일렉트릭,157375,40364,-117011,102922788000,26011447500,-76911340500,KRX MDCSTAT02401_OUT
daily,KOSPI200,foreign,009150,삼성전기,254529,201594,-52935,416984037870,330495603870,-86488434000,KRX MDCSTAT02401_OUT
daily,KOSPI200,foreign,012450,한화에어로스페이스,124220,34806,-89414,122796786500,34240270500,-88556516000,KRX MDCSTAT02401_OUT
daily,KOSPI200,foreign,402340,SK스퀘어,275104,196519,-78585,319034683500,227942459000,-91092224500,KRX MDCSTAT02401_OUT
daily,KOSPI200,foreign,066570,LG전자,986902,353796,-633106,213045327250,77952244500,-135093082750,KRX MDCSTAT02401_OUT
daily,KOSPI200,foreign,298040,효성중공업,97238,12725,-84513,259425735500,33762504500,-225663231000,KRX MDCSTAT02401_OUT
daily,KOSPI200,foreign,000660,SK하이닉스,1353307,562750,-790557,2354164839770,977888011770,-1376276828000,KRX MDCSTAT02401_OUT
daily,KOSPI200,institution,402340,SK스퀘어,166327,261368,95041,192724859000,303572452500,110847593500,KRX MDCSTAT02401_OUT
daily,KOSPI200,institution,373220,LG에너지솔루션,120532,182839,62307,46941131250,71507779250,24566648000,KRX MDCSTAT02401_OUT
daily,KOSPI200,institution,278470,에이피알,43175,106227,63052,16323635750,40202084000,23878448250,KRX MDCSTAT02401_OUT
daily,KOSPI200,institution,096770,SK이노베이션,227767,368920,141153,36208800250,58943084250,22734284000,KRX MDCSTAT02401_OUT
daily,KOSPI200,institution,352820,하이브,84613,195225,110612,14059581400,32472701500,18413120100,KRX MDCSTAT02401_OUT
daily,KOSPI200,institution,010950,S-Oil,57565,161052,103487,9748702600,27394127300,17645424700,KRX MDCSTAT02401_OUT
daily,KOSPI200,institution,192820,코스맥스,41826,93925,52099,12819575750,28840357750,16020782000,KRX MDCSTAT02401_OUT
daily,KOSPI200,institution,000150,두산,14769,23336,8567,21015948000,33312397500,12296449500,KRX MDCSTAT02401_OUT
daily,KOSPI200,institution,161890,한국콜마,50781,135452,84671,7297559700,19498641750,12201082050,KRX MDCSTAT02401_OUT
daily,KOSPI200,institution,036570,NC,46622,96113,49491,11106904000,22929409750,11822505750,KRX MDCSTAT02401_OUT
daily,KOSPI200,institution,011070,LG이노텍,69016,87129,18113,42524441500,53533181000,11008739500,KRX MDCSTAT02401_OUT
daily,KOSPI200,institution,272210,한화시스템,138776,273806,135030,10997272500,21771286950,10774014450,KRX MDCSTAT02401_OUT
daily,KOSPI200,institution,062040,산일전기,47124,90800,43676,11129498750,21471248250,10341749500,KRX MDCSTAT02401_OUT
daily,KOSPI200,institution,010060,OCI홀딩스,31501,67437,35936,7638312500,16460101500,8821789000,KRX MDCSTAT02401_OUT
daily,KOSPI200,institution,003230,삼양식품,4386,11062,6676,5332038000,13485746000,8153708000,KRX MDCSTAT02401_OUT
daily,KOSPI200,institution,028050,삼성E&A,239676,396692,157016,11729569650,19420535725,7690966075,KRX MDCSTAT02401_OUT
daily,KOSPI200,institution,012330,현대모비스,64908,84034,19126,24327043500,31493515250,7166471750,KRX MDCSTAT02401_OUT
daily,KOSPI200,institution,079550,LIG디펜스앤에어로스페이스,37694,48472,10778,25256602000,32416903500,7160301500,KRX MDCSTAT02401_OUT
daily,KOSPI200,institution,105560,KB금융,173683,207616,33933,29233089150,34978658250,5745569100,KRX MDCSTAT02401_OUT
daily,KOSPI200,institution,034730,SK,36058,45940,9882,21123140000,26847053000,5723913000,KRX MDCSTAT02401_OUT
daily,KOSPI200,institution,009830,한화솔루션,245770,400125,154355,8962188675,14581166750,5618978075,KRX MDCSTAT02401_OUT
daily,KOSPI200,institution,078930,GS,144356,181661,37305,15820581100,19958664700,4138083600,KRX MDCSTAT02401_OUT
daily,KOSPI200,institution,018880,한온시스템,370596,1422285,1051689,1431097966,5494393758,4063295792,KRX MDCSTAT02401_OUT
daily,KOSPI200,institution,011790,SKC,45674,81577,35903,5041843550,9054233950,4012390400,KRX MDCSTAT02401_OUT
daily,KOSPI200,institution,000810,삼성화재,12593,18433,5840,7904755000,11583861500,3679106500,KRX MDCSTAT02401_OUT
daily,KOSPI200,institution,016360,삼성증권,53484,93386,39902,4797318500,8390545750,3593227250,KRX MDCSTAT02401_OUT
daily,KOSPI200,institution,010120,LS ELECTRIC,138785,155195,16410,29671903500,33263885000,3591981500,KRX MDCSTAT02401_OUT
daily,KOSPI200,institution,138040,메리츠금융지주,38574,63976,25402,5033561300,8356836150,3323274850,KRX MDCSTAT02401_OUT
daily,KOSPI200,institution,055550,신한지주,249449,280862,31413,25754646800,29012364400,3257717600,KRX MDCSTAT02401_OUT
daily,KOSPI200,institution,005940,NH투자증권,108556,220833,112277,2896596500,5909912650,3013316150,KRX MDCSTAT02401_OUT
daily,KOSPI200,institution,090430,아모레퍼시픽,53314,74646,21332,7401508150,10387571700,2986063550,KRX MDCSTAT02401_OUT
daily,KOSPI200,institution,051900,LG생활건강,10474,21206,10732,2841355750,5770116500,2928760750,KRX MDCSTAT02401_OUT
daily,KOSPI200,institution,307950,현대오토에버,6966,14458,7492,2646716250,5503032500,2856316250,KRX MDCSTAT02401_OUT
daily,KOSPI200,institution,361610,SK아이이테크놀로지,51130,204748,153618,930146805,3740620060,2810473255,KRX MDCSTAT02401_OUT
daily,KOSPI200,institution,051910,LG화학,63702,73290,9588,17509709250,20226077750,2716368500,KRX MDCSTAT02401_OUT
daily,KOSPI200,institution,047050,포스코인터내셔널,56739,103304,46565,3247596950,5930220750,2682623800,KRX MDCSTAT02401_OUT
daily,KOSPI200,institution,316140,우리금융지주,331348,410121,78773,11084508650,13724826325,2640317675,KRX MDCSTAT02401_OUT
daily,KOSPI200,institution,097950,CJ제일제당,3441,17347,13906,623801550,3161841300,2538039750,KRX MDCSTAT02401_OUT
daily,KOSPI200,institution,081660,미스토홀딩스,9803,61192,51389,382056450,2396997900,2014941450,KRX MDCSTAT02401_OUT
daily,KOSPI200,institution,015760,한국전력,286861,351162,64301,8651872800,10580684600,1928811800,KRX MDCSTAT02401_OUT
daily,KOSPI200,institution,028260,삼성물산,55314,60575,5261,18835362500,20685819750,1850457250,KRX MDCSTAT02401_OUT
daily,KOSPI200,institution,112610,씨에스윈드,24275,54459,30184,1393916050,3133464450,1739548400,KRX MDCSTAT02401_OUT
daily,KOSPI200,institution,052690,한전기술,35341,48541,13200,4592101350,6295511700,1703410350,KRX MDCSTAT02401_OUT
daily,KOSPI200,institution,111770,영원무역,7967,31511,23544,563419050,2231121100,1667702050,KRX MDCSTAT02401_OUT
daily,KOSPI200,institution,033780,KT&G,60222,68421,8199,10757700200,12248111400,1490411200,KRX MDCSTAT02401_OUT
daily,KOSPI200,institution,006400,삼성SDI,113754,116208,2454,64434113000,65917193000,1483080000,KRX MDCSTAT02401_OUT
daily,KOSPI200,institution,004370,농심,1600,5201,3601,639649750,2080958250,1441308500,KRX MDCSTAT02401_OUT
daily,KOSPI200,institution,032640,LG유플러스,151263,245462,94199,2195166055,3567195415,1372029360,KRX MDCSTAT02401_OUT
daily,KOSPI200,institution,161390,한국타이어앤테크놀로지,23787,45373,21586,1433668150,2740967250,1307299100,KRX MDCSTAT02401_OUT
daily,KOSPI200,institution,034230,파라다이스,36741,162018,125277,361415445,1602037415,1240621970,KRX MDCSTAT02401_OUT
daily,KOSPI200,institution,012750,에스원,8952,19916,10964,753997850,1678967350,924969500,KRX MDCSTAT02401_OUT
daily,KOSPI200,institution,032830,삼성생명,51401,54173,2772,14521350250,15356703000,835352750,KRX MDCSTAT02401_OUT
daily,KOSPI200,institution,282330,BGF리테일,6332,12512,6180,816623000,1616595150,799972150,KRX MDCSTAT02401_OUT
daily,KOSPI200,institution,088350,한화생명,237277,337723,100446,1263735660,1802578235,538842575,KRX MDCSTAT02401_OUT
daily,KOSPI200,institution,139130,iM금융지주,54209,81829,27620,980259455,1483317300,503057845,KRX MDCSTAT02401_OUT
daily,KOSPI200,institution,009240,한샘,2684,15002,12318,108300550,607163450,498862900,KRX MDCSTAT02401_OUT
daily,KOSPI200,institution,017960,한국카본,16194,36601,20407,330951600,749006825,418055225,KRX MDCSTAT02401_OUT
daily,KOSPI200,institution,175330,JB금융지주,116136,129552,13416,3291593825,3679981250,388387425,KRX MDCSTAT02401_OUT
daily,KOSPI200,institution,457190,이수스페셜티케미컬,16995,21824,4829,1378074200,1764762950,386688750,KRX MDCSTAT02401_OUT
daily,KOSPI200,institution,008930,한미사이언스,22594,27291,4697,1303173850,1578962800,275788950,KRX MDCSTAT02401_OUT
daily,KOSPI200,institution,082740,한화엔진,76839,82812,5973,3542168800,3816465525,274296725,KRX MDCSTAT02401_OUT
daily,KOSPI200,institution,009970,영원무역홀딩스,4745,6296,1551,797910100,1071928300,274018200,KRX MDCSTAT02401_OUT
daily,KOSPI200,institution,010140,삼성중공업,811673,824709,13036,15899211600,16160816995,261605395,KRX MDCSTAT02401_OUT
daily,KOSPI200,institution,008770,호텔신라,15665,21861,6196,614583350,860091600,245508250,KRX MDCSTAT02401_OUT
daily,KOSPI200,institution,002790,아모레퍼시픽홀딩스,11741,20099,8358,307431650,526042375,218610725,KRX MDCSTAT02401_OUT
daily,KOSPI200,institution,028670,팬오션,519182,540910,21728,3228561475,3373598260,145036785,KRX MDCSTAT02401_OUT
daily,KOSPI200,institution,000210,DL,12821,14873,2052,630596950,733202150,102605200,KRX MDCSTAT02401_OUT
daily,KOSPI200,institution,000240,한국앤컴퍼니,11034,14256,3222,280730725,363305750,82575025,KRX MDCSTAT02401_OUT
daily,KOSPI200,institution,006280,녹십자,4968,5542,574,645528500,722026950,76498450,KRX MDCSTAT02401_OUT
daily,KOSPI200,institution,120110,코오롱인더,26756,27881,1125,1510483650,1577199600,66715950,KRX MDCSTAT02401_OUT
daily,KOSPI200,institution,298020,효성티앤씨,2778,2937,159,779418500,831953000,52534500,KRX MDCSTAT02401_OUT
daily,KOSPI200,institution,008730,율촌화학,6516,9739,3223,102195450,153837530,51642080,KRX MDCSTAT02401_OUT
daily,KOSPI200,institution,002030,아세아,322,530,208,65852500,109240500,43388000,KRX MDCSTAT02401_OUT
daily,KOSPI200,institution,003240,태광산업,301,324,23,277638000,298782000,21144000,KRX MDCSTAT02401_OUT
daily,KOSPI200,institution,280360,롯데웰푸드,2326,2451,125,285510100,301704450,16194350,KRX MDCSTAT02401_OUT
daily,KOSPI200,institution,002840,미원상사,584,629,45,80237300,86537000,6299700,KRX MDCSTAT02401_OUT
daily,KOSPI200,institution,268280,미원에스씨,300,333,33,37365700,41719600,4353900,KRX MDCSTAT02401_OUT
daily,KOSPI200,institution,007700,F&F홀딩스,312,181,-131,4204990,2436260,-1768730,KRX MDCSTAT02401_OUT
daily,KOSPI200,institution,137310,에스디바이오센서,47138,44836,-2302,318672625,304392865,-14279760,KRX MDCSTAT02401_OUT
daily,KOSPI200,institution,005300,롯데칠성,1324,1171,-153,126440700,111872300,-14568400,KRX MDCSTAT02401_OUT
daily,KOSPI200,institution,001800,오리온홀딩스,8470,7547,-923,192489175,171679700,-20809475,KRX MDCSTAT02401_OUT
daily,KOSPI200,institution,001680,대상,5817,4601,-1216,102529315,81152250,-21377065,KRX MDCSTAT02401_OUT
daily,KOSPI200,institution,014820,동원시스템즈,5261,3803,-1458,114184900,82689100,-31495800,KRX MDCSTAT02401_OUT
daily,KOSPI200,institution,069260,TKG휴켐스,10622,8458,-2164,168315360,134152625,-34162735,KRX MDCSTAT02401_OUT
daily,KOSPI200,institution,003030,세아제강지주,2403,2080,-323,263610350,228100400,-35509950,KRX MDCSTAT02401_OUT
daily,KOSPI200,institution,300720,한일시멘트,8320,5594,-2726,134192420,90505740,-43686680,KRX MDCSTAT02401_OUT
daily,KOSPI200,institution,004990,롯데지주,9033,6337,-2696,209825650,147529575,-62296075,KRX MDCSTAT02401_OUT
daily,KOSPI200,institution,007070,GS리테일,12219,9122,-3097,271952775,203667850,-68284925,KRX MDCSTAT02401_OUT
daily,KOSPI200,institution,007310,오뚜기,514,287,-227,161432250,90280500,-71151750,KRX MDCSTAT02401_OUT
daily,KOSPI200,institution,006040,동원산업,3777,1711,-2066,132244050,60082350,-72161700,KRX MDCSTAT02401_OUT
daily,KOSPI200,institution,073240,금호타이어,79356,67234,-12122,530849770,449589960,-81259810,KRX MDCSTAT02401_OUT
daily,KOSPI200,institution,005420,코스모화학,13106,4719,-8387,151617420,54726990,-96890430,KRX MDCSTAT02401_OUT
daily,KOSPI200,institution,026960,동서,12114,8399,-3715,319116150,221903550,-97212600,KRX MDCSTAT02401_OUT
daily,KOSPI200,institution,000080,하이트진로,16740,9946,-6794,248944600,147819290,-101125310,KRX MDCSTAT02401_OUT
daily,KOSPI200,institution,000670,영풍,6899,4387,-2512,279768500,178184300,-101584200,KRX MDCSTAT02401_OUT
daily,KOSPI200,institution,003090,대웅,17773,10492,-7281,275176810,162775755,-112401055,KRX MDCSTAT02401_OUT
daily,KOSPI200,institution,000720,현대건설,115709,114716,-993,12948102050,12827851300,-120250750,KRX MDCSTAT02401_OUT
daily,KOSPI200,institution,323410,카카오뱅크,128380,121965,-6415,2552604365,2425964450,-126639915,KRX MDCSTAT02401_OUT
daily,KOSPI200,institution,071320,지역난방공사,2219,548,-1671,175334300,43255100,-132079200,KRX MDCSTAT02401_OUT
daily,KOSPI200,institution,298050,HS효성첨단소재,1819,957,-862,295097700,155382050,-139715650,KRX MDCSTAT02401_OUT
daily,KOSPI200,institution,014680,한솔케미칼,9697,9076,-621,2604049000,2449312750,-154736250,KRX MDCSTAT02401_OUT
daily,KOSPI200,institution,285130,SK케미칼,8144,3537,-4607,419372350,182104800,-237267550,KRX MDCSTAT02401_OUT
daily,KOSPI200,institution,185750,종근당,4700,1075,-3625,310384350,71142300,-239242050,KRX MDCSTAT02401_OUT
daily,KOSPI200,institution,024110,기업은행,90203,78276,-11927,1815785000,1576035000,-239750000,KRX MDCSTAT02401_OUT
daily,KOSPI200,institution,302440,SK바이오사이언스,18209,11284,-6925,689655700,427690525,-261965175,KRX MDCSTAT02401_OUT
daily,KOSPI200,institution,004000,롯데정밀화학,11024,4812,-6212,470159550,205334450,-264825100,KRX MDCSTAT02401_OUT
daily,KOSPI200,institution,069620,대웅제약,4639,2212,-2427,511161650,244074700,-267086950,KRX MDCSTAT02401_OUT
daily,KOSPI200,institution,035250,강원랜드,49964,28160,-21804,714368780,403039320,-311329460,KRX MDCSTAT02401_OUT
daily,KOSPI200,institution,036460,한국가스공사,29929,20475,-9454,1075257900,737187100,-338070800,KRX MDCSTAT02401_OUT
daily,KOSPI200,institution,326030,SK바이오팜,15085,10088,-4997,1150266900,769081750,-381185150,KRX MDCSTAT02401_OUT
daily,KOSPI200,institution,017800,현대엘리베이터,13637,8007,-5630,988332500,580159150,-408173350,KRX MDCSTAT02401_OUT
daily,KOSPI200,institution,022100,포스코DX,43421,23752,-19669,923080750,506122700,-416958050,KRX MDCSTAT02401_OUT
daily,KOSPI200,institution,139480,이마트,23765,17718,-6047,1699536000,1268322100,-431213900,KRX MDCSTAT02401_OUT
daily,KOSPI200,institution,005850,에스엘,14855,6304,-8551,757929800,322051900,-435877900,KRX MDCSTAT02401_OUT
daily,KOSPI200,institution,000120,CJ대한통운,13061,6630,-6431,918515800,466641950,-451873850,KRX MDCSTAT02401_OUT
daily,KOSPI200,institution,251270,넷마블,56778,43453,-13325,1967537250,1508468100,-459069150,KRX MDCSTAT02401_OUT
daily,KOSPI200,institution,138930,BNK금융지주,190347,160882,-29465,2963869795,2503887590,-459982205,KRX MDCSTAT02401_OUT
daily,KOSPI200,institution,011210,현대위아,15107,6152,-8955,791488300,321807000,-469681300,KRX MDCSTAT02401_OUT
daily,KOSPI200,institution,006650,대한유화,8970,3722,-5248,809137050,336409200,-472727850,KRX MDCSTAT02401_OUT
daily,KOSPI200,institution,192080,더블유게임즈,14700,5234,-9466,837093850,298591650,-538502200,KRX MDCSTAT02401_OUT
daily,KOSPI200,institution,377300,카카오페이,38029,24511,-13518,1512628100,973875975,-538752125,KRX MDCSTAT02401_OUT
daily,KOSPI200,institution,002380,KCC,2173,1000,-1173,1026338250,471911000,-554427250,KRX MDCSTAT02401_OUT
daily,KOSPI200,institution,001430,세아베스틸지주,58511,45828,-12683,2622191800,2063521825,-558669975,KRX MDCSTAT02401_OUT
daily,KOSPI200,institution,0126Z0,삼성에피스홀딩스,3642,2084,-1558,1354563000,774165000,-580398000,KRX MDCSTAT02401_OUT
daily,KOSPI200,institution,011170,롯데케미칼,21097,11371,-9726,1279924600,692393300,-587531300,KRX MDCSTAT02401_OUT
daily,KOSPI200,institution,180640,한진칼,14812,10158,-4654,1973069300,1357943000,-615126300,KRX MDCSTAT02401_OUT
daily,KOSPI200,institution,069960,현대백화점,12125,4341,-7784,1051971000,376704600,-675266400,KRX MDCSTAT02401_OUT
daily,KOSPI200,institution,021240,코웨이,28757,21027,-7730,2939482550,2151281000,-788201550,KRX MDCSTAT02401_OUT
daily,KOSPI200,institution,071970,HD현대마린엔진,22835,5362,-17473,1040557325,242207000,-798350325,KRX MDCSTAT02401_OUT
daily,KOSPI200,institution,007340,DN오토모티브,23770,6390,-17380,1174382600,316692900,-857689700,KRX MDCSTAT02401_OUT
daily,KOSPI200,institution,241560,두산밥캣,41690,25237,-16453,2300836100,1393850200,-906985900,KRX MDCSTAT02401_OUT
daily,KOSPI200,institution,029780,삼성카드,32908,10514,-22394,1375307725,439604825,-935702900,KRX MDCSTAT02401_OUT
daily,KOSPI200,institution,066970,엘앤에프,146408,138188,-8220,17571119550,16618021600,-953097950,KRX MDCSTAT02401_OUT
daily,KOSPI200,institution,011780,금호석유화학,16295,6693,-9602,1887116550,775468850,-1111647700,KRX MDCSTAT02401_OUT
daily,KOSPI200,institution,375500,DL이앤씨,50431,34426,-16005,3672058550,2513905750,-1158152800,KRX MDCSTAT02401_OUT
daily,KOSPI200,institution,003490,대한항공,343989,301605,-42384,10646674675,9377627750,-1269046925,KRX MDCSTAT02401_OUT
daily,KOSPI200,institution,051600,한전KPS,49583,19110,-30473,2225461000,859369800,-1366091200,KRX MDCSTAT02401_OUT
daily,KOSPI200,institution,001040,CJ,29939,18759,-11180,3949693600,2480139500,-1469554100,KRX MDCSTAT02401_OUT
daily,KOSPI200,institution,030200,KT,116101,87244,-28857,5960173450,4480004800,-1480168650,KRX MDCSTAT02401_OUT
daily,KOSPI200,institution,030000,제일기획,119456,39933,-79523,2261277850,756368880,-1504908970,KRX MDCSTAT02401_OUT
daily,KOSPI200,institution,005830,DB손해보험,39621,31535,-8086,7476093100,5952866300,-1523226800,KRX MDCSTAT02401_OUT
daily,KOSPI200,institution,000880,한화,20312,7314,-12998,2417926700,873217700,-1544709000,KRX MDCSTAT02401_OUT
daily,KOSPI200,institution,001450,현대해상,73834,41595,-32239,3558129075,2005101925,-1553027150,KRX MDCSTAT02401_OUT
daily,KOSPI200,institution,009420,한올바이오파마,68579,34611,-33968,3157975175,1595851500,-1562123675,KRX MDCSTAT02401_OUT
daily,KOSPI200,institution,034220,LG디스플레이,467403,276889,-190514,3902380510,2312946995,-1589433515,KRX MDCSTAT02401_OUT
daily,KOSPI200,institution,011200,HMM,199435,123465,-75970,4261404000,2641644750,-1619759250,KRX MDCSTAT02401_OUT
daily,KOSPI200,institution,454910,두산로보틱스,45100,21879,-23221,3254334800,1586992200,-1667342600,KRX MDCSTAT02401_OUT
daily,KOSPI200,institution,271560,오리온,26551,10590,-15961,2805769350,1121247500,-1684521850,KRX MDCSTAT02401_OUT
daily,KOSPI200,institution,068270,셀트리온,80960,70724,-10236,14818854500,12953092700,-1865761800,KRX MDCSTAT02401_OUT
daily,KOSPI200,institution,259960,크래프톤,22540,12639,-9901,4537768700,2545246100,-1992522600,KRX MDCSTAT02401_OUT
daily,KOSPI200,institution,017670,SK텔레콤,94637,71384,-23253,8286929850,6251140900,-2035788950,KRX MDCSTAT02401_OUT
daily,KOSPI200,institution,023530,롯데쇼핑,35415,13180,-22235,3494775900,1302370800,-2192405100,KRX MDCSTAT02401_OUT
daily,KOSPI200,institution,003550,LG,43422,22253,-21169,4852850100,2490152650,-2362697450,KRX MDCSTAT02401_OUT
daily,KOSPI200,institution,000100,유한양행,66230,32247,-33983,4982566300,2427004700,-2555561600,KRX MDCSTAT02401_OUT
daily,KOSPI200,institution,035720,카카오,195765,113989,-81776,6524368625,3803722650,-2720645975,KRX MDCSTAT02401_OUT
daily,KOSPI200,institution,450080,에코프로머티,147173,74185,-72988,5676927450,2863956400,-2812971050,KRX MDCSTAT02401_OUT
daily,KOSPI200,institution,086790,하나금융지주,158891,136080,-22811,20482457250,17563929350,-2918527900,KRX MDCSTAT02401_OUT
daily,KOSPI200,institution,064400,LG씨엔에스,84672,30774,-53898,5982978050,2176171850,-3806806200,KRX MDCSTAT02401_OUT
daily,KOSPI200,institution,010130,고려아연,5784,2221,-3563,6181986500,2373392000,-3808594500,KRX MDCSTAT02401_OUT
daily,KOSPI200,institution,128940,한미약품,40143,31839,-8304,21059486500,16848520000,-4210966500,KRX MDCSTAT02401_OUT
daily,KOSPI200,institution,204320,HL만도,109436,13022,-96414,5025884350,596777300,-4429107050,KRX MDCSTAT02401_OUT
daily,KOSPI200,institution,071050,한국금융지주,63429,35196,-28233,11117996800,6173953300,-4944043500,KRX MDCSTAT02401_OUT
daily,KOSPI200,institution,047040,대우건설,660312,372885,-287427,11610645070,6576903915,-5033741155,KRX MDCSTAT02401_OUT
daily,KOSPI200,institution,039490,키움증권,29162,8612,-20550,7306311750,2150413000,-5155898750,KRX MDCSTAT02401_OUT
daily,KOSPI200,institution,093370,후성,461999,121738,-340261,7110736865,1883133930,-5227602935,KRX MDCSTAT02401_OUT
daily,KOSPI200,institution,004170,신세계,27334,8378,-18956,8735226250,2685365000,-6049861250,KRX MDCSTAT02401_OUT
daily,KOSPI200,institution,034020,두산에너빌리티,564624,491077,-73547,46116675100,39999414350,-6117260750,KRX MDCSTAT02401_OUT
daily,KOSPI200,institution,483650,달바글로벌,51282,16584,-34698,9431417850,3057404750,-6374013100,KRX MDCSTAT02401_OUT
daily,KOSPI200,institution,443060,HD현대마린솔루션,41377,9275,-32102,9121668250,2046026250,-7075642000,KRX MDCSTAT02401_OUT
daily,KOSPI200,institution,267250,HD현대,72030,34270,-37760,13626612800,6490378250,-7136234550,KRX MDCSTAT02401_OUT
daily,KOSPI200,institution,001440,대한전선,455111,213969,-241142,13987513575,6615907850,-7371605725,KRX MDCSTAT02401_OUT
daily,KOSPI200,institution,006800,미래에셋증권,417393,166108,-251285,12850175750,5119248675,-7730927075,KRX MDCSTAT02401_OUT
daily,KOSPI200,institution,035420,NAVER,145898,103099,-42799,27712452900,19570707000,-8141745900,KRX MDCSTAT02401_OUT
daily,KOSPI200,institution,047810,한국항공우주,136628,61665,-74963,16898457300,7620202100,-9278255200,KRX MDCSTAT02401_OUT
daily,KOSPI200,institution,086280,현대글로비스,80300,30935,-49365,15410683600,5957112650,-9453570950,KRX MDCSTAT02401_OUT
daily,KOSPI200,institution,064350,현대로템,152084,62111,-89973,16623675300,6814161100,-9809514200,KRX MDCSTAT02401_OUT
daily,KOSPI200,institution,207940,삼성바이오로직스,13237,5154,-8083,16937912500,6609706000,-10328206500,KRX MDCSTAT02401_OUT
daily,KOSPI200,institution,042660,한화오션,255363,97421,-157942,19230468950,7307958400,-11922510550,KRX MDCSTAT02401_OUT
daily,KOSPI200,institution,018260,삼성에스디에스,73326,16632,-56694,15410560250,3486033750,-11924526500,KRX MDCSTAT02401_OUT
daily,KOSPI200,institution,267270,HD건설기계,158823,52894,-105929,18092618850,6116945450,-11975673400,KRX MDCSTAT02401_OUT
daily,KOSPI200,institution,004020,현대제철,536667,116580,-420087,15351787300,3338275125,-12013512175,KRX MDCSTAT02401_OUT
daily,KOSPI200,institution,005490,POSCO홀딩스,78622,38656,-39966,24333025500,11975075750,-12357949750,KRX MDCSTAT02401_OUT
daily,KOSPI200,institution,103140,풍산,223692,21492,-202200,15360364900,1482966800,-13877398100,KRX MDCSTAT02401_OUT
daily,KOSPI200,institution,012450,한화에어로스페이스,35603,20075,-15528,35197755500,19801421000,-15396334500,KRX MDCSTAT02401_OUT
daily,KOSPI200,institution,267260,HD현대일렉트릭,51955,21083,-30872,33555859500,13818595000,-19737264500,KRX MDCSTAT02401_OUT
daily,KOSPI200,institution,066570,LG전자,380540,283582,-96958,82272617000,62121782000,-20150835000,KRX MDCSTAT02401_OUT
daily,KOSPI200,institution,042700,한미반도체,269066,186747,-82319,71907927026,50237237776,-21670689250,KRX MDCSTAT02401_OUT
daily,KOSPI200,institution,003670,포스코퓨처엠,287253,167176,-120077,55382716450,32376174500,-23006541950,KRX MDCSTAT02401_OUT
daily,KOSPI200,institution,006260,LS,124941,40910,-84031,35478623500,11736663500,-23741960000,KRX MDCSTAT02401_OUT
daily,KOSPI200,institution,009540,HD한국조선해양,116876,34653,-82223,35547727000,10578744250,-24968982750,KRX MDCSTAT02401_OUT
daily,KOSPI200,institution,000270,기아,407321,131293,-276028,44852465200,14441817800,-30410647400,KRX MDCSTAT02401_OUT
daily,KOSPI200,institution,000990,DB하이텍,264106,37448,-226658,35875295890,5137042840,-30738253050,KRX MDCSTAT02401_OUT
daily,KOSPI200,institution,007660,이수페타시스,412489,151766,-260723,51112874170,18945641020,-32167233150,KRX MDCSTAT02401_OUT
daily,KOSPI200,institution,329180,HD현대중공업,177905,80175,-97730,71954630000,32424674750,-39529955250,KRX MDCSTAT02401_OUT
daily,KOSPI200,institution,298040,효성중공업,27586,7473,-20113,72797159500,19942832500,-52854327000,KRX MDCSTAT02401_OUT
daily,KOSPI200,institution,005380,현대차,214781,51242,-163539,72862814000,17355459250,-55507354750,KRX MDCSTAT02401_OUT
daily,KOSPI200,institution,009150,삼성전기,199437,151100,-48337,327361220500,247655351500,-79705869000,KRX MDCSTAT02401_OUT
daily,KOSPI200,institution,000660,SK하이닉스,900823,793202,-107621,1570651126000,1382755604000,-187895522000,KRX MDCSTAT02401_OUT
daily,KOSPI200,institution,005930,삼성전자,7548251,6728710,-819541,2058765431750,1838955232500,-219810199250,KRX MDCSTAT02401_OUT
daily,KOSDAQ150,foreign,039030,이오테크닉스,31158,68848,37690,16346138000,35975056000,19628918000,KRX MDCSTAT02401_OUT
daily,KOSDAQ150,foreign,095610,테스,85224,178578,93354,14209723850,29505198000,15295474150,KRX MDCSTAT02401_OUT
daily,KOSDAQ150,foreign,067310,하나마이크론,309986,545617,235631,15784037050,27674861300,11890824250,KRX MDCSTAT02401_OUT
daily,KOSDAQ150,foreign,064760,티씨케이,10811,50800,39989,3110517750,14569287750,11458770000,KRX MDCSTAT02401_OUT
daily,KOSDAQ150,foreign,204270,제이앤티씨,948740,1353352,404612,25023548175,35993308500,10969760325,KRX MDCSTAT02401_OUT
daily,KOSDAQ150,foreign,222800,심텍,142924,203962,61038,24134830750,34658755150,10523924400,KRX MDCSTAT02401_OUT
daily,KOSDAQ150,foreign,403870,HPSP,368977,499330,130353,24878542850,33364234150,8485691300,KRX MDCSTAT02401_OUT
daily,KOSDAQ150,foreign,096530,씨젠,305407,483193,177786,11999838975,19055449525,7055610550,KRX MDCSTAT02401_OUT
daily,KOSDAQ150,foreign,036540,SFA반도체,1013900,1632810,618910,11440335995,18399871695,6959535700,KRX MDCSTAT02401_OUT
daily,KOSDAQ150,foreign,031980,피에스케이홀딩스,81394,112463,31069,16370674200,22502287650,6131613450,KRX MDCSTAT02401_OUT
daily,KOSDAQ150,foreign,087010,펩트론,195138,220649,25511,21153636850,24124822950,2971186100,KRX MDCSTAT02401_OUT
daily,KOSDAQ150,foreign,214450,파마리서치,30677,40159,9482,9506848000,12448865750,2942017750,KRX MDCSTAT02401_OUT
daily,KOSDAQ150,foreign,018290,브이티,108297,259695,151398,1470615570,3504679070,2034063500,KRX MDCSTAT02401_OUT
daily,KOSDAQ150,foreign,098460,고영,354652,406243,51591,12923119000,14772665250,1849546250,KRX MDCSTAT02401_OUT
daily,KOSDAQ150,foreign,084370,유진테크,143323,154700,11377,24587421350,26429018150,1841596800,KRX MDCSTAT02401_OUT
daily,KOSDAQ150,foreign,131290,티에스이,188199,193353,5154,59074562000,60776738000,1702176000,KRX MDCSTAT02401_OUT
daily,KOSDAQ150,foreign,183300,코미코,128512,177843,49331,4342248950,6004276275,1662027325,KRX MDCSTAT02401_OUT
daily,KOSDAQ150,foreign,131970,두산테스나,107295,121298,14003,12066059850,13428307250,1362247400,KRX MDCSTAT02401_OUT
daily,KOSDAQ150,foreign,232140,와이씨,658197,737488,79291,11407788170,12759652370,1351864200,KRX MDCSTAT02401_OUT
daily,KOSDAQ150,foreign,086520,에코프로,201970,216443,14473,18791832500,20102230050,1310397550,KRX MDCSTAT02401_OUT
daily,KOSDAQ150,foreign,056190,SFA,50996,86200,35204,1584666125,2677111375,1092445250,KRX MDCSTAT02401_OUT
daily,KOSDAQ150,foreign,089030,테크윙,142579,162412,19833,7849393900,8882541700,1033147800,KRX MDCSTAT02401_OUT
daily,KOSDAQ150,foreign,166090,하나머티리얼즈,30705,41513,10808,1916790550,2588792350,672001800,KRX MDCSTAT02401_OUT
daily,KOSDAQ150,foreign,225570,넥슨게임즈,74579,131843,57264,792545325,1427625370,635080045,KRX MDCSTAT02401_OUT
daily,KOSDAQ150,foreign,263750,펄어비스,37080,53664,16584,1238959225,1792420975,553461750,KRX MDCSTAT02401_OUT
daily,KOSDAQ150,foreign,048410,현대바이오,307910,377185,69275,2231087010,2727798875,496711865,KRX MDCSTAT02401_OUT
daily,KOSDAQ150,foreign,293490,카카오게임즈,91095,137008,45913,920846495,1386179610,465333115,KRX MDCSTAT02401_OUT
daily,KOSDAQ150,foreign,041190,우리기술투자,302975,364474,61499,1860862340,2238370605,377508265,KRX MDCSTAT02401_OUT
daily,KOSDAQ150,foreign,068760,셀트리온제약,10639,19671,9032,425759400,787592050,361832650,KRX MDCSTAT02401_OUT
daily,KOSDAQ150,foreign,437730,삼현,73849,79854,6005,3894178700,4200309100,306130400,KRX MDCSTAT02401_OUT
daily,KOSDAQ150,foreign,218410,RFHIC,111042,117736,6694,6768453550,7073946600,305493050,KRX MDCSTAT02401_OUT
daily,KOSDAQ150,foreign,171090,선익시스템,7201,11363,4162,528718300,829035050,300316750,KRX MDCSTAT02401_OUT
daily,KOSDAQ150,foreign,253590,네오셈,236426,249121,12695,3822930885,4029394785,206463900,KRX MDCSTAT02401_OUT
daily,KOSDAQ150,foreign,007390,네이처셀,29600,37714,8114,734661950,936731650,202069700,KRX MDCSTAT02401_OUT
daily,KOSDAQ150,foreign,036620,감성코퍼레이션,40829,89302,48473,155761580,338882010,183120430,KRX MDCSTAT02401_OUT
daily,KOSDAQ150,foreign,376300,디어유,29493,38871,9378,556068650,734217920,178149270,KRX MDCSTAT02401_OUT
daily,KOSDAQ150,foreign,122870,와이지엔터테인먼트,32574,36539,3965,1358652150,1524025575,165373425,KRX MDCSTAT02401_OUT
daily,KOSDAQ150,foreign,211050,인카금융서비스,7421,24146,16725,73163100,238518240,165355140,KRX MDCSTAT02401_OUT
daily,KOSDAQ150,foreign,215200,메가스터디교육,9223,13430,4207,352078200,512884400,160806200,KRX MDCSTAT02401_OUT
daily,KOSDAQ150,foreign,078340,컴투스,13051,17215,4164,482948250,637159600,154211350,KRX MDCSTAT02401_OUT
daily,KOSDAQ150,foreign,388720,유일로보틱스,4982,7065,2083,351959250,501048050,149088800,KRX MDCSTAT02401_OUT
daily,KOSDAQ150,foreign,041510,에스엠,25055,26880,1825,1998233150,2145526450,147293300,KRX MDCSTAT02401_OUT
daily,KOSDAQ150,foreign,060280,큐렉소,73261,86553,13292,646237910,758244170,112006260,KRX MDCSTAT02401_OUT
daily,KOSDAQ150,foreign,352480,씨앤씨인터내셔널,3051,8318,5267,63510250,173171100,109660850,KRX MDCSTAT02401_OUT
daily,KOSDAQ150,foreign,475830,오름테라퓨틱,86141,90962,4821,1765316425,1869980150,104663725,KRX MDCSTAT02401_OUT
daily,KOSDAQ150,foreign,399720,가온칩스,18624,20679,2055,876993850,973671700,96677850,KRX MDCSTAT02401_OUT
daily,KOSDAQ150,foreign,035760,CJ ENM,21910,24146,2236,772415275,850327100,77911825,KRX MDCSTAT02401_OUT
daily,KOSDAQ150,foreign,036810,에프에스티,40654,42759,2105,1412226875,1482786000,70559125,KRX MDCSTAT02401_OUT
daily,KOSDAQ150,foreign,253450,스튜디오드래곤,11450,14336,2886,238414900,298326900,59912000,KRX MDCSTAT02401_OUT
daily,KOSDAQ150,foreign,145020,휴젤,14982,15074,92,2761165900,2778883800,17717900,KRX MDCSTAT02401_OUT
daily,KOSDAQ150,foreign,194480,데브시스터즈,8502,9399,897,118545675,131220000,12674325,KRX MDCSTAT02401_OUT
daily,KOSDAQ150,foreign,025900,동화기업,24113,25500,1387,178828500,188639620,9811120,KRX MDCSTAT02401_OUT
daily,KOSDAQ150,foreign,015750,성우하이텍,36582,34793,-1789,218533080,207184585,-11348495,KRX MDCSTAT02401_OUT
daily,KOSDAQ150,foreign,025980,아난티,179822,177601,-2221,903543010,891816100,-11726910,KRX MDCSTAT02401_OUT
daily,KOSDAQ150,foreign,278280,천보,9820,9285,-535,378795475,357724450,-21071025,KRX MDCSTAT02401_OUT
daily,KOSDAQ150,foreign,032500,케이엠더블유,66049,65541,-508,1367516650,1339678925,-27837725,KRX MDCSTAT02401_OUT
daily,KOSDAQ150,foreign,195940,HK이노엔,34408,33659,-749,1400347600,1370478475,-29869125,KRX MDCSTAT02401_OUT
daily,KOSDAQ150,foreign,0009K0,에임드바이오,36927,35596,-1331,958285450,923227975,-35057475,KRX MDCSTAT02401_OUT
daily,KOSDAQ150,foreign,060250,NHN KCP,80169,76926,-3243,1085598545,1040809930,-44788615,KRX MDCSTAT02401_OUT
daily,KOSDAQ150,foreign,025320,시노펙스,91305,75518,-15787,365593473,302403860,-63189613,KRX MDCSTAT02401_OUT
daily,KOSDAQ150,foreign,033500,동성화인텍,42427,37967,-4460,671955125,599315735,-72639390,KRX MDCSTAT02401_OUT
daily,KOSDAQ150,foreign,112040,위메이드,62115,57417,-4698,989101525,911110540,-77990985,KRX MDCSTAT02401_OUT
daily,KOSDAQ150,foreign,214370,케어젠,56215,54341,-1874,2507550600,2420841200,-86709400,KRX MDCSTAT02401_OUT
daily,KOSDAQ150,foreign,014620,성광벤드,53572,50486,-3086,1590868375,1497941975,-92926400,KRX MDCSTAT02401_OUT
daily,KOSDAQ150,foreign,101730,위메이드맥스,869725,869512,-213,4554446703,4459254732,-95191971,KRX MDCSTAT02401_OUT
daily,KOSDAQ150,foreign,095660,네오위즈,17670,10565,-7105,320176395,191303740,-128872655,KRX MDCSTAT02401_OUT
daily,KOSDAQ150,foreign,067160,SOOP,12235,7694,-4541,448554800,282089600,-166465200,KRX MDCSTAT02401_OUT
daily,KOSDAQ150,foreign,213420,덕산네오룩스,34608,28684,-5924,1038555000,858555475,-179999525,KRX MDCSTAT02401_OUT
daily,KOSDAQ150,foreign,009520,포스코엠텍,44425,30802,-13623,591937860,409645470,-182292390,KRX MDCSTAT02401_OUT
daily,KOSDAQ150,foreign,036830,솔브레인홀딩스,15528,11744,-3784,747744900,560876150,-186868750,KRX MDCSTAT02401_OUT
daily,KOSDAQ150,foreign,085660,차바이오텍,65210,43012,-22198,562859120,368963480,-193895640,KRX MDCSTAT02401_OUT
daily,KOSDAQ150,foreign,095340,ISC,53337,52458,-879,10898886250,10685027250,-213859000,KRX MDCSTAT02401_OUT
daily,KOSDAQ150,foreign,121600,나노신소재,20722,17310,-3412,1311143400,1091679050,-219464350,KRX MDCSTAT02401_OUT
daily,KOSDAQ150,foreign,137400,피엔티,44161,37516,-6645,1440709150,1219982075,-220727075,KRX MDCSTAT02401_OUT
daily,KOSDAQ150,foreign,035900,JYP Ent.,106824,101146,-5678,4137327625,3916564650,-220762975,KRX MDCSTAT02401_OUT
daily,KOSDAQ150,foreign,052400,코나아이,16389,10185,-6204,593185250,367632650,-225552600,KRX MDCSTAT02401_OUT
daily,KOSDAQ150,foreign,272290,이녹스첨단소재,31768,20910,-10858,708567100,465970800,-242596300,KRX MDCSTAT02401_OUT
daily,KOSDAQ150,foreign,074600,원익QnC,47434,39905,-7529,1515578200,1272035650,-243542550,KRX MDCSTAT02401_OUT
daily,KOSDAQ150,foreign,082270,젬백스,55578,32465,-23113,618722420,361464090,-257258330,KRX MDCSTAT02401_OUT
daily,KOSDAQ150,foreign,032190,다우데이타,24798,10492,-14306,472735835,199948870,-272786965,KRX MDCSTAT02401_OUT
daily,KOSDAQ150,foreign,043260,성호전자,954537,948629,-5908,32454765075,32159262250,-295502825,KRX MDCSTAT02401_OUT
daily,KOSDAQ150,foreign,214150,클래시스,52580,42877,-9703,1636054250,1332980275,-303073975,KRX MDCSTAT02401_OUT
daily,KOSDAQ150,foreign,069080,웹젠,62446,32501,-29945,753846560,393154290,-360692270,KRX MDCSTAT02401_OUT
daily,KOSDAQ150,foreign,124500,아이티센글로벌,82755,70105,-12650,2366208725,1997751850,-368456875,KRX MDCSTAT02401_OUT
daily,KOSDAQ150,foreign,237690,에스티팜,28216,23531,-4685,2737923950,2284687100,-453236850,KRX MDCSTAT02401_OUT
daily,KOSDAQ150,foreign,358570,지아이이노베이션,107990,48426,-59564,973729550,436915995,-536813555,KRX MDCSTAT02401_OUT
daily,KOSDAQ150,foreign,006730,서부T&D,209129,160630,-48499,2474899890,1900331555,-574568335,KRX MDCSTAT02401_OUT
daily,KOSDAQ150,foreign,328130,루닛,194541,137678,-56863,2183564350,1545367855,-638196495,KRX MDCSTAT02401_OUT
daily,KOSDAQ150,foreign,214430,아이쓰리시스템,12617,3898,-8719,1007599700,311124400,-696475300,KRX MDCSTAT02401_OUT
daily,KOSDAQ150,foreign,053800,안랩,66652,58165,-8487,5410635850,4711251000,-699384850,KRX MDCSTAT02401_OUT
daily,KOSDAQ150,foreign,466100,클로봇,52632,22339,-30293,1229324750,526645175,-702679575,KRX MDCSTAT02401_OUT
daily,KOSDAQ150,foreign,348370,엔켐,70846,40655,-30191,1659925050,954078350,-705846700,KRX MDCSTAT02401_OUT
daily,KOSDAQ150,foreign,420770,기가비스,26111,20964,-5147,3584325350,2850568800,-733756550,KRX MDCSTAT02401_OUT
daily,KOSDAQ150,foreign,065350,신성델타테크,31865,9366,-22499,1047973850,307949625,-740024225,KRX MDCSTAT02401_OUT
daily,KOSDAQ150,foreign,030520,한컴,80157,34963,-45194,1430632585,627322920,-803309665,KRX MDCSTAT02401_OUT
daily,KOSDAQ150,foreign,348210,넥스틴,36235,14403,-21832,1401028000,553567750,-847460250,KRX MDCSTAT02401_OUT
daily,KOSDAQ150,foreign,090360,로보스타,22928,12255,-10673,1826436000,976968700,-849467300,KRX MDCSTAT02401_OUT
daily,KOSDAQ150,foreign,082920,비츠로셀,121643,92104,-29539,3616600550,2741822700,-874777850,KRX MDCSTAT02401_OUT
daily,KOSDAQ150,foreign,251970,펌텍코리아,84576,71604,-12972,5645277550,4760752800,-884524750,KRX MDCSTAT02401_OUT
daily,KOSDAQ150,foreign,295310,에이치브이엠,57296,43434,-13862,4208891800,3212114750,-996777050,KRX MDCSTAT02401_OUT
daily,KOSDAQ150,foreign,281740,레이크머티리얼즈,156737,76914,-79823,2001503015,981201630,-1020301385,KRX MDCSTAT02401_OUT
daily,KOSDAQ150,foreign,125490,한라캐스트,267841,185996,-81845,3574778580,2484956405,-1089822175,KRX MDCSTAT02401_OUT
daily,KOSDAQ150,foreign,060370,LS마린솔루션,78970,44047,-34923,2684770225,1494221725,-1190548500,KRX MDCSTAT02401_OUT
daily,KOSDAQ150,foreign,058610,에스피지,61338,49368,-11970,6307824200,5090159550,-1217664650,KRX MDCSTAT02401_OUT
daily,KOSDAQ150,foreign,003380,하림지주,226718,110763,-115955,2648047930,1292306170,-1355741760,KRX MDCSTAT02401_OUT
daily,KOSDAQ150,foreign,033100,제룡전기,70507,41560,-28947,3557910875,2088731675,-1469179200,KRX MDCSTAT02401_OUT
daily,KOSDAQ150,foreign,056080,유진로봇,187191,58063,-129128,2366268610,736296900,-1629971710,KRX MDCSTAT02401_OUT
daily,KOSDAQ150,foreign,042000,카페24,209042,132903,-76139,4723786350,3007546600,-1716239750,KRX MDCSTAT02401_OUT
daily,KOSDAQ150,foreign,090710,휴림로봇,435971,156075,-279896,2801737840,1005082545,-1796655295,KRX MDCSTAT02401_OUT
daily,KOSDAQ150,foreign,005290,동진쎄미켐,137084,101776,-35308,7089250750,5250574200,-1838676550,KRX MDCSTAT02401_OUT
daily,KOSDAQ150,foreign,445680,큐리옥스바이오시스템즈,43779,11989,-31790,2638125900,722732850,-1915393050,KRX MDCSTAT02401_OUT
daily,KOSDAQ150,foreign,417200,LS머트리얼즈,393364,261443,-131921,6180458445,4108792025,-2071666420,KRX MDCSTAT02401_OUT
daily,KOSDAQ150,foreign,178320,서진시스템,268970,220515,-48455,11257153175,9173003000,-2084150175,KRX MDCSTAT02401_OUT
daily,KOSDAQ150,foreign,108490,로보티즈,53595,46927,-6668,16721613750,14632118500,-2089495250,KRX MDCSTAT02401_OUT
daily,KOSDAQ150,foreign,030530,원익홀딩스,188744,111977,-76767,5597766175,3323656275,-2274109900,KRX MDCSTAT02401_OUT
daily,KOSDAQ150,foreign,039200,오스코텍,81847,24464,-57383,3273535250,978002850,-2295532400,KRX MDCSTAT02401_OUT
daily,KOSDAQ150,foreign,050890,쏠리드,396249,177316,-218933,4141554925,1825398550,-2316156375,KRX MDCSTAT02401_OUT
daily,KOSDAQ150,foreign,161580,필옵틱스,111457,53812,-57645,4715903125,2254247600,-2461655525,KRX MDCSTAT02401_OUT
daily,KOSDAQ150,foreign,140860,파크시스템스,28620,20191,-8429,8877397250,6262613250,-2614784000,KRX MDCSTAT02401_OUT
daily,KOSDAQ150,foreign,277810,레인보우로보틱스,18148,11465,-6683,8248855250,5249843750,-2999011500,KRX MDCSTAT02401_OUT
daily,KOSDAQ150,foreign,319400,현대무벡스,189821,37901,-151920,3883876775,782240850,-3101635925,KRX MDCSTAT02401_OUT
daily,KOSDAQ150,foreign,100790,미래에셋벤처투자,295512,87610,-207902,5115166875,1528643345,-3586523530,KRX MDCSTAT02401_OUT
daily,KOSDAQ150,foreign,078600,대주전자재료,81135,47818,-33317,9074880550,5320240250,-3754640300,KRX MDCSTAT02401_OUT
daily,KOSDAQ150,foreign,083650,비에이치아이,128290,63395,-64895,7494963550,3675471100,-3819492450,KRX MDCSTAT02401_OUT
daily,KOSDAQ150,foreign,310210,보로노이,36197,9800,-26397,5422802100,1469382300,-3953419800,KRX MDCSTAT02401_OUT
daily,KOSDAQ150,foreign,189300,인텔리안테크,77640,15376,-62264,5477501050,1081970100,-4395530950,KRX MDCSTAT02401_OUT
daily,KOSDAQ150,foreign,247540,에코프로비엠,158147,123214,-34933,19977339550,15523480200,-4453859350,KRX MDCSTAT02401_OUT
daily,KOSDAQ150,foreign,089970,브이엠,217912,148368,-69544,14550424350,9887703850,-4662720500,KRX MDCSTAT02401_OUT
daily,KOSDAQ150,foreign,290650,엘앤씨바이오,189789,104011,-85778,10884065750,5914713200,-4969352550,KRX MDCSTAT02401_OUT
daily,KOSDAQ150,foreign,241710,코스메카코리아,102934,59972,-42962,11970699500,6983225500,-4987474000,KRX MDCSTAT02401_OUT
daily,KOSDAQ150,foreign,099320,쎄트렉아이,93021,21911,-71110,7291750250,1725110800,-5566639450,KRX MDCSTAT02401_OUT
daily,KOSDAQ150,foreign,101490,에스앤에스텍,178595,72713,-105882,9542898250,3833393300,-5709504950,KRX MDCSTAT02401_OUT
daily,KOSDAQ150,foreign,032820,우리기술,1142070,629304,-512766,14696676715,8090750970,-6605925745,KRX MDCSTAT02401_OUT
daily,KOSDAQ150,foreign,141080,리가켐바이오,129995,46969,-83026,10729588250,3854269200,-6875319050,KRX MDCSTAT02401_OUT
daily,KOSDAQ150,foreign,298380,에이비엘바이오,191632,58437,-133195,10029238850,3029300050,-6999938800,KRX MDCSTAT02401_OUT
daily,KOSDAQ150,foreign,323280,태성,178148,57541,-120607,10893277750,3500557650,-7392720100,KRX MDCSTAT02401_OUT
daily,KOSDAQ150,foreign,257720,실리콘투,308392,111480,-196912,11601362200,4192107300,-7409254900,KRX MDCSTAT02401_OUT
daily,KOSDAQ150,foreign,028300,HLB,420655,256773,-163882,19471140875,12016065325,-7455075550,KRX MDCSTAT02401_OUT
daily,KOSDAQ150,foreign,347850,디앤디파마텍,365226,170729,-194497,16944282075,7910895575,-9033386500,KRX MDCSTAT02401_OUT
daily,KOSDAQ150,foreign,196170,알테오젠,77998,41145,-36853,20326984250,10690304000,-9636680250,KRX MDCSTAT02401_OUT
daily,KOSDAQ150,foreign,240810,원익IPS,395433,326705,-68728,53480360950,43841661050,-9638699900,KRX MDCSTAT02401_OUT
daily,KOSDAQ150,foreign,226950,올릭스,103988,25001,-78987,12818055900,3077806000,-9740249900,KRX MDCSTAT02401_OUT
daily,KOSDAQ150,foreign,038500,삼표시멘트,4999426,2807802,-2191624,39715833385,22268351365,-17447482020,KRX MDCSTAT02401_OUT
daily,KOSDAQ150,foreign,080220,제주반도체,571443,362481,-208962,49862030850,31423066700,-18438964150,KRX MDCSTAT02401_OUT
daily,KOSDAQ150,foreign,058470,리노공업,430441,216999,-213442,37352932600,18735956900,-18616975700,KRX MDCSTAT02401_OUT
daily,KOSDAQ150,foreign,036930,주성엔지니어링,509805,388099,-121706,134767853500,101852879000,-32914974500,KRX MDCSTAT02401_OUT
daily,KOSDAQ150,foreign,000250,삼천당제약,202648,61273,-141375,49283540000,14818514000,-34465026000,KRX MDCSTAT02401_OUT
daily,KOSDAQ150,institution,058470,리노공업,257523,445368,187845,22300811828,38681154878,16380343050,KRX MDCSTAT02401_OUT
daily,KOSDAQ150,institution,226950,올릭스,65706,151987,86281,8071922650,18710804200,10638881550,KRX MDCSTAT02401_OUT
daily,KOSDAQ150,institution,257720,실리콘투,49510,294721,245211,1857161675,11109621925,9252460250,KRX MDCSTAT02401_OUT
daily,KOSDAQ150,institution,241710,코스메카코리아,10721,78384,67663,1245646300,9115645350,7869999050,KRX MDCSTAT02401_OUT
daily,KOSDAQ150,institution,028300,HLB,45550,187637,142087,2101675425,8737765725,6636090300,KRX MDCSTAT02401_OUT
daily,KOSDAQ150,institution,140860,파크시스템스,3382,20631,17249,1046440750,6400274500,5353833750,KRX MDCSTAT02401_OUT
daily,KOSDAQ150,institution,290650,엘앤씨바이오,51312,116759,65447,2972206300,6778086000,3805879700,KRX MDCSTAT02401_OUT
daily,KOSDAQ150,institution,005290,동진쎄미켐,73859,139676,65817,3816719000,7227658200,3410939200,KRX MDCSTAT02401_OUT
daily,KOSDAQ150,institution,039200,오스코텍,11824,78991,67167,471785850,3160824075,2689038225,KRX MDCSTAT02401_OUT
daily,KOSDAQ150,institution,096530,씨젠,51552,114834,63282,2036627025,4535084525,2498457500,KRX MDCSTAT02401_OUT
daily,KOSDAQ150,institution,417200,LS머트리얼즈,169902,306813,136911,2665972590,4815535165,2149562575,KRX MDCSTAT02401_OUT
daily,KOSDAQ150,institution,031980,피에스케이홀딩스,71920,81113,9193,14370216200,16432950200,2062734000,KRX MDCSTAT02401_OUT
daily,KOSDAQ150,institution,323280,태성,9456,42615,33159,573851700,2589813300,2015961600,KRX MDCSTAT02401_OUT
daily,KOSDAQ150,institution,178320,서진시스템,37221,71034,33813,1550436200,2970176525,1419740325,KRX MDCSTAT02401_OUT
daily,KOSDAQ150,institution,108490,로보티즈,16579,20250,3671,5118366000,6281927750,1163561750,KRX MDCSTAT02401_OUT
daily,KOSDAQ150,institution,237690,에스티팜,26807,38533,11726,2590240300,3734029500,1143789200,KRX MDCSTAT02401_OUT
daily,KOSDAQ150,institution,098460,고영,139822,167407,27585,5081742575,6093553425,1011810850,KRX MDCSTAT02401_OUT
daily,KOSDAQ150,institution,251970,펌텍코리아,46873,60606,13733,3158358950,4090477900,932118950,KRX MDCSTAT02401_OUT
daily,KOSDAQ150,institution,006730,서부T&D,73513,151163,77650,866733605,1797043340,930309735,KRX MDCSTAT02401_OUT
daily,KOSDAQ150,institution,145020,휴젤,2209,7194,4985,406669500,1327136900,920467400,KRX MDCSTAT02401_OUT
daily,KOSDAQ150,institution,033100,제룡전기,7981,24791,16810,401464150,1243931575,842467425,KRX MDCSTAT02401_OUT
daily,KOSDAQ150,institution,347850,디앤디파마텍,20188,36465,16277,926902625,1698329225,771426600,KRX MDCSTAT02401_OUT
daily,KOSDAQ150,institution,121600,나노신소재,8567,20074,11507,541303150,1271382350,730079200,KRX MDCSTAT02401_OUT
daily,KOSDAQ150,institution,078600,대주전자재료,17701,23751,6050,1977146850,2659875450,682728600,KRX MDCSTAT02401_OUT
daily,KOSDAQ150,institution,074600,원익QnC,45213,64085,18872,1442084625,2046405325,604320700,KRX MDCSTAT02401_OUT
daily,KOSDAQ150,institution,214370,케어젠,7388,18960,11572,326569700,849490650,522920950,KRX MDCSTAT02401_OUT
daily,KOSDAQ150,institution,281740,레이크머티리얼즈,30117,70446,40329,384005445,897781720,513776275,KRX MDCSTAT02401_OUT
daily,KOSDAQ150,institution,042000,카페24,13216,34242,21026,299021500,775850125,476828625,KRX MDCSTAT02401_OUT
daily,KOSDAQ150,institution,161580,필옵틱스,7066,17726,10660,295526050,747206925,451680875,KRX MDCSTAT02401_OUT
daily,KOSDAQ150,institution,014620,성광벤드,20015,34838,14823,593215050,1035663250,442448200,KRX MDCSTAT02401_OUT
daily,KOSDAQ150,institution,018290,브이티,21939,46582,24643,297766890,636146050,338379160,KRX MDCSTAT02401_OUT
daily,KOSDAQ150,institution,003380,하림지주,87353,113892,26539,1020038930,1325979590,305940660,KRX MDCSTAT02401_OUT
daily,KOSDAQ150,institution,253590,네오셈,3316,21889,18573,53431895,354233520,300801625,KRX MDCSTAT02401_OUT
daily,KOSDAQ150,institution,035760,CJ ENM,8253,16499,8246,290568950,583094325,292525375,KRX MDCSTAT02401_OUT
daily,KOSDAQ150,institution,263750,펄어비스,21862,30060,8198,730011275,1005225850,275214575,KRX MDCSTAT02401_OUT
daily,KOSDAQ150,institution,041510,에스엠,25000,28209,3209,1990657050,2250171500,259514450,KRX MDCSTAT02401_OUT
daily,KOSDAQ150,institution,0009K0,에임드바이오,8079,17814,9735,209617650,463400400,253782750,KRX MDCSTAT02401_OUT
daily,KOSDAQ150,institution,007390,네이처셀,8891,18802,9911,220556000,466903450,246347450,KRX MDCSTAT02401_OUT
daily,KOSDAQ150,institution,032820,우리기술,67337,85649,18312,852924940,1097251080,244326140,KRX MDCSTAT02401_OUT
daily,KOSDAQ150,institution,310210,보로노이,7723,9227,1504,1154896400,1393355550,238459150,KRX MDCSTAT02401_OUT
daily,KOSDAQ150,institution,035900,JYP Ent.,22608,27952,5344,874937900,1082873275,207935375,KRX MDCSTAT02401_OUT
daily,KOSDAQ150,institution,038500,삼표시멘트,349813,376021,26208,2774616315,2975793980,201177665,KRX MDCSTAT02401_OUT
daily,KOSDAQ150,institution,030530,원익홀딩스,10286,16826,6540,304110825,497834475,193723650,KRX MDCSTAT02401_OUT
daily,KOSDAQ150,institution,215200,메가스터디교육,3007,7839,4832,114491150,299331600,184840450,KRX MDCSTAT02401_OUT
daily,KOSDAQ150,institution,009520,포스코엠텍,30925,42763,11838,411728250,570596980,158868730,KRX MDCSTAT02401_OUT
daily,KOSDAQ150,institution,041190,우리기술투자,7662,33263,25601,47008120,204894130,157886010,KRX MDCSTAT02401_OUT
daily,KOSDAQ150,institution,099320,쎄트렉아이,2097,4044,1947,162296500,314223800,151927300,KRX MDCSTAT02401_OUT
daily,KOSDAQ150,institution,068760,셀트리온제약,3156,6709,3553,126060550,269215050,143154500,KRX MDCSTAT02401_OUT
daily,KOSDAQ150,institution,085660,차바이오텍,18139,34000,15861,156245580,293362480,137116900,KRX MDCSTAT02401_OUT
daily,KOSDAQ150,institution,137400,피엔티,9900,13728,3828,321672950,447700600,126027650,KRX MDCSTAT02401_OUT
daily,KOSDAQ150,institution,090710,휴림로봇,20477,39457,18980,131006830,253299820,122292990,KRX MDCSTAT02401_OUT
daily,KOSDAQ150,institution,065350,신성델타테크,5193,8879,3686,170357700,292471350,122113650,KRX MDCSTAT02401_OUT
daily,KOSDAQ150,institution,095660,네오위즈,4618,11331,6713,83692570,205726430,122033860,KRX MDCSTAT02401_OUT
daily,KOSDAQ150,institution,214430,아이쓰리시스템,1563,3035,1472,124170600,241805350,117634750,KRX MDCSTAT02401_OUT
daily,KOSDAQ150,institution,050890,쏠리드,10910,22137,11227,112036440,228744295,116707855,KRX MDCSTAT02401_OUT
daily,KOSDAQ150,institution,328130,루닛,12851,23183,10332,144235410,259885975,115650565,KRX MDCSTAT02401_OUT
daily,KOSDAQ150,institution,358570,지아이이노베이션,13722,26061,12339,122762015,237012370,114250355,KRX MDCSTAT02401_OUT
daily,KOSDAQ150,institution,189300,인텔리안테크,8643,10054,1411,606375500,708053200,101677700,KRX MDCSTAT02401_OUT
daily,KOSDAQ150,institution,036830,솔브레인홀딩스,5932,8047,2115,285664300,386608175,100943875,KRX MDCSTAT02401_OUT
daily,KOSDAQ150,institution,069080,웹젠,14221,22537,8316,171283990,271741445,100457455,KRX MDCSTAT02401_OUT
daily,KOSDAQ150,institution,298380,에이비엘바이오,27202,28810,1608,1410833800,1504953900,94120100,KRX MDCSTAT02401_OUT
daily,KOSDAQ150,institution,475830,오름테라퓨틱,2865,7447,4582,58916350,153034550,94118200,KRX MDCSTAT02401_OUT
daily,KOSDAQ150,institution,048410,현대바이오,66433,79138,12705,479785600,573110510,93324910,KRX MDCSTAT02401_OUT
daily,KOSDAQ150,institution,090360,로보스타,2891,4041,1150,230135200,322179200,92044000,KRX MDCSTAT02401_OUT
daily,KOSDAQ150,institution,399720,가온칩스,1795,3736,1941,84220950,175739025,91518075,KRX MDCSTAT02401_OUT
daily,KOSDAQ150,institution,101490,에스앤에스텍,25580,27383,1803,1364674100,1455306850,90632750,KRX MDCSTAT02401_OUT
daily,KOSDAQ150,institution,082920,비츠로셀,18433,21192,2759,547309150,630509650,83200500,KRX MDCSTAT02401_OUT
daily,KOSDAQ150,institution,036810,에프에스티,3240,5528,2288,112288050,192487550,80199500,KRX MDCSTAT02401_OUT
daily,KOSDAQ150,institution,125490,한라캐스트,5019,10985,5966,65894450,145524625,79630175,KRX MDCSTAT02401_OUT
daily,KOSDAQ150,institution,082270,젬백스,5917,11784,5867,65528260,132406320,66878060,KRX MDCSTAT02401_OUT
daily,KOSDAQ150,institution,025980,아난티,12527,25088,12561,62524827,125724070,63199243,KRX MDCSTAT02401_OUT
daily,KOSDAQ150,institution,025320,시노펙스,10927,26245,15318,43684770,105202010,61517240,KRX MDCSTAT02401_OUT
daily,KOSDAQ150,institution,060250,NHN KCP,3246,7193,3947,43921420,97614210,53692790,KRX MDCSTAT02401_OUT
daily,KOSDAQ150,institution,319400,현대무벡스,20045,22420,2375,409785650,459828200,50042550,KRX MDCSTAT02401_OUT
daily,KOSDAQ150,institution,278280,천보,1997,3197,1200,77078350,123722650,46644300,KRX MDCSTAT02401_OUT
daily,KOSDAQ150,institution,225570,넥슨게임즈,21110,25197,4087,226443320,270844550,44401230,KRX MDCSTAT02401_OUT
daily,KOSDAQ150,institution,100790,미래에셋벤처투자,3647,5887,2240,63077470,102283250,39205780,KRX MDCSTAT02401_OUT
daily,KOSDAQ150,institution,032190,다우데이타,2614,4613,1999,49793770,88034405,38240635,KRX MDCSTAT02401_OUT
daily,KOSDAQ150,institution,015750,성우하이텍,9828,16158,6330,58618980,96569230,37950250,KRX MDCSTAT02401_OUT
daily,KOSDAQ150,institution,101730,위메이드맥스,3750,11072,7322,19020575,55079410,36058835,KRX MDCSTAT02401_OUT
daily,KOSDAQ150,institution,067160,SOOP,5713,6648,935,209330700,243989100,34658400,KRX MDCSTAT02401_OUT
daily,KOSDAQ150,institution,253450,스튜디오드래곤,7440,8503,1063,154702000,177351375,22649375,KRX MDCSTAT02401_OUT
daily,KOSDAQ150,institution,376300,디어유,18597,19780,1183,350704565,373171830,22467265,KRX MDCSTAT02401_OUT
daily,KOSDAQ150,institution,466100,클로봇,9462,10175,713,220488300,238208800,17720500,KRX MDCSTAT02401_OUT
daily,KOSDAQ150,institution,211050,인카금융서비스,11714,13275,1561,115849460,131041600,15192140,KRX MDCSTAT02401_OUT
daily,KOSDAQ150,institution,032500,케이엠더블유,10798,11368,570,219409400,233958510,14549110,KRX MDCSTAT02401_OUT
daily,KOSDAQ150,institution,272290,이녹스첨단소재,11407,11421,14,254703000,255013200,310200,KRX MDCSTAT02401_OUT
daily,KOSDAQ150,institution,030520,한컴,8394,7689,-705,150784260,137652955,-13131305,KRX MDCSTAT02401_OUT
daily,KOSDAQ150,institution,194480,데브시스터즈,5589,4411,-1178,77958360,61631500,-16326860,KRX MDCSTAT02401_OUT
daily,KOSDAQ150,institution,025900,동화기업,8274,5254,-3020,61031000,38928190,-22102810,KRX MDCSTAT02401_OUT
daily,KOSDAQ150,institution,112040,위메이드,39380,37987,-1393,624532060,602279105,-22252955,KRX MDCSTAT02401_OUT
daily,KOSDAQ150,institution,277810,레인보우로보틱스,4057,3958,-99,1845466000,1807787250,-37678750,KRX MDCSTAT02401_OUT
daily,KOSDAQ150,institution,036620,감성코퍼레이션,66285,50781,-15504,250585720,194117810,-56467910,KRX MDCSTAT02401_OUT
daily,KOSDAQ150,institution,166090,하나머티리얼즈,28796,27515,-1281,1796019750,1718905100,-77114650,KRX MDCSTAT02401_OUT
daily,KOSDAQ150,institution,352480,씨앤씨인터내셔널,5747,1284,-4463,119360700,26836300,-92524400,KRX MDCSTAT02401_OUT
daily,KOSDAQ150,institution,348370,엔켐,15082,10977,-4105,351746575,257705700,-94040875,KRX MDCSTAT02401_OUT
daily,KOSDAQ150,institution,388720,유일로보틱스,3382,1949,-1433,237733800,138200200,-99533600,KRX MDCSTAT02401_OUT
daily,KOSDAQ150,institution,293490,카카오게임즈,54588,41731,-12857,551119080,421944550,-129174530,KRX MDCSTAT02401_OUT
daily,KOSDAQ150,institution,053800,안랩,5695,3952,-1743,451997650,321933550,-130064100,KRX MDCSTAT02401_OUT
daily,KOSDAQ150,institution,445680,큐리옥스바이오시스템즈,7415,5068,-2347,449386150,305977350,-143408800,KRX MDCSTAT02401_OUT
daily,KOSDAQ150,institution,122870,와이지엔터테인먼트,23831,20174,-3657,993356350,842518750,-150837600,KRX MDCSTAT02401_OUT
daily,KOSDAQ150,institution,295310,에이치브이엠,61640,59005,-2635,4496839800,4335446500,-161393300,KRX MDCSTAT02401_OUT
daily,KOSDAQ150,institution,078340,컴투스,14295,8546,-5749,529211650,316553725,-212657925,KRX MDCSTAT02401_OUT
daily,KOSDAQ150,institution,033500,동성화인텍,25079,8840,-16239,395568790,140337975,-255230815,KRX MDCSTAT02401_OUT
daily,KOSDAQ150,institution,052400,코나아이,12552,5417,-7135,452694750,195904500,-256790250,KRX MDCSTAT02401_OUT
daily,KOSDAQ150,institution,056080,유진로봇,27276,6368,-20908,342834225,80298380,-262535845,KRX MDCSTAT02401_OUT
daily,KOSDAQ150,institution,213420,덕산네오룩스,19151,5251,-13900,573443325,157939900,-415503425,KRX MDCSTAT02401_OUT
daily,KOSDAQ150,institution,060280,큐렉소,61878,9323,-52555,538003015,82634530,-455368485,KRX MDCSTAT02401_OUT
daily,KOSDAQ150,institution,348210,넥스틴,18213,6299,-11914,699813275,242918700,-456894575,KRX MDCSTAT02401_OUT
daily,KOSDAQ150,institution,056190,SFA,33434,18050,-15384,1039225075,560812000,-478413075,KRX MDCSTAT02401_OUT
daily,KOSDAQ150,institution,214150,클래시스,31921,16445,-15476,991344450,512140750,-479203700,KRX MDCSTAT02401_OUT
daily,KOSDAQ150,institution,437730,삼현,29787,20201,-9586,1544498400,1055530900,-488967500,KRX MDCSTAT02401_OUT
daily,KOSDAQ150,institution,195940,HK이노엔,31632,17789,-13843,1282522800,725620850,-556901950,KRX MDCSTAT02401_OUT
daily,KOSDAQ150,institution,124500,아이티센글로벌,29856,5924,-23932,854701400,170460100,-684241300,KRX MDCSTAT02401_OUT
daily,KOSDAQ150,institution,058610,에스피지,14016,5827,-8189,1430888550,600138700,-830749850,KRX MDCSTAT02401_OUT
daily,KOSDAQ150,institution,087010,펩트론,49153,43007,-6146,5545579100,4647827550,-897751550,KRX MDCSTAT02401_OUT
daily,KOSDAQ150,institution,420770,기가비스,33478,26475,-7003,4578772050,3648158750,-930613300,KRX MDCSTAT02401_OUT
daily,KOSDAQ150,institution,131290,티에스이,33798,30379,-3419,10349476750,9317005500,-1032471250,KRX MDCSTAT02401_OUT
daily,KOSDAQ150,institution,171090,선익시스템,23443,6312,-17131,1708754500,461517650,-1247236850,KRX MDCSTAT02401_OUT
daily,KOSDAQ150,institution,095340,ISC,68232,61951,-6281,13906577000,12655407000,-1251170000,KRX MDCSTAT02401_OUT
daily,KOSDAQ150,institution,089970,브이엠,122940,104047,-18893,8207433650,6950063050,-1257370600,KRX MDCSTAT02401_OUT
daily,KOSDAQ150,institution,083650,비에이치아이,40122,13392,-26730,2326188950,784859400,-1541329550,KRX MDCSTAT02401_OUT
daily,KOSDAQ150,institution,060370,LS마린솔루션,82635,35190,-47445,2798125450,1196482050,-1601643400,KRX MDCSTAT02401_OUT
daily,KOSDAQ150,institution,183300,코미코,90803,24159,-66644,3046688625,815988125,-2230700500,KRX MDCSTAT02401_OUT
daily,KOSDAQ150,institution,086520,에코프로,179329,148524,-30805,16649776050,13834274100,-2815501950,KRX MDCSTAT02401_OUT
daily,KOSDAQ150,institution,043260,성호전자,583404,497815,-85589,19704579850,16861172625,-2843407225,KRX MDCSTAT02401_OUT
daily,KOSDAQ150,institution,089030,테크윙,75524,22017,-53507,4109118050,1209684700,-2899433350,KRX MDCSTAT02401_OUT
daily,KOSDAQ150,institution,218410,RFHIC,99067,49773,-49294,5948194900,3005386400,-2942808500,KRX MDCSTAT02401_OUT
daily,KOSDAQ150,institution,141080,리가켐바이오,88023,49811,-38212,7237164250,4094954300,-3142209950,KRX MDCSTAT02401_OUT
daily,KOSDAQ150,institution,196170,알테오젠,79454,67140,-12314,20631467750,17442358000,-3189109750,KRX MDCSTAT02401_OUT
daily,KOSDAQ150,institution,067310,하나마이크론,147992,81391,-66601,7502735650,4134528200,-3368207450,KRX MDCSTAT02401_OUT
daily,KOSDAQ150,institution,080220,제주반도체,118450,77553,-40897,10161116000,6696903650,-3464212350,KRX MDCSTAT02401_OUT
daily,KOSDAQ150,institution,214450,파마리서치,27208,14757,-12451,8429306500,4574432750,-3854873750,KRX MDCSTAT02401_OUT
daily,KOSDAQ150,institution,247540,에코프로비엠,104336,73530,-30806,13120951200,9263324150,-3857627050,KRX MDCSTAT02401_OUT
daily,KOSDAQ150,institution,084370,유진테크,78951,51297,-27654,13475258950,8790402050,-4684856900,KRX MDCSTAT02401_OUT
daily,KOSDAQ150,institution,000250,삼천당제약,91137,71190,-19947,22126276750,17187105250,-4939171500,KRX MDCSTAT02401_OUT
daily,KOSDAQ150,institution,232140,와이씨,427000,139934,-287066,7364367325,2424231500,-4940135825,KRX MDCSTAT02401_OUT
daily,KOSDAQ150,institution,036540,SFA반도체,947928,439409,-508519,10650371740,4949219200,-5701152540,KRX MDCSTAT02401_OUT
daily,KOSDAQ150,institution,204270,제이앤티씨,257024,37194,-219830,6800686425,973178700,-5827507725,KRX MDCSTAT02401_OUT
daily,KOSDAQ150,institution,131970,두산테스나,110958,44226,-66732,12316603950,4919559450,-7397044500,KRX MDCSTAT02401_OUT
daily,KOSDAQ150,institution,064760,티씨케이,49591,13237,-36354,14228403750,3810258000,-10418145750,KRX MDCSTAT02401_OUT
daily,KOSDAQ150,institution,403870,HPSP,573887,384410,-189477,38136072150,25591380050,-12544692100,KRX MDCSTAT02401_OUT
daily,KOSDAQ150,institution,039030,이오테크닉스,89110,53145,-35965,46543264500,27808171000,-18735093500,KRX MDCSTAT02401_OUT
daily,KOSDAQ150,institution,222800,심텍,246777,110799,-135978,41915117500,18827447450,-23087670050,KRX MDCSTAT02401_OUT
daily,KOSDAQ150,institution,240810,원익IPS,358376,176419,-181957,48033915894,23766190694,-24267725200,KRX MDCSTAT02401_OUT
daily,KOSDAQ150,institution,095610,테스,244096,50530,-193566,40333071100,8377912150,-31955158950,KRX MDCSTAT02401_OUT
daily,KOSDAQ150,institution,036930,주성엔지니어링,401138,185922,-215216,103873504220,48892106470,-54981397750,KRX MDCSTAT02401_OUT
weekly,KOSPI200,foreign,316140,우리금융지주,11143963,28305994,17162031,375144116908,946484903878,571340786970,KRX MDCSTAT02401_OUT
weekly,KOSPI200,foreign,009150,삼성전기,988881,1130224,141343,1568593175536,1803061716036,234468540500,KRX MDCSTAT02401_OUT
weekly,KOSPI200,foreign,096770,SK이노베이션,1276072,2022486,746414,191125084778,304143100778,113018016000,KRX MDCSTAT02401_OUT
weekly,KOSPI200,foreign,006400,삼성SDI,413621,588332,174711,221863590000,320948287500,99084697500,KRX MDCSTAT02401_OUT
weekly,KOSPI200,foreign,278470,에이피알,584530,705270,120740,214577108378,259635309378,45058201000,KRX MDCSTAT02401_OUT
weekly,KOSPI200,foreign,009830,한화솔루션,4142752,5202398,1059646,144763924700,182997564450,38233639750,KRX MDCSTAT02401_OUT
weekly,KOSPI200,foreign,028260,삼성물산,632052,724024,91972,216705636766,248429358516,31723721750,KRX MDCSTAT02401_OUT
weekly,KOSPI200,foreign,329180,HD현대중공업,312310,376033,63723,131209292750,158382535250,27173242500,KRX MDCSTAT02401_OUT
weekly,KOSPI200,foreign,017670,SK텔레콤,691060,991846,300786,60257784850,86314506200,26056721350,KRX MDCSTAT02401_OUT
weekly,KOSPI200,foreign,011200,HMM,1287152,2235397,948245,27247484115,47406385015,20158900900,KRX MDCSTAT02401_OUT
weekly,KOSPI200,foreign,443060,HD현대마린솔루션,137425,223051,85626,31427334091,50809538091,19382204000,KRX MDCSTAT02401_OUT
weekly,KOSPI200,foreign,007660,이수페타시스,1878885,1994820,115935,233114703300,250744490800,17629787500,KRX MDCSTAT02401_OUT
weekly,KOSPI200,foreign,010950,S-Oil,795234,896282,101048,128553321450,145123027300,16569705850,KRX MDCSTAT02401_OUT
weekly,KOSPI200,foreign,004170,신세계,116065,163868,47803,37985346250,53716251750,15730905500,KRX MDCSTAT02401_OUT
weekly,KOSPI200,foreign,373220,LG에너지솔루션,457904,495121,37217,172001943750,186167178750,14165235000,KRX MDCSTAT02401_OUT
weekly,KOSPI200,foreign,071050,한국금융지주,395285,474858,79573,70354299300,84503788800,14149489500,KRX MDCSTAT02401_OUT
weekly,KOSPI200,foreign,0126Z0,삼성에피스홀딩스,80631,118514,37883,29510511250,43181800250,13671289000,KRX MDCSTAT02401_OUT
weekly,KOSPI200,foreign,023530,롯데쇼핑,202734,328568,125834,20291492550,32723438600,12431946050,KRX MDCSTAT02401_OUT
weekly,KOSPI200,foreign,454910,두산로보틱스,371346,541673,170327,26947929450,39294085600,12346156150,KRX MDCSTAT02401_OUT
weekly,KOSPI200,foreign,086790,하나금융지주,1923728,2014801,91073,248804700890,260521397940,11716697050,KRX MDCSTAT02401_OUT
weekly,KOSPI200,foreign,259960,크래프톤,199252,253391,54139,39472643450,50270088450,10797445000,KRX MDCSTAT02401_OUT
weekly,KOSPI200,foreign,450080,에코프로머티,435473,727408,291935,16418092250,27111206825,10693114575,KRX MDCSTAT02401_OUT
weekly,KOSPI200,foreign,018260,삼성에스디에스,248151,296318,48167,53976855250,64493651000,10516795750,KRX MDCSTAT02401_OUT
weekly,KOSPI200,foreign,483650,달바글로벌,134877,190221,55344,24934386350,35013375550,10078989200,KRX MDCSTAT02401_OUT
weekly,KOSPI200,foreign,001450,현대해상,966269,1163733,197464,46147727925,55482183775,9334455850,KRX MDCSTAT02401_OUT
weekly,KOSPI200,foreign,005830,DB손해보험,664236,713628,49392,121999375554,131045738404,9046362850,KRX MDCSTAT02401_OUT
weekly,KOSPI200,foreign,051910,LG화학,406592,437788,31196,105871826250,114860367000,8988540750,KRX MDCSTAT02401_OUT
weekly,KOSPI200,foreign,064400,LG씨엔에스,621714,735330,113616,43945164364,52448288164,8503123800,KRX MDCSTAT02401_OUT
weekly,KOSPI200,foreign,003230,삼양식품,44561,51321,6760,54091282500,62219629500,8128347000,KRX MDCSTAT02401_OUT
weekly,KOSPI200,foreign,047040,대우건설,5016319,5376782,360463,88858514290,95543259030,6684744740,KRX MDCSTAT02401_OUT
weekly,KOSPI200,foreign,034730,SK,278463,289088,10625,162554462000,169082850000,6528388000,KRX MDCSTAT02401_OUT
weekly,KOSPI200,foreign,004020,현대제철,1021202,1230491,209289,30426352350,36698774875,6272422525,KRX MDCSTAT02401_OUT
weekly,KOSPI200,foreign,078930,GS,910754,974058,63304,96492620145,102732558945,6239938800,KRX MDCSTAT02401_OUT
weekly,KOSPI200,foreign,120110,코오롱인더,158217,255272,97055,8909120850,14496440300,5587319450,KRX MDCSTAT02401_OUT
weekly,KOSPI200,foreign,011070,LG이노텍,555186,562829,7643,328487216500,333826627000,5339410500,KRX MDCSTAT02401_OUT
weekly,KOSPI200,foreign,028670,팬오션,6109888,6961051,851163,36813925935,42152527115,5338601180,KRX MDCSTAT02401_OUT
weekly,KOSPI200,foreign,042700,한미반도체,1005327,1028277,22950,269954887500,275063216250,5108328750,KRX MDCSTAT02401_OUT
weekly,KOSPI200,foreign,039490,키움증권,195629,215251,19622,49743139333,54781429333,5038290000,KRX MDCSTAT02401_OUT
weekly,KOSPI200,foreign,000100,유한양행,368986,434717,65731,27474953550,32396796050,4921842500,KRX MDCSTAT02401_OUT
weekly,KOSPI200,foreign,007340,DN오토모티브,224839,303012,78173,11162178900,15047906775,3885727875,KRX MDCSTAT02401_OUT
weekly,KOSPI200,foreign,069960,현대백화점,195564,240009,44445,17239456500,21089792650,3850336150,KRX MDCSTAT02401_OUT
weekly,KOSPI200,foreign,008930,한미사이언스,315524,385930,70406,18255828950,22043700300,3787871350,KRX MDCSTAT02401_OUT
weekly,KOSPI200,foreign,003670,포스코퓨처엠,540660,561520,20860,103771066250,107420418150,3649351900,KRX MDCSTAT02401_OUT
weekly,KOSPI200,foreign,204320,HL만도,397378,472779,75401,18466475075,22101258150,3634783075,KRX MDCSTAT02401_OUT
weekly,KOSPI200,foreign,251270,넷마블,413389,515860,102471,14364111550,17947763900,3583652350,KRX MDCSTAT02401_OUT
weekly,KOSPI200,foreign,028050,삼성E&A,3254623,3318445,63822,156025697936,159448978436,3423280500,KRX MDCSTAT02401_OUT
weekly,KOSPI200,foreign,002380,KCC,40637,47605,6968,19173785500,22478697750,3304912250,KRX MDCSTAT02401_OUT
weekly,KOSPI200,foreign,161390,한국타이어앤테크놀로지,628642,677200,48558,37407952650,40192948450,2784995800,KRX MDCSTAT02401_OUT
weekly,KOSPI200,foreign,022100,포스코DX,456224,586588,130364,9486213090,12263222220,2777009130,KRX MDCSTAT02401_OUT
weekly,KOSPI200,foreign,180640,한진칼,98775,118622,19847,13133619330,15808118380,2674499050,KRX MDCSTAT02401_OUT
weekly,KOSPI200,foreign,036460,한국가스공사,253659,319417,65758,9005675275,11364689050,2359013775,KRX MDCSTAT02401_OUT
weekly,KOSPI200,foreign,352820,하이브,353285,366350,13065,56383394128,58603727928,2220333800,KRX MDCSTAT02401_OUT
weekly,KOSPI200,foreign,307950,현대오토에버,56839,62680,5841,21579988500,23745410000,2165421500,KRX MDCSTAT02401_OUT
weekly,KOSPI200,foreign,097950,CJ제일제당,95535,105633,10098,17136566100,18993957950,1857391850,KRX MDCSTAT02401_OUT
weekly,KOSPI200,foreign,002790,아모레퍼시픽홀딩스,289840,359345,69505,7432247800,9195971700,1763723900,KRX MDCSTAT02401_OUT
weekly,KOSPI200,foreign,298020,효성티앤씨,48254,54262,6008,13569758000,15254985750,1685227750,KRX MDCSTAT02401_OUT
weekly,KOSPI200,foreign,000990,DB하이텍,853805,869750,15945,118589559800,120253690850,1664131050,KRX MDCSTAT02401_OUT
weekly,KOSPI200,foreign,066970,엘앤에프,513431,526435,13004,60005557500,61653646900,1648089400,KRX MDCSTAT02401_OUT
weekly,KOSPI200,foreign,009540,HD한국조선해양,485429,492681,7252,154623103344,156225634344,1602531000,KRX MDCSTAT02401_OUT
weekly,KOSPI200,foreign,011780,금호석유화학,144879,157752,12873,16783858850,18320541550,1536682700,KRX MDCSTAT02401_OUT
weekly,KOSPI200,foreign,005850,에스엘,121584,151262,29678,6256412150,7764693000,1508280850,KRX MDCSTAT02401_OUT
weekly,KOSPI200,foreign,302440,SK바이오사이언스,97379,136695,39316,3598666775,5051957550,1453290775,KRX MDCSTAT02401_OUT
weekly,KOSPI200,foreign,006280,녹십자,45537,55736,10199,5771661350,7087621750,1315960400,KRX MDCSTAT02401_OUT
weekly,KOSPI200,foreign,082740,한화엔진,983960,995924,11964,47029706175,48318826425,1289120250,KRX MDCSTAT02401_OUT
weekly,KOSPI200,foreign,010130,고려아연,22069,23245,1176,23773574100,25053487100,1279913000,KRX MDCSTAT02401_OUT
weekly,KOSPI200,foreign,285130,SK케미칼,44328,67084,22756,2279778400,3450483500,1170705100,KRX MDCSTAT02401_OUT
weekly,KOSPI200,foreign,034230,파라다이스,614613,728443,113830,5840484870,7001347765,1160862895,KRX MDCSTAT02401_OUT
weekly,KOSPI200,foreign,011170,롯데케미칼,189007,207460,18453,11431252550,12574109950,1142857400,KRX MDCSTAT02401_OUT
weekly,KOSPI200,foreign,030000,제일기획,942578,998985,56407,17603292835,18729554610,1126261775,KRX MDCSTAT02401_OUT
weekly,KOSPI200,foreign,361610,SK아이이테크놀로지,749779,804735,54956,12915223480,14033059540,1117836060,KRX MDCSTAT02401_OUT
weekly,KOSPI200,foreign,051900,LG생활건강,180913,185077,4164,48878286500,49928455000,1050168500,KRX MDCSTAT02401_OUT
weekly,KOSPI200,foreign,375500,DL이앤씨,530239,541627,11388,40121078700,41000327550,879248850,KRX MDCSTAT02401_OUT
weekly,KOSPI200,foreign,003240,태광산업,1774,2696,922,1599900000,2449690000,849790000,KRX MDCSTAT02401_OUT
weekly,KOSPI200,foreign,271560,오리온,240075,248428,8353,25507588344,26329151544,821563200,KRX MDCSTAT02401_OUT
weekly,KOSPI200,foreign,192080,더블유게임즈,105130,118939,13809,6053829550,6848387050,794557500,KRX MDCSTAT02401_OUT
weekly,KOSPI200,foreign,137310,에스디바이오센서,288334,409382,121048,1883036000,2658373620,775337620,KRX MDCSTAT02401_OUT
weekly,KOSPI200,foreign,016360,삼성증권,708655,714445,5790,63255660404,63809911404,554251000,KRX MDCSTAT02401_OUT
weekly,KOSPI200,foreign,267270,HD건설기계,476035,482525,6490,56444195950,56947055100,502859150,KRX MDCSTAT02401_OUT
weekly,KOSPI200,foreign,073240,금호타이어,1617638,1678681,61043,10919960010,11375054080,455094070,KRX MDCSTAT02401_OUT
weekly,KOSPI200,foreign,071320,지역난방공사,16185,21833,5648,1275850800,1725043900,449193100,KRX MDCSTAT02401_OUT
weekly,KOSPI200,foreign,185750,종근당,35591,41888,6297,2307691300,2724586400,416895100,KRX MDCSTAT02401_OUT
weekly,KOSPI200,foreign,000210,DL,66275,73991,7716,3264883875,3650930625,386046750,KRX MDCSTAT02401_OUT
weekly,KOSPI200,foreign,280360,롯데웰푸드,25414,28719,3305,3086120750,3466883700,380762950,KRX MDCSTAT02401_OUT
weekly,KOSPI200,foreign,007070,GS리테일,252440,267612,15172,5624816050,5963346650,338530600,KRX MDCSTAT02401_OUT
weekly,KOSPI200,foreign,005420,코스모화학,225412,260966,35554,2533714325,2871300570,337586245,KRX MDCSTAT02401_OUT
weekly,KOSPI200,foreign,241560,두산밥캣,564277,570277,6000,30962426040,31288348290,325922250,KRX MDCSTAT02401_OUT
weekly,KOSPI200,foreign,298050,HS효성첨단소재,10859,12794,1935,1758348900,2075129800,316780900,KRX MDCSTAT02401_OUT
weekly,KOSPI200,foreign,014820,동원시스템즈,22225,34057,11832,474103425,726781425,252678000,KRX MDCSTAT02401_OUT
weekly,KOSPI200,foreign,008730,율촌화학,116107,132012,15905,1747449570,1975616790,228167220,KRX MDCSTAT02401_OUT
weekly,KOSPI200,foreign,000670,영풍,53186,57493,4307,2170927150,2350462600,179535450,KRX MDCSTAT02401_OUT
weekly,KOSPI200,foreign,003490,대한항공,2441823,2437058,-4765,76005343825,76156418625,151074800,KRX MDCSTAT02401_OUT
weekly,KOSPI200,foreign,002840,미원상사,3484,4387,903,472043450,596654250,124610800,KRX MDCSTAT02401_OUT
weekly,KOSPI200,foreign,004000,롯데정밀화학,66280,68322,2042,2833206925,2922137500,88930575,KRX MDCSTAT02401_OUT
weekly,KOSPI200,foreign,069620,대웅제약,29984,30523,539,3241391400,3315220950,73829550,KRX MDCSTAT02401_OUT
weekly,KOSPI200,foreign,300720,한일시멘트,68938,69209,271,1111078525,1115375605,4297080,KRX MDCSTAT02401_OUT
weekly,KOSPI200,foreign,268280,미원에스씨,1549,1437,-112,196169750,180451700,-15718050,KRX MDCSTAT02401_OUT
weekly,KOSPI200,foreign,002030,아세아,3043,2787,-256,617205950,565346000,-51859950,KRX MDCSTAT02401_OUT
weekly,KOSPI200,foreign,007700,F&F홀딩스,7127,3092,-4035,95322920,41530380,-53792540,KRX MDCSTAT02401_OUT
weekly,KOSPI200,foreign,006040,동원산업,57427,54896,-2531,2018782750,1931617025,-87165725,KRX MDCSTAT02401_OUT
weekly,KOSPI200,foreign,006650,대한유화,75599,73832,-1767,6778076100,6648020150,-130055950,KRX MDCSTAT02401_OUT
weekly,KOSPI200,foreign,026960,동서,203752,195204,-8548,5441178300,5290741150,-150437150,KRX MDCSTAT02401_OUT
weekly,KOSPI200,foreign,000240,한국앤컴퍼니,92496,83341,-9155,2324847475,2100452225,-224395250,KRX MDCSTAT02401_OUT
weekly,KOSPI200,foreign,093370,후성,7589797,7570921,-18876,117934325995,117672461110,-261864885,KRX MDCSTAT02401_OUT
weekly,KOSPI200,foreign,086280,현대글로비스,313568,309979,-3589,61722603100,61296830300,-425772800,KRX MDCSTAT02401_OUT
weekly,KOSPI200,foreign,282330,BGF리테일,128948,125477,-3471,16578465650,16137280200,-441185450,KRX MDCSTAT02401_OUT
weekly,KOSPI200,foreign,005300,롯데칠성,39949,34932,-5017,3794556663,3322427713,-472128950,KRX MDCSTAT02401_OUT
weekly,KOSPI200,foreign,003550,LG,492264,487300,-4964,54944495330,54418528480,-525966850,KRX MDCSTAT02401_OUT
weekly,KOSPI200,foreign,009970,영원무역홀딩스,28427,24966,-3461,4646442800,4096712900,-549729900,KRX MDCSTAT02401_OUT
weekly,KOSPI200,foreign,003090,대웅,194830,157297,-37533,2990369080,2424885870,-565483210,KRX MDCSTAT02401_OUT
weekly,KOSPI200,foreign,069260,TKG휴켐스,120317,82739,-37578,1906974095,1313092995,-593881100,KRX MDCSTAT02401_OUT
weekly,KOSPI200,foreign,000080,하이트진로,174551,130979,-43572,2582520895,1941843570,-640677325,KRX MDCSTAT02401_OUT
weekly,KOSPI200,foreign,090430,아모레퍼시픽,520811,513155,-7656,70287961894,69620942544,-667019350,KRX MDCSTAT02401_OUT
weekly,KOSPI200,foreign,012750,에스원,250571,242593,-7978,20992589546,20309820446,-682769100,KRX MDCSTAT02401_OUT
weekly,KOSPI200,foreign,007310,오뚜기,6862,4479,-2383,2161665000,1410123500,-751541500,KRX MDCSTAT02401_OUT
weekly,KOSPI200,foreign,010120,LS ELECTRIC,756848,754934,-1914,159957825850,159081526550,-876299300,KRX MDCSTAT02401_OUT
weekly,KOSPI200,foreign,001680,대상,154114,93925,-60189,2732885410,1667384760,-1065500650,KRX MDCSTAT02401_OUT
weekly,KOSPI200,foreign,029780,삼성카드,174068,148341,-25727,7298317250,6224579000,-1073738250,KRX MDCSTAT02401_OUT
weekly,KOSPI200,foreign,009240,한샘,61081,33335,-27746,2410172400,1321444925,-1088727475,KRX MDCSTAT02401_OUT
weekly,KOSPI200,foreign,001800,오리온홀딩스,182156,124763,-57393,4190459275,2862422425,-1328036850,KRX MDCSTAT02401_OUT
weekly,KOSPI200,foreign,030200,KT,349840,323350,-26490,18168593617,16806417667,-1362175950,KRX MDCSTAT02401_OUT
weekly,KOSPI200,foreign,377300,카카오페이,169641,135012,-34629,6779453100,5414170450,-1365282650,KRX MDCSTAT02401_OUT
weekly,KOSPI200,foreign,001040,CJ,166293,156029,-10264,21982651100,20617250200,-1365400900,KRX MDCSTAT02401_OUT
weekly,KOSPI200,foreign,011210,현대위아,162688,133849,-28839,8587677350,7077370150,-1510307200,KRX MDCSTAT02401_OUT
weekly,KOSPI200,foreign,021240,코웨이,517400,502445,-14955,51925574700,50415063250,-1510511450,KRX MDCSTAT02401_OUT
weekly,KOSPI200,foreign,111770,영원무역,192441,165714,-26727,13199097300,11343258100,-1855839200,KRX MDCSTAT02401_OUT
weekly,KOSPI200,foreign,000880,한화,245163,227333,-17830,30545680402,28543246702,-2002433700,KRX MDCSTAT02401_OUT
weekly,KOSPI200,foreign,009420,한올바이오파마,443675,403425,-40250,20622328925,18608192300,-2014136625,KRX MDCSTAT02401_OUT
weekly,KOSPI200,foreign,000120,CJ대한통운,93973,64152,-29821,6567842250,4495158350,-2072683900,KRX MDCSTAT02401_OUT
weekly,KOSPI200,foreign,139480,이마트,172487,139813,-32674,12317539050,10004193450,-2313345600,KRX MDCSTAT02401_OUT
weekly,KOSPI200,foreign,052690,한전기술,362385,345685,-16700,46229064350,43804836650,-2424227700,KRX MDCSTAT02401_OUT
weekly,KOSPI200,foreign,004990,롯데지주,225107,111341,-113766,5316498400,2631593050,-2684905350,KRX MDCSTAT02401_OUT
weekly,KOSPI200,foreign,017800,현대엘리베이터,241633,203570,-38063,17554075629,14794564479,-2759511150,KRX MDCSTAT02401_OUT
weekly,KOSPI200,foreign,035250,강원랜드,488197,253252,-234945,6972479735,3620222165,-3352257570,KRX MDCSTAT02401_OUT
weekly,KOSPI200,foreign,051600,한전KPS,282791,204786,-78005,12555480050,9109146150,-3446333900,KRX MDCSTAT02401_OUT
weekly,KOSPI200,foreign,017960,한국카본,328268,159025,-169243,6699514180,3242854520,-3456659660,KRX MDCSTAT02401_OUT
weekly,KOSPI200,foreign,003030,세아제강지주,72539,40516,-32023,8258144800,4641135250,-3617009550,KRX MDCSTAT02401_OUT
weekly,KOSPI200,foreign,005940,NH투자증권,956072,778338,-177734,25295691213,20587877388,-4707813825,KRX MDCSTAT02401_OUT
weekly,KOSPI200,foreign,071970,HD현대마린엔진,361009,254690,-106319,17077917775,12335219625,-4742698150,KRX MDCSTAT02401_OUT
weekly,KOSPI200,foreign,032640,LG유플러스,2087369,1757366,-330003,30342678495,25556232695,-4786445800,KRX MDCSTAT02401_OUT
weekly,KOSPI200,foreign,175330,JB금융지주,1138758,969721,-169037,32789293000,27820963225,-4968329775,KRX MDCSTAT02401_OUT
weekly,KOSPI200,foreign,006800,미래에셋증권,1971048,1796657,-174391,61961289500,56741436525,-5219852975,KRX MDCSTAT02401_OUT
weekly,KOSPI200,foreign,004370,농심,49861,36619,-13242,19996844390,14679968640,-5316875750,KRX MDCSTAT02401_OUT
weekly,KOSPI200,foreign,034220,LG디스플레이,6672435,5995779,-676656,56352011420,50768077495,-5583933925,KRX MDCSTAT02401_OUT
weekly,KOSPI200,foreign,138930,BNK금융지주,2343482,1984142,-359340,37119019235,31487828930,-5631190305,KRX MDCSTAT02401_OUT
weekly,KOSPI200,foreign,081660,미스토홀딩스,426403,270368,-156035,16371704900,10350707325,-6020997575,KRX MDCSTAT02401_OUT
weekly,KOSPI200,foreign,457190,이수스페셜티케미컬,633039,550459,-82580,49787973150,43380138450,-6407834700,KRX MDCSTAT02401_OUT
weekly,KOSPI200,foreign,161890,한국콜마,892226,841650,-50576,126378283750,119717181150,-6661102600,KRX MDCSTAT02401_OUT
weekly,KOSPI200,foreign,000720,현대건설,893600,830379,-63221,102512344550,95547447700,-6964896850,KRX MDCSTAT02401_OUT
weekly,KOSPI200,foreign,000810,삼성화재,207471,196331,-11140,130796475264,123775305264,-7021170000,KRX MDCSTAT02401_OUT
weekly,KOSPI200,foreign,001430,세아베스틸지주,292761,135746,-157015,13505201675,6243315825,-7261885850,KRX MDCSTAT02401_OUT
weekly,KOSPI200,foreign,326030,SK바이오팜,252708,153387,-99321,19144256600,11617042100,-7527214500,KRX MDCSTAT02401_OUT
weekly,KOSPI200,foreign,018880,한온시스템,21281223,19139576,-2141647,79010155694,71057231472,-7952924222,KRX MDCSTAT02401_OUT
weekly,KOSPI200,foreign,064350,현대로템,1127818,1054685,-73133,127090871150,119076722350,-8014148800,KRX MDCSTAT02401_OUT
weekly,KOSPI200,foreign,088350,한화생명,5432983,3889599,-1543384,29182310460,20753399120,-8428911340,KRX MDCSTAT02401_OUT
weekly,KOSPI200,foreign,128940,한미약품,154181,138077,-16104,79524649000,71077352750,-8447296250,KRX MDCSTAT02401_OUT
weekly,KOSPI200,foreign,112610,씨에스윈드,656280,503956,-152324,36237360550,27322398400,-8914962150,KRX MDCSTAT02401_OUT
weekly,KOSPI200,foreign,267250,HD현대,489150,439181,-49969,96197549640,86420204790,-9777344850,KRX MDCSTAT02401_OUT
weekly,KOSPI200,foreign,139130,iM금융지주,1894735,1328740,-565995,34703445194,24327833459,-10375611735,KRX MDCSTAT02401_OUT
weekly,KOSPI200,foreign,047050,포스코인터내셔널,973152,779749,-193403,54833677600,44326102200,-10507575400,KRX MDCSTAT02401_OUT
weekly,KOSPI200,foreign,008770,호텔신라,565041,286143,-278898,22201696075,11219650725,-10982045350,KRX MDCSTAT02401_OUT
weekly,KOSPI200,foreign,103140,풍산,361984,200196,-161788,26609773700,15060136200,-11549637500,KRX MDCSTAT02401_OUT
weekly,KOSPI200,foreign,000270,기아,2213092,2110829,-102263,249253583550,237528761250,-11724822300,KRX MDCSTAT02401_OUT
weekly,KOSPI200,foreign,032830,삼성생명,604067,560339,-43728,171194791750,158753536250,-12441255500,KRX MDCSTAT02401_OUT
weekly,KOSPI200,foreign,010140,삼성중공업,4735593,4090858,-644735,93443351715,80861288040,-12582063675,KRX MDCSTAT02401_OUT
weekly,KOSPI200,foreign,035720,카카오,2231292,1804299,-426993,74555597975,60395704550,-14159893425,KRX MDCSTAT02401_OUT
weekly,KOSPI200,foreign,323410,카카오뱅크,1877851,1159399,-718452,37246646565,23056002475,-14190644090,KRX MDCSTAT02401_OUT
weekly,KOSPI200,foreign,138040,메리츠금융지주,364440,250046,-114394,46806298500,32116052100,-14690246400,KRX MDCSTAT02401_OUT
weekly,KOSPI200,foreign,015760,한국전력,1393317,881005,-512312,41902589875,26555262750,-15347327125,KRX MDCSTAT02401_OUT
weekly,KOSPI200,foreign,011790,SKC,806017,652666,-153351,85376404900,69248940500,-16127464400,KRX MDCSTAT02401_OUT
weekly,KOSPI200,foreign,068270,셀트리온,717825,622713,-95112,130198938800,113135918050,-17063020750,KRX MDCSTAT02401_OUT
weekly,KOSPI200,foreign,000150,두산,167124,153975,-13149,233727057500,215584685500,-18142372000,KRX MDCSTAT02401_OUT
weekly,KOSPI200,foreign,006260,LS,347934,277462,-70472,102891254250,81803524000,-21087730250,KRX MDCSTAT02401_OUT
weekly,KOSPI200,foreign,024110,기업은행,2492488,1437515,-1054973,50290068200,29008846400,-21281221800,KRX MDCSTAT02401_OUT
weekly,KOSPI200,foreign,047810,한국항공우주,667803,483347,-184456,84692004300,61977774250,-22714230050,KRX MDCSTAT02401_OUT
weekly,KOSPI200,foreign,033780,KT&G,629222,483293,-145929,111080108100,85508622900,-25571485200,KRX MDCSTAT02401_OUT
weekly,KOSPI200,foreign,062040,산일전기,704303,588013,-116290,159148352250,132540284250,-26608068000,KRX MDCSTAT02401_OUT
weekly,KOSPI200,foreign,014680,한솔케미칼,198163,90259,-107904,53693160500,24420128250,-29273032250,KRX MDCSTAT02401_OUT
weekly,KOSPI200,foreign,010060,OCI홀딩스,402930,279587,-123343,94045096750,64688028000,-29357068750,KRX MDCSTAT02401_OUT
weekly,KOSPI200,foreign,192820,코스맥스,368420,256315,-112105,105675776750,72483177000,-33192599750,KRX MDCSTAT02401_OUT
weekly,KOSPI200,foreign,042660,한화오션,1341227,799285,-541942,104087792150,62377761650,-41710030500,KRX MDCSTAT02401_OUT
weekly,KOSPI200,foreign,036570,NC,475214,284135,-191079,109317649000,64943724500,-44373924500,KRX MDCSTAT02401_OUT
weekly,KOSPI200,foreign,272210,한화시스템,1942014,1302114,-639900,154864097250,103464883000,-51399214250,KRX MDCSTAT02401_OUT
weekly,KOSPI200,foreign,005490,POSCO홀딩스,451464,275945,-175519,139619668000,85412176250,-54207491750,KRX MDCSTAT02401_OUT
weekly,KOSPI200,foreign,001440,대한전선,4466668,2656058,-1810610,137326880775,82444166700,-54882714075,KRX MDCSTAT02401_OUT
weekly,KOSPI200,foreign,105560,KB금융,2713993,2321830,-392163,455402756900,389896881500,-65505875400,KRX MDCSTAT02401_OUT
weekly,KOSPI200,foreign,012330,현대모비스,745472,539305,-206167,280418038588,203030522588,-77387516000,KRX MDCSTAT02401_OUT
weekly,KOSPI200,foreign,267260,HD현대일렉트릭,669084,548251,-120833,446638848500,367134456000,-79504392500,KRX MDCSTAT02401_OUT
weekly,KOSPI200,foreign,079550,LIG디펜스앤에어로스페이스,252669,129798,-122871,175832202000,92718283000,-83113919000,KRX MDCSTAT02401_OUT
weekly,KOSPI200,foreign,055550,신한지주,3480790,2609776,-871014,365896838304,274366035404,-91530802900,KRX MDCSTAT02401_OUT
weekly,KOSPI200,foreign,402340,SK스퀘어,1229077,1146906,-82171,1415773715566,1323321522566,-92452193000,KRX MDCSTAT02401_OUT
weekly,KOSPI200,foreign,207940,삼성바이오로직스,208850,132337,-76513,279956264500,179195902500,-100760362000,KRX MDCSTAT02401_OUT
weekly,KOSPI200,foreign,035420,NAVER,1088362,546347,-542015,208656023800,105138112900,-103517910900,KRX MDCSTAT02401_OUT
weekly,KOSPI200,foreign,034020,두산에너빌리티,4078341,2779943,-1298398,332677425550,226817460250,-105859965300,KRX MDCSTAT02401_OUT
weekly,KOSPI200,foreign,066570,LG전자,1885400,1363271,-522129,409127117250,302019886250,-107107231000,KRX MDCSTAT02401_OUT
weekly,KOSPI200,foreign,012450,한화에어로스페이스,354349,220417,-133932,360689928258,226597190758,-134092737500,KRX MDCSTAT02401_OUT
weekly,KOSPI200,foreign,005380,현대차,1071878,638425,-433453,369087656250,220915816750,-148171839500,KRX MDCSTAT02401_OUT
weekly,KOSPI200,foreign,298040,효성중공업,161967,79878,-82089,439362834500,220962545000,-218400289500,KRX MDCSTAT02401_OUT
weekly,KOSPI200,foreign,005930,삼성전자,26198054,19708817,-6489237,7123393053721,5371103835471,-1752289218250,KRX MDCSTAT02401_OUT
weekly,KOSPI200,foreign,000660,SK하이닉스,5766745,3612652,-2154093,10293158072601,6471689841601,-3821468231000,KRX MDCSTAT02401_OUT
weekly,KOSPI200,institution,402340,SK스퀘어,711489,852748,141259,816335562500,981642569500,165307007000,KRX MDCSTAT02401_OUT
weekly,KOSPI200,institution,373220,LG에너지솔루션,364705,725297,360592,136531722250,273171895000,136640172750,KRX MDCSTAT02401_OUT
weekly,KOSPI200,institution,006400,삼성SDI,367028,567425,200397,198413402000,309804524500,111391122500,KRX MDCSTAT02401_OUT
weekly,KOSPI200,institution,009150,삼성전기,813157,876579,63422,1292370488500,1390840725500,98470237000,KRX MDCSTAT02401_OUT
weekly,KOSPI200,institution,066570,LG전자,743921,1120107,376186,161824652500,245767291500,83942639000,KRX MDCSTAT02401_OUT
weekly,KOSPI200,institution,272210,한화시스템,722229,1762068,1039839,56963730550,140345750400,83382019850,KRX MDCSTAT02401_OUT
weekly,KOSPI200,institution,055550,신한지주,1277881,1811072,533191,133789134500,189820205650,56031071150,KRX MDCSTAT02401_OUT
weekly,KOSPI200,institution,042700,한미반도체,629784,837281,207497,168616642526,223819629776,55202987250,KRX MDCSTAT02401_OUT
weekly,KOSPI200,institution,009830,한화솔루션,1661900,3165546,1503646,58567290400,111437614550,52870324150,KRX MDCSTAT02401_OUT
weekly,KOSPI200,institution,011070,LG이노텍,265134,343549,78415,157242233500,207499284500,50257051000,KRX MDCSTAT02401_OUT
weekly,KOSPI200,institution,011790,SKC,192999,657190,464191,20316197850,69896713800,49580515950,KRX MDCSTAT02401_OUT
weekly,KOSPI200,institution,036570,NC,263602,469065,205463,60533556250,109648019500,49114463250,KRX MDCSTAT02401_OUT
weekly,KOSPI200,institution,012330,현대모비스,401750,530856,129106,151543349750,200332706500,48789356750,KRX MDCSTAT02401_OUT
weekly,KOSPI200,institution,010060,OCI홀딩스,126570,325684,199114,29327398250,76798638000,47471239750,KRX MDCSTAT02401_OUT
weekly,KOSPI200,institution,062040,산일전기,200040,407471,207431,44591343250,90466459500,45875116250,KRX MDCSTAT02401_OUT
weekly,KOSPI200,institution,014680,한솔케미칼,63980,217359,153379,17381438750,58881705750,41500267000,KRX MDCSTAT02401_OUT
weekly,KOSPI200,institution,316140,우리금융지주,2127814,3276498,1148684,71979731050,110082310780,38102579730,KRX MDCSTAT02401_OUT
weekly,KOSPI200,institution,192820,코스맥스,129408,257671,128263,36703383250,74209608500,37506225250,KRX MDCSTAT02401_OUT
weekly,KOSPI200,institution,112610,씨에스윈드,167320,785904,618584,9149683500,43560836850,34411153350,KRX MDCSTAT02401_OUT
weekly,KOSPI200,institution,079550,LIG디펜스앤에어로스페이스,131381,177646,46265,92202693500,126014965000,33812271500,KRX MDCSTAT02401_OUT
weekly,KOSPI200,institution,018880,한온시스템,3541492,12279508,8738016,13205035731,45896742884,32691707153,KRX MDCSTAT02401_OUT
weekly,KOSPI200,institution,010950,S-Oil,382946,560843,177897,61452197250,91698393650,30246196400,KRX MDCSTAT02401_OUT
weekly,KOSPI200,institution,105560,KB금융,1173907,1320644,146737,197364114300,221748760200,24384645900,KRX MDCSTAT02401_OUT
weekly,KOSPI200,institution,051910,LG화학,232525,320341,87816,61612528500,85106478000,23493949500,KRX MDCSTAT02401_OUT
weekly,KOSPI200,institution,138040,메리츠금융지주,179743,305484,125741,23107489250,39339155500,16231666250,KRX MDCSTAT02401_OUT
weekly,KOSPI200,institution,066970,엘앤에프,552713,680557,127844,64679418250,80479342450,15799924200,KRX MDCSTAT02401_OUT
weekly,KOSPI200,institution,047050,포스코인터내셔널,283260,544738,261478,15993147600,30850034350,14856886750,KRX MDCSTAT02401_OUT
weekly,KOSPI200,institution,352820,하이브,245593,321431,75838,39178106500,52210711900,13032605400,KRX MDCSTAT02401_OUT
weekly,KOSPI200,institution,005940,NH투자증권,479489,967118,487629,12663596900,25637365125,12973768225,KRX MDCSTAT02401_OUT
weekly,KOSPI200,institution,012450,한화에어로스페이스,145428,154419,8991,148282476500,159016655500,10734179000,KRX MDCSTAT02401_OUT
weekly,KOSPI200,institution,028670,팬오션,1924349,3581667,1657318,11553018500,21684760030,10131741530,KRX MDCSTAT02401_OUT
weekly,KOSPI200,institution,016360,삼성증권,267738,379379,111641,23869783800,33950489200,10080705400,KRX MDCSTAT02401_OUT
weekly,KOSPI200,institution,034730,SK,182225,198342,16117,106253085000,115672436500,9419351500,KRX MDCSTAT02401_OUT
weekly,KOSPI200,institution,082740,한화엔진,537370,729475,192105,25835222275,35241040900,9405818625,KRX MDCSTAT02401_OUT
weekly,KOSPI200,institution,139130,iM금융지주,286538,774899,488361,5250993705,14249180555,8998186850,KRX MDCSTAT02401_OUT
weekly,KOSPI200,institution,361610,SK아이이테크놀로지,225464,699239,473775,3900984805,12345556785,8444571980,KRX MDCSTAT02401_OUT
weekly,KOSPI200,institution,003670,포스코퓨처엠,605784,644356,38572,115190643700,123370720550,8180076850,KRX MDCSTAT02401_OUT
weekly,KOSPI200,institution,093370,후성,1574921,2082082,507161,24347628635,32509624915,8161996280,KRX MDCSTAT02401_OUT
weekly,KOSPI200,institution,033780,KT&G,217633,256140,38507,38480317650,45333820300,6853502650,KRX MDCSTAT02401_OUT
weekly,KOSPI200,institution,068270,셀트리온,428495,459951,31456,77848901900,83851091100,6002189200,KRX MDCSTAT02401_OUT
weekly,KOSPI200,institution,278470,에이피알,223774,236657,12883,82098005250,87835460250,5737455000,KRX MDCSTAT02401_OUT
weekly,KOSPI200,institution,052690,한전기술,188875,232747,43872,23881853550,29506381850,5624528300,KRX MDCSTAT02401_OUT
weekly,KOSPI200,institution,004370,농심,15425,27720,12295,6181063500,11133838500,4952775000,KRX MDCSTAT02401_OUT
weekly,KOSPI200,institution,081660,미스토홀딩스,67954,187228,119274,2585472550,7229593625,4644121075,KRX MDCSTAT02401_OUT
weekly,KOSPI200,institution,001430,세아베스틸지주,149895,245202,95307,6854421100,11327297300,4472876200,KRX MDCSTAT02401_OUT
weekly,KOSPI200,institution,097950,CJ제일제당,33463,53419,19956,5981825500,9603315100,3621489600,KRX MDCSTAT02401_OUT
weekly,KOSPI200,institution,457190,이수스페셜티케미컬,188092,232336,44244,14987695750,18538235250,3550539500,KRX MDCSTAT02401_OUT
weekly,KOSPI200,institution,008930,한미사이언스,147642,210293,62651,8133303800,11594996600,3461692800,KRX MDCSTAT02401_OUT
weekly,KOSPI200,institution,003490,대한항공,2235552,2336765,101213,69487494025,72935144750,3447650725,KRX MDCSTAT02401_OUT
weekly,KOSPI200,institution,0126Z0,삼성에피스홀딩스,17290,26017,8727,6305430000,9445585500,3140155500,KRX MDCSTAT02401_OUT
weekly,KOSPI200,institution,032640,LG유플러스,717891,932142,214251,10432865065,13547328075,3114463010,KRX MDCSTAT02401_OUT
weekly,KOSPI200,institution,003030,세아제강지주,41691,68740,27049,4765829650,7859896250,3094066600,KRX MDCSTAT02401_OUT
weekly,KOSPI200,institution,009240,한샘,14836,73665,58829,585485500,2917943800,2332458300,KRX MDCSTAT02401_OUT
weekly,KOSPI200,institution,010120,LS ELECTRIC,422031,429647,7616,88161118800,90475941300,2314822500,KRX MDCSTAT02401_OUT
weekly,KOSPI200,institution,015760,한국전력,1393855,1441154,47299,41953598975,43427579025,1473980050,KRX MDCSTAT02401_OUT
weekly,KOSPI200,institution,003550,LG,181521,192628,11107,20263821300,21614154750,1350333450,KRX MDCSTAT02401_OUT
weekly,KOSPI200,institution,001040,CJ,105721,115377,9656,13918175350,15244779250,1326603900,KRX MDCSTAT02401_OUT
weekly,KOSPI200,institution,021240,코웨이,161110,173281,12171,16138517650,17406380400,1267862750,KRX MDCSTAT02401_OUT
weekly,KOSPI200,institution,012750,에스원,58376,73204,14828,4863253350,6125610100,1262356750,KRX MDCSTAT02401_OUT
weekly,KOSPI200,institution,022100,포스코DX,185070,239889,54819,3858868545,5022081815,1163213270,KRX MDCSTAT02401_OUT
weekly,KOSPI200,institution,090430,아모레퍼시픽,331885,338584,6699,45026782200,46039591050,1012808850,KRX MDCSTAT02401_OUT
weekly,KOSPI200,institution,000240,한국앤컴퍼니,43060,81943,38883,1084632300,2063565475,978933175,KRX MDCSTAT02401_OUT
weekly,KOSPI200,institution,006280,녹십자,25628,32542,6914,3256109100,4159170500,903061400,KRX MDCSTAT02401_OUT
weekly,KOSPI200,institution,326030,SK바이오팜,77372,87540,10168,5849560400,6632016800,782456400,KRX MDCSTAT02401_OUT
weekly,KOSPI200,institution,030000,제일기획,631475,670445,38970,11798473360,12526396170,727922810,KRX MDCSTAT02401_OUT
weekly,KOSPI200,institution,017960,한국카본,105676,140312,34636,2143117165,2865850495,722733330,KRX MDCSTAT02401_OUT
weekly,KOSPI200,institution,009970,영원무역홀딩스,14426,17983,3557,2364922500,2964627300,599704800,KRX MDCSTAT02401_OUT
weekly,KOSPI200,institution,175330,JB금융지주,687884,704567,16683,19686660075,20243514450,556854375,KRX MDCSTAT02401_OUT
weekly,KOSPI200,institution,024110,기업은행,711336,734287,22951,14343643325,14830222950,486579625,KRX MDCSTAT02401_OUT
weekly,KOSPI200,institution,282330,BGF리테일,32637,36261,3624,4193169950,4665813550,472643600,KRX MDCSTAT02401_OUT
weekly,KOSPI200,institution,073240,금호타이어,419943,478277,58334,2842468950,3248689885,406220935,KRX MDCSTAT02401_OUT
weekly,KOSPI200,institution,128940,한미약품,113349,112899,-450,57889358750,58184252250,294893500,KRX MDCSTAT02401_OUT
weekly,KOSPI200,institution,005420,코스모화학,77105,102214,25109,856053565,1135029980,278976415,KRX MDCSTAT02401_OUT
weekly,KOSPI200,institution,005850,에스엘,98990,103166,4176,5066244150,5333872250,267628100,KRX MDCSTAT02401_OUT
weekly,KOSPI200,institution,008730,율촌화학,23006,38102,15096,345212710,574406090,229193380,KRX MDCSTAT02401_OUT
weekly,KOSPI200,institution,034230,파라다이스,274583,290137,15554,2585016775,2803996740,218979965,KRX MDCSTAT02401_OUT
weekly,KOSPI200,institution,300720,한일시멘트,53147,66285,13138,856210100,1070359025,214148925,KRX MDCSTAT02401_OUT
weekly,KOSPI200,institution,002030,아세아,2294,3323,1029,462215750,674332850,212117100,KRX MDCSTAT02401_OUT
weekly,KOSPI200,institution,026960,동서,75987,81449,5462,2006481300,2185777775,179296475,KRX MDCSTAT02401_OUT
weekly,KOSPI200,institution,137310,에스디바이오센서,121514,148609,27095,785393125,959540785,174147660,KRX MDCSTAT02401_OUT
weekly,KOSPI200,institution,006800,미래에셋증권,1135808,1126990,-8818,35589133250,35697614050,108480800,KRX MDCSTAT02401_OUT
weekly,KOSPI200,institution,003240,태광산업,2045,2156,111,1850719000,1955633000,104914000,KRX MDCSTAT02401_OUT
weekly,KOSPI200,institution,002840,미원상사,3773,4325,552,510869700,587254350,76384650,KRX MDCSTAT02401_OUT
weekly,KOSPI200,institution,000810,삼성화재,73576,73633,57,46262901500,46329380000,66478500,KRX MDCSTAT02401_OUT
weekly,KOSPI200,institution,069260,TKG휴켐스,53510,55989,2479,848691790,888151345,39459555,KRX MDCSTAT02401_OUT
weekly,KOSPI200,institution,007310,오뚜기,2489,2563,74,783176000,807872000,24696000,KRX MDCSTAT02401_OUT
weekly,KOSPI200,institution,035250,강원랜드,215845,217494,1649,3082849080,3107327505,24478425,KRX MDCSTAT02401_OUT
weekly,KOSPI200,institution,007700,F&F홀딩스,2850,2591,-259,38128880,34656740,-3472140,KRX MDCSTAT02401_OUT
weekly,KOSPI200,institution,069620,대웅제약,26216,25690,-526,2841338600,2781592750,-59745850,KRX MDCSTAT02401_OUT
weekly,KOSPI200,institution,268280,미원에스씨,2206,1599,-607,276984650,202200250,-74784400,KRX MDCSTAT02401_OUT
weekly,KOSPI200,institution,014820,동원시스템즈,29095,24414,-4681,618544925,519951750,-98593175,KRX MDCSTAT02401_OUT
weekly,KOSPI200,institution,298050,HS효성첨단소재,7604,6924,-680,1230776900,1121432200,-109344700,KRX MDCSTAT02401_OUT
weekly,KOSPI200,institution,003090,대웅,83434,75645,-7789,1282944290,1165299225,-117645065,KRX MDCSTAT02401_OUT
weekly,KOSPI200,institution,001680,대상,46175,36839,-9336,821487215,656684215,-164803000,KRX MDCSTAT02401_OUT
weekly,KOSPI200,institution,004990,롯데지주,83272,75222,-8050,1963981100,1791126975,-172854125,KRX MDCSTAT02401_OUT
weekly,KOSPI200,institution,454910,두산로보틱스,145701,142044,-3657,10519669400,10261487450,-258181950,KRX MDCSTAT02401_OUT
weekly,KOSPI200,institution,005300,롯데칠성,9434,6575,-2859,895577900,625419550,-270158350,KRX MDCSTAT02401_OUT
weekly,KOSPI200,institution,001800,오리온홀딩스,90346,74697,-15649,2069495875,1718073975,-351421900,KRX MDCSTAT02401_OUT
weekly,KOSPI200,institution,006040,동원산업,25201,14506,-10695,887085625,511257750,-375827875,KRX MDCSTAT02401_OUT
weekly,KOSPI200,institution,000080,하이트진로,88483,63125,-25358,1310311425,934367985,-375943440,KRX MDCSTAT02401_OUT
weekly,KOSPI200,institution,071320,지역난방공사,11816,6875,-4941,928819950,541507300,-387312650,KRX MDCSTAT02401_OUT
weekly,KOSPI200,institution,111770,영원무역,79297,72180,-7117,5415659650,5003749950,-411909700,KRX MDCSTAT02401_OUT
weekly,KOSPI200,institution,139480,이마트,81225,74055,-7170,5800586200,5301767250,-498818950,KRX MDCSTAT02401_OUT
weekly,KOSPI200,institution,011210,현대위아,49789,40123,-9666,2621095550,2118664750,-502430800,KRX MDCSTAT02401_OUT
weekly,KOSPI200,institution,185750,종근당,17293,9162,-8131,1125924450,595916050,-530008400,KRX MDCSTAT02401_OUT
weekly,KOSPI200,institution,009420,한올바이오파마,386062,367621,-18441,17674197875,17139978075,-534219800,KRX MDCSTAT02401_OUT
weekly,KOSPI200,institution,000210,DL,65419,53338,-12081,3225169675,2641188125,-583981550,KRX MDCSTAT02401_OUT
weekly,KOSPI200,institution,000670,영풍,35263,20356,-14907,1439353550,835693300,-603660250,KRX MDCSTAT02401_OUT
weekly,KOSPI200,institution,138930,BNK금융지주,739363,697720,-41643,11682485820,11032336425,-650149395,KRX MDCSTAT02401_OUT
weekly,KOSPI200,institution,302440,SK바이오사이언스,82167,61071,-21096,3026120950,2250414625,-775706325,KRX MDCSTAT02401_OUT
weekly,KOSPI200,institution,088350,한화생명,1548125,1399960,-148165,8333305840,7482852615,-850453225,KRX MDCSTAT02401_OUT
weekly,KOSPI200,institution,285130,SK케미칼,55581,36756,-18825,2858146000,1894020500,-964125500,KRX MDCSTAT02401_OUT
weekly,KOSPI200,institution,280360,롯데웰푸드,24402,14555,-9847,2934187250,1765543750,-1168643500,KRX MDCSTAT02401_OUT
weekly,KOSPI200,institution,192080,더블유게임즈,46256,24736,-21520,2659808100,1429534150,-1230273950,KRX MDCSTAT02401_OUT
weekly,KOSPI200,institution,377300,카카오페이,155788,122839,-32949,6223190525,4916010150,-1307180375,KRX MDCSTAT02401_OUT
weekly,KOSPI200,institution,004000,롯데정밀화학,64996,32122,-32874,2778920250,1376657575,-1402262675,KRX MDCSTAT02401_OUT
weekly,KOSPI200,institution,029780,삼성카드,102810,68665,-34145,4305614400,2881281650,-1424332750,KRX MDCSTAT02401_OUT
weekly,KOSPI200,institution,036460,한국가스공사,141059,97404,-43655,4985297375,3456542125,-1528755250,KRX MDCSTAT02401_OUT
weekly,KOSPI200,institution,007070,GS리테일,135513,60638,-74875,3007175550,1346320675,-1660854875,KRX MDCSTAT02401_OUT
weekly,KOSPI200,institution,000120,CJ대한통운,55761,31013,-24748,3902056900,2175009900,-1727047000,KRX MDCSTAT02401_OUT
weekly,KOSPI200,institution,007340,DN오토모티브,140982,105059,-35923,6977947800,5207217650,-1770730150,KRX MDCSTAT02401_OUT
weekly,KOSPI200,institution,002790,아모레퍼시픽홀딩스,157397,78919,-78478,3968307350,2022216275,-1946091075,KRX MDCSTAT02401_OUT
weekly,KOSPI200,institution,001440,대한전선,1019118,950335,-68783,31296246750,29290943750,-2005303000,KRX MDCSTAT02401_OUT
weekly,KOSPI200,institution,000880,한화,65147,47569,-17578,8077142300,5951771550,-2125370750,KRX MDCSTAT02401_OUT
weekly,KOSPI200,institution,006650,대한유화,35473,9812,-25661,3198893950,882030900,-2316863050,KRX MDCSTAT02401_OUT
weekly,KOSPI200,institution,180640,한진칼,104215,85260,-18955,13818139900,11321825400,-2496314500,KRX MDCSTAT02401_OUT
weekly,KOSPI200,institution,011170,롯데케미칼,137577,92191,-45386,8299701400,5586611300,-2713090100,KRX MDCSTAT02401_OUT
weekly,KOSPI200,institution,323410,카카오뱅크,895400,759017,-136383,17811599175,15062452965,-2749146210,KRX MDCSTAT02401_OUT
weekly,KOSPI200,institution,017800,현대엘리베이터,105340,63406,-41934,7634852650,4611375750,-3023476900,KRX MDCSTAT02401_OUT
weekly,KOSPI200,institution,251270,넷마블,257930,169686,-88244,8947134500,5894225750,-3052908750,KRX MDCSTAT02401_OUT
weekly,KOSPI200,institution,051600,한전KPS,195357,123989,-71368,8655129825,5510811250,-3144318575,KRX MDCSTAT02401_OUT
weekly,KOSPI200,institution,002380,KCC,14914,8100,-6814,7025014000,3820453500,-3204560500,KRX MDCSTAT02401_OUT
weekly,KOSPI200,institution,011780,금호석유화학,61032,33250,-27782,7077565600,3861417750,-3216147850,KRX MDCSTAT02401_OUT
weekly,KOSPI200,institution,071970,HD현대마린엔진,140175,65851,-74324,6702806950,3188888975,-3513917975,KRX MDCSTAT02401_OUT
weekly,KOSPI200,institution,069960,현대백화점,63599,22726,-40873,5572769400,2004730150,-3568039250,KRX MDCSTAT02401_OUT
weekly,KOSPI200,institution,241560,두산밥캣,185614,114681,-70933,10172988950,6303798350,-3869190600,KRX MDCSTAT02401_OUT
weekly,KOSPI200,institution,032830,삼성생명,281980,267066,-14914,79784009500,75720148750,-4063860750,KRX MDCSTAT02401_OUT
weekly,KOSPI200,institution,161390,한국타이어앤테크놀로지,300893,220245,-80648,17755511050,13109580050,-4645931000,KRX MDCSTAT02401_OUT
weekly,KOSPI200,institution,008770,호텔신라,229907,102373,-127534,9017128075,4014378150,-5002749925,KRX MDCSTAT02401_OUT
weekly,KOSPI200,institution,000100,유한양행,277600,209873,-67727,20650581550,15641164350,-5009417200,KRX MDCSTAT02401_OUT
weekly,KOSPI200,institution,034220,LG디스플레이,1648043,1037467,-610576,13927423440,8788641010,-5138782430,KRX MDCSTAT02401_OUT
weekly,KOSPI200,institution,307950,현대오토에버,50559,35066,-15493,19121476000,13330934250,-5790541750,KRX MDCSTAT02401_OUT
weekly,KOSPI200,institution,047810,한국항공우주,324592,275852,-48740,41110350050,35316968650,-5793381400,KRX MDCSTAT02401_OUT
weekly,KOSPI200,institution,450080,에코프로머티,555123,402934,-152189,21050781750,15156473475,-5894308275,KRX MDCSTAT02401_OUT
weekly,KOSPI200,institution,298020,효성티앤씨,43442,20857,-22585,11995876500,5859670500,-6136206000,KRX MDCSTAT02401_OUT
weekly,KOSPI200,institution,028050,삼성E&A,1058445,915699,-142746,50753178750,44186444950,-6566733800,KRX MDCSTAT02401_OUT
weekly,KOSPI200,institution,003230,삼양식품,46269,40619,-5650,56021671000,49400274000,-6621397000,KRX MDCSTAT02401_OUT
weekly,KOSPI200,institution,001450,현대해상,421728,259804,-161924,20069844975,12417757050,-7652087925,KRX MDCSTAT02401_OUT
weekly,KOSPI200,institution,051900,LG생활건강,98858,67709,-31149,26430295500,18287869250,-8142426250,KRX MDCSTAT02401_OUT
weekly,KOSPI200,institution,271560,오리온,142509,64061,-78448,15088632150,6789843550,-8298788600,KRX MDCSTAT02401_OUT
weekly,KOSPI200,institution,007660,이수페타시스,877273,805661,-71612,107979372370,99557744820,-8421627550,KRX MDCSTAT02401_OUT
weekly,KOSPI200,institution,011200,HMM,1041437,635877,-405560,22011964850,13505353125,-8506611725,KRX MDCSTAT02401_OUT
weekly,KOSPI200,institution,120110,코오롱인더,245494,93163,-152331,13765746500,5257217350,-8508529150,KRX MDCSTAT02401_OUT
weekly,KOSPI200,institution,039490,키움증권,106737,70813,-35924,27100954750,18162124750,-8938830000,KRX MDCSTAT02401_OUT
weekly,KOSPI200,institution,023530,롯데쇼핑,151640,59979,-91661,15136332850,6013275550,-9123057300,KRX MDCSTAT02401_OUT
weekly,KOSPI200,institution,375500,DL이앤씨,315067,192664,-122403,23746972350,14587421550,-9159550800,KRX MDCSTAT02401_OUT
weekly,KOSPI200,institution,005830,DB손해보험,223736,170483,-53253,41067064050,31417243100,-9649820950,KRX MDCSTAT02401_OUT
weekly,KOSPI200,institution,207940,삼성바이오로직스,64690,56209,-8481,88323463000,77586599000,-10736864000,KRX MDCSTAT02401_OUT
weekly,KOSPI200,institution,005490,POSCO홀딩스,304023,268592,-35431,94055614250,83290672750,-10764941500,KRX MDCSTAT02401_OUT
weekly,KOSPI200,institution,064400,LG씨엔에스,317229,165832,-151397,22549856150,11743715500,-10806140650,KRX MDCSTAT02401_OUT
weekly,KOSPI200,institution,204320,HL만도,342382,105938,-236444,15945711225,4942123050,-11003588175,KRX MDCSTAT02401_OUT
weekly,KOSPI200,institution,035720,카카오,1051243,717490,-333753,35104569250,24013372025,-11091197225,KRX MDCSTAT02401_OUT
weekly,KOSPI200,institution,047040,대우건설,3117541,2469640,-647901,55172213300,43809867170,-11362346130,KRX MDCSTAT02401_OUT
weekly,KOSPI200,institution,259960,크래프톤,154143,96569,-57574,30524625950,19149692950,-11374933000,KRX MDCSTAT02401_OUT
weekly,KOSPI200,institution,161890,한국콜마,473807,376958,-96849,65867389000,53274085800,-12593303200,KRX MDCSTAT02401_OUT
weekly,KOSPI200,institution,017670,SK텔레콤,690701,538532,-152169,59982443850,47018696000,-12963747850,KRX MDCSTAT02401_OUT
weekly,KOSPI200,institution,071050,한국금융지주,265349,188922,-76427,47095508950,33648797300,-13446711650,KRX MDCSTAT02401_OUT
weekly,KOSPI200,institution,483650,달바글로벌,136424,59494,-76930,24883136800,11004352200,-13878784600,KRX MDCSTAT02401_OUT
weekly,KOSPI200,institution,010130,고려아연,27245,14092,-13153,29160647500,15156546500,-14004101000,KRX MDCSTAT02401_OUT
weekly,KOSPI200,institution,086280,현대글로비스,209671,136583,-73088,41065608350,26962442550,-14103165800,KRX MDCSTAT02401_OUT
weekly,KOSPI200,institution,010140,삼성중공업,3360542,2604467,-756075,66232396385,51354843965,-14877552420,KRX MDCSTAT02401_OUT
weekly,KOSPI200,institution,018260,삼성에스디에스,173124,101998,-71126,37245394000,22223114750,-15022279250,KRX MDCSTAT02401_OUT
weekly,KOSPI200,institution,443060,HD현대마린솔루션,138368,59766,-78602,31453502750,13788922500,-17664580250,KRX MDCSTAT02401_OUT
weekly,KOSPI200,institution,096770,SK이노베이션,1440769,1285351,-155418,213761632000,196034367900,-17727264100,KRX MDCSTAT02401_OUT
weekly,KOSPI200,institution,030200,KT,757631,409759,-347872,39199009550,21192143900,-18006865650,KRX MDCSTAT02401_OUT
weekly,KOSPI200,institution,103140,풍산,351992,80024,-271968,25251596000,6036325350,-19215270650,KRX MDCSTAT02401_OUT
weekly,KOSPI200,institution,000150,두산,126268,108153,-18115,172302361000,152733344000,-19569017000,KRX MDCSTAT02401_OUT
weekly,KOSPI200,institution,267250,HD현대,284212,178043,-106169,55813642600,35140047550,-20673595050,KRX MDCSTAT02401_OUT
weekly,KOSPI200,institution,078930,GS,735752,524016,-211736,77415544050,55666243500,-21749300550,KRX MDCSTAT02401_OUT
weekly,KOSPI200,institution,009540,HD한국조선해양,274724,197797,-76927,86314258500,63276956250,-23037302250,KRX MDCSTAT02401_OUT
weekly,KOSPI200,institution,064350,현대로템,614808,387430,-227378,69020678950,43722357650,-25298321300,KRX MDCSTAT02401_OUT
weekly,KOSPI200,institution,028260,삼성물산,406558,330186,-76372,139413152500,113454184750,-25958967750,KRX MDCSTAT02401_OUT
weekly,KOSPI200,institution,004170,신세계,111577,31237,-80340,36493879000,10226430500,-26267448500,KRX MDCSTAT02401_OUT
weekly,KOSPI200,institution,004020,현대제철,1464118,485469,-978649,43189532825,14448416750,-28741116075,KRX MDCSTAT02401_OUT
weekly,KOSPI200,institution,034020,두산에너빌리티,2770884,2414450,-356434,225783448750,196731030800,-29052417950,KRX MDCSTAT02401_OUT
weekly,KOSPI200,institution,086790,하나금융지주,1093762,827606,-266156,141604555900,107109211150,-34495344750,KRX MDCSTAT02401_OUT
weekly,KOSPI200,institution,000990,DB하이텍,605174,305252,-299922,83136007490,42454460640,-40681546850,KRX MDCSTAT02401_OUT
weekly,KOSPI200,institution,042660,한화오션,1080879,472300,-608579,83748737350,36686377750,-47062359600,KRX MDCSTAT02401_OUT
weekly,KOSPI200,institution,267260,HD현대일렉트릭,195524,120215,-75309,129680813000,80545718000,-49135095000,KRX MDCSTAT02401_OUT
weekly,KOSPI200,institution,000720,현대건설,908889,443213,-465676,104296986250,50830256350,-53466729900,KRX MDCSTAT02401_OUT
weekly,KOSPI200,institution,267270,HD건설기계,729847,177110,-552737,85936688150,21001850900,-64934837250,KRX MDCSTAT02401_OUT
weekly,KOSPI200,institution,006260,LS,340663,110491,-230172,99765171250,32650869000,-67114302250,KRX MDCSTAT02401_OUT
weekly,KOSPI200,institution,000270,기아,1345933,696123,-649810,150783780750,78282404050,-72501376700,KRX MDCSTAT02401_OUT
weekly,KOSPI200,institution,298040,효성중공업,58818,28068,-30750,159742610000,77351684000,-82390926000,KRX MDCSTAT02401_OUT
weekly,KOSPI200,institution,035420,NAVER,899638,462474,-437164,172506232750,88696216900,-83810015850,KRX MDCSTAT02401_OUT
weekly,KOSPI200,institution,005380,현대차,786643,508123,-278520,271105679250,175935844000,-95169835250,KRX MDCSTAT02401_OUT
weekly,KOSPI200,institution,329180,HD현대중공업,490065,245913,-244152,205330492250,103500472500,-101830019750,KRX MDCSTAT02401_OUT
weekly,KOSPI200,institution,005930,삼성전자,31030419,29268679,-1761740,8453997319500,7986321217250,-467676102250,KRX MDCSTAT02401_OUT
weekly,KOSPI200,institution,000660,SK하이닉스,4131461,3843011,-288450,7393340404500,6892181579000,-501158825500,KRX MDCSTAT02401_OUT
weekly,KOSDAQ150,foreign,036930,주성엔지니어링,1838057,2320962,482905,462182852750,588249015000,126066162250,KRX MDCSTAT02401_OUT
weekly,KOSDAQ150,foreign,086520,에코프로,909382,1681511,772129,81468418550,149252495350,67784076800,KRX MDCSTAT02401_OUT
weekly,KOSDAQ150,foreign,222800,심텍,955654,1300307,344653,157314468400,216594580000,59280111600,KRX MDCSTAT02401_OUT
weekly,KOSDAQ150,foreign,067310,하나마이크론,2653892,3662000,1008108,134988578975,188240389200,53251810225,KRX MDCSTAT02401_OUT
weekly,KOSDAQ150,foreign,098460,고영,1970173,3347312,1377139,67468237675,114332745475,46864507800,KRX MDCSTAT02401_OUT
weekly,KOSDAQ150,foreign,108490,로보티즈,251457,373152,121695,76320212000,113550892000,37230680000,KRX MDCSTAT02401_OUT
weekly,KOSDAQ150,foreign,214450,파마리서치,149007,267740,118733,46110932250,82526369000,36415436750,KRX MDCSTAT02401_OUT
weekly,KOSDAQ150,foreign,036540,SFA반도체,9112665,12147871,3035206,104352712035,137919341355,33566629320,KRX MDCSTAT02401_OUT
weekly,KOSDAQ150,foreign,277810,레인보우로보틱스,72185,129886,57701,32141722500,57939935000,25798212500,KRX MDCSTAT02401_OUT
weekly,KOSDAQ150,foreign,058610,에스피지,187093,360478,173385,19305865850,37269517200,17963651350,KRX MDCSTAT02401_OUT
weekly,KOSDAQ150,foreign,089030,테크윙,1027809,1351309,323500,56759729250,74446798900,17687069650,KRX MDCSTAT02401_OUT
weekly,KOSDAQ150,foreign,247540,에코프로비엠,818270,973997,155727,97740631300,115224381000,17483749700,KRX MDCSTAT02401_OUT
weekly,KOSDAQ150,foreign,096530,씨젠,817972,1218035,400063,30420710125,45476710850,15056000725,KRX MDCSTAT02401_OUT
weekly,KOSDAQ150,foreign,204270,제이앤티씨,2003261,2572543,569282,49423166550,64154448375,14731281825,KRX MDCSTAT02401_OUT
weekly,KOSDAQ150,foreign,031980,피에스케이홀딩스,272505,343705,71200,52607366250,66225041500,13617675250,KRX MDCSTAT02401_OUT
weekly,KOSDAQ150,foreign,064760,티씨케이,92427,136877,44450,27754807500,40298021500,12543214000,KRX MDCSTAT02401_OUT
weekly,KOSDAQ150,foreign,056080,유진로봇,839961,1696879,856918,10603848945,20055241595,9451392650,KRX MDCSTAT02401_OUT
weekly,KOSDAQ150,foreign,043260,성호전자,5106689,5371344,264655,154422546875,162750235700,8327688825,KRX MDCSTAT02401_OUT
weekly,KOSDAQ150,foreign,080220,제주반도체,2734858,2856014,121156,241500875650,249438260050,7937384400,KRX MDCSTAT02401_OUT
weekly,KOSDAQ150,foreign,131290,티에스이,293722,318541,24819,90339329750,97723346250,7384016500,KRX MDCSTAT02401_OUT
weekly,KOSDAQ150,foreign,030530,원익홀딩스,1375910,1609218,233308,39833394425,47194944000,7361549575,KRX MDCSTAT02401_OUT
weekly,KOSDAQ150,foreign,161580,필옵틱스,552959,726082,173123,22601195050,29356178775,6754983725,KRX MDCSTAT02401_OUT
weekly,KOSDAQ150,foreign,041190,우리기술투자,3186396,4244165,1057769,19992618830,26686019240,6693400410,KRX MDCSTAT02401_OUT
weekly,KOSDAQ150,foreign,466100,클로봇,195256,417985,222729,4577382975,9783445500,5206062525,KRX MDCSTAT02401_OUT
weekly,KOSDAQ150,foreign,125490,한라캐스트,1931107,2324235,393128,25473499620,30469015910,4995516290,KRX MDCSTAT02401_OUT
weekly,KOSDAQ150,foreign,090360,로보스타,100074,161198,61124,7902376950,12785521400,4883144450,KRX MDCSTAT02401_OUT
weekly,KOSDAQ150,foreign,399720,가온칩스,112133,194513,82380,5335044600,9234861025,3899816425,KRX MDCSTAT02401_OUT
weekly,KOSDAQ150,foreign,068760,셀트리온제약,84438,177214,92776,3282978200,6936736600,3653758400,KRX MDCSTAT02401_OUT
weekly,KOSDAQ150,foreign,253590,네오셈,2026257,2284505,258248,30972722615,34608776760,3636054145,KRX MDCSTAT02401_OUT
weekly,KOSDAQ150,foreign,293490,카카오게임즈,719157,1024248,305091,7126660790,10164040820,3037380030,KRX MDCSTAT02401_OUT
weekly,KOSDAQ150,foreign,420770,기가비스,81948,105091,23143,10901368550,13857289300,2955920750,KRX MDCSTAT02401_OUT
weekly,KOSDAQ150,foreign,263750,펄어비스,334176,421126,86950,11118951150,14013653975,2894702825,KRX MDCSTAT02401_OUT
weekly,KOSDAQ150,foreign,090710,휴림로봇,1525703,1979867,454164,9832099015,12705349510,2873250495,KRX MDCSTAT02401_OUT
weekly,KOSDAQ150,foreign,475830,오름테라퓨틱,540918,665707,124789,11721321400,14521091925,2799770525,KRX MDCSTAT02401_OUT
weekly,KOSDAQ150,foreign,237690,에스티팜,138281,167901,29620,13148391700,15919641000,2771249300,KRX MDCSTAT02401_OUT
weekly,KOSDAQ150,foreign,388720,유일로보틱스,24726,61104,36378,1730097450,4293177200,2563079750,KRX MDCSTAT02401_OUT
weekly,KOSDAQ150,foreign,025980,아난티,1116235,1624753,508518,5526592103,8020758131,2494166028,KRX MDCSTAT02401_OUT
weekly,KOSDAQ150,foreign,348370,엔켐,300627,398042,97415,6867537075,9067280950,2199743875,KRX MDCSTAT02401_OUT
weekly,KOSDAQ150,foreign,033100,제룡전기,162666,208042,45376,8078834600,10274869350,2196034750,KRX MDCSTAT02401_OUT
weekly,KOSDAQ150,foreign,056190,SFA,354146,419688,65542,10802722900,12899489750,2096766850,KRX MDCSTAT02401_OUT
weekly,KOSDAQ150,foreign,060370,LS마린솔루션,248174,310400,62226,8339008725,10314951450,1975942725,KRX MDCSTAT02401_OUT
weekly,KOSDAQ150,foreign,018290,브이티,383376,524358,140982,4905661970,6813652225,1907990255,KRX MDCSTAT02401_OUT
weekly,KOSDAQ150,foreign,124500,아이티센글로벌,219638,282174,62536,6365943250,8184664250,1818721000,KRX MDCSTAT02401_OUT
weekly,KOSDAQ150,foreign,048410,현대바이오,1508862,1719348,210486,10712432445,12219349515,1506917070,KRX MDCSTAT02401_OUT
weekly,KOSDAQ150,foreign,087010,펩트론,418467,430891,12424,50945886200,52393264200,1447378000,KRX MDCSTAT02401_OUT
weekly,KOSDAQ150,foreign,0009K0,에임드바이오,205116,267743,62627,5104828700,6503462325,1398633625,KRX MDCSTAT02401_OUT
weekly,KOSDAQ150,foreign,009520,포스코엠텍,232162,313383,81221,3033068125,4077374430,1044306305,KRX MDCSTAT02401_OUT
weekly,KOSDAQ150,foreign,007390,네이처셀,254946,294281,39335,6309391275,7293933600,984542325,KRX MDCSTAT02401_OUT
weekly,KOSDAQ150,foreign,278280,천보,43757,69423,25666,1657949150,2622228300,964279150,KRX MDCSTAT02401_OUT
weekly,KOSDAQ150,foreign,025320,시노펙스,573723,816154,242431,2262373452,3202587429,940213977,KRX MDCSTAT02401_OUT
weekly,KOSDAQ150,foreign,065350,신성델타테크,147054,175425,28371,4800440525,5652150500,851709975,KRX MDCSTAT02401_OUT
weekly,KOSDAQ150,foreign,215200,메가스터디교육,72394,92293,19899,2705891000,3451125600,745234600,KRX MDCSTAT02401_OUT
weekly,KOSDAQ150,foreign,015750,성우하이텍,204483,323708,119225,1204200940,1914892800,710691860,KRX MDCSTAT02401_OUT
weekly,KOSDAQ150,foreign,166090,하나머티리얼즈,206479,215651,9172,12967216050,13608373250,641157200,KRX MDCSTAT02401_OUT
weekly,KOSDAQ150,foreign,112040,위메이드,225823,253311,27488,3488095655,3944210245,456114590,KRX MDCSTAT02401_OUT
weekly,KOSDAQ150,foreign,213420,덕산네오룩스,164764,179765,15001,4933887900,5389092825,455204925,KRX MDCSTAT02401_OUT
weekly,KOSDAQ150,foreign,082270,젬백스,236366,281732,45366,2625620085,3072408485,446788400,KRX MDCSTAT02401_OUT
weekly,KOSDAQ150,foreign,232140,와이씨,4731794,4764090,32296,77766156545,78135905765,369749220,KRX MDCSTAT02401_OUT
weekly,KOSDAQ150,foreign,025900,동화기업,91205,134793,43588,673088780,988298080,315209300,KRX MDCSTAT02401_OUT
weekly,KOSDAQ150,foreign,171090,선익시스템,66767,71529,4762,4974181800,5264795350,290613550,KRX MDCSTAT02401_OUT
weekly,KOSDAQ150,foreign,052400,코나아이,73775,78404,4629,2754187775,2943968575,189780800,KRX MDCSTAT02401_OUT
weekly,KOSDAQ150,foreign,033500,동성화인텍,174827,184282,9455,2802294265,2949300635,147006370,KRX MDCSTAT02401_OUT
weekly,KOSDAQ150,foreign,036620,감성코퍼레이션,335458,370630,35172,1252223880,1386408925,134185045,KRX MDCSTAT02401_OUT
weekly,KOSDAQ150,foreign,101730,위메이드맥스,1025550,1073435,47885,5277435188,5409164802,131729614,KRX MDCSTAT02401_OUT
weekly,KOSDAQ150,foreign,137400,피엔티,275300,278372,3072,8748152875,8776846150,28693275,KRX MDCSTAT02401_OUT
weekly,KOSDAQ150,foreign,352480,씨앤씨인터내셔널,18190,19521,1331,379389100,405920950,26531850,KRX MDCSTAT02401_OUT
weekly,KOSDAQ150,foreign,060250,NHN KCP,312507,315092,2585,4258158415,4277037545,18879130,KRX MDCSTAT02401_OUT
weekly,KOSDAQ150,foreign,006730,서부T&D,611125,613171,2046,6923307740,6938077735,14769995,KRX MDCSTAT02401_OUT
weekly,KOSDAQ150,foreign,067160,SOOP,92273,89291,-2982,3368548275,3259824900,-108723375,KRX MDCSTAT02401_OUT
weekly,KOSDAQ150,foreign,358570,지아이이노베이션,696095,682432,-13663,6243893570,6108377115,-135516455,KRX MDCSTAT02401_OUT
weekly,KOSDAQ150,foreign,253450,스튜디오드래곤,91854,81447,-10407,1882623575,1674114725,-208508850,KRX MDCSTAT02401_OUT
weekly,KOSDAQ150,foreign,003380,하림지주,573313,555332,-17981,6507412315,6268365460,-239046855,KRX MDCSTAT02401_OUT
weekly,KOSDAQ150,foreign,225570,넥슨게임즈,294475,262586,-31889,3138238475,2813418380,-324820095,KRX MDCSTAT02401_OUT
weekly,KOSDAQ150,foreign,060280,큐렉소,411559,374161,-37398,3605365860,3248495700,-356870160,KRX MDCSTAT02401_OUT
weekly,KOSDAQ150,foreign,032190,다우데이타,121300,101938,-19362,2316829410,1951121445,-365707965,KRX MDCSTAT02401_OUT
weekly,KOSDAQ150,foreign,194480,데브시스터즈,81951,53514,-28437,1150403300,751671320,-398731980,KRX MDCSTAT02401_OUT
weekly,KOSDAQ150,foreign,211050,인카금융서비스,131589,81458,-50131,1280015000,791890520,-488124480,KRX MDCSTAT02401_OUT
weekly,KOSDAQ150,foreign,214150,클래시스,395123,378482,-16641,12211532350,11693999975,-517532375,KRX MDCSTAT02401_OUT
weekly,KOSDAQ150,foreign,376300,디어유,248666,214703,-33963,4629483565,4015976260,-613507305,KRX MDCSTAT02401_OUT
weekly,KOSDAQ150,foreign,085660,차바이오텍,370080,265762,-104318,3148647640,2249237205,-899410435,KRX MDCSTAT02401_OUT
weekly,KOSDAQ150,foreign,145020,휴젤,150623,145618,-5005,27177878650,26277778550,-900100100,KRX MDCSTAT02401_OUT
weekly,KOSDAQ150,foreign,032500,케이엠더블유,408184,363864,-44320,8383674080,7431238870,-952435210,KRX MDCSTAT02401_OUT
weekly,KOSDAQ150,foreign,437730,삼현,387018,370551,-16467,19876241000,18913773500,-962467500,KRX MDCSTAT02401_OUT
weekly,KOSDAQ150,foreign,082920,비츠로셀,470254,435672,-34582,13834560375,12823380975,-1011179400,KRX MDCSTAT02401_OUT
weekly,KOSDAQ150,foreign,272290,이녹스첨단소재,167768,121359,-46409,3759257950,2693811525,-1065446425,KRX MDCSTAT02401_OUT
weekly,KOSDAQ150,foreign,095660,네오위즈,124461,64400,-60061,2244055425,1164032590,-1080022835,KRX MDCSTAT02401_OUT
weekly,KOSDAQ150,foreign,328130,루닛,1176921,1072497,-104424,12891770635,11711053355,-1180717280,KRX MDCSTAT02401_OUT
weekly,KOSDAQ150,foreign,035760,CJ ENM,166182,125649,-40533,5943891750,4482348325,-1461543425,KRX MDCSTAT02401_OUT
weekly,KOSDAQ150,foreign,140860,파크시스템스,118877,114048,-4829,35391324750,33869740750,-1521584000,KRX MDCSTAT02401_OUT
weekly,KOSDAQ150,foreign,214370,케어젠,207804,169466,-38338,8945643575,7322629650,-1623013925,KRX MDCSTAT02401_OUT
weekly,KOSDAQ150,foreign,069080,웹젠,273288,132785,-140503,3212455685,1566211950,-1646243735,KRX MDCSTAT02401_OUT
weekly,KOSDAQ150,foreign,403870,HPSP,3844017,3814720,-29297,254489400200,252735887350,-1753512850,KRX MDCSTAT02401_OUT
weekly,KOSDAQ150,foreign,195940,HK이노엔,153863,105805,-48058,6209035625,4281135175,-1927900450,KRX MDCSTAT02401_OUT
weekly,KOSDAQ150,foreign,183300,코미코,832592,768150,-64442,28531609100,26270763150,-2260845950,KRX MDCSTAT02401_OUT
weekly,KOSDAQ150,foreign,310210,보로노이,170945,157181,-13764,24885141150,22623355050,-2261786100,KRX MDCSTAT02401_OUT
weekly,KOSDAQ150,foreign,078340,컴투스,209447,148724,-60723,7831263450,5561756050,-2269507400,KRX MDCSTAT02401_OUT
weekly,KOSDAQ150,foreign,251970,펌텍코리아,276273,242126,-34147,17655127100,15355445450,-2299681650,KRX MDCSTAT02401_OUT
weekly,KOSDAQ150,foreign,121600,나노신소재,158005,115632,-42373,9550355850,7078173650,-2472182200,KRX MDCSTAT02401_OUT
weekly,KOSDAQ150,foreign,214430,아이쓰리시스템,96537,63436,-33101,7494847900,4831983700,-2662864200,KRX MDCSTAT02401_OUT
weekly,KOSDAQ150,foreign,041510,에스엠,237340,204781,-32559,18730015300,16010379750,-2719635550,KRX MDCSTAT02401_OUT
weekly,KOSDAQ150,foreign,030520,한컴,363497,210352,-153145,6526067000,3777700295,-2748366705,KRX MDCSTAT02401_OUT
weekly,KOSDAQ150,foreign,035900,JYP Ent.,416602,342055,-74547,15780100700,13003484150,-2776616550,KRX MDCSTAT02401_OUT
weekly,KOSDAQ150,foreign,036810,에프에스티,366033,289419,-76614,12764327450,9983371075,-2780956375,KRX MDCSTAT02401_OUT
weekly,KOSDAQ150,foreign,122870,와이지엔터테인먼트,215647,148388,-67259,8960314325,6145664225,-2814650100,KRX MDCSTAT02401_OUT
weekly,KOSDAQ150,foreign,196170,알테오젠,382762,372354,-10408,99568762000,96691942500,-2876819500,KRX MDCSTAT02401_OUT
weekly,KOSDAQ150,foreign,281740,레이크머티리얼즈,1232876,993647,-239229,15124668370,12173988965,-2950679405,KRX MDCSTAT02401_OUT
weekly,KOSDAQ150,foreign,241710,코스메카코리아,511342,488754,-22588,57627765950,54596162900,-3031603050,KRX MDCSTAT02401_OUT
weekly,KOSDAQ150,foreign,100790,미래에셋벤처투자,984802,802129,-182673,17693223350,14566521255,-3126702095,KRX MDCSTAT02401_OUT
weekly,KOSDAQ150,foreign,078600,대주전자재료,460741,437233,-23508,49124944800,45897570850,-3227373950,KRX MDCSTAT02401_OUT
weekly,KOSDAQ150,foreign,039200,오스코텍,288209,199885,-88324,10957292050,7475406025,-3481886025,KRX MDCSTAT02401_OUT
weekly,KOSDAQ150,foreign,348210,넥스틴,198488,107623,-90865,7690183600,4116175825,-3574007775,KRX MDCSTAT02401_OUT
weekly,KOSDAQ150,foreign,445680,큐리옥스바이오시스템즈,200066,138663,-61403,11869773600,8193364950,-3676408650,KRX MDCSTAT02401_OUT
weekly,KOSDAQ150,foreign,036830,솔브레인홀딩스,195532,120083,-75449,9228485850,5548373950,-3680111900,KRX MDCSTAT02401_OUT
weekly,KOSDAQ150,foreign,014620,성광벤드,355560,227707,-127853,10913732775,6938274075,-3975458700,KRX MDCSTAT02401_OUT
weekly,KOSDAQ150,foreign,074600,원익QnC,391842,233505,-158337,12483614975,7433658975,-5049956000,KRX MDCSTAT02401_OUT
weekly,KOSDAQ150,foreign,050890,쏠리드,2727767,2211859,-515908,28410371820,22820444505,-5589927315,KRX MDCSTAT02401_OUT
weekly,KOSDAQ150,foreign,323280,태성,711999,616973,-95026,42271512650,36521940800,-5749571850,KRX MDCSTAT02401_OUT
weekly,KOSDAQ150,foreign,295310,에이치브이엠,299112,216997,-82115,20829867800,14855186550,-5974681250,KRX MDCSTAT02401_OUT
weekly,KOSDAQ150,foreign,042000,카페24,1261419,945852,-315567,26149842090,19908633845,-6241208245,KRX MDCSTAT02401_OUT
weekly,KOSDAQ150,foreign,095340,ISC,379921,350547,-29374,80103186250,73743909750,-6359276500,KRX MDCSTAT02401_OUT
weekly,KOSDAQ150,foreign,032820,우리기술,3038779,2533940,-504839,38479508990,32002857780,-6476651210,KRX MDCSTAT02401_OUT
weekly,KOSDAQ150,foreign,189300,인텔리안테크,243544,130516,-113028,17631254900,9368303800,-8262951100,KRX MDCSTAT02401_OUT
weekly,KOSDAQ150,foreign,053800,안랩,438928,347480,-91448,37404035300,29059519750,-8344515550,KRX MDCSTAT02401_OUT
weekly,KOSDAQ150,foreign,083650,비에이치아이,443824,301182,-142642,26363961200,17828832550,-8535128650,KRX MDCSTAT02401_OUT
weekly,KOSDAQ150,foreign,417200,LS머트리얼즈,3241408,2602728,-638680,47916204860,38308347215,-9607857645,KRX MDCSTAT02401_OUT
weekly,KOSDAQ150,foreign,039030,이오테크닉스,191424,174052,-17372,102453883000,92372197500,-10081685500,KRX MDCSTAT02401_OUT
weekly,KOSDAQ150,foreign,218410,RFHIC,659550,483994,-175556,40395393500,29500623600,-10894769900,KRX MDCSTAT02401_OUT
weekly,KOSDAQ150,foreign,099320,쎄트렉아이,281297,134997,-146300,22478105950,10779150950,-11698955000,KRX MDCSTAT02401_OUT
weekly,KOSDAQ150,foreign,298380,에이비엘바이오,792388,569977,-222411,40872725600,29161961000,-11710764600,KRX MDCSTAT02401_OUT
weekly,KOSDAQ150,foreign,005290,동진쎄미켐,1129912,903308,-226604,57741733975,45971508175,-11770225800,KRX MDCSTAT02401_OUT
weekly,KOSDAQ150,foreign,319400,현대무벡스,1281537,706323,-575214,26482411625,14645738450,-11836673175,KRX MDCSTAT02401_OUT
weekly,KOSDAQ150,foreign,095610,테스,556949,494045,-62904,96650375950,84566366700,-12084009250,KRX MDCSTAT02401_OUT
weekly,KOSDAQ150,foreign,347850,디앤디파마텍,1133745,837792,-295953,51345122600,37484903825,-13860218775,KRX MDCSTAT02401_OUT
weekly,KOSDAQ150,foreign,131970,두산테스나,577132,444496,-132636,62410648800,48466789900,-13943858900,KRX MDCSTAT02401_OUT
weekly,KOSDAQ150,foreign,028300,HLB,3538032,3179237,-358795,159907796525,145063065375,-14844731150,KRX MDCSTAT02401_OUT
weekly,KOSDAQ150,foreign,141080,리가켐바이오,489487,292532,-196955,40589378150,24249575150,-16339803000,KRX MDCSTAT02401_OUT
weekly,KOSDAQ150,foreign,038500,삼표시멘트,5299734,3196703,-2103031,41736569615,24882449070,-16854120545,KRX MDCSTAT02401_OUT
weekly,KOSDAQ150,foreign,257720,실리콘투,1166885,706628,-460257,44090907225,26543233925,-17547673300,KRX MDCSTAT02401_OUT
weekly,KOSDAQ150,foreign,290650,엘앤씨바이오,736816,358039,-378777,40266367950,19184808250,-21081559700,KRX MDCSTAT02401_OUT
weekly,KOSDAQ150,foreign,178320,서진시스템,2694541,2124781,-569760,109096790100,86095343800,-23001446300,KRX MDCSTAT02401_OUT
weekly,KOSDAQ150,foreign,226950,올릭스,473342,264157,-209185,55799436200,30223753650,-25575682550,KRX MDCSTAT02401_OUT
weekly,KOSDAQ150,foreign,089970,브이엠,1337451,879829,-457622,89895210950,58943955750,-30951255200,KRX MDCSTAT02401_OUT
weekly,KOSDAQ150,foreign,101490,에스앤에스텍,956220,363338,-592882,49720927575,18428235925,-31292691650,KRX MDCSTAT02401_OUT
weekly,KOSDAQ150,foreign,084370,유진테크,653523,425930,-227593,114697500500,74472513150,-40224987350,KRX MDCSTAT02401_OUT
weekly,KOSDAQ150,foreign,000250,삼천당제약,606159,329027,-277132,133498443750,70344224250,-63154219500,KRX MDCSTAT02401_OUT
weekly,KOSDAQ150,foreign,240810,원익IPS,2025954,1528820,-497134,278335347450,209232277100,-69103070350,KRX MDCSTAT02401_OUT
weekly,KOSDAQ150,foreign,058470,리노공업,3241105,1275628,-1965477,270457045150,104533983150,-165923062000,KRX MDCSTAT02401_OUT
weekly,KOSDAQ150,institution,058470,리노공업,957525,2917292,1959767,79714435628,244811141428,165096705800,KRX MDCSTAT02401_OUT
weekly,KOSDAQ150,institution,403870,HPSP,1542763,2440071,897308,102458525500,162621097350,60162571850,KRX MDCSTAT02401_OUT
weekly,KOSDAQ150,institution,226950,올릭스,225337,618397,393060,26338772150,72789633800,46450861650,KRX MDCSTAT02401_OUT
weekly,KOSDAQ150,institution,086520,에코프로,844716,1295910,451194,75088515250,114180670400,39092155150,KRX MDCSTAT02401_OUT
weekly,KOSDAQ150,institution,080220,제주반도체,273850,669223,395373,23621581200,58424270550,34802689350,KRX MDCSTAT02401_OUT
weekly,KOSDAQ150,institution,036930,주성엔지니어링,974854,1111972,137118,245959577970,278099890720,32140312750,KRX MDCSTAT02401_OUT
weekly,KOSDAQ150,institution,084370,유진테크,170580,346902,176322,29705570300,61070243700,31364673400,KRX MDCSTAT02401_OUT
weekly,KOSDAQ150,institution,196170,알테오젠,331624,439001,107377,86017471500,114701933750,28684462250,KRX MDCSTAT02401_OUT
weekly,KOSDAQ150,institution,108490,로보티즈,81270,157574,76304,24541957250,48274849250,23732892000,KRX MDCSTAT02401_OUT
weekly,KOSDAQ150,institution,005290,동진쎄미켐,421398,847093,425695,21451661600,43391706850,21940045250,KRX MDCSTAT02401_OUT
weekly,KOSDAQ150,institution,240810,원익IPS,1009410,1148193,138783,137812569444,158388756544,20576187100,KRX MDCSTAT02401_OUT
weekly,KOSDAQ150,institution,028300,HLB,601793,1079978,478185,26498399975,46854902225,20356502250,KRX MDCSTAT02401_OUT
weekly,KOSDAQ150,institution,039030,이오테크닉스,208700,242907,34207,110567205000,129939929000,19372724000,KRX MDCSTAT02401_OUT
weekly,KOSDAQ150,institution,295310,에이치브이엠,153469,391953,238484,10769877900,27508315400,16738437500,KRX MDCSTAT02401_OUT
weekly,KOSDAQ150,institution,277810,레인보우로보틱스,34381,69187,34806,15253010250,30780987500,15527977250,KRX MDCSTAT02401_OUT
weekly,KOSDAQ150,institution,140860,파크시스템스,19223,69066,49843,5706101750,20708703250,15002601500,KRX MDCSTAT02401_OUT
weekly,KOSDAQ150,institution,078600,대주전자재료,102295,242122,139827,10714808350,25640479600,14925671250,KRX MDCSTAT02401_OUT
weekly,KOSDAQ150,institution,290650,엘앤씨바이오,119651,353822,234171,6593259850,19373632100,12780372250,KRX MDCSTAT02401_OUT
weekly,KOSDAQ150,institution,247540,에코프로비엠,428196,522396,94200,50668538250,62195322400,11526784150,KRX MDCSTAT02401_OUT
weekly,KOSDAQ150,institution,178320,서진시스템,285387,569614,284227,11603469950,23051866850,11448396900,KRX MDCSTAT02401_OUT
weekly,KOSDAQ150,institution,417200,LS머트리얼즈,865397,1598604,733207,12823715135,24060673140,11236958005,KRX MDCSTAT02401_OUT
weekly,KOSDAQ150,institution,074600,원익QnC,240894,545816,304922,7685979125,17338573350,9652594225,KRX MDCSTAT02401_OUT
weekly,KOSDAQ150,institution,000250,삼천당제약,280337,330658,50321,61039693750,70245802750,9206109000,KRX MDCSTAT02401_OUT
weekly,KOSDAQ150,institution,098460,고영,625551,896777,271226,21559602100,30739332050,9179729950,KRX MDCSTAT02401_OUT
weekly,KOSDAQ150,institution,131970,두산테스나,302478,393483,91005,33655402500,42792712350,9137309850,KRX MDCSTAT02401_OUT
weekly,KOSDAQ150,institution,121600,나노신소재,55082,194006,138924,3301848350,11805458800,8503610450,KRX MDCSTAT02401_OUT
weekly,KOSDAQ150,institution,039200,오스코텍,99473,318500,219027,3673933050,12140452250,8466519200,KRX MDCSTAT02401_OUT
weekly,KOSDAQ150,institution,253590,네오셈,51375,491553,440178,749520410,7772024085,7022503675,KRX MDCSTAT02401_OUT
weekly,KOSDAQ150,institution,323280,태성,63785,180181,116396,3752662450,10744384150,6991721700,KRX MDCSTAT02401_OUT
weekly,KOSDAQ150,institution,089970,브이엠,853579,952938,99359,57105368450,64075065550,6969697100,KRX MDCSTAT02401_OUT
weekly,KOSDAQ150,institution,096530,씨젠,212603,380148,167545,7823321325,14153073150,6329751825,KRX MDCSTAT02401_OUT
weekly,KOSDAQ150,institution,218410,RFHIC,319198,415753,96555,19407234500,25523448150,6116213650,KRX MDCSTAT02401_OUT
weekly,KOSDAQ150,institution,043260,성호전자,2731278,2954684,223406,82571938725,88472680450,5900741725,KRX MDCSTAT02401_OUT
weekly,KOSDAQ150,institution,036810,에프에스티,26661,174563,147902,919188850,6187586800,5268397950,KRX MDCSTAT02401_OUT
weekly,KOSDAQ150,institution,161580,필옵틱스,29639,152874,123235,1194809725,6247285250,5052475525,KRX MDCSTAT02401_OUT
weekly,KOSDAQ150,institution,251970,펌텍코리아,149073,226310,77237,9413686750,14376691800,4963005050,KRX MDCSTAT02401_OUT
weekly,KOSDAQ150,institution,131290,티에스이,135720,150979,15259,40349846500,45082632250,4732785750,KRX MDCSTAT02401_OUT
weekly,KOSDAQ150,institution,257720,실리콘투,578320,693527,115207,21744174575,26291143175,4546968600,KRX MDCSTAT02401_OUT
weekly,KOSDAQ150,institution,232140,와이씨,636745,913130,276385,10735550375,15141758920,4406208545,KRX MDCSTAT02401_OUT
weekly,KOSDAQ150,institution,042000,카페24,64211,269486,205275,1312008435,5702305860,4390297425,KRX MDCSTAT02401_OUT
weekly,KOSDAQ150,institution,310210,보로노이,59019,86138,27119,8385301600,12654874800,4269573200,KRX MDCSTAT02401_OUT
weekly,KOSDAQ150,institution,347850,디앤디파마텍,146317,232156,85839,6424038475,10459238625,4035200150,KRX MDCSTAT02401_OUT
weekly,KOSDAQ150,institution,141080,리가켐바이오,225463,267282,41819,18618495100,22285658750,3667163650,KRX MDCSTAT02401_OUT
weekly,KOSDAQ150,institution,030530,원익홀딩스,84638,181159,96521,2368395675,5197340975,2828945300,KRX MDCSTAT02401_OUT
weekly,KOSDAQ150,institution,298380,에이비엘바이오,189333,235754,46421,9646527250,12228973750,2582446500,KRX MDCSTAT02401_OUT
weekly,KOSDAQ150,institution,189300,인텔리안테크,46809,80932,34123,3303415650,5826107900,2522692250,KRX MDCSTAT02401_OUT
weekly,KOSDAQ150,institution,041190,우리기술투자,115281,507626,392345,710291520,3197129000,2486837480,KRX MDCSTAT02401_OUT
weekly,KOSDAQ150,institution,003380,하림지주,265164,472362,207198,2985935020,5332486980,2346551960,KRX MDCSTAT02401_OUT
weekly,KOSDAQ150,institution,445680,큐리옥스바이오시스템즈,26502,63950,37448,1579295550,3832952850,2253657300,KRX MDCSTAT02401_OUT
weekly,KOSDAQ150,institution,125490,한라캐스트,26977,195473,168496,339546840,2505015240,2165468400,KRX MDCSTAT02401_OUT
weekly,KOSDAQ150,institution,078340,컴투스,75615,132039,56424,2824696600,4946085525,2121388925,KRX MDCSTAT02401_OUT
weekly,KOSDAQ150,institution,101490,에스앤에스텍,92974,133285,40311,4809152025,6916761350,2107609325,KRX MDCSTAT02401_OUT
weekly,KOSDAQ150,institution,358570,지아이이노베이션,116508,318786,202278,1008354055,2927492990,1919138935,KRX MDCSTAT02401_OUT
weekly,KOSDAQ150,institution,032500,케이엠더블유,55572,146542,90970,1117129070,2983910570,1866781500,KRX MDCSTAT02401_OUT
weekly,KOSDAQ150,institution,006730,서부T&D,397236,555914,158678,4451511200,6309811735,1858300535,KRX MDCSTAT02401_OUT
weekly,KOSDAQ150,institution,033100,제룡전기,28683,64179,35496,1409709100,3165278400,1755569300,KRX MDCSTAT02401_OUT
weekly,KOSDAQ150,institution,007390,네이처셀,81775,146475,64700,2008477025,3635220325,1626743300,KRX MDCSTAT02401_OUT
weekly,KOSDAQ150,institution,056080,유진로봇,217754,349211,131457,2647215755,4269479355,1622263600,KRX MDCSTAT02401_OUT
weekly,KOSDAQ150,institution,214370,케어젠,33544,70091,36547,1429555575,3031694700,1602139125,KRX MDCSTAT02401_OUT
weekly,KOSDAQ150,institution,035900,JYP Ent.,107623,148041,40418,4069491950,5602621575,1533129625,KRX MDCSTAT02401_OUT
weekly,KOSDAQ150,institution,225570,넥슨게임즈,129409,252374,122965,1369535275,2711732185,1342196910,KRX MDCSTAT02401_OUT
weekly,KOSDAQ150,institution,0009K0,에임드바이오,78368,129372,51004,1913102525,3221189725,1308087200,KRX MDCSTAT02401_OUT
weekly,KOSDAQ150,institution,166090,하나머티리얼즈,136878,155920,19042,8601284350,9820098250,1218813900,KRX MDCSTAT02401_OUT
weekly,KOSDAQ150,institution,281740,레이크머티리얼즈,239782,333167,93385,2936574775,4151868700,1215293925,KRX MDCSTAT02401_OUT
weekly,KOSDAQ150,institution,214430,아이쓰리시스템,15766,31122,15356,1166838500,2369520050,1202681550,KRX MDCSTAT02401_OUT
weekly,KOSDAQ150,institution,041510,에스엠,134912,149171,14259,10588873050,11776864300,1187991250,KRX MDCSTAT02401_OUT
weekly,KOSDAQ150,institution,215200,메가스터디교육,23492,54841,31349,876216450,2056253600,1180037150,KRX MDCSTAT02401_OUT
weekly,KOSDAQ150,institution,053800,안랩,34036,48948,14912,2734156850,3910329450,1176172600,KRX MDCSTAT02401_OUT
weekly,KOSDAQ150,institution,195940,HK이노엔,113593,141817,28224,4589461025,5730287325,1140826300,KRX MDCSTAT02401_OUT
weekly,KOSDAQ150,institution,099320,쎄트렉아이,16607,30224,13617,1319431050,2427028050,1107597000,KRX MDCSTAT02401_OUT
weekly,KOSDAQ150,institution,018290,브이티,66413,149988,83575,849077670,1931499340,1082421670,KRX MDCSTAT02401_OUT
weekly,KOSDAQ150,institution,089030,테크윙,300742,312919,12177,16368941100,17434076400,1065135300,KRX MDCSTAT02401_OUT
weekly,KOSDAQ150,institution,050890,쏠리드,86832,185656,98824,883273710,1906167000,1022893290,KRX MDCSTAT02401_OUT
weekly,KOSDAQ150,institution,348370,엔켐,66693,111030,44337,1516346900,2507910700,991563800,KRX MDCSTAT02401_OUT
weekly,KOSDAQ150,institution,036830,솔브레인홀딩스,69360,91579,22219,3219279975,4198889100,979609125,KRX MDCSTAT02401_OUT
weekly,KOSDAQ150,institution,237690,에스티팜,130896,139809,8913,12397892950,13359820350,961927400,KRX MDCSTAT02401_OUT
weekly,KOSDAQ150,institution,137400,피엔티,74949,102993,28044,2362514975,3269883450,907368475,KRX MDCSTAT02401_OUT
weekly,KOSDAQ150,institution,032820,우리기술,373197,436196,62999,4681281805,5495784365,814502560,KRX MDCSTAT02401_OUT
weekly,KOSDAQ150,institution,263750,펄어비스,141493,165298,23805,4708869600,5514624875,805755275,KRX MDCSTAT02401_OUT
weekly,KOSDAQ150,institution,095660,네오위즈,37099,75765,38666,668569510,1369548980,700979470,KRX MDCSTAT02401_OUT
weekly,KOSDAQ150,institution,085660,차바이오텍,119854,195854,76000,1014847670,1680629740,665782070,KRX MDCSTAT02401_OUT
weekly,KOSDAQ150,institution,376300,디어유,70070,104616,34546,1307746815,1951118620,643371805,KRX MDCSTAT02401_OUT
weekly,KOSDAQ150,institution,065350,신성델타테크,29369,49116,19747,944793125,1587022750,642229625,KRX MDCSTAT02401_OUT
weekly,KOSDAQ150,institution,319400,현대무벡스,137483,168662,31179,2842173225,3482252100,640078875,KRX MDCSTAT02401_OUT
weekly,KOSDAQ150,institution,082920,비츠로셀,138701,158844,20143,4051194350,4641878725,590684375,KRX MDCSTAT02401_OUT
weekly,KOSDAQ150,institution,100790,미래에셋벤처투자,24650,49758,25108,434228305,892776615,458548310,KRX MDCSTAT02401_OUT
weekly,KOSDAQ150,institution,082270,젬백스,45922,85968,40046,495887670,948099240,452211570,KRX MDCSTAT02401_OUT
weekly,KOSDAQ150,institution,090360,로보스타,13693,18978,5285,1081051200,1493836500,412785300,KRX MDCSTAT02401_OUT
weekly,KOSDAQ150,institution,038500,삼표시멘트,469597,520433,50836,3576750320,3942425995,365675675,KRX MDCSTAT02401_OUT
weekly,KOSDAQ150,institution,025980,아난티,87185,156469,69284,430491077,782031196,351540119,KRX MDCSTAT02401_OUT
weekly,KOSDAQ150,institution,211050,인카금융서비스,100623,134202,33579,969912490,1313195240,343282750,KRX MDCSTAT02401_OUT
weekly,KOSDAQ150,institution,056190,SFA,225386,234540,9154,6892010325,7214219825,322209500,KRX MDCSTAT02401_OUT
weekly,KOSDAQ150,institution,009520,포스코엠텍,108661,133262,24601,1409659995,1729585700,319925705,KRX MDCSTAT02401_OUT
weekly,KOSDAQ150,institution,399720,가온칩스,10217,16517,6300,480868825,787583525,306714700,KRX MDCSTAT02401_OUT
weekly,KOSDAQ150,institution,025320,시노펙스,93116,169042,75926,364308945,664713235,300404290,KRX MDCSTAT02401_OUT
weekly,KOSDAQ150,institution,253450,스튜디오드래곤,43186,55164,11978,885050725,1134568725,249518000,KRX MDCSTAT02401_OUT
weekly,KOSDAQ150,institution,030520,한컴,89669,101991,12322,1585674420,1813720265,228045845,KRX MDCSTAT02401_OUT
weekly,KOSDAQ150,institution,348210,넥스틴,62366,67482,5116,2366332050,2583012700,216680650,KRX MDCSTAT02401_OUT
weekly,KOSDAQ150,institution,069080,웹젠,97129,115440,18311,1137146320,1353740270,216593950,KRX MDCSTAT02401_OUT
weekly,KOSDAQ150,institution,278280,천보,14183,19479,5296,528109475,731414150,203304675,KRX MDCSTAT02401_OUT
weekly,KOSDAQ150,institution,272290,이녹스첨단소재,60794,68781,7987,1352464675,1532304550,179839875,KRX MDCSTAT02401_OUT
weekly,KOSDAQ150,institution,241710,코스메카코리아,322076,319135,-2941,35824280850,36001453850,177173000,KRX MDCSTAT02401_OUT
weekly,KOSDAQ150,institution,112040,위메이드,127194,134715,7521,1975625430,2103274115,127648685,KRX MDCSTAT02401_OUT
weekly,KOSDAQ150,institution,101730,위메이드맥스,25470,48496,23026,118200948,231001520,112800572,KRX MDCSTAT02401_OUT
weekly,KOSDAQ150,institution,194480,데브시스터즈,34768,40468,5700,487778150,569707370,81929220,KRX MDCSTAT02401_OUT
weekly,KOSDAQ150,institution,171090,선익시스템,43147,43703,556,3165934100,3244021650,78087550,KRX MDCSTAT02401_OUT
weekly,KOSDAQ150,institution,048410,현대바이오,442282,451261,8979,3124331925,3192139115,67807190,KRX MDCSTAT02401_OUT
weekly,KOSDAQ150,institution,036620,감성코퍼레이션,294032,304549,10517,1095595840,1143247380,47651540,KRX MDCSTAT02401_OUT
weekly,KOSDAQ150,institution,032190,다우데이타,56916,58074,1158,1084458925,1113396615,28937690,KRX MDCSTAT02401_OUT
weekly,KOSDAQ150,institution,025900,동화기업,31979,32528,549,233551000,237175020,3624020,KRX MDCSTAT02401_OUT
weekly,KOSDAQ150,institution,033500,동성화인텍,45542,45268,-274,723469565,724730875,1261310,KRX MDCSTAT02401_OUT
weekly,KOSDAQ150,institution,090710,휴림로봇,273276,271969,-1307,1748460895,1729257205,-19203690,KRX MDCSTAT02401_OUT
weekly,KOSDAQ150,institution,060250,NHN KCP,52940,51030,-1910,713851540,693391040,-20460500,KRX MDCSTAT02401_OUT
weekly,KOSDAQ150,institution,060280,큐렉소,93133,82688,-10445,802208015,718206430,-84001585,KRX MDCSTAT02401_OUT
weekly,KOSDAQ150,institution,293490,카카오게임즈,622919,605824,-17095,6089542970,6002359680,-87183290,KRX MDCSTAT02401_OUT
weekly,KOSDAQ150,institution,015750,성우하이텍,145373,129185,-16188,853348175,759327155,-94021020,KRX MDCSTAT02401_OUT
weekly,KOSDAQ150,institution,352480,씨앤씨인터내셔널,13958,8274,-5684,290110300,173707175,-116403125,KRX MDCSTAT02401_OUT
weekly,KOSDAQ150,institution,122870,와이지엔터테인먼트,147887,143314,-4573,6160945975,6007596550,-153349425,KRX MDCSTAT02401_OUT
weekly,KOSDAQ150,institution,067160,SOOP,39136,31243,-7893,1426932500,1141504400,-285428100,KRX MDCSTAT02401_OUT
weekly,KOSDAQ150,institution,035760,CJ ENM,82117,72099,-10018,2931113175,2584370675,-346742500,KRX MDCSTAT02401_OUT
weekly,KOSDAQ150,institution,388720,유일로보틱스,23522,16963,-6559,1664991100,1188842200,-476148900,KRX MDCSTAT02401_OUT
weekly,KOSDAQ150,institution,145020,휴젤,36542,32947,-3595,6581727850,5966767200,-614960650,KRX MDCSTAT02401_OUT
weekly,KOSDAQ150,institution,058610,에스피지,108698,102033,-6665,11304093050,10630023600,-674069450,KRX MDCSTAT02401_OUT
weekly,KOSDAQ150,institution,466100,클로봇,117948,75477,-42471,2776975450,1761277300,-1015698150,KRX MDCSTAT02401_OUT
weekly,KOSDAQ150,institution,052400,코나아이,59323,27985,-31338,2208430525,1050591200,-1157839325,KRX MDCSTAT02401_OUT
weekly,KOSDAQ150,institution,213420,덕산네오룩스,162004,97118,-64886,4833150300,2913968975,-1919181325,KRX MDCSTAT02401_OUT
weekly,KOSDAQ150,institution,214150,클래시스,171760,108428,-63332,5279625550,3360180300,-1919445250,KRX MDCSTAT02401_OUT
weekly,KOSDAQ150,institution,067310,하나마이크론,882409,857534,-24875,45550830425,43405212625,-2145617800,KRX MDCSTAT02401_OUT
weekly,KOSDAQ150,institution,124500,아이티센글로벌,130878,45935,-84943,3777422100,1342637350,-2434784750,KRX MDCSTAT02401_OUT
weekly,KOSDAQ150,institution,014620,성광벤드,264687,161282,-103405,8126388775,4911697800,-3214690975,KRX MDCSTAT02401_OUT
weekly,KOSDAQ150,institution,420770,기가비스,120554,94765,-25789,15943202750,12673585750,-3269617000,KRX MDCSTAT02401_OUT
weekly,KOSDAQ150,institution,328130,루닛,488674,168618,-320056,5273947805,1854850660,-3419097145,KRX MDCSTAT02401_OUT
weekly,KOSDAQ150,institution,068760,셀트리온제약,165176,64771,-100405,6361616575,2539268350,-3822348225,KRX MDCSTAT02401_OUT
weekly,KOSDAQ150,institution,437730,삼현,187907,113499,-74408,9648701425,5825690150,-3823011275,KRX MDCSTAT02401_OUT
weekly,KOSDAQ150,institution,204270,제이앤티씨,282106,129113,-152993,7362099200,3022086000,-4340013200,KRX MDCSTAT02401_OUT
weekly,KOSDAQ150,institution,087010,펩트론,167731,129120,-38611,21265865450,16400664900,-4865200550,KRX MDCSTAT02401_OUT
weekly,KOSDAQ150,institution,475830,오름테라퓨틱,364028,56530,-307498,7776635400,1261418275,-6515217125,KRX MDCSTAT02401_OUT
weekly,KOSDAQ150,institution,083650,비에이치아이,229873,86788,-143085,13567500250,5176739000,-8390761250,KRX MDCSTAT02401_OUT
weekly,KOSDAQ150,institution,183300,코미코,476599,225776,-250823,16285866825,7768763925,-8517102900,KRX MDCSTAT02401_OUT
weekly,KOSDAQ150,institution,060370,LS마린솔루션,352030,79051,-272979,11603801550,2641601175,-8962200375,KRX MDCSTAT02401_OUT
weekly,KOSDAQ150,institution,064760,티씨케이,151104,109524,-41580,44682630500,33010880750,-11671749750,KRX MDCSTAT02401_OUT
weekly,KOSDAQ150,institution,095610,테스,568285,466446,-101839,96835859700,81853820650,-14982039050,KRX MDCSTAT02401_OUT
weekly,KOSDAQ150,institution,031980,피에스케이홀딩스,327926,238050,-89876,62409616100,46242466250,-16167149850,KRX MDCSTAT02401_OUT
weekly,KOSDAQ150,institution,095340,ISC,292757,208081,-84676,60958947750,44014142750,-16944805000,KRX MDCSTAT02401_OUT
weekly,KOSDAQ150,institution,036540,SFA반도체,6852581,3961061,-2891520,76974345530,45054904455,-31919441075,KRX MDCSTAT02401_OUT
weekly,KOSDAQ150,institution,222800,심텍,970650,733677,-236973,160967196300,121060180050,-39907016250,KRX MDCSTAT02401_OUT
weekly,KOSDAQ150,institution,214450,파마리서치,238611,60258,-178353,73715876500,18665481750,-55050394750,KRX MDCSTAT02401_OUT
recent2,KOSPI200,foreign,006400,삼성SDI,166500,352410,185910,94074110000,198645155500,104571045500,KRX MDCSTAT02401_OUT
recent2,KOSPI200,foreign,009150,삼성전기,469679,514610,44931,774908720439,850809968439,75901248000,KRX MDCSTAT02401_OUT
recent2,KOSPI200,foreign,000990,DB하이텍,265952,497653,231701,36965994400,68328037750,31362043350,KRX MDCSTAT02401_OUT
recent2,KOSPI200,foreign,007660,이수페타시스,1116328,1333555,217227,142767123450,171919666500,29152543050,KRX MDCSTAT02401_OUT
recent2,KOSPI200,foreign,096770,SK이노베이션,511211,690854,179643,79697939478,108087477228,28389537750,KRX MDCSTAT02401_OUT
recent2,KOSPI200,foreign,278470,에이피알,356973,429211,72238,131406034128,158557360378,27151326250,KRX MDCSTAT02401_OUT
recent2,KOSPI200,foreign,028260,삼성물산,257833,311230,53397,88093749750,106556113750,18462364000,KRX MDCSTAT02401_OUT
recent2,KOSPI200,foreign,009830,한화솔루션,1250001,1647333,397332,45680351175,60390017725,14709666550,KRX MDCSTAT02401_OUT
recent2,KOSPI200,foreign,051910,LG화학,118043,167236,49193,32462512000,45935171750,13472659750,KRX MDCSTAT02401_OUT
recent2,KOSPI200,foreign,009540,HD한국조선해양,203706,244287,40581,63221078250,75652677250,12431599000,KRX MDCSTAT02401_OUT
recent2,KOSPI200,foreign,443060,HD현대마린솔루션,70425,124717,54292,15703363591,27715048591,12011685000,KRX MDCSTAT02401_OUT
recent2,KOSPI200,foreign,011070,LG이노텍,254214,272166,17952,157592198000,168198034000,10605836000,KRX MDCSTAT02401_OUT
recent2,KOSPI200,foreign,483650,달바글로벌,49840,105213,55373,9134305000,19231653300,10097348300,KRX MDCSTAT02401_OUT
recent2,KOSPI200,foreign,373220,LG에너지솔루션,264484,289120,24636,102301269000,111847366750,9546097750,KRX MDCSTAT02401_OUT
recent2,KOSPI200,foreign,086790,하나금융지주,544274,617434,73160,70103913600,79511953200,9408039600,KRX MDCSTAT02401_OUT
recent2,KOSPI200,foreign,003230,삼양식품,16448,23633,7185,19834426500,28469579500,8635153000,KRX MDCSTAT02401_OUT
recent2,KOSPI200,foreign,028050,삼성E&A,1082477,1252073,169596,52440375025,60779508750,8339133725,KRX MDCSTAT02401_OUT
recent2,KOSPI200,foreign,023530,롯데쇼핑,82503,162474,79971,8178351550,15988496400,7810144850,KRX MDCSTAT02401_OUT
recent2,KOSPI200,foreign,005830,DB손해보험,178074,217272,39198,33019301604,40336215354,7316913750,KRX MDCSTAT02401_OUT
recent2,KOSPI200,foreign,047040,대우건설,1832098,2201054,368956,32393342500,39072343110,6679000610,KRX MDCSTAT02401_OUT
recent2,KOSPI200,foreign,011200,HMM,433005,735703,302698,9256896615,15731241915,6474345300,KRX MDCSTAT02401_OUT
recent2,KOSPI200,foreign,352820,하이브,176108,214055,37947,28718230728,34844336028,6126105300,KRX MDCSTAT02401_OUT
recent2,KOSPI200,foreign,161890,한국콜마,307903,350274,42371,43345150950,49214002450,5868851500,KRX MDCSTAT02401_OUT
recent2,KOSPI200,foreign,001450,현대해상,282619,399289,116670,13439543725,18963665100,5524121375,KRX MDCSTAT02401_OUT
recent2,KOSPI200,foreign,329180,HD현대중공업,169754,182428,12674,69931967750,75066955750,5134988000,KRX MDCSTAT02401_OUT
recent2,KOSPI200,foreign,003490,대한항공,851895,998225,146330,26267960425,30900036500,4632076075,KRX MDCSTAT02401_OUT
recent2,KOSPI200,foreign,039490,키움증권,62550,80587,18037,15668525583,20249404833,4580879250,KRX MDCSTAT02401_OUT
recent2,KOSPI200,foreign,000270,기아,624210,665020,40810,69614115950,74136633250,4522517300,KRX MDCSTAT02401_OUT
recent2,KOSPI200,foreign,259960,크래프톤,83240,105044,21804,16646025850,21035816200,4389790350,KRX MDCSTAT02401_OUT
recent2,KOSPI200,foreign,047050,포스코인터내셔널,220344,289720,69376,12584121550,16576749050,3992627500,KRX MDCSTAT02401_OUT
recent2,KOSPI200,foreign,004020,현대제철,497244,617639,120395,14636698175,18243662825,3606964650,KRX MDCSTAT02401_OUT
recent2,KOSPI200,foreign,069960,현대백화점,76292,114568,38276,6641727950,9930972700,3289244750,KRX MDCSTAT02401_OUT
recent2,KOSPI200,foreign,021240,코웨이,200431,232729,32298,20247860900,23504555600,3256694700,KRX MDCSTAT02401_OUT
recent2,KOSPI200,foreign,271560,오리온,70503,101013,30510,7453846144,10677706894,3223860750,KRX MDCSTAT02401_OUT
recent2,KOSPI200,foreign,000100,유한양행,157229,199267,42038,11890286800,15063506250,3173219450,KRX MDCSTAT02401_OUT
recent2,KOSPI200,foreign,004170,신세계,59112,68623,9511,19069699250,22079893750,3010194500,KRX MDCSTAT02401_OUT
recent2,KOSPI200,foreign,120110,코오롱인더,89908,138361,48453,5143379000,8023725150,2880346150,KRX MDCSTAT02401_OUT
recent2,KOSPI200,foreign,323410,카카오뱅크,444120,580769,136649,8854963680,11598356420,2743392740,KRX MDCSTAT02401_OUT
recent2,KOSPI200,foreign,097950,CJ제일제당,45006,59732,14726,8123833700,10801413650,2677579950,KRX MDCSTAT02401_OUT
recent2,KOSPI200,foreign,030000,제일기획,248911,384621,135710,4652932735,7239311680,2586378945,KRX MDCSTAT02401_OUT
recent2,KOSPI200,foreign,008930,한미사이언스,177293,222542,45249,10897269350,13313257150,2415987800,KRX MDCSTAT02401_OUT
recent2,KOSPI200,foreign,001040,CJ,58651,76676,18025,7641476150,10015074800,2373598650,KRX MDCSTAT02401_OUT
recent2,KOSPI200,foreign,090430,아모레퍼시픽,245656,259107,13451,32878045064,35040772464,2162727400,KRX MDCSTAT02401_OUT
recent2,KOSPI200,foreign,034230,파라다이스,252235,472792,220557,2455282680,4609805000,2154522320,KRX MDCSTAT02401_OUT
recent2,KOSPI200,foreign,016360,삼성증권,310400,332127,21727,27687932554,29642390704,1954458150,KRX MDCSTAT02401_OUT
recent2,KOSPI200,foreign,298020,효성티앤씨,22667,29278,6611,6478762250,8379877750,1901115500,KRX MDCSTAT02401_OUT
recent2,KOSPI200,foreign,002790,아모레퍼시픽홀딩스,90224,163981,73757,2334928650,4226296425,1891367775,KRX MDCSTAT02401_OUT
recent2,KOSPI200,foreign,017670,SK텔레콤,221429,242661,21232,19487401650,21352491500,1865089850,KRX MDCSTAT02401_OUT
recent2,KOSPI200,foreign,002380,KCC,15070,18729,3659,7141447000,8886712750,1745265750,KRX MDCSTAT02401_OUT
recent2,KOSPI200,foreign,018260,삼성에스디에스,100094,108276,8182,21509643250,23209163000,1699519750,KRX MDCSTAT02401_OUT
recent2,KOSPI200,foreign,011780,금호석유화학,57731,71780,14049,6732295750,8403806350,1671510600,KRX MDCSTAT02401_OUT
recent2,KOSPI200,foreign,014680,한솔케미칼,35393,41191,5798,9692720500,11245129000,1552408500,KRX MDCSTAT02401_OUT
recent2,KOSPI200,foreign,180640,한진칼,37495,48982,11487,4998894680,6520419330,1521524650,KRX MDCSTAT02401_OUT
recent2,KOSPI200,foreign,007340,DN오토모티브,69105,99331,30226,3443391600,4930822825,1487431225,KRX MDCSTAT02401_OUT
recent2,KOSPI200,foreign,022100,포스코DX,177765,243506,65741,3820968950,5256785475,1435816525,KRX MDCSTAT02401_OUT
recent2,KOSPI200,foreign,204320,HL만도,241517,269423,27906,11253498125,12679740400,1426242275,KRX MDCSTAT02401_OUT
recent2,KOSPI200,foreign,036460,한국가스공사,84398,122118,37720,3036059800,4401170800,1365111000,KRX MDCSTAT02401_OUT
recent2,KOSPI200,foreign,011170,롯데케미칼,69966,89300,19334,4239711300,5449001650,1209290350,KRX MDCSTAT02401_OUT
recent2,KOSPI200,foreign,138930,BNK금융지주,677164,748818,71654,10675567940,11865790975,1190223035,KRX MDCSTAT02401_OUT
recent2,KOSPI200,foreign,005850,에스엘,39232,58923,19691,2029627150,3045169450,1015542300,KRX MDCSTAT02401_OUT
recent2,KOSPI200,foreign,251270,넷마블,142696,171283,28587,4918205175,5912767800,994562625,KRX MDCSTAT02401_OUT
recent2,KOSPI200,foreign,000810,삼성화재,112020,113437,1417,70586698764,71506675764,919977000,KRX MDCSTAT02401_OUT
recent2,KOSPI200,foreign,003240,태광산업,406,1230,824,371738000,1127662000,755924000,KRX MDCSTAT02401_OUT
recent2,KOSPI200,foreign,006280,녹십자,14147,19488,5341,1828605150,2515823150,687218000,KRX MDCSTAT02401_OUT
recent2,KOSPI200,foreign,006650,대한유화,32759,38803,6044,2941965500,3520582150,578616650,KRX MDCSTAT02401_OUT
recent2,KOSPI200,foreign,185750,종근당,6262,14867,8605,412769150,979462350,566693200,KRX MDCSTAT02401_OUT
recent2,KOSPI200,foreign,241560,두산밥캣,194691,204902,10211,10755055490,11318847140,563791650,KRX MDCSTAT02401_OUT
recent2,KOSPI200,foreign,088350,한화생명,1020100,1124746,104646,5430946525,5992767115,561820590,KRX MDCSTAT02401_OUT
recent2,KOSPI200,foreign,004000,롯데정밀화학,25041,37697,12656,1066520900,1608144375,541623475,KRX MDCSTAT02401_OUT
recent2,KOSPI200,foreign,069620,대웅제약,7792,12700,4908,850336050,1389491500,539155450,KRX MDCSTAT02401_OUT
recent2,KOSPI200,foreign,450080,에코프로머티,200036,213567,13531,7800374150,8333900350,533526200,KRX MDCSTAT02401_OUT
recent2,KOSPI200,foreign,003550,LG,163465,168548,5083,18612301280,19144908730,532607450,KRX MDCSTAT02401_OUT
recent2,KOSPI200,foreign,302440,SK바이오사이언스,45233,59301,14068,1703199900,2229107550,525907650,KRX MDCSTAT02401_OUT
recent2,KOSPI200,foreign,285130,SK케미칼,13571,23170,9599,700701700,1195669700,494968000,KRX MDCSTAT02401_OUT
recent2,KOSPI200,foreign,0126Z0,삼성에피스홀딩스,28423,29665,1242,10533141500,10991748250,458606750,KRX MDCSTAT02401_OUT
recent2,KOSPI200,foreign,192080,더블유게임즈,49882,57806,7924,2842083850,3292632450,450548600,KRX MDCSTAT02401_OUT
recent2,KOSPI200,foreign,000080,하이트진로,42417,67936,25519,626772440,1006707560,379935120,KRX MDCSTAT02401_OUT
recent2,KOSPI200,foreign,280360,롯데웰푸드,8732,11862,3130,1057515300,1429998500,372483200,KRX MDCSTAT02401_OUT
recent2,KOSPI200,foreign,137310,에스디바이오센서,196099,242870,46771,1311580900,1623022180,311441280,KRX MDCSTAT02401_OUT
recent2,KOSPI200,foreign,300720,한일시멘트,16825,31652,14827,270508380,510549435,240041055,KRX MDCSTAT02401_OUT
recent2,KOSPI200,foreign,003090,대웅,55425,70363,14938,855364200,1087095335,231731135,KRX MDCSTAT02401_OUT
recent2,KOSPI200,foreign,007070,GS리테일,78778,88932,10154,1747033450,1973931500,226898050,KRX MDCSTAT02401_OUT
recent2,KOSPI200,foreign,298050,HS효성첨단소재,3816,5058,1242,622356500,826451400,204094900,KRX MDCSTAT02401_OUT
recent2,KOSPI200,foreign,002840,미원상사,1091,2404,1313,148645200,329001200,180356000,KRX MDCSTAT02401_OUT
recent2,KOSPI200,foreign,009970,영원무역홀딩스,11811,12670,859,1959031800,2108257200,149225400,KRX MDCSTAT02401_OUT
recent2,KOSPI200,foreign,000240,한국앤컴퍼니,23818,28748,4930,602749200,729010200,126261000,KRX MDCSTAT02401_OUT
recent2,KOSPI200,foreign,071320,지역난방공사,6816,8150,1334,538881200,645184500,106303300,KRX MDCSTAT02401_OUT
recent2,KOSPI200,foreign,014820,동원시스템즈,6963,11721,4758,152053750,255220550,103166800,KRX MDCSTAT02401_OUT
recent2,KOSPI200,foreign,002030,아세아,1338,1447,109,272949200,294839500,21890300,KRX MDCSTAT02401_OUT
recent2,KOSPI200,foreign,069260,TKG휴켐스,34162,35283,1121,542321630,560188120,17866490,KRX MDCSTAT02401_OUT
recent2,KOSPI200,foreign,268280,미원에스씨,876,951,75,109882800,118358900,8476100,KRX MDCSTAT02401_OUT
recent2,KOSPI200,foreign,007700,F&F홀딩스,1865,2277,412,25056780,30653070,5596290,KRX MDCSTAT02401_OUT
recent2,KOSPI200,foreign,008730,율촌화학,53212,53344,132,829630840,826327830,-3303010,KRX MDCSTAT02401_OUT
recent2,KOSPI200,foreign,000670,영풍,18080,17906,-174,736901450,733063200,-3838250,KRX MDCSTAT02401_OUT
recent2,KOSPI200,foreign,175330,JB금융지주,311521,311034,-487,8876544800,8854992825,-21551975,KRX MDCSTAT02401_OUT
recent2,KOSPI200,foreign,005300,롯데칠성,16201,15261,-940,1540131063,1454047563,-86083500,KRX MDCSTAT02401_OUT
recent2,KOSPI200,foreign,000210,DL,25795,23936,-1859,1272873925,1180910175,-91963750,KRX MDCSTAT02401_OUT
recent2,KOSPI200,foreign,375500,DL이앤씨,166927,165588,-1339,12306197000,12204792300,-101404700,KRX MDCSTAT02401_OUT
recent2,KOSPI200,foreign,006040,동원산업,29692,25985,-3707,1039705275,910329575,-129375700,KRX MDCSTAT02401_OUT
recent2,KOSPI200,foreign,009240,한샘,18288,15024,-3264,735662100,604674300,-130987800,KRX MDCSTAT02401_OUT
recent2,KOSPI200,foreign,051900,LG생활건강,48842,48416,-426,13099025500,12963620750,-135404750,KRX MDCSTAT02401_OUT
recent2,KOSPI200,foreign,457190,이수스페셜티케미컬,113751,111926,-1825,9348313550,9188457150,-159856400,KRX MDCSTAT02401_OUT
recent2,KOSPI200,foreign,001800,오리온홀딩스,58058,50607,-7451,1312369050,1142673350,-169695700,KRX MDCSTAT02401_OUT
recent2,KOSPI200,foreign,066970,엘앤에프,272158,269240,-2918,32888081700,32695298050,-192783650,KRX MDCSTAT02401_OUT
recent2,KOSPI200,foreign,029780,삼성카드,68155,62929,-5226,2849571400,2631108375,-218463025,KRX MDCSTAT02401_OUT
recent2,KOSPI200,foreign,035250,강원랜드,146870,129924,-16946,2100206280,1858618850,-241587430,KRX MDCSTAT02401_OUT
recent2,KOSPI200,foreign,007310,오뚜기,2969,1967,-1002,934737000,618374500,-316362500,KRX MDCSTAT02401_OUT
recent2,KOSPI200,foreign,139480,이마트,55129,50135,-4994,3951705500,3593807400,-357898100,KRX MDCSTAT02401_OUT
recent2,KOSPI200,foreign,282330,BGF리테일,54454,50771,-3683,6996646950,6524984250,-471662700,KRX MDCSTAT02401_OUT
recent2,KOSPI200,foreign,001680,대상,68933,42153,-26780,1216085970,744194510,-471891460,KRX MDCSTAT02401_OUT
recent2,KOSPI200,foreign,017800,현대엘리베이터,111143,104497,-6646,8086802779,7613203429,-473599350,KRX MDCSTAT02401_OUT
recent2,KOSPI200,foreign,000120,CJ대한통운,44383,37233,-7150,3105748600,2611990250,-493758350,KRX MDCSTAT02401_OUT
recent2,KOSPI200,foreign,111770,영원무역,105444,97818,-7626,7253377150,6695884800,-557492350,KRX MDCSTAT02401_OUT
recent2,KOSPI200,foreign,005420,코스모화학,131714,82325,-49389,1535315485,964652655,-570662830,KRX MDCSTAT02401_OUT
recent2,KOSPI200,foreign,454910,두산로보틱스,226964,216717,-10247,16757814500,16177345200,-580469300,KRX MDCSTAT02401_OUT
recent2,KOSPI200,foreign,003030,세아제강지주,13437,7948,-5489,1494108100,887891100,-606217000,KRX MDCSTAT02401_OUT
recent2,KOSPI200,foreign,034730,SK,99873,98476,-1397,58078145000,57424037500,-654107500,KRX MDCSTAT02401_OUT
recent2,KOSPI200,foreign,030200,KT,110311,97225,-13086,5695933770,5026432120,-669501650,KRX MDCSTAT02401_OUT
recent2,KOSPI200,foreign,071050,한국금융지주,149664,146134,-3530,26572213750,25891651900,-680561850,KRX MDCSTAT02401_OUT
recent2,KOSPI200,foreign,361610,SK아이이테크놀로지,323152,282251,-40901,5767173355,5080927980,-686245375,KRX MDCSTAT02401_OUT
recent2,KOSPI200,foreign,009420,한올바이오파마,161306,145996,-15310,7576863425,6867246625,-709616800,KRX MDCSTAT02401_OUT
recent2,KOSPI200,foreign,011210,현대위아,71303,57065,-14238,3784412300,3037191100,-747221200,KRX MDCSTAT02401_OUT
recent2,KOSPI200,foreign,051600,한전KPS,75631,57525,-18106,3416887100,2591943000,-824944100,KRX MDCSTAT02401_OUT
recent2,KOSPI200,foreign,004370,농심,17332,14952,-2380,6895982750,5953021000,-942961750,KRX MDCSTAT02401_OUT
recent2,KOSPI200,foreign,073240,금호타이어,764380,609737,-154643,5130541860,4084560535,-1045981325,KRX MDCSTAT02401_OUT
recent2,KOSPI200,foreign,267270,HD건설기계,230896,221694,-9202,26800947250,25699286600,-1101660650,KRX MDCSTAT02401_OUT
recent2,KOSPI200,foreign,377300,카카오페이,92348,61893,-30455,3692540475,2489831925,-1202708550,KRX MDCSTAT02401_OUT
recent2,KOSPI200,foreign,004990,롯데지주,105580,53155,-52425,2467713775,1241321900,-1226391875,KRX MDCSTAT02401_OUT
recent2,KOSPI200,foreign,012750,에스원,156801,141753,-15048,13210874396,11938593896,-1272280500,KRX MDCSTAT02401_OUT
recent2,KOSPI200,foreign,161390,한국타이어앤테크놀로지,220950,199099,-21851,13306917950,11987984850,-1318933100,KRX MDCSTAT02401_OUT
recent2,KOSPI200,foreign,026960,동서,102937,40574,-62363,2798943975,1095970825,-1702973150,KRX MDCSTAT02401_OUT
recent2,KOSPI200,foreign,033780,KT&G,240616,229938,-10678,42584093750,40787854950,-1796238800,KRX MDCSTAT02401_OUT
recent2,KOSPI200,foreign,028670,팬오션,3086771,2767474,-319297,18835398565,17004206885,-1831191680,KRX MDCSTAT02401_OUT
recent2,KOSPI200,foreign,008770,호텔신라,178524,124974,-53550,6993258250,4906973625,-2086284625,KRX MDCSTAT02401_OUT
recent2,KOSPI200,foreign,005940,NH투자증권,364268,280725,-83543,9728853213,7499296038,-2229557175,KRX MDCSTAT02401_OUT
recent2,KOSPI200,foreign,001430,세아베스틸지주,108657,60699,-47958,5039527950,2800457600,-2239070350,KRX MDCSTAT02401_OUT
recent2,KOSPI200,foreign,138040,메리츠금융지주,122713,105468,-17245,15972257350,13725281050,-2246976300,KRX MDCSTAT02401_OUT
recent2,KOSPI200,foreign,010130,고려아연,12132,9955,-2177,13137952100,10848258600,-2289693500,KRX MDCSTAT02401_OUT
recent2,KOSPI200,foreign,052690,한전기술,179458,163629,-15829,23284473000,20970601750,-2313871250,KRX MDCSTAT02401_OUT
recent2,KOSPI200,foreign,017960,한국카본,162721,41657,-121064,3341526800,859066200,-2482460600,KRX MDCSTAT02401_OUT
recent2,KOSPI200,foreign,081660,미스토홀딩스,195706,129615,-66091,7624094200,5042498100,-2581596100,KRX MDCSTAT02401_OUT
recent2,KOSPI200,foreign,032640,LG유플러스,758719,555430,-203289,11032368420,8079679520,-2952688900,KRX MDCSTAT02401_OUT
recent2,KOSPI200,foreign,139130,iM금융지주,841784,673662,-168122,15423395319,12349045479,-3074349840,KRX MDCSTAT02401_OUT
recent2,KOSPI200,foreign,000720,현대건설,355135,325132,-30003,40085118700,36810386850,-3274731850,KRX MDCSTAT02401_OUT
recent2,KOSPI200,foreign,105560,KB금융,838494,816631,-21863,140461731850,136830936150,-3630795700,KRX MDCSTAT02401_OUT
recent2,KOSPI200,foreign,267250,HD현대,246648,226490,-20158,47684954890,43729244290,-3955710600,KRX MDCSTAT02401_OUT
recent2,KOSPI200,foreign,011790,SKC,234780,198666,-36114,25897694100,21879749950,-4017944150,KRX MDCSTAT02401_OUT
recent2,KOSPI200,foreign,018880,한온시스템,5628452,4572665,-1055787,22007657058,17982814801,-4024842257,KRX MDCSTAT02401_OUT
recent2,KOSPI200,foreign,000880,한화,115593,80286,-35307,14192263252,9954628952,-4237634300,KRX MDCSTAT02401_OUT
recent2,KOSPI200,foreign,032830,삼성생명,258654,243325,-15329,73420945500,69113385500,-4307560000,KRX MDCSTAT02401_OUT
recent2,KOSPI200,foreign,326030,SK바이오팜,100122,42421,-57701,7637721250,3242344150,-4395377100,KRX MDCSTAT02401_OUT
recent2,KOSPI200,foreign,307950,현대오토에버,30365,18303,-12062,11652602250,7064689750,-4587912500,KRX MDCSTAT02401_OUT
recent2,KOSPI200,foreign,024110,기업은행,798421,555449,-242972,16071726050,11195140700,-4876585350,KRX MDCSTAT02401_OUT
recent2,KOSPI200,foreign,068270,셀트리온,200673,173280,-27393,36722417100,31822010850,-4900406250,KRX MDCSTAT02401_OUT
recent2,KOSPI200,foreign,078930,GS,389228,345489,-43739,41707640250,36805953650,-4901686600,KRX MDCSTAT02401_OUT
recent2,KOSPI200,foreign,035720,카카오,1116934,941522,-175412,37276884375,31485196275,-5791688100,KRX MDCSTAT02401_OUT
recent2,KOSPI200,foreign,006260,LS,190594,168139,-22455,55432722000,48846398000,-6586324000,KRX MDCSTAT02401_OUT
recent2,KOSPI200,foreign,015760,한국전력,668836,445416,-223420,20162385900,13448962975,-6713422925,KRX MDCSTAT02401_OUT
recent2,KOSPI200,foreign,112610,씨에스윈드,280586,142680,-137906,16086509700,8130009850,-7956499850,KRX MDCSTAT02401_OUT
recent2,KOSPI200,foreign,093370,후성,2231997,1707065,-524932,35255163205,26970087905,-8285075300,KRX MDCSTAT02401_OUT
recent2,KOSPI200,foreign,071970,HD현대마린엔진,240655,55034,-185621,11226128450,2560636775,-8665491675,KRX MDCSTAT02401_OUT
recent2,KOSPI200,foreign,086280,현대글로비스,132035,85835,-46200,25763463850,16887272450,-8876191400,KRX MDCSTAT02401_OUT
recent2,KOSPI200,foreign,064400,LG씨엔에스,436043,303439,-132604,30982259364,22103327714,-8878931650,KRX MDCSTAT02401_OUT
recent2,KOSPI200,foreign,034220,LG디스플레이,2975924,1887878,-1088046,25159994220,16081576670,-9078417550,KRX MDCSTAT02401_OUT
recent2,KOSPI200,foreign,042700,한미반도체,409471,373858,-35613,111949869000,101398783500,-10551085500,KRX MDCSTAT02401_OUT
recent2,KOSPI200,foreign,000150,두산,82227,74599,-7628,119124707500,108396980500,-10727727000,KRX MDCSTAT02401_OUT
recent2,KOSPI200,foreign,006800,미래에셋증권,1107399,736577,-370822,34962640075,23548076850,-11414563225,KRX MDCSTAT02401_OUT
recent2,KOSPI200,foreign,128940,한미약품,94118,68544,-25574,49378998500,36038469500,-13340529000,KRX MDCSTAT02401_OUT
recent2,KOSPI200,foreign,003670,포스코퓨처엠,410485,336953,-73532,80080630900,66496853450,-13583777450,KRX MDCSTAT02401_OUT
recent2,KOSPI200,foreign,064350,현대로템,341826,216650,-125176,38134622600,23990678450,-14143944150,KRX MDCSTAT02401_OUT
recent2,KOSPI200,foreign,103140,풍산,305592,107487,-198105,22191303250,7779680900,-14411622350,KRX MDCSTAT02401_OUT
recent2,KOSPI200,foreign,036570,NC,208588,144929,-63659,48035087750,33593114250,-14441973500,KRX MDCSTAT02401_OUT
recent2,KOSPI200,foreign,010950,S-Oil,381225,287881,-93344,63031569700,47929172200,-15102397500,KRX MDCSTAT02401_OUT
recent2,KOSPI200,foreign,316140,우리금융지주,2795441,2341492,-453949,93324284291,78183266991,-15141017300,KRX MDCSTAT02401_OUT
recent2,KOSPI200,foreign,082740,한화엔진,498687,172804,-325883,23346049250,8131355800,-15214693450,KRX MDCSTAT02401_OUT
recent2,KOSPI200,foreign,010140,삼성중공업,2122541,1275040,-847501,41773601515,25025556730,-16748044785,KRX MDCSTAT02401_OUT
recent2,KOSPI200,foreign,010120,LS ELECTRIC,495564,408046,-87518,106556396250,87584080750,-18972315500,KRX MDCSTAT02401_OUT
recent2,KOSPI200,foreign,010060,OCI홀딩스,151571,63265,-88306,36762213500,15327323750,-21434889750,KRX MDCSTAT02401_OUT
recent2,KOSPI200,foreign,005490,POSCO홀딩스,200005,118611,-81394,62464134250,37147482500,-25316651750,KRX MDCSTAT02401_OUT
recent2,KOSPI200,foreign,055550,신한지주,858673,607924,-250749,88900237250,62951866550,-25948370700,KRX MDCSTAT02401_OUT
recent2,KOSPI200,foreign,192820,코스맥스,226378,139170,-87208,66947207500,40573062750,-26374144750,KRX MDCSTAT02401_OUT
recent2,KOSPI200,foreign,062040,산일전기,402238,284189,-118049,94437386250,66494212250,-27943174000,KRX MDCSTAT02401_OUT
recent2,KOSPI200,foreign,012330,현대모비스,239039,162793,-76246,90555903838,61599364588,-28956539250,KRX MDCSTAT02401_OUT
recent2,KOSPI200,foreign,042660,한화오션,624101,230072,-394029,47731464450,17559613500,-30171850950,KRX MDCSTAT02401_OUT
recent2,KOSPI200,foreign,047810,한국항공우주,439565,160918,-278647,55493850450,20347135300,-35146715150,KRX MDCSTAT02401_OUT
recent2,KOSPI200,foreign,034020,두산에너빌리티,1813902,1332007,-481895,147760124950,108560460650,-39199664300,KRX MDCSTAT02401_OUT
recent2,KOSPI200,foreign,001440,대한전선,2479550,973544,-1506006,77220109000,30751896325,-46468212675,KRX MDCSTAT02401_OUT
recent2,KOSPI200,foreign,272210,한화시스템,1114441,423564,-690877,90284487350,34752317400,-55532169950,KRX MDCSTAT02401_OUT
recent2,KOSPI200,foreign,035420,NAVER,478381,162479,-315902,91283605850,31025804400,-60257801450,KRX MDCSTAT02401_OUT
recent2,KOSPI200,foreign,402340,SK스퀘어,635717,577835,-57882,740227773818,673750644318,-66477129500,KRX MDCSTAT02401_OUT
recent2,KOSPI200,foreign,207940,삼성바이오로직스,116717,59660,-57057,151966376000,77310958000,-74655418000,KRX MDCSTAT02401_OUT
recent2,KOSPI200,foreign,267260,HD현대일렉트릭,196196,77278,-118918,129438998500,51277078000,-78161920500,KRX MDCSTAT02401_OUT
recent2,KOSPI200,foreign,005380,현대차,453266,218434,-234832,155060135000,75438283750,-79621851250,KRX MDCSTAT02401_OUT
recent2,KOSPI200,foreign,066570,LG전자,1267683,834461,-433222,277829459250,188902257500,-88927201750,KRX MDCSTAT02401_OUT
recent2,KOSPI200,foreign,079550,LIG디펜스앤에어로스페이스,186185,48759,-137426,127453706500,34006183500,-93447523000,KRX MDCSTAT02401_OUT
recent2,KOSPI200,foreign,012450,한화에어로스페이스,202322,81881,-120441,203631994000,83256895500,-120375098500,KRX MDCSTAT02401_OUT
recent2,KOSPI200,foreign,298040,효성중공업,110927,35480,-75447,297699257000,97402957000,-200296300000,KRX MDCSTAT02401_OUT
recent2,KOSPI200,foreign,005930,삼성전자,11049428,8860951,-2188477,3012811388456,2419666077956,-593145310500,KRX MDCSTAT02401_OUT
recent2,KOSPI200,foreign,000660,SK하이닉스,2866731,1291069,-1575662,5067221967789,2280955082789,-2786266885000,KRX MDCSTAT02401_OUT
recent2,KOSPI200,institution,402340,SK스퀘어,312327,405532,93205,363116814000,472394231500,109277417500,KRX MDCSTAT02401_OUT
recent2,KOSPI200,institution,373220,LG에너지솔루션,202828,424460,221632,78575458250,164672596000,86097137750,KRX MDCSTAT02401_OUT
recent2,KOSPI200,institution,006400,삼성SDI,185135,333980,148845,104532719000,188766703500,84233984500,KRX MDCSTAT02401_OUT
recent2,KOSPI200,institution,011070,LG이노텍,127406,224155,96749,79156625500,139332200500,60175575000,KRX MDCSTAT02401_OUT
recent2,KOSPI200,institution,000150,두산,31554,65001,33447,45510458000,94184028000,48673570000,KRX MDCSTAT02401_OUT
recent2,KOSPI200,institution,272210,한화시스템,285568,763985,478417,23110003850,61956994600,38846990750,KRX MDCSTAT02401_OUT
recent2,KOSPI200,institution,096770,SK이노베이션,492881,676150,183269,76893302650,106370902150,29477599500,KRX MDCSTAT02401_OUT
recent2,KOSPI200,institution,192820,코스맥스,62922,155638,92716,18670424500,46427037250,27756612750,KRX MDCSTAT02401_OUT
recent2,KOSPI200,institution,010950,S-Oil,143088,306163,163075,23761338050,51184703750,27423365700,KRX MDCSTAT02401_OUT
recent2,KOSPI200,institution,066570,LG전자,505949,612710,106761,111161802250,138081769500,26919967250,KRX MDCSTAT02401_OUT
recent2,KOSPI200,institution,010060,OCI홀딩스,50051,139914,89863,12118144000,34039829250,21921685250,KRX MDCSTAT02401_OUT
recent2,KOSPI200,institution,011790,SKC,75859,251905,176046,8364627700,27890315150,19525687450,KRX MDCSTAT02401_OUT
recent2,KOSPI200,institution,278470,에이피알,87518,133769,46251,32298579500,50164522500,17865943000,KRX MDCSTAT02401_OUT
recent2,KOSPI200,institution,352820,하이브,109203,213696,104493,17914144150,35373083000,17458938850,KRX MDCSTAT02401_OUT
recent2,KOSPI200,institution,055550,신한지주,493059,644652,151593,50973358250,66684354250,15710996000,KRX MDCSTAT02401_OUT
recent2,KOSPI200,institution,066970,엘앤에프,290709,417137,126428,35233919200,50876601050,15642681850,KRX MDCSTAT02401_OUT
recent2,KOSPI200,institution,012330,현대모비스,106424,146588,40164,40139553000,55312983750,15173430750,KRX MDCSTAT02401_OUT
recent2,KOSPI200,institution,062040,산일전기,71906,136395,64489,16861255000,32030721250,15169466250,KRX MDCSTAT02401_OUT
recent2,KOSPI200,institution,112610,씨에스윈드,62557,323346,260789,3582267000,18634034750,15051767750,KRX MDCSTAT02401_OUT
recent2,KOSPI200,institution,034730,SK,78487,99695,21208,45878897500,58146448500,12267551000,KRX MDCSTAT02401_OUT
recent2,KOSPI200,institution,051910,LG화학,125167,168953,43786,34270390500,46371952500,12101562000,KRX MDCSTAT02401_OUT
recent2,KOSPI200,institution,316140,우리금융지주,575324,911141,335817,19216808350,30442696850,11225888500,KRX MDCSTAT02401_OUT
recent2,KOSPI200,institution,018880,한온시스템,1047315,3838994,2791679,4087178128,15020888569,10933710441,KRX MDCSTAT02401_OUT
recent2,KOSPI200,institution,010120,LS ELECTRIC,204903,254844,49941,43787395000,54581827000,10794432000,KRX MDCSTAT02401_OUT
recent2,KOSPI200,institution,009830,한화솔루션,563138,853047,289909,20624681725,31233281550,10608599825,KRX MDCSTAT02401_OUT
recent2,KOSPI200,institution,015760,한국전력,539113,854421,315308,16263883725,25779448500,9515564775,KRX MDCSTAT02401_OUT
recent2,KOSPI200,institution,105560,KB금융,393205,448859,55654,65895195500,75283715300,9388519800,KRX MDCSTAT02401_OUT
recent2,KOSPI200,institution,036570,NC,148769,182384,33615,34137813750,42493107000,8355293250,KRX MDCSTAT02401_OUT
recent2,KOSPI200,institution,138040,메리츠금융지주,69889,122023,52134,9094015650,15893641800,6799626150,KRX MDCSTAT02401_OUT
recent2,KOSPI200,institution,361610,SK아이이테크놀로지,101621,444620,342999,1819206950,7985082030,6165875080,KRX MDCSTAT02401_OUT
recent2,KOSPI200,institution,161890,한국콜마,171086,208703,37617,23533453200,29451847700,5918394500,KRX MDCSTAT02401_OUT
recent2,KOSPI200,institution,052690,한전기술,68966,113589,44623,8874230900,14575158000,5700927100,KRX MDCSTAT02401_OUT
recent2,KOSPI200,institution,090430,아모레퍼시픽,107618,144392,36774,14484238150,19514478950,5030240800,KRX MDCSTAT02401_OUT
recent2,KOSPI200,institution,047050,포스코인터내셔널,89662,165821,76159,5121863550,9496895850,4375032300,KRX MDCSTAT02401_OUT
recent2,KOSPI200,institution,005940,NH투자증권,181922,344696,162774,4853187075,9219742150,4366555075,KRX MDCSTAT02401_OUT
recent2,KOSPI200,institution,032830,삼성생명,96443,110949,14506,27315826500,31493845000,4178018500,KRX MDCSTAT02401_OUT
recent2,KOSPI200,institution,033780,KT&G,89917,112291,22374,15990385350,19983368800,3992983450,KRX MDCSTAT02401_OUT
recent2,KOSPI200,institution,032640,LG유플러스,241834,477572,235738,3512333325,6944908825,3432575500,KRX MDCSTAT02401_OUT
recent2,KOSPI200,institution,003230,삼양식품,14398,16899,2501,17278077500,20467791000,3189713500,KRX MDCSTAT02401_OUT
recent2,KOSPI200,institution,028050,삼성E&A,490051,551245,61194,23719845200,26832401500,3112556300,KRX MDCSTAT02401_OUT
recent2,KOSPI200,institution,081660,미스토홀딩스,17638,82159,64521,685244650,3211648950,2526404300,KRX MDCSTAT02401_OUT
recent2,KOSPI200,institution,097950,CJ제일제당,7817,21124,13307,1407151450,3839061000,2431909550,KRX MDCSTAT02401_OUT
recent2,KOSPI200,institution,003670,포스코퓨처엠,405066,411902,6836,78666471050,81087789300,2421318250,KRX MDCSTAT02401_OUT
recent2,KOSPI200,institution,161390,한국타이어앤테크놀로지,57419,89960,32541,3449475300,5417637500,1968162200,KRX MDCSTAT02401_OUT
recent2,KOSPI200,institution,017670,SK텔레콤,188878,210579,21701,16586546150,18517618000,1931071850,KRX MDCSTAT02401_OUT
recent2,KOSPI200,institution,003550,LG,80313,94830,14517,9083095550,10821881650,1738786100,KRX MDCSTAT02401_OUT
recent2,KOSPI200,institution,307950,현대오토에버,16210,20801,4591,6234386250,7968214750,1733828500,KRX MDCSTAT02401_OUT
recent2,KOSPI200,institution,012750,에스원,19668,40099,20431,1656186950,3381054250,1724867300,KRX MDCSTAT02401_OUT
recent2,KOSPI200,institution,139130,iM금융지주,101856,187990,86134,1869565480,3468036675,1598471195,KRX MDCSTAT02401_OUT
recent2,KOSPI200,institution,004370,농심,4284,8042,3758,1695541750,3201786000,1506244250,KRX MDCSTAT02401_OUT
recent2,KOSPI200,institution,008930,한미사이언스,79202,103602,24400,4512987300,5904681200,1391693900,KRX MDCSTAT02401_OUT
recent2,KOSPI200,institution,082740,한화엔진,186891,215388,28497,8737851850,10093600800,1355748950,KRX MDCSTAT02401_OUT
recent2,KOSPI200,institution,034230,파라다이스,64596,189522,124926,623084120,1860396895,1237312775,KRX MDCSTAT02401_OUT
recent2,KOSPI200,institution,111770,영원무역,23959,39627,15668,1644845950,2779865650,1135019700,KRX MDCSTAT02401_OUT
recent2,KOSPI200,institution,282330,BGF리테일,9483,16906,7423,1217188450,2176112800,958924350,KRX MDCSTAT02401_OUT
recent2,KOSPI200,institution,009240,한샘,5447,29163,23716,218974500,1174694300,955719800,KRX MDCSTAT02401_OUT
recent2,KOSPI200,institution,017960,한국카본,28238,64538,36300,578190325,1324256950,746066625,KRX MDCSTAT02401_OUT
recent2,KOSPI200,institution,088350,한화생명,404431,533241,128810,2151508605,2843622800,692114195,KRX MDCSTAT02401_OUT
recent2,KOSPI200,institution,022100,포스코DX,86663,113359,26696,1864409825,2454699675,590289850,KRX MDCSTAT02401_OUT
recent2,KOSPI200,institution,298020,효성티앤씨,9046,9849,803,2534600250,2829613250,295013000,KRX MDCSTAT02401_OUT
recent2,KOSPI200,institution,009970,영원무역홀딩스,8030,9460,1430,1329829400,1585139500,255310100,KRX MDCSTAT02401_OUT
recent2,KOSPI200,institution,326030,SK바이오팜,30635,33478,2843,2335280350,2557847700,222567350,KRX MDCSTAT02401_OUT
recent2,KOSPI200,institution,000210,DL,20954,25254,4300,1033255525,1248066400,214810875,KRX MDCSTAT02401_OUT
recent2,KOSPI200,institution,009420,한올바이오파마,114906,116696,1790,5369121925,5521534700,152412775,KRX MDCSTAT02401_OUT
recent2,KOSPI200,institution,457190,이수스페셜티케미컬,63159,65030,1871,5225610100,5365160200,139550100,KRX MDCSTAT02401_OUT
recent2,KOSPI200,institution,000240,한국앤컴퍼니,19291,24286,4995,488718475,616280500,127562025,KRX MDCSTAT02401_OUT
recent2,KOSPI200,institution,137310,에스디바이오센서,72660,88916,16256,483021820,588438530,105416710,KRX MDCSTAT02401_OUT
recent2,KOSPI200,institution,028670,팬오션,948571,962432,13861,5798845145,5902691630,103846485,KRX MDCSTAT02401_OUT
recent2,KOSPI200,institution,002030,아세아,904,1399,495,182963900,285102500,102138600,KRX MDCSTAT02401_OUT
recent2,KOSPI200,institution,008730,율촌화학,9474,15942,6468,147719730,249679690,101959960,KRX MDCSTAT02401_OUT
recent2,KOSPI200,institution,003240,태광산업,650,745,95,594044000,680778000,86734000,KRX MDCSTAT02401_OUT
recent2,KOSPI200,institution,002840,미원상사,1314,1786,472,179086900,243503500,64416600,KRX MDCSTAT02401_OUT
recent2,KOSPI200,institution,005420,코스모화학,37229,42322,5093,435186255,498824680,63638425,KRX MDCSTAT02401_OUT
recent2,KOSPI200,institution,007700,F&F홀딩스,945,768,-177,12710110,10326610,-2383500,KRX MDCSTAT02401_OUT
recent2,KOSPI200,institution,069260,TKG휴켐스,19865,19322,-543,315325815,307108115,-8217700,KRX MDCSTAT02401_OUT
recent2,KOSPI200,institution,003030,세아제강지주,5166,5052,-114,579184550,567921900,-11262650,KRX MDCSTAT02401_OUT
recent2,KOSPI200,institution,300720,한일시멘트,17312,16025,-1287,278313045,258018180,-20294865,KRX MDCSTAT02401_OUT
recent2,KOSPI200,institution,014820,동원시스템즈,8348,6704,-1644,181656000,146075850,-35580150,KRX MDCSTAT02401_OUT
recent2,KOSPI200,institution,007310,오뚜기,1218,1064,-154,383000250,335385000,-47615250,KRX MDCSTAT02401_OUT
recent2,KOSPI200,institution,073240,금호타이어,173041,164742,-8299,1159190900,1104057365,-55133535,KRX MDCSTAT02401_OUT
recent2,KOSPI200,institution,001680,대상,12969,9650,-3319,228668565,170268720,-58399845,KRX MDCSTAT02401_OUT
recent2,KOSPI200,institution,268280,미원에스씨,1303,782,-521,161586100,97883600,-63702500,KRX MDCSTAT02401_OUT
recent2,KOSPI200,institution,007070,GS리테일,31187,27337,-3850,690429250,606313750,-84115500,KRX MDCSTAT02401_OUT
recent2,KOSPI200,institution,001430,세아베스틸지주,85190,82263,-2927,3883551400,3789628050,-93923350,KRX MDCSTAT02401_OUT
recent2,KOSPI200,institution,006040,동원산업,8629,5758,-2871,301970850,202366900,-99603950,KRX MDCSTAT02401_OUT
recent2,KOSPI200,institution,298050,HS효성첨단소재,2698,2041,-657,439132400,333018450,-106113950,KRX MDCSTAT02401_OUT
recent2,KOSPI200,institution,001800,오리온홀딩스,34903,29343,-5560,785993200,664293950,-121699250,KRX MDCSTAT02401_OUT
recent2,KOSPI200,institution,006280,녹십자,14994,13771,-1223,1921467650,1771581950,-149885700,KRX MDCSTAT02401_OUT
recent2,KOSPI200,institution,003090,대웅,29277,18501,-10776,451324710,285787775,-165536935,KRX MDCSTAT02401_OUT
recent2,KOSPI200,institution,035250,강원랜드,82353,70373,-11980,1177540245,1006941540,-170598705,KRX MDCSTAT02401_OUT
recent2,KOSPI200,institution,139480,이마트,31356,28894,-2462,2244442100,2071279100,-173163000,KRX MDCSTAT02401_OUT
recent2,KOSPI200,institution,071320,지역난방공사,3547,1323,-2224,280107400,104604100,-175503300,KRX MDCSTAT02401_OUT
recent2,KOSPI200,institution,008770,호텔신라,37716,32955,-4761,1475254900,1293796825,-181458075,KRX MDCSTAT02401_OUT
recent2,KOSPI200,institution,026960,동서,30786,23333,-7453,827071925,628065900,-199006025,KRX MDCSTAT02401_OUT
recent2,KOSPI200,institution,005300,롯데칠성,4321,2169,-2152,410054400,206913500,-203140900,KRX MDCSTAT02401_OUT
recent2,KOSPI200,institution,036460,한국가스공사,44990,39089,-5901,1615156225,1404466475,-210689750,KRX MDCSTAT02401_OUT
recent2,KOSPI200,institution,000080,하이트진로,35231,19950,-15281,521594570,295544060,-226050510,KRX MDCSTAT02401_OUT
recent2,KOSPI200,institution,014680,한솔케미칼,36543,35492,-1051,10008318500,9751830750,-256487750,KRX MDCSTAT02401_OUT
recent2,KOSPI200,institution,000670,영풍,13191,6505,-6686,538265800,265150800,-273115000,KRX MDCSTAT02401_OUT
recent2,KOSPI200,institution,302440,SK바이오사이언스,32453,24892,-7561,1217664450,933967075,-283697375,KRX MDCSTAT02401_OUT
recent2,KOSPI200,institution,185750,종근당,8069,2968,-5101,530923100,195396050,-335527050,KRX MDCSTAT02401_OUT
recent2,KOSPI200,institution,011210,현대위아,21273,13113,-8160,1122277750,695464800,-426812950,KRX MDCSTAT02401_OUT
recent2,KOSPI200,institution,280360,롯데웰푸드,9360,5716,-3644,1121472200,691608950,-429863250,KRX MDCSTAT02401_OUT
recent2,KOSPI200,institution,175330,JB금융지주,264672,248489,-16183,7527649000,7081609850,-446039150,KRX MDCSTAT02401_OUT
recent2,KOSPI200,institution,285130,SK케미칼,23822,13512,-10310,1229287050,698489900,-530797150,KRX MDCSTAT02401_OUT
recent2,KOSPI200,institution,024110,기업은행,207113,179764,-27349,4168096225,3620421050,-547675175,KRX MDCSTAT02401_OUT
recent2,KOSPI200,institution,000810,삼성화재,30665,29706,-959,19287993500,18692321500,-595672000,KRX MDCSTAT02401_OUT
recent2,KOSPI200,institution,016360,삼성증권,132549,124684,-7865,11826467700,11185102650,-641365050,KRX MDCSTAT02401_OUT
recent2,KOSPI200,institution,004990,롯데지주,41568,13926,-27642,968830075,325615400,-643214675,KRX MDCSTAT02401_OUT
recent2,KOSPI200,institution,002790,아모레퍼시픽홀딩스,58483,30736,-27747,1473016400,792802775,-680213625,KRX MDCSTAT02401_OUT
recent2,KOSPI200,institution,377300,카카오페이,74836,56292,-18544,2993421200,2255241850,-738179350,KRX MDCSTAT02401_OUT
recent2,KOSPI200,institution,068270,셀트리온,179064,174583,-4481,32780840200,32034507400,-746332800,KRX MDCSTAT02401_OUT
recent2,KOSPI200,institution,0126Z0,삼성에피스홀딩스,6658,4631,-2027,2465469750,1714910750,-750559000,KRX MDCSTAT02401_OUT
recent2,KOSPI200,institution,069620,대웅제약,12107,5190,-6917,1320943900,567792600,-753151300,KRX MDCSTAT02401_OUT
recent2,KOSPI200,institution,029780,삼성카드,42623,23205,-19418,1781467375,969762575,-811704800,KRX MDCSTAT02401_OUT
recent2,KOSPI200,institution,192080,더블유게임즈,23206,8887,-14319,1320324850,507377850,-812947000,KRX MDCSTAT02401_OUT
recent2,KOSPI200,institution,000120,CJ대한통운,24315,11835,-12480,1703873600,830839450,-873034150,KRX MDCSTAT02401_OUT
recent2,KOSPI200,institution,241560,두산밥캣,64328,47836,-16492,3551383100,2643603450,-907779650,KRX MDCSTAT02401_OUT
recent2,KOSPI200,institution,007340,DN오토모티브,43350,24893,-18457,2154366200,1244101500,-910264700,KRX MDCSTAT02401_OUT
recent2,KOSPI200,institution,004000,롯데정밀화학,32605,11161,-21444,1388801175,476230600,-912570575,KRX MDCSTAT02401_OUT
recent2,KOSPI200,institution,002380,KCC,4427,2116,-2311,2098299250,1003428500,-1094870750,KRX MDCSTAT02401_OUT
recent2,KOSPI200,institution,051600,한전KPS,64305,36939,-27366,2890260375,1665260250,-1225000125,KRX MDCSTAT02401_OUT
recent2,KOSPI200,institution,017800,현대엘리베이터,34060,16124,-17936,2477538800,1172410050,-1305128750,KRX MDCSTAT02401_OUT
recent2,KOSPI200,institution,180640,한진칼,44239,33373,-10866,5869843400,4440180750,-1429662650,KRX MDCSTAT02401_OUT
recent2,KOSPI200,institution,251270,넷마블,128799,87101,-41698,4440353450,3007834275,-1432519175,KRX MDCSTAT02401_OUT
recent2,KOSPI200,institution,003490,대한항공,671772,623442,-48330,20700384275,19260945775,-1439438500,KRX MDCSTAT02401_OUT
recent2,KOSPI200,institution,138930,BNK금융지주,362123,269851,-92272,5709991190,4245053980,-1464937210,KRX MDCSTAT02401_OUT
recent2,KOSPI200,institution,051900,LG생활건강,36894,30897,-5997,9797881750,8328740750,-1469141000,KRX MDCSTAT02401_OUT
recent2,KOSPI200,institution,011170,롯데케미칼,43536,18440,-25096,2648993450,1124547250,-1524446200,KRX MDCSTAT02401_OUT
recent2,KOSPI200,institution,011780,금호석유화학,25485,11639,-13846,2973962600,1360181000,-1613781600,KRX MDCSTAT02401_OUT
recent2,KOSPI200,institution,006650,대한유화,23002,4922,-18080,2089406150,445873750,-1643532400,KRX MDCSTAT02401_OUT
recent2,KOSPI200,institution,000880,한화,31238,16769,-14469,3803000600,2077161700,-1725838900,KRX MDCSTAT02401_OUT
recent2,KOSPI200,institution,078930,GS,286307,264018,-22289,30535906150,28513576000,-2022330150,KRX MDCSTAT02401_OUT
recent2,KOSPI200,institution,000100,유한양행,116548,88974,-27574,8802847000,6735590350,-2067256650,KRX MDCSTAT02401_OUT
recent2,KOSPI200,institution,128940,한미약품,62218,57619,-4599,32225390000,30139174500,-2086215500,KRX MDCSTAT02401_OUT
recent2,KOSPI200,institution,030000,제일기획,193132,82297,-110835,3634816410,1546354630,-2088461780,KRX MDCSTAT02401_OUT
recent2,KOSPI200,institution,005850,에스엘,59100,18607,-40493,3052053800,960842450,-2091211350,KRX MDCSTAT02401_OUT
recent2,KOSPI200,institution,071970,HD현대마린엔진,58885,11602,-47283,2746505700,539614100,-2206891600,KRX MDCSTAT02401_OUT
recent2,KOSPI200,institution,271560,오리온,54115,32514,-21601,5713199600,3439316300,-2273883300,KRX MDCSTAT02401_OUT
recent2,KOSPI200,institution,454910,두산로보틱스,87012,54937,-32075,6395600750,4062919450,-2332681300,KRX MDCSTAT02401_OUT
recent2,KOSPI200,institution,079550,LIG디펜스앤에어로스페이스,69758,66844,-2914,48158824000,45780194000,-2378630000,KRX MDCSTAT02401_OUT
recent2,KOSPI200,institution,323410,카카오뱅크,429023,306110,-122913,8552372020,6101678295,-2450693725,KRX MDCSTAT02401_OUT
recent2,KOSPI200,institution,069960,현대백화점,38403,9017,-29386,3336704750,785998500,-2550706250,KRX MDCSTAT02401_OUT
recent2,KOSPI200,institution,001040,CJ,58538,38886,-19652,7650146600,5088866400,-2561280200,KRX MDCSTAT02401_OUT
recent2,KOSPI200,institution,120110,코오롱인더,100106,52025,-48081,5757334350,2980500550,-2776833800,KRX MDCSTAT02401_OUT
recent2,KOSPI200,institution,021240,코웨이,98406,68531,-29875,9884135650,6902432950,-2981702700,KRX MDCSTAT02401_OUT
recent2,KOSPI200,institution,259960,크래프톤,45058,29566,-15492,8995682800,5898845000,-3096837800,KRX MDCSTAT02401_OUT
recent2,KOSPI200,institution,375500,DL이앤씨,99688,57166,-42522,7335446450,4210720200,-3124726250,KRX MDCSTAT02401_OUT
recent2,KOSPI200,institution,011200,HMM,396216,235293,-160923,8459022475,5031265825,-3427756650,KRX MDCSTAT02401_OUT
recent2,KOSPI200,institution,034220,LG디스플레이,839369,426409,-412960,7094475525,3599000875,-3495474650,KRX MDCSTAT02401_OUT
recent2,KOSPI200,institution,005830,DB손해보험,78280,59114,-19166,14508237400,10983491200,-3524746200,KRX MDCSTAT02401_OUT
recent2,KOSPI200,institution,001450,현대해상,158159,80968,-77191,7489883500,3852141425,-3637742075,KRX MDCSTAT02401_OUT
recent2,KOSPI200,institution,006800,미래에셋증권,719798,586815,-132983,22588113325,18776803225,-3811310100,KRX MDCSTAT02401_OUT
recent2,KOSPI200,institution,023530,롯데쇼핑,60134,20253,-39881,5940037850,2005177800,-3934860050,KRX MDCSTAT02401_OUT
recent2,KOSPI200,institution,035720,카카오,420991,292368,-128623,14053254250,9777273275,-4275980975,KRX MDCSTAT02401_OUT
recent2,KOSPI200,institution,010130,고려아연,8766,4768,-3998,9452773000,5168986500,-4283786500,KRX MDCSTAT02401_OUT
recent2,KOSPI200,institution,450080,에코프로머티,296272,176249,-120023,11540599900,6884644425,-4655955475,KRX MDCSTAT02401_OUT
recent2,KOSPI200,institution,071050,한국금융지주,105252,77387,-27865,18592370300,13740239850,-4852130450,KRX MDCSTAT02401_OUT
recent2,KOSPI200,institution,009150,삼성전기,392722,389145,-3577,648831133000,643696377500,-5134755500,KRX MDCSTAT02401_OUT
recent2,KOSPI200,institution,093370,후성,692122,285907,-406215,10808360710,4526962105,-6281398605,KRX MDCSTAT02401_OUT
recent2,KOSPI200,institution,030200,KT,340274,207917,-132357,17527852150,10708884350,-6818967800,KRX MDCSTAT02401_OUT
recent2,KOSPI200,institution,010140,삼성중공업,1498561,1150860,-347701,29462982605,22597699130,-6865283475,KRX MDCSTAT02401_OUT
recent2,KOSPI200,institution,001440,대한전선,604900,372707,-232193,18740394075,11652006700,-7088387375,KRX MDCSTAT02401_OUT
recent2,KOSPI200,institution,086790,하나금융지주,326951,259649,-67302,42109650800,33473544250,-8636106550,KRX MDCSTAT02401_OUT
recent2,KOSPI200,institution,064400,LG씨엔에스,183491,57725,-125766,13219314600,4156420750,-9062893850,KRX MDCSTAT02401_OUT
recent2,KOSPI200,institution,207940,삼성바이오로직스,21169,14023,-7146,27358097000,18272778500,-9085318500,KRX MDCSTAT02401_OUT
recent2,KOSPI200,institution,005490,POSCO홀딩스,147133,115814,-31319,45900802500,36319482500,-9581320000,KRX MDCSTAT02401_OUT
recent2,KOSPI200,institution,204320,HL만도,252658,44843,-207815,11796960425,2103570675,-9693389750,KRX MDCSTAT02401_OUT
recent2,KOSPI200,institution,086280,현대글로비스,103699,51340,-52359,20094459750,10050245000,-10044214750,KRX MDCSTAT02401_OUT
recent2,KOSPI200,institution,047810,한국항공우주,198952,117698,-81254,24988592500,14898105100,-10090487400,KRX MDCSTAT02401_OUT
recent2,KOSPI200,institution,004170,신세계,46267,13656,-32611,14854958750,4398014250,-10456944500,KRX MDCSTAT02401_OUT
recent2,KOSPI200,institution,039490,키움증권,58343,16274,-42069,14723916250,4106785000,-10617131250,KRX MDCSTAT02401_OUT
recent2,KOSPI200,institution,047040,대우건설,1375593,727239,-648354,24305444930,12881154490,-11424290440,KRX MDCSTAT02401_OUT
recent2,KOSPI200,institution,000720,현대건설,313726,202855,-110871,35422830650,22862181100,-12560649550,KRX MDCSTAT02401_OUT
recent2,KOSPI200,institution,018260,삼성에스디에스,95305,35224,-60081,20209877250,7557965750,-12651911500,KRX MDCSTAT02401_OUT
recent2,KOSPI200,institution,042700,한미반도체,358981,309063,-49918,96806516526,84066016026,-12740500500,KRX MDCSTAT02401_OUT
recent2,KOSPI200,institution,443060,HD현대마린솔루션,81085,23195,-57890,17979757000,5178042250,-12801714750,KRX MDCSTAT02401_OUT
recent2,KOSPI200,institution,483650,달바글로벌,97952,22221,-75731,17796882550,4078086800,-13718795750,KRX MDCSTAT02401_OUT
recent2,KOSPI200,institution,267250,HD현대,135409,63581,-71828,26068772750,12249746250,-13819026500,KRX MDCSTAT02401_OUT
recent2,KOSPI200,institution,064350,현대로템,259438,133067,-126371,28704700250,14804033350,-13900666900,KRX MDCSTAT02401_OUT
recent2,KOSPI200,institution,035420,NAVER,282925,203882,-79043,53945768350,38917451150,-15028317200,KRX MDCSTAT02401_OUT
recent2,KOSPI200,institution,267270,HD건설기계,238621,102659,-135962,27456444200,11966196450,-15490247750,KRX MDCSTAT02401_OUT
recent2,KOSPI200,institution,034020,두산에너빌리티,1261989,1062050,-199939,102620769200,86301547800,-16319221400,KRX MDCSTAT02401_OUT
recent2,KOSPI200,institution,004020,현대제철,865066,276141,-588925,25187856975,8133902625,-17053954350,KRX MDCSTAT02401_OUT
recent2,KOSPI200,institution,103140,풍산,289305,39388,-249917,20353854850,2858086700,-17495768150,KRX MDCSTAT02401_OUT
recent2,KOSPI200,institution,028260,삼성물산,167513,110057,-57456,57342277250,37698408750,-19643868500,KRX MDCSTAT02401_OUT
recent2,KOSPI200,institution,267260,HD현대일렉트릭,73736,39922,-33814,48416549500,26679092000,-21737457500,KRX MDCSTAT02401_OUT
recent2,KOSPI200,institution,042660,한화오션,479445,183457,-295988,36586679450,13979595000,-22607084450,KRX MDCSTAT02401_OUT
recent2,KOSPI200,institution,007660,이수페타시스,544612,349344,-195268,68517809220,45014085820,-23503723400,KRX MDCSTAT02401_OUT
recent2,KOSPI200,institution,012450,한화에어로스페이스,82551,51254,-31297,83774047500,52059936000,-31714111500,KRX MDCSTAT02401_OUT
recent2,KOSPI200,institution,009540,HD한국조선해양,183883,79533,-104350,56883147000,24891650750,-31991496250,KRX MDCSTAT02401_OUT
recent2,KOSPI200,institution,006260,LS,201258,61090,-140168,58118099250,17737331000,-40380768250,KRX MDCSTAT02401_OUT
recent2,KOSPI200,institution,000270,기아,663947,239301,-424646,73747247700,26615408850,-47131838850,KRX MDCSTAT02401_OUT
recent2,KOSPI200,institution,000990,DB하이텍,432021,68561,-363460,59124151340,9481425490,-49642725850,KRX MDCSTAT02401_OUT
recent2,KOSPI200,institution,329180,HD현대중공업,249080,112676,-136404,101866367500,46098939000,-55767428500,KRX MDCSTAT02401_OUT
recent2,KOSPI200,institution,005380,현대차,354908,185412,-169496,121685868250,64134496500,-57551371750,KRX MDCSTAT02401_OUT
recent2,KOSPI200,institution,298040,효성중공업,34904,11491,-23413,93233534000,31175427500,-62058106500,KRX MDCSTAT02401_OUT
recent2,KOSPI200,institution,005930,삼성전자,13114256,12101293,-1012963,3580567995500,3308571372000,-271996623500,KRX MDCSTAT02401_OUT
recent2,KOSPI200,institution,000660,SK하이닉스,1750831,1497569,-253262,3093445382000,2645646513500,-447798868500,KRX MDCSTAT02401_OUT
recent2,KOSDAQ150,foreign,036930,주성엔지니어링,930614,1374651,444037,247416702750,364328464750,116911762000,KRX MDCSTAT02401_OUT
recent2,KOSDAQ150,foreign,067310,하나마이크론,1033114,1623867,590753,54185362700,85062434450,30877071750,KRX MDCSTAT02401_OUT
recent2,KOSDAQ150,foreign,222800,심텍,383153,543937,160784,66552027350,94886973250,28334945900,KRX MDCSTAT02401_OUT
recent2,KOSDAQ150,foreign,086520,에코프로,475314,741135,265821,44564282550,69503825300,24939542750,KRX MDCSTAT02401_OUT
recent2,KOSDAQ150,foreign,403870,HPSP,893578,1219154,325576,60423839450,82559413250,22135573800,KRX MDCSTAT02401_OUT
recent2,KOSDAQ150,foreign,039030,이오테크닉스,57273,91045,33772,30379163000,47919571000,17540408000,KRX MDCSTAT02401_OUT
recent2,KOSDAQ150,foreign,098460,고영,813014,1275498,462484,29289369000,45956538875,16667169875,KRX MDCSTAT02401_OUT
recent2,KOSDAQ150,foreign,204270,제이앤티씨,1393087,2024372,631285,35982166000,52140268100,16158102100,KRX MDCSTAT02401_OUT
recent2,KOSDAQ150,foreign,064760,티씨케이,24700,74615,49915,7195860500,21569371250,14373510750,KRX MDCSTAT02401_OUT
recent2,KOSDAQ150,foreign,095610,테스,173635,260561,86926,29679614000,43829510400,14149896400,KRX MDCSTAT02401_OUT
recent2,KOSDAQ150,foreign,214450,파마리서치,71656,117405,45749,21945520000,35850672000,13905152000,KRX MDCSTAT02401_OUT
recent2,KOSDAQ150,foreign,108490,로보티즈,103076,139079,36003,32424668000,43887512000,11462844000,KRX MDCSTAT02401_OUT
recent2,KOSDAQ150,foreign,058610,에스피지,120461,199296,78835,12604817850,21082851100,8478033250,KRX MDCSTAT02401_OUT
recent2,KOSDAQ150,foreign,096530,씨젠,355196,569216,214020,13847406800,22246541650,8399134850,KRX MDCSTAT02401_OUT
recent2,KOSDAQ150,foreign,087010,펩트론,232349,285059,52710,26008383550,32528141150,6519757600,KRX MDCSTAT02401_OUT
recent2,KOSDAQ150,foreign,056080,유진로봇,540343,1147714,607371,6948015685,13386940340,6438924655,KRX MDCSTAT02401_OUT
recent2,KOSDAQ150,foreign,030530,원익홀딩스,551617,750723,199106,16782113100,23100570925,6318457825,KRX MDCSTAT02401_OUT
recent2,KOSDAQ150,foreign,031980,피에스케이홀딩스,168084,199711,31627,33223487100,39466793750,6243306650,KRX MDCSTAT02401_OUT
recent2,KOSDAQ150,foreign,277810,레인보우로보틱스,35864,46043,10179,16460200250,21268423500,4808223250,KRX MDCSTAT02401_OUT
recent2,KOSDAQ150,foreign,095340,ISC,126486,149969,23483,25954349500,30756532500,4802183000,KRX MDCSTAT02401_OUT
recent2,KOSDAQ150,foreign,089030,테크윙,351069,412605,61536,19673867700,23135264250,3461396550,KRX MDCSTAT02401_OUT
recent2,KOSDAQ150,foreign,131290,티에스이,218339,229484,11145,68226604250,71681514000,3454909750,KRX MDCSTAT02401_OUT
recent2,KOSDAQ150,foreign,036540,SFA반도체,4167664,4481056,313392,48919662110,52272895415,3353233305,KRX MDCSTAT02401_OUT
recent2,KOSDAQ150,foreign,247540,에코프로비엠,437192,463455,26263,55306348700,58195697650,2889348950,KRX MDCSTAT02401_OUT
recent2,KOSDAQ150,foreign,090360,로보스타,45258,69160,23902,3647420200,5619224550,1971804350,KRX MDCSTAT02401_OUT
recent2,KOSDAQ150,foreign,475830,오름테라퓨틱,156715,251762,95047,3223978700,5170998550,1947019850,KRX MDCSTAT02401_OUT
recent2,KOSDAQ150,foreign,018290,브이티,175617,319019,143402,2323592280,4257189870,1933597590,KRX MDCSTAT02401_OUT
recent2,KOSDAQ150,foreign,068760,셀트리온제약,26229,70149,43920,1043292425,2787933300,1744640875,KRX MDCSTAT02401_OUT
recent2,KOSDAQ150,foreign,166090,하나머티리얼즈,81810,108814,27004,5218437200,6960717750,1742280550,KRX MDCSTAT02401_OUT
recent2,KOSDAQ150,foreign,056190,SFA,111280,162055,50775,3478692150,5064277275,1585585125,KRX MDCSTAT02401_OUT
recent2,KOSDAQ150,foreign,145020,휴젤,55123,62466,7343,10002204550,11327783950,1325579400,KRX MDCSTAT02401_OUT
recent2,KOSDAQ150,foreign,388720,유일로보틱스,11487,28682,17195,823617250,2067868250,1244251000,KRX MDCSTAT02401_OUT
recent2,KOSDAQ150,foreign,328130,루닛,341957,450813,108856,3792903115,4974576480,1181673365,KRX MDCSTAT02401_OUT
recent2,KOSDAQ150,foreign,025980,아난티,439943,634099,194156,2196994431,3169004467,972010036,KRX MDCSTAT02401_OUT
recent2,KOSDAQ150,foreign,348370,엔켐,146258,183678,37420,3475324525,4403182500,927857975,KRX MDCSTAT02401_OUT
recent2,KOSDAQ150,foreign,466100,클로봇,105083,134118,29035,2494632575,3222636825,728004250,KRX MDCSTAT02401_OUT
recent2,KOSDAQ150,foreign,420770,기가비스,32638,37969,5331,4467105650,5159556600,692450950,KRX MDCSTAT02401_OUT
recent2,KOSDAQ150,foreign,033100,제룡전기,96421,109563,13142,4853948550,5495428950,641480400,KRX MDCSTAT02401_OUT
recent2,KOSDAQ150,foreign,035900,JYP Ent.,167306,178977,11671,6438491850,6883420050,444928200,KRX MDCSTAT02401_OUT
recent2,KOSDAQ150,foreign,237690,에스티팜,69823,74393,4570,6749240850,7166033300,416792450,KRX MDCSTAT02401_OUT
recent2,KOSDAQ150,foreign,015750,성우하이텍,73079,131330,58251,437115570,785760075,348644505,KRX MDCSTAT02401_OUT
recent2,KOSDAQ150,foreign,278280,천보,20611,28604,7993,803463725,1118090475,314626750,KRX MDCSTAT02401_OUT
recent2,KOSDAQ150,foreign,225570,넥슨게임즈,115807,142873,27066,1239754255,1546895600,307141345,KRX MDCSTAT02401_OUT
recent2,KOSDAQ150,foreign,048410,현대바이오,626393,662064,35671,4504294080,4777147505,272853425,KRX MDCSTAT02401_OUT
recent2,KOSDAQ150,foreign,036620,감성코퍼레이션,94927,162454,67527,357683990,612282515,254598525,KRX MDCSTAT02401_OUT
recent2,KOSDAQ150,foreign,213420,덕산네오룩스,61559,68464,6905,1860228875,2073221975,212993100,KRX MDCSTAT02401_OUT
recent2,KOSDAQ150,foreign,215200,메가스터디교육,22799,27877,5078,865578150,1058731400,193153250,KRX MDCSTAT02401_OUT
recent2,KOSDAQ150,foreign,007390,네이처셀,91152,97730,6578,2261706425,2430499825,168793400,KRX MDCSTAT02401_OUT
recent2,KOSDAQ150,foreign,009520,포스코엠텍,81830,94554,12724,1095617480,1263547210,167929730,KRX MDCSTAT02401_OUT
recent2,KOSDAQ150,foreign,124500,아이티센글로벌,115878,121028,5150,3356020525,3521333150,165312625,KRX MDCSTAT02401_OUT
recent2,KOSDAQ150,foreign,253450,스튜디오드래곤,32347,38576,6229,671744575,801522350,129777775,KRX MDCSTAT02401_OUT
recent2,KOSDAQ150,foreign,211050,인카금융서비스,25181,37869,12688,246814210,372263510,125449300,KRX MDCSTAT02401_OUT
recent2,KOSDAQ150,foreign,352480,씨앤씨인터내셔널,5137,10738,5601,106456650,222782150,116325500,KRX MDCSTAT02401_OUT
recent2,KOSDAQ150,foreign,112040,위메이드,88513,95623,7110,1403466335,1511223670,107757335,KRX MDCSTAT02401_OUT
recent2,KOSDAQ150,foreign,067160,SOOP,37772,39615,1843,1385386300,1452982150,67595850,KRX MDCSTAT02401_OUT
recent2,KOSDAQ150,foreign,399720,가온칩스,43412,44351,939,2069193875,2110369525,41175650,KRX MDCSTAT02401_OUT
recent2,KOSDAQ150,foreign,025900,동화기업,56863,61016,4153,423931530,454727750,30796220,KRX MDCSTAT02401_OUT
recent2,KOSDAQ150,foreign,122870,와이지엔터테인먼트,75587,75755,168,3122705375,3141939200,19233825,KRX MDCSTAT02401_OUT
recent2,KOSDAQ150,foreign,025320,시노펙스,200630,195107,-5523,802789598,780546505,-22243093,KRX MDCSTAT02401_OUT
recent2,KOSDAQ150,foreign,101730,위메이드맥스,893466,908957,15491,4663956428,4641386542,-22569886,KRX MDCSTAT02401_OUT
recent2,KOSDAQ150,foreign,194480,데브시스터즈,23881,20365,-3516,334446905,285403820,-49043085,KRX MDCSTAT02401_OUT
recent2,KOSDAQ150,foreign,183300,코미코,334609,332784,-1825,11350458175,11260174900,-90283275,KRX MDCSTAT02401_OUT
recent2,KOSDAQ150,foreign,131970,두산테스나,238839,239531,692,27401816150,27275211050,-126605100,KRX MDCSTAT02401_OUT
recent2,KOSDAQ150,foreign,195940,HK이노엔,68248,63297,-4951,2792889350,2589420775,-203468575,KRX MDCSTAT02401_OUT
recent2,KOSDAQ150,foreign,263750,펄어비스,90891,83977,-6914,3022684350,2796635475,-226048875,KRX MDCSTAT02401_OUT
recent2,KOSDAQ150,foreign,060370,LS마린솔루션,133995,126877,-7118,4598372550,4353816200,-244556350,KRX MDCSTAT02401_OUT
recent2,KOSDAQ150,foreign,095660,네오위즈,45958,31940,-14018,835327905,581402650,-253925255,KRX MDCSTAT02401_OUT
recent2,KOSDAQ150,foreign,376300,디어유,99658,85305,-14353,1874952910,1615076405,-259876505,KRX MDCSTAT02401_OUT
recent2,KOSDAQ150,foreign,125490,한라캐스트,825519,800981,-24538,11223213010,10958940220,-264272790,KRX MDCSTAT02401_OUT
recent2,KOSDAQ150,foreign,006730,서부T&D,307708,283800,-23908,3604735560,3314814655,-289920905,KRX MDCSTAT02401_OUT
recent2,KOSDAQ150,foreign,033500,동성화인텍,81561,63608,-17953,1307902495,1016012025,-291890470,KRX MDCSTAT02401_OUT
recent2,KOSDAQ150,foreign,060250,NHN KCP,153937,132109,-21828,2102874425,1800244855,-302629570,KRX MDCSTAT02401_OUT
recent2,KOSDAQ150,foreign,032190,다우데이타,55605,39371,-16234,1067417495,760652730,-306764765,KRX MDCSTAT02401_OUT
recent2,KOSDAQ150,foreign,052400,코나아이,34538,25300,-9238,1267798000,929826200,-337971800,KRX MDCSTAT02401_OUT
recent2,KOSDAQ150,foreign,121600,나노신소재,79651,74222,-5429,5045606450,4702282650,-343323800,KRX MDCSTAT02401_OUT
recent2,KOSDAQ150,foreign,041190,우리기술투자,947910,891017,-56893,5870501220,5519848845,-350652375,KRX MDCSTAT02401_OUT
recent2,KOSDAQ150,foreign,069080,웹젠,97166,65814,-31352,1166228735,787881290,-378347445,KRX MDCSTAT02401_OUT
recent2,KOSDAQ150,foreign,060280,큐렉소,221860,179427,-42433,1989306850,1599805845,-389501005,KRX MDCSTAT02401_OUT
recent2,KOSDAQ150,foreign,214370,케어젠,96632,87428,-9204,4273785350,3873629100,-400156250,KRX MDCSTAT02401_OUT
recent2,KOSDAQ150,foreign,0009K0,에임드바이오,93341,77537,-15804,2408617500,2003294675,-405322825,KRX MDCSTAT02401_OUT
recent2,KOSDAQ150,foreign,085660,차바이오텍,143915,96366,-47549,1245408005,832138920,-413269085,KRX MDCSTAT02401_OUT
recent2,KOSDAQ150,foreign,041510,에스엠,62400,56808,-5592,4926824750,4491811150,-435013600,KRX MDCSTAT02401_OUT
recent2,KOSDAQ150,foreign,082920,비츠로셀,259761,244822,-14939,7738621750,7302437900,-436183850,KRX MDCSTAT02401_OUT
recent2,KOSDAQ150,foreign,014620,성광벤드,117044,102534,-14510,3501213100,3063478100,-437735000,KRX MDCSTAT02401_OUT
recent2,KOSDAQ150,foreign,082270,젬백스,104793,64787,-40006,1170899470,724188185,-446711285,KRX MDCSTAT02401_OUT
recent2,KOSDAQ150,foreign,035760,CJ ENM,53582,38030,-15552,1864141075,1330121950,-534019125,KRX MDCSTAT02401_OUT
recent2,KOSDAQ150,foreign,293490,카카오게임즈,310696,256055,-54641,3135337865,2593117655,-542220210,KRX MDCSTAT02401_OUT
recent2,KOSDAQ150,foreign,272290,이녹스첨단소재,63627,39032,-24595,1436401100,879955200,-556445900,KRX MDCSTAT02401_OUT
recent2,KOSDAQ150,foreign,078340,컴투스,52688,36630,-16058,1967332075,1367091100,-600240975,KRX MDCSTAT02401_OUT
recent2,KOSDAQ150,foreign,043260,성호전자,1749236,1730097,-19139,57846002725,57190031250,-655971475,KRX MDCSTAT02401_OUT
recent2,KOSDAQ150,foreign,042000,카페24,430717,403863,-26854,9799985050,9142657525,-657327525,KRX MDCSTAT02401_OUT
recent2,KOSDAQ150,foreign,171090,선익시스템,27410,18859,-8551,2059495000,1396991600,-662503400,KRX MDCSTAT02401_OUT
recent2,KOSDAQ150,foreign,084370,유진테크,235086,232562,-2524,41206014950,40541028550,-664986400,KRX MDCSTAT02401_OUT
recent2,KOSDAQ150,foreign,161580,필옵틱스,213118,198017,-15101,8945415325,8269319450,-676095875,KRX MDCSTAT02401_OUT
recent2,KOSDAQ150,foreign,214150,클래시스,149845,125859,-23986,4655864950,3914154375,-741710575,KRX MDCSTAT02401_OUT
recent2,KOSDAQ150,foreign,358570,지아이이노베이션,233972,150684,-83288,2115906400,1370184595,-745721805,KRX MDCSTAT02401_OUT
recent2,KOSDAQ150,foreign,003380,하림지주,345967,274991,-70976,4017516825,3181940450,-835576375,KRX MDCSTAT02401_OUT
recent2,KOSDAQ150,foreign,232140,와이씨,1717028,1673412,-43616,30302489485,29450404445,-852085040,KRX MDCSTAT02401_OUT
recent2,KOSDAQ150,foreign,090710,휴림로봇,916206,776142,-140064,5990267335,5129111580,-861155755,KRX MDCSTAT02401_OUT
recent2,KOSDAQ150,foreign,032500,케이엠더블유,163811,122430,-41381,3396801075,2526316550,-870484525,KRX MDCSTAT02401_OUT
recent2,KOSDAQ150,foreign,065350,신성델타테크,75920,44844,-31076,2533201375,1503604975,-1029596400,KRX MDCSTAT02401_OUT
recent2,KOSDAQ150,foreign,137400,피엔티,115734,84128,-31606,3817859825,2769352550,-1048507275,KRX MDCSTAT02401_OUT
recent2,KOSDAQ150,foreign,140860,파크시스템스,54601,50539,-4062,16730331250,15438577500,-1291753750,KRX MDCSTAT02401_OUT
recent2,KOSDAQ150,foreign,036830,솔브레인홀딩스,58722,26610,-32112,2856057300,1286590725,-1569466575,KRX MDCSTAT02401_OUT
recent2,KOSDAQ150,foreign,074600,원익QnC,119020,70489,-48531,3865008850,2275497400,-1589511450,KRX MDCSTAT02401_OUT
recent2,KOSDAQ150,foreign,036810,에프에스티,127156,81404,-45752,4522298675,2869734900,-1652563775,KRX MDCSTAT02401_OUT
recent2,KOSDAQ150,foreign,214430,아이쓰리시스템,36118,15157,-20961,2895711000,1213864500,-1681846500,KRX MDCSTAT02401_OUT
recent2,KOSDAQ150,foreign,348210,넥스틴,96855,42506,-54349,3826979950,1678141775,-2148838175,KRX MDCSTAT02401_OUT
recent2,KOSDAQ150,foreign,437730,삼현,219196,177179,-42017,11435376800,9232812900,-2202563900,KRX MDCSTAT02401_OUT
recent2,KOSDAQ150,foreign,039200,오스코텍,136583,81500,-55083,5379537450,3157417750,-2222119700,KRX MDCSTAT02401_OUT
recent2,KOSDAQ150,foreign,281740,레이크머티리얼즈,433199,258990,-174209,5586364980,3350491605,-2235873375,KRX MDCSTAT02401_OUT
recent2,KOSDAQ150,foreign,030520,한컴,271085,146374,-124711,4929114280,2670493070,-2258621210,KRX MDCSTAT02401_OUT
recent2,KOSDAQ150,foreign,251970,펌텍코리아,180310,141263,-39047,11686960250,9158003800,-2528956450,KRX MDCSTAT02401_OUT
recent2,KOSDAQ150,foreign,445680,큐리옥스바이오시스템즈,89220,43654,-45566,5425675150,2676191900,-2749483250,KRX MDCSTAT02401_OUT
recent2,KOSDAQ150,foreign,295310,에이치브이엠,129900,91997,-37903,9704335200,6856457700,-2847877500,KRX MDCSTAT02401_OUT
recent2,KOSDAQ150,foreign,253590,네오셈,842428,638865,-203563,13517906480,10243478785,-3274427695,KRX MDCSTAT02401_OUT
recent2,KOSDAQ150,foreign,218410,RFHIC,257948,204900,-53048,15890740750,12468053650,-3422687100,KRX MDCSTAT02401_OUT
recent2,KOSDAQ150,foreign,083650,비에이치아이,180197,113827,-66370,10524088750,6619786900,-3904301850,KRX MDCSTAT02401_OUT
recent2,KOSDAQ150,foreign,310210,보로노이,67320,39228,-28092,10199848250,5980127600,-4219720650,KRX MDCSTAT02401_OUT
recent2,KOSDAQ150,foreign,319400,현대무벡스,427731,222496,-205235,8898700800,4675031625,-4223669175,KRX MDCSTAT02401_OUT
recent2,KOSDAQ150,foreign,241710,코스메카코리아,250610,215539,-35071,27820690550,23445690650,-4374999900,KRX MDCSTAT02401_OUT
recent2,KOSDAQ150,foreign,100790,미래에셋벤처투자,633711,369400,-264311,11493461685,6917874725,-4575586960,KRX MDCSTAT02401_OUT
recent2,KOSDAQ150,foreign,032820,우리기술,1557565,1154835,-402730,20012931045,14811978955,-5200952090,KRX MDCSTAT02401_OUT
recent2,KOSDAQ150,foreign,290650,엘앤씨바이오,249185,139935,-109250,13995342800,7794304900,-6201037900,KRX MDCSTAT02401_OUT
recent2,KOSDAQ150,foreign,050890,쏠리드,1077791,452751,-625040,11313198400,4717803175,-6595395225,KRX MDCSTAT02401_OUT
recent2,KOSDAQ150,foreign,323280,태성,267886,158150,-109736,16394701950,9678449900,-6716252050,KRX MDCSTAT02401_OUT
recent2,KOSDAQ150,foreign,028300,HLB,2375544,2222750,-152794,113107483575,106008312000,-7099171575,KRX MDCSTAT02401_OUT
recent2,KOSDAQ150,foreign,141080,리가켐바이오,215939,116255,-99684,17952230850,9680057400,-8272173450,KRX MDCSTAT02401_OUT
recent2,KOSDAQ150,foreign,417200,LS머트리얼즈,1227207,667968,-559239,19164409345,10458311820,-8706097525,KRX MDCSTAT02401_OUT
recent2,KOSDAQ150,foreign,189300,인텔리안테크,180549,58339,-122210,13204119200,4294561300,-8909557900,KRX MDCSTAT02401_OUT
recent2,KOSDAQ150,foreign,298380,에이비엘바이오,338936,165128,-173808,17768431400,8635669350,-9132762050,KRX MDCSTAT02401_OUT
recent2,KOSDAQ150,foreign,257720,실리콘투,498399,250717,-247682,18515630850,9271139200,-9244491650,KRX MDCSTAT02401_OUT
recent2,KOSDAQ150,foreign,196170,알테오젠,157258,119570,-37688,40958440750,31140985500,-9817455250,KRX MDCSTAT02401_OUT
recent2,KOSDAQ150,foreign,178320,서진시스템,658616,421157,-237459,27713556475,17663892375,-10049664100,KRX MDCSTAT02401_OUT
recent2,KOSDAQ150,foreign,005290,동진쎄미켐,363525,156739,-206786,18850552100,8097642050,-10752910050,KRX MDCSTAT02401_OUT
recent2,KOSDAQ150,foreign,099320,쎄트렉아이,183771,49711,-134060,14797300850,4008654000,-10788646850,KRX MDCSTAT02401_OUT
recent2,KOSDAQ150,foreign,053800,안랩,363633,239917,-123716,31597719150,20785106650,-10812612500,KRX MDCSTAT02401_OUT
recent2,KOSDAQ150,foreign,078600,대주전자재료,218263,116331,-101932,24434869550,13006015400,-11428854150,KRX MDCSTAT02401_OUT
recent2,KOSDAQ150,foreign,347850,디앤디파마텍,713001,439615,-273386,33006192875,20229283500,-12776909375,KRX MDCSTAT02401_OUT
recent2,KOSDAQ150,foreign,089970,브이엠,490347,285370,-204977,33211839150,19302842650,-13908996500,KRX MDCSTAT02401_OUT
recent2,KOSDAQ150,foreign,101490,에스앤에스텍,398184,119606,-278578,21313252400,6344539350,-14968713050,KRX MDCSTAT02401_OUT
recent2,KOSDAQ150,foreign,038500,삼표시멘트,5118919,2941701,-2177218,40532204105,23187378870,-17344825235,KRX MDCSTAT02401_OUT
recent2,KOSDAQ150,foreign,226950,올릭스,234392,78298,-156094,28854288900,9591272300,-19263016600,KRX MDCSTAT02401_OUT
recent2,KOSDAQ150,foreign,240810,원익IPS,756006,572962,-183044,103837985650,78418646400,-25419339250,KRX MDCSTAT02401_OUT
recent2,KOSDAQ150,foreign,080220,제주반도체,1172405,732926,-439479,105376333250,65721967050,-39654366200,KRX MDCSTAT02401_OUT
recent2,KOSDAQ150,foreign,000250,삼천당제약,320648,147963,-172685,77237117750,35338213750,-41898904000,KRX MDCSTAT02401_OUT
recent2,KOSDAQ150,foreign,058470,리노공업,1293720,396209,-897511,112352124800,34298303350,-78053821450,KRX MDCSTAT02401_OUT
recent2,KOSDAQ150,institution,058470,리노공업,407929,1172230,764301,35346484728,101847414828,66500930100,KRX MDCSTAT02401_OUT
recent2,KOSDAQ150,institution,226950,올릭스,108633,277600,168967,13327234050,34166824900,20839590850,KRX MDCSTAT02401_OUT
recent2,KOSDAQ150,institution,086520,에코프로,402927,500130,97203,37600352750,46842656050,9242303300,KRX MDCSTAT02401_OUT
recent2,KOSDAQ150,institution,247540,에코프로비엠,190582,255459,64877,23965210750,32219310950,8254100200,KRX MDCSTAT02401_OUT
recent2,KOSDAQ150,institution,257720,실리콘투,168324,375571,207247,6170732750,14050660125,7879927375,KRX MDCSTAT02401_OUT
recent2,KOSDAQ150,institution,108490,로보티즈,42949,65543,22594,13469505750,20689909250,7220403500,KRX MDCSTAT02401_OUT
recent2,KOSDAQ150,institution,028300,HLB,299749,448876,149127,14337964000,21266053350,6928089350,KRX MDCSTAT02401_OUT
recent2,KOSDAQ150,institution,241710,코스메카코리아,115724,171668,55944,12308341050,19234703150,6926362100,KRX MDCSTAT02401_OUT
recent2,KOSDAQ150,institution,277810,레인보우로보틱스,12896,27534,14638,5941152000,12753297000,6812145000,KRX MDCSTAT02401_OUT
recent2,KOSDAQ150,institution,140860,파크시스템스,8490,29920,21430,2583683250,9224148500,6640465250,KRX MDCSTAT02401_OUT
recent2,KOSDAQ150,institution,417200,LS머트리얼즈,339425,740722,401297,5313692030,11629889670,6316197640,KRX MDCSTAT02401_OUT
recent2,KOSDAQ150,institution,039200,오스코텍,22872,164521,141649,894156275,6448727725,5554571450,KRX MDCSTAT02401_OUT
recent2,KOSDAQ150,institution,295310,에이치브이엠,95340,163701,68361,7046299750,12270762050,5224462300,KRX MDCSTAT02401_OUT
recent2,KOSDAQ150,institution,121600,나노신소재,25784,103561,77777,1637043500,6604113800,4967070300,KRX MDCSTAT02401_OUT
recent2,KOSDAQ150,institution,290650,엘앤씨바이오,64238,151361,87123,3647558600,8593605800,4946047200,KRX MDCSTAT02401_OUT
recent2,KOSDAQ150,institution,253590,네오셈,17835,318204,300369,287205855,5148239100,4861033245,KRX MDCSTAT02401_OUT
recent2,KOSDAQ150,institution,251970,펌텍코리아,66604,127274,60670,4398842850,8289059200,3890216350,KRX MDCSTAT02401_OUT
recent2,KOSDAQ150,institution,178320,서진시스템,70855,158320,87465,2981064650,6691863050,3710798400,KRX MDCSTAT02401_OUT
recent2,KOSDAQ150,institution,078600,대주전자재료,44403,74057,29654,4955429750,8313217200,3357787450,KRX MDCSTAT02401_OUT
recent2,KOSDAQ150,institution,096530,씨젠,77276,162395,85119,2989899825,6298298050,3308398225,KRX MDCSTAT02401_OUT
recent2,KOSDAQ150,institution,056080,유진로봇,60720,308138,247418,777971310,3768089320,2990118010,KRX MDCSTAT02401_OUT
recent2,KOSDAQ150,institution,237690,에스티팜,56517,82344,25827,5439859400,7940729250,2500869850,KRX MDCSTAT02401_OUT
recent2,KOSDAQ150,institution,005290,동진쎄미켐,178799,223500,44701,9262918650,11590435050,2327516400,KRX MDCSTAT02401_OUT
recent2,KOSDAQ150,institution,036810,에프에스티,15140,79487,64347,539193575,2852358025,2313164450,KRX MDCSTAT02401_OUT
recent2,KOSDAQ150,institution,323280,태성,20475,54748,34273,1246623200,3331858250,2085235050,KRX MDCSTAT02401_OUT
recent2,KOSDAQ150,institution,042000,카페24,23097,110873,87776,522083800,2535857125,2013773325,KRX MDCSTAT02401_OUT
recent2,KOSDAQ150,institution,347850,디앤디파마텍,55026,96467,41441,2519506200,4466602375,1947096175,KRX MDCSTAT02401_OUT
recent2,KOSDAQ150,institution,293490,카카오게임즈,79499,242819,163320,802104835,2450276675,1648171840,KRX MDCSTAT02401_OUT
recent2,KOSDAQ150,institution,189300,인텔리안테크,19708,39653,19945,1434527900,2918945100,1484417200,KRX MDCSTAT02401_OUT
recent2,KOSDAQ150,institution,074600,원익QnC,99596,144937,45341,3226830675,4701322200,1474491525,KRX MDCSTAT02401_OUT
recent2,KOSDAQ150,institution,006730,서부T&D,162671,271761,109090,1889750280,3182156115,1292405835,KRX MDCSTAT02401_OUT
recent2,KOSDAQ150,institution,281740,레이크머티리얼즈,78299,155824,77525,1010810245,2011606605,1000796360,KRX MDCSTAT02401_OUT
recent2,KOSDAQ150,institution,310210,보로노이,19036,25425,6389,2892628550,3884939750,992311200,KRX MDCSTAT02401_OUT
recent2,KOSDAQ150,institution,161580,필옵틱스,11811,34206,22395,492672600,1431509450,938836850,KRX MDCSTAT02401_OUT
recent2,KOSDAQ150,institution,098460,고영,310412,334661,24249,11188597175,12094672175,906075000,KRX MDCSTAT02401_OUT
recent2,KOSDAQ150,institution,003380,하림지주,133341,210653,77312,1547359620,2439531915,892172295,KRX MDCSTAT02401_OUT
recent2,KOSDAQ150,institution,033100,제룡전기,13722,30246,16524,688395750,1516585450,828189700,KRX MDCSTAT02401_OUT
recent2,KOSDAQ150,institution,214370,케어젠,14291,32126,17835,626510950,1428389250,801878300,KRX MDCSTAT02401_OUT
recent2,KOSDAQ150,institution,041510,에스엠,36917,46162,9245,2924626700,3659254100,734627400,KRX MDCSTAT02401_OUT
recent2,KOSDAQ150,institution,125490,한라캐스트,10512,62592,52080,140856010,852832345,711976335,KRX MDCSTAT02401_OUT
recent2,KOSDAQ150,institution,030530,원익홀딩스,23142,46089,22947,696534625,1399406175,702871550,KRX MDCSTAT02401_OUT
recent2,KOSDAQ150,institution,099320,쎄트렉아이,6516,14829,8313,524349200,1202717600,678368400,KRX MDCSTAT02401_OUT
recent2,KOSDAQ150,institution,035900,JYP Ent.,36377,52965,16588,1398373725,2034956925,636583200,KRX MDCSTAT02401_OUT
recent2,KOSDAQ150,institution,445680,큐리옥스바이오시스템즈,15723,25043,9320,958496850,1539203550,580706700,KRX MDCSTAT02401_OUT
recent2,KOSDAQ150,institution,041190,우리기술투자,19637,112597,92960,121552420,701574680,580022260,KRX MDCSTAT02401_OUT
recent2,KOSDAQ150,institution,225570,넥슨게임즈,29864,76527,46663,321093340,828297900,507204560,KRX MDCSTAT02401_OUT
recent2,KOSDAQ150,institution,089970,브이엠,267136,271608,4472,18044485600,18503366750,458881150,KRX MDCSTAT02401_OUT
recent2,KOSDAQ150,institution,263750,펄어비스,37563,51121,13558,1249514675,1703929975,454415300,KRX MDCSTAT02401_OUT
recent2,KOSDAQ150,institution,018290,브이티,31035,64791,33756,412872340,866327370,453455030,KRX MDCSTAT02401_OUT
recent2,KOSDAQ150,institution,0009K0,에임드바이오,30928,47786,16858,798246475,1236050700,437804225,KRX MDCSTAT02401_OUT
recent2,KOSDAQ150,institution,007390,네이처셀,21623,38066,16443,536062000,946262800,410200800,KRX MDCSTAT02401_OUT
recent2,KOSDAQ150,institution,014620,성광벤드,61936,75539,13603,1853239500,2260788450,407548950,KRX MDCSTAT02401_OUT
recent2,KOSDAQ150,institution,137400,피엔티,28950,40923,11973,954864550,1353810575,398946025,KRX MDCSTAT02401_OUT
recent2,KOSDAQ150,institution,214430,아이쓰리시스템,4815,9510,4695,384110200,758887950,374777750,KRX MDCSTAT02401_OUT
recent2,KOSDAQ150,institution,215200,메가스터디교육,9243,18938,9695,349640150,718943500,369303350,KRX MDCSTAT02401_OUT
recent2,KOSDAQ150,institution,031980,피에스케이홀딩스,137635,137540,-95,27048373450,27411583200,363209750,KRX MDCSTAT02401_OUT
recent2,KOSDAQ150,institution,050890,쏠리드,32454,64060,31606,338169255,669149845,330980590,KRX MDCSTAT02401_OUT
recent2,KOSDAQ150,institution,078340,컴투스,22784,31430,8646,847162800,1174892800,327730000,KRX MDCSTAT02401_OUT
recent2,KOSDAQ150,institution,032820,우리기술,124298,148511,24213,1581807305,1901585315,319778010,KRX MDCSTAT02401_OUT
recent2,KOSDAQ150,institution,035760,CJ ENM,15711,24593,8882,548119350,863884350,315765000,KRX MDCSTAT02401_OUT
recent2,KOSDAQ150,institution,036830,솔브레인홀딩스,20121,26583,6462,980140125,1294744925,314604800,KRX MDCSTAT02401_OUT
recent2,KOSDAQ150,institution,095660,네오위즈,14420,29913,15493,261832780,544282460,282449680,KRX MDCSTAT02401_OUT
recent2,KOSDAQ150,institution,068760,셀트리온제약,8405,14885,6480,333077875,593532450,260454575,KRX MDCSTAT02401_OUT
recent2,KOSDAQ150,institution,348370,엔켐,36899,46117,9218,879478500,1109318500,229840000,KRX MDCSTAT02401_OUT
recent2,KOSDAQ150,institution,085660,차바이오텍,52706,79037,26331,455543440,684960330,229416890,KRX MDCSTAT02401_OUT
recent2,KOSDAQ150,institution,100790,미래에셋벤처투자,8902,21365,12463,160285250,389069685,228784435,KRX MDCSTAT02401_OUT
recent2,KOSDAQ150,institution,328130,루닛,29601,50152,20551,327591030,555887470,228296440,KRX MDCSTAT02401_OUT
recent2,KOSDAQ150,institution,358570,지아이이노베이션,28335,49741,21406,253939185,453090140,199150955,KRX MDCSTAT02401_OUT
recent2,KOSDAQ150,institution,211050,인카금융서비스,26207,45820,19613,256750140,448749960,191999820,KRX MDCSTAT02401_OUT
recent2,KOSDAQ150,institution,101490,에스앤에스텍,51081,54438,3357,2729993700,2907863300,177869600,KRX MDCSTAT02401_OUT
recent2,KOSDAQ150,institution,048410,현대바이오,120876,143460,22584,868936285,1034122485,165186200,KRX MDCSTAT02401_OUT
recent2,KOSDAQ150,institution,065350,신성델타테크,12454,16926,4472,413971400,563777000,149805600,KRX MDCSTAT02401_OUT
recent2,KOSDAQ150,institution,032500,케이엠더블유,19201,26009,6808,394221125,538814185,144593060,KRX MDCSTAT02401_OUT
recent2,KOSDAQ150,institution,009520,포스코엠텍,46629,57101,10472,621539870,762060590,140520720,KRX MDCSTAT02401_OUT
recent2,KOSDAQ150,institution,030520,한컴,42292,49455,7163,766880830,902761785,135880955,KRX MDCSTAT02401_OUT
recent2,KOSDAQ150,institution,069080,웹젠,28923,39662,10739,345655270,475068700,129413430,KRX MDCSTAT02401_OUT
recent2,KOSDAQ150,institution,082270,젬백스,16402,27062,10660,182252440,303917830,121665390,KRX MDCSTAT02401_OUT
recent2,KOSDAQ150,institution,038500,삼표시멘트,388243,401962,13719,3037079490,3153236425,116156935,KRX MDCSTAT02401_OUT
recent2,KOSDAQ150,institution,025980,아난티,31760,51196,19436,158796252,256215683,97419431,KRX MDCSTAT02401_OUT
recent2,KOSDAQ150,institution,025320,시노펙스,29468,50807,21339,117723680,203613220,85889540,KRX MDCSTAT02401_OUT
recent2,KOSDAQ150,institution,399720,가온칩스,3971,5745,1774,188906675,272452625,83545950,KRX MDCSTAT02401_OUT
recent2,KOSDAQ150,institution,278280,천보,4458,6156,1698,173662575,239662225,65999650,KRX MDCSTAT02401_OUT
recent2,KOSDAQ150,institution,253450,스튜디오드래곤,14291,17327,3036,296239100,361557700,65318600,KRX MDCSTAT02401_OUT
recent2,KOSDAQ150,institution,090360,로보스타,5966,6768,802,481090900,544548000,63457100,KRX MDCSTAT02401_OUT
recent2,KOSDAQ150,institution,122870,와이지엔터테인먼트,33842,35351,1509,1404643475,1466874500,62231025,KRX MDCSTAT02401_OUT
recent2,KOSDAQ150,institution,015750,성우하이텍,27244,34786,7542,162733480,208183870,45450390,KRX MDCSTAT02401_OUT
recent2,KOSDAQ150,institution,101730,위메이드맥스,10366,17642,7276,49516135,85436375,35920240,KRX MDCSTAT02401_OUT
recent2,KOSDAQ150,institution,376300,디어유,37718,38870,1152,708986905,731801880,22814975,KRX MDCSTAT02401_OUT
recent2,KOSDAQ150,institution,194480,데브시스터즈,11149,12650,1501,155982570,177774830,21792260,KRX MDCSTAT02401_OUT
recent2,KOSDAQ150,institution,032190,다우데이타,15528,16413,885,299467090,317771525,18304435,KRX MDCSTAT02401_OUT
recent2,KOSDAQ150,institution,166090,하나머티리얼즈,63868,63874,6,4069799650,4076977700,7178050,KRX MDCSTAT02401_OUT
recent2,KOSDAQ150,institution,145020,휴젤,10355,10207,-148,1874694350,1872140800,-2553550,KRX MDCSTAT02401_OUT
recent2,KOSDAQ150,institution,131290,티에스이,64279,64055,-224,19496085000,19488377500,-7707500,KRX MDCSTAT02401_OUT
recent2,KOSDAQ150,institution,036620,감성코퍼레이션,131498,128454,-3044,494062245,485212520,-8849725,KRX MDCSTAT02401_OUT
recent2,KOSDAQ150,institution,272290,이녹스첨단소재,21829,20967,-862,492557750,472891900,-19665850,KRX MDCSTAT02401_OUT
recent2,KOSDAQ150,institution,053800,안랩,15577,15013,-564,1335651150,1314756250,-20894900,KRX MDCSTAT02401_OUT
recent2,KOSDAQ150,institution,060250,NHN KCP,17479,15874,-1605,238366445,217298130,-21068315,KRX MDCSTAT02401_OUT
recent2,KOSDAQ150,institution,025900,동화기업,16905,12105,-4800,125691660,90365710,-35325950,KRX MDCSTAT02401_OUT
recent2,KOSDAQ150,institution,112040,위메이드,57889,55494,-2395,914716790,877187385,-37529405,KRX MDCSTAT02401_OUT
recent2,KOSDAQ150,institution,352480,씨앤씨인터내셔널,7052,2598,-4454,146147350,53979150,-92168200,KRX MDCSTAT02401_OUT
recent2,KOSDAQ150,institution,067160,SOOP,13939,11358,-2581,511043175,416998200,-94044975,KRX MDCSTAT02401_OUT
recent2,KOSDAQ150,institution,348210,넥스틴,26853,22773,-4080,1045922825,904241475,-141681350,KRX MDCSTAT02401_OUT
recent2,KOSDAQ150,institution,056190,SFA,80010,73813,-6197,2506303325,2322645125,-183658200,KRX MDCSTAT02401_OUT
recent2,KOSDAQ150,institution,033500,동성화인텍,29897,14051,-15846,473644790,225359435,-248285355,KRX MDCSTAT02401_OUT
recent2,KOSDAQ150,institution,319400,현대무벡스,62362,49011,-13351,1299050475,1020230125,-278820350,KRX MDCSTAT02401_OUT
recent2,KOSDAQ150,institution,298380,에이비엘바이오,72326,66219,-6107,3770503850,3473368050,-297135800,KRX MDCSTAT02401_OUT
recent2,KOSDAQ150,institution,082920,비츠로셀,65134,53463,-11671,1939790700,1593433825,-346356875,KRX MDCSTAT02401_OUT
recent2,KOSDAQ150,institution,060280,큐렉소,68548,19822,-48726,597847530,177651080,-420196450,KRX MDCSTAT02401_OUT
recent2,KOSDAQ150,institution,090710,휴림로봇,175497,93056,-82441,1144414205,608036840,-536377365,KRX MDCSTAT02401_OUT
recent2,KOSDAQ150,institution,124500,아이티센글로벌,36512,15283,-21229,1053007825,450257325,-602750500,KRX MDCSTAT02401_OUT
recent2,KOSDAQ150,institution,214150,클래시스,53697,33243,-20454,1666368500,1036663400,-629705100,KRX MDCSTAT02401_OUT
recent2,KOSDAQ150,institution,195940,HK이노엔,70146,52286,-17860,2864203875,2144938750,-719265125,KRX MDCSTAT02401_OUT
recent2,KOSDAQ150,institution,052400,코나아이,30101,9748,-20353,1104167900,357741350,-746426550,KRX MDCSTAT02401_OUT
recent2,KOSDAQ150,institution,213420,덕산네오룩스,52153,23397,-28756,1576726025,710554800,-866171225,KRX MDCSTAT02401_OUT
recent2,KOSDAQ150,institution,388720,유일로보틱스,17174,4846,-12328,1230669900,347883200,-882786700,KRX MDCSTAT02401_OUT
recent2,KOSDAQ150,institution,420770,기가비스,52373,44085,-8288,7140613000,6045877450,-1094735550,KRX MDCSTAT02401_OUT
recent2,KOSDAQ150,institution,080220,제주반도체,155562,140061,-15501,13609351950,12501777150,-1107574800,KRX MDCSTAT02401_OUT
recent2,KOSDAQ150,institution,171090,선익시스템,29603,13955,-15648,2174689300,1040542100,-1134147200,KRX MDCSTAT02401_OUT
recent2,KOSDAQ150,institution,466100,클로봇,71199,21336,-49863,1702882150,507232100,-1195650050,KRX MDCSTAT02401_OUT
recent2,KOSDAQ150,institution,089030,테크윙,106292,72528,-33764,5858473350,4080800450,-1777672900,KRX MDCSTAT02401_OUT
recent2,KOSDAQ150,institution,043260,성호전자,918889,862854,-56035,30443361100,28540036825,-1903324275,KRX MDCSTAT02401_OUT
recent2,KOSDAQ150,institution,058610,에스피지,78421,58792,-19629,8301420200,6288945050,-2012475150,KRX MDCSTAT02401_OUT
recent2,KOSDAQ150,institution,232140,와이씨,441509,312317,-129192,7625050735,5513080410,-2111970325,KRX MDCSTAT02401_OUT
recent2,KOSDAQ150,institution,475830,오름테라퓨틱,143925,15331,-128594,2948605250,315800800,-2632804450,KRX MDCSTAT02401_OUT
recent2,KOSDAQ150,institution,218410,RFHIC,155470,108759,-46711,9447585850,6664832800,-2782753050,KRX MDCSTAT02401_OUT
recent2,KOSDAQ150,institution,084370,유진테크,101951,84091,-17860,17637017400,14740761750,-2896255650,KRX MDCSTAT02401_OUT
recent2,KOSDAQ150,institution,141080,리가켐바이오,130437,92717,-37720,10786645100,7697948900,-3088696200,KRX MDCSTAT02401_OUT
recent2,KOSDAQ150,institution,060370,LS마린솔루션,139902,48436,-91466,4775459150,1652731075,-3122728075,KRX MDCSTAT02401_OUT
recent2,KOSDAQ150,institution,000250,삼천당제약,147558,132778,-14780,35518756000,31817798750,-3700957250,KRX MDCSTAT02401_OUT
recent2,KOSDAQ150,institution,183300,코미코,179581,53067,-126514,6049857100,1795487450,-4254369650,KRX MDCSTAT02401_OUT
recent2,KOSDAQ150,institution,083650,비에이치아이,105877,26259,-79618,6157114000,1537125100,-4619988900,KRX MDCSTAT02401_OUT
recent2,KOSDAQ150,institution,087010,펩트론,90054,54131,-35923,10865115200,6098932450,-4766182750,KRX MDCSTAT02401_OUT
recent2,KOSDAQ150,institution,131970,두산테스나,212547,160698,-51849,24338661950,18739883800,-5598778150,KRX MDCSTAT02401_OUT
recent2,KOSDAQ150,institution,437730,삼현,162147,50928,-111219,8366686000,2654798650,-5711887350,KRX MDCSTAT02401_OUT
recent2,KOSDAQ150,institution,204270,제이앤티씨,265415,50684,-214731,6995518775,1282706925,-5712811850,KRX MDCSTAT02401_OUT
recent2,KOSDAQ150,institution,403870,HPSP,826179,730616,-95563,55424139250,49276995650,-6147143600,KRX MDCSTAT02401_OUT
recent2,KOSDAQ150,institution,036540,SFA반도체,2064586,1405882,-658704,23907132625,16433874750,-7473257875,KRX MDCSTAT02401_OUT
recent2,KOSDAQ150,institution,196170,알테오젠,165760,122244,-43516,43065070000,31819707500,-11245362500,KRX MDCSTAT02401_OUT
recent2,KOSDAQ150,institution,214450,파마리서치,63568,25055,-38513,19444175000,7698884750,-11745290250,KRX MDCSTAT02401_OUT
recent2,KOSDAQ150,institution,095340,ISC,151544,92450,-59094,31065441500,18941996750,-12123444750,KRX MDCSTAT02401_OUT
recent2,KOSDAQ150,institution,064760,티씨케이,72634,29138,-43496,21009690500,8491671250,-12518019250,KRX MDCSTAT02401_OUT
recent2,KOSDAQ150,institution,039030,이오테크닉스,114708,86409,-28299,60308753000,45715529500,-14593223500,KRX MDCSTAT02401_OUT
recent2,KOSDAQ150,institution,067310,하나마이크론,549608,215350,-334258,28891887150,11257327750,-17634559400,KRX MDCSTAT02401_OUT
recent2,KOSDAQ150,institution,240810,원익IPS,509039,340558,-168481,69116002894,46843866244,-22272136650,KRX MDCSTAT02401_OUT
recent2,KOSDAQ150,institution,036930,주성엔지니어링,598647,482489,-116158,156810183470,128614414470,-28195769000,KRX MDCSTAT02401_OUT
recent2,KOSDAQ150,institution,222800,심텍,478287,298440,-179847,82988754350,52133893000,-30854861350,KRX MDCSTAT02401_OUT
recent2,KOSDAQ150,institution,095610,테스,352818,91152,-261666,59291143550,15482985700,-43808157850,KRX MDCSTAT02401_OUT
recent3,KOSPI200,foreign,009150,삼성전기,598620,769892,171272,976233172939,1250590596439,274357423500,KRX MDCSTAT02401_OUT
recent3,KOSPI200,foreign,006400,삼성SDI,231590,437932,206342,128196472000,243531138000,115334666000,KRX MDCSTAT02401_OUT
recent3,KOSPI200,foreign,096770,SK이노베이션,706692,1388204,681512,108952169628,212200177678,103248008050,KRX MDCSTAT02401_OUT
recent3,KOSPI200,foreign,009830,한화솔루션,2008628,2886982,878354,72658608425,104616446950,31957838525,KRX MDCSTAT02401_OUT
recent3,KOSPI200,foreign,278470,에이피알,437900,521822,83922,161123805628,192594210128,31470404500,KRX MDCSTAT02401_OUT
recent3,KOSPI200,foreign,000990,DB하이텍,380868,604263,223395,53200415100,83438579150,30238164050,KRX MDCSTAT02401_OUT
recent3,KOSPI200,foreign,028260,삼성물산,369978,453882,83904,126613923500,155547490500,28933567000,KRX MDCSTAT02401_OUT
recent3,KOSPI200,foreign,007660,이수페타시스,1304958,1438862,133904,165686835300,184686057300,18999222000,KRX MDCSTAT02401_OUT
recent3,KOSPI200,foreign,373220,LG에너지솔루션,331245,373846,42601,126802504500,142918977250,16116472750,KRX MDCSTAT02401_OUT
recent3,KOSPI200,foreign,010950,S-Oil,499249,592717,93468,82233331400,97385908950,15152577550,KRX MDCSTAT02401_OUT
recent3,KOSPI200,foreign,443060,HD현대마린솔루션,94461,161838,67377,21309144341,36368588091,15059443750,KRX MDCSTAT02401_OUT
recent3,KOSPI200,foreign,011200,HMM,596938,1242901,645963,12751361440,26564354040,13812992600,KRX MDCSTAT02401_OUT
recent3,KOSPI200,foreign,329180,HD현대중공업,229625,261812,32187,95401339250,108825681500,13424342250,KRX MDCSTAT02401_OUT
recent3,KOSPI200,foreign,483650,달바글로벌,66261,134785,68524,12139082250,24650976500,12511894250,KRX MDCSTAT02401_OUT
recent3,KOSPI200,foreign,051910,LG화학,189580,233620,44040,51027956250,63154117500,12126161250,KRX MDCSTAT02401_OUT
recent3,KOSPI200,foreign,005830,DB손해보험,376837,437697,60860,68957186054,80190163654,11232977600,KRX MDCSTAT02401_OUT
recent3,KOSPI200,foreign,023530,롯데쇼핑,98965,205854,106889,9849464050,20385907550,10536443500,KRX MDCSTAT02401_OUT
recent3,KOSPI200,foreign,000270,기아,1050941,1137464,86523,117496845500,127176173650,9679328150,KRX MDCSTAT02401_OUT
recent3,KOSPI200,foreign,011070,LG이노텍,327232,342849,15617,199036516000,208456770000,9420254000,KRX MDCSTAT02401_OUT
recent3,KOSPI200,foreign,001450,현대해상,448754,642428,193674,21283909175,30445575675,9161666500,KRX MDCSTAT02401_OUT
recent3,KOSPI200,foreign,004170,신세계,73512,100308,26796,23819984250,32518917250,8698933000,KRX MDCSTAT02401_OUT
recent3,KOSPI200,foreign,047050,포스코인터내셔널,388986,521301,132315,22130638600,29679201900,7548563300,KRX MDCSTAT02401_OUT
recent3,KOSPI200,foreign,009540,HD한국조선해양,263968,288999,25031,82726525500,90120189000,7393663500,KRX MDCSTAT02401_OUT
recent3,KOSPI200,foreign,017670,SK텔레콤,422247,504430,82183,37212891650,44496832450,7283940800,KRX MDCSTAT02401_OUT
recent3,KOSPI200,foreign,028050,삼성E&A,1559608,1706197,146589,75104149225,82374981450,7270832225,KRX MDCSTAT02401_OUT
recent3,KOSPI200,foreign,028670,팬오션,4144535,5034126,889591,25353335745,30890949015,5537613270,KRX MDCSTAT02401_OUT
recent3,KOSPI200,foreign,454910,두산로보틱스,281383,346891,65508,20711621550,25639823450,4928201900,KRX MDCSTAT02401_OUT
recent3,KOSPI200,foreign,003490,대한항공,1247596,1401416,153820,38326507825,43210038675,4883530850,KRX MDCSTAT02401_OUT
recent3,KOSPI200,foreign,361610,SK아이이테크놀로지,417831,689099,271268,7399208650,12068842220,4669633570,KRX MDCSTAT02401_OUT
recent3,KOSPI200,foreign,259960,크래프톤,112417,135604,23187,22414369900,27075760450,4661390550,KRX MDCSTAT02401_OUT
recent3,KOSPI200,foreign,120110,코오롱인더,104781,178920,74139,5970255800,10285559750,4315303950,KRX MDCSTAT02401_OUT
recent3,KOSPI200,foreign,267270,HD건설기계,298599,333253,34654,34741614100,38774574600,4032960500,KRX MDCSTAT02401_OUT
recent3,KOSPI200,foreign,069960,현대백화점,104766,148752,43986,9168418850,12965043700,3796624850,KRX MDCSTAT02401_OUT
recent3,KOSPI200,foreign,450080,에코프로머티,310132,408555,98423,11970553775,15729792200,3759238425,KRX MDCSTAT02401_OUT
recent3,KOSPI200,foreign,271560,오리온,128568,163990,35422,13557805394,17297013094,3739207700,KRX MDCSTAT02401_OUT
recent3,KOSPI200,foreign,004020,현대제철,653161,773790,120629,19299343600,22917606975,3618263375,KRX MDCSTAT02401_OUT
recent3,KOSPI200,foreign,008930,한미사이언스,228253,294055,65802,13649700550,17188881500,3539180950,KRX MDCSTAT02401_OUT
recent3,KOSPI200,foreign,298020,효성티앤씨,28527,40147,11620,8073808000,11334208000,3260400000,KRX MDCSTAT02401_OUT
recent3,KOSPI200,foreign,051900,LG생활건강,65000,77117,12117,17430323750,20631612750,3201289000,KRX MDCSTAT02401_OUT
recent3,KOSPI200,foreign,097950,CJ제일제당,53549,70688,17139,9647269800,12757300950,3110031150,KRX MDCSTAT02401_OUT
recent3,KOSPI200,foreign,052690,한전기술,225267,252079,26812,29058279450,32132256500,3073977050,KRX MDCSTAT02401_OUT
recent3,KOSPI200,foreign,039490,키움증권,97508,109019,11511,24656877083,27566250833,2909373750,KRX MDCSTAT02401_OUT
recent3,KOSPI200,foreign,007340,DN오토모티브,102889,161026,58137,5144740950,8042432325,2897691375,KRX MDCSTAT02401_OUT
recent3,KOSPI200,foreign,011170,롯데케미칼,103603,148663,45060,6270966050,9020567750,2749601700,KRX MDCSTAT02401_OUT
recent3,KOSPI200,foreign,071050,한국금융지주,217440,232412,14972,38727348050,41378454900,2651106850,KRX MDCSTAT02401_OUT
recent3,KOSPI200,foreign,002380,KCC,20164,25537,5373,9528430750,12077813000,2549382250,KRX MDCSTAT02401_OUT
recent3,KOSPI200,foreign,003230,삼양식품,26939,29095,2156,32609328000,35125766500,2516438500,KRX MDCSTAT02401_OUT
recent3,KOSPI200,foreign,000100,유한양행,217199,249969,32770,16315997250,18804698250,2488701000,KRX MDCSTAT02401_OUT
recent3,KOSPI200,foreign,002790,아모레퍼시픽홀딩스,163955,257747,93792,4181922550,6572446200,2390523650,KRX MDCSTAT02401_OUT
recent3,KOSPI200,foreign,018260,삼성에스디에스,141690,152890,11200,30582988750,32943483750,2360495000,KRX MDCSTAT02401_OUT
recent3,KOSPI200,foreign,352820,하이브,237483,249817,12334,38217981828,40379030778,2161048950,KRX MDCSTAT02401_OUT
recent3,KOSPI200,foreign,022100,포스코DX,266289,362994,96705,5659351775,7743023575,2083671800,KRX MDCSTAT02401_OUT
recent3,KOSPI200,foreign,086790,하나금융지주,795465,811683,16218,102456643650,104526923900,2070280250,KRX MDCSTAT02401_OUT
recent3,KOSPI200,foreign,251270,넷마블,218622,277643,59021,7582634175,9642519625,2059885450,KRX MDCSTAT02401_OUT
recent3,KOSPI200,foreign,034230,파라다이스,372160,563944,191784,3573581495,5461347225,1887765730,KRX MDCSTAT02401_OUT
recent3,KOSPI200,foreign,036460,한국가스공사,149850,200060,50210,5379119900,7188633425,1809513525,KRX MDCSTAT02401_OUT
recent3,KOSPI200,foreign,047040,대우건설,2684814,2772708,87894,47387820750,49131062140,1743241390,KRX MDCSTAT02401_OUT
recent3,KOSPI200,foreign,204320,HL만도,281734,314282,32548,13141581750,14785546875,1643965125,KRX MDCSTAT02401_OUT
recent3,KOSPI200,foreign,011780,금호석유화학,73974,86958,12984,8630214700,10177390850,1547176150,KRX MDCSTAT02401_OUT
recent3,KOSPI200,foreign,034730,SK,135082,137355,2273,78396321500,79867907000,1471585500,KRX MDCSTAT02401_OUT
recent3,KOSPI200,foreign,005850,에스엘,54755,80595,25840,2836808800,4171155600,1334346800,KRX MDCSTAT02401_OUT
recent3,KOSPI200,foreign,138930,BNK금융지주,1002545,1075357,72812,15880505000,17085904425,1205399425,KRX MDCSTAT02401_OUT
recent3,KOSPI200,foreign,180640,한진칼,58226,66559,8333,7714907280,8822732830,1107825550,KRX MDCSTAT02401_OUT
recent3,KOSPI200,foreign,026960,동서,136143,171767,35624,3708037725,4687536175,979498450,KRX MDCSTAT02401_OUT
recent3,KOSPI200,foreign,001040,CJ,81074,88449,7375,10583437500,11556556200,973118700,KRX MDCSTAT02401_OUT
recent3,KOSPI200,foreign,030000,제일기획,387272,433975,46703,7245828430,8163732860,917904430,KRX MDCSTAT02401_OUT
recent3,KOSPI200,foreign,088350,한화생명,1690620,1855173,164553,8959288115,9825403390,866115275,KRX MDCSTAT02401_OUT
recent3,KOSPI200,foreign,017800,현대엘리베이터,144119,154985,10866,10481013179,11274629179,793616000,KRX MDCSTAT02401_OUT
recent3,KOSPI200,foreign,051600,한전KPS,95017,111685,16668,4284551200,5010115050,725563850,KRX MDCSTAT02401_OUT
recent3,KOSPI200,foreign,280360,롯데웰푸드,12484,18572,6088,1505059000,2227237100,722178100,KRX MDCSTAT02401_OUT
recent3,KOSPI200,foreign,285130,SK케미칼,22601,36138,13537,1166332800,1861593700,695260900,KRX MDCSTAT02401_OUT
recent3,KOSPI200,foreign,192080,더블유게임즈,59744,70515,10771,3416889050,4033070500,616181450,KRX MDCSTAT02401_OUT
recent3,KOSPI200,foreign,003240,태광산업,981,1590,609,880441000,1446651000,566210000,KRX MDCSTAT02401_OUT
recent3,KOSPI200,foreign,004000,롯데정밀화학,35456,46742,11286,1510264625,1993455025,483190400,KRX MDCSTAT02401_OUT
recent3,KOSPI200,foreign,071320,지역난방공사,8539,14464,5925,674708350,1143325850,468617500,KRX MDCSTAT02401_OUT
recent3,KOSPI200,foreign,003550,LG,230298,234534,4236,25973980780,26411434130,437453350,KRX MDCSTAT02401_OUT
recent3,KOSPI200,foreign,137310,에스디바이오센서,220697,277880,57183,1466469265,1843329230,376859965,KRX MDCSTAT02401_OUT
recent3,KOSPI200,foreign,016360,삼성증권,425829,429935,4106,38076630104,38451660704,375030600,KRX MDCSTAT02401_OUT
recent3,KOSPI200,foreign,139480,이마트,81109,85836,4727,5807658600,6150933550,343274950,KRX MDCSTAT02401_OUT
recent3,KOSPI200,foreign,298050,HS효성첨단소재,6232,8329,2097,1012998150,1355578700,342580550,KRX MDCSTAT02401_OUT
recent3,KOSPI200,foreign,000240,한국앤컴퍼니,35475,45385,9910,898597150,1150965350,252368200,KRX MDCSTAT02401_OUT
recent3,KOSPI200,foreign,302440,SK바이오사이언스,67815,73466,5651,2524122675,2744762975,220640300,KRX MDCSTAT02401_OUT
recent3,KOSPI200,foreign,185750,종근당,14863,17987,3124,971390300,1182130400,210740100,KRX MDCSTAT02401_OUT
recent3,KOSPI200,foreign,014820,동원시스템즈,10440,19558,9118,225981275,422004100,196022825,KRX MDCSTAT02401_OUT
recent3,KOSPI200,foreign,300720,한일시멘트,27472,39239,11767,441565385,632418355,190852970,KRX MDCSTAT02401_OUT
recent3,KOSPI200,foreign,000080,하이트진로,60350,72970,12620,891081550,1080942220,189860670,KRX MDCSTAT02401_OUT
recent3,KOSPI200,foreign,002840,미원상사,1527,2702,1175,207085150,368897700,161812550,KRX MDCSTAT02401_OUT
recent3,KOSPI200,foreign,000670,영풍,24145,27855,3710,980876425,1134176875,153300450,KRX MDCSTAT02401_OUT
recent3,KOSPI200,foreign,007070,GS리테일,116197,122316,6119,2570906675,2709118300,138211625,KRX MDCSTAT02401_OUT
recent3,KOSPI200,foreign,021240,코웨이,284189,285694,1505,28723378200,28854467050,131088850,KRX MDCSTAT02401_OUT
recent3,KOSPI200,foreign,069260,TKG휴켐스,46616,52141,5525,740616900,828466795,87849895,KRX MDCSTAT02401_OUT
recent3,KOSPI200,foreign,241560,두산밥캣,252544,252988,444,13934185690,13961226540,27040850,KRX MDCSTAT02401_OUT
recent3,KOSPI200,foreign,008730,율촌화학,66952,67849,897,1033076440,1041639520,8563080,KRX MDCSTAT02401_OUT
recent3,KOSPI200,foreign,268280,미원에스씨,1065,1136,71,133783150,141673800,7890650,KRX MDCSTAT02401_OUT
recent3,KOSPI200,foreign,007700,F&F홀딩스,2569,2678,109,34463810,36005430,1541620,KRX MDCSTAT02401_OUT
recent3,KOSPI200,foreign,002030,아세아,2026,1931,-95,412572950,393398500,-19174450,KRX MDCSTAT02401_OUT
recent3,KOSPI200,foreign,069620,대웅제약,17317,16506,-811,1881130550,1801238500,-79892050,KRX MDCSTAT02401_OUT
recent3,KOSPI200,foreign,000210,DL,36866,34696,-2170,1807648025,1700680525,-106967500,KRX MDCSTAT02401_OUT
recent3,KOSPI200,foreign,005420,코스모화학,172885,165687,-7198,1989027670,1880640900,-108386770,KRX MDCSTAT02401_OUT
recent3,KOSPI200,foreign,006040,동원산업,37943,34339,-3604,1329822025,1203928475,-125893550,KRX MDCSTAT02401_OUT
recent3,KOSPI200,foreign,375500,DL이앤씨,263806,262027,-1779,19554700950,19421099000,-133601950,KRX MDCSTAT02401_OUT
recent3,KOSPI200,foreign,003090,대웅,96173,85512,-10661,1478844260,1319349575,-159494685,KRX MDCSTAT02401_OUT
recent3,KOSPI200,foreign,009970,영원무역홀딩스,17209,16145,-1064,2826213100,2665561700,-160651400,KRX MDCSTAT02401_OUT
recent3,KOSPI200,foreign,006280,녹십자,24055,22644,-1411,3074999700,2913713100,-161286600,KRX MDCSTAT02401_OUT
recent3,KOSPI200,foreign,005300,롯데칠성,21568,19227,-2341,2051015713,1831583213,-219432500,KRX MDCSTAT02401_OUT
recent3,KOSPI200,foreign,009240,한샘,28293,21897,-6396,1128765900,874668550,-254097350,KRX MDCSTAT02401_OUT
recent3,KOSPI200,foreign,090430,아모레퍼시픽,344031,338922,-5109,45859273894,45556465794,-302808100,KRX MDCSTAT02401_OUT
recent3,KOSPI200,foreign,006650,대한유화,55706,51840,-3866,5015010400,4699257350,-315753050,KRX MDCSTAT02401_OUT
recent3,KOSPI200,foreign,0126Z0,삼성에피스홀딩스,39968,38941,-1027,14811824250,14434534500,-377289750,KRX MDCSTAT02401_OUT
recent3,KOSPI200,foreign,001800,오리온홀딩스,80819,64225,-16594,1832668375,1453797775,-378870600,KRX MDCSTAT02401_OUT
recent3,KOSPI200,foreign,073240,금호타이어,878900,816731,-62169,5921668055,5516603585,-405064470,KRX MDCSTAT02401_OUT
recent3,KOSPI200,foreign,007310,오뚜기,3927,2544,-1383,1238767500,801030000,-437737500,KRX MDCSTAT02401_OUT
recent3,KOSPI200,foreign,000120,CJ대한통운,55330,46988,-8342,3872668500,3296453050,-576215450,KRX MDCSTAT02401_OUT
recent3,KOSPI200,foreign,001680,대상,95852,60808,-35044,1692249095,1074804925,-617444170,KRX MDCSTAT02401_OUT
recent3,KOSPI200,foreign,029780,삼성카드,92945,77900,-15045,3886415900,3257314950,-629100950,KRX MDCSTAT02401_OUT
recent3,KOSPI200,foreign,066970,엘앤에프,368197,360252,-7945,43730825500,43021013550,-709811950,KRX MDCSTAT02401_OUT
recent3,KOSPI200,foreign,011210,현대위아,91207,75719,-15488,4833632600,4020998000,-812634600,KRX MDCSTAT02401_OUT
recent3,KOSPI200,foreign,003030,세아제강지주,23657,15719,-7938,2666843700,1772286700,-894557000,KRX MDCSTAT02401_OUT
recent3,KOSPI200,foreign,377300,카카오페이,116584,92790,-23794,4663263625,3728273775,-934989850,KRX MDCSTAT02401_OUT
recent3,KOSPI200,foreign,093370,후성,3281329,3203871,-77458,52118831225,51140003765,-978827460,KRX MDCSTAT02401_OUT
recent3,KOSPI200,foreign,030200,KT,151060,131948,-19112,7809085398,6827723048,-981362350,KRX MDCSTAT02401_OUT
recent3,KOSPI200,foreign,282330,BGF리테일,80449,71911,-8538,10310920450,9220019800,-1090900650,KRX MDCSTAT02401_OUT
recent3,KOSPI200,foreign,012750,에스원,200827,186986,-13841,16862395796,15689349796,-1173046000,KRX MDCSTAT02401_OUT
recent3,KOSPI200,foreign,035250,강원랜드,249288,165823,-83465,3561479860,2371356820,-1190123040,KRX MDCSTAT02401_OUT
recent3,KOSPI200,foreign,175330,JB금융지주,508607,463895,-44712,14566428025,13265009225,-1301418800,KRX MDCSTAT02401_OUT
recent3,KOSPI200,foreign,111770,영원무역,137461,118148,-19313,9398988300,8057060150,-1341928150,KRX MDCSTAT02401_OUT
recent3,KOSPI200,foreign,064400,LG씨엔에스,493089,465396,-27693,35029882864,33622928864,-1406954000,KRX MDCSTAT02401_OUT
recent3,KOSPI200,foreign,004990,롯데지주,133373,71430,-61943,3128143775,1675696350,-1452447425,KRX MDCSTAT02401_OUT
recent3,KOSPI200,foreign,010130,고려아연,14831,13013,-1818,16050680100,14149265100,-1901415000,KRX MDCSTAT02401_OUT
recent3,KOSPI200,foreign,010120,LS ELECTRIC,550091,543796,-6295,117896590500,115884850250,-2011740250,KRX MDCSTAT02401_OUT
recent3,KOSPI200,foreign,004370,농심,24864,19562,-5302,9912633250,7799547000,-2113086250,KRX MDCSTAT02401_OUT
recent3,KOSPI200,foreign,267250,HD현대,316195,304802,-11393,61573131840,59361860940,-2211270900,KRX MDCSTAT02401_OUT
recent3,KOSPI200,foreign,161390,한국타이어앤테크놀로지,303974,266797,-37177,18254145550,16021525950,-2232619600,KRX MDCSTAT02401_OUT
recent3,KOSPI200,foreign,000810,삼성화재,140131,136093,-4038,88149559264,85661814264,-2487745000,KRX MDCSTAT02401_OUT
recent3,KOSPI200,foreign,018880,한온시스템,9744114,9096311,-647803,37631565498,35121087912,-2510477586,KRX MDCSTAT02401_OUT
recent3,KOSPI200,foreign,000880,한화,158707,136816,-21891,19675915952,17144732252,-2531183700,KRX MDCSTAT02401_OUT
recent3,KOSPI200,foreign,323410,카카오뱅크,900435,766559,-133876,17836892650,15253404680,-2583487970,KRX MDCSTAT02401_OUT
recent3,KOSPI200,foreign,008770,호텔신라,247275,179385,-67890,9684694125,7040333500,-2644360625,KRX MDCSTAT02401_OUT
recent3,KOSPI200,foreign,017960,한국카본,215064,73039,-142025,4415907500,1503776500,-2912131000,KRX MDCSTAT02401_OUT
recent3,KOSPI200,foreign,307950,현대오토에버,38690,30666,-8024,14818448750,11773374500,-3045074250,KRX MDCSTAT02401_OUT
recent3,KOSPI200,foreign,005940,NH투자증권,505754,389647,-116107,13502884038,10403123288,-3099760750,KRX MDCSTAT02401_OUT
recent3,KOSPI200,foreign,001430,세아베스틸지주,140155,71722,-68433,6507959450,3315495650,-3192463800,KRX MDCSTAT02401_OUT
recent3,KOSPI200,foreign,032640,LG유플러스,943209,715142,-228067,13712979305,10399623990,-3313355315,KRX MDCSTAT02401_OUT
recent3,KOSPI200,foreign,139130,iM금융지주,975008,747949,-227059,17897233664,13727720419,-4169513245,KRX MDCSTAT02401_OUT
recent3,KOSPI200,foreign,009420,한올바이오파마,288604,192794,-95810,13464251975,9048641350,-4415610625,KRX MDCSTAT02401_OUT
recent3,KOSPI200,foreign,006260,LS,234144,218325,-15819,68350781250,63752790000,-4597991250,KRX MDCSTAT02401_OUT
recent3,KOSPI200,foreign,081660,미스토홀딩스,277073,153291,-123782,10762332325,5955488800,-4806843525,KRX MDCSTAT02401_OUT
recent3,KOSPI200,foreign,078930,GS,582481,534497,-47984,62052085300,56691929400,-5360155900,KRX MDCSTAT02401_OUT
recent3,KOSPI200,foreign,032830,삼성생명,349756,330392,-19364,99434857750,93958657000,-5476200750,KRX MDCSTAT02401_OUT
recent3,KOSPI200,foreign,457190,이수스페셜티케미컬,241592,171400,-70192,19540448650,13958140100,-5582308550,KRX MDCSTAT02401_OUT
recent3,KOSPI200,foreign,003670,포스코퓨처엠,461105,426943,-34162,89455061950,83194890550,-6260171400,KRX MDCSTAT02401_OUT
recent3,KOSPI200,foreign,326030,SK바이오팜,139608,55270,-84338,10620261750,4213638700,-6406623050,KRX MDCSTAT02401_OUT
recent3,KOSPI200,foreign,000720,현대건설,606643,538408,-68235,68798607250,61150934700,-7647672550,KRX MDCSTAT02401_OUT
recent3,KOSPI200,foreign,086280,현대글로비스,181771,141277,-40494,35695006000,27965493700,-7729512300,KRX MDCSTAT02401_OUT
recent3,KOSPI200,foreign,138040,메리츠금융지주,184084,122067,-62017,23853926950,15857397300,-7996529650,KRX MDCSTAT02401_OUT
recent3,KOSPI200,foreign,161890,한국콜마,605202,545949,-59253,84093060950,76066156400,-8026904550,KRX MDCSTAT02401_OUT
recent3,KOSPI200,foreign,071970,HD현대마린엔진,274224,99713,-174511,12856972525,4737787375,-8119185150,KRX MDCSTAT02401_OUT
recent3,KOSPI200,foreign,014680,한솔케미칼,88627,58804,-29823,24294503500,16079726250,-8214777250,KRX MDCSTAT02401_OUT
recent3,KOSPI200,foreign,011790,SKC,521424,435017,-86407,56722079550,47485500700,-9236578850,KRX MDCSTAT02401_OUT
recent3,KOSPI200,foreign,000150,두산,123804,117015,-6789,173925019500,164561850000,-9363169500,KRX MDCSTAT02401_OUT
recent3,KOSPI200,foreign,034220,LG디스플레이,4164522,3005052,-1159470,35304616780,25621666560,-9682950220,KRX MDCSTAT02401_OUT
recent3,KOSPI200,foreign,024110,기업은행,1206131,704273,-501858,24315366550,14205420775,-10109945775,KRX MDCSTAT02401_OUT
recent3,KOSPI200,foreign,042700,한미반도체,639518,604069,-35449,174997901500,164763094500,-10234807000,KRX MDCSTAT02401_OUT
recent3,KOSPI200,foreign,064350,현대로템,582504,489479,-93025,65840290850,55409444050,-10430846800,KRX MDCSTAT02401_OUT
recent3,KOSPI200,foreign,035720,카카오,1521374,1200951,-320423,50721621675,40122001750,-10599619925,KRX MDCSTAT02401_OUT
recent3,KOSPI200,foreign,103140,풍산,326664,169159,-157505,23857781550,12636584250,-11221197300,KRX MDCSTAT02401_OUT
recent3,KOSPI200,foreign,015760,한국전력,866101,487161,-378940,26064578800,14702761450,-11361817350,KRX MDCSTAT02401_OUT
recent3,KOSPI200,foreign,112610,씨에스윈드,442066,236858,-205208,25055853350,13357739300,-11698114050,KRX MDCSTAT02401_OUT
recent3,KOSPI200,foreign,033780,KT&G,325112,256537,-68575,57465669400,45472766250,-11992903150,KRX MDCSTAT02401_OUT
recent3,KOSPI200,foreign,105560,KB금융,1186727,1110113,-76614,198704766400,185948924150,-12755842250,KRX MDCSTAT02401_OUT
recent3,KOSPI200,foreign,128940,한미약품,113209,88262,-24947,58919826250,45926780250,-12993046000,KRX MDCSTAT02401_OUT
recent3,KOSPI200,foreign,006800,미래에셋증권,1451100,968455,-482645,45754463875,30840048475,-14914415400,KRX MDCSTAT02401_OUT
recent3,KOSPI200,foreign,082740,한화엔진,611957,279546,-332411,28843650000,13315798350,-15527851650,KRX MDCSTAT02401_OUT
recent3,KOSPI200,foreign,062040,산일전기,529471,463767,-65704,122451458000,106430910750,-16020547250,KRX MDCSTAT02401_OUT
recent3,KOSPI200,foreign,010140,삼성중공업,2748691,1893163,-855528,54181264685,37289748500,-16891516185,KRX MDCSTAT02401_OUT
recent3,KOSPI200,foreign,068270,셀트리온,393093,295030,-98063,71743401300,53988881950,-17754519350,KRX MDCSTAT02401_OUT
recent3,KOSPI200,foreign,047810,한국항공우주,490405,321458,-168947,62199131400,41440593550,-20758537850,KRX MDCSTAT02401_OUT
recent3,KOSPI200,foreign,010060,OCI홀딩스,282205,167569,-114636,67283756500,39742626500,-27541130000,KRX MDCSTAT02401_OUT
recent3,KOSPI200,foreign,192820,코스맥스,282993,184863,-98130,82137920000,52790756250,-29347163750,KRX MDCSTAT02401_OUT
recent3,KOSPI200,foreign,036570,NC,310489,177150,-133339,72368071250,41265798250,-31102273000,KRX MDCSTAT02401_OUT
recent3,KOSPI200,foreign,042660,한화오션,808160,391499,-416661,62118808250,30204514800,-31914293450,KRX MDCSTAT02401_OUT
recent3,KOSPI200,foreign,001440,대한전선,3094753,2005553,-1089200,96287336625,62863795050,-33423541575,KRX MDCSTAT02401_OUT
recent3,KOSPI200,foreign,005490,POSCO홀딩스,267434,155225,-112209,83296827250,48453629000,-34843198250,KRX MDCSTAT02401_OUT
recent3,KOSPI200,foreign,055550,신한지주,1335532,988707,-346825,138799647400,102777318400,-36022329000,KRX MDCSTAT02401_OUT
recent3,KOSPI200,foreign,012330,현대모비스,320233,224914,-95319,121532595338,85332635838,-36199959500,KRX MDCSTAT02401_OUT
recent3,KOSPI200,foreign,316140,우리금융지주,5379131,4097051,-1282080,179907707308,137025958083,-42881749225,KRX MDCSTAT02401_OUT
recent3,KOSPI200,foreign,272210,한화시스템,1443619,752453,-691166,116865538900,61377336250,-55488202650,KRX MDCSTAT02401_OUT
recent3,KOSPI200,foreign,402340,SK스퀘어,808804,754152,-54652,939676366818,877174625818,-62501741000,KRX MDCSTAT02401_OUT
recent3,KOSPI200,foreign,035420,NAVER,626381,267161,-359220,119663356750,51112308550,-68551048200,KRX MDCSTAT02401_OUT
recent3,KOSPI200,foreign,034020,두산에너빌리티,2671384,1744339,-927045,217260411450,141983123050,-75277288400,KRX MDCSTAT02401_OUT
recent3,KOSPI200,foreign,267260,HD현대일렉트릭,261458,146363,-115095,173195151500,97659986500,-75535165000,KRX MDCSTAT02401_OUT
recent3,KOSPI200,foreign,066570,LG전자,1390559,982907,-407652,304000072250,220671929250,-83328143000,KRX MDCSTAT02401_OUT
recent3,KOSPI200,foreign,079550,LIG디펜스앤에어로스페이스,219305,84184,-135121,152341186000,60608264000,-91732922000,KRX MDCSTAT02401_OUT
recent3,KOSPI200,foreign,005380,현대차,667219,352581,-314638,228910396500,121790326500,-107120070000,KRX MDCSTAT02401_OUT
recent3,KOSPI200,foreign,207940,삼성바이오로직스,154524,69183,-85341,203601466000,90294995000,-113306471000,KRX MDCSTAT02401_OUT
recent3,KOSPI200,foreign,012450,한화에어로스페이스,257709,133094,-124615,262252153500,137499323500,-124752830000,KRX MDCSTAT02401_OUT
recent3,KOSPI200,foreign,298040,효성중공업,121505,41230,-80275,327101843500,113405781000,-213696062500,KRX MDCSTAT02401_OUT
recent3,KOSPI200,foreign,005930,삼성전자,14342985,11808847,-2534138,3919098402956,3231243292956,-687855110000,KRX MDCSTAT02401_OUT
recent3,KOSPI200,foreign,000660,SK하이닉스,3556500,1867959,-1688541,6335899296480,3342576250480,-2993323046000,KRX MDCSTAT02401_OUT
recent3,KOSPI200,institution,402340,SK스퀘어,398588,529415,130827,462465206500,615190150000,152724943500,KRX MDCSTAT02401_OUT
recent3,KOSPI200,institution,373220,LG에너지솔루션,234384,533498,299114,90125360000,204639382000,114514022000,KRX MDCSTAT02401_OUT
recent3,KOSPI200,institution,006400,삼성SDI,231640,421658,190018,128870071000,234812766000,105942695000,KRX MDCSTAT02401_OUT
recent3,KOSPI200,institution,272210,한화시스템,428950,1186416,757466,34637523950,96159059600,61521535650,KRX MDCSTAT02401_OUT
recent3,KOSPI200,institution,011070,LG이노텍,168950,238778,69828,102727579500,147646827500,44919248000,KRX MDCSTAT02401_OUT
recent3,KOSPI200,institution,010060,OCI홀딩스,68159,253196,185037,16346144250,60628185000,44282040750,KRX MDCSTAT02401_OUT
recent3,KOSPI200,institution,066570,LG전자,560519,747763,187244,122763352500,166888852750,44125500250,KRX MDCSTAT02401_OUT
recent3,KOSPI200,institution,316140,우리금융지주,808700,1900454,1091754,27011170375,63588111900,36576941525,KRX MDCSTAT02401_OUT
recent3,KOSPI200,institution,192820,코스맥스,93743,199649,105906,26913748000,58256124000,31342376000,KRX MDCSTAT02401_OUT
recent3,KOSPI200,institution,011790,SKC,113873,399081,285208,12490499500,43827933100,31337433600,KRX MDCSTAT02401_OUT
recent3,KOSPI200,institution,010950,S-Oil,218470,403694,185224,36045388650,67085677450,31040288800,KRX MDCSTAT02401_OUT
recent3,KOSPI200,institution,009830,한화솔루션,908981,1748789,839808,32970827225,63274393425,30303566200,KRX MDCSTAT02401_OUT
recent3,KOSPI200,institution,096770,SK이노베이션,760070,946332,186262,116780010600,146733036250,29953025650,KRX MDCSTAT02401_OUT
recent3,KOSPI200,institution,036570,NC,184747,307865,123118,42731771000,72520902750,29789131750,KRX MDCSTAT02401_OUT
recent3,KOSPI200,institution,055550,신한지주,699192,946136,246944,72506771050,98232581300,25725810250,KRX MDCSTAT02401_OUT
recent3,KOSPI200,institution,012330,현대모비스,146675,206019,59344,55474544000,77987988500,22513444500,KRX MDCSTAT02401_OUT
recent3,KOSPI200,institution,062040,산일전기,137174,233291,96117,31406974500,53648853250,22241878750,KRX MDCSTAT02401_OUT
recent3,KOSPI200,institution,112610,씨에스윈드,100879,477567,376688,5702087650,27203311750,21501224100,KRX MDCSTAT02401_OUT
recent3,KOSPI200,institution,018880,한온시스템,1806976,7107194,5300218,6980741104,27487871286,20507130182,KRX MDCSTAT02401_OUT
recent3,KOSPI200,institution,051910,LG화학,152100,221457,69357,41249623500,60034962750,18785339250,KRX MDCSTAT02401_OUT
recent3,KOSPI200,institution,105560,KB금융,584492,686592,102100,97882697950,115036327000,17153629050,KRX MDCSTAT02401_OUT
recent3,KOSPI200,institution,009150,삼성전기,501585,510827,9242,818631473500,833790905500,15159432000,KRX MDCSTAT02401_OUT
recent3,KOSPI200,institution,010120,LS ELECTRIC,244805,312625,67820,52082736500,66618873750,14536137250,KRX MDCSTAT02401_OUT
recent3,KOSPI200,institution,079550,LIG디펜스앤에어로스페이스,89767,109125,19358,63163457500,77505825500,14342368000,KRX MDCSTAT02401_OUT
recent3,KOSPI200,institution,138040,메리츠금융지주,89475,194159,104684,11606469550,25156032150,13549562600,KRX MDCSTAT02401_OUT
recent3,KOSPI200,institution,066970,엘앤에프,387690,493207,105517,46193968650,59481658150,13287689500,KRX MDCSTAT02401_OUT
recent3,KOSPI200,institution,352820,하이브,159072,236574,77502,25622267350,38909834850,13287567500,KRX MDCSTAT02401_OUT
recent3,KOSPI200,institution,278470,에이피알,140096,167601,27505,51600563250,62599138500,10998575250,KRX MDCSTAT02401_OUT
recent3,KOSPI200,institution,014680,한솔케미칼,40858,77540,36682,11197040000,21284441500,10087401500,KRX MDCSTAT02401_OUT
recent3,KOSPI200,institution,005940,NH투자증권,210862,557091,346229,5623675175,14882727025,9259051850,KRX MDCSTAT02401_OUT
recent3,KOSPI200,institution,032830,삼성생명,140862,170107,29245,39962786000,48390077500,8427291500,KRX MDCSTAT02401_OUT
recent3,KOSPI200,institution,361610,SK아이이테크놀로지,129922,587391,457469,2308801735,10459880945,8151079210,KRX MDCSTAT02401_OUT
recent3,KOSPI200,institution,033780,KT&G,129366,171673,42307,22934035000,30449381550,7515346550,KRX MDCSTAT02401_OUT
recent3,KOSPI200,institution,047050,포스코인터내셔널,112802,241346,128544,6430120350,13773147750,7343027400,KRX MDCSTAT02401_OUT
recent3,KOSPI200,institution,034730,SK,116093,128630,12537,67487697000,74811949500,7324252500,KRX MDCSTAT02401_OUT
recent3,KOSPI200,institution,028670,팬오션,1208670,2329649,1120979,7399837675,14361333080,6961495405,KRX MDCSTAT02401_OUT
recent3,KOSPI200,institution,015760,한국전력,804159,1005295,201136,24191689200,30297450900,6105761700,KRX MDCSTAT02401_OUT
recent3,KOSPI200,institution,052690,한전기술,109113,147764,38651,13936981050,18889583900,4952602850,KRX MDCSTAT02401_OUT
recent3,KOSPI200,institution,081660,미스토홀딩스,29973,143783,113810,1160607550,5596162425,4435554875,KRX MDCSTAT02401_OUT
recent3,KOSPI200,institution,032640,LG유플러스,382429,646972,264543,5552888690,9406195970,3853307280,KRX MDCSTAT02401_OUT
recent3,KOSPI200,institution,090430,아모레퍼시픽,168558,195828,27270,22506088200,26308415300,3802327100,KRX MDCSTAT02401_OUT
recent3,KOSPI200,institution,139130,iM금융지주,132577,321858,189281,2439027525,5955459305,3516431780,KRX MDCSTAT02401_OUT
recent3,KOSPI200,institution,161390,한국타이어앤테크놀로지,74242,127124,52882,4450886200,7633928800,3183042600,KRX MDCSTAT02401_OUT
recent3,KOSPI200,institution,016360,삼성증권,156598,191043,34445,13991902200,17159710450,3167808250,KRX MDCSTAT02401_OUT
recent3,KOSPI200,institution,097950,CJ제일제당,12284,27799,15515,2203477850,5031675350,2828197500,KRX MDCSTAT02401_OUT
recent3,KOSPI200,institution,017670,SK텔레콤,312130,342506,30376,27487179200,30187296600,2700117400,KRX MDCSTAT02401_OUT
recent3,KOSPI200,institution,003550,LG,101557,124628,23071,11419042250,14105446500,2686404250,KRX MDCSTAT02401_OUT
recent3,KOSPI200,institution,042700,한미반도체,474627,479903,5276,128406547526,131026684526,2620137000,KRX MDCSTAT02401_OUT
recent3,KOSPI200,institution,008930,한미사이언스,97048,139343,42295,5466412550,7854733750,2388321200,KRX MDCSTAT02401_OUT
recent3,KOSPI200,institution,004370,농심,7425,13295,5870,2952719250,5309384500,2356665250,KRX MDCSTAT02401_OUT
recent3,KOSPI200,institution,457190,이수스페셜티케미컬,82326,105913,23587,6763068850,8644232200,1881163350,KRX MDCSTAT02401_OUT
recent3,KOSPI200,institution,012750,에스원,26435,48709,22274,2216790950,4095270050,1878479100,KRX MDCSTAT02401_OUT
recent3,KOSPI200,institution,175330,JB금융지주,292934,349127,56193,8342141525,9988122875,1645981350,KRX MDCSTAT02401_OUT
recent3,KOSPI200,institution,012450,한화에어로스페이스,97278,97502,224,99259883500,100891122000,1631238500,KRX MDCSTAT02401_OUT
recent3,KOSPI200,institution,024110,기업은행,255965,335180,79215,5156096300,6764574600,1608478300,KRX MDCSTAT02401_OUT
recent3,KOSPI200,institution,000810,삼성화재,41881,44372,2491,26282732000,27851924000,1569192000,KRX MDCSTAT02401_OUT
recent3,KOSPI200,institution,009240,한샘,6610,44497,37887,264605600,1778101450,1513495850,KRX MDCSTAT02401_OUT
recent3,KOSPI200,institution,017960,한국카본,35334,99639,64305,723739350,2044697500,1320958150,KRX MDCSTAT02401_OUT
recent3,KOSPI200,institution,282330,BGF리테일,14628,24061,9433,1873064500,3090904650,1217840150,KRX MDCSTAT02401_OUT
recent3,KOSPI200,institution,088350,한화생명,473045,694300,221255,2512305015,3692839640,1180534625,KRX MDCSTAT02401_OUT
recent3,KOSPI200,institution,139480,이마트,38539,49411,10872,2757782400,3542271450,784489050,KRX MDCSTAT02401_OUT
recent3,KOSPI200,institution,068270,셀트리온,251582,254932,3350,45969584700,46667486550,697901850,KRX MDCSTAT02401_OUT
recent3,KOSPI200,institution,022100,포스코DX,107371,139103,31732,2294054750,2990203100,696148350,KRX MDCSTAT02401_OUT
recent3,KOSPI200,institution,003030,세아제강지주,10562,15289,4727,1196831300,1745164550,548333250,KRX MDCSTAT02401_OUT
recent3,KOSPI200,institution,111770,영원무역,45909,52239,6330,3114082900,3625594450,511511550,KRX MDCSTAT02401_OUT
recent3,KOSPI200,institution,028050,삼성E&A,655176,660912,5736,31562562025,32048914100,486352075,KRX MDCSTAT02401_OUT
recent3,KOSPI200,institution,026960,동서,43196,60394,17198,1168243850,1646575600,478331750,KRX MDCSTAT02401_OUT
recent3,KOSPI200,institution,034230,파라다이스,166744,203618,36874,1574318025,1991769800,417451775,KRX MDCSTAT02401_OUT
recent3,KOSPI200,institution,082740,한화엔진,255846,264563,8717,12081863900,12483400050,401536150,KRX MDCSTAT02401_OUT
recent3,KOSPI200,institution,009970,영원무역홀딩스,9690,11780,2090,1596609600,1957502800,360893200,KRX MDCSTAT02401_OUT
recent3,KOSPI200,institution,326030,SK바이오팜,42493,47016,4523,3231022800,3580943050,349920250,KRX MDCSTAT02401_OUT
recent3,KOSPI200,institution,000240,한국앤컴퍼니,24956,37716,12760,632337375,957098250,324760875,KRX MDCSTAT02401_OUT
recent3,KOSPI200,institution,035250,강원랜드,99863,119978,20115,1427217170,1715376835,288159665,KRX MDCSTAT02401_OUT
recent3,KOSPI200,institution,021240,코웨이,111314,112980,1666,11186828850,11403889150,217060300,KRX MDCSTAT02401_OUT
recent3,KOSPI200,institution,137310,에스디바이오센서,83021,106509,23488,548081470,699199470,151118000,KRX MDCSTAT02401_OUT
recent3,KOSPI200,institution,005420,코스모화학,48544,61480,12936,559944525,711051765,151107240,KRX MDCSTAT02401_OUT
recent3,KOSPI200,institution,000210,DL,29745,32490,2745,1455953750,1598583200,142629450,KRX MDCSTAT02401_OUT
recent3,KOSPI200,institution,002030,아세아,1262,1855,593,255822150,377723250,121901100,KRX MDCSTAT02401_OUT
recent3,KOSPI200,institution,008730,율촌화학,11872,19297,7425,183309090,299476280,116167190,KRX MDCSTAT02401_OUT
recent3,KOSPI200,institution,006280,녹십자,17054,17833,779,2180624000,2283102400,102478400,KRX MDCSTAT02401_OUT
recent3,KOSPI200,institution,002840,미원상사,1693,2287,594,229783800,310696450,80912650,KRX MDCSTAT02401_OUT
recent3,KOSPI200,institution,069260,TKG휴켐스,24617,27690,3073,390897885,440478185,49580300,KRX MDCSTAT02401_OUT
recent3,KOSPI200,institution,003240,태광산업,980,1018,38,886352000,922567500,36215500,KRX MDCSTAT02401_OUT
recent3,KOSPI200,institution,300720,한일시멘트,23578,23751,173,378971785,382228100,3256315,KRX MDCSTAT02401_OUT
recent3,KOSPI200,institution,007310,오뚜기,1510,1503,-7,475066750,474340500,-726250,KRX MDCSTAT02401_OUT
recent3,KOSPI200,institution,007700,F&F홀딩스,1840,1511,-329,24654960,20238570,-4416390,KRX MDCSTAT02401_OUT
recent3,KOSPI200,institution,073240,금호타이어,225449,220487,-4962,1520901475,1489738345,-31163130,KRX MDCSTAT02401_OUT
recent3,KOSPI200,institution,014820,동원시스템즈,13687,11630,-2057,295001275,250839200,-44162075,KRX MDCSTAT02401_OUT
recent3,KOSPI200,institution,268280,미원에스씨,1528,1036,-492,189949600,129986150,-59963450,KRX MDCSTAT02401_OUT
recent3,KOSPI200,institution,001680,대상,18304,14286,-4018,322851705,252425670,-70426035,KRX MDCSTAT02401_OUT
recent3,KOSPI200,institution,323410,카카오뱅크,487615,484707,-2908,9706054905,9616350735,-89704170,KRX MDCSTAT02401_OUT
recent3,KOSPI200,institution,003090,대웅,33341,26247,-7094,513529835,404306525,-109223310,KRX MDCSTAT02401_OUT
recent3,KOSPI200,institution,001430,세아베스틸지주,100376,96972,-3404,4591029650,4475757325,-115272325,KRX MDCSTAT02401_OUT
recent3,KOSPI200,institution,000080,하이트진로,39117,31327,-7790,578866620,463359495,-115507125,KRX MDCSTAT02401_OUT
recent3,KOSPI200,institution,005300,롯데칠성,4912,3456,-1456,466258300,329474150,-136784150,KRX MDCSTAT02401_OUT
recent3,KOSPI200,institution,071320,지역난방공사,4090,2216,-1874,322781600,175230600,-147551000,KRX MDCSTAT02401_OUT
recent3,KOSPI200,institution,006040,동원산업,13718,9415,-4303,480798200,331089050,-149709150,KRX MDCSTAT02401_OUT
recent3,KOSPI200,institution,007070,GS리테일,51640,43158,-8482,1139637500,955249500,-184388000,KRX MDCSTAT02401_OUT
recent3,KOSPI200,institution,036460,한국가스공사,62867,57461,-5406,2256380125,2060900875,-195479250,KRX MDCSTAT02401_OUT
recent3,KOSPI200,institution,241560,두산밥캣,76504,72580,-3924,4219559650,4003883300,-215676350,KRX MDCSTAT02401_OUT
recent3,KOSPI200,institution,011210,현대위아,26449,22027,-4422,1395251550,1165880000,-229371550,KRX MDCSTAT02401_OUT
recent3,KOSPI200,institution,298050,HS효성첨단소재,4777,3300,-1477,775363500,536784000,-238579500,KRX MDCSTAT02401_OUT
recent3,KOSPI200,institution,185750,종근당,8824,4827,-3997,579955100,316374350,-263580750,KRX MDCSTAT02401_OUT
recent3,KOSPI200,institution,001800,오리온홀딩스,50279,37716,-12563,1136774025,855762550,-281011475,KRX MDCSTAT02401_OUT
recent3,KOSPI200,institution,302440,SK바이오사이언스,44323,35072,-9251,1649097525,1304074000,-345023525,KRX MDCSTAT02401_OUT
recent3,KOSPI200,institution,0126Z0,삼성에피스홀딩스,8396,7334,-1062,3108265000,2713736250,-394528750,KRX MDCSTAT02401_OUT
recent3,KOSPI200,institution,093370,후성,792739,746920,-45819,12436698155,12033597270,-403100885,KRX MDCSTAT02401_OUT
recent3,KOSPI200,institution,004990,롯데지주,47079,29246,-17833,1099539975,689696100,-409843875,KRX MDCSTAT02401_OUT
recent3,KOSPI200,institution,000670,영풍,18968,8775,-10193,770885125,356626075,-414259050,KRX MDCSTAT02401_OUT
recent3,KOSPI200,institution,285130,SK케미칼,35243,26775,-8468,1815908850,1382821650,-433087200,KRX MDCSTAT02401_OUT
recent3,KOSPI200,institution,307950,현대오토에버,26059,24883,-1176,9979689750,9520678250,-459011500,KRX MDCSTAT02401_OUT
recent3,KOSPI200,institution,069620,대웅제약,16161,11705,-4456,1759284500,1274664450,-484620050,KRX MDCSTAT02401_OUT
recent3,KOSPI200,institution,029780,삼성카드,49201,34123,-15078,2056419125,1426689400,-629729725,KRX MDCSTAT02401_OUT
recent3,KOSPI200,institution,377300,카카오페이,102701,84504,-18197,4108545925,3386051950,-722493975,KRX MDCSTAT02401_OUT
recent3,KOSPI200,institution,454910,두산로보틱스,107544,96903,-10641,7879028650,7111279750,-767748900,KRX MDCSTAT02401_OUT
recent3,KOSPI200,institution,003670,포스코퓨처엠,487692,476979,-10713,93957744750,93168295400,-789449350,KRX MDCSTAT02401_OUT
recent3,KOSPI200,institution,008770,호텔신라,65926,44547,-21379,2580356775,1748246350,-832110425,KRX MDCSTAT02401_OUT
recent3,KOSPI200,institution,192080,더블유게임즈,27055,12373,-14682,1543880300,710773850,-833106450,KRX MDCSTAT02401_OUT
recent3,KOSPI200,institution,138930,BNK금융지주,425272,370674,-54598,6719283615,5856989840,-862293775,KRX MDCSTAT02401_OUT
recent3,KOSPI200,institution,001040,CJ,72488,65430,-7058,9474768150,8572342450,-902425700,KRX MDCSTAT02401_OUT
recent3,KOSPI200,institution,051600,한전KPS,69953,49538,-20415,3142954875,2229929200,-913025675,KRX MDCSTAT02401_OUT
recent3,KOSPI200,institution,000120,CJ대한통운,37613,24050,-13563,2635234300,1688316800,-946917500,KRX MDCSTAT02401_OUT
recent3,KOSPI200,institution,009420,한올바이오파마,194293,171908,-22385,9030072275,8070205425,-959866850,KRX MDCSTAT02401_OUT
recent3,KOSPI200,institution,128940,한미약품,72853,70365,-2488,37537271000,36533563750,-1003707250,KRX MDCSTAT02401_OUT
recent3,KOSPI200,institution,280360,롯데웰푸드,16564,7954,-8610,1976989500,957864100,-1019125400,KRX MDCSTAT02401_OUT
recent3,KOSPI200,institution,004000,롯데정밀화학,40679,16713,-23966,1732568600,712946150,-1019622450,KRX MDCSTAT02401_OUT
recent3,KOSPI200,institution,003230,삼양식품,25072,23880,-1192,30203403000,28968284500,-1235118500,KRX MDCSTAT02401_OUT
recent3,KOSPI200,institution,030000,제일기획,215890,136722,-79168,4061187530,2566687585,-1494499945,KRX MDCSTAT02401_OUT
recent3,KOSPI200,institution,000880,한화,37709,24990,-12719,4623651100,3122699000,-1500952100,KRX MDCSTAT02401_OUT
recent3,KOSPI200,institution,017800,현대엘리베이터,50539,28852,-21687,3669244300,2098028700,-1571215600,KRX MDCSTAT02401_OUT
recent3,KOSPI200,institution,007340,DN오토모티브,66458,33902,-32556,3314022125,1697182900,-1616839225,KRX MDCSTAT02401_OUT
recent3,KOSPI200,institution,011780,금호석유화학,33780,18871,-14909,3941704150,2204867550,-1736836600,KRX MDCSTAT02401_OUT
recent3,KOSPI200,institution,180640,한진칼,68875,54851,-14024,9088970950,7255792550,-1833178400,KRX MDCSTAT02401_OUT
recent3,KOSPI200,institution,002790,아모레퍼시픽홀딩스,124629,49826,-74803,3123201950,1270100675,-1853101275,KRX MDCSTAT02401_OUT
recent3,KOSPI200,institution,005850,에스엘,63989,26627,-37362,3305939100,1377637550,-1928301550,KRX MDCSTAT02401_OUT
recent3,KOSPI200,institution,006650,대한유화,27842,6355,-21487,2524321200,575488850,-1948832350,KRX MDCSTAT02401_OUT
recent3,KOSPI200,institution,002380,KCC,7949,3687,-4262,3745155500,1740477500,-2004678000,KRX MDCSTAT02401_OUT
recent3,KOSPI200,institution,001440,대한전선,740581,665197,-75384,22936164475,20767088625,-2169075850,KRX MDCSTAT02401_OUT
recent3,KOSPI200,institution,251270,넷마블,179032,115354,-63678,6197553400,3998201225,-2199352175,KRX MDCSTAT02401_OUT
recent3,KOSPI200,institution,071050,한국금융지주,133094,117733,-15361,23575602400,20975207700,-2600394700,KRX MDCSTAT02401_OUT
recent3,KOSPI200,institution,086790,하나금융지주,449003,428385,-20618,57827586850,55212928550,-2614658300,KRX MDCSTAT02401_OUT
recent3,KOSPI200,institution,006800,미래에셋증권,840880,745423,-95457,26388832575,23765727825,-2623104750,KRX MDCSTAT02401_OUT
recent3,KOSPI200,institution,071970,HD현대마린엔진,76380,20476,-55904,3597435200,972524825,-2624910375,KRX MDCSTAT02401_OUT
recent3,KOSPI200,institution,069960,현대백화점,46700,13955,-32745,4072422900,1224615750,-2847807150,KRX MDCSTAT02401_OUT
recent3,KOSPI200,institution,298020,효성티앤씨,22773,11870,-10903,6262919500,3379902750,-2883016750,KRX MDCSTAT02401_OUT
recent3,KOSPI200,institution,011200,HMM,537694,387433,-150261,11472428950,8278429825,-3193999125,KRX MDCSTAT02401_OUT
recent3,KOSPI200,institution,120110,코오롱인더,123368,63885,-59483,7053826150,3642208650,-3411617500,KRX MDCSTAT02401_OUT
recent3,KOSPI200,institution,000150,두산,88636,82253,-6383,120353509500,116920926000,-3432583500,KRX MDCSTAT02401_OUT
recent3,KOSPI200,institution,000100,유한양행,159986,111900,-48086,12007706900,8427074150,-3580632750,KRX MDCSTAT02401_OUT
recent3,KOSPI200,institution,034220,LG디스플레이,1201775,767089,-434686,10185928635,6509425305,-3676503330,KRX MDCSTAT02401_OUT
recent3,KOSPI200,institution,010130,고려아연,11683,8217,-3466,12599821000,8892123000,-3707698000,KRX MDCSTAT02401_OUT
recent3,KOSPI200,institution,259960,크래프톤,73950,53566,-20384,14697796450,10640193550,-4057602900,KRX MDCSTAT02401_OUT
recent3,KOSPI200,institution,078930,GS,404666,362828,-41838,42971006100,38909742400,-4061263700,KRX MDCSTAT02401_OUT
recent3,KOSPI200,institution,011170,롯데케미칼,106356,30140,-76216,6416916150,1829998850,-4586917300,KRX MDCSTAT02401_OUT
recent3,KOSPI200,institution,003490,대한항공,1179408,1007592,-171816,36156168525,30981543650,-5174624875,KRX MDCSTAT02401_OUT
recent3,KOSPI200,institution,023530,롯데쇼핑,84182,31429,-52753,8374957550,3137175450,-5237782100,KRX MDCSTAT02401_OUT
recent3,KOSPI200,institution,271560,오리온,95419,45240,-50179,10051693000,4777166800,-5274526200,KRX MDCSTAT02401_OUT
recent3,KOSPI200,institution,005490,POSCO홀딩스,191306,173781,-17525,59547268000,54240967500,-5306300500,KRX MDCSTAT02401_OUT
recent3,KOSPI200,institution,001450,현대해상,230749,115398,-115351,10915080300,5479783900,-5435296400,KRX MDCSTAT02401_OUT
recent3,KOSPI200,institution,010140,삼성중공업,1932482,1655646,-276836,38054660180,32605897965,-5448762215,KRX MDCSTAT02401_OUT
recent3,KOSPI200,institution,375500,DL이앤씨,169668,95793,-73875,12572190150,7104660050,-5467530100,KRX MDCSTAT02401_OUT
recent3,KOSPI200,institution,047810,한국항공우주,239113,191593,-47520,30261069150,24602598150,-5658471000,KRX MDCSTAT02401_OUT
recent3,KOSPI200,institution,450080,에코프로머티,432462,266210,-166252,16694860000,10293314475,-6401545525,KRX MDCSTAT02401_OUT
recent3,KOSPI200,institution,086280,현대글로비스,118555,80634,-37921,23055825250,15895218450,-7160606800,KRX MDCSTAT02401_OUT
recent3,KOSPI200,institution,051900,LG생활건강,69668,40622,-29046,18518387000,10925932000,-7592455000,KRX MDCSTAT02401_OUT
recent3,KOSPI200,institution,064400,LG씨엔에스,205307,97974,-107333,14769273600,7021677500,-7747596100,KRX MDCSTAT02401_OUT
recent3,KOSPI200,institution,005830,DB손해보험,127419,84125,-43294,23394004400,15514025500,-7879978900,KRX MDCSTAT02401_OUT
recent3,KOSPI200,institution,030200,KT,458382,298552,-159830,23651077550,15410607100,-8240470450,KRX MDCSTAT02401_OUT
recent3,KOSPI200,institution,035720,카카오,703383,451555,-251828,23425031200,15073247700,-8351783500,KRX MDCSTAT02401_OUT
recent3,KOSPI200,institution,204320,HL만도,269978,67181,-202797,12609369425,3153322125,-9456047300,KRX MDCSTAT02401_OUT
recent3,KOSPI200,institution,161890,한국콜마,388561,304369,-84192,53273408250,42558209050,-10715199200,KRX MDCSTAT02401_OUT
recent3,KOSPI200,institution,039490,키움증권,74278,29192,-45086,18822259500,7433517000,-11388742500,KRX MDCSTAT02401_OUT
recent3,KOSPI200,institution,047040,대우건설,1795848,1074806,-721042,31697906280,18995472930,-12702433350,KRX MDCSTAT02401_OUT
recent3,KOSPI200,institution,443060,HD현대마린솔루션,92041,34114,-57927,20535194000,7726087000,-12809107000,KRX MDCSTAT02401_OUT
recent3,KOSPI200,institution,064350,현대로템,349914,230749,-119165,39122852600,26036043100,-13086809500,KRX MDCSTAT02401_OUT
recent3,KOSPI200,institution,207940,삼성바이오로직스,31303,20835,-10468,41218757500,27617119500,-13601638000,KRX MDCSTAT02401_OUT
recent3,KOSPI200,institution,267250,HD현대,195676,115133,-80543,38061226200,22523867850,-15537358350,KRX MDCSTAT02401_OUT
recent3,KOSPI200,institution,483650,달바글로벌,116303,28759,-87544,21154410250,5276830300,-15877579950,KRX MDCSTAT02401_OUT
recent3,KOSPI200,institution,018260,삼성에스디에스,131656,54359,-77297,28126680750,11730817000,-16395863750,KRX MDCSTAT02401_OUT
recent3,KOSPI200,institution,004170,신세계,75558,20880,-54678,24491441500,6778731000,-17712710500,KRX MDCSTAT02401_OUT
recent3,KOSPI200,institution,103140,풍산,317907,49844,-268063,22596591300,3679609200,-18916982100,KRX MDCSTAT02401_OUT
recent3,KOSPI200,institution,004020,현대제철,1083822,336022,-747800,31724498275,9925493875,-21799004400,KRX MDCSTAT02401_OUT
recent3,KOSPI200,institution,034020,두산에너빌리티,1776303,1508400,-267903,144305818200,122483870950,-21821947250,KRX MDCSTAT02401_OUT
recent3,KOSPI200,institution,007660,이수페타시스,634164,452289,-181875,79375663620,57510661470,-21865002150,KRX MDCSTAT02401_OUT
recent3,KOSPI200,institution,028260,삼성물산,245251,179999,-65252,84034637250,61765037250,-22269600000,KRX MDCSTAT02401_OUT
recent3,KOSPI200,institution,267260,HD현대일렉트릭,99089,61490,-37599,65425124500,41164755000,-24260369500,KRX MDCSTAT02401_OUT
recent3,KOSPI200,institution,009540,HD한국조선해양,203655,117037,-86618,63275993000,37044924500,-26231068500,KRX MDCSTAT02401_OUT
recent3,KOSPI200,institution,035420,NAVER,459320,305093,-154227,87764629500,58333929650,-29430699850,KRX MDCSTAT02401_OUT
recent3,KOSPI200,institution,042660,한화오션,692154,285195,-406959,53217148600,21946676250,-31270472350,KRX MDCSTAT02401_OUT
recent3,KOSPI200,institution,000720,현대건설,619528,285117,-334411,70395025300,32277502500,-38117522800,KRX MDCSTAT02401_OUT
recent3,KOSPI200,institution,267270,HD건설기계,454518,118318,-336200,52715840750,13802496900,-38913343850,KRX MDCSTAT02401_OUT
recent3,KOSPI200,institution,006260,LS,226225,75504,-150721,65528193000,22018349500,-43509843500,KRX MDCSTAT02401_OUT
recent3,KOSPI200,institution,000990,DB하이텍,471693,105060,-366633,64727547590,14650679940,-50076867650,KRX MDCSTAT02401_OUT
recent3,KOSPI200,institution,000270,기아,943491,397125,-546366,105085912250,44325040850,-60760871400,KRX MDCSTAT02401_OUT
recent3,KOSPI200,institution,298040,효성중공업,43467,16029,-27438,117026647500,43803744000,-73222903500,KRX MDCSTAT02401_OUT
recent3,KOSPI200,institution,005380,현대차,541954,300902,-241052,186277917250,104044371000,-82233546250,KRX MDCSTAT02401_OUT
recent3,KOSPI200,institution,329180,HD현대중공업,353461,152714,-200747,146186116500,63133378500,-83052738000,KRX MDCSTAT02401_OUT
recent3,KOSPI200,institution,005930,삼성전자,17943460,17544775,-398685,4909765563750,4808422007750,-101343556000,KRX MDCSTAT02401_OUT
recent3,KOSPI200,institution,000660,SK하이닉스,2377949,2200736,-177213,4247126341000,3940484158500,-306642182500,KRX MDCSTAT02401_OUT
recent3,KOSDAQ150,foreign,036930,주성엔지니어링,1229144,1622610,393466,320222175250,425017779000,104795603750,KRX MDCSTAT02401_OUT
recent3,KOSDAQ150,foreign,222800,심텍,651572,995772,344200,111078065450,169969744950,58891679500,KRX MDCSTAT02401_OUT
recent3,KOSDAQ150,foreign,067310,하나마이크론,1563560,2515597,952037,82090605050,131826172450,49735567400,KRX MDCSTAT02401_OUT
recent3,KOSDAQ150,foreign,086520,에코프로,696840,1136792,439952,64118793600,104525414800,40406621200,KRX MDCSTAT02401_OUT
recent3,KOSDAQ150,foreign,108490,로보티즈,163739,250780,87041,51147758750,78384763750,27237005000,KRX MDCSTAT02401_OUT
recent3,KOSDAQ150,foreign,098460,고영,1307916,1842692,534776,46090827150,65200483625,19109656475,KRX MDCSTAT02401_OUT
recent3,KOSDAQ150,foreign,277810,레인보우로보틱스,49311,85929,36618,22461323250,39112555500,16651232250,KRX MDCSTAT02401_OUT
recent3,KOSDAQ150,foreign,064760,티씨케이,46391,102182,55791,13692607000,29773980500,16081373500,KRX MDCSTAT02401_OUT
recent3,KOSDAQ150,foreign,214450,파마리서치,110380,159876,49496,34096989500,49027822250,14930832750,KRX MDCSTAT02401_OUT
recent3,KOSDAQ150,foreign,204270,제이앤티씨,1632109,2172580,540471,41278541025,55425630900,14147089875,KRX MDCSTAT02401_OUT
recent3,KOSDAQ150,foreign,058610,에스피지,159361,281221,121860,16592996600,29480342600,12887346000,KRX MDCSTAT02401_OUT
recent3,KOSDAQ150,foreign,036540,SFA반도체,5577575,6641271,1063696,65010386035,77030872660,12020486625,KRX MDCSTAT02401_OUT
recent3,KOSDAQ150,foreign,095610,테스,255538,327500,71962,44497120350,55841803200,11344682850,KRX MDCSTAT02401_OUT
recent3,KOSDAQ150,foreign,039030,이오테크닉스,102751,121317,18566,54986222000,64193355000,9207133000,KRX MDCSTAT02401_OUT
recent3,KOSDAQ150,foreign,096530,씨젠,462625,688277,225652,17812674225,26644332825,8831658600,KRX MDCSTAT02401_OUT
recent3,KOSDAQ150,foreign,247540,에코프로비엠,537677,611052,73375,66877740150,75198448550,8320708400,KRX MDCSTAT02401_OUT
recent3,KOSDAQ150,foreign,043260,성호전자,3261048,3504985,243937,105388503675,113020790000,7632286325,KRX MDCSTAT02401_OUT
recent3,KOSDAQ150,foreign,030530,원익홀딩스,950909,1180400,229491,28373853650,35613080675,7239227025,KRX MDCSTAT02401_OUT
recent3,KOSDAQ150,foreign,056080,유진로봇,697166,1359770,662604,8918630610,16048205885,7129575275,KRX MDCSTAT02401_OUT
recent3,KOSDAQ150,foreign,131290,티에스이,244798,267873,23075,75971337500,82905746750,6934409250,KRX MDCSTAT02401_OUT
recent3,KOSDAQ150,foreign,041190,우리기술투자,2872385,3722121,849736,18172237255,23653057980,5480820725,KRX MDCSTAT02401_OUT
recent3,KOSDAQ150,foreign,031980,피에스케이홀딩스,214659,238098,23439,42099506350,46720926600,4621420250,KRX MDCSTAT02401_OUT
recent3,KOSDAQ150,foreign,125490,한라캐스트,1669231,1979143,309912,22354796360,26378283455,4023487095,KRX MDCSTAT02401_OUT
recent3,KOSDAQ150,foreign,090360,로보스타,72621,108528,35907,5813933000,8743369000,2929436000,KRX MDCSTAT02401_OUT
recent3,KOSDAQ150,foreign,056190,SFA,215307,308507,93200,6730311350,9651393150,2921081800,KRX MDCSTAT02401_OUT
recent3,KOSDAQ150,foreign,466100,클로봇,151915,245059,93144,3601979125,5845567725,2243588600,KRX MDCSTAT02401_OUT
recent3,KOSDAQ150,foreign,018290,브이티,224168,369745,145577,2934867075,4897196325,1962329250,KRX MDCSTAT02401_OUT
recent3,KOSDAQ150,foreign,166090,하나머티리얼즈,128555,155210,26655,8192779050,9903336800,1710557750,KRX MDCSTAT02401_OUT
recent3,KOSDAQ150,foreign,388720,유일로보틱스,15319,38538,23219,1093505200,2762045400,1668540200,KRX MDCSTAT02401_OUT
recent3,KOSDAQ150,foreign,145020,휴젤,84592,91200,6608,15315410300,16509236550,1193826250,KRX MDCSTAT02401_OUT
recent3,KOSDAQ150,foreign,420770,기가비스,55294,64343,9049,7451443400,8608483400,1157040000,KRX MDCSTAT02401_OUT
recent3,KOSDAQ150,foreign,348370,엔켐,242666,289777,47111,5658484100,6812311225,1153827125,KRX MDCSTAT02401_OUT
recent3,KOSDAQ150,foreign,068760,셀트리온제약,57909,85785,27876,2264323325,3392545000,1128221675,KRX MDCSTAT02401_OUT
recent3,KOSDAQ150,foreign,293490,카카오게임즈,495076,579906,84830,4992405170,5863988765,871583595,KRX MDCSTAT02401_OUT
recent3,KOSDAQ150,foreign,033100,제룡전기,133094,149903,16809,6663833800,7487738325,823904525,KRX MDCSTAT02401_OUT
recent3,KOSDAQ150,foreign,328130,루닛,528066,599135,71069,5778977510,6558534475,779556965,KRX MDCSTAT02401_OUT
recent3,KOSDAQ150,foreign,253590,네오셈,1458397,1516350,57953,23076318315,23826947130,750628815,KRX MDCSTAT02401_OUT
recent3,KOSDAQ150,foreign,025980,아난티,624900,761513,136613,3129864876,3811576712,681711836,KRX MDCSTAT02401_OUT
recent3,KOSDAQ150,foreign,060370,LS마린솔루션,178015,197628,19613,6079854600,6702901700,623047100,KRX MDCSTAT02401_OUT
recent3,KOSDAQ150,foreign,015750,성우하이텍,115623,217473,101850,689700250,1297959470,608259220,KRX MDCSTAT02401_OUT
recent3,KOSDAQ150,foreign,009520,포스코엠텍,186532,227983,41451,2460034790,3003691210,543656420,KRX MDCSTAT02401_OUT
recent3,KOSDAQ150,foreign,161580,필옵틱스,358939,372681,13742,14942348100,15467018525,524670425,KRX MDCSTAT02401_OUT
recent3,KOSDAQ150,foreign,215200,메가스터디교육,35172,48327,13155,1331501000,1829241950,497740950,KRX MDCSTAT02401_OUT
recent3,KOSDAQ150,foreign,278280,천보,29905,42311,12406,1157637200,1643041275,485404075,KRX MDCSTAT02401_OUT
recent3,KOSDAQ150,foreign,399720,가온칩스,77496,85724,8228,3718916950,4124402375,405485425,KRX MDCSTAT02401_OUT
recent3,KOSDAQ150,foreign,124500,아이티센글로벌,170821,184091,13270,4961438650,5365695125,404256475,KRX MDCSTAT02401_OUT
recent3,KOSDAQ150,foreign,213420,덕산네오룩스,95519,107729,12210,2878460825,3251563425,373102600,KRX MDCSTAT02401_OUT
recent3,KOSDAQ150,foreign,036620,감성코퍼레이션,147514,224237,76723,553369540,842059790,288690250,KRX MDCSTAT02401_OUT
recent3,KOSDAQ150,foreign,090710,휴림로봇,1256140,1277692,21552,8180706515,8367502895,186796380,KRX MDCSTAT02401_OUT
recent3,KOSDAQ150,foreign,112040,위메이드,112630,123954,11324,1779026395,1953707170,174680775,KRX MDCSTAT02401_OUT
recent3,KOSDAQ150,foreign,211050,인카금융서비스,42554,57937,15383,415691440,565921280,150229840,KRX MDCSTAT02401_OUT
recent3,KOSDAQ150,foreign,263750,펄어비스,130002,134283,4281,4330928775,4478791275,147862500,KRX MDCSTAT02401_OUT
recent3,KOSDAQ150,foreign,253450,스튜디오드래곤,43560,50364,6804,901719875,1042869300,141149425,KRX MDCSTAT02401_OUT
recent3,KOSDAQ150,foreign,025900,동화기업,74448,92720,18272,554252745,689932890,135680145,KRX MDCSTAT02401_OUT
recent3,KOSDAQ150,foreign,352480,씨앤씨인터내셔널,9257,13229,3972,192238500,274291600,82053100,KRX MDCSTAT02401_OUT
recent3,KOSDAQ150,foreign,006730,서부T&D,431659,439708,8049,4989176560,5069596140,80419580,KRX MDCSTAT02401_OUT
recent3,KOSDAQ150,foreign,067160,SOOP,51632,53732,2100,1888622675,1965298000,76675325,KRX MDCSTAT02401_OUT
recent3,KOSDAQ150,foreign,225570,넥슨게임즈,149452,153418,3966,1602564230,1660846070,58281840,KRX MDCSTAT02401_OUT
recent3,KOSDAQ150,foreign,048410,현대바이오,986310,977882,-8428,7087675200,7054787395,-32887805,KRX MDCSTAT02401_OUT
recent3,KOSDAQ150,foreign,025320,시노펙스,370407,352857,-17550,1482719987,1414332215,-68387772,KRX MDCSTAT02401_OUT
recent3,KOSDAQ150,foreign,101730,위메이드맥스,929448,929873,425,4831404248,4739361632,-92042616,KRX MDCSTAT02401_OUT
recent3,KOSDAQ150,foreign,033500,동성화인텍,111782,103082,-8700,1800870980,1659944730,-140926250,KRX MDCSTAT02401_OUT
recent3,KOSDAQ150,foreign,194480,데브시스터즈,43226,29464,-13762,606737215,413531700,-193205515,KRX MDCSTAT02401_OUT
recent3,KOSDAQ150,foreign,003380,하림지주,429730,415920,-13810,4952206730,4752599145,-199607585,KRX MDCSTAT02401_OUT
recent3,KOSDAQ150,foreign,060250,NHN KCP,207451,187305,-20146,2838028085,2558347845,-279680240,KRX MDCSTAT02401_OUT
recent3,KOSDAQ150,foreign,183300,코미코,510659,501586,-9073,17449617775,17057937100,-391680675,KRX MDCSTAT02401_OUT
recent3,KOSDAQ150,foreign,122870,와이지엔터테인먼트,125486,114662,-10824,5142209125,4717803500,-424405625,KRX MDCSTAT02401_OUT
recent3,KOSDAQ150,foreign,014620,성광벤드,159471,144389,-15082,4795715050,4340114450,-455600600,KRX MDCSTAT02401_OUT
recent3,KOSDAQ150,foreign,095660,네오위즈,68284,42269,-26015,1238254365,767745290,-470509075,KRX MDCSTAT02401_OUT
recent3,KOSDAQ150,foreign,052400,코나아이,49073,36171,-12902,1817227000,1340933600,-476293400,KRX MDCSTAT02401_OUT
recent3,KOSDAQ150,foreign,376300,디어유,146369,118897,-27472,2746412275,2243177635,-503234640,KRX MDCSTAT02401_OUT
recent3,KOSDAQ150,foreign,214150,클래시스,253905,237702,-16203,7860907700,7355418800,-505488900,KRX MDCSTAT02401_OUT
recent3,KOSDAQ150,foreign,251970,펌텍코리아,214255,208261,-5994,13766595250,13237265750,-529329500,KRX MDCSTAT02401_OUT
recent3,KOSDAQ150,foreign,082270,젬백스,162558,114172,-48386,1829650095,1287068975,-542581120,KRX MDCSTAT02401_OUT
recent3,KOSDAQ150,foreign,041510,에스엠,134093,126883,-7210,10471327700,9864727050,-606600650,KRX MDCSTAT02401_OUT
recent3,KOSDAQ150,foreign,085660,차바이오텍,203682,130899,-72783,1754959335,1125565620,-629393715,KRX MDCSTAT02401_OUT
recent3,KOSDAQ150,foreign,032190,다우데이타,96131,62633,-33498,1836189400,1200645330,-635544070,KRX MDCSTAT02401_OUT
recent3,KOSDAQ150,foreign,060280,큐렉소,315822,243187,-72635,2809437260,2155551040,-653886220,KRX MDCSTAT02401_OUT
recent3,KOSDAQ150,foreign,137400,피엔티,183808,164007,-19801,5994708075,5327083800,-667624275,KRX MDCSTAT02401_OUT
recent3,KOSDAQ150,foreign,035760,CJ ENM,91744,71729,-20015,3193082800,2505628800,-687454000,KRX MDCSTAT02401_OUT
recent3,KOSDAQ150,foreign,195940,HK이노엔,88725,70179,-18546,3615403750,2866543875,-748859875,KRX MDCSTAT02401_OUT
recent3,KOSDAQ150,foreign,0009K0,에임드바이오,139318,108643,-30675,3551347550,2780807775,-770539775,KRX MDCSTAT02401_OUT
recent3,KOSDAQ150,foreign,069080,웹젠,152423,82354,-70069,1811012255,980734600,-830277655,KRX MDCSTAT02401_OUT
recent3,KOSDAQ150,foreign,082920,비츠로셀,352025,322897,-29128,10456775575,9600237900,-856537675,KRX MDCSTAT02401_OUT
recent3,KOSDAQ150,foreign,214370,케어젠,127278,107307,-19971,5589087675,4727393300,-861694375,KRX MDCSTAT02401_OUT
recent3,KOSDAQ150,foreign,171090,선익시스템,52555,40706,-11849,3966082950,3063796300,-902286650,KRX MDCSTAT02401_OUT
recent3,KOSDAQ150,foreign,065350,신성델타테크,109136,80424,-28712,3618739775,2665638500,-953101275,KRX MDCSTAT02401_OUT
recent3,KOSDAQ150,foreign,237690,에스티팜,101203,90847,-10356,9681181300,8702490850,-978690450,KRX MDCSTAT02401_OUT
recent3,KOSDAQ150,foreign,078340,컴투스,100705,72340,-28365,3773655150,2711037500,-1062617650,KRX MDCSTAT02401_OUT
recent3,KOSDAQ150,foreign,035900,JYP Ent.,262361,232681,-29680,9981482825,8887567875,-1093914950,KRX MDCSTAT02401_OUT
recent3,KOSDAQ150,foreign,007390,네이처셀,184616,137190,-47426,4587072225,3424699675,-1162372550,KRX MDCSTAT02401_OUT
recent3,KOSDAQ150,foreign,121600,나노신소재,114631,94264,-20367,7104341950,5880967000,-1223374950,KRX MDCSTAT02401_OUT
recent3,KOSDAQ150,foreign,232140,와이씨,2821744,2753730,-68014,48724814725,47476724605,-1248090120,KRX MDCSTAT02401_OUT
recent3,KOSDAQ150,foreign,032500,케이엠더블유,344039,283271,-60768,7168768270,5909246645,-1259521625,KRX MDCSTAT02401_OUT
recent3,KOSDAQ150,foreign,089030,테크윙,658291,634577,-23714,36886267200,35515713050,-1370554150,KRX MDCSTAT02401_OUT
recent3,KOSDAQ150,foreign,272290,이녹스첨단소재,123821,61940,-61881,2804179550,1398225125,-1405954425,KRX MDCSTAT02401_OUT
recent3,KOSDAQ150,foreign,475830,오름테라퓨틱,387737,327541,-60196,8229667775,6812508025,-1417159750,KRX MDCSTAT02401_OUT
recent3,KOSDAQ150,foreign,358570,지아이이노베이션,458424,285465,-172959,4153709930,2601839955,-1551869975,KRX MDCSTAT02401_OUT
recent3,KOSDAQ150,foreign,437730,삼현,282883,246592,-36291,14717473500,12801403550,-1916069950,KRX MDCSTAT02401_OUT
recent3,KOSDAQ150,foreign,281740,레이크머티리얼즈,687248,515227,-172021,8787145535,6595013775,-2192131760,KRX MDCSTAT02401_OUT
recent3,KOSDAQ150,foreign,140860,파크시스템스,69414,61673,-7741,21162280250,18766938500,-2395341750,KRX MDCSTAT02401_OUT
recent3,KOSDAQ150,foreign,030520,한컴,302498,158226,-144272,5471635810,2875655330,-2595980480,KRX MDCSTAT02401_OUT
recent3,KOSDAQ150,foreign,039200,오스코텍,182776,109108,-73668,7092317350,4170163675,-2922153675,KRX MDCSTAT02401_OUT
recent3,KOSDAQ150,foreign,214430,아이쓰리시스템,70715,32891,-37824,5550722000,2573873600,-2976848400,KRX MDCSTAT02401_OUT
recent3,KOSDAQ150,foreign,241710,코스메카코리아,325498,302716,-22782,36123598650,33106867450,-3016731200,KRX MDCSTAT02401_OUT
recent3,KOSDAQ150,foreign,445680,큐리옥스바이오시스템즈,112250,61919,-50331,6781160500,3750993900,-3030166600,KRX MDCSTAT02401_OUT
recent3,KOSDAQ150,foreign,074600,원익QnC,201805,104623,-97182,6553110200,3384296800,-3168813400,KRX MDCSTAT02401_OUT
recent3,KOSDAQ150,foreign,348210,넥스틴,136271,55159,-81112,5367381300,2172026525,-3195354775,KRX MDCSTAT02401_OUT
recent3,KOSDAQ150,foreign,036810,에프에스티,251635,154962,-96673,9004413700,5508253525,-3496160175,KRX MDCSTAT02401_OUT
recent3,KOSDAQ150,foreign,078600,대주전자재료,361542,334027,-27515,39757380450,36200206400,-3557174050,KRX MDCSTAT02401_OUT
recent3,KOSDAQ150,foreign,036830,솔브레인홀딩스,152964,78190,-74774,7391448800,3747155500,-3644293300,KRX MDCSTAT02401_OUT
recent3,KOSDAQ150,foreign,083650,비에이치아이,239658,170384,-69274,14049168250,9970851800,-4078316450,KRX MDCSTAT02401_OUT
recent3,KOSDAQ150,foreign,032820,우리기술,2020338,1653027,-367311,25848316685,21092158140,-4756158545,KRX MDCSTAT02401_OUT
recent3,KOSDAQ150,foreign,100790,미래에셋벤처투자,797047,503316,-293731,14440743880,9340511025,-5100232855,KRX MDCSTAT02401_OUT
recent3,KOSDAQ150,foreign,319400,현대무벡스,666035,392658,-273377,13844714950,8206252175,-5638462775,KRX MDCSTAT02401_OUT
recent3,KOSDAQ150,foreign,295310,에이치브이엠,227656,136745,-90911,16432281400,9883767350,-6548514050,KRX MDCSTAT02401_OUT
recent3,KOSDAQ150,foreign,310210,보로노이,101955,53934,-48021,15222930150,8124384900,-7098545250,KRX MDCSTAT02401_OUT
recent3,KOSDAQ150,foreign,087010,펩트론,355919,305463,-50456,42409203250,35282947950,-7126255300,KRX MDCSTAT02401_OUT
recent3,KOSDAQ150,foreign,131970,두산테스나,379316,315181,-64135,42603596800,35448596750,-7155000050,KRX MDCSTAT02401_OUT
recent3,KOSDAQ150,foreign,417200,LS머트리얼즈,1854978,1396261,-458717,28337683320,21166985925,-7170697395,KRX MDCSTAT02401_OUT
recent3,KOSDAQ150,foreign,042000,카페24,1035918,656946,-378972,21675842490,14174247195,-7501595295,KRX MDCSTAT02401_OUT
recent3,KOSDAQ150,foreign,050890,쏠리드,2226836,1500406,-726430,23555791270,15901859155,-7653932115,KRX MDCSTAT02401_OUT
recent3,KOSDAQ150,foreign,257720,실리콘투,731516,512881,-218635,27325511075,19070365900,-8255145175,KRX MDCSTAT02401_OUT
recent3,KOSDAQ150,foreign,189300,인텔리안테크,219625,105147,-114478,16024932350,7667562450,-8357369900,KRX MDCSTAT02401_OUT
recent3,KOSDAQ150,foreign,028300,HLB,2602650,2408373,-194277,122262312325,113486278400,-8776033925,KRX MDCSTAT02401_OUT
recent3,KOSDAQ150,foreign,218410,RFHIC,518520,377502,-141018,32082759450,23242436600,-8840322850,KRX MDCSTAT02401_OUT
recent3,KOSDAQ150,foreign,323280,태성,397175,234210,-162965,24111728550,14212787450,-9898941100,KRX MDCSTAT02401_OUT
recent3,KOSDAQ150,foreign,053800,안랩,384373,267985,-116388,33201197850,22956651850,-10244546000,KRX MDCSTAT02401_OUT
recent3,KOSDAQ150,foreign,099320,쎄트렉아이,222488,83979,-138509,17959019350,6812083250,-11146936100,KRX MDCSTAT02401_OUT
recent3,KOSDAQ150,foreign,095340,ISC,240264,187013,-53251,49876816750,38531845500,-11344971250,KRX MDCSTAT02401_OUT
recent3,KOSDAQ150,foreign,298380,에이비엘바이오,476269,235133,-241136,24901595800,12275720450,-12625875350,KRX MDCSTAT02401_OUT
recent3,KOSDAQ150,foreign,178320,서진시스템,1324650,1016746,-307904,55621304150,42673973075,-12947331075,KRX MDCSTAT02401_OUT
recent3,KOSDAQ150,foreign,005290,동진쎄미켐,576615,327394,-249221,30009315300,17042906950,-12966408350,KRX MDCSTAT02401_OUT
recent3,KOSDAQ150,foreign,084370,유진테크,361852,290509,-71343,63859813900,50889062500,-12970751400,KRX MDCSTAT02401_OUT
recent3,KOSDAQ150,foreign,290650,엘앤씨바이오,413874,167086,-246788,23057642650,9277243300,-13780399350,KRX MDCSTAT02401_OUT
recent3,KOSDAQ150,foreign,141080,리가켐바이오,341723,147488,-194235,28386845150,12287086000,-16099759150,KRX MDCSTAT02401_OUT
recent3,KOSDAQ150,foreign,347850,디앤디파마텍,873228,516896,-356332,39980253625,23592722775,-16387530850,KRX MDCSTAT02401_OUT
recent3,KOSDAQ150,foreign,038500,삼표시멘트,5190208,3020014,-2170194,41015997725,23719192815,-17296804910,KRX MDCSTAT02401_OUT
recent3,KOSDAQ150,foreign,196170,알테오젠,247783,180986,-66797,64524253750,47137775250,-17386478500,KRX MDCSTAT02401_OUT
recent3,KOSDAQ150,foreign,403870,HPSP,2102463,1820320,-282143,140911025700,122624927000,-18286098700,KRX MDCSTAT02401_OUT
recent3,KOSDAQ150,foreign,089970,브이엠,787678,468375,-319303,53454695000,31863380150,-21591314850,KRX MDCSTAT02401_OUT
recent3,KOSDAQ150,foreign,226950,올릭스,317230,116111,-201119,38430082400,13974975550,-24455106850,KRX MDCSTAT02401_OUT
recent3,KOSDAQ150,foreign,080220,제주반도체,1957199,1669483,-287716,177600942100,151908159250,-25692782850,KRX MDCSTAT02401_OUT
recent3,KOSDAQ150,foreign,101490,에스앤에스텍,689540,184730,-504810,36749973750,9780476900,-26969496850,KRX MDCSTAT02401_OUT
recent3,KOSDAQ150,foreign,000250,삼천당제약,441578,198671,-242907,101958746100,45752203350,-56206542750,KRX MDCSTAT02401_OUT
recent3,KOSDAQ150,foreign,240810,원익IPS,1264853,759106,-505747,174920741800,104515774450,-70404967350,KRX MDCSTAT02401_OUT
recent3,KOSDAQ150,foreign,058470,리노공업,2382380,788548,-1593832,204589613600,67336623750,-137252989850,KRX MDCSTAT02401_OUT
recent3,KOSDAQ150,institution,058470,리노공업,702086,2165659,1463573,60284843928,186234976878,125950132950,KRX MDCSTAT02401_OUT
recent3,KOSDAQ150,institution,226950,올릭스,148027,349429,201402,17892878800,42477138750,24584259950,KRX MDCSTAT02401_OUT
recent3,KOSDAQ150,institution,108490,로보티즈,48409,113861,65452,15150763250,35597901000,20447137750,KRX MDCSTAT02401_OUT
recent3,KOSDAQ150,institution,086520,에코프로,615788,788583,172795,56388267900,72343766450,15955498550,KRX MDCSTAT02401_OUT
recent3,KOSDAQ150,institution,028300,HLB,337317,682909,345592,15851913450,30731329200,14879415750,KRX MDCSTAT02401_OUT
recent3,KOSDAQ150,institution,295310,에이치브이엠,119011,307293,188282,8658799700,22190889150,13532089450,KRX MDCSTAT02401_OUT
recent3,KOSDAQ150,institution,078600,대주전자재료,67930,176750,108820,7491550600,19358467000,11866916400,KRX MDCSTAT02401_OUT
recent3,KOSDAQ150,institution,080220,제주반도체,195208,317908,122700,17250911950,28914718800,11663806850,KRX MDCSTAT02401_OUT
recent3,KOSDAQ150,institution,417200,LS머트리얼즈,481192,1138242,657050,7399864450,17536714445,10136849995,KRX MDCSTAT02401_OUT
recent3,KOSDAQ150,institution,140860,파크시스템스,13829,41399,27570,4179899250,12663398750,8483499500,KRX MDCSTAT02401_OUT
recent3,KOSDAQ150,institution,277810,레인보우로보틱스,21452,37659,16207,9773454500,17282169750,7508715250,KRX MDCSTAT02401_OUT
recent3,KOSDAQ150,institution,253590,네오셈,23647,448133,424486,377301715,7166234105,6788932390,KRX MDCSTAT02401_OUT
recent3,KOSDAQ150,institution,121600,나노신소재,34273,138144,103871,2138365200,8647899250,6509534050,KRX MDCSTAT02401_OUT
recent3,KOSDAQ150,institution,290650,엘앤씨바이오,77756,182654,104898,4387186650,10324178500,5936991850,KRX MDCSTAT02401_OUT
recent3,KOSDAQ150,institution,039200,오스코텍,65955,200134,134179,2467246200,7766666075,5299419875,KRX MDCSTAT02401_OUT
recent3,KOSDAQ150,institution,218410,RFHIC,249211,326126,76915,15286193950,20225088850,4938894900,KRX MDCSTAT02401_OUT
recent3,KOSDAQ150,institution,005290,동진쎄미켐,235946,329370,93424,12253145500,17147101350,4893955850,KRX MDCSTAT02401_OUT
recent3,KOSDAQ150,institution,161580,필옵틱스,15930,118589,102659,661087950,4885099150,4224011200,KRX MDCSTAT02401_OUT
recent3,KOSDAQ150,institution,036810,에프에스티,18669,136185,117516,665146525,4887639425,4222492900,KRX MDCSTAT02401_OUT
recent3,KOSDAQ150,institution,241710,코스메카코리아,189185,219406,30221,20444691850,24531734450,4087042600,KRX MDCSTAT02401_OUT
recent3,KOSDAQ150,institution,257720,실리콘투,319043,414410,95367,11794449400,15517906600,3723457200,KRX MDCSTAT02401_OUT
recent3,KOSDAQ150,institution,251970,펌텍코리아,127853,176392,48539,8093602850,11251819400,3158216550,KRX MDCSTAT02401_OUT
recent3,KOSDAQ150,institution,056080,유진로봇,66467,324650,258183,849979105,3975136710,3125157605,KRX MDCSTAT02401_OUT
recent3,KOSDAQ150,institution,096530,씨젠,108554,187909,79355,4143851925,7242661000,3098809075,KRX MDCSTAT02401_OUT
recent3,KOSDAQ150,institution,074600,원익QnC,145598,239448,93850,4722338550,7771517175,3049178625,KRX MDCSTAT02401_OUT
recent3,KOSDAQ150,institution,178320,서진시스템,171706,239882,68176,7191629600,10118590450,2926960850,KRX MDCSTAT02401_OUT
recent3,KOSDAQ150,institution,189300,인텔리안테크,30027,64976,34949,2179926950,4751709600,2571782650,KRX MDCSTAT02401_OUT
recent3,KOSDAQ150,institution,323280,태성,27480,66356,38876,1663620400,4025815000,2362194600,KRX MDCSTAT02401_OUT
recent3,KOSDAQ150,institution,310210,보로노이,25013,40299,15286,3759883050,6042457850,2282574800,KRX MDCSTAT02401_OUT
recent3,KOSDAQ150,institution,041190,우리기술투자,84795,441123,356328,534929500,2807685080,2272755580,KRX MDCSTAT02401_OUT
recent3,KOSDAQ150,institution,042000,카페24,48992,147790,98798,1022730895,3265005870,2242274975,KRX MDCSTAT02401_OUT
recent3,KOSDAQ150,institution,030530,원익홀딩스,34731,106646,71915,1034065575,3162457800,2128392225,KRX MDCSTAT02401_OUT
recent3,KOSDAQ150,institution,006730,서부T&D,248914,431311,182397,2857248905,4965390805,2108141900,KRX MDCSTAT02401_OUT
recent3,KOSDAQ150,institution,003380,하림지주,168035,352463,184428,1932719920,4028637150,2095917230,KRX MDCSTAT02401_OUT
recent3,KOSDAQ150,institution,237690,에스티팜,72920,93120,20200,6970787650,8950241850,1979454200,KRX MDCSTAT02401_OUT
recent3,KOSDAQ150,institution,247540,에코프로비엠,295461,301443,5982,36029586800,37532892900,1503306100,KRX MDCSTAT02401_OUT
recent3,KOSDAQ150,institution,084370,유진테크,131125,137511,6386,22846359200,24292293550,1445934350,KRX MDCSTAT02401_OUT
recent3,KOSDAQ150,institution,032500,케이엠더블유,36531,102588,66057,758463700,2147168315,1388704615,KRX MDCSTAT02401_OUT
recent3,KOSDAQ150,institution,125490,한라캐스트,15536,118794,103258,205961550,1580292390,1374330840,KRX MDCSTAT02401_OUT
recent3,KOSDAQ150,institution,131290,티에스이,96780,101034,4254,28975660750,30323690750,1348030000,KRX MDCSTAT02401_OUT
recent3,KOSDAQ150,institution,281740,레이크머티리얼즈,124381,223519,99138,1592537755,2863568590,1271030835,KRX MDCSTAT02401_OUT
recent3,KOSDAQ150,institution,347850,디앤디파마텍,90415,114942,24527,4047327550,5275569775,1228242225,KRX MDCSTAT02401_OUT
recent3,KOSDAQ150,institution,293490,카카오게임즈,254592,373117,118525,2559784715,3768364455,1208579740,KRX MDCSTAT02401_OUT
recent3,KOSDAQ150,institution,041510,에스엠,86103,99456,13353,6670169300,7831525000,1161355700,KRX MDCSTAT02401_OUT
recent3,KOSDAQ150,institution,033100,제룡전기,19000,41830,22830,948330000,2089456100,1141126100,KRX MDCSTAT02401_OUT
recent3,KOSDAQ150,institution,214430,아이쓰리시스템,7668,21116,13448,603421300,1656855450,1053434150,KRX MDCSTAT02401_OUT
recent3,KOSDAQ150,institution,098460,고영,423571,448359,24788,15029973925,15951931525,921957600,KRX MDCSTAT02401_OUT
recent3,KOSDAQ150,institution,099320,쎄트렉아이,10631,21132,10501,860496800,1716778450,856281650,KRX MDCSTAT02401_OUT
recent3,KOSDAQ150,institution,214370,케어젠,19495,38162,18667,849042600,1687742950,838700350,KRX MDCSTAT02401_OUT
recent3,KOSDAQ150,institution,445680,큐리옥스바이오시스템즈,19133,31542,12409,1158696050,1922961950,764265900,KRX MDCSTAT02401_OUT
recent3,KOSDAQ150,institution,225570,넥슨게임즈,42357,109160,66803,455820670,1180606440,724785770,KRX MDCSTAT02401_OUT
recent3,KOSDAQ150,institution,078340,컴투스,30052,49204,19152,1120290800,1843666600,723375800,KRX MDCSTAT02401_OUT
recent3,KOSDAQ150,institution,215200,메가스터디교육,12023,30430,18407,454353850,1152945550,698591700,KRX MDCSTAT02401_OUT
recent3,KOSDAQ150,institution,050890,쏠리드,54581,118470,63889,573487800,1248968140,675480340,KRX MDCSTAT02401_OUT
recent3,KOSDAQ150,institution,101490,에스앤에스텍,67329,79004,11675,3590457050,4208511400,618054350,KRX MDCSTAT02401_OUT
recent3,KOSDAQ150,institution,018290,브이티,37637,72215,34578,496049090,960225200,464176110,KRX MDCSTAT02401_OUT
recent3,KOSDAQ150,institution,358570,지아이이노베이션,71106,119497,48391,636203325,1097996670,461793345,KRX MDCSTAT02401_OUT
recent3,KOSDAQ150,institution,137400,피엔티,43436,57136,13700,1419969925,1874472675,454502750,KRX MDCSTAT02401_OUT
recent3,KOSDAQ150,institution,007390,네이처셀,38500,55112,16612,955417650,1374230050,418812400,KRX MDCSTAT02401_OUT
recent3,KOSDAQ150,institution,403870,HPSP,1129333,1131926,2593,75533552600,75950134700,416582100,KRX MDCSTAT02401_OUT
recent3,KOSDAQ150,institution,0009K0,에임드바이오,45567,61362,15795,1162624625,1574295900,411671275,KRX MDCSTAT02401_OUT
recent3,KOSDAQ150,institution,348370,엔켐,48332,65491,17159,1138148800,1547755100,409606300,KRX MDCSTAT02401_OUT
recent3,KOSDAQ150,institution,043260,성호전자,1721341,1740837,19496,55675504425,56077117325,401612900,KRX MDCSTAT02401_OUT
recent3,KOSDAQ150,institution,095660,네오위즈,22617,42942,20325,409609140,779901540,370292400,KRX MDCSTAT02401_OUT
recent3,KOSDAQ150,institution,035900,JYP Ent.,69124,77188,8064,2619631850,2939175475,319543625,KRX MDCSTAT02401_OUT
recent3,KOSDAQ150,institution,100790,미래에셋벤처투자,13528,26614,13086,243644470,483761655,240117185,KRX MDCSTAT02401_OUT
recent3,KOSDAQ150,institution,085660,차바이오텍,74014,101040,27026,636703180,873197030,236493850,KRX MDCSTAT02401_OUT
recent3,KOSDAQ150,institution,263750,펄어비스,62425,68303,5878,2079914925,2279545925,199631000,KRX MDCSTAT02401_OUT
recent3,KOSDAQ150,institution,053800,안랩,17046,19284,2238,1449047450,1644799000,195751550,KRX MDCSTAT02401_OUT
recent3,KOSDAQ150,institution,065350,신성델타테크,17172,21813,4641,567473350,723396700,155923350,KRX MDCSTAT02401_OUT
recent3,KOSDAQ150,institution,399720,가온칩스,5559,8703,3144,265637850,415301625,149663775,KRX MDCSTAT02401_OUT
recent3,KOSDAQ150,institution,082920,비츠로셀,88438,93484,5046,2625127900,2770013175,144885275,KRX MDCSTAT02401_OUT
recent3,KOSDAQ150,institution,069080,웹젠,40724,52770,12046,483217770,627890630,144672860,KRX MDCSTAT02401_OUT
recent3,KOSDAQ150,institution,056190,SFA,157432,161450,4018,4919744275,5063765600,144021325,KRX MDCSTAT02401_OUT
recent3,KOSDAQ150,institution,009520,포스코엠텍,68943,79006,10063,912145300,1047019120,134873820,KRX MDCSTAT02401_OUT
recent3,KOSDAQ150,institution,030520,한컴,46958,54000,7042,847411610,981598975,134187365,KRX MDCSTAT02401_OUT
recent3,KOSDAQ150,institution,036830,솔브레인홀딩스,45969,48733,2764,2216335550,2349850000,133514450,KRX MDCSTAT02401_OUT
recent3,KOSDAQ150,institution,038500,삼표시멘트,417842,434103,16261,3237843750,3371293135,133449385,KRX MDCSTAT02401_OUT
recent3,KOSDAQ150,institution,014620,성광벤드,85608,89744,4136,2575260600,2695142450,119881850,KRX MDCSTAT02401_OUT
recent3,KOSDAQ150,institution,082270,젬백스,24805,35095,10290,276751200,395336720,118585520,KRX MDCSTAT02401_OUT
recent3,KOSDAQ150,institution,025320,시노펙스,47345,69159,21814,189154965,277365845,88210880,KRX MDCSTAT02401_OUT
recent3,KOSDAQ150,institution,025980,아난티,50924,68297,17373,255724442,342553203,86828761,KRX MDCSTAT02401_OUT
recent3,KOSDAQ150,institution,253450,스튜디오드래곤,26200,29762,3562,539927375,616795800,76868425,KRX MDCSTAT02401_OUT
recent3,KOSDAQ150,institution,278280,천보,7355,9102,1747,284210475,352136200,67925725,KRX MDCSTAT02401_OUT
recent3,KOSDAQ150,institution,194480,데브시스터즈,17896,22172,4276,251038630,311940820,60902190,KRX MDCSTAT02401_OUT
recent3,KOSDAQ150,institution,101730,위메이드맥스,15039,22427,7388,71189695,107791060,36601365,KRX MDCSTAT02401_OUT
recent3,KOSDAQ150,institution,166090,하나머티리얼즈,92909,92964,55,5911149450,5925859000,14709550,KRX MDCSTAT02401_OUT
recent3,KOSDAQ150,institution,035760,CJ ENM,35715,35589,-126,1244100650,1247380100,3279450,KRX MDCSTAT02401_OUT
recent3,KOSDAQ150,institution,211050,인카금융서비스,57709,56237,-1472,560344640,550176260,-10168380,KRX MDCSTAT02401_OUT
recent3,KOSDAQ150,institution,060250,NHN KCP,22885,21219,-1666,312596055,290638020,-21958035,KRX MDCSTAT02401_OUT
recent3,KOSDAQ150,institution,272290,이녹스첨단소재,35284,34276,-1008,797470025,774235400,-23234625,KRX MDCSTAT02401_OUT
recent3,KOSDAQ150,institution,112040,위메이드,70428,68500,-1928,1110334400,1080906375,-29428025,KRX MDCSTAT02401_OUT
recent3,KOSDAQ150,institution,025900,동화기업,20469,15031,-5438,152133040,112066250,-40066790,KRX MDCSTAT02401_OUT
recent3,KOSDAQ150,institution,376300,디어유,62461,59093,-3368,1168199325,1109040390,-59158935,KRX MDCSTAT02401_OUT
recent3,KOSDAQ150,institution,048410,현대바이오,232333,222676,-9657,1667475135,1603547755,-63927380,KRX MDCSTAT02401_OUT
recent3,KOSDAQ150,institution,090360,로보스타,9832,8738,-1094,787681700,700360200,-87321500,KRX MDCSTAT02401_OUT
recent3,KOSDAQ150,institution,015750,성우하이텍,66716,49108,-17608,396915875,293069405,-103846470,KRX MDCSTAT02401_OUT
recent3,KOSDAQ150,institution,352480,씨앤씨인터내셔널,10311,3805,-6506,213870000,79419325,-134450675,KRX MDCSTAT02401_OUT
recent3,KOSDAQ150,institution,348210,넥스틴,32268,28299,-3969,1256940025,1119431675,-137508350,KRX MDCSTAT02401_OUT
recent3,KOSDAQ150,institution,036620,감성코퍼레이션,194568,146481,-48087,728228525,552588305,-175640220,KRX MDCSTAT02401_OUT
recent3,KOSDAQ150,institution,032190,다우데이타,35731,24512,-11219,681408850,472099465,-209309385,KRX MDCSTAT02401_OUT
recent3,KOSDAQ150,institution,033500,동성화인텍,34241,20435,-13806,544477670,329422495,-215055175,KRX MDCSTAT02401_OUT
recent3,KOSDAQ150,institution,067160,SOOP,22483,16076,-6407,821028850,588542950,-232485900,KRX MDCSTAT02401_OUT
recent3,KOSDAQ150,institution,060280,큐렉소,75017,47084,-27933,654275895,415648445,-238627450,KRX MDCSTAT02401_OUT
recent3,KOSDAQ150,institution,319400,현대무벡스,87146,74963,-12183,1812976150,1557675675,-255300475,KRX MDCSTAT02401_OUT
recent3,KOSDAQ150,institution,232140,와이씨,553861,534311,-19550,9495977680,9224057760,-271919920,KRX MDCSTAT02401_OUT
recent3,KOSDAQ150,institution,298380,에이비엘바이오,101113,94406,-6707,5253924500,4936179900,-317744600,KRX MDCSTAT02401_OUT
recent3,KOSDAQ150,institution,122870,와이지엔터테인먼트,55164,47016,-8148,2266676475,1940241250,-326435225,KRX MDCSTAT02401_OUT
recent3,KOSDAQ150,institution,032820,우리기술,219228,190448,-28780,2780616955,2429955065,-350661890,KRX MDCSTAT02401_OUT
recent3,KOSDAQ150,institution,171090,선익시스템,35609,30101,-5508,2630845200,2264948000,-365897200,KRX MDCSTAT02401_OUT
recent3,KOSDAQ150,institution,145020,휴젤,14862,12503,-2359,2688411650,2287553600,-400858050,KRX MDCSTAT02401_OUT
recent3,KOSDAQ150,institution,195940,HK이노엔,78850,66394,-12456,3213678525,2712521600,-501156925,KRX MDCSTAT02401_OUT
recent3,KOSDAQ150,institution,090710,휴림로봇,204106,124797,-79309,1328917010,812404530,-516512480,KRX MDCSTAT02401_OUT
recent3,KOSDAQ150,institution,388720,유일로보틱스,19399,9106,-10293,1387347100,647847100,-739500000,KRX MDCSTAT02401_OUT
recent3,KOSDAQ150,institution,058610,에스피지,86909,76832,-10077,9172855500,8138956500,-1033899000,KRX MDCSTAT02401_OUT
recent3,KOSDAQ150,institution,466100,클로봇,80983,36327,-44656,1934564000,861522700,-1073041300,KRX MDCSTAT02401_OUT
recent3,KOSDAQ150,institution,328130,루닛,172658,66857,-105801,1849842875,735479615,-1114363260,KRX MDCSTAT02401_OUT
recent3,KOSDAQ150,institution,052400,코나아이,49005,14711,-34294,1817759975,545691250,-1272068725,KRX MDCSTAT02401_OUT
recent3,KOSDAQ150,institution,124500,아이티센글로벌,79237,22074,-57163,2290836950,649861400,-1640975550,KRX MDCSTAT02401_OUT
recent3,KOSDAQ150,institution,000250,삼천당제약,195609,190721,-4888,45188507100,43507156550,-1681350550,KRX MDCSTAT02401_OUT
recent3,KOSDAQ150,institution,068760,셀트리온제약,64489,20312,-44177,2492229300,804366800,-1687862500,KRX MDCSTAT02401_OUT
recent3,KOSDAQ150,institution,213420,덕산네오룩스,94438,37166,-57272,2838797025,1124203650,-1714593375,KRX MDCSTAT02401_OUT
recent3,KOSDAQ150,institution,214150,클래시스,107153,50241,-56912,3309983500,1562086800,-1747896700,KRX MDCSTAT02401_OUT
recent3,KOSDAQ150,institution,141080,리가켐바이오,157941,127139,-30802,13067097800,10555252900,-2511844900,KRX MDCSTAT02401_OUT
recent3,KOSDAQ150,institution,420770,기가비스,85122,59895,-25227,11397614100,8160701600,-3236912500,KRX MDCSTAT02401_OUT
recent3,KOSDAQ150,institution,060370,LS마린솔루션,183525,53416,-130109,6219683250,1816685075,-4402998175,KRX MDCSTAT02401_OUT
recent3,KOSDAQ150,institution,131970,두산테스나,250839,209771,-41068,28452790150,24041366250,-4411423900,KRX MDCSTAT02401_OUT
recent3,KOSDAQ150,institution,475830,오름테라퓨틱,243654,21607,-222047,5073091050,454451800,-4618639250,KRX MDCSTAT02401_OUT
recent3,KOSDAQ150,institution,437730,삼현,166790,74701,-92089,8606376000,3884748000,-4721628000,KRX MDCSTAT02401_OUT
recent3,KOSDAQ150,institution,204270,제이앤티씨,270222,78161,-192061,7101147800,1895258525,-5205889275,KRX MDCSTAT02401_OUT
recent3,KOSDAQ150,institution,089030,테크윙,207717,108320,-99397,11475708150,6079135250,-5396572900,KRX MDCSTAT02401_OUT
recent3,KOSDAQ150,institution,083650,비에이치아이,136868,34036,-102832,7991889100,1999411900,-5992477200,KRX MDCSTAT02401_OUT
recent3,KOSDAQ150,institution,087010,펩트론,117989,60850,-57139,14545758350,7018605150,-7527153200,KRX MDCSTAT02401_OUT
recent3,KOSDAQ150,institution,031980,피에스케이홀딩스,219400,176675,-42725,42410398650,34851332350,-7559066300,KRX MDCSTAT02401_OUT
recent3,KOSDAQ150,institution,183300,코미코,304097,78292,-225805,10296156925,2668662275,-7627494650,KRX MDCSTAT02401_OUT
recent3,KOSDAQ150,institution,089970,브이엠,560948,430201,-130747,37976646750,29269568500,-8707078250,KRX MDCSTAT02401_OUT
recent3,KOSDAQ150,institution,036540,SFA반도체,2944882,1999764,-945118,33986436905,23214850620,-10771586285,KRX MDCSTAT02401_OUT
recent3,KOSDAQ150,institution,039030,이오테크닉스,145143,117705,-27438,76715793500,62630783000,-14085010500,KRX MDCSTAT02401_OUT
recent3,KOSDAQ150,institution,196170,알테오젠,226775,171166,-55609,58910661000,44610318000,-14300343000,KRX MDCSTAT02401_OUT
recent3,KOSDAQ150,institution,067310,하나마이크론,668758,361009,-307749,35106247450,18920205050,-16186042400,KRX MDCSTAT02401_OUT
recent3,KOSDAQ150,institution,064760,티씨케이,105937,46882,-59055,30904755750,13809080750,-17095675000,KRX MDCSTAT02401_OUT
recent3,KOSDAQ150,institution,036930,주성엔지니어링,749145,671379,-77766,193339058470,174632492970,-18706565500,KRX MDCSTAT02401_OUT
recent3,KOSDAQ150,institution,095340,ISC,226143,119285,-106858,46616687250,24610657250,-22006030000,KRX MDCSTAT02401_OUT
recent3,KOSDAQ150,institution,240810,원익IPS,696077,525520,-170557,95273238894,72666177644,-22607061250,KRX MDCSTAT02401_OUT
recent3,KOSDAQ150,institution,214450,파마리서치,107365,31656,-75709,32977884750,9757297000,-23220587750,KRX MDCSTAT02401_OUT
recent3,KOSDAQ150,institution,222800,심텍,691510,440600,-250910,118468986150,75746669100,-42722317050,KRX MDCSTAT02401_OUT
recent3,KOSDAQ150,institution,095610,테스,428618,164659,-263959,72809571950,28756592400,-44052979550,KRX MDCSTAT02401_OUT
