period_type,universe,investor,code,name,sell_volume,buy_volume,net_volume,sell_value,buy_value,net_value,source
daily,KOSPI200,foreign,047040,대우건설,1538924,4723854,3184930,28822940390,88405527700,59582587310,KRX MDCSTAT02401_OUT
daily,KOSPI200,foreign,096770,SK이노베이션,253632,522416,268784,39926653600,82375048750,42448395150,KRX MDCSTAT02401_OUT
daily,KOSPI200,foreign,006400,삼성SDI,56203,135863,79660,29946599500,72339995500,42393396000,KRX MDCSTAT02401_OUT
daily,KOSPI200,foreign,066570,LG전자,212979,393063,180084,45919324750,85022670750,39103346000,KRX MDCSTAT02401_OUT
daily,KOSPI200,foreign,035420,NAVER,140540,321554,181014,27784286100,63768479050,35984192950,KRX MDCSTAT02401_OUT
daily,KOSPI200,foreign,011070,LG이노텍,104245,150046,45801,60674595500,87597448000,26922852500,KRX MDCSTAT02401_OUT
daily,KOSPI200,foreign,373220,LG에너지솔루션,93082,161226,68144,33714719750,58479130750,24764411000,KRX MDCSTAT02401_OUT
daily,KOSPI200,foreign,000720,현대건설,95633,269801,174168,11875712650,33650603650,21774891000,KRX MDCSTAT02401_OUT
daily,KOSPI200,foreign,009830,한화솔루션,2055928,2626456,570528,67402076250,85750304600,18348228350,KRX MDCSTAT02401_OUT
daily,KOSPI200,foreign,010060,OCI홀딩스,136410,202240,65830,30965700500,45993607500,15027907000,KRX MDCSTAT02401_OUT
daily,KOSPI200,foreign,316140,우리금융지주,683285,1091086,407801,24773706575,39541021875,14767315300,KRX MDCSTAT02401_OUT
daily,KOSPI200,foreign,024110,기업은행,286975,895647,608672,5960629525,18617486825,12656857300,KRX MDCSTAT02401_OUT
daily,KOSPI200,foreign,004020,현대제철,266017,661255,395238,8230101525,20362225775,12132124250,KRX MDCSTAT02401_OUT
daily,KOSPI200,foreign,010120,LS ELECTRIC,102826,161714,58888,21009979500,33111122500,12101143000,KRX MDCSTAT02401_OUT
daily,KOSPI200,foreign,012330,현대모비스,95259,127266,32007,35663856250,47654690500,11990834250,KRX MDCSTAT02401_OUT
daily,KOSPI200,foreign,032830,삼성생명,249892,289320,39428,73767672170,85405035670,11637363500,KRX MDCSTAT02401_OUT
daily,KOSPI200,foreign,086280,현대글로비스,38215,90780,52565,7622774100,18117674150,10494900050,KRX MDCSTAT02401_OUT
daily,KOSPI200,foreign,047050,포스코인터내셔널,87212,262569,175357,4963120450,14948901850,9985781400,KRX MDCSTAT02401_OUT
daily,KOSPI200,foreign,000990,DB하이텍,80715,151730,71015,10424428550,19555748750,9131320200,KRX MDCSTAT02401_OUT
daily,KOSPI200,foreign,086790,하나금융지주,368086,433181,65095,49470204500,58250268550,8780064050,KRX MDCSTAT02401_OUT
daily,KOSPI200,foreign,207940,삼성바이오로직스,25210,31155,5945,35085467000,43354020500,8268553500,KRX MDCSTAT02401_OUT
daily,KOSPI200,foreign,010950,S-Oil,185456,234025,48569,30093862350,37929601750,7835739400,KRX MDCSTAT02401_OUT
daily,KOSPI200,foreign,017670,SK텔레콤,129323,215924,86601,11387530350,19065662200,7678131850,KRX MDCSTAT02401_OUT
daily,KOSPI200,foreign,000270,기아,751711,816286,64575,87905489700,95490884650,7585394950,KRX MDCSTAT02401_OUT
daily,KOSPI200,foreign,051910,LG화학,90276,119241,28965,23477021250,31061918750,7584897500,KRX MDCSTAT02401_OUT
daily,KOSPI200,foreign,001040,CJ,37960,92549,54589,5092458700,12394265550,7301806850,KRX MDCSTAT02401_OUT
daily,KOSPI200,foreign,011200,HMM,109821,449041,339220,2326589225,9518716150,7192126925,KRX MDCSTAT02401_OUT
daily,KOSPI200,foreign,352820,하이브,105679,149264,43585,17141616750,24274939200,7133322450,KRX MDCSTAT02401_OUT
daily,KOSPI200,foreign,035720,카카오,312585,517415,204830,10676729250,17690016075,7013286825,KRX MDCSTAT02401_OUT
daily,KOSPI200,foreign,005490,POSCO홀딩스,55668,77626,21958,17532579750,24473357250,6940777500,KRX MDCSTAT02401_OUT
daily,KOSPI200,foreign,047810,한국항공우주,70608,122074,51466,9160630900,15882836400,6722205500,KRX MDCSTAT02401_OUT
daily,KOSPI200,foreign,012450,한화에어로스페이스,73644,79920,6276,76149214000,82851662500,6702448500,KRX MDCSTAT02401_OUT
daily,KOSPI200,foreign,064400,LG씨엔에스,70231,162020,91789,4956607600,11479623700,6523016100,KRX MDCSTAT02401_OUT
daily,KOSPI200,foreign,066970,엘앤에프,104838,159750,54912,12010586750,18346079750,6335493000,KRX MDCSTAT02401_OUT
daily,KOSPI200,foreign,079550,LIG디펜스앤에어로스페이스,20144,29083,8939,13971033500,20173809500,6202776000,KRX MDCSTAT02401_OUT
daily,KOSPI200,foreign,015760,한국전력,353558,548956,195398,10825751825,16838638675,6012886850,KRX MDCSTAT02401_OUT
daily,KOSPI200,foreign,375500,DL이앤씨,104690,171327,66637,8550749750,14017550250,5466800500,KRX MDCSTAT02401_OUT
daily,KOSPI200,foreign,068270,셀트리온,93295,123687,30392,16663839300,22115953150,5452113850,KRX MDCSTAT02401_OUT
daily,KOSPI200,foreign,323410,카카오뱅크,383884,626612,242728,7784038700,12708206475,4924167775,KRX MDCSTAT02401_OUT
daily,KOSPI200,foreign,073240,금호타이어,489402,1181857,692455,3359211715,8106592850,4747381135,KRX MDCSTAT02401_OUT
daily,KOSPI200,foreign,006260,LS,36332,51399,15067,11403444000,16117856250,4714412250,KRX MDCSTAT02401_OUT
daily,KOSPI200,foreign,088350,한화생명,365638,1161491,795853,2113417890,6747076190,4633658300,KRX MDCSTAT02401_OUT
daily,KOSPI200,foreign,062040,산일전기,72767,95417,22650,14831094100,19454849350,4623755250,KRX MDCSTAT02401_OUT
daily,KOSPI200,foreign,001450,현대해상,244336,338511,94175,11932398775,16544074375,4611675600,KRX MDCSTAT02401_OUT
daily,KOSPI200,foreign,029780,삼성카드,20860,121346,100486,894701375,5232211025,4337509650,KRX MDCSTAT02401_OUT
daily,KOSPI200,foreign,204320,HL만도,36594,127941,91347,1698183250,5951661300,4253478050,KRX MDCSTAT02401_OUT
daily,KOSPI200,foreign,018260,삼성에스디에스,32286,51325,19039,7077207500,11249986000,4172778500,KRX MDCSTAT02401_OUT
daily,KOSPI200,foreign,139130,iM금융지주,135896,354845,218949,2528310340,6610716065,4082405725,KRX MDCSTAT02401_OUT
daily,KOSPI200,foreign,161890,한국콜마,46463,71093,24630,6896451350,10549974600,3653523250,KRX MDCSTAT02401_OUT
daily,KOSPI200,foreign,138930,BNK금융지주,308084,520913,212829,5039445940,8533633165,3494187225,KRX MDCSTAT02401_OUT
daily,KOSPI200,foreign,032640,LG유플러스,357616,582783,225167,5280628435,8608483770,3327855335,KRX MDCSTAT02401_OUT
daily,KOSPI200,foreign,028050,삼성E&A,716916,780290,63374,35729755300,38956143200,3226387900,KRX MDCSTAT02401_OUT
daily,KOSPI200,foreign,267270,HD건설기계,50443,74390,23947,6544697850,9654867100,3110169250,KRX MDCSTAT02401_OUT
daily,KOSPI200,foreign,042660,한화오션,138799,176294,37495,11160020150,14207253800,3047233650,KRX MDCSTAT02401_OUT
daily,KOSPI200,foreign,000810,삼성화재,41056,45548,4492,26919633000,29928119500,3008486500,KRX MDCSTAT02401_OUT
daily,KOSPI200,foreign,097950,CJ제일제당,18787,35501,16714,3353613400,6340454200,2986840800,KRX MDCSTAT02401_OUT
daily,KOSPI200,foreign,267250,HD현대,95242,107678,12436,20006558000,22655593250,2649035250,KRX MDCSTAT02401_OUT
daily,KOSPI200,foreign,000100,유한양행,100563,133409,32846,7499207600,9955465100,2456257500,KRX MDCSTAT02401_OUT
daily,KOSPI200,foreign,009420,한올바이오파마,120829,175805,54976,5210957075,7640323675,2429366600,KRX MDCSTAT02401_OUT
daily,KOSPI200,foreign,000880,한화,80660,97325,16665,10705157900,12927614550,2222456650,KRX MDCSTAT02401_OUT
daily,KOSPI200,foreign,161390,한국타이어앤테크놀로지,172078,208648,36570,10161976550,12309000500,2147023950,KRX MDCSTAT02401_OUT
daily,KOSPI200,foreign,251270,넷마블,36685,96274,59589,1294397000,3395817925,2101420925,KRX MDCSTAT02401_OUT
daily,KOSPI200,foreign,093370,후성,655962,796216,140254,9198867255,11259925385,2061058130,KRX MDCSTAT02401_OUT
daily,KOSPI200,foreign,018880,한온시스템,801341,1393895,592554,2634452128,4588956933,1954504805,KRX MDCSTAT02401_OUT
daily,KOSPI200,foreign,002380,KCC,5470,9553,4083,2604580500,4558121000,1953540500,KRX MDCSTAT02401_OUT
daily,KOSPI200,foreign,443060,HD현대마린솔루션,31096,39040,7944,7557288000,9493833250,1936545250,KRX MDCSTAT02401_OUT
daily,KOSPI200,foreign,120110,코오롱인더,17198,51692,34494,959483050,2884477650,1924994600,KRX MDCSTAT02401_OUT
daily,KOSPI200,foreign,011790,SKC,36422,56968,20546,3325595500,5212356250,1886760750,KRX MDCSTAT02401_OUT
daily,KOSPI200,foreign,005850,에스엘,27278,64200,36922,1369920950,3217570650,1847649700,KRX MDCSTAT02401_OUT
daily,KOSPI200,foreign,023530,롯데쇼핑,38664,56582,17918,3968401550,5805499950,1837098400,KRX MDCSTAT02401_OUT
daily,KOSPI200,foreign,003230,삼양식품,15119,16577,1458,18386737000,20218943000,1832206000,KRX MDCSTAT02401_OUT
daily,KOSPI200,foreign,377300,카카오페이,28910,72756,43846,1184813750,2988014700,1803200950,KRX MDCSTAT02401_OUT
daily,KOSPI200,foreign,138040,메리츠금융지주,88603,102729,14126,11689942950,13488705900,1798762950,KRX MDCSTAT02401_OUT
daily,KOSPI200,foreign,259960,크래프톤,45460,54249,8789,9153882650,10926545750,1772663100,KRX MDCSTAT02401_OUT
daily,KOSPI200,foreign,036570,NC,29976,37571,7595,6478574500,8117678250,1639103750,KRX MDCSTAT02401_OUT
daily,KOSPI200,foreign,004170,신세계,25159,29805,4646,8711626000,10332551500,1620925500,KRX MDCSTAT02401_OUT
daily,KOSPI200,foreign,180640,한진칼,30984,42448,11464,4375036800,5993430100,1618393300,KRX MDCSTAT02401_OUT
daily,KOSPI200,foreign,007340,DN오토모티브,47942,79822,31880,2392318300,3946691575,1554373275,KRX MDCSTAT02401_OUT
daily,KOSPI200,foreign,011170,롯데케미칼,53608,78653,25045,3306156100,4816441900,1510285800,KRX MDCSTAT02401_OUT
daily,KOSPI200,foreign,028670,팬오션,479140,737967,258827,2728805565,4209214775,1480409210,KRX MDCSTAT02401_OUT
daily,KOSPI200,foreign,361610,SK아이이테크놀로지,123058,194722,71664,2220252235,3526796545,1306544310,KRX MDCSTAT02401_OUT
daily,KOSPI200,foreign,483650,달바글로벌,35068,41778,6710,6424380050,7719366650,1294986600,KRX MDCSTAT02401_OUT
daily,KOSPI200,foreign,241560,두산밥캣,94410,114713,20303,5508401050,6696604000,1188202950,KRX MDCSTAT02401_OUT
daily,KOSPI200,foreign,042700,한미반도체,120238,125015,4777,28635231500,29789987500,1154756000,KRX MDCSTAT02401_OUT
daily,KOSPI200,foreign,011210,현대위아,19644,40552,20908,1063115350,2192105250,1128989900,KRX MDCSTAT02401_OUT
daily,KOSPI200,foreign,082740,한화엔진,109095,132046,22951,5236875400,6345115450,1108240050,KRX MDCSTAT02401_OUT
daily,KOSPI200,foreign,011780,금호석유화학,26235,35367,9132,3100486800,4185130750,1084643950,KRX MDCSTAT02401_OUT
daily,KOSPI200,foreign,003030,세아제강지주,4223,14186,9963,446910000,1506614050,1059704050,KRX MDCSTAT02401_OUT
daily,KOSPI200,foreign,003550,LG,122080,130415,8335,13888619150,14831172900,942553750,KRX MDCSTAT02401_OUT
daily,KOSPI200,foreign,103140,풍산,18468,30111,11643,1442189750,2358700350,916510600,KRX MDCSTAT02401_OUT
daily,KOSPI200,foreign,004370,농심,7634,9926,2292,3019201250,3927537750,908336500,KRX MDCSTAT02401_OUT
daily,KOSPI200,foreign,004000,롯데정밀화학,16240,36567,20327,713446350,1604844150,891397800,KRX MDCSTAT02401_OUT
daily,KOSPI200,foreign,271560,오리온,44448,52385,7937,4934635950,5816830800,882194850,KRX MDCSTAT02401_OUT
daily,KOSPI200,foreign,071970,HD현대마린엔진,21654,39259,17605,1062571025,1929547650,866976625,KRX MDCSTAT02401_OUT
daily,KOSPI200,foreign,329180,HD현대중공업,46848,48738,1890,20738992750,21576696250,837703500,KRX MDCSTAT02401_OUT
daily,KOSPI200,foreign,192820,코스맥스,22974,26032,3058,6261102250,7092212000,831109750,KRX MDCSTAT02401_OUT
daily,KOSPI200,foreign,007070,GS리테일,58226,93638,35412,1336152725,2146426350,810273625,KRX MDCSTAT02401_OUT
daily,KOSPI200,foreign,302440,SK바이오사이언스,19044,40880,21836,690272275,1483368275,793096000,KRX MDCSTAT02401_OUT
daily,KOSPI200,foreign,298020,효성티앤씨,1916,4354,2438,599957000,1365297500,765340500,KRX MDCSTAT02401_OUT
daily,KOSPI200,foreign,030000,제일기획,89172,129926,40754,1587975055,2313775815,725800760,KRX MDCSTAT02401_OUT
daily,KOSPI200,foreign,036460,한국가스공사,20277,40716,20439,717872975,1439329700,721456725,KRX MDCSTAT02401_OUT
daily,KOSPI200,foreign,017800,현대엘리베이터,31093,40484,9391,2295375100,2988209000,692833900,KRX MDCSTAT02401_OUT
daily,KOSPI200,foreign,000210,DL,8198,20980,12782,429040000,1097185500,668145500,KRX MDCSTAT02401_OUT
daily,KOSPI200,foreign,450080,에코프로머티,108511,126628,18117,3859654925,4523276400,663621475,KRX MDCSTAT02401_OUT
daily,KOSPI200,foreign,000120,CJ대한통운,8388,17129,8741,591350700,1208040400,616689700,KRX MDCSTAT02401_OUT
daily,KOSPI200,foreign,006650,대한유화,10937,17611,6674,1005762900,1621895150,616132250,KRX MDCSTAT02401_OUT
daily,KOSPI200,foreign,005300,롯데칠성,7303,13467,6164,700475100,1291956000,591480900,KRX MDCSTAT02401_OUT
daily,KOSPI200,foreign,009240,한샘,12516,26647,14131,507808250,1078780350,570972100,KRX MDCSTAT02401_OUT
daily,KOSPI200,foreign,300720,한일시멘트,8897,43165,34268,145075710,703457290,558381580,KRX MDCSTAT02401_OUT
daily,KOSPI200,foreign,285130,SK케미칼,10125,19672,9547,522513800,1014023000,491509200,KRX MDCSTAT02401_OUT
daily,KOSPI200,foreign,000080,하이트진로,24281,53598,29317,366584550,809835530,443250980,KRX MDCSTAT02401_OUT
daily,KOSPI200,foreign,002790,아모레퍼시픽홀딩스,37941,54421,16480,1008661075,1446546550,437885475,KRX MDCSTAT02401_OUT
daily,KOSPI200,foreign,021240,코웨이,97152,101089,3937,9746637000,10138228400,391591400,KRX MDCSTAT02401_OUT
daily,KOSPI200,foreign,298050,HS효성첨단소재,2798,5089,2291,461544800,838578750,377033950,KRX MDCSTAT02401_OUT
daily,KOSPI200,foreign,000240,한국앤컴퍼니,21598,36401,14803,538556025,909169150,370613125,KRX MDCSTAT02401_OUT
daily,KOSPI200,foreign,111770,영원무역,21142,26203,5061,1506769400,1864880250,358110850,KRX MDCSTAT02401_OUT
daily,KOSPI200,foreign,009540,HD한국조선해양,51814,52835,1021,17267587750,17615085500,347497750,KRX MDCSTAT02401_OUT
daily,KOSPI200,foreign,078930,GS,179685,182892,3207,20479207650,20812528000,333320350,KRX MDCSTAT02401_OUT
daily,KOSPI200,foreign,005940,NH투자증권,200487,212992,12505,5212623850,5538464950,325841100,KRX MDCSTAT02401_OUT
daily,KOSPI200,foreign,139480,이마트,34556,38349,3793,2482951650,2759439200,276487550,KRX MDCSTAT02401_OUT
daily,KOSPI200,foreign,017960,한국카본,28272,41647,13375,578669875,852556850,273886975,KRX MDCSTAT02401_OUT
daily,KOSPI200,foreign,007310,오뚜기,1780,2532,752,566911500,807415250,240503750,KRX MDCSTAT02401_OUT
daily,KOSPI200,foreign,192080,더블유게임즈,11751,15814,4063,691076100,930065800,238989700,KRX MDCSTAT02401_OUT
daily,KOSPI200,foreign,137310,에스디바이오센서,47892,85652,37760,293830170,527022235,233192065,KRX MDCSTAT02401_OUT
daily,KOSPI200,foreign,026960,동서,17588,25542,7954,451418700,655430050,204011350,KRX MDCSTAT02401_OUT
daily,KOSPI200,foreign,022100,포스코DX,74346,83927,9581,1503441460,1698711570,195270110,KRX MDCSTAT02401_OUT
daily,KOSPI200,foreign,002840,미원상사,403,1751,1348,55196600,240707700,185511100,KRX MDCSTAT02401_OUT
daily,KOSPI200,foreign,001800,오리온홀딩스,17329,23934,6605,417106950,575939550,158832600,KRX MDCSTAT02401_OUT
daily,KOSPI200,foreign,006280,녹십자,4361,5571,1210,537939900,686832250,148892350,KRX MDCSTAT02401_OUT
daily,KOSPI200,foreign,009970,영원무역홀딩스,4763,5642,879,794297700,940697800,146400100,KRX MDCSTAT02401_OUT
daily,KOSPI200,foreign,185750,종근당,15942,18090,2148,1038552500,1178607650,140055150,KRX MDCSTAT02401_OUT
daily,KOSPI200,foreign,003240,태광산업,122,273,151,110568000,247523000,136955000,KRX MDCSTAT02401_OUT
daily,KOSPI200,foreign,006040,동원산업,14777,18438,3661,530431775,661354050,130922275,KRX MDCSTAT02401_OUT
daily,KOSPI200,foreign,001680,대상,32797,39820,7023,598545720,725716900,127171180,KRX MDCSTAT02401_OUT
daily,KOSPI200,foreign,081660,미스토홀딩스,57399,59220,1821,2198172300,2268307425,70135125,KRX MDCSTAT02401_OUT
daily,KOSPI200,foreign,069960,현대백화점,61525,62437,912,5681857800,5744006900,62149100,KRX MDCSTAT02401_OUT
daily,KOSPI200,foreign,280360,롯데웰푸드,5450,5873,423,687244300,740105800,52861500,KRX MDCSTAT02401_OUT
daily,KOSPI200,foreign,014820,동원시스템즈,5593,7098,1505,118018400,149296125,31277725,KRX MDCSTAT02401_OUT
daily,KOSPI200,foreign,268280,미원에스씨,238,424,186,31423500,55716000,24292500,KRX MDCSTAT02401_OUT
daily,KOSPI200,foreign,008730,율촌화학,36339,37711,1372,538642350,562833380,24191030,KRX MDCSTAT02401_OUT
daily,KOSPI200,foreign,007700,F&F홀딩스,577,1414,837,7718850,18981840,11262990,KRX MDCSTAT02401_OUT
daily,KOSPI200,foreign,175330,JB금융지주,224641,225184,543,6962855800,6966700525,3844725,KRX MDCSTAT02401_OUT
daily,KOSPI200,foreign,005420,코스모화학,62662,60761,-1901,656227175,638153655,-18073520,KRX MDCSTAT02401_OUT
daily,KOSPI200,foreign,051600,한전KPS,34653,34010,-643,1596658675,1570140775,-26517900,KRX MDCSTAT02401_OUT
daily,KOSPI200,foreign,035250,강원랜드,155484,153339,-2145,2242761890,2211178920,-31582970,KRX MDCSTAT02401_OUT
daily,KOSPI200,foreign,069620,대웅제약,5569,5120,-449,601580450,552988650,-48591800,KRX MDCSTAT02401_OUT
daily,KOSPI200,foreign,069260,TKG휴켐스,44720,42218,-2502,752233970,696478655,-55755315,KRX MDCSTAT02401_OUT
daily,KOSPI200,foreign,326030,SK바이오팜,41673,40880,-793,3178007900,3116071850,-61936050,KRX MDCSTAT02401_OUT
daily,KOSPI200,foreign,003090,대웅,22720,17070,-5650,361158820,271288805,-89870015,KRX MDCSTAT02401_OUT
daily,KOSPI200,foreign,008770,호텔신라,50817,48344,-2473,2051059400,1950600025,-100459375,KRX MDCSTAT02401_OUT
daily,KOSPI200,foreign,000670,영풍,23987,21610,-2377,1027639975,920401225,-107238750,KRX MDCSTAT02401_OUT
daily,KOSPI200,foreign,004990,롯데지주,48461,42736,-5725,1187671550,1046947475,-140724075,KRX MDCSTAT02401_OUT
daily,KOSPI200,foreign,030200,KT,158494,155742,-2752,8393420738,8249622738,-143798000,KRX MDCSTAT02401_OUT
daily,KOSPI200,foreign,457190,이수스페셜티케미컬,47761,45158,-2603,3100064550,2945603000,-154461550,KRX MDCSTAT02401_OUT
daily,KOSPI200,foreign,012750,에스원,80512,78491,-2021,6639550631,6474504381,-165046250,KRX MDCSTAT02401_OUT
daily,KOSPI200,foreign,002030,아세아,1607,628,-979,330415500,129231000,-201184500,KRX MDCSTAT02401_OUT
daily,KOSPI200,foreign,307950,현대오토에버,9023,8451,-572,3427724250,3206583000,-221141250,KRX MDCSTAT02401_OUT
daily,KOSPI200,foreign,034230,파라다이스,95122,67386,-27736,917371100,649525085,-267846015,KRX MDCSTAT02401_OUT
daily,KOSPI200,foreign,090430,아모레퍼시픽,105393,102975,-2418,15041565150,14700640500,-340924650,KRX MDCSTAT02401_OUT
daily,KOSPI200,foreign,034220,LG디스플레이,1914019,1854529,-59490,16197146020,15740568505,-456577515,KRX MDCSTAT02401_OUT
daily,KOSPI200,foreign,071050,한국금융지주,70410,67864,-2546,12853953400,12385403250,-468550150,KRX MDCSTAT02401_OUT
daily,KOSPI200,foreign,008930,한미사이언스,49659,40661,-8998,2586387300,2117210350,-469176950,KRX MDCSTAT02401_OUT
daily,KOSPI200,foreign,071320,지역난방공사,10998,4579,-6419,865634050,360967000,-504667050,KRX MDCSTAT02401_OUT
daily,KOSPI200,foreign,0126Z0,삼성에피스홀딩스,16192,14470,-1722,5415618000,4851288750,-564329250,KRX MDCSTAT02401_OUT
daily,KOSPI200,foreign,033780,KT&G,110012,106446,-3566,19281881400,18661841100,-620040300,KRX MDCSTAT02401_OUT
daily,KOSPI200,foreign,010130,고려아연,4994,4270,-724,5513527500,4718097000,-795430500,KRX MDCSTAT02401_OUT
daily,KOSPI200,foreign,001430,세아베스틸지주,71184,52230,-18954,3247109850,2389688100,-857421750,KRX MDCSTAT02401_OUT
daily,KOSPI200,foreign,282330,BGF리테일,33139,26457,-6682,4403775250,3513579100,-890196150,KRX MDCSTAT02401_OUT
daily,KOSPI200,foreign,112610,씨에스윈드,159265,137101,-22164,8243624050,7141812600,-1101811450,KRX MDCSTAT02401_OUT
daily,KOSPI200,foreign,039490,키움증권,48200,43021,-5179,12403841000,11067685250,-1336155750,KRX MDCSTAT02401_OUT
daily,KOSPI200,foreign,005830,DB손해보험,96740,83741,-12999,18345353000,15834263400,-2511089600,KRX MDCSTAT02401_OUT
daily,KOSPI200,foreign,052690,한전기술,64782,43716,-21066,8302819450,5580905400,-2721914050,KRX MDCSTAT02401_OUT
daily,KOSPI200,foreign,006800,미래에셋증권,241101,150229,-90872,7661104950,4775599725,-2885505225,KRX MDCSTAT02401_OUT
daily,KOSPI200,foreign,064350,현대로템,229773,203466,-26307,26789257450,23754249100,-3035008350,KRX MDCSTAT02401_OUT
daily,KOSPI200,foreign,051900,LG생활건강,42199,31603,-10596,12299296000,9222425250,-3076870750,KRX MDCSTAT02401_OUT
daily,KOSPI200,foreign,128940,한미약품,25986,19681,-6305,13148773500,9933040500,-3215733000,KRX MDCSTAT02401_OUT
daily,KOSPI200,foreign,454910,두산로보틱스,85473,32394,-53079,5963357200,2269780300,-3693576900,KRX MDCSTAT02401_OUT
daily,KOSPI200,foreign,014680,한솔케미칼,30471,13895,-16576,7240039500,3300422500,-3939617000,KRX MDCSTAT02401_OUT
daily,KOSPI200,foreign,003490,대한항공,1406834,1276190,-130644,44158420425,40078379850,-4080040575,KRX MDCSTAT02401_OUT
daily,KOSPI200,foreign,003670,포스코퓨처엠,171711,146914,-24797,31345227000,26944599000,-4400628000,KRX MDCSTAT02401_OUT
daily,KOSPI200,foreign,272210,한화시스템,236017,174986,-61031,17204616300,12795057450,-4409558850,KRX MDCSTAT02401_OUT
daily,KOSPI200,foreign,278470,에이피알,94494,82134,-12360,34893888000,30358191250,-4535696750,KRX MDCSTAT02401_OUT
daily,KOSPI200,foreign,016360,삼성증권,166582,110388,-56194,14819941200,9814679350,-5005261850,KRX MDCSTAT02401_OUT
daily,KOSPI200,foreign,055550,신한지주,627391,563573,-63818,69409694100,62389143650,-7020550450,KRX MDCSTAT02401_OUT
daily,KOSPI200,foreign,005380,현대차,261910,233303,-28607,93121644750,82969365500,-10152279250,KRX MDCSTAT02401_OUT
daily,KOSPI200,foreign,034020,두산에너빌리티,604898,476526,-128372,49595076200,39081894950,-10513181250,KRX MDCSTAT02401_OUT
daily,KOSPI200,foreign,105560,KB금융,535668,474637,-61031,93017183100,82459695800,-10557487300,KRX MDCSTAT02401_OUT
daily,KOSPI200,foreign,010140,삼성중공업,1332175,667844,-664331,26881294225,13500748100,-13380546125,KRX MDCSTAT02401_OUT
daily,KOSPI200,foreign,267260,HD현대일렉트릭,67318,42249,-25069,46853554500,29389682000,-17463872500,KRX MDCSTAT02401_OUT
daily,KOSPI200,foreign,007660,이수페타시스,389231,225048,-164183,44654870000,25838923500,-18815946500,KRX MDCSTAT02401_OUT
daily,KOSPI200,foreign,001440,대한전선,918814,272215,-646599,27899098950,8287514825,-19611584125,KRX MDCSTAT02401_OUT
daily,KOSPI200,foreign,034730,SK,103352,60700,-42652,60542172000,35592463500,-24949708500,KRX MDCSTAT02401_OUT
daily,KOSPI200,foreign,000150,두산,49995,32366,-17629,72582147384,47140260884,-25441886500,KRX MDCSTAT02401_OUT
daily,KOSPI200,foreign,298040,효성중공업,24445,13677,-10768,68491384500,38423840000,-30067544500,KRX MDCSTAT02401_OUT
daily,KOSPI200,foreign,028260,삼성물산,364691,252334,-112357,126832514096,87667627846,-39164886250,KRX MDCSTAT02401_OUT
daily,KOSPI200,foreign,402340,SK스퀘어,481621,401116,-80505,537535022986,448487882986,-89047140000,KRX MDCSTAT02401_OUT
daily,KOSPI200,foreign,009150,삼성전기,240478,162064,-78414,363915457000,247898414500,-116017042500,KRX MDCSTAT02401_OUT
daily,KOSPI200,foreign,005930,삼성전자,9333016,4308986,-5024030,2568900110470,1191862494220,-1377037616250,KRX MDCSTAT02401_OUT
daily,KOSPI200,foreign,000660,SK하이닉스,1803989,812427,-991562,3230564882517,1458851891517,-1771712991000,KRX MDCSTAT02401_OUT
daily,KOSPI200,institution,011070,LG이노텍,75711,141357,65646,44051314000,82326758000,38275444000,KRX MDCSTAT02401_OUT
daily,KOSPI200,institution,009150,삼성전기,181928,204918,22990,276897557500,313347571500,36450014000,KRX MDCSTAT02401_OUT
daily,KOSPI200,institution,009830,한화솔루션,392523,1205915,813392,12962869700,39687452875,26724583175,KRX MDCSTAT02401_OUT
daily,KOSPI200,institution,096770,SK이노베이션,236013,374548,138535,37258466100,59130821200,21872355100,KRX MDCSTAT02401_OUT
daily,KOSPI200,institution,373220,LG에너지솔루션,81948,141891,59943,29703922000,51490633000,21786711000,KRX MDCSTAT02401_OUT
daily,KOSPI200,institution,035420,NAVER,113328,199019,85691,22461142500,39498381050,17037238550,KRX MDCSTAT02401_OUT
daily,KOSPI200,institution,105560,KB금융,220224,317733,97509,38302007300,55247338750,16945331450,KRX MDCSTAT02401_OUT
daily,KOSPI200,institution,034730,SK,42606,68107,25501,24834504500,39812878000,14978373500,KRX MDCSTAT02401_OUT
daily,KOSPI200,institution,055550,신한지주,221541,356747,135206,24562826100,39540219950,14977393850,KRX MDCSTAT02401_OUT
daily,KOSPI200,institution,003490,대한항공,463998,824787,360789,14554012575,25875592175,11321579600,KRX MDCSTAT02401_OUT
daily,KOSPI200,institution,047040,대우건설,925857,1482800,556943,17318824320,27773497525,10454673205,KRX MDCSTAT02401_OUT
daily,KOSPI200,institution,010950,S-Oil,60881,122673,61792,9885382050,19965998800,10080616750,KRX MDCSTAT02401_OUT
daily,KOSPI200,institution,003670,포스코퓨처엠,69376,119101,49725,12702319900,21833942950,9131623050,KRX MDCSTAT02401_OUT
daily,KOSPI200,institution,138040,메리츠금융지주,67998,134200,66202,8928800150,17693170250,8764370100,KRX MDCSTAT02401_OUT
daily,KOSPI200,institution,005380,현대차,108067,126588,18521,38433761500,45041401750,6607640250,KRX MDCSTAT02401_OUT
daily,KOSPI200,institution,066970,엘앤에프,92605,142972,50367,10597571950,16460643750,5863071800,KRX MDCSTAT02401_OUT
daily,KOSPI200,institution,042700,한미반도체,92925,116331,23406,22042524250,27834528250,5792004000,KRX MDCSTAT02401_OUT
daily,KOSPI200,institution,112610,씨에스윈드,44517,151378,106861,2318649350,7913281050,5594631700,KRX MDCSTAT02401_OUT
daily,KOSPI200,institution,006400,삼성SDI,80793,91158,10365,43038527000,48600923000,5562396000,KRX MDCSTAT02401_OUT
daily,KOSPI200,institution,014680,한솔케미칼,12767,35695,22928,3031938500,8483123000,5451184500,KRX MDCSTAT02401_OUT
daily,KOSPI200,institution,028050,삼성E&A,179697,280221,100524,8932866450,13995839425,5062972975,KRX MDCSTAT02401_OUT
daily,KOSPI200,institution,278470,에이피알,15297,28739,13442,5634648000,10611231500,4976583500,KRX MDCSTAT02401_OUT
daily,KOSPI200,institution,005830,DB손해보험,36983,62888,25905,7002865750,11961389950,4958524200,KRX MDCSTAT02401_OUT
daily,KOSPI200,institution,005490,POSCO홀딩스,48587,64133,15546,15312157000,20218215500,4906058500,KRX MDCSTAT02401_OUT
daily,KOSPI200,institution,010060,OCI홀딩스,79303,98448,19145,18108513500,22486848250,4378334750,KRX MDCSTAT02401_OUT
daily,KOSPI200,institution,078930,GS,152923,189096,36173,17415742800,21589441600,4173698800,KRX MDCSTAT02401_OUT
daily,KOSPI200,institution,051910,LG화학,41387,56686,15299,10790235500,14783764000,3993528500,KRX MDCSTAT02401_OUT
daily,KOSPI200,institution,066570,LG전자,112295,130161,17866,24252680250,28145436500,3892756250,KRX MDCSTAT02401_OUT
daily,KOSPI200,institution,003230,삼양식품,2538,5407,2869,3092357500,6610474500,3518117000,KRX MDCSTAT02401_OUT
daily,KOSPI200,institution,352820,하이브,46504,67572,21068,7561541800,11010469150,3448927350,KRX MDCSTAT02401_OUT
daily,KOSPI200,institution,017670,SK텔레콤,104836,143069,38233,9222244850,12641218850,3418974000,KRX MDCSTAT02401_OUT
daily,KOSPI200,institution,361610,SK아이이테크놀로지,44068,218026,173958,801343380,3957776080,3156432700,KRX MDCSTAT02401_OUT
daily,KOSPI200,institution,051900,LG생활건강,10444,19903,9459,3041576250,5815662750,2774086500,KRX MDCSTAT02401_OUT
daily,KOSPI200,institution,006260,LS,18714,26162,7448,5888078750,8237788000,2349709250,KRX MDCSTAT02401_OUT
daily,KOSPI200,institution,015760,한국전력,296587,370102,73515,9088489275,11365366350,2276877075,KRX MDCSTAT02401_OUT
daily,KOSPI200,institution,090430,아모레퍼시픽,24920,39557,14637,3554836700,5643500950,2088664250,KRX MDCSTAT02401_OUT
daily,KOSPI200,institution,035720,카카오,178309,235698,57389,6086586250,8054049700,1967463450,KRX MDCSTAT02401_OUT
daily,KOSPI200,institution,377300,카카오페이,14815,57488,42673,606390875,2366234725,1759843850,KRX MDCSTAT02401_OUT
daily,KOSPI200,institution,175330,JB금융지주,90831,143876,53045,2811682850,4461642400,1649959550,KRX MDCSTAT02401_OUT
daily,KOSPI200,institution,000720,현대건설,205342,215486,10144,25524883950,26895138250,1370254300,KRX MDCSTAT02401_OUT
daily,KOSPI200,institution,207940,삼성바이오로직스,14507,15384,877,20177077500,21417839500,1240762000,KRX MDCSTAT02401_OUT
daily,KOSPI200,institution,008930,한미사이언스,17302,37897,20595,899972900,1975805750,1075832850,KRX MDCSTAT02401_OUT
daily,KOSPI200,institution,282330,BGF리테일,10408,18055,7647,1380313500,2400261450,1019947950,KRX MDCSTAT02401_OUT
daily,KOSPI200,institution,047050,포스코인터내셔널,100654,116380,15726,5687495650,6643913300,956417650,KRX MDCSTAT02401_OUT
daily,KOSPI200,institution,329180,HD현대중공업,24611,26707,2096,10890510500,11826077250,935566750,KRX MDCSTAT02401_OUT
daily,KOSPI200,institution,000810,삼성화재,15785,17221,1436,10372167500,11292939500,920772000,KRX MDCSTAT02401_OUT
daily,KOSPI200,institution,068270,셀트리온,85690,90733,5043,15318333450,16237368900,919035450,KRX MDCSTAT02401_OUT
daily,KOSPI200,institution,064350,현대로템,95484,103002,7518,11167199300,12052443500,885244200,KRX MDCSTAT02401_OUT
daily,KOSPI200,institution,007340,DN오토모티브,57913,74797,16884,2871544625,3737300700,865756075,KRX MDCSTAT02401_OUT
daily,KOSPI200,institution,483650,달바글로벌,5505,9813,4308,1007519650,1797482450,789962800,KRX MDCSTAT02401_OUT
daily,KOSPI200,institution,001430,세아베스틸지주,38918,56126,17208,1775108500,2562327950,787219450,KRX MDCSTAT02401_OUT
daily,KOSPI200,institution,267250,HD현대,28199,31816,3617,5945043000,6692787250,747744250,KRX MDCSTAT02401_OUT
daily,KOSPI200,institution,011200,HMM,114002,147619,33617,2414827450,3128365275,713537825,KRX MDCSTAT02401_OUT
daily,KOSPI200,institution,030200,KT,112452,125596,13144,5938835750,6644147950,705312200,KRX MDCSTAT02401_OUT
daily,KOSPI200,institution,000670,영풍,11901,27578,15677,509969275,1185681075,675711800,KRX MDCSTAT02401_OUT
daily,KOSPI200,institution,004370,농심,3065,4770,1705,1212712500,1888286750,675574250,KRX MDCSTAT02401_OUT
daily,KOSPI200,institution,259960,크래프톤,12795,15871,3076,2572359700,3193250700,620891000,KRX MDCSTAT02401_OUT
daily,KOSPI200,institution,103140,풍산,11712,19081,7369,917107600,1493645900,576538300,KRX MDCSTAT02401_OUT
daily,KOSPI200,institution,011790,SKC,28892,34770,5878,2643588450,3184167500,540579050,KRX MDCSTAT02401_OUT
daily,KOSPI200,institution,192820,코스맥스,12544,14300,1756,3410408250,3894426500,484018250,KRX MDCSTAT02401_OUT
daily,KOSPI200,institution,009240,한샘,3505,15400,11895,142187750,624727725,482539975,KRX MDCSTAT02401_OUT
daily,KOSPI200,institution,139480,이마트,10351,16992,6641,744385200,1222739200,478354000,KRX MDCSTAT02401_OUT
daily,KOSPI200,institution,073240,금호타이어,83685,146681,62996,574157510,1004184810,430027300,KRX MDCSTAT02401_OUT
daily,KOSPI200,institution,004990,롯데지주,21678,35919,14241,530977550,880461000,349483450,KRX MDCSTAT02401_OUT
daily,KOSPI200,institution,028670,팬오션,193795,253543,59748,1104120400,1442090735,337970335,KRX MDCSTAT02401_OUT
daily,KOSPI200,institution,051600,한전KPS,14780,21990,7210,681951525,1016169550,334218025,KRX MDCSTAT02401_OUT
daily,KOSPI200,institution,093370,후성,152622,175074,22452,2145470530,2464805820,319335290,KRX MDCSTAT02401_OUT
daily,KOSPI200,institution,001680,대상,15921,33095,17174,291119190,605512630,314393440,KRX MDCSTAT02401_OUT
daily,KOSPI200,institution,161390,한국타이어앤테크놀로지,31484,35517,4033,1848528050,2093056500,244528450,KRX MDCSTAT02401_OUT
daily,KOSPI200,institution,022100,포스코DX,38624,49115,10491,780744050,995065500,214321450,KRX MDCSTAT02401_OUT
daily,KOSPI200,institution,012750,에스원,15981,18535,2554,1319153300,1528794600,209641300,KRX MDCSTAT02401_OUT
daily,KOSPI200,institution,298050,HS효성첨단소재,1802,2824,1022,297046700,466052650,169005950,KRX MDCSTAT02401_OUT
daily,KOSPI200,institution,018880,한온시스템,245056,294145,49089,806068736,969018498,162949762,KRX MDCSTAT02401_OUT
daily,KOSPI200,institution,111770,영원무역,7684,9921,2237,547095900,707630550,160534650,KRX MDCSTAT02401_OUT
daily,KOSPI200,institution,034230,파라다이스,22671,38750,16079,218623790,374926295,156302505,KRX MDCSTAT02401_OUT
daily,KOSPI200,institution,180640,한진칼,18683,19642,959,2633845000,2774779450,140934450,KRX MDCSTAT02401_OUT
daily,KOSPI200,institution,069620,대웅제약,2906,4204,1298,313733600,454470800,140737200,KRX MDCSTAT02401_OUT
daily,KOSPI200,institution,192080,더블유게임즈,7948,10124,2176,467157600,594969800,127812200,KRX MDCSTAT02401_OUT
daily,KOSPI200,institution,005420,코스모화학,19066,29012,9946,199741910,304626140,104884230,KRX MDCSTAT02401_OUT
daily,KOSPI200,institution,006040,동원산업,2874,5569,2695,102790100,200056950,97266850,KRX MDCSTAT02401_OUT
daily,KOSPI200,institution,005850,에스엘,20384,22220,1836,1023112850,1119595625,96482775,KRX MDCSTAT02401_OUT
daily,KOSPI200,institution,032640,LG유플러스,152183,158670,6487,2246662225,2343120490,96458265,KRX MDCSTAT02401_OUT
daily,KOSPI200,institution,000080,하이트진로,11727,17623,5896,177129890,265963300,88833410,KRX MDCSTAT02401_OUT
daily,KOSPI200,institution,120110,코오롱인더,19742,21315,1573,1101479800,1189641900,88162100,KRX MDCSTAT02401_OUT
daily,KOSPI200,institution,002030,아세아,607,1028,421,124675500,211377500,86702000,KRX MDCSTAT02401_OUT
daily,KOSPI200,institution,021240,코웨이,30250,30926,676,3036036650,3111904750,75868100,KRX MDCSTAT02401_OUT
daily,KOSPI200,institution,036460,한국가스공사,17483,19497,2014,618097500,690107275,72009775,KRX MDCSTAT02401_OUT
daily,KOSPI200,institution,007310,오뚜기,705,863,158,224933000,275840750,50907750,KRX MDCSTAT02401_OUT
daily,KOSPI200,institution,014820,동원시스템즈,6670,8840,2170,140527750,186475350,45947600,KRX MDCSTAT02401_OUT
daily,KOSPI200,institution,285130,SK케미칼,5374,6144,770,276027600,316988200,40960600,KRX MDCSTAT02401_OUT
daily,KOSPI200,institution,137310,에스디바이오센서,10998,15894,4896,67538655,97598235,30059580,KRX MDCSTAT02401_OUT
daily,KOSPI200,institution,008730,율촌화학,5456,7421,1965,81067650,110492380,29424730,KRX MDCSTAT02401_OUT
daily,KOSPI200,institution,003090,대웅,18930,19890,960,300746650,316654870,15908220,KRX MDCSTAT02401_OUT
daily,KOSPI200,institution,002840,미원상사,471,560,89,64518800,77055200,12536400,KRX MDCSTAT02401_OUT
daily,KOSPI200,institution,011170,롯데케미칼,72440,71633,-807,4435060550,4440307950,5247400,KRX MDCSTAT02401_OUT
daily,KOSPI200,institution,069260,TKG휴켐스,10003,10304,301,163491650,168390040,4898390,KRX MDCSTAT02401_OUT
daily,KOSPI200,institution,007700,F&F홀딩스,53,25,-28,711170,334730,-376440,KRX MDCSTAT02401_OUT
daily,KOSPI200,institution,268280,미원에스씨,314,278,-36,41223900,36727800,-4496100,KRX MDCSTAT02401_OUT
daily,KOSPI200,institution,271560,오리온,17013,16961,-52,1892143150,1887476700,-4666450,KRX MDCSTAT02401_OUT
daily,KOSPI200,institution,323410,카카오뱅크,167166,166601,-565,3391257995,3380761190,-10496805,KRX MDCSTAT02401_OUT
daily,KOSPI200,institution,071320,지역난방공사,1146,876,-270,90074700,69166900,-20907800,KRX MDCSTAT02401_OUT
daily,KOSPI200,institution,009970,영원무역홀딩스,2275,2105,-170,379753900,351946600,-27807300,KRX MDCSTAT02401_OUT
daily,KOSPI200,institution,005940,NH투자증권,107532,106413,-1119,2794788775,2766822525,-27966250,KRX MDCSTAT02401_OUT
daily,KOSPI200,institution,005300,롯데칠성,2401,2047,-354,230352600,196443800,-33908800,KRX MDCSTAT02401_OUT
daily,KOSPI200,institution,302440,SK바이오사이언스,19116,17898,-1218,693770225,650218250,-43551975,KRX MDCSTAT02401_OUT
daily,KOSPI200,institution,079550,LIG디펜스앤에어로스페이스,17896,17815,-81,12419968500,12373495500,-46473000,KRX MDCSTAT02401_OUT
daily,KOSPI200,institution,280360,롯데웰푸드,4688,4265,-423,590706700,538224800,-52481900,KRX MDCSTAT02401_OUT
daily,KOSPI200,institution,081660,미스토홀딩스,21850,20344,-1506,836511050,779451750,-57059300,KRX MDCSTAT02401_OUT
daily,KOSPI200,institution,185750,종근당,4393,3499,-894,285810750,228094200,-57716550,KRX MDCSTAT02401_OUT
daily,KOSPI200,institution,001800,오리온홀딩스,13602,10817,-2785,327323850,260339700,-66984150,KRX MDCSTAT02401_OUT
daily,KOSPI200,institution,003240,태광산업,234,149,-85,212014000,135099000,-76915000,KRX MDCSTAT02401_OUT
daily,KOSPI200,institution,443060,HD현대마린솔루션,10498,10069,-429,2550819750,2452977750,-97842000,KRX MDCSTAT02401_OUT
daily,KOSPI200,institution,017800,현대엘리베이터,27679,26254,-1425,2041791700,1938919400,-102872300,KRX MDCSTAT02401_OUT
daily,KOSPI200,institution,000240,한국앤컴퍼니,25113,20847,-4266,628339925,521619700,-106720225,KRX MDCSTAT02401_OUT
daily,KOSPI200,institution,300720,한일시멘트,20010,13174,-6836,325995590,214693410,-111302180,KRX MDCSTAT02401_OUT
daily,KOSPI200,institution,026960,동서,15249,10857,-4392,391438150,278939200,-112498950,KRX MDCSTAT02401_OUT
daily,KOSPI200,institution,004000,롯데정밀화학,14370,11320,-3050,629803825,497507725,-132296100,KRX MDCSTAT02401_OUT
daily,KOSPI200,institution,002790,아모레퍼시픽홀딩스,14890,9866,-5024,395481025,262176250,-133304775,KRX MDCSTAT02401_OUT
daily,KOSPI200,institution,000210,DL,18540,15831,-2709,969035000,828242800,-140792200,KRX MDCSTAT02401_OUT
daily,KOSPI200,institution,088350,한화생명,485972,450536,-35436,2813247370,2616305680,-196941690,KRX MDCSTAT02401_OUT
daily,KOSPI200,institution,006280,녹십자,5362,3676,-1686,659945250,453420800,-206524450,KRX MDCSTAT02401_OUT
daily,KOSPI200,institution,011210,현대위아,9899,6002,-3897,534967950,323644050,-211323900,KRX MDCSTAT02401_OUT
daily,KOSPI200,institution,139130,iM금융지주,105451,93521,-11930,1972946975,1747613470,-225333505,KRX MDCSTAT02401_OUT
daily,KOSPI200,institution,298020,효성티앤씨,1398,656,-742,438069000,205712500,-232356500,KRX MDCSTAT02401_OUT
daily,KOSPI200,institution,204320,HL만도,26619,21433,-5186,1237365350,995373225,-241992125,KRX MDCSTAT02401_OUT
daily,KOSPI200,institution,003030,세아제강지주,8773,6233,-2540,934397000,662337450,-272059550,KRX MDCSTAT02401_OUT
daily,KOSPI200,institution,012450,한화에어로스페이스,24966,24730,-236,25958964500,25686705000,-272259500,KRX MDCSTAT02401_OUT
daily,KOSPI200,institution,008770,호텔신라,28376,21196,-7180,1142982800,856032100,-286950700,KRX MDCSTAT02401_OUT
daily,KOSPI200,institution,251270,넷마블,39018,30520,-8498,1375705300,1073961175,-301744125,KRX MDCSTAT02401_OUT
daily,KOSPI200,institution,000880,한화,14273,11748,-2525,1896572900,1558824950,-337747950,KRX MDCSTAT02401_OUT
daily,KOSPI200,institution,035250,강원랜드,84648,61165,-23483,1220367410,881798170,-338569240,KRX MDCSTAT02401_OUT
daily,KOSPI200,institution,034220,LG디스플레이,166650,121640,-45010,1409130585,1032453785,-376676800,KRX MDCSTAT02401_OUT
daily,KOSPI200,institution,097950,CJ제일제당,12092,9950,-2142,2158196350,1776171550,-382024800,KRX MDCSTAT02401_OUT
daily,KOSPI200,institution,000120,CJ대한통운,11236,5101,-6135,791927800,359416100,-432511700,KRX MDCSTAT02401_OUT
daily,KOSPI200,institution,457190,이수스페셜티케미컬,25331,18602,-6729,1645558250,1210686550,-434871700,KRX MDCSTAT02401_OUT
daily,KOSPI200,institution,017960,한국카본,32855,10859,-21996,669893750,222574950,-447318800,KRX MDCSTAT02401_OUT
daily,KOSPI200,institution,0126Z0,삼성에피스홀딩스,3980,2526,-1454,1330909750,847244250,-483665500,KRX MDCSTAT02401_OUT
daily,KOSPI200,institution,002380,KCC,4096,2981,-1115,1953853500,1425774000,-528079500,KRX MDCSTAT02401_OUT
daily,KOSPI200,institution,030000,제일기획,88452,57665,-30787,1575114025,1026775975,-548338050,KRX MDCSTAT02401_OUT
daily,KOSPI200,institution,006650,대한유화,7787,1574,-6213,716515900,144965700,-571550200,KRX MDCSTAT02401_OUT
daily,KOSPI200,institution,009540,HD한국조선해양,37355,35631,-1724,12452256500,11874730500,-577526000,KRX MDCSTAT02401_OUT
daily,KOSPI200,institution,138930,BNK금융지주,154526,118707,-35819,2528657980,1941486915,-587171065,KRX MDCSTAT02401_OUT
daily,KOSPI200,institution,326030,SK바이오팜,19816,11613,-8203,1510829100,886600300,-624228800,KRX MDCSTAT02401_OUT
daily,KOSPI200,institution,047810,한국항공우주,42424,37250,-5174,5514047300,4835762650,-678284650,KRX MDCSTAT02401_OUT
daily,KOSPI200,institution,241560,두산밥캣,35379,23494,-11885,2062850400,1370384500,-692465900,KRX MDCSTAT02401_OUT
daily,KOSPI200,institution,016360,삼성증권,50549,42638,-7911,4490568550,3793516650,-697051900,KRX MDCSTAT02401_OUT
daily,KOSPI200,institution,007070,GS리테일,53605,21776,-31829,1228165900,500269575,-727896325,KRX MDCSTAT02401_OUT
daily,KOSPI200,institution,307950,현대오토에버,4404,2397,-2007,1666704750,908013750,-758691000,KRX MDCSTAT02401_OUT
daily,KOSPI200,institution,003550,LG,42315,35030,-7285,4805347100,3984842000,-820505100,KRX MDCSTAT02401_OUT
daily,KOSPI200,institution,450080,에코프로머티,97846,72969,-24877,3469061550,2602468300,-866593250,KRX MDCSTAT02401_OUT
daily,KOSPI200,institution,082740,한화엔진,59857,39064,-20793,2866650100,1883261000,-983389100,KRX MDCSTAT02401_OUT
daily,KOSPI200,institution,454910,두산로보틱스,29883,14803,-15080,2087639750,1035604300,-1052035450,KRX MDCSTAT02401_OUT
daily,KOSPI200,institution,000270,기아,186381,177251,-9130,21802974600,20730094300,-1072880300,KRX MDCSTAT02401_OUT
daily,KOSPI200,institution,036570,NC,19257,14138,-5119,4154813750,3058953500,-1095860250,KRX MDCSTAT02401_OUT
daily,KOSPI200,institution,011780,금호석유화학,16613,7047,-9566,1960033400,831983250,-1128050150,KRX MDCSTAT02401_OUT
daily,KOSPI200,institution,161890,한국콜마,24649,16667,-7982,3656749800,2473139550,-1183610250,KRX MDCSTAT02401_OUT
daily,KOSPI200,institution,001440,대한전선,183342,141339,-42003,5608988000,4298418625,-1310569375,KRX MDCSTAT02401_OUT
daily,KOSPI200,institution,001450,현대해상,83749,56950,-26799,4118002600,2792370675,-1325631925,KRX MDCSTAT02401_OUT
daily,KOSPI200,institution,375500,DL이앤씨,81433,64826,-16607,6652736400,5309049500,-1343686900,KRX MDCSTAT02401_OUT
daily,KOSPI200,institution,006800,미래에셋증권,211710,167174,-44536,6730295725,5325596825,-1404698900,KRX MDCSTAT02401_OUT
daily,KOSPI200,institution,023530,롯데쇼핑,28886,14809,-14077,2962249000,1520805250,-1441443750,KRX MDCSTAT02401_OUT
daily,KOSPI200,institution,272210,한화시스템,112067,90836,-21231,8189303100,6632850100,-1556453000,KRX MDCSTAT02401_OUT
daily,KOSPI200,institution,128940,한미약품,25311,22193,-3118,12763537500,11185018750,-1578518750,KRX MDCSTAT02401_OUT
daily,KOSPI200,institution,012330,현대모비스,56769,52400,-4369,21273439750,19644740750,-1628699000,KRX MDCSTAT02401_OUT
daily,KOSPI200,institution,010130,고려아연,5647,4128,-1519,6228306000,4562686000,-1665620000,KRX MDCSTAT02401_OUT
daily,KOSPI200,institution,000100,유한양행,65213,38003,-27210,4864985250,2835628150,-2029357100,KRX MDCSTAT02401_OUT
daily,KOSPI200,institution,064400,LG씨엔에스,66855,37406,-29449,4703271100,2642366750,-2060904350,KRX MDCSTAT02401_OUT
daily,KOSPI200,institution,024110,기업은행,201982,102059,-99923,4196989375,2116718325,-2080271050,KRX MDCSTAT02401_OUT
daily,KOSPI200,institution,018260,삼성에스디에스,25833,15613,-10220,5664093250,3426391750,-2237701500,KRX MDCSTAT02401_OUT
daily,KOSPI200,institution,071970,HD현대마린엔진,55576,9710,-45866,2726891300,478735200,-2248156100,KRX MDCSTAT02401_OUT
daily,KOSPI200,institution,010120,LS ELECTRIC,84692,72768,-11924,17286699000,14901632500,-2385066500,KRX MDCSTAT02401_OUT
daily,KOSPI200,institution,004170,신세계,14918,7979,-6939,5153517250,2762419500,-2391097750,KRX MDCSTAT02401_OUT
daily,KOSPI200,institution,039490,키움증권,24409,14392,-10017,6274877250,3709418500,-2565458750,KRX MDCSTAT02401_OUT
daily,KOSPI200,institution,033780,KT&G,56528,40626,-15902,9906465400,7128880900,-2777584500,KRX MDCSTAT02401_OUT
daily,KOSPI200,institution,001040,CJ,35999,11691,-24308,4813024100,1569230100,-3243794000,KRX MDCSTAT02401_OUT
daily,KOSPI200,institution,010140,삼성중공업,395038,224217,-170821,7975224175,4537040975,-3438183200,KRX MDCSTAT02401_OUT
daily,KOSPI200,institution,029780,삼성카드,108687,27117,-81570,4687016175,1168136050,-3518880125,KRX MDCSTAT02401_OUT
daily,KOSPI200,institution,086790,하나금융지주,200520,171862,-28658,26942439350,23081773050,-3860666300,KRX MDCSTAT02401_OUT
daily,KOSPI200,institution,034020,두산에너빌리티,404174,355899,-48275,33136514800,29218981000,-3917533800,KRX MDCSTAT02401_OUT
daily,KOSPI200,institution,052690,한전기술,63816,30825,-32991,8147787400,3947280300,-4200507100,KRX MDCSTAT02401_OUT
daily,KOSPI200,institution,032830,삼성생명,68549,52758,-15791,20167344750,15576538750,-4590806000,KRX MDCSTAT02401_OUT
daily,KOSPI200,institution,042660,한화오션,145183,84670,-60513,11670333700,6826278350,-4844055350,KRX MDCSTAT02401_OUT
daily,KOSPI200,institution,069960,현대백화점,61152,6404,-54748,5580034600,587662950,-4992371650,KRX MDCSTAT02401_OUT
daily,KOSPI200,institution,009420,한올바이오파마,194139,75506,-118633,8476941950,3305730600,-5171211350,KRX MDCSTAT02401_OUT
daily,KOSPI200,institution,000990,DB하이텍,94593,51858,-42735,12159860400,6716870900,-5442989500,KRX MDCSTAT02401_OUT
daily,KOSPI200,institution,267270,HD건설기계,87748,44282,-43466,11347536750,5800665450,-5546871300,KRX MDCSTAT02401_OUT
daily,KOSPI200,institution,267260,HD현대일렉트릭,24616,16431,-8185,17135861500,11464122000,-5671739500,KRX MDCSTAT02401_OUT
daily,KOSPI200,institution,316140,우리금융지주,557804,387724,-170080,20166611100,14041191300,-6125419800,KRX MDCSTAT02401_OUT
daily,KOSPI200,institution,004020,현대제철,347842,149967,-197875,10777769300,4644159375,-6133609925,KRX MDCSTAT02401_OUT
daily,KOSPI200,institution,000150,두산,19576,15276,-4300,28322409000,22107805500,-6214603500,KRX MDCSTAT02401_OUT
daily,KOSPI200,institution,071050,한국금융지주,66241,30124,-36117,12085807400,5501275800,-6584531600,KRX MDCSTAT02401_OUT
daily,KOSPI200,institution,086280,현대글로비스,66130,29330,-36800,13186249550,5851636600,-7334612950,KRX MDCSTAT02401_OUT
daily,KOSPI200,institution,062040,산일전기,58345,10268,-48077,11769348500,2090554750,-9678793750,KRX MDCSTAT02401_OUT
daily,KOSPI200,institution,007660,이수페타시스,199517,106361,-93156,22891358500,12205564650,-10685793850,KRX MDCSTAT02401_OUT
daily,KOSPI200,institution,298040,효성중공업,9658,5681,-3977,27033664500,15939850000,-11093814500,KRX MDCSTAT02401_OUT
daily,KOSPI200,institution,028260,삼성물산,109228,71902,-37326,38177649500,25078707500,-13098942000,KRX MDCSTAT02401_OUT
daily,KOSPI200,institution,402340,SK스퀘어,183471,119654,-63817,204590595500,133497513500,-71093082000,KRX MDCSTAT02401_OUT
daily,KOSPI200,institution,000660,SK하이닉스,1021737,746866,-274871,1827781080000,1337125756000,-490655324000,KRX MDCSTAT02401_OUT
daily,KOSPI200,institution,005930,삼성전자,7932881,5522157,-2410724,2178933278250,1515353044750,-663580233500,KRX MDCSTAT02401_OUT
daily,KOSDAQ150,foreign,036930,주성엔지니어링,174748,264104,89356,36768443750,55755500000,18987056250,KRX MDCSTAT02401_OUT
daily,KOSDAQ150,foreign,403870,HPSP,289587,587447,297860,16189273500,32977901250,16788627750,KRX MDCSTAT02401_OUT
daily,KOSDAQ150,foreign,086520,에코프로,85621,233007,147386,6982052900,19087829900,12105777000,KRX MDCSTAT02401_OUT
daily,KOSDAQ150,foreign,078600,대주전자재료,50767,177450,126683,4664994000,16323377300,11658383300,KRX MDCSTAT02401_OUT
daily,KOSDAQ150,foreign,222800,심텍,179130,255653,76523,26773165700,38171254050,11398088350,KRX MDCSTAT02401_OUT
daily,KOSDAQ150,foreign,178320,서진시스템,869819,1146474,276655,31530261050,41195217425,9664956375,KRX MDCSTAT02401_OUT
daily,KOSDAQ150,foreign,036540,SFA반도체,644228,1499163,854935,6784230335,15804011925,9019781590,KRX MDCSTAT02401_OUT
daily,KOSDAQ150,foreign,247540,에코프로비엠,138399,212145,73746,15236418350,23202328400,7965910050,KRX MDCSTAT02401_OUT
daily,KOSDAQ150,foreign,095610,테스,35559,73408,37849,5786442400,11931386950,6144944550,KRX MDCSTAT02401_OUT
daily,KOSDAQ150,foreign,241710,코스메카코리아,26363,69701,43338,3311299250,8755637300,5444338050,KRX MDCSTAT02401_OUT
daily,KOSDAQ150,foreign,039030,이오테크닉스,17946,28726,10780,8523495250,13620209250,5096714000,KRX MDCSTAT02401_OUT
daily,KOSDAQ150,foreign,031980,피에스케이홀딩스,8826,33904,25078,1483292050,5745863350,4262571300,KRX MDCSTAT02401_OUT
daily,KOSDAQ150,foreign,083650,비에이치아이,36240,103068,66828,2193969150,6271760500,4077791350,KRX MDCSTAT02401_OUT
daily,KOSDAQ150,foreign,089030,테크윙,73515,150809,77294,3619305900,7440046575,3820740675,KRX MDCSTAT02401_OUT
daily,KOSDAQ150,foreign,006730,서부T&D,94534,371400,276866,1067259105,4194674450,3127415345,KRX MDCSTAT02401_OUT
daily,KOSDAQ150,foreign,007390,네이처셀,45912,161636,115724,1168349875,4110957025,2942607150,KRX MDCSTAT02401_OUT
daily,KOSDAQ150,foreign,098460,고영,182950,282360,99410,5357253300,8283249975,2925996675,KRX MDCSTAT02401_OUT
daily,KOSDAQ150,foreign,096530,씨젠,129506,198951,69445,4452146296,6839378121,2387231825,KRX MDCSTAT02401_OUT
daily,KOSDAQ150,foreign,323280,태성,110120,155733,45613,5361155300,7660712050,2299556750,KRX MDCSTAT02401_OUT
daily,KOSDAQ150,foreign,171090,선익시스템,12939,41711,28772,940130900,3024989700,2084858800,KRX MDCSTAT02401_OUT
daily,KOSDAQ150,foreign,293490,카카오게임즈,87255,289007,201752,829447310,2747547950,1918100640,KRX MDCSTAT02401_OUT
daily,KOSDAQ150,foreign,183300,코미코,78825,133063,54238,2432513000,4095702900,1663189900,KRX MDCSTAT02401_OUT
daily,KOSDAQ150,foreign,078340,컴투스,30984,75622,44638,1150638750,2789178650,1638539900,KRX MDCSTAT02401_OUT
daily,KOSDAQ150,foreign,068760,셀트리온제약,18630,58250,39620,733913500,2294953050,1561039550,KRX MDCSTAT02401_OUT
daily,KOSDAQ150,foreign,082920,비츠로셀,42508,95452,52944,1221129675,2744621150,1523491475,KRX MDCSTAT02401_OUT
daily,KOSDAQ150,foreign,131290,티에스이,8444,13491,5047,2454708500,3912986750,1458278250,KRX MDCSTAT02401_OUT
daily,KOSDAQ150,foreign,053800,안랩,31322,47949,16627,2353007650,3609168300,1256160650,KRX MDCSTAT02401_OUT
daily,KOSDAQ150,foreign,035900,JYP Ent.,59134,86946,27812,2248421450,3307267525,1058846075,KRX MDCSTAT02401_OUT
daily,KOSDAQ150,foreign,041190,우리기술투자,152930,327138,174208,899349190,1922891650,1023542460,KRX MDCSTAT02401_OUT
daily,KOSDAQ150,foreign,237690,에스티팜,31024,41593,10569,2891705300,3891152800,999447500,KRX MDCSTAT02401_OUT
daily,KOSDAQ150,foreign,033500,동성화인텍,17137,79263,62126,274815480,1271272550,996457070,KRX MDCSTAT02401_OUT
daily,KOSDAQ150,foreign,348370,엔켐,47064,94407,47343,977064865,1965493535,988428670,KRX MDCSTAT02401_OUT
daily,KOSDAQ150,foreign,056190,SFA,12612,46249,33637,352522100,1295131725,942609625,KRX MDCSTAT02401_OUT
daily,KOSDAQ150,foreign,060250,NHN KCP,51589,115950,64361,698016390,1566147550,868131160,KRX MDCSTAT02401_OUT
daily,KOSDAQ150,foreign,050890,쏠리드,258325,342348,84023,2509813590,3352415745,842602155,KRX MDCSTAT02401_OUT
daily,KOSDAQ150,foreign,112040,위메이드,30075,83271,53196,468404290,1296027155,827622865,KRX MDCSTAT02401_OUT
daily,KOSDAQ150,foreign,052400,코나아이,11504,31749,20245,440362075,1216514150,776152075,KRX MDCSTAT02401_OUT
daily,KOSDAQ150,foreign,030520,한컴,21376,63027,41651,374849050,1105955180,731106130,KRX MDCSTAT02401_OUT
daily,KOSDAQ150,foreign,014620,성광벤드,28794,50222,21428,902649050,1574439825,671790775,KRX MDCSTAT02401_OUT
daily,KOSDAQ150,foreign,009520,포스코엠텍,19417,72078,52661,242960690,904122180,661161490,KRX MDCSTAT02401_OUT
daily,KOSDAQ150,foreign,025980,아난티,273813,398443,124630,1376452125,2006568455,630116330,KRX MDCSTAT02401_OUT
daily,KOSDAQ150,foreign,084370,유진테크,66403,70480,4077,10406209900,11031525950,625316050,KRX MDCSTAT02401_OUT
daily,KOSDAQ150,foreign,060280,큐렉소,84464,159398,74934,699616455,1314323100,614706645,KRX MDCSTAT02401_OUT
daily,KOSDAQ150,foreign,036620,감성코퍼레이션,90276,252580,162304,331005914,926475175,595469261,KRX MDCSTAT02401_OUT
daily,KOSDAQ150,foreign,074600,원익QnC,18351,37775,19424,530968900,1085685925,554717025,KRX MDCSTAT02401_OUT
daily,KOSDAQ150,foreign,003380,하림지주,54336,103116,48780,608024125,1155512935,547488810,KRX MDCSTAT02401_OUT
daily,KOSDAQ150,foreign,032500,케이엠더블유,55000,82584,27584,1059189200,1591656800,532467600,KRX MDCSTAT02401_OUT
daily,KOSDAQ150,foreign,278280,천보,7678,20625,12947,275159300,742854375,467695075,KRX MDCSTAT02401_OUT
daily,KOSDAQ150,foreign,018290,브이티,41465,75501,34036,473107115,861319695,388212580,KRX MDCSTAT02401_OUT
daily,KOSDAQ150,foreign,065350,신성델타테크,25217,36812,11595,799860600,1172683225,372822625,KRX MDCSTAT02401_OUT
daily,KOSDAQ150,foreign,348210,넥스틴,13089,24030,10941,441148850,809428800,368279950,KRX MDCSTAT02401_OUT
daily,KOSDAQ150,foreign,015750,성우하이텍,22085,83880,61795,128675735,488961715,360285980,KRX MDCSTAT02401_OUT
daily,KOSDAQ150,foreign,069080,웹젠,34538,63371,28833,402468800,737708780,335239980,KRX MDCSTAT02401_OUT
daily,KOSDAQ150,foreign,214150,클래시스,25679,36042,10363,794961150,1114842250,319881100,KRX MDCSTAT02401_OUT
daily,KOSDAQ150,foreign,080220,제주반도체,145654,149944,4290,11176834950,11485205500,308370550,KRX MDCSTAT02401_OUT
daily,KOSDAQ150,foreign,253450,스튜디오드래곤,8062,23037,14975,166035200,474302550,308267350,KRX MDCSTAT02401_OUT
daily,KOSDAQ150,foreign,0009K0,에임드바이오,37922,51226,13304,847509075,1147930100,300421025,KRX MDCSTAT02401_OUT
daily,KOSDAQ150,foreign,032190,다우데이타,14163,29168,15005,280594650,578725840,298131190,KRX MDCSTAT02401_OUT
daily,KOSDAQ150,foreign,033100,제룡전기,19117,25224,6107,910503150,1203367975,292864825,KRX MDCSTAT02401_OUT
daily,KOSDAQ150,foreign,215200,메가스터디교육,9800,17705,7905,362257750,654321275,292063525,KRX MDCSTAT02401_OUT
daily,KOSDAQ150,foreign,125490,한라캐스트,101336,124899,23563,1213003615,1492702440,279698825,KRX MDCSTAT02401_OUT
daily,KOSDAQ150,foreign,025320,시노펙스,119308,184891,65583,456010585,708526895,252516310,KRX MDCSTAT02401_OUT
daily,KOSDAQ150,foreign,038500,삼표시멘트,158833,193481,34648,1082829730,1318177750,235348020,KRX MDCSTAT02401_OUT
daily,KOSDAQ150,foreign,213420,덕산네오룩스,24284,31125,6841,710699000,913248625,202549625,KRX MDCSTAT02401_OUT
daily,KOSDAQ150,foreign,194480,데브시스터즈,9637,23058,13421,141113520,338087750,196974230,KRX MDCSTAT02401_OUT
daily,KOSDAQ150,foreign,218410,RFHIC,63890,67583,3693,3711160250,3900609550,189449300,KRX MDCSTAT02401_OUT
daily,KOSDAQ150,foreign,272290,이녹스첨단소재,27642,35329,7687,589708150,756063100,166354950,KRX MDCSTAT02401_OUT
daily,KOSDAQ150,foreign,025900,동화기업,15623,38559,22936,108414100,266683380,158269280,KRX MDCSTAT02401_OUT
daily,KOSDAQ150,foreign,121600,나노신소재,34860,38148,3288,1930445500,2087860650,157415150,KRX MDCSTAT02401_OUT
daily,KOSDAQ150,foreign,376300,디어유,23383,32012,8629,398677930,545650940,146973010,KRX MDCSTAT02401_OUT
daily,KOSDAQ150,foreign,388720,유일로보틱스,4425,6426,2001,302648550,441130000,138481450,KRX MDCSTAT02401_OUT
daily,KOSDAQ150,foreign,211050,인카금융서비스,10585,22991,12406,105549680,229378140,123828460,KRX MDCSTAT02401_OUT
daily,KOSDAQ150,foreign,124500,아이티센글로벌,39733,43432,3699,1173252400,1282905175,109652775,KRX MDCSTAT02401_OUT
daily,KOSDAQ150,foreign,437730,삼현,48444,50790,2346,2467841750,2576793850,108952100,KRX MDCSTAT02401_OUT
daily,KOSDAQ150,foreign,035760,CJ ENM,21245,22786,1541,828719550,888464600,59745050,KRX MDCSTAT02401_OUT
daily,KOSDAQ150,foreign,036810,에프에스티,23042,24940,1898,707109600,765919200,58809600,KRX MDCSTAT02401_OUT
daily,KOSDAQ150,foreign,101730,위메이드맥스,40306,52037,11731,187054700,242187355,55132655,KRX MDCSTAT02401_OUT
daily,KOSDAQ150,foreign,058610,에스피지,34457,34777,320,3392152400,3436316400,44164000,KRX MDCSTAT02401_OUT
daily,KOSDAQ150,foreign,399720,가온칩스,32803,33425,622,1500317100,1531273225,30956125,KRX MDCSTAT02401_OUT
daily,KOSDAQ150,foreign,225570,넥슨게임즈,27993,29073,1080,305849090,317859255,12010165,KRX MDCSTAT02401_OUT
daily,KOSDAQ150,foreign,036830,솔브레인홀딩스,15733,15851,118,643714575,649425875,5711300,KRX MDCSTAT02401_OUT
daily,KOSDAQ150,foreign,161580,필옵틱스,141743,142687,944,4960144375,4961155975,1011600,KRX MDCSTAT02401_OUT
daily,KOSDAQ150,foreign,095660,네오위즈,13991,14023,32,251014030,251221540,207510,KRX MDCSTAT02401_OUT
daily,KOSDAQ150,foreign,352480,씨앤씨인터내셔널,3742,2552,-1190,82754700,56074000,-26680700,KRX MDCSTAT02401_OUT
daily,KOSDAQ150,foreign,137400,피엔티,60871,59793,-1078,1781713600,1754489050,-27224550,KRX MDCSTAT02401_OUT
daily,KOSDAQ150,foreign,056080,유진로봇,95526,92527,-2999,1142236740,1113855200,-28381540,KRX MDCSTAT02401_OUT
daily,KOSDAQ150,foreign,253590,네오셈,239539,237797,-1742,3246826175,3202661280,-44164895,KRX MDCSTAT02401_OUT
daily,KOSDAQ150,foreign,085660,차바이오텍,94279,86470,-7809,771601930,708587350,-63014580,KRX MDCSTAT02401_OUT
daily,KOSDAQ150,foreign,195940,HK이노엔,27850,25366,-2484,1095856175,997603875,-98252300,KRX MDCSTAT02401_OUT
daily,KOSDAQ150,foreign,281740,레이크머티리얼즈,169750,159054,-10696,1880411915,1756189975,-124221940,KRX MDCSTAT02401_OUT
daily,KOSDAQ150,foreign,166090,하나머티리얼즈,24841,22695,-2146,1432939600,1305669150,-127270450,KRX MDCSTAT02401_OUT
daily,KOSDAQ150,foreign,214370,케어젠,22535,17986,-4549,904364150,722284850,-182079300,KRX MDCSTAT02401_OUT
daily,KOSDAQ150,foreign,090360,로보스타,21231,18447,-2784,1647803350,1448129450,-199673900,KRX MDCSTAT02401_OUT
daily,KOSDAQ150,foreign,039200,오스코텍,34946,28975,-5971,1253753425,1038111350,-215642075,KRX MDCSTAT02401_OUT
daily,KOSDAQ150,foreign,099320,쎄트렉아이,35300,32599,-2701,2846541500,2628684950,-217856550,KRX MDCSTAT02401_OUT
daily,KOSDAQ150,foreign,048410,현대바이오,251724,217207,-34517,1748673455,1520530610,-228142845,KRX MDCSTAT02401_OUT
daily,KOSDAQ150,foreign,067160,SOOP,28127,21882,-6245,1030244875,802067150,-228177725,KRX MDCSTAT02401_OUT
daily,KOSDAQ150,foreign,214450,파마리서치,17408,16677,-731,5593841750,5364004500,-229837250,KRX MDCSTAT02401_OUT
daily,KOSDAQ150,foreign,214430,아이쓰리시스템,11354,7789,-3565,757448850,518623800,-238825050,KRX MDCSTAT02401_OUT
daily,KOSDAQ150,foreign,257720,실리콘투,227002,218875,-8127,8906120500,8630974900,-275145600,KRX MDCSTAT02401_OUT
daily,KOSDAQ150,foreign,140860,파크시스템스,10554,9478,-1076,2778965750,2495764500,-283201250,KRX MDCSTAT02401_OUT
daily,KOSDAQ150,foreign,090710,휴림로봇,334730,286140,-48590,2082153955,1781204505,-300949450,KRX MDCSTAT02401_OUT
daily,KOSDAQ150,foreign,122870,와이지엔터테인먼트,32823,25379,-7444,1409085225,1088250100,-320835125,KRX MDCSTAT02401_OUT
daily,KOSDAQ150,foreign,290650,엘앤씨바이오,53722,45763,-7959,2475336675,2103706600,-371630075,KRX MDCSTAT02401_OUT
daily,KOSDAQ150,foreign,082270,젬백스,68908,28184,-40724,701492345,287852250,-413640095,KRX MDCSTAT02401_OUT
daily,KOSDAQ150,foreign,263750,펄어비스,122191,109692,-12499,4088434075,3670588375,-417845700,KRX MDCSTAT02401_OUT
daily,KOSDAQ150,foreign,475830,오름테라퓨틱,109512,91503,-18009,2735175575,2312777075,-422398500,KRX MDCSTAT02401_OUT
daily,KOSDAQ150,foreign,358570,지아이이노베이션,128312,78904,-49408,1131677280,691380355,-440296925,KRX MDCSTAT02401_OUT
daily,KOSDAQ150,foreign,298380,에이비엘바이오,165703,154619,-11084,8406675050,7843984100,-562690950,KRX MDCSTAT02401_OUT
daily,KOSDAQ150,foreign,189300,인텔리안테크,19510,11115,-8395,1344002550,764055400,-579947150,KRX MDCSTAT02401_OUT
daily,KOSDAQ150,foreign,131970,두산테스나,53480,47111,-6369,4876822500,4288191900,-588630600,KRX MDCSTAT02401_OUT
daily,KOSDAQ150,foreign,060370,LS마린솔루션,52207,33183,-19024,1725984800,1101573000,-624411800,KRX MDCSTAT02401_OUT
daily,KOSDAQ150,foreign,445680,큐리옥스바이오시스템즈,56249,43466,-12783,2847594050,2211594250,-635999800,KRX MDCSTAT02401_OUT
daily,KOSDAQ150,foreign,232140,와이씨,471798,427853,-43945,6608419995,5970127055,-638292940,KRX MDCSTAT02401_OUT
daily,KOSDAQ150,foreign,417200,LS머트리얼즈,373148,308924,-64224,4993429355,4236348555,-757080800,KRX MDCSTAT02401_OUT
daily,KOSDAQ150,foreign,042000,카페24,211565,171493,-40072,3960425715,3119565120,-840860595,KRX MDCSTAT02401_OUT
daily,KOSDAQ150,foreign,100790,미래에셋벤처투자,117192,63011,-54181,2053338625,1104910360,-948428265,KRX MDCSTAT02401_OUT
daily,KOSDAQ150,foreign,319400,현대무벡스,169256,123260,-45996,3536484725,2578038900,-958445825,KRX MDCSTAT02401_OUT
daily,KOSDAQ150,foreign,466100,클로봇,73008,27697,-45311,1659305350,634284125,-1025021225,KRX MDCSTAT02401_OUT
daily,KOSDAQ150,foreign,087010,펩트론,43315,35495,-7820,6179395450,5058531200,-1120864250,KRX MDCSTAT02401_OUT
daily,KOSDAQ150,foreign,043260,성호전자,381946,340142,-41804,9906231400,8674011875,-1232219525,KRX MDCSTAT02401_OUT
daily,KOSDAQ150,foreign,064760,티씨케이,28725,24085,-4640,8049740000,6753864500,-1295875500,KRX MDCSTAT02401_OUT
daily,KOSDAQ150,foreign,145020,휴젤,42761,35234,-7527,7993714600,6609229250,-1384485350,KRX MDCSTAT02401_OUT
daily,KOSDAQ150,foreign,420770,기가비스,28680,16005,-12675,3580075500,1993583700,-1586491800,KRX MDCSTAT02401_OUT
daily,KOSDAQ150,foreign,032820,우리기술,704227,574698,-129529,9086842045,7404786710,-1682055335,KRX MDCSTAT02401_OUT
daily,KOSDAQ150,foreign,030530,원익홀딩스,285672,211299,-74373,7998286250,5887411325,-2110874925,KRX MDCSTAT02401_OUT
daily,KOSDAQ150,foreign,251970,펌텍코리아,53835,16472,-37363,3341989100,1005951600,-2336037500,KRX MDCSTAT02401_OUT
daily,KOSDAQ150,foreign,101490,에스앤에스텍,76392,22639,-53753,3340189375,990891675,-2349297700,KRX MDCSTAT02401_OUT
daily,KOSDAQ150,foreign,041510,에스엠,61581,32027,-29554,5067692900,2630936100,-2436756800,KRX MDCSTAT02401_OUT
daily,KOSDAQ150,foreign,204270,제이앤티씨,329826,227477,-102349,8043461900,5588270850,-2455191050,KRX MDCSTAT02401_OUT
daily,KOSDAQ150,foreign,058470,리노공업,251857,217951,-33906,18235210250,15735368650,-2499841600,KRX MDCSTAT02401_OUT
daily,KOSDAQ150,foreign,295310,에이치브이엠,59718,17200,-42518,3543558550,1033458050,-2510100500,KRX MDCSTAT02401_OUT
daily,KOSDAQ150,foreign,141080,리가켐바이오,88240,57248,-30992,7185870450,4653530400,-2532340050,KRX MDCSTAT02401_OUT
daily,KOSDAQ150,foreign,310210,보로노이,50754,26782,-23972,7051063900,3729865700,-3321198200,KRX MDCSTAT02401_OUT
daily,KOSDAQ150,foreign,196170,알테오젠,77816,64811,-13005,19845485250,16519048250,-3326437000,KRX MDCSTAT02401_OUT
daily,KOSDAQ150,foreign,328130,루닛,1446955,1140315,-306640,17131609225,13407056260,-3724552965,KRX MDCSTAT02401_OUT
daily,KOSDAQ150,foreign,226950,올릭스,82556,46916,-35640,8714990800,4984060900,-3730929900,KRX MDCSTAT02401_OUT
daily,KOSDAQ150,foreign,000250,삼천당제약,39223,14997,-24226,6510548000,2487964300,-4022583700,KRX MDCSTAT02401_OUT
daily,KOSDAQ150,foreign,347850,디앤디파마텍,206876,83681,-123195,9171818650,3715408425,-5456410225,KRX MDCSTAT02401_OUT
daily,KOSDAQ150,foreign,067310,하나마이크론,494522,375748,-118774,22774430425,17279990950,-5494439475,KRX MDCSTAT02401_OUT
daily,KOSDAQ150,foreign,277810,레인보우로보틱스,22535,9187,-13348,9596794000,3936689000,-5660105000,KRX MDCSTAT02401_OUT
daily,KOSDAQ150,foreign,005290,동진쎄미켐,259908,126876,-133032,11858143875,5785602000,-6072541875,KRX MDCSTAT02401_OUT
daily,KOSDAQ150,foreign,028300,HLB,156758,100,-156658,6223292600,3970000,-6219322600,KRX MDCSTAT02401_OUT
daily,KOSDAQ150,foreign,089970,브이엠,222773,106169,-116604,13586087500,6466782200,-7119305300,KRX MDCSTAT02401_OUT
daily,KOSDAQ150,foreign,095340,ISC,75680,41049,-34631,15573107250,8440965500,-7132141750,KRX MDCSTAT02401_OUT
daily,KOSDAQ150,foreign,108490,로보티즈,79767,40622,-39145,23163554500,11732028750,-11431525750,KRX MDCSTAT02401_OUT
daily,KOSDAQ150,foreign,240810,원익IPS,389555,216278,-173277,49393191100,27330566000,-22062625100,KRX MDCSTAT02401_OUT
daily,KOSDAQ150,institution,247540,에코프로비엠,138101,246981,108880,15152366650,27366042700,12213676050,KRX MDCSTAT02401_OUT
daily,KOSDAQ150,institution,095340,ISC,20405,53475,33070,4189897500,11013750000,6823852500,KRX MDCSTAT02401_OUT
daily,KOSDAQ150,institution,226950,올릭스,53843,109951,56108,5677040550,11654183500,5977142950,KRX MDCSTAT02401_OUT
daily,KOSDAQ150,institution,196170,알테오젠,78468,99316,20848,19983857500,25374803500,5390946000,KRX MDCSTAT02401_OUT
daily,KOSDAQ150,institution,251970,펌텍코리아,20002,84635,64633,1238949400,5245003000,4006053600,KRX MDCSTAT02401_OUT
daily,KOSDAQ150,institution,005290,동진쎄미켐,40889,122889,82000,1861031300,5610298700,3749267400,KRX MDCSTAT02401_OUT
daily,KOSDAQ150,institution,086520,에코프로,166971,207187,40216,13618691300,16942949150,3324257850,KRX MDCSTAT02401_OUT
daily,KOSDAQ150,institution,121600,나노신소재,18443,61403,42960,1022088900,3409482100,2387393200,KRX MDCSTAT02401_OUT
daily,KOSDAQ150,institution,031980,피에스케이홀딩스,19096,31077,11981,3232258650,5261269800,2029011150,KRX MDCSTAT02401_OUT
daily,KOSDAQ150,institution,178320,서진시스템,101311,144549,43238,3665392350,5286220700,1620828350,KRX MDCSTAT02401_OUT
daily,KOSDAQ150,institution,445680,큐리옥스바이오시스템즈,8586,37539,28953,433090000,1907806300,1474716300,KRX MDCSTAT02401_OUT
daily,KOSDAQ150,institution,237690,에스티팜,22125,35534,13409,2062603250,3318212250,1255609000,KRX MDCSTAT02401_OUT
daily,KOSDAQ150,institution,078600,대주전자재료,29864,42797,12933,2753658200,3960969050,1207310850,KRX MDCSTAT02401_OUT
daily,KOSDAQ150,institution,078340,컴투스,16585,48354,31769,612940450,1802287700,1189347250,KRX MDCSTAT02401_OUT
daily,KOSDAQ150,institution,099320,쎄트렉아이,5624,14186,8562,451178300,1147703600,696525300,KRX MDCSTAT02401_OUT
daily,KOSDAQ150,institution,171090,선익시스템,7645,14194,6549,549916600,1033660350,483743750,KRX MDCSTAT02401_OUT
daily,KOSDAQ150,institution,347850,디앤디파마텍,72053,82054,10001,3175943125,3629974950,454031825,KRX MDCSTAT02401_OUT
daily,KOSDAQ150,institution,089970,브이엠,93310,99392,6082,5691964150,6069552500,377588350,KRX MDCSTAT02401_OUT
daily,KOSDAQ150,institution,214450,파마리서치,11911,13063,1152,3825869500,4197476750,371607250,KRX MDCSTAT02401_OUT
daily,KOSDAQ150,institution,042000,카페24,8571,28371,19800,158069650,526221190,368151540,KRX MDCSTAT02401_OUT
daily,KOSDAQ150,institution,053800,안랩,3714,7886,4172,279252650,594255850,315003200,KRX MDCSTAT02401_OUT
daily,KOSDAQ150,institution,096530,씨젠,33522,40485,6963,1150711800,1392073975,241362175,KRX MDCSTAT02401_OUT
daily,KOSDAQ150,institution,195940,HK이노엔,20887,26351,5464,821042025,1038073525,217031500,KRX MDCSTAT02401_OUT
daily,KOSDAQ150,institution,036830,솔브레인홀딩스,13668,18130,4462,559085550,742473975,183388425,KRX MDCSTAT02401_OUT
daily,KOSDAQ150,institution,064760,티씨케이,13959,14412,453,3918848000,4042424500,123576500,KRX MDCSTAT02401_OUT
daily,KOSDAQ150,institution,215200,메가스터디교육,6257,9277,3020,230854650,342761250,111906600,KRX MDCSTAT02401_OUT
daily,KOSDAQ150,institution,131290,티에스이,18744,18950,206,5405630000,5503851750,98221750,KRX MDCSTAT02401_OUT
daily,KOSDAQ150,institution,067160,SOOP,5877,8140,2263,215712750,299467700,83754950,KRX MDCSTAT02401_OUT
daily,KOSDAQ150,institution,033100,제룡전기,7117,8242,1125,338958975,392955725,53996750,KRX MDCSTAT02401_OUT
daily,KOSDAQ150,institution,060280,큐렉소,14630,19057,4427,119735065,158286455,38551390,KRX MDCSTAT02401_OUT
daily,KOSDAQ150,institution,003380,하림지주,57933,61076,3143,647674440,684703360,37028920,KRX MDCSTAT02401_OUT
daily,KOSDAQ150,institution,140860,파크시스템스,3545,3667,122,931652500,967519500,35867000,KRX MDCSTAT02401_OUT
daily,KOSDAQ150,institution,225570,넥슨게임즈,14521,17465,2944,158573285,191657650,33084365,KRX MDCSTAT02401_OUT
daily,KOSDAQ150,institution,352480,씨앤씨인터내셔널,3605,4819,1214,79208850,106798800,27589950,KRX MDCSTAT02401_OUT
daily,KOSDAQ150,institution,125490,한라캐스트,13424,14917,1493,159517860,178726680,19208820,KRX MDCSTAT02401_OUT
daily,KOSDAQ150,institution,095660,네오위즈,10460,10418,-42,187384090,187171970,-212120,KRX MDCSTAT02401_OUT
daily,KOSDAQ150,institution,211050,인카금융서비스,15265,14984,-281,151559890,150343500,-1216390,KRX MDCSTAT02401_OUT
daily,KOSDAQ150,institution,025900,동화기업,10518,8502,-2016,72701460,59105590,-13595870,KRX MDCSTAT02401_OUT
daily,KOSDAQ150,institution,032190,다우데이타,14401,13339,-1062,285374020,264432710,-20941310,KRX MDCSTAT02401_OUT
daily,KOSDAQ150,institution,272290,이녹스첨단소재,14914,13835,-1079,317723875,295606750,-22117125,KRX MDCSTAT02401_OUT
daily,KOSDAQ150,institution,214430,아이쓰리시스템,2331,1979,-352,155448300,132339350,-23108950,KRX MDCSTAT02401_OUT
daily,KOSDAQ150,institution,213420,덕산네오룩스,14780,13925,-855,432591075,408925700,-23665375,KRX MDCSTAT02401_OUT
daily,KOSDAQ150,institution,112040,위메이드,27902,26146,-1756,433889430,406983210,-26906220,KRX MDCSTAT02401_OUT
daily,KOSDAQ150,institution,194480,데브시스터즈,13664,11452,-2212,200362000,168257110,-32104890,KRX MDCSTAT02401_OUT
daily,KOSDAQ150,institution,100790,미래에셋벤처투자,8706,6708,-1998,151962955,118375100,-33587855,KRX MDCSTAT02401_OUT
daily,KOSDAQ150,institution,101730,위메이드맥스,9425,1407,-8018,43541185,6584155,-36957030,KRX MDCSTAT02401_OUT
daily,KOSDAQ150,institution,009520,포스코엠텍,32082,28176,-3906,401321530,353866030,-47455500,KRX MDCSTAT02401_OUT
daily,KOSDAQ150,institution,074600,원익QnC,23033,20405,-2628,664902750,589033700,-75869050,KRX MDCSTAT02401_OUT
daily,KOSDAQ150,institution,060370,LS마린솔루션,20910,18468,-2442,691798000,611337575,-80460425,KRX MDCSTAT02401_OUT
daily,KOSDAQ150,institution,348370,엔켐,25206,21082,-4124,521720375,437488610,-84231765,KRX MDCSTAT02401_OUT
daily,KOSDAQ150,institution,281740,레이크머티리얼즈,40040,32311,-7729,442614345,357477375,-85136970,KRX MDCSTAT02401_OUT
daily,KOSDAQ150,institution,089030,테크윙,51974,50140,-1834,2562966425,2474405600,-88560825,KRX MDCSTAT02401_OUT
daily,KOSDAQ150,institution,039200,오스코텍,28497,25868,-2629,1021356150,932599650,-88756500,KRX MDCSTAT02401_OUT
daily,KOSDAQ150,institution,082270,젬백스,15303,6051,-9252,155496465,62264400,-93232065,KRX MDCSTAT02401_OUT
daily,KOSDAQ150,institution,015750,성우하이텍,23736,5772,-17964,138276900,33614350,-104662550,KRX MDCSTAT02401_OUT
daily,KOSDAQ150,institution,124500,아이티센글로벌,8219,4320,-3899,241508150,127799000,-113709150,KRX MDCSTAT02401_OUT
daily,KOSDAQ150,institution,025320,시노펙스,35680,5342,-30338,135831295,20589020,-115242275,KRX MDCSTAT02401_OUT
daily,KOSDAQ150,institution,041190,우리기술투자,24100,4207,-19893,141072775,24973475,-116099300,KRX MDCSTAT02401_OUT
daily,KOSDAQ150,institution,038500,삼표시멘트,47595,28230,-19365,321099385,191793170,-129306215,KRX MDCSTAT02401_OUT
daily,KOSDAQ150,institution,137400,피엔티,22720,18191,-4529,664768700,534536225,-130232475,KRX MDCSTAT02401_OUT
daily,KOSDAQ150,institution,069080,웹젠,31674,20488,-11186,368783470,238384525,-130398945,KRX MDCSTAT02401_OUT
daily,KOSDAQ150,institution,052400,코나아이,12341,8537,-3804,470757300,327787950,-142969350,KRX MDCSTAT02401_OUT
daily,KOSDAQ150,institution,050890,쏠리드,28570,13072,-15498,274545445,127084265,-147461180,KRX MDCSTAT02401_OUT
daily,KOSDAQ150,institution,025980,아난티,34722,4837,-29885,174731495,24525973,-150205522,KRX MDCSTAT02401_OUT
daily,KOSDAQ150,institution,090360,로보스타,3385,1408,-1977,262411850,110279900,-152131950,KRX MDCSTAT02401_OUT
daily,KOSDAQ150,institution,030520,한컴,35416,26194,-9222,619684790,459502950,-160181840,KRX MDCSTAT02401_OUT
daily,KOSDAQ150,institution,278280,천보,6012,1510,-4502,214769725,54213525,-160556200,KRX MDCSTAT02401_OUT
daily,KOSDAQ150,institution,189300,인텔리안테크,6475,3828,-2647,443772600,264369800,-179402800,KRX MDCSTAT02401_OUT
daily,KOSDAQ150,institution,388720,유일로보틱스,3306,642,-2664,225815100,44191900,-181623200,KRX MDCSTAT02401_OUT
daily,KOSDAQ150,institution,253450,스튜디오드래곤,14260,5247,-9013,293166750,108045950,-185120800,KRX MDCSTAT02401_OUT
daily,KOSDAQ150,institution,036810,에프에스티,7231,1080,-6151,220493975,33632850,-186861125,KRX MDCSTAT02401_OUT
daily,KOSDAQ150,institution,007390,네이처셀,32072,24665,-7407,815667750,628327000,-187340750,KRX MDCSTAT02401_OUT
daily,KOSDAQ150,institution,085660,차바이오텍,36548,12787,-23761,298886780,105019970,-193866810,KRX MDCSTAT02401_OUT
daily,KOSDAQ150,institution,065350,신성델타테크,9552,3238,-6314,300728400,103075650,-197652750,KRX MDCSTAT02401_OUT
daily,KOSDAQ150,institution,475830,오름테라퓨틱,12399,4162,-8237,307123525,104236900,-202886625,KRX MDCSTAT02401_OUT
daily,KOSDAQ150,institution,253590,네오셈,22573,7097,-15476,302383370,95990400,-206392970,KRX MDCSTAT02401_OUT
daily,KOSDAQ150,institution,018290,브이티,20374,1598,-18776,232168550,18174755,-213993795,KRX MDCSTAT02401_OUT
daily,KOSDAQ150,institution,417200,LS머트리얼즈,80170,63266,-16904,1079503350,861400635,-218102715,KRX MDCSTAT02401_OUT
daily,KOSDAQ150,institution,466100,클로봇,13519,3450,-10069,306733250,78677025,-228056225,KRX MDCSTAT02401_OUT
daily,KOSDAQ150,institution,048410,현대바이오,96988,61326,-35662,672029030,427730070,-244298960,KRX MDCSTAT02401_OUT
daily,KOSDAQ150,institution,006730,서부T&D,155264,132104,-23160,1750568195,1498359585,-252208610,KRX MDCSTAT02401_OUT
daily,KOSDAQ150,institution,399720,가온칩스,8845,3346,-5499,406197550,153820650,-252376900,KRX MDCSTAT02401_OUT
daily,KOSDAQ150,institution,348210,넥스틴,17118,9013,-8105,577017950,303966650,-273051300,KRX MDCSTAT02401_OUT
daily,KOSDAQ150,institution,358570,지아이이노베이션,37871,5875,-31996,329889895,51984390,-277905505,KRX MDCSTAT02401_OUT
daily,KOSDAQ150,institution,014620,성광벤드,15774,6762,-9012,493552925,212545025,-281007900,KRX MDCSTAT02401_OUT
daily,KOSDAQ150,institution,319400,현대무벡스,36079,22459,-13620,752342375,470770500,-281571875,KRX MDCSTAT02401_OUT
daily,KOSDAQ150,institution,420770,기가비스,18280,15861,-2419,2262258500,1966449000,-295809500,KRX MDCSTAT02401_OUT
daily,KOSDAQ150,institution,090710,휴림로봇,57148,8665,-48483,353588905,54485710,-299103195,KRX MDCSTAT02401_OUT
daily,KOSDAQ150,institution,056080,유진로봇,34580,8700,-25880,413434580,104604020,-308830560,KRX MDCSTAT02401_OUT
daily,KOSDAQ150,institution,204270,제이앤티씨,15202,1494,-13708,365261600,36686750,-328574850,KRX MDCSTAT02401_OUT
daily,KOSDAQ150,institution,214150,클래시스,23773,12794,-10979,735009575,396807200,-338202375,KRX MDCSTAT02401_OUT
daily,KOSDAQ150,institution,293490,카카오게임즈,66142,30448,-35694,625288445,286507065,-338781380,KRX MDCSTAT02401_OUT
daily,KOSDAQ150,institution,095610,테스,45676,43405,-2271,7412444000,7059783500,-352660500,KRX MDCSTAT02401_OUT
daily,KOSDAQ150,institution,376300,디어유,21891,931,-20960,372193625,15937515,-356256110,KRX MDCSTAT02401_OUT
daily,KOSDAQ150,institution,214370,케어젠,13146,3786,-9360,525104300,152808500,-372295800,KRX MDCSTAT02401_OUT
daily,KOSDAQ150,institution,0009K0,에임드바이오,30959,13989,-16970,692667525,313834600,-378832925,KRX MDCSTAT02401_OUT
daily,KOSDAQ150,institution,032500,케이엠더블유,27243,6332,-20911,523074370,123015380,-400058990,KRX MDCSTAT02401_OUT
daily,KOSDAQ150,institution,101490,에스앤에스텍,15931,6400,-9531,696772850,281601375,-415171475,KRX MDCSTAT02401_OUT
daily,KOSDAQ150,institution,131970,두산테스나,36615,31821,-4794,3332630150,2906163850,-426466300,KRX MDCSTAT02401_OUT
daily,KOSDAQ150,institution,060250,NHN KCP,37543,5193,-32350,504763320,70646770,-434116550,KRX MDCSTAT02401_OUT
daily,KOSDAQ150,institution,161580,필옵틱스,14999,1981,-13018,517871525,69333100,-448538425,KRX MDCSTAT02401_OUT
daily,KOSDAQ150,institution,437730,삼현,11626,2665,-8961,589937400,135341900,-454595500,KRX MDCSTAT02401_OUT
daily,KOSDAQ150,institution,030530,원익홀딩스,33237,16560,-16677,923776700,463667800,-460108900,KRX MDCSTAT02401_OUT
daily,KOSDAQ150,institution,082920,비츠로셀,32927,16340,-16587,944558825,469657350,-474901475,KRX MDCSTAT02401_OUT
daily,KOSDAQ150,institution,035760,CJ ENM,25674,11811,-13863,1001085600,460588100,-540497500,KRX MDCSTAT02401_OUT
daily,KOSDAQ150,institution,263750,펄어비스,42945,25656,-17289,1436315550,862771550,-573544000,KRX MDCSTAT02401_OUT
daily,KOSDAQ150,institution,323280,태성,29581,17364,-12217,1440789550,848132350,-592657200,KRX MDCSTAT02401_OUT
daily,KOSDAQ150,institution,290650,엘앤씨바이오,15952,2682,-13270,733515950,124584950,-608931000,KRX MDCSTAT02401_OUT
daily,KOSDAQ150,institution,035900,JYP Ent.,30318,14185,-16133,1152068000,538972300,-613095700,KRX MDCSTAT02401_OUT
daily,KOSDAQ150,institution,145020,휴젤,26776,23320,-3456,5013239400,4383199750,-630039650,KRX MDCSTAT02401_OUT
daily,KOSDAQ150,institution,218410,RFHIC,37416,26434,-10982,2165184600,1528133000,-637051600,KRX MDCSTAT02401_OUT
daily,KOSDAQ150,institution,056190,SFA,40423,15950,-24473,1127974300,445415700,-682558600,KRX MDCSTAT02401_OUT
daily,KOSDAQ150,institution,166090,하나머티리얼즈,22354,9456,-12898,1288667050,546210800,-742456250,KRX MDCSTAT02401_OUT
daily,KOSDAQ150,institution,033500,동성화인텍,50802,1284,-49518,813855380,20691770,-793163610,KRX MDCSTAT02401_OUT
daily,KOSDAQ150,institution,036620,감성코퍼레이션,282348,50822,-231526,1034677575,186565012,-848112563,KRX MDCSTAT02401_OUT
daily,KOSDAQ150,institution,083650,비에이치아이,25107,10151,-14956,1523015700,619404700,-903611000,KRX MDCSTAT02401_OUT
daily,KOSDAQ150,institution,232140,와이씨,81463,15492,-65971,1134989490,216455105,-918534385,KRX MDCSTAT02401_OUT
daily,KOSDAQ150,institution,298380,에이비엘바이오,73644,54829,-18815,3727681250,2773553900,-954127350,KRX MDCSTAT02401_OUT
daily,KOSDAQ150,institution,328130,루닛,156444,73105,-83339,1828425540,851448640,-976976900,KRX MDCSTAT02401_OUT
daily,KOSDAQ150,institution,032820,우리기술,106008,16812,-89196,1360115410,218245600,-1141869810,KRX MDCSTAT02401_OUT
daily,KOSDAQ150,institution,098460,고영,62660,19566,-43094,1835738875,575374500,-1260364375,KRX MDCSTAT02401_OUT
daily,KOSDAQ150,institution,039030,이오테크닉스,27618,24746,-2872,13081896250,11761744500,-1320151750,KRX MDCSTAT02401_OUT
daily,KOSDAQ150,institution,000250,삼천당제약,28095,19432,-8663,4672727500,3246199100,-1426528400,KRX MDCSTAT02401_OUT
daily,KOSDAQ150,institution,087010,펩트론,18020,7659,-10361,2550981150,1098321300,-1452659850,KRX MDCSTAT02401_OUT
daily,KOSDAQ150,institution,122870,와이지엔터테인먼트,59967,25170,-34797,2570938925,1080131050,-1490807875,KRX MDCSTAT02401_OUT
daily,KOSDAQ150,institution,080220,제주반도체,53230,31992,-21238,4030693700,2454324600,-1576369100,KRX MDCSTAT02401_OUT
daily,KOSDAQ150,institution,084370,유진테크,24475,12330,-12145,3824255000,1935932250,-1888322750,KRX MDCSTAT02401_OUT
daily,KOSDAQ150,institution,041510,에스엠,40064,16521,-23543,3293322850,1359172450,-1934150400,KRX MDCSTAT02401_OUT
daily,KOSDAQ150,institution,068760,셀트리온제약,74848,25091,-49757,2946996450,991107550,-1955888900,KRX MDCSTAT02401_OUT
daily,KOSDAQ150,institution,310210,보로노이,25389,10053,-15336,3522208400,1393140500,-2129067900,KRX MDCSTAT02401_OUT
daily,KOSDAQ150,institution,067310,하나마이크론,119963,72696,-47267,5514557875,3348762250,-2165795625,KRX MDCSTAT02401_OUT
daily,KOSDAQ150,institution,295310,에이치브이엠,67720,24952,-42768,3982927700,1477901150,-2505026550,KRX MDCSTAT02401_OUT
daily,KOSDAQ150,institution,277810,레인보우로보틱스,9365,3354,-6011,3992407000,1439505000,-2552902000,KRX MDCSTAT02401_OUT
daily,KOSDAQ150,institution,183300,코미코,151875,62264,-89611,4668481375,1919813125,-2748668250,KRX MDCSTAT02401_OUT
daily,KOSDAQ150,institution,141080,리가켐바이오,77031,28862,-48169,6244240250,2351704600,-3892535650,KRX MDCSTAT02401_OUT
daily,KOSDAQ150,institution,058610,에스피지,44238,4310,-39928,4368468650,427474600,-3940994050,KRX MDCSTAT02401_OUT
daily,KOSDAQ150,institution,028300,HLB,109218,5201,-104017,4335954600,206479700,-4129474900,KRX MDCSTAT02401_OUT
daily,KOSDAQ150,institution,043260,성호전자,423646,250127,-173519,10772323300,6439878600,-4332444700,KRX MDCSTAT02401_OUT
daily,KOSDAQ150,institution,058470,리노공업,191100,129905,-61195,13767432050,9390380150,-4377051900,KRX MDCSTAT02401_OUT
daily,KOSDAQ150,institution,036930,주성엔지니어링,102494,80028,-22466,21538450250,16905232500,-4633217750,KRX MDCSTAT02401_OUT
daily,KOSDAQ150,institution,241710,코스메카코리아,49506,8081,-41425,6216099700,1017679700,-5198420000,KRX MDCSTAT02401_OUT
daily,KOSDAQ150,institution,257720,실리콘투,171812,22971,-148841,6688175525,908384125,-5779791400,KRX MDCSTAT02401_OUT
daily,KOSDAQ150,institution,403870,HPSP,271838,138491,-133347,15247373950,7779164000,-7468209950,KRX MDCSTAT02401_OUT
daily,KOSDAQ150,institution,036540,SFA반도체,1256938,429067,-827871,13248131040,4518478800,-8729652240,KRX MDCSTAT02401_OUT
daily,KOSDAQ150,institution,108490,로보티즈,47406,5421,-41985,13618717500,1581867000,-12036850500,KRX MDCSTAT02401_OUT
daily,KOSDAQ150,institution,240810,원익IPS,208543,108260,-100283,26357762000,13757959600,-12599802400,KRX MDCSTAT02401_OUT
daily,KOSDAQ150,institution,222800,심텍,200760,89725,-111035,29895330950,13424383850,-16470947100,KRX MDCSTAT02401_OUT
weekly,KOSPI200,foreign,005930,삼성전자,31947105,34587197,2640092,8709665927868,9496231833118,786565905250,KRX MDCSTAT02401_OUT
weekly,KOSPI200,foreign,402340,SK스퀘어,1971367,2200932,229565,2241232832799,2498556888299,257324055500,KRX MDCSTAT02401_OUT
weekly,KOSPI200,foreign,096770,SK이노베이션,1045599,1717215,671616,151540706850,252394250000,100853543150,KRX MDCSTAT02401_OUT
weekly,KOSPI200,foreign,009150,삼성전기,1229743,1298328,68585,1784599822000,1884549705000,99949883000,KRX MDCSTAT02401_OUT
weekly,KOSPI200,foreign,066570,LG전자,1493383,1927738,434355,307944974750,403056211650,95111236900,KRX MDCSTAT02401_OUT
weekly,KOSPI200,foreign,010120,LS ELECTRIC,700119,1091365,391246,146252777750,228609232000,82356454250,KRX MDCSTAT02401_OUT
weekly,KOSPI200,foreign,003490,대한항공,5420006,7553653,2133647,164991901325,230953558325,65961657000,KRX MDCSTAT02401_OUT
weekly,KOSPI200,foreign,042700,한미반도체,801998,1058141,256143,191063992500,252127080750,61063088250,KRX MDCSTAT02401_OUT
weekly,KOSPI200,foreign,010950,S-Oil,878541,1140335,261794,136145433700,176824327250,40678893550,KRX MDCSTAT02401_OUT
weekly,KOSPI200,foreign,078930,GS,654825,1015752,360927,73894674100,113395720900,39501046800,KRX MDCSTAT02401_OUT
weekly,KOSPI200,foreign,017670,SK텔레콤,2111817,2526884,415067,186967735250,223447280550,36479545300,KRX MDCSTAT02401_OUT
weekly,KOSPI200,foreign,161890,한국콜마,418780,624021,205241,61402724050,91624463900,30221739850,KRX MDCSTAT02401_OUT
weekly,KOSPI200,foreign,011070,LG이노텍,406785,453253,46468,221710882720,249548965720,27838083000,KRX MDCSTAT02401_OUT
weekly,KOSPI200,foreign,298040,효성중공업,87376,94738,7362,251632703000,274855858000,23223155000,KRX MDCSTAT02401_OUT
weekly,KOSPI200,foreign,003230,삼양식품,81673,98976,17303,102959486000,123784107000,20824621000,KRX MDCSTAT02401_OUT
weekly,KOSPI200,foreign,018260,삼성에스디에스,255881,347979,92098,56643103250,77110898250,20467795000,KRX MDCSTAT02401_OUT
weekly,KOSPI200,foreign,278470,에이피알,430186,485159,54973,157493675250,177537081750,20043406500,KRX MDCSTAT02401_OUT
weekly,KOSPI200,foreign,373220,LG에너지솔루션,509645,558121,48476,182066967750,200238543500,18171575750,KRX MDCSTAT02401_OUT
weekly,KOSPI200,foreign,001450,현대해상,1162680,1513877,351197,56402106700,73213914650,16811807950,KRX MDCSTAT02401_OUT
weekly,KOSPI200,foreign,016360,삼성증권,905454,1047749,142295,79964448804,93108613954,13144165150,KRX MDCSTAT02401_OUT
weekly,KOSPI200,foreign,004170,신세계,139379,172189,32810,49594211500,61418437750,11824226250,KRX MDCSTAT02401_OUT
weekly,KOSPI200,foreign,001040,CJ,365891,446853,80962,47337839750,58053886900,10716047150,KRX MDCSTAT02401_OUT
weekly,KOSPI200,foreign,086280,현대글로비스,454564,506590,52026,91374919350,101806839100,10431919750,KRX MDCSTAT02401_OUT
weekly,KOSPI200,foreign,329180,HD현대중공업,348213,372086,23873,157381533000,167671970750,10290437750,KRX MDCSTAT02401_OUT
weekly,KOSPI200,foreign,000990,DB하이텍,818876,897322,78446,105366660500,115350524000,9983863500,KRX MDCSTAT02401_OUT
weekly,KOSPI200,foreign,033780,KT&G,733194,788670,55476,127293496550,137080210650,9786714100,KRX MDCSTAT02401_OUT
weekly,KOSPI200,foreign,192820,코스맥스,115520,149958,34438,31473891250,40814139500,9340248250,KRX MDCSTAT02401_OUT
weekly,KOSPI200,foreign,062040,산일전기,372870,416925,44055,77132228100,86417088100,9284860000,KRX MDCSTAT02401_OUT
weekly,KOSPI200,foreign,011200,HMM,1708035,2110262,402227,35838560575,44499449350,8660888775,KRX MDCSTAT02401_OUT
weekly,KOSPI200,foreign,443060,HD현대마린솔루션,366673,402157,35484,89110593140,97686810390,8576217250,KRX MDCSTAT02401_OUT
weekly,KOSPI200,foreign,093370,후성,4847741,5397746,550005,69003892705,77293075010,8289182305,KRX MDCSTAT02401_OUT
weekly,KOSPI200,foreign,138930,BNK금융지주,3227869,3707185,479316,50786928095,58786174575,7999246480,KRX MDCSTAT02401_OUT
weekly,KOSPI200,foreign,207940,삼성바이오로직스,101386,106056,4670,140845419668,147465331168,6619911500,KRX MDCSTAT02401_OUT
weekly,KOSPI200,foreign,361610,SK아이이테크놀로지,951028,1203944,252916,15443501910,19910687325,4467185415,KRX MDCSTAT02401_OUT
weekly,KOSPI200,foreign,009830,한화솔루션,5013942,5080893,66951,151549489200,155774750200,4225261000,KRX MDCSTAT02401_OUT
weekly,KOSPI200,foreign,251270,넷마블,284975,388086,103111,9884393950,13498957475,3614563525,KRX MDCSTAT02401_OUT
weekly,KOSPI200,foreign,002380,KCC,63600,70428,6828,29804396000,33077997000,3273601000,KRX MDCSTAT02401_OUT
weekly,KOSPI200,foreign,307950,현대오토에버,76253,84726,8473,29029127750,32177321250,3148193500,KRX MDCSTAT02401_OUT
weekly,KOSPI200,foreign,007070,GS리테일,860049,980094,120045,20029335025,22784303125,2754968100,KRX MDCSTAT02401_OUT
weekly,KOSPI200,foreign,024110,기업은행,2625885,2719652,93767,53089814810,55830058385,2740243575,KRX MDCSTAT02401_OUT
weekly,KOSPI200,foreign,004370,농심,102501,109206,6705,40169716500,42838106500,2668390000,KRX MDCSTAT02401_OUT
weekly,KOSPI200,foreign,285130,SK케미칼,89736,141047,51311,4575306900,7150185000,2574878100,KRX MDCSTAT02401_OUT
weekly,KOSPI200,foreign,073240,금호타이어,2812572,3162960,350388,19223962700,21696258785,2472296085,KRX MDCSTAT02401_OUT
weekly,KOSPI200,foreign,064400,LG씨엔에스,690806,718321,27515,48567345800,50796204700,2228858900,KRX MDCSTAT02401_OUT
weekly,KOSPI200,foreign,039490,키움증권,130905,137607,6702,34232657250,36063637250,1830980000,KRX MDCSTAT02401_OUT
weekly,KOSPI200,foreign,000880,한화,407110,420648,13538,54009214700,55767722900,1758508200,KRX MDCSTAT02401_OUT
weekly,KOSPI200,foreign,088350,한화생명,4547882,4866375,318493,26281675720,28001839240,1720163520,KRX MDCSTAT02401_OUT
weekly,KOSPI200,foreign,483650,달바글로벌,416152,423717,7565,75551883800,76994587300,1442703500,KRX MDCSTAT02401_OUT
weekly,KOSPI200,foreign,192080,더블유게임즈,84178,108718,24540,4907091050,6334321400,1427230350,KRX MDCSTAT02401_OUT
weekly,KOSPI200,foreign,009420,한올바이오파마,362575,392770,30195,16675614750,17922794750,1247180000,KRX MDCSTAT02401_OUT
weekly,KOSPI200,foreign,028670,팬오션,3674044,3817980,143936,21155073070,21938694910,783621840,KRX MDCSTAT02401_OUT
weekly,KOSPI200,foreign,377300,카카오페이,534044,547048,13004,21564539000,22235645775,671106775,KRX MDCSTAT02401_OUT
weekly,KOSPI200,foreign,003030,세아제강지주,31632,37615,5983,3367743800,3992952550,625208750,KRX MDCSTAT02401_OUT
weekly,KOSPI200,foreign,204320,HL만도,564125,569170,5045,26510641000,26776650150,266009150,KRX MDCSTAT02401_OUT
weekly,KOSPI200,foreign,005850,에스엘,176936,181451,4515,8763263300,8980581525,217318225,KRX MDCSTAT02401_OUT
weekly,KOSPI200,foreign,280360,롯데웰푸드,33979,35695,1716,4297729300,4508253600,210524300,KRX MDCSTAT02401_OUT
weekly,KOSPI200,foreign,002840,미원상사,2182,3668,1486,295604400,500089150,204484750,KRX MDCSTAT02401_OUT
weekly,KOSPI200,foreign,011790,SKC,189994,190078,84,16893909950,17006201500,112291550,KRX MDCSTAT02401_OUT
weekly,KOSPI200,foreign,003240,태광산업,1569,1663,94,1415489500,1499689500,84200000,KRX MDCSTAT02401_OUT
weekly,KOSPI200,foreign,268280,미원에스씨,1145,1221,76,151168150,160707900,9539750,KRX MDCSTAT02401_OUT
weekly,KOSPI200,foreign,002790,아모레퍼시픽홀딩스,759395,757258,-2137,19832812475,19800350750,-32461725,KRX MDCSTAT02401_OUT
weekly,KOSPI200,foreign,139130,iM금융지주,1705448,1694764,-10684,30864098095,30814580075,-49518020,KRX MDCSTAT02401_OUT
weekly,KOSPI200,foreign,007700,F&F홀딩스,15192,11322,-3870,204926170,152160775,-52765395,KRX MDCSTAT02401_OUT
weekly,KOSPI200,foreign,298020,효성티앤씨,26184,25698,-486,8286054750,8126559750,-159495000,KRX MDCSTAT02401_OUT
weekly,KOSPI200,foreign,300720,한일시멘트,100102,90021,-10081,1623651530,1461583185,-162068345,KRX MDCSTAT02401_OUT
weekly,KOSPI200,foreign,005420,코스모화학,175698,154550,-21148,1818240595,1603878895,-214361700,KRX MDCSTAT02401_OUT
weekly,KOSPI200,foreign,000080,하이트진로,208214,192300,-15914,3116410505,2886554840,-229855665,KRX MDCSTAT02401_OUT
weekly,KOSPI200,foreign,014820,동원시스템즈,39722,28694,-11028,839360150,603880675,-235479475,KRX MDCSTAT02401_OUT
weekly,KOSPI200,foreign,005300,롯데칠성,38633,35409,-3224,3667961650,3373109650,-294852000,KRX MDCSTAT02401_OUT
weekly,KOSPI200,foreign,009970,영원무역홀딩스,36465,34707,-1758,6068002100,5772201750,-295800350,KRX MDCSTAT02401_OUT
weekly,KOSPI200,foreign,302440,SK바이오사이언스,153287,144251,-9036,5471295500,5163940900,-307354600,KRX MDCSTAT02401_OUT
weekly,KOSPI200,foreign,006280,녹십자,132402,129424,-2978,16205859500,15889662750,-316196750,KRX MDCSTAT02401_OUT
weekly,KOSPI200,foreign,450080,에코프로머티,430224,418422,-11802,15092290850,14763617600,-328673250,KRX MDCSTAT02401_OUT
weekly,KOSPI200,foreign,003090,대웅,148166,125601,-22565,2351932650,1997687665,-354244985,KRX MDCSTAT02401_OUT
weekly,KOSPI200,foreign,026960,동서,90585,75461,-15124,2308850300,1926055725,-382794575,KRX MDCSTAT02401_OUT
weekly,KOSPI200,foreign,006040,동원산업,76903,65988,-10915,2728599975,2342270450,-386329525,KRX MDCSTAT02401_OUT
weekly,KOSPI200,foreign,009240,한샘,61566,51064,-10502,2440923450,2038032825,-402890625,KRX MDCSTAT02401_OUT
weekly,KOSPI200,foreign,008730,율촌화학,356198,326516,-29682,5337610585,4902340680,-435269905,KRX MDCSTAT02401_OUT
weekly,KOSPI200,foreign,017960,한국카본,215750,195361,-20389,4479584600,4023940625,-455643975,KRX MDCSTAT02401_OUT
weekly,KOSPI200,foreign,137310,에스디바이오센서,339135,248594,-90541,2058944435,1515993210,-542951225,KRX MDCSTAT02401_OUT
weekly,KOSPI200,foreign,002030,아세아,4906,2328,-2578,1039848750,492900000,-546948750,KRX MDCSTAT02401_OUT
weekly,KOSPI200,foreign,259960,크래프톤,249565,246345,-3220,50487292462,49895147112,-592145350,KRX MDCSTAT02401_OUT
weekly,KOSPI200,foreign,005830,DB손해보험,754973,752001,-2972,141284317100,140609517400,-674799700,KRX MDCSTAT02401_OUT
weekly,KOSPI200,foreign,030200,KT,363956,351064,-12892,19332989246,18653194796,-679794450,KRX MDCSTAT02401_OUT
weekly,KOSPI200,foreign,282330,BGF리테일,245573,240053,-5520,33651902300,32894014700,-757887600,KRX MDCSTAT02401_OUT
weekly,KOSPI200,foreign,001680,대상,178932,134713,-44219,3197504245,2412890335,-784613910,KRX MDCSTAT02401_OUT
weekly,KOSPI200,foreign,000240,한국앤컴퍼니,214370,180354,-34016,5272477333,4446662783,-825814550,KRX MDCSTAT02401_OUT
weekly,KOSPI200,foreign,069260,TKG휴켐스,140160,85945,-54215,2295910890,1402619080,-893291810,KRX MDCSTAT02401_OUT
weekly,KOSPI200,foreign,103140,풍산,146261,133984,-12277,11472666350,10564453000,-908213350,KRX MDCSTAT02401_OUT
weekly,KOSPI200,foreign,071050,한국금융지주,424084,418545,-5539,78255244100,77237811600,-1017432500,KRX MDCSTAT02401_OUT
weekly,KOSPI200,foreign,029780,삼성카드,319371,296116,-23255,13836290325,12781410825,-1054879500,KRX MDCSTAT02401_OUT
weekly,KOSPI200,foreign,004000,롯데정밀화학,144527,120012,-24515,6380218650,5295170775,-1085047875,KRX MDCSTAT02401_OUT
weekly,KOSPI200,foreign,007310,오뚜기,11849,8247,-3602,3733565500,2600802000,-1132763500,KRX MDCSTAT02401_OUT
weekly,KOSPI200,foreign,011210,현대위아,198482,177149,-21333,10694595500,9551453550,-1143141950,KRX MDCSTAT02401_OUT
weekly,KOSPI200,foreign,185750,종근당,81907,63152,-18755,5277393550,4079015050,-1198378500,KRX MDCSTAT02401_OUT
weekly,KOSPI200,foreign,161390,한국타이어앤테크놀로지,1162501,1140266,-22235,68661391700,67362697900,-1298693800,KRX MDCSTAT02401_OUT
weekly,KOSPI200,foreign,375500,DL이앤씨,605871,594925,-10946,51190038300,49857793800,-1332244500,KRX MDCSTAT02401_OUT
weekly,KOSPI200,foreign,000120,CJ대한통운,240980,217384,-23596,16997178250,15336799300,-1660378950,KRX MDCSTAT02401_OUT
weekly,KOSPI200,foreign,071320,지역난방공사,47890,26484,-21406,3731799250,2061154150,-1670645100,KRX MDCSTAT02401_OUT
weekly,KOSPI200,foreign,298050,HS효성첨단소재,28892,18578,-10314,4709427300,3027777550,-1681649750,KRX MDCSTAT02401_OUT
weekly,KOSPI200,foreign,001800,오리온홀딩스,210790,137554,-73236,5055944025,3295324100,-1760619925,KRX MDCSTAT02401_OUT
weekly,KOSPI200,foreign,012750,에스원,227278,205926,-21352,18838154581,17057336181,-1780818400,KRX MDCSTAT02401_OUT
weekly,KOSPI200,foreign,006650,대한유화,104997,86347,-18650,10026687500,8231802600,-1794884900,KRX MDCSTAT02401_OUT
weekly,KOSPI200,foreign,009540,HD한국조선해양,429278,423683,-5595,144863261330,143016196830,-1847064500,KRX MDCSTAT02401_OUT
weekly,KOSPI200,foreign,112610,씨에스윈드,594177,557807,-36370,30431576225,28571545175,-1860031050,KRX MDCSTAT02401_OUT
weekly,KOSPI200,foreign,069620,대웅제약,38534,21308,-17226,4190189250,2322614450,-1867574800,KRX MDCSTAT02401_OUT
weekly,KOSPI200,foreign,000210,DL,105324,68573,-36751,5606711850,3600546200,-2006165650,KRX MDCSTAT02401_OUT
weekly,KOSPI200,foreign,008930,한미사이언스,652021,609697,-42324,32131612700,30108715150,-2022897550,KRX MDCSTAT02401_OUT
weekly,KOSPI200,foreign,180640,한진칼,163838,147982,-15856,22918564900,20776989850,-2141575050,KRX MDCSTAT02401_OUT
weekly,KOSPI200,foreign,457190,이수스페셜티케미컬,161656,128110,-33546,10470573650,8320554500,-2150019150,KRX MDCSTAT02401_OUT
weekly,KOSPI200,foreign,004990,롯데지주,713060,624214,-88846,17489214275,15319068600,-2170145675,KRX MDCSTAT02401_OUT
weekly,KOSPI200,foreign,081660,미스토홀딩스,976875,918357,-58518,37142488750,34913285800,-2229202950,KRX MDCSTAT02401_OUT
weekly,KOSPI200,foreign,111770,영원무역,262804,229979,-32825,18791590306,16452683056,-2338907250,KRX MDCSTAT02401_OUT
weekly,KOSPI200,foreign,000670,영풍,273957,218706,-55251,12430951275,9948101025,-2482850250,KRX MDCSTAT02401_OUT
weekly,KOSPI200,foreign,097950,CJ제일제당,187887,173119,-14768,33012243950,30489832100,-2522411850,KRX MDCSTAT02401_OUT
weekly,KOSPI200,foreign,021240,코웨이,1013096,985421,-27675,102124968150,99173321750,-2951646400,KRX MDCSTAT02401_OUT
weekly,KOSPI200,foreign,034230,파라다이스,656937,335165,-321772,6306411355,3213853025,-3092558330,KRX MDCSTAT02401_OUT
weekly,KOSPI200,foreign,138040,메리츠금융지주,558972,533553,-25419,71726042150,68471998700,-3254043450,KRX MDCSTAT02401_OUT
weekly,KOSPI200,foreign,007340,DN오토모티브,382687,316255,-66432,18760565150,15503763250,-3256801900,KRX MDCSTAT02401_OUT
weekly,KOSPI200,foreign,011780,금호석유화학,231316,203276,-28040,27455330550,24123279000,-3332051550,KRX MDCSTAT02401_OUT
weekly,KOSPI200,foreign,120110,코오롱인더,298067,235067,-63000,16875706300,13179401050,-3696305250,KRX MDCSTAT02401_OUT
weekly,KOSPI200,foreign,071970,HD현대마린엔진,327050,246943,-80107,16458448425,12541840425,-3916608000,KRX MDCSTAT02401_OUT
weekly,KOSPI200,foreign,022100,포스코DX,654264,454738,-199526,13442987040,9317030100,-4125956940,KRX MDCSTAT02401_OUT
weekly,KOSPI200,foreign,023530,롯데쇼핑,288586,249406,-39180,31625340400,26998211150,-4627129250,KRX MDCSTAT02401_OUT
weekly,KOSPI200,foreign,036460,한국가스공사,480010,348706,-131304,17095854750,12389818350,-4706036400,KRX MDCSTAT02401_OUT
weekly,KOSPI200,foreign,017800,현대엘리베이터,204292,139092,-65200,15076602100,10260989950,-4815612150,KRX MDCSTAT02401_OUT
weekly,KOSPI200,foreign,018880,한온시스템,6033562,4448762,-1584800,20232620956,14948295891,-5284325065,KRX MDCSTAT02401_OUT
weekly,KOSPI200,foreign,051600,한전KPS,584341,468110,-116231,27199445775,21778581850,-5420863925,KRX MDCSTAT02401_OUT
weekly,KOSPI200,foreign,035250,강원랜드,859341,477541,-381800,12348488140,6856533500,-5491954640,KRX MDCSTAT02401_OUT
weekly,KOSPI200,foreign,036570,NC,198858,172042,-26816,42508843000,36786331000,-5722512000,KRX MDCSTAT02401_OUT
weekly,KOSPI200,foreign,051900,LG생활건강,194065,172543,-21522,57206286000,50900038750,-6306247250,KRX MDCSTAT02401_OUT
weekly,KOSPI200,foreign,175330,JB금융지주,1587369,1370682,-216687,49196370250,42547625100,-6648745150,KRX MDCSTAT02401_OUT
weekly,KOSPI200,foreign,047810,한국항공우주,1131754,1078203,-53551,146663912600,139883372850,-6780539750,KRX MDCSTAT02401_OUT
weekly,KOSPI200,foreign,032830,삼성생명,1121998,1098232,-23766,326793678670,319962406920,-6831271750,KRX MDCSTAT02401_OUT
weekly,KOSPI200,foreign,001430,세아베스틸지주,355386,202577,-152809,15998235775,9149493925,-6848741850,KRX MDCSTAT02401_OUT
weekly,KOSPI200,foreign,008770,호텔신라,812121,634809,-177312,33000219750,25837458800,-7162760950,KRX MDCSTAT02401_OUT
weekly,KOSPI200,foreign,454910,두산로보틱스,352426,248161,-104265,24765714350,17454277550,-7311436800,KRX MDCSTAT02401_OUT
weekly,KOSPI200,foreign,271560,오리온,474934,407585,-67349,52804253900,45299867350,-7504386550,KRX MDCSTAT02401_OUT
weekly,KOSPI200,foreign,030000,제일기획,2214388,1781212,-433176,38460710105,30940012545,-7520697560,KRX MDCSTAT02401_OUT
weekly,KOSPI200,foreign,006800,미래에셋증권,2205134,1951597,-253537,71342932125,63343826525,-7999105600,KRX MDCSTAT02401_OUT
weekly,KOSPI200,foreign,035720,카카오,3011316,2760815,-250501,101558227625,93547589950,-8010637675,KRX MDCSTAT02401_OUT
weekly,KOSPI200,foreign,139480,이마트,268497,155913,-112584,19497797500,11374868300,-8122929200,KRX MDCSTAT02401_OUT
weekly,KOSPI200,foreign,032640,LG유플러스,4757080,4144883,-612197,68405273337,59809306132,-8595967205,KRX MDCSTAT02401_OUT
weekly,KOSPI200,foreign,003550,LG,714291,638726,-75565,80882530700,72283100900,-8599429800,KRX MDCSTAT02401_OUT
weekly,KOSPI200,foreign,0126Z0,삼성에피스홀딩스,100598,73495,-27103,33267548000,24365875750,-8901672250,KRX MDCSTAT02401_OUT
weekly,KOSPI200,foreign,011170,롯데케미칼,395703,255866,-139837,24908904800,15968546150,-8940358650,KRX MDCSTAT02401_OUT
weekly,KOSPI200,foreign,066970,엘앤에프,676587,594110,-82477,74587200150,65533243200,-9053956950,KRX MDCSTAT02401_OUT
weekly,KOSPI200,foreign,128940,한미약품,135637,116393,-19244,69098733000,59400644000,-9698089000,KRX MDCSTAT02401_OUT
weekly,KOSPI200,foreign,000100,유한양행,913908,780926,-132982,68949214400,58851488250,-10097726150,KRX MDCSTAT02401_OUT
weekly,KOSPI200,foreign,316140,우리금융지주,6277984,5945808,-332176,226505480700,214678842250,-11826638450,KRX MDCSTAT02401_OUT
weekly,KOSPI200,foreign,069960,현대백화점,301250,181611,-119639,29366823400,17435166700,-11931656700,KRX MDCSTAT02401_OUT
weekly,KOSPI200,foreign,034220,LG디스플레이,10260381,8808859,-1451522,86960322865,74845515315,-12114807550,KRX MDCSTAT02401_OUT
weekly,KOSPI200,foreign,010130,고려아연,41896,30913,-10983,47001853500,34650769500,-12351084000,KRX MDCSTAT02401_OUT
weekly,KOSPI200,foreign,079550,LIG디펜스앤에어로스페이스,173586,157347,-16239,126168384500,113308323500,-12860061000,KRX MDCSTAT02401_OUT
weekly,KOSPI200,foreign,014680,한솔케미칼,203656,143103,-60553,45419104250,31676038750,-13743065500,KRX MDCSTAT02401_OUT
weekly,KOSPI200,foreign,241560,두산밥캣,845198,606355,-238843,49528201750,35517820000,-14010381750,KRX MDCSTAT02401_OUT
weekly,KOSPI200,foreign,326030,SK바이오팜,393548,208739,-184809,30436659500,16119483850,-14317175650,KRX MDCSTAT02401_OUT
weekly,KOSPI200,foreign,000810,삼성화재,340062,317549,-22513,221307506500,206644632500,-14662874000,KRX MDCSTAT02401_OUT
weekly,KOSPI200,foreign,068270,셀트리온,1125893,1041431,-84462,202033645200,186814206950,-15219438250,KRX MDCSTAT02401_OUT
weekly,KOSPI200,foreign,051910,LG화학,528724,466356,-62368,137534736000,121397979250,-16136756750,KRX MDCSTAT02401_OUT
weekly,KOSPI200,foreign,006260,LS,227392,176728,-50664,73459632500,56827355750,-16632276750,KRX MDCSTAT02401_OUT
weekly,KOSPI200,foreign,005940,NH투자증권,1698709,1047729,-650980,44185176725,27171106925,-17014069800,KRX MDCSTAT02401_OUT
weekly,KOSPI200,foreign,010060,OCI홀딩스,666047,558630,-107417,135039185400,116135857900,-18903327500,KRX MDCSTAT02401_OUT
weekly,KOSPI200,foreign,267250,HD현대,651726,559985,-91741,136244270750,117035816000,-19208454750,KRX MDCSTAT02401_OUT
weekly,KOSPI200,foreign,006400,삼성SDI,511969,476479,-35490,273637798500,253781062000,-19856736500,KRX MDCSTAT02401_OUT
weekly,KOSPI200,foreign,323410,카카오뱅크,4056064,3033495,-1022569,82373717485,61677852950,-20695864535,KRX MDCSTAT02401_OUT
weekly,KOSPI200,foreign,090430,아모레퍼시픽,585199,435819,-149380,83814837424,62400940274,-21413897150,KRX MDCSTAT02401_OUT
weekly,KOSPI200,foreign,064350,현대로템,995820,805183,-190637,119017343650,96434240350,-22583103300,KRX MDCSTAT02401_OUT
weekly,KOSPI200,foreign,047050,포스코인터내셔널,1091861,698003,-393858,62351726800,39750218300,-22601508500,KRX MDCSTAT02401_OUT
weekly,KOSPI200,foreign,352820,하이브,623390,473401,-149989,100153180605,76157889805,-23995290800,KRX MDCSTAT02401_OUT
weekly,KOSPI200,foreign,004020,현대제철,2143472,1448378,-695094,73436818250,47919310700,-25517507550,KRX MDCSTAT02401_OUT
weekly,KOSPI200,foreign,012330,현대모비스,672094,605285,-66809,253100230750,227564142500,-25536088250,KRX MDCSTAT02401_OUT
weekly,KOSPI200,foreign,267270,HD건설기계,591920,394189,-197731,79962850350,53698724050,-26264126300,KRX MDCSTAT02401_OUT
weekly,KOSPI200,foreign,005490,POSCO홀딩스,531919,448006,-83913,169963724500,143026314000,-26937410500,KRX MDCSTAT02401_OUT
weekly,KOSPI200,foreign,003670,포스코퓨처엠,700983,532939,-168044,128080839150,98041019650,-30039819500,KRX MDCSTAT02401_OUT
weekly,KOSPI200,foreign,047040,대우건설,12240653,10235081,-2005572,225664671450,192410356520,-33254314930,KRX MDCSTAT02401_OUT
weekly,KOSPI200,foreign,000270,기아,2966105,2684766,-281339,352667704300,319187002100,-33480702200,KRX MDCSTAT02401_OUT
weekly,KOSPI200,foreign,082740,한화엔진,1315589,648358,-667231,65781571475,32219418125,-33562153350,KRX MDCSTAT02401_OUT
weekly,KOSPI200,foreign,052690,한전기술,1079247,826822,-252425,144865091700,111048373500,-33816718200,KRX MDCSTAT02401_OUT
weekly,KOSPI200,foreign,000720,현대건설,1450956,1185060,-265896,182774023200,148844434250,-33929588950,KRX MDCSTAT02401_OUT
weekly,KOSPI200,foreign,015760,한국전력,2520573,1378663,-1141910,77492011875,42342790300,-35149221575,KRX MDCSTAT02401_OUT
weekly,KOSPI200,foreign,034730,SK,463539,398094,-65445,263697677000,225969891500,-37727785500,KRX MDCSTAT02401_OUT
weekly,KOSPI200,foreign,035420,NAVER,1512445,1290427,-222018,298700512500,255751284900,-42949227600,KRX MDCSTAT02401_OUT
weekly,KOSPI200,foreign,028050,삼성E&A,5014823,4073074,-941749,256885310225,210232116550,-46653193675,KRX MDCSTAT02401_OUT
weekly,KOSPI200,foreign,007660,이수페타시스,2452698,1988362,-464336,267371657100,219994933650,-47376723450,KRX MDCSTAT02401_OUT
weekly,KOSPI200,foreign,086790,하나금융지주,2294260,1940134,-354126,307603443070,260110445920,-47492997150,KRX MDCSTAT02401_OUT
weekly,KOSPI200,foreign,001440,대한전선,7208866,5547899,-1660967,224321092400,173952396675,-50368695725,KRX MDCSTAT02401_OUT
weekly,KOSPI200,foreign,267260,HD현대일렉트릭,270488,198571,-71917,193044783000,142083904000,-50960879000,KRX MDCSTAT02401_OUT
weekly,KOSPI200,foreign,042660,한화오션,1336136,647949,-688187,108741452750,52799345050,-55942107700,KRX MDCSTAT02401_OUT
weekly,KOSPI200,foreign,028260,삼성물산,1058269,886423,-171846,377748957596,317513431346,-60235526250,KRX MDCSTAT02401_OUT
weekly,KOSPI200,foreign,055550,신한지주,3585570,3028491,-557079,398907603420,336969664920,-61937938500,KRX MDCSTAT02401_OUT
weekly,KOSPI200,foreign,272210,한화시스템,2251638,1321604,-930034,173255655250,101390813950,-71864841300,KRX MDCSTAT02401_OUT
weekly,KOSPI200,foreign,010140,삼성중공업,7451507,3711017,-3740490,153369819183,76523480883,-76846338300,KRX MDCSTAT02401_OUT
weekly,KOSPI200,foreign,012450,한화에어로스페이스,525048,450783,-74265,559488390285,481169454285,-78318936000,KRX MDCSTAT02401_OUT
weekly,KOSPI200,foreign,105560,KB금융,2514618,2011086,-503532,440622293800,352471215000,-88151078800,KRX MDCSTAT02401_OUT
weekly,KOSPI200,foreign,000150,두산,245048,165355,-79693,357034068448,241934949948,-115099118500,KRX MDCSTAT02401_OUT
weekly,KOSPI200,foreign,005380,현대차,1390309,958507,-431802,501050009000,345773862250,-155276146750,KRX MDCSTAT02401_OUT
weekly,KOSPI200,foreign,034020,두산에너빌리티,5610113,2353921,-3256192,471488488100,198275841050,-273212647050,KRX MDCSTAT02401_OUT
weekly,KOSPI200,foreign,000660,SK하이닉스,7717735,6242560,-1475175,14247779998623,11560635296623,-2687144702000,KRX MDCSTAT02401_OUT
weekly,KOSPI200,institution,005930,삼성전자,29862761,35991965,6129204,8221488244500,9865092044500,1643603800000,KRX MDCSTAT02401_OUT
weekly,KOSPI200,institution,009150,삼성전기,827098,1188286,361188,1220021209500,1745144905500,525123696000,KRX MDCSTAT02401_OUT
weekly,KOSPI200,institution,105560,KB금융,1090850,1590422,499572,191266945150,279038417800,87771472650,KRX MDCSTAT02401_OUT
weekly,KOSPI200,institution,066570,LG전자,643774,1032198,388424,134745315050,216944453850,82199138800,KRX MDCSTAT02401_OUT
weekly,KOSPI200,institution,402340,SK스퀘어,674912,741465,66553,761972501500,838139966500,76167465000,KRX MDCSTAT02401_OUT
weekly,KOSPI200,institution,034730,SK,149765,271498,121733,86588186500,157822476500,71234290000,KRX MDCSTAT02401_OUT
weekly,KOSPI200,institution,003490,대한항공,2535124,4815690,2280566,77947513300,148595220325,70647707025,KRX MDCSTAT02401_OUT
weekly,KOSPI200,institution,011070,LG이노텍,210091,315762,105671,115693732000,176080666000,60386934000,KRX MDCSTAT02401_OUT
weekly,KOSPI200,institution,055550,신한지주,1280990,1780086,499096,142942345650,198826329350,55883983700,KRX MDCSTAT02401_OUT
weekly,KOSPI200,institution,028050,삼성E&A,991785,2039058,1047273,50638063900,105405343125,54767279225,KRX MDCSTAT02401_OUT
weekly,KOSPI200,institution,000150,두산,102604,139167,36563,149402560000,203323180000,53920620000,KRX MDCSTAT02401_OUT
weekly,KOSPI200,institution,272210,한화시스템,967212,1442038,474826,74448692250,111777734950,37329042700,KRX MDCSTAT02401_OUT
weekly,KOSPI200,institution,009830,한화솔루션,1158516,2219801,1061285,34536001925,68918596875,34382594950,KRX MDCSTAT02401_OUT
weekly,KOSPI200,institution,086790,하나금융지주,824347,1053463,229116,110859821450,141823881200,30964059750,KRX MDCSTAT02401_OUT
weekly,KOSPI200,institution,042700,한미반도체,411351,526618,115267,97937981250,125672060750,27734079500,KRX MDCSTAT02401_OUT
weekly,KOSPI200,institution,090430,아모레퍼시픽,161681,353669,191988,23122388650,50785974800,27663586150,KRX MDCSTAT02401_OUT
weekly,KOSPI200,institution,316140,우리금융지주,1787575,2453372,665797,64343609250,88418279175,24074669925,KRX MDCSTAT02401_OUT
weekly,KOSPI200,institution,014680,한솔케미칼,54750,147539,92789,12424261000,33537882500,21113621500,KRX MDCSTAT02401_OUT
weekly,KOSPI200,institution,096770,SK이노베이션,1218268,1334322,116054,175692024900,196330404400,20638379500,KRX MDCSTAT02401_OUT
weekly,KOSPI200,institution,128940,한미약품,88796,128077,39281,45154776000,65536328750,20381552750,KRX MDCSTAT02401_OUT
weekly,KOSPI200,institution,079550,LIG디펜스앤에어로스페이스,131657,157577,25920,94416578500,114656932500,20240354000,KRX MDCSTAT02401_OUT
weekly,KOSPI200,institution,006260,LS,118842,180788,61946,38392359750,58616812750,20224453000,KRX MDCSTAT02401_OUT
weekly,KOSPI200,institution,036570,NC,94587,171867,77280,20074105750,36872313500,16798207750,KRX MDCSTAT02401_OUT
weekly,KOSPI200,institution,138040,메리츠금융지주,242138,369805,127667,31036239250,47723571600,16687332350,KRX MDCSTAT02401_OUT
weekly,KOSPI200,institution,005940,NH투자증권,413769,1045088,631319,10779116900,27290083125,16510966225,KRX MDCSTAT02401_OUT
weekly,KOSPI200,institution,016360,삼성증권,271496,441730,170234,24309880550,39719967300,15410086750,KRX MDCSTAT02401_OUT
weekly,KOSPI200,institution,003670,포스코퓨처엠,412235,486434,74199,75394160050,89237038750,13842878700,KRX MDCSTAT02401_OUT
weekly,KOSPI200,institution,035720,카카오,882444,1273862,391418,29778464200,43128580400,13350116200,KRX MDCSTAT02401_OUT
weekly,KOSPI200,institution,007660,이수페타시스,1209480,1281830,72350,128416598550,141667875600,13251277050,KRX MDCSTAT02401_OUT
weekly,KOSPI200,institution,032830,삼성생명,285321,330112,44791,83109085250,96330662750,13221577500,KRX MDCSTAT02401_OUT
weekly,KOSPI200,institution,483650,달바글로벌,140576,207158,66582,25502173900,37835118750,12332944850,KRX MDCSTAT02401_OUT
weekly,KOSPI200,institution,028260,삼성물산,358299,390074,31775,129336842750,141517192750,12180350000,KRX MDCSTAT02401_OUT
weekly,KOSPI200,institution,375500,DL이앤씨,365949,497604,131655,30340560250,42214403050,11873842800,KRX MDCSTAT02401_OUT
weekly,KOSPI200,institution,003550,LG,187715,287518,99803,21371578550,32888228900,11516650350,KRX MDCSTAT02401_OUT
weekly,KOSPI200,institution,000810,삼성화재,70914,86880,15966,46186906500,56676445500,10489539000,KRX MDCSTAT02401_OUT
weekly,KOSPI200,institution,112610,씨에스윈드,146544,342395,195851,7474344800,17661032200,10186687400,KRX MDCSTAT02401_OUT
weekly,KOSPI200,institution,047050,포스코인터내셔널,511409,675697,164288,28896630150,38636482850,9739852700,KRX MDCSTAT02401_OUT
weekly,KOSPI200,institution,011170,롯데케미칼,199819,343305,143486,12410933850,21718785350,9307851500,KRX MDCSTAT02401_OUT
weekly,KOSPI200,institution,361610,SK아이이테크놀로지,161448,651388,489940,2736395080,11144344320,8407949240,KRX MDCSTAT02401_OUT
weekly,KOSPI200,institution,051900,LG생활건강,61458,89759,28301,18155263750,26558482500,8403218750,KRX MDCSTAT02401_OUT
weekly,KOSPI200,institution,175330,JB금융지주,490481,748718,258237,15019395850,22986591825,7967195975,KRX MDCSTAT02401_OUT
weekly,KOSPI200,institution,267260,HD현대일렉트릭,94945,105076,10131,67776334000,75538192500,7761858500,KRX MDCSTAT02401_OUT
weekly,KOSPI200,institution,012450,한화에어로스페이스,128141,134240,6099,135697275000,142768137500,7070862500,KRX MDCSTAT02401_OUT
weekly,KOSPI200,institution,068270,셀트리온,412419,447803,35384,73866298550,80375047650,6508749100,KRX MDCSTAT02401_OUT
weekly,KOSPI200,institution,032640,LG유플러스,947511,1392104,444593,13756382370,20225726220,6469343850,KRX MDCSTAT02401_OUT
weekly,KOSPI200,institution,001430,세아베스틸지주,151399,288569,137170,6785871025,12974213475,6188342450,KRX MDCSTAT02401_OUT
weekly,KOSPI200,institution,036460,한국가스공사,97784,270312,172528,3479813100,9665241175,6185428075,KRX MDCSTAT02401_OUT
weekly,KOSPI200,institution,007340,DN오토모티브,181986,306183,124197,8940544475,15115376450,6174831975,KRX MDCSTAT02401_OUT
weekly,KOSPI200,institution,010950,S-Oil,417269,449256,31987,64239577300,70173495500,5933918200,KRX MDCSTAT02401_OUT
weekly,KOSPI200,institution,011200,HMM,464477,729492,265015,9785961350,15389643775,5603682425,KRX MDCSTAT02401_OUT
weekly,KOSPI200,institution,051910,LG화학,215654,234462,18808,55763624250,60900630000,5137005750,KRX MDCSTAT02401_OUT
weekly,KOSPI200,institution,180640,한진칼,65834,101802,35968,9232872050,14291387700,5058515650,KRX MDCSTAT02401_OUT
weekly,KOSPI200,institution,008930,한미사이언스,87410,174961,87551,4419979925,8884185875,4464205950,KRX MDCSTAT02401_OUT
weekly,KOSPI200,institution,047810,한국항공우주,191898,225863,33965,24842977650,29251259150,4408281500,KRX MDCSTAT02401_OUT
weekly,KOSPI200,institution,323410,카카오뱅크,628342,837675,209333,12686444805,16980077550,4293632745,KRX MDCSTAT02401_OUT
weekly,KOSPI200,institution,011790,SKC,111700,149440,37740,9975039550,13338590500,3363550950,KRX MDCSTAT02401_OUT
weekly,KOSPI200,institution,021240,코웨이,181613,210751,29138,18102085400,21209045100,3106959700,KRX MDCSTAT02401_OUT
weekly,KOSPI200,institution,071050,한국금융지주,246768,259009,12241,45610877950,48260092250,2649214300,KRX MDCSTAT02401_OUT
weekly,KOSPI200,institution,030000,제일기획,284807,429723,144916,5006648665,7522040990,2515392325,KRX MDCSTAT02401_OUT
weekly,KOSPI200,institution,004990,롯데지주,76221,176427,100206,1863262975,4315553075,2452290100,KRX MDCSTAT02401_OUT
weekly,KOSPI200,institution,009240,한샘,13021,73614,60593,516893300,2923249825,2406356525,KRX MDCSTAT02401_OUT
weekly,KOSPI200,institution,024110,기업은행,708695,828048,119353,14399524615,16801869695,2402345080,KRX MDCSTAT02401_OUT
weekly,KOSPI200,institution,139480,이마트,44785,76785,32000,3246762850,5578710800,2331947950,KRX MDCSTAT02401_OUT
weekly,KOSPI200,institution,103140,풍산,86438,114312,27874,6789739050,9010714050,2220975000,KRX MDCSTAT02401_OUT
weekly,KOSPI200,institution,017800,현대엘리베이터,93569,121842,28273,6908979350,9008232150,2099252800,KRX MDCSTAT02401_OUT
weekly,KOSPI200,institution,139130,iM금융지주,411842,522321,110479,7457805030,9454594800,1996789770,KRX MDCSTAT02401_OUT
weekly,KOSPI200,institution,051600,한전KPS,101778,137657,35879,4717492125,6411637625,1694145500,KRX MDCSTAT02401_OUT
weekly,KOSPI200,institution,012750,에스원,68295,88471,20176,5665456450,7351575400,1686118950,KRX MDCSTAT02401_OUT
weekly,KOSPI200,institution,000210,DL,67400,95145,27745,3509378700,5059279950,1549901250,KRX MDCSTAT02401_OUT
weekly,KOSPI200,institution,018880,한온시스템,1525507,1963641,438134,5040335714,6578478600,1538142886,KRX MDCSTAT02401_OUT
weekly,KOSPI200,institution,377300,카카오페이,213933,247374,33441,8624569875,10127769500,1503199625,KRX MDCSTAT02401_OUT
weekly,KOSPI200,institution,002790,아모레퍼시픽홀딩스,68371,117324,48953,1805231200,3090132150,1284900950,KRX MDCSTAT02401_OUT
weekly,KOSPI200,institution,271560,오리온,75531,85817,10286,8363600250,9543901650,1180301400,KRX MDCSTAT02401_OUT
weekly,KOSPI200,institution,000240,한국앤컴퍼니,97740,144238,46498,2409615625,3555860075,1146244450,KRX MDCSTAT02401_OUT
weekly,KOSPI200,institution,035250,강원랜드,291426,370423,78997,4187210385,5324595070,1137384685,KRX MDCSTAT02401_OUT
weekly,KOSPI200,institution,071320,지역난방공사,6563,20761,14198,510436950,1616931950,1106495000,KRX MDCSTAT02401_OUT
weekly,KOSPI200,institution,326030,SK바이오팜,67395,74773,7378,5179861200,5779148900,599287700,KRX MDCSTAT02401_OUT
weekly,KOSPI200,institution,300720,한일시멘트,60509,96923,36414,980259010,1573380430,593121420,KRX MDCSTAT02401_OUT
weekly,KOSPI200,institution,000670,영풍,89461,101862,12401,4017315400,4565413425,548098025,KRX MDCSTAT02401_OUT
weekly,KOSPI200,institution,241560,두산밥캣,127009,135005,7996,7393341050,7910662000,517320950,KRX MDCSTAT02401_OUT
weekly,KOSPI200,institution,111770,영원무역,50660,57241,6581,3597674200,4096276900,498602700,KRX MDCSTAT02401_OUT
weekly,KOSPI200,institution,001680,대상,49342,76554,27212,885533405,1379272145,493738740,KRX MDCSTAT02401_OUT
weekly,KOSPI200,institution,022100,포스코DX,190740,212674,21934,3875274035,4356851570,481577535,KRX MDCSTAT02401_OUT
weekly,KOSPI200,institution,069260,TKG휴켐스,41680,68584,26904,676771990,1113588400,436816410,KRX MDCSTAT02401_OUT
weekly,KOSPI200,institution,298050,HS효성첨단소재,10385,12869,2484,1683508400,2099042150,415533750,KRX MDCSTAT02401_OUT
weekly,KOSPI200,institution,120110,코오롱인더,154399,157442,3043,8544643350,8951549200,406905850,KRX MDCSTAT02401_OUT
weekly,KOSPI200,institution,002030,아세아,1755,3539,1784,370264000,754337000,384073000,KRX MDCSTAT02401_OUT
weekly,KOSPI200,institution,005420,코스모화학,65488,99235,33747,674911985,1027313845,352401860,KRX MDCSTAT02401_OUT
weekly,KOSPI200,institution,282330,BGF리테일,45397,47160,1763,6131414100,6380862100,249448000,KRX MDCSTAT02401_OUT
weekly,KOSPI200,institution,034230,파라다이스,137649,161783,24134,1322112515,1554411545,232299030,KRX MDCSTAT02401_OUT
weekly,KOSPI200,institution,000080,하이트진로,78959,94190,15231,1184887995,1414615135,229727140,KRX MDCSTAT02401_OUT
weekly,KOSPI200,institution,007310,오뚜기,3946,4519,573,1241773000,1428484000,186711000,KRX MDCSTAT02401_OUT
weekly,KOSPI200,institution,137310,에스디바이오센서,66614,96219,29605,406711710,588708065,181996355,KRX MDCSTAT02401_OUT
weekly,KOSPI200,institution,008730,율촌화학,26773,38529,11756,398775070,576300865,177525795,KRX MDCSTAT02401_OUT
weekly,KOSPI200,institution,000990,DB하이텍,450326,448904,-1422,57885900282,58058438950,172538668,KRX MDCSTAT02401_OUT
weekly,KOSPI200,institution,000880,한화,57889,59009,1120,7670254250,7829712100,159457850,KRX MDCSTAT02401_OUT
weekly,KOSPI200,institution,005300,롯데칠성,8862,9994,1132,843712600,951022950,107310350,KRX MDCSTAT02401_OUT
weekly,KOSPI200,institution,081660,미스토홀딩스,145399,147824,2425,5518384500,5624859725,106475225,KRX MDCSTAT02401_OUT
weekly,KOSPI200,institution,002840,미원상사,1865,2612,747,252500050,354657700,102157650,KRX MDCSTAT02401_OUT
weekly,KOSPI200,institution,457190,이수스페셜티케미컬,82106,82749,643,5310532750,5358279050,47746300,KRX MDCSTAT02401_OUT
weekly,KOSPI200,institution,014820,동원시스템즈,38146,39713,1567,803894750,839764500,35869750,KRX MDCSTAT02401_OUT
weekly,KOSPI200,institution,001800,오리온홀딩스,65750,66495,745,1572781900,1595574650,22792750,KRX MDCSTAT02401_OUT
weekly,KOSPI200,institution,069620,대웅제약,17006,17139,133,1842469950,1863628050,21158100,KRX MDCSTAT02401_OUT
weekly,KOSPI200,institution,026960,동서,72147,72844,697,1836816550,1856780475,19963925,KRX MDCSTAT02401_OUT
weekly,KOSPI200,institution,268280,미원에스씨,1743,1630,-113,229439350,215286900,-14152450,KRX MDCSTAT02401_OUT
weekly,KOSPI200,institution,009970,영원무역홀딩스,10892,10690,-202,1807915250,1783008450,-24906800,KRX MDCSTAT02401_OUT
weekly,KOSPI200,institution,003090,대웅,104882,101939,-2943,1666007895,1622131725,-43876170,KRX MDCSTAT02401_OUT
weekly,KOSPI200,institution,185750,종근당,13259,12585,-674,857818750,813888150,-43930600,KRX MDCSTAT02401_OUT
weekly,KOSPI200,institution,007700,F&F홀딩스,10954,5567,-5387,147035320,75279090,-71756230,KRX MDCSTAT02401_OUT
weekly,KOSPI200,institution,280360,롯데웰푸드,24835,23348,-1487,3135247750,2955004400,-180243350,KRX MDCSTAT02401_OUT
weekly,KOSPI200,institution,073240,금호타이어,441784,409141,-32643,3004355715,2791013645,-213342070,KRX MDCSTAT02401_OUT
weekly,KOSPI200,institution,003240,태광산업,1908,1637,-271,1719441500,1477791500,-241650000,KRX MDCSTAT02401_OUT
weekly,KOSPI200,institution,011210,현대위아,37448,32327,-5121,2009258150,1739464250,-269793900,KRX MDCSTAT02401_OUT
weekly,KOSPI200,institution,006280,녹십자,22938,20766,-2172,2835389450,2560895750,-274493700,KRX MDCSTAT02401_OUT
weekly,KOSPI200,institution,006800,미래에셋증권,1287797,1266408,-21389,41743289875,41462666700,-280623175,KRX MDCSTAT02401_OUT
weekly,KOSPI200,institution,034220,LG디스플레이,917304,881269,-36035,7795954750,7496650690,-299304060,KRX MDCSTAT02401_OUT
weekly,KOSPI200,institution,006040,동원산업,37209,26596,-10613,1315257850,944679800,-370578050,KRX MDCSTAT02401_OUT
weekly,KOSPI200,institution,450080,에코프로머티,279672,265363,-14309,9826657550,9347711350,-478946200,KRX MDCSTAT02401_OUT
weekly,KOSPI200,institution,302440,SK바이오사이언스,86992,70218,-16774,3113619050,2518276225,-595342825,KRX MDCSTAT02401_OUT
weekly,KOSPI200,institution,030200,KT,663667,651365,-12302,35176151500,34562239700,-613911800,KRX MDCSTAT02401_OUT
weekly,KOSPI200,institution,008770,호텔신라,102566,85280,-17286,4132709075,3449816825,-682892250,KRX MDCSTAT02401_OUT
weekly,KOSPI200,institution,003030,세아제강지주,49068,39796,-9272,5159807400,4246877450,-912929950,KRX MDCSTAT02401_OUT
weekly,KOSPI200,institution,192080,더블유게임즈,71988,50856,-21132,4189379000,2968402250,-1220976750,KRX MDCSTAT02401_OUT
weekly,KOSPI200,institution,004000,롯데정밀화학,71813,39954,-31859,3149228450,1762394275,-1386834175,KRX MDCSTAT02401_OUT
weekly,KOSPI200,institution,0126Z0,삼성에피스홀딩스,18651,14187,-4464,6171012500,4716450750,-1454561750,KRX MDCSTAT02401_OUT
weekly,KOSPI200,institution,004370,농심,25024,21247,-3777,9820283000,8341262500,-1479020500,KRX MDCSTAT02401_OUT
weekly,KOSPI200,institution,251270,넷마블,172564,129860,-42704,5992244050,4511703025,-1480541025,KRX MDCSTAT02401_OUT
weekly,KOSPI200,institution,138930,BNK금융지주,813702,716637,-97065,12888576000,11371612170,-1516963830,KRX MDCSTAT02401_OUT
weekly,KOSPI200,institution,039490,키움증권,86314,79718,-6596,22597498500,21007008750,-1590489750,KRX MDCSTAT02401_OUT
weekly,KOSPI200,institution,454910,두산로보틱스,136220,112470,-23750,9531803950,7908870800,-1622933150,KRX MDCSTAT02401_OUT
weekly,KOSPI200,institution,298020,효성티앤씨,15484,10175,-5309,4859547750,3230547000,-1629000750,KRX MDCSTAT02401_OUT
weekly,KOSPI200,institution,006650,대한유화,66421,47961,-18460,6303124750,4662183850,-1640940900,KRX MDCSTAT02401_OUT
weekly,KOSPI200,institution,005850,에스엘,98989,62167,-36822,4855546200,3098439325,-1757106875,KRX MDCSTAT02401_OUT
weekly,KOSPI200,institution,000100,유한양행,231844,207435,-24409,17416398300,15610217300,-1806181000,KRX MDCSTAT02401_OUT
weekly,KOSPI200,institution,018260,삼성에스디에스,126577,117504,-9073,28010203750,26183323000,-1826880750,KRX MDCSTAT02401_OUT
weekly,KOSPI200,institution,097950,CJ제일제당,75083,64360,-10723,13187925300,11358598500,-1829326800,KRX MDCSTAT02401_OUT
weekly,KOSPI200,institution,285130,SK케미칼,102995,66132,-36863,5175033550,3345376725,-1829656825,KRX MDCSTAT02401_OUT
weekly,KOSPI200,institution,017960,한국카본,165030,74093,-90937,3373224450,1533243550,-1839980900,KRX MDCSTAT02401_OUT
weekly,KOSPI200,institution,192820,코스맥스,116472,107628,-8844,31673921500,29363235000,-2310686500,KRX MDCSTAT02401_OUT
weekly,KOSPI200,institution,307950,현대오토에버,46936,39765,-7171,17505018250,15135757500,-2369260750,KRX MDCSTAT02401_OUT
weekly,KOSPI200,institution,005830,DB손해보험,250543,235939,-14604,46895512850,44343768700,-2551744150,KRX MDCSTAT02401_OUT
weekly,KOSPI200,institution,071970,HD현대마린엔진,200256,143264,-56992,9952870325,7261024550,-2691845775,KRX MDCSTAT02401_OUT
weekly,KOSPI200,institution,066970,엘앤에프,635408,603169,-32239,69481010950,66706876150,-2774134800,KRX MDCSTAT02401_OUT
weekly,KOSPI200,institution,000120,CJ대한통운,65943,26144,-39799,4654958100,1847800250,-2807157850,KRX MDCSTAT02401_OUT
weekly,KOSPI200,institution,259960,크래프톤,84113,69152,-14961,16910748250,13940810850,-2969937400,KRX MDCSTAT02401_OUT
weekly,KOSPI200,institution,028670,팬오션,2062463,1429256,-633207,11782509675,8212458710,-3570050965,KRX MDCSTAT02401_OUT
weekly,KOSPI200,institution,088350,한화생명,2554606,1894863,-659743,14571274235,10888077445,-3683196790,KRX MDCSTAT02401_OUT
weekly,KOSPI200,institution,002380,KCC,23602,14960,-8642,11049281500,7037987250,-4011294250,KRX MDCSTAT02401_OUT
weekly,KOSPI200,institution,007070,GS리테일,321711,133070,-188641,7428058975,3090902750,-4337156225,KRX MDCSTAT02401_OUT
weekly,KOSPI200,institution,011780,금호석유화학,72667,34862,-37805,8576099650,4131999550,-4444100100,KRX MDCSTAT02401_OUT
weekly,KOSPI200,institution,004020,현대제철,1088496,924187,-164309,36055353475,31568057675,-4487295800,KRX MDCSTAT02401_OUT
weekly,KOSPI200,institution,204320,HL만도,213400,97031,-116369,9958695225,4554117425,-5404577800,KRX MDCSTAT02401_OUT
weekly,KOSPI200,institution,443060,HD현대마린솔루션,95462,72458,-23004,22724857250,17311193250,-5413664000,KRX MDCSTAT02401_OUT
weekly,KOSPI200,institution,010130,고려아연,21361,16275,-5086,23797671000,18203372000,-5594299000,KRX MDCSTAT02401_OUT
weekly,KOSPI200,institution,029780,삼성카드,251554,118955,-132599,10811001425,5146426375,-5664575050,KRX MDCSTAT02401_OUT
weekly,KOSPI200,institution,010060,OCI홀딩스,309391,271391,-38000,62770928850,56976490000,-5794438850,KRX MDCSTAT02401_OUT
weekly,KOSPI200,institution,161390,한국타이어앤테크놀로지,315924,205650,-110274,18339370000,12061213250,-6278156750,KRX MDCSTAT02401_OUT
weekly,KOSPI200,institution,064400,LG씨엔에스,285302,191097,-94205,20049570300,13482334500,-6567235800,KRX MDCSTAT02401_OUT
weekly,KOSPI200,institution,161890,한국콜마,240005,191844,-48161,35181771650,28150030550,-7031741100,KRX MDCSTAT02401_OUT
weekly,KOSPI200,institution,069960,현대백화점,120914,42532,-78382,11446977900,4155790550,-7291187350,KRX MDCSTAT02401_OUT
weekly,KOSPI200,institution,278470,에이피알,223654,200968,-22686,81565775500,73812178500,-7753597000,KRX MDCSTAT02401_OUT
weekly,KOSPI200,institution,064350,현대로템,382828,312479,-70349,45441220700,37215757900,-8225462800,KRX MDCSTAT02401_OUT
weekly,KOSPI200,institution,001040,CJ,132350,69074,-63276,17262709250,9004263600,-8258445650,KRX MDCSTAT02401_OUT
weekly,KOSPI200,institution,062040,산일전기,226181,179560,-46621,46371118250,37358160000,-9012958250,KRX MDCSTAT02401_OUT
weekly,KOSPI200,institution,009540,HD한국조선해양,181008,152069,-28939,61024324750,51281976500,-9742348250,KRX MDCSTAT02401_OUT
weekly,KOSPI200,institution,009420,한올바이오파마,458625,228065,-230560,20977421575,10529313550,-10448108025,KRX MDCSTAT02401_OUT
weekly,KOSPI200,institution,010120,LS ELECTRIC,410162,353092,-57070,85196887000,73704625000,-11492262000,KRX MDCSTAT02401_OUT
weekly,KOSPI200,institution,001440,대한전선,1757674,1385041,-372633,54910585700,43114763525,-11795822175,KRX MDCSTAT02401_OUT
weekly,KOSPI200,institution,047040,대우건설,5565361,4783959,-781402,102009642820,89657069010,-12352573810,KRX MDCSTAT02401_OUT
weekly,KOSPI200,institution,001450,현대해상,593765,322996,-270769,28456427000,15573423700,-12883003300,KRX MDCSTAT02401_OUT
weekly,KOSPI200,institution,267250,HD현대,228461,166359,-62102,47819073250,34926042250,-12893031000,KRX MDCSTAT02401_OUT
weekly,KOSPI200,institution,004170,신세계,111406,69319,-42087,39618304000,24809155500,-14809148500,KRX MDCSTAT02401_OUT
weekly,KOSPI200,institution,093370,후성,1970078,842818,-1127260,27652431280,11906237925,-15746193355,KRX MDCSTAT02401_OUT
weekly,KOSPI200,institution,012330,현대모비스,290232,243215,-47017,108589853500,91525615750,-17064237750,KRX MDCSTAT02401_OUT
weekly,KOSPI200,institution,082740,한화엔진,808000,453945,-354055,40007825875,22827752100,-17180073775,KRX MDCSTAT02401_OUT
weekly,KOSPI200,institution,267270,HD건설기계,367177,229656,-137521,49219640150,31379177050,-17840463100,KRX MDCSTAT02401_OUT
weekly,KOSPI200,institution,023530,롯데쇼핑,264656,98259,-166397,28864296700,10708619450,-18155677250,KRX MDCSTAT02401_OUT
weekly,KOSPI200,institution,352820,하이브,333661,215226,-118435,53473632350,34809503750,-18664128600,KRX MDCSTAT02401_OUT
weekly,KOSPI200,institution,005490,POSCO홀딩스,292892,229187,-63705,92863971500,72974038500,-19889933000,KRX MDCSTAT02401_OUT
weekly,KOSPI200,institution,373220,LG에너지솔루션,482214,419463,-62751,171358821000,150067843250,-21290977750,KRX MDCSTAT02401_OUT
weekly,KOSPI200,institution,033780,KT&G,360799,235172,-125627,62577529500,40874167650,-21703361850,KRX MDCSTAT02401_OUT
weekly,KOSPI200,institution,015760,한국전력,2209570,1473726,-735844,67705693650,45401930000,-22303763650,KRX MDCSTAT02401_OUT
weekly,KOSPI200,institution,052690,한전기술,550912,375705,-175207,72833256700,50293135800,-22540120900,KRX MDCSTAT02401_OUT
weekly,KOSPI200,institution,010140,삼성중공업,2645282,1508855,-1136427,54314869225,31099275250,-23215593975,KRX MDCSTAT02401_OUT
weekly,KOSPI200,institution,086280,현대글로비스,254106,137158,-116948,50848117750,27600837000,-23247280750,KRX MDCSTAT02401_OUT
weekly,KOSPI200,institution,042660,한화오션,796441,458611,-337830,64707860400,37564469900,-27143390500,KRX MDCSTAT02401_OUT
weekly,KOSPI200,institution,005380,현대차,625108,544972,-80136,224746031250,197041033500,-27704997750,KRX MDCSTAT02401_OUT
weekly,KOSPI200,institution,000270,기아,1014083,767031,-247052,120095359950,91387221200,-28708138750,KRX MDCSTAT02401_OUT
weekly,KOSPI200,institution,207940,삼성바이오로직스,62858,41443,-21415,87325041500,57713279000,-29611762500,KRX MDCSTAT02401_OUT
weekly,KOSPI200,institution,298040,효성중공업,44111,33032,-11079,127201942000,95811527500,-31390414500,KRX MDCSTAT02401_OUT
weekly,KOSPI200,institution,017670,SK텔레콤,1044399,658310,-386089,91435760100,58001334100,-33434426000,KRX MDCSTAT02401_OUT
weekly,KOSPI200,institution,078930,GS,865875,535381,-330494,96042047000,60098761300,-35943285700,KRX MDCSTAT02401_OUT
weekly,KOSPI200,institution,000720,현대건설,1215303,867719,-347584,151819248200,109900474050,-41918774150,KRX MDCSTAT02401_OUT
weekly,KOSPI200,institution,003230,삼양식품,72038,34079,-37959,89755157000,43277386000,-46477771000,KRX MDCSTAT02401_OUT
weekly,KOSPI200,institution,329180,HD현대중공업,306299,186206,-120093,137536310000,83835973250,-53700336750,KRX MDCSTAT02401_OUT
weekly,KOSPI200,institution,006400,삼성SDI,493701,350271,-143430,261042743500,186137003500,-74905740000,KRX MDCSTAT02401_OUT
weekly,KOSPI200,institution,000660,SK하이닉스,4192156,4137389,-54767,7737982303500,7655832958500,-82149345000,KRX MDCSTAT02401_OUT
weekly,KOSPI200,institution,034020,두산에너빌리티,3668996,2186263,-1482733,308335514950,184693221100,-123642293850,KRX MDCSTAT02401_OUT
weekly,KOSPI200,institution,035420,NAVER,1526908,749164,-777744,301435406850,148779619350,-152655787500,KRX MDCSTAT02401_OUT
weekly,KOSDAQ150,foreign,036540,SFA반도체,8843400,15064568,6221168,91422991450,156101737225,64678745775,KRX MDCSTAT02401_OUT
weekly,KOSDAQ150,foreign,222800,심텍,1194298,1473258,278960,171514066300,214599279200,43085212900,KRX MDCSTAT02401_OUT
weekly,KOSDAQ150,foreign,095610,테스,131570,391216,259646,19961874950,59651212900,39689337950,KRX MDCSTAT02401_OUT
weekly,KOSDAQ150,foreign,067310,하나마이크론,3479810,4269291,789481,153526951125,188267695700,34740744575,KRX MDCSTAT02401_OUT
weekly,KOSDAQ150,foreign,247540,에코프로비엠,555755,875566,319811,58807353300,92722254800,33914901500,KRX MDCSTAT02401_OUT
weekly,KOSDAQ150,foreign,403870,HPSP,1591278,2034890,443612,87220793150,111916465250,24695672100,KRX MDCSTAT02401_OUT
weekly,KOSDAQ150,foreign,298380,에이비엘바이오,658362,1086468,428106,34925773500,57404909250,22479135750,KRX MDCSTAT02401_OUT
weekly,KOSDAQ150,foreign,089030,테크윙,691690,1057660,365970,33280332200,50949748125,17669415925,KRX MDCSTAT02401_OUT
weekly,KOSDAQ150,foreign,257720,실리콘투,922232,1286250,364018,37446068275,52079382825,14633314550,KRX MDCSTAT02401_OUT
weekly,KOSDAQ150,foreign,036930,주성엔지니어링,1134345,1198993,64648,234584359500,248683243750,14098884250,KRX MDCSTAT02401_OUT
weekly,KOSDAQ150,foreign,226950,올릭스,251984,379344,127360,27031795100,40611371900,13579576800,KRX MDCSTAT02401_OUT
weekly,KOSDAQ150,foreign,241710,코스메카코리아,79402,183552,104150,10196182100,23369617800,13173435700,KRX MDCSTAT02401_OUT
weekly,KOSDAQ150,foreign,214450,파마리서치,79759,117738,37979,25899993500,38288444000,12388450500,KRX MDCSTAT02401_OUT
weekly,KOSDAQ150,foreign,053800,안랩,196328,320945,124617,13776599150,22624238500,8847639350,KRX MDCSTAT02401_OUT
weekly,KOSDAQ150,foreign,096530,씨젠,416883,656337,239454,14223938071,22408678021,8184739950,KRX MDCSTAT02401_OUT
weekly,KOSDAQ150,foreign,078600,대주전자재료,186635,264531,77896,16607774100,23933153050,7325378950,KRX MDCSTAT02401_OUT
weekly,KOSDAQ150,foreign,080220,제주반도체,934965,1032071,97106,71460403800,78767934100,7307530300,KRX MDCSTAT02401_OUT
weekly,KOSDAQ150,foreign,084370,유진테크,329902,367824,37922,49975214900,55304966200,5329751300,KRX MDCSTAT02401_OUT
weekly,KOSDAQ150,foreign,178320,서진시스템,2328600,2472509,143909,79621056275,84865735900,5244679625,KRX MDCSTAT02401_OUT
weekly,KOSDAQ150,foreign,039030,이오테크닉스,117066,126408,9342,55262836250,59566107250,4303271000,KRX MDCSTAT02401_OUT
weekly,KOSDAQ150,foreign,031980,피에스케이홀딩스,156821,179624,22803,25727005650,29635060100,3908054450,KRX MDCSTAT02401_OUT
weekly,KOSDAQ150,foreign,007390,네이처셀,192776,346080,153304,4794832525,8677972525,3883140000,KRX MDCSTAT02401_OUT
weekly,KOSDAQ150,foreign,347850,디앤디파마텍,876031,958669,82638,39195471375,42845312300,3649840925,KRX MDCSTAT02401_OUT
weekly,KOSDAQ150,foreign,232140,와이씨,5989336,6262942,273606,84464857210,87844825950,3379968740,KRX MDCSTAT02401_OUT
weekly,KOSDAQ150,foreign,006730,서부T&D,328068,624348,296280,3620505600,6929073825,3308568225,KRX MDCSTAT02401_OUT
weekly,KOSDAQ150,foreign,183300,코미코,1608818,1698318,89500,50118641075,52968670400,2850029325,KRX MDCSTAT02401_OUT
weekly,KOSDAQ150,foreign,090360,로보스타,99165,129882,30717,7810656700,10282149900,2471493200,KRX MDCSTAT02401_OUT
weekly,KOSDAQ150,foreign,033100,제룡전기,116435,165826,49391,5572407500,7959584050,2387176550,KRX MDCSTAT02401_OUT
weekly,KOSDAQ150,foreign,060370,LS마린솔루션,299227,365272,66045,9996994400,12372636950,2375642550,KRX MDCSTAT02401_OUT
weekly,KOSDAQ150,foreign,171090,선익시스템,44480,76898,32418,3163351850,5510976200,2347624350,KRX MDCSTAT02401_OUT
weekly,KOSDAQ150,foreign,078340,컴투스,150743,211045,60302,5259625575,7445247925,2185622350,KRX MDCSTAT02401_OUT
weekly,KOSDAQ150,foreign,030530,원익홀딩스,2650833,2732678,81845,73912328450,76088198525,2175870075,KRX MDCSTAT02401_OUT
weekly,KOSDAQ150,foreign,437730,삼현,911563,947322,35759,49597212225,51616362975,2019150750,KRX MDCSTAT02401_OUT
weekly,KOSDAQ150,foreign,052400,코나아이,42261,91236,48975,1599620200,3463411875,1863791675,KRX MDCSTAT02401_OUT
weekly,KOSDAQ150,foreign,293490,카카오게임즈,481971,679285,197314,4429513785,6287954005,1858440220,KRX MDCSTAT02401_OUT
weekly,KOSDAQ150,foreign,074600,원익QnC,187579,239695,52116,5370378250,6853689025,1483310775,KRX MDCSTAT02401_OUT
weekly,KOSDAQ150,foreign,0009K0,에임드바이오,368190,432974,64784,8000994950,9391772400,1390777450,KRX MDCSTAT02401_OUT
weekly,KOSDAQ150,foreign,348210,넥스틴,76964,113802,36838,2552750950,3771328500,1218577550,KRX MDCSTAT02401_OUT
weekly,KOSDAQ150,foreign,032190,다우데이타,68492,108300,39808,1365839285,2160794740,794955455,KRX MDCSTAT02401_OUT
weekly,KOSDAQ150,foreign,036830,솔브레인홀딩스,210490,229596,19106,8547791850,9321373025,773581175,KRX MDCSTAT02401_OUT
weekly,KOSDAQ150,foreign,194480,데브시스터즈,45743,83447,37704,654414300,1197007530,542593230,KRX MDCSTAT02401_OUT
weekly,KOSDAQ150,foreign,278280,천보,77087,89242,12155,2746605250,3166820050,420214800,KRX MDCSTAT02401_OUT
weekly,KOSDAQ150,foreign,388720,유일로보틱스,23183,28967,5784,1603405250,2004378350,400973100,KRX MDCSTAT02401_OUT
weekly,KOSDAQ150,foreign,290650,엘앤씨바이오,258086,265152,7066,11980040775,12362081325,382040550,KRX MDCSTAT02401_OUT
weekly,KOSDAQ150,foreign,014620,성광벤드,282631,296656,14025,9107461500,9463787550,356326050,KRX MDCSTAT02401_OUT
weekly,KOSDAQ150,foreign,215200,메가스터디교육,130677,139593,8916,4726116450,5058073550,331957100,KRX MDCSTAT02401_OUT
weekly,KOSDAQ150,foreign,112040,위메이드,223375,243349,19974,3381016025,3712423305,331407280,KRX MDCSTAT02401_OUT
weekly,KOSDAQ150,foreign,445680,큐리옥스바이오시스템즈,160695,166957,6262,7731282400,8052745375,321462975,KRX MDCSTAT02401_OUT
weekly,KOSDAQ150,foreign,003380,하림지주,547744,575774,28030,6023845005,6337690565,313845560,KRX MDCSTAT02401_OUT
weekly,KOSDAQ150,foreign,065350,신성델타테크,217287,225404,8117,6766538000,7043381100,276843100,KRX MDCSTAT02401_OUT
weekly,KOSDAQ150,foreign,030520,한컴,169867,183902,14035,2877387120,3153969940,276582820,KRX MDCSTAT02401_OUT
weekly,KOSDAQ150,foreign,124500,아이티센글로벌,205370,213438,8068,6137850600,6382142500,244291900,KRX MDCSTAT02401_OUT
weekly,KOSDAQ150,foreign,348370,엔켐,647360,657423,10063,12246244510,12486971035,240726525,KRX MDCSTAT02401_OUT
weekly,KOSDAQ150,foreign,025320,시노펙스,648212,708324,60112,2477068303,2707040813,229972510,KRX MDCSTAT02401_OUT
weekly,KOSDAQ150,foreign,069080,웹젠,346840,360036,13196,3857301125,4020058070,162756945,KRX MDCSTAT02401_OUT
weekly,KOSDAQ150,foreign,036620,감성코퍼레이션,366535,411806,45271,1357440107,1518547665,161107558,KRX MDCSTAT02401_OUT
weekly,KOSDAQ150,foreign,009520,포스코엠텍,165000,173757,8757,2070066820,2186183820,116117000,KRX MDCSTAT02401_OUT
weekly,KOSDAQ150,foreign,060250,NHN KCP,348845,352315,3470,4641354220,4704222330,62868110,KRX MDCSTAT02401_OUT
weekly,KOSDAQ150,foreign,213420,덕산네오룩스,229983,231837,1854,6754764925,6807798425,53033500,KRX MDCSTAT02401_OUT
weekly,KOSDAQ150,foreign,015750,성우하이텍,345760,346380,620,2039669560,2045796750,6127190,KRX MDCSTAT02401_OUT
weekly,KOSDAQ150,foreign,025900,동화기업,62548,61119,-1429,428567330,420339030,-8228300,KRX MDCSTAT02401_OUT
weekly,KOSDAQ150,foreign,399720,가온칩스,261659,260940,-719,11893700900,11872359450,-21341450,KRX MDCSTAT02401_OUT
weekly,KOSDAQ150,foreign,358570,지아이이노베이션,679479,670563,-8916,6245490435,6175058510,-70431925,KRX MDCSTAT02401_OUT
weekly,KOSDAQ150,foreign,352480,씨앤씨인터내셔널,19270,15440,-3830,427683900,340929675,-86754225,KRX MDCSTAT02401_OUT
weekly,KOSDAQ150,foreign,101730,위메이드맥스,438349,415553,-22796,2110306294,2001121272,-109185022,KRX MDCSTAT02401_OUT
weekly,KOSDAQ150,foreign,068760,셀트리온제약,436576,431435,-5141,17027460525,16855456825,-172003700,KRX MDCSTAT02401_OUT
weekly,KOSDAQ150,foreign,058610,에스피지,257682,257093,-589,25907764300,25727085750,-180678550,KRX MDCSTAT02401_OUT
weekly,KOSDAQ150,foreign,100790,미래에셋벤처투자,872586,851774,-20812,15239018120,14987281465,-251736655,KRX MDCSTAT02401_OUT
weekly,KOSDAQ150,foreign,214370,케어젠,122214,115699,-6515,4893221750,4636370575,-256851175,KRX MDCSTAT02401_OUT
weekly,KOSDAQ150,foreign,032500,케이엠더블유,608461,601067,-7394,11795889620,11537076755,-258812865,KRX MDCSTAT02401_OUT
weekly,KOSDAQ150,foreign,086520,에코프로,686610,682285,-4325,55539864150,55241232450,-298631700,KRX MDCSTAT02401_OUT
weekly,KOSDAQ150,foreign,090710,휴림로봇,2470850,2416874,-53976,15958576290,15641723440,-316852850,KRX MDCSTAT02401_OUT
weekly,KOSDAQ150,foreign,048410,현대바이오,1207753,1160207,-47546,8340034445,8019041725,-320992720,KRX MDCSTAT02401_OUT
weekly,KOSDAQ150,foreign,211050,인카금융서비스,129647,100153,-29494,1327988700,1006582850,-321405850,KRX MDCSTAT02401_OUT
weekly,KOSDAQ150,foreign,038500,삼표시멘트,507068,450950,-56118,3442809510,3066576265,-376233245,KRX MDCSTAT02401_OUT
weekly,KOSDAQ150,foreign,033500,동성화인텍,162047,139864,-22183,2640209425,2260511830,-379697595,KRX MDCSTAT02401_OUT
weekly,KOSDAQ150,foreign,067160,SOOP,121355,109626,-11729,4460802801,4031653676,-429149125,KRX MDCSTAT02401_OUT
weekly,KOSDAQ150,foreign,376300,디어유,106679,78766,-27913,1818515015,1342476320,-476038695,KRX MDCSTAT02401_OUT
weekly,KOSDAQ150,foreign,042000,카페24,589028,568231,-20797,10373863090,9876567540,-497295550,KRX MDCSTAT02401_OUT
weekly,KOSDAQ150,foreign,272290,이녹스첨단소재,171002,146093,-24909,3580507725,3064798850,-515708875,KRX MDCSTAT02401_OUT
weekly,KOSDAQ150,foreign,161580,필옵틱스,338874,323869,-15005,11311345825,10781370525,-529975300,KRX MDCSTAT02401_OUT
weekly,KOSDAQ150,foreign,095660,네오위즈,98997,66194,-32803,1753890815,1173333700,-580557115,KRX MDCSTAT02401_OUT
weekly,KOSDAQ150,foreign,060280,큐렉소,486547,408983,-77564,3966297320,3346156045,-620141275,KRX MDCSTAT02401_OUT
weekly,KOSDAQ150,foreign,253450,스튜디오드래곤,112351,82530,-29821,2333156200,1708773900,-624382300,KRX MDCSTAT02401_OUT
weekly,KOSDAQ150,foreign,082270,젬백스,323581,252021,-71560,3326378595,2625243710,-701134885,KRX MDCSTAT02401_OUT
weekly,KOSDAQ150,foreign,005290,동진쎄미켐,646552,634569,-11983,28879040525,28153866000,-725174525,KRX MDCSTAT02401_OUT
weekly,KOSDAQ150,foreign,056190,SFA,243539,218334,-25205,6893337300,6161271300,-732066000,KRX MDCSTAT02401_OUT
weekly,KOSDAQ150,foreign,064760,티씨케이,90057,88346,-1711,24890290750,24155439000,-734851750,KRX MDCSTAT02401_OUT
weekly,KOSDAQ150,foreign,025980,아난티,2271124,2125348,-145776,11901100885,11164649055,-736451830,KRX MDCSTAT02401_OUT
weekly,KOSDAQ150,foreign,035760,CJ ENM,147383,126021,-21362,5568532800,4764705650,-803827150,KRX MDCSTAT02401_OUT
weekly,KOSDAQ150,foreign,195940,HK이노엔,190757,168606,-22151,7412916225,6549024925,-863891300,KRX MDCSTAT02401_OUT
weekly,KOSDAQ150,foreign,253590,네오셈,1852774,1794883,-57891,24988711790,24121393420,-867318370,KRX MDCSTAT02401_OUT
weekly,KOSDAQ150,foreign,085660,차바이오텍,601572,478465,-123107,4772244275,3809958760,-962285515,KRX MDCSTAT02401_OUT
weekly,KOSDAQ150,foreign,214430,아이쓰리시스템,53095,35970,-17125,3538390250,2407094000,-1131296250,KRX MDCSTAT02401_OUT
weekly,KOSDAQ150,foreign,098460,고영,1601974,1543230,-58744,45788746125,44598809100,-1189937025,KRX MDCSTAT02401_OUT
weekly,KOSDAQ150,foreign,141080,리가켐바이오,340326,325336,-14990,27787177050,26574290100,-1212886950,KRX MDCSTAT02401_OUT
weekly,KOSDAQ150,foreign,018290,브이티,313111,192201,-120910,3593192210,2196000270,-1397191940,KRX MDCSTAT02401_OUT
weekly,KOSDAQ150,foreign,237690,에스티팜,147572,129423,-18149,13625649100,11951356150,-1674292950,KRX MDCSTAT02401_OUT
weekly,KOSDAQ150,foreign,225570,넥슨게임즈,289531,115652,-173879,3190737595,1268131200,-1922606395,KRX MDCSTAT02401_OUT
weekly,KOSDAQ150,foreign,039200,오스코텍,227484,173986,-53498,8277500225,6325883600,-1951616625,KRX MDCSTAT02401_OUT
weekly,KOSDAQ150,foreign,137400,피엔티,263111,194462,-68649,7643268650,5671399425,-1971869225,KRX MDCSTAT02401_OUT
weekly,KOSDAQ150,foreign,166090,하나머티리얼즈,186698,150575,-36123,10655859250,8615131650,-2040727600,KRX MDCSTAT02401_OUT
weekly,KOSDAQ150,foreign,214150,클래시스,434340,367844,-66496,13519509850,11448631825,-2070878025,KRX MDCSTAT02401_OUT
weekly,KOSDAQ150,foreign,043260,성호전자,6296310,6225138,-71172,164280912175,162162288675,-2118623500,KRX MDCSTAT02401_OUT
weekly,KOSDAQ150,foreign,251970,펌텍코리아,135225,103690,-31535,8256566700,6107413100,-2149153600,KRX MDCSTAT02401_OUT
weekly,KOSDAQ150,foreign,082920,비츠로셀,1334344,1253567,-80777,39060481950,36698475250,-2362006700,KRX MDCSTAT02401_OUT
weekly,KOSDAQ150,foreign,475830,오름테라퓨틱,1521293,1408056,-113237,40589127575,38113634925,-2475492650,KRX MDCSTAT02401_OUT
weekly,KOSDAQ150,foreign,204270,제이앤티씨,1981328,1855318,-126010,48966151850,46465392875,-2500758975,KRX MDCSTAT02401_OUT
weekly,KOSDAQ150,foreign,036810,에프에스티,311687,224460,-87227,9186415400,6652469150,-2533946250,KRX MDCSTAT02401_OUT
weekly,KOSDAQ150,foreign,281740,레이크머티리얼즈,689685,439035,-250650,7443123800,4752732840,-2690390960,KRX MDCSTAT02401_OUT
weekly,KOSDAQ150,foreign,122870,와이지엔터테인먼트,201956,137637,-64319,8753229950,5950811025,-2802418925,KRX MDCSTAT02401_OUT
weekly,KOSDAQ150,foreign,466100,클로봇,418493,284834,-133659,9703263400,6642987875,-3060275525,KRX MDCSTAT02401_OUT
weekly,KOSDAQ150,foreign,189300,인텔리안테크,128935,80773,-48162,8888039600,5564422850,-3323616750,KRX MDCSTAT02401_OUT
weekly,KOSDAQ150,foreign,099320,쎄트렉아이,150717,104829,-45888,11814235500,8236942100,-3577293400,KRX MDCSTAT02401_OUT
weekly,KOSDAQ150,foreign,323280,태성,486317,401695,-84622,22827522500,19049920550,-3777601950,KRX MDCSTAT02401_OUT
weekly,KOSDAQ150,foreign,121600,나노신소재,178857,102946,-75911,9422017600,5474976200,-3947041400,KRX MDCSTAT02401_OUT
weekly,KOSDAQ150,foreign,263750,펄어비스,550410,426251,-124159,18902128050,14623956800,-4278171250,KRX MDCSTAT02401_OUT
weekly,KOSDAQ150,foreign,140860,파크시스템스,90161,73358,-16803,23344990250,19027009250,-4317981000,KRX MDCSTAT02401_OUT
weekly,KOSDAQ150,foreign,050890,쏠리드,2868602,2409850,-458752,27863821770,23544133530,-4319688240,KRX MDCSTAT02401_OUT
weekly,KOSDAQ150,foreign,125490,한라캐스트,3808951,3461932,-347019,47586436985,43242471190,-4343965795,KRX MDCSTAT02401_OUT
weekly,KOSDAQ150,foreign,035900,JYP Ent.,393209,279506,-113703,15008831375,10656954425,-4351876950,KRX MDCSTAT02401_OUT
weekly,KOSDAQ150,foreign,056080,유진로봇,1032300,612650,-419650,12806924400,7632859375,-5174065025,KRX MDCSTAT02401_OUT
weekly,KOSDAQ150,foreign,277810,레인보우로보틱스,91218,78753,-12465,39690429750,34498410750,-5192019000,KRX MDCSTAT02401_OUT
weekly,KOSDAQ150,foreign,041190,우리기술투자,6539404,5615616,-923788,39641178310,34263951155,-5377227155,KRX MDCSTAT02401_OUT
weekly,KOSDAQ150,foreign,131290,티에스이,127800,98961,-28839,33461534000,26730749750,-6730784250,KRX MDCSTAT02401_OUT
weekly,KOSDAQ150,foreign,101490,에스앤에스텍,389024,233092,-155932,16799829750,10010037800,-6789791950,KRX MDCSTAT02401_OUT
weekly,KOSDAQ150,foreign,000250,삼천당제약,126505,83465,-43040,20602872100,13610142050,-6992730050,KRX MDCSTAT02401_OUT
weekly,KOSDAQ150,foreign,420770,기가비스,471507,409059,-62448,54095801300,46582574800,-7513226500,KRX MDCSTAT02401_OUT
weekly,KOSDAQ150,foreign,083650,비에이치아이,731475,597513,-133962,45650893050,37568842200,-8082050850,KRX MDCSTAT02401_OUT
weekly,KOSDAQ150,foreign,295310,에이치브이엠,309157,170367,-138790,18616324500,10313087450,-8303237050,KRX MDCSTAT02401_OUT
weekly,KOSDAQ150,foreign,041510,에스엠,305098,195308,-109790,25072908300,16008691550,-9064216750,KRX MDCSTAT02401_OUT
weekly,KOSDAQ150,foreign,196170,알테오젠,360487,324766,-35721,91518214250,82322830750,-9195383500,KRX MDCSTAT02401_OUT
weekly,KOSDAQ150,foreign,417200,LS머트리얼즈,2334284,1555313,-778971,31690376055,21216737445,-10473638610,KRX MDCSTAT02401_OUT
weekly,KOSDAQ150,foreign,310210,보로노이,245996,166591,-79405,35318585900,24309184150,-11009401750,KRX MDCSTAT02401_OUT
weekly,KOSDAQ150,foreign,328130,루닛,3645644,2448660,-1196984,38073204605,25938227310,-12134977295,KRX MDCSTAT02401_OUT
weekly,KOSDAQ150,foreign,087010,펩트론,266506,184587,-81919,39787669750,27567889250,-12219780500,KRX MDCSTAT02401_OUT
weekly,KOSDAQ150,foreign,108490,로보티즈,297367,252844,-44523,89617811500,76801347500,-12816464000,KRX MDCSTAT02401_OUT
weekly,KOSDAQ150,foreign,032820,우리기술,6305970,5121984,-1183986,85700420555,69891264350,-15809156205,KRX MDCSTAT02401_OUT
weekly,KOSDAQ150,foreign,095340,ISC,345091,242075,-103016,70514474600,49301949500,-21212525100,KRX MDCSTAT02401_OUT
weekly,KOSDAQ150,foreign,131970,두산테스나,736699,494159,-242540,67633766300,44595345800,-23038420500,KRX MDCSTAT02401_OUT
weekly,KOSDAQ150,foreign,145020,휴젤,318131,201620,-116511,64401604221,40851236021,-23550368200,KRX MDCSTAT02401_OUT
weekly,KOSDAQ150,foreign,319400,현대무벡스,4014770,2867716,-1147054,88973202918,64179910818,-24793292100,KRX MDCSTAT02401_OUT
weekly,KOSDAQ150,foreign,089970,브이엠,2000458,1516610,-483848,114487345400,85754766750,-28732578650,KRX MDCSTAT02401_OUT
weekly,KOSDAQ150,foreign,218410,RFHIC,1411141,831605,-579536,84998113850,49260780650,-35737333200,KRX MDCSTAT02401_OUT
weekly,KOSDAQ150,foreign,028300,HLB,2434940,1319557,-1115383,76837590350,40957988075,-35879602275,KRX MDCSTAT02401_OUT
weekly,KOSDAQ150,foreign,240810,원익IPS,1991868,1636445,-355423,258602903450,212222784650,-46380118800,KRX MDCSTAT02401_OUT
weekly,KOSDAQ150,foreign,058470,리노공업,2300890,1477539,-823351,168183909550,107090531100,-61093378450,KRX MDCSTAT02401_OUT
weekly,KOSDAQ150,institution,095340,ISC,126939,280472,153533,25996465050,57852787500,31856322450,KRX MDCSTAT02401_OUT
weekly,KOSDAQ150,institution,089970,브이엠,511338,922370,411032,29832031500,54256410900,24424379400,KRX MDCSTAT02401_OUT
weekly,KOSDAQ150,institution,420770,기가비스,170506,321400,150894,19742965850,37190941250,17447975400,KRX MDCSTAT02401_OUT
weekly,KOSDAQ150,institution,058470,리노공업,944648,1144315,199667,68075094200,83610902700,15535808500,KRX MDCSTAT02401_OUT
weekly,KOSDAQ150,institution,067310,하나마이크론,682917,929398,246481,30531141175,41014511750,10483370575,KRX MDCSTAT02401_OUT
weekly,KOSDAQ150,institution,131970,두산테스나,259449,372861,113412,23978263750,33916656750,9938393000,KRX MDCSTAT02401_OUT
weekly,KOSDAQ150,institution,005290,동진쎄미켐,227959,431406,203447,10035452725,19177417225,9141964500,KRX MDCSTAT02401_OUT
weekly,KOSDAQ150,institution,121600,나노신소재,56653,184433,127780,3002431450,9818090150,6815658700,KRX MDCSTAT02401_OUT
weekly,KOSDAQ150,institution,218410,RFHIC,528490,628157,99667,31493271250,37451852100,5958580850,KRX MDCSTAT02401_OUT
weekly,KOSDAQ150,institution,084370,유진테크,172408,202587,30179,25722803950,30997206800,5274402850,KRX MDCSTAT02401_OUT
weekly,KOSDAQ150,institution,053800,안랩,17703,92150,74447,1275296550,6538591150,5263294600,KRX MDCSTAT02401_OUT
weekly,KOSDAQ150,institution,140860,파크시스템스,20981,40370,19389,5399906250,10488695000,5088788750,KRX MDCSTAT02401_OUT
weekly,KOSDAQ150,institution,064760,티씨케이,70449,85902,15453,19251291000,23816487250,4565196250,KRX MDCSTAT02401_OUT
weekly,KOSDAQ150,institution,417200,LS머트리얼즈,557761,829699,271938,7562652160,11299219855,3736567695,KRX MDCSTAT02401_OUT
weekly,KOSDAQ150,institution,251970,펌텍코리아,129497,182801,53304,7650152950,11177930800,3527777850,KRX MDCSTAT02401_OUT
weekly,KOSDAQ150,institution,295310,에이치브이엠,136357,181826,45469,8116570200,11139114650,3022544450,KRX MDCSTAT02401_OUT
weekly,KOSDAQ150,institution,225570,넥슨게임즈,79674,326866,247192,870902675,3594884680,2723982005,KRX MDCSTAT02401_OUT
weekly,KOSDAQ150,institution,036810,에프에스티,31937,122241,90304,966152575,3678608975,2712456400,KRX MDCSTAT02401_OUT
weekly,KOSDAQ150,institution,099320,쎄트렉아이,15743,47226,31483,1233067850,3732499250,2499431400,KRX MDCSTAT02401_OUT
weekly,KOSDAQ150,institution,166090,하나머티리얼즈,104592,140584,35992,5969414050,7978299550,2008885500,KRX MDCSTAT02401_OUT
weekly,KOSDAQ150,institution,232140,와이씨,509901,644026,134125,7177336645,9137722300,1960385655,KRX MDCSTAT02401_OUT
weekly,KOSDAQ150,institution,078340,컴투스,74727,124396,49669,2615998200,4437035975,1821037775,KRX MDCSTAT02401_OUT
weekly,KOSDAQ150,institution,253590,네오셈,62697,196275,133578,845349195,2610762520,1765413325,KRX MDCSTAT02401_OUT
weekly,KOSDAQ150,institution,082920,비츠로셀,198270,258431,60161,5723412275,7477766575,1754354300,KRX MDCSTAT02401_OUT
weekly,KOSDAQ150,institution,125490,한라캐스트,60546,194744,134198,737400690,2430555820,1693155130,KRX MDCSTAT02401_OUT
weekly,KOSDAQ150,institution,183300,코미코,603455,653697,50242,18756549350,20388250800,1631701450,KRX MDCSTAT02401_OUT
weekly,KOSDAQ150,institution,131290,티에스이,64389,70880,6491,17861629250,19439018750,1577389500,KRX MDCSTAT02401_OUT
weekly,KOSDAQ150,institution,056080,유진로봇,123973,239989,116016,1523367780,3023765095,1500397315,KRX MDCSTAT02401_OUT
weekly,KOSDAQ150,institution,263750,펄어비스,195089,235100,40011,6665955075,8118646675,1452691600,KRX MDCSTAT02401_OUT
weekly,KOSDAQ150,institution,056190,SFA,125021,175905,50884,3525638125,4976622900,1450984775,KRX MDCSTAT02401_OUT
weekly,KOSDAQ150,institution,328130,루닛,260838,416446,155608,2814511390,4224351675,1409840285,KRX MDCSTAT02401_OUT
weekly,KOSDAQ150,institution,445680,큐리옥스바이오시스템즈,21909,46044,24135,1065699425,2312599250,1246899825,KRX MDCSTAT02401_OUT
weekly,KOSDAQ150,institution,215200,메가스터디교육,21565,55192,33627,782613300,1994813275,1212199975,KRX MDCSTAT02401_OUT
weekly,KOSDAQ150,institution,437730,삼현,177327,196859,19532,9502841500,10546107675,1043266175,KRX MDCSTAT02401_OUT
weekly,KOSDAQ150,institution,041190,우리기술투자,72606,203428,130822,429990375,1187492770,757502395,KRX MDCSTAT02401_OUT
weekly,KOSDAQ150,institution,003380,하림지주,280735,343462,62727,3089181160,3787814165,698633005,KRX MDCSTAT02401_OUT
weekly,KOSDAQ150,institution,036830,솔브레인홀딩스,47095,59500,12405,1908930675,2424594000,515663325,KRX MDCSTAT02401_OUT
weekly,KOSDAQ150,institution,039200,오스코텍,107250,120214,12964,3865861625,4369681350,503819725,KRX MDCSTAT02401_OUT
weekly,KOSDAQ150,institution,096530,씨젠,142884,155706,12822,4877138800,5312634225,435495425,KRX MDCSTAT02401_OUT
weekly,KOSDAQ150,institution,352480,씨앤씨인터내셔널,8379,24616,16237,184228900,547705450,363476550,KRX MDCSTAT02401_OUT
weekly,KOSDAQ150,institution,171090,선익시스템,25925,29780,3855,1840844550,2137919100,297074550,KRX MDCSTAT02401_OUT
weekly,KOSDAQ150,institution,042000,카페24,42888,45756,2868,688431805,819875870,131444065,KRX MDCSTAT02401_OUT
weekly,KOSDAQ150,institution,211050,인카금융서비스,121115,127401,6286,1214257450,1307883345,93625895,KRX MDCSTAT02401_OUT
weekly,KOSDAQ150,institution,189300,인텔리안테크,42171,42919,748,2901417400,2969592250,68174850,KRX MDCSTAT02401_OUT
weekly,KOSDAQ150,institution,038500,삼표시멘트,146242,146946,704,988472680,998879290,10406610,KRX MDCSTAT02401_OUT
weekly,KOSDAQ150,institution,060280,큐렉소,43873,43662,-211,352886105,355607855,2721750,KRX MDCSTAT02401_OUT
weekly,KOSDAQ150,institution,095660,네오위즈,43721,42042,-1679,778548280,752023540,-26524740,KRX MDCSTAT02401_OUT
weekly,KOSDAQ150,institution,112040,위메이드,96575,94491,-2084,1473271250,1441975210,-31296040,KRX MDCSTAT02401_OUT
weekly,KOSDAQ150,institution,214430,아이쓰리시스템,10186,9396,-790,682122000,632021550,-50100450,KRX MDCSTAT02401_OUT
weekly,KOSDAQ150,institution,050890,쏠리드,105527,98343,-7184,1017185650,952835995,-64349655,KRX MDCSTAT02401_OUT
weekly,KOSDAQ150,institution,025900,동화기업,34655,23551,-11104,236279750,161703260,-74576490,KRX MDCSTAT02401_OUT
weekly,KOSDAQ150,institution,067160,SOOP,22495,20298,-2197,826224900,746652150,-79572750,KRX MDCSTAT02401_OUT
weekly,KOSDAQ150,institution,101730,위메이드맥스,30381,10340,-20041,141968225,49786265,-92181960,KRX MDCSTAT02401_OUT
weekly,KOSDAQ150,institution,082270,젬백스,50475,39582,-10893,524178990,413132605,-111046385,KRX MDCSTAT02401_OUT
weekly,KOSDAQ150,institution,069080,웹젠,97871,86114,-11757,1107054510,970609935,-136444575,KRX MDCSTAT02401_OUT
weekly,KOSDAQ150,institution,348370,엔켐,64949,56697,-8252,1324115800,1158071830,-166043970,KRX MDCSTAT02401_OUT
weekly,KOSDAQ150,institution,060370,LS마린솔루션,161358,155713,-5645,5410432450,5193372625,-217059825,KRX MDCSTAT02401_OUT
weekly,KOSDAQ150,institution,025320,시노펙스,103196,38062,-65134,392457655,145587710,-246869945,KRX MDCSTAT02401_OUT
weekly,KOSDAQ150,institution,015750,성우하이텍,79463,31262,-48201,465291310,184174570,-281116740,KRX MDCSTAT02401_OUT
weekly,KOSDAQ150,institution,009520,포스코엠텍,102289,79482,-22807,1282301825,998880995,-283420830,KRX MDCSTAT02401_OUT
weekly,KOSDAQ150,institution,281740,레이크머티리얼즈,114703,87578,-27125,1239255595,949608215,-289647380,KRX MDCSTAT02401_OUT
weekly,KOSDAQ150,institution,025980,아난티,129158,71021,-58137,671294050,376968758,-294325292,KRX MDCSTAT02401_OUT
weekly,KOSDAQ150,institution,030520,한컴,183288,165637,-17651,3115499160,2810497090,-305002070,KRX MDCSTAT02401_OUT
weekly,KOSDAQ150,institution,272290,이녹스첨단소재,64745,48828,-15917,1358118275,1025272100,-332846175,KRX MDCSTAT02401_OUT
weekly,KOSDAQ150,institution,253450,스튜디오드래곤,54532,37001,-17531,1123169325,766315725,-356853600,KRX MDCSTAT02401_OUT
weekly,KOSDAQ150,institution,085660,차바이오텍,108955,62961,-45994,870181135,502782290,-367398845,KRX MDCSTAT02401_OUT
weekly,KOSDAQ150,institution,240810,원익IPS,887190,883091,-4099,114908697900,114533193050,-375504850,KRX MDCSTAT02401_OUT
weekly,KOSDAQ150,institution,033100,제룡전기,36908,29134,-7774,1766650125,1390058050,-376592075,KRX MDCSTAT02401_OUT
weekly,KOSDAQ150,institution,032190,다우데이타,50792,30061,-20731,1010237775,598579780,-411657995,KRX MDCSTAT02401_OUT
weekly,KOSDAQ150,institution,035900,JYP Ent.,125775,113651,-12124,4774247425,4357391900,-416855525,KRX MDCSTAT02401_OUT
weekly,KOSDAQ150,institution,007390,네이처셀,93942,76029,-17913,2345560950,1900323675,-445237275,KRX MDCSTAT02401_OUT
weekly,KOSDAQ150,institution,214370,케어젠,41627,30233,-11394,1666142525,1213217050,-452925475,KRX MDCSTAT02401_OUT
weekly,KOSDAQ150,institution,100790,미래에셋벤처투자,47311,20885,-26426,818769165,364674170,-454094995,KRX MDCSTAT02401_OUT
weekly,KOSDAQ150,institution,195940,HK이노엔,143907,130811,-13096,5579474375,5089663350,-489811025,KRX MDCSTAT02401_OUT
weekly,KOSDAQ150,institution,048410,현대바이오,406400,334629,-71771,2806487280,2316277060,-490210220,KRX MDCSTAT02401_OUT
weekly,KOSDAQ150,institution,065350,신성델타테크,32496,16223,-16273,1013215650,506119250,-507096400,KRX MDCSTAT02401_OUT
weekly,KOSDAQ150,institution,030530,원익홀딩스,145184,128939,-16245,4070369975,3557342875,-513027100,KRX MDCSTAT02401_OUT
weekly,KOSDAQ150,institution,348210,넥스틴,49830,34412,-15418,1660235900,1145421350,-514814550,KRX MDCSTAT02401_OUT
weekly,KOSDAQ150,institution,376300,디어유,39544,8815,-30729,671415485,150762355,-520653130,KRX MDCSTAT02401_OUT
weekly,KOSDAQ150,institution,032500,케이엠더블유,76216,48912,-27304,1466027150,940072375,-525954775,KRX MDCSTAT02401_OUT
weekly,KOSDAQ150,institution,194480,데브시스터즈,80081,40623,-39458,1142128970,584083020,-558045950,KRX MDCSTAT02401_OUT
weekly,KOSDAQ150,institution,137400,피엔티,81670,61715,-19955,2374122950,1796853500,-577269450,KRX MDCSTAT02401_OUT
weekly,KOSDAQ150,institution,018290,브이티,65518,10895,-54623,742953450,125013775,-617939675,KRX MDCSTAT02401_OUT
weekly,KOSDAQ150,institution,466100,클로봇,51700,23659,-28041,1195056450,551566000,-643490450,KRX MDCSTAT02401_OUT
weekly,KOSDAQ150,institution,090710,휴림로봇,179858,76632,-103226,1145763895,493349165,-652414730,KRX MDCSTAT02401_OUT
weekly,KOSDAQ150,institution,060250,NHN KCP,71873,17074,-54799,960306750,228131950,-732174800,KRX MDCSTAT02401_OUT
weekly,KOSDAQ150,institution,358570,지아이이노베이션,154266,68757,-85509,1398881385,633651470,-765229915,KRX MDCSTAT02401_OUT
weekly,KOSDAQ150,institution,277810,레인보우로보틱스,42205,39854,-2351,18371041750,17597388500,-773653250,KRX MDCSTAT02401_OUT
weekly,KOSDAQ150,institution,388720,유일로보틱스,16242,4975,-11267,1120723000,345965850,-774757150,KRX MDCSTAT02401_OUT
weekly,KOSDAQ150,institution,101490,에스앤에스텍,57457,39230,-18227,2490660600,1704788975,-785871625,KRX MDCSTAT02401_OUT
weekly,KOSDAQ150,institution,161580,필옵틱스,36312,12419,-23893,1203824275,404634850,-799189425,KRX MDCSTAT02401_OUT
weekly,KOSDAQ150,institution,074600,원익QnC,292492,262909,-29583,8391300275,7528416450,-862883825,KRX MDCSTAT02401_OUT
weekly,KOSDAQ150,institution,124500,아이티센글로벌,66184,33250,-32934,1949152725,981444175,-967708550,KRX MDCSTAT02401_OUT
weekly,KOSDAQ150,institution,036620,감성코퍼레이션,370364,103929,-266435,1361119499,384702516,-976416983,KRX MDCSTAT02401_OUT
weekly,KOSDAQ150,institution,278280,천보,38884,6034,-32850,1366987775,214865850,-1152121925,KRX MDCSTAT02401_OUT
weekly,KOSDAQ150,institution,323280,태성,69809,44144,-25665,3304354375,2090667225,-1213687150,KRX MDCSTAT02401_OUT
weekly,KOSDAQ150,institution,237690,에스티팜,87585,73458,-14127,8040600400,6794077950,-1246522450,KRX MDCSTAT02401_OUT
weekly,KOSDAQ150,institution,399720,가온칩스,58562,31424,-27138,2687229400,1439994025,-1247235375,KRX MDCSTAT02401_OUT
weekly,KOSDAQ150,institution,214150,클래시스,99373,57300,-42073,3071836200,1771641100,-1300195100,KRX MDCSTAT02401_OUT
weekly,KOSDAQ150,institution,033500,동성화인텍,90353,9502,-80851,1457110595,155574660,-1301535935,KRX MDCSTAT02401_OUT
weekly,KOSDAQ150,institution,0009K0,에임드바이오,122464,55330,-67134,2650091325,1205405900,-1444685425,KRX MDCSTAT02401_OUT
weekly,KOSDAQ150,institution,052400,코나아이,67043,21244,-45799,2525115875,807270650,-1717845225,KRX MDCSTAT02401_OUT
weekly,KOSDAQ150,institution,014620,성광벤드,197415,138497,-58918,6224474575,4451276525,-1773198050,KRX MDCSTAT02401_OUT
weekly,KOSDAQ150,institution,036930,주성엔지니어링,366957,357247,-9710,75942924000,74122421250,-1820502750,KRX MDCSTAT02401_OUT
weekly,KOSDAQ150,institution,035760,CJ ENM,108483,57730,-50753,4136860725,2207227125,-1929633600,KRX MDCSTAT02401_OUT
weekly,KOSDAQ150,institution,000250,삼천당제약,85331,73186,-12145,13946527550,11975597450,-1970930100,KRX MDCSTAT02401_OUT
weekly,KOSDAQ150,institution,290650,엘앤씨바이오,62143,19574,-42569,2894587725,912799025,-1981788700,KRX MDCSTAT02401_OUT
weekly,KOSDAQ150,institution,068760,셀트리온제약,117798,65008,-52790,4622761025,2549038850,-2073722175,KRX MDCSTAT02401_OUT
weekly,KOSDAQ150,institution,095610,테스,161971,147712,-14259,24685489050,22600830700,-2084658350,KRX MDCSTAT02401_OUT
weekly,KOSDAQ150,institution,204270,제이앤티씨,113935,22919,-91016,2842037475,570437075,-2271600400,KRX MDCSTAT02401_OUT
weekly,KOSDAQ150,institution,006730,서부T&D,416834,203366,-213468,4561229225,2274794335,-2286434890,KRX MDCSTAT02401_OUT
weekly,KOSDAQ150,institution,213420,덕산네오룩스,156476,69234,-87242,4584209275,2027653850,-2556555425,KRX MDCSTAT02401_OUT
weekly,KOSDAQ150,institution,293490,카카오게임즈,427919,144504,-283415,3890611840,1319087760,-2571524080,KRX MDCSTAT02401_OUT
weekly,KOSDAQ150,institution,032820,우리기술,552111,347846,-204265,7301185025,4728387415,-2572797610,KRX MDCSTAT02401_OUT
weekly,KOSDAQ150,institution,403870,HPSP,862662,811110,-51552,47389798250,44476767100,-2913031150,KRX MDCSTAT02401_OUT
weekly,KOSDAQ150,institution,041510,에스엠,164743,128849,-35894,13579893900,10653005100,-2926888800,KRX MDCSTAT02401_OUT
weekly,KOSDAQ150,institution,043260,성호전자,3578999,3458092,-120907,92816253550,89617091450,-3199162100,KRX MDCSTAT02401_OUT
weekly,KOSDAQ150,institution,319400,현대무벡스,298920,145052,-153868,6565421875,3194471500,-3370950375,KRX MDCSTAT02401_OUT
weekly,KOSDAQ150,institution,090360,로보스타,52806,7603,-45203,4143949950,600584700,-3543365250,KRX MDCSTAT02401_OUT
weekly,KOSDAQ150,institution,098460,고영,326630,199753,-126877,9388521775,5725901525,-3662620250,KRX MDCSTAT02401_OUT
weekly,KOSDAQ150,institution,078600,대주전자재료,103099,57904,-45195,9147770000,5287019150,-3860750850,KRX MDCSTAT02401_OUT
weekly,KOSDAQ150,institution,178320,서진시스템,396383,259373,-137010,13326065850,9037950525,-4288115325,KRX MDCSTAT02401_OUT
weekly,KOSDAQ150,institution,122870,와이지엔터테인먼트,245190,122066,-123124,10578452350,5269012525,-5309439825,KRX MDCSTAT02401_OUT
weekly,KOSDAQ150,institution,310210,보로노이,124202,85709,-38493,17940328800,12392420800,-5547908000,KRX MDCSTAT02401_OUT
weekly,KOSDAQ150,institution,039030,이오테크닉스,137808,125520,-12288,65119792500,59468947500,-5650845000,KRX MDCSTAT02401_OUT
weekly,KOSDAQ150,institution,028300,HLB,408489,245253,-163236,13602773750,7757957475,-5844816275,KRX MDCSTAT02401_OUT
weekly,KOSDAQ150,institution,080220,제주반도체,229145,149039,-80106,17316002700,11312537400,-6003465300,KRX MDCSTAT02401_OUT
weekly,KOSDAQ150,institution,141080,리가켐바이오,223133,123223,-99910,18126887800,10037521700,-8089366100,KRX MDCSTAT02401_OUT
weekly,KOSDAQ150,institution,475830,오름테라퓨틱,879335,585636,-293699,23664599225,15374759400,-8289839825,KRX MDCSTAT02401_OUT
weekly,KOSDAQ150,institution,058610,에스피지,148543,62589,-85954,14764413750,6300986350,-8463427400,KRX MDCSTAT02401_OUT
weekly,KOSDAQ150,institution,087010,펩트론,100720,39909,-60811,14876522900,6013997100,-8862525800,KRX MDCSTAT02401_OUT
weekly,KOSDAQ150,institution,347850,디앤디파마텍,351099,133749,-217350,15542771025,5935760550,-9607010475,KRX MDCSTAT02401_OUT
weekly,KOSDAQ150,institution,241710,코스메카코리아,142545,64295,-78250,18120590400,8310091600,-9810498800,KRX MDCSTAT02401_OUT
weekly,KOSDAQ150,institution,196170,알테오젠,315539,275074,-40465,79963309500,69950770500,-10012539000,KRX MDCSTAT02401_OUT
weekly,KOSDAQ150,institution,247540,에코프로비엠,512664,407610,-105054,54302559200,44170353850,-10132205350,KRX MDCSTAT02401_OUT
weekly,KOSDAQ150,institution,145020,휴젤,137850,80258,-57592,27454470150,15552474250,-11901995900,KRX MDCSTAT02401_OUT
weekly,KOSDAQ150,institution,226950,올릭스,378947,253807,-125140,40102698700,27329725450,-12772973250,KRX MDCSTAT02401_OUT
weekly,KOSDAQ150,institution,031980,피에스케이홀딩스,174665,93063,-81602,28631552850,15473337400,-13158215450,KRX MDCSTAT02401_OUT
weekly,KOSDAQ150,institution,089030,테크윙,527260,217721,-309539,25093530350,10516545725,-14576984625,KRX MDCSTAT02401_OUT
weekly,KOSDAQ150,institution,214450,파마리서치,110767,65684,-45083,36066147250,21368095250,-14698052000,KRX MDCSTAT02401_OUT
weekly,KOSDAQ150,institution,222800,심텍,613807,507208,-106599,88865658500,73224584650,-15641073850,KRX MDCSTAT02401_OUT
weekly,KOSDAQ150,institution,083650,비에이치아이,455318,150405,-304913,28187986300,9440909550,-18747076750,KRX MDCSTAT02401_OUT
weekly,KOSDAQ150,institution,086520,에코프로,832467,575431,-257036,67227487200,46644005550,-20583481650,KRX MDCSTAT02401_OUT
weekly,KOSDAQ150,institution,298380,에이비엘바이오,649606,155997,-493609,34240414875,8160264575,-26080150300,KRX MDCSTAT02401_OUT
weekly,KOSDAQ150,institution,036540,SFA반도체,10575252,7408411,-3166841,110758420575,76659089710,-34099330865,KRX MDCSTAT02401_OUT
weekly,KOSDAQ150,institution,257720,실리콘투,1387098,346735,-1040363,55706214400,14082057300,-41624157100,KRX MDCSTAT02401_OUT
weekly,KOSDAQ150,institution,108490,로보티즈,275636,79472,-196164,83290687000,24242287750,-59048399250,KRX MDCSTAT02401_OUT
recent2,KOSPI200,foreign,096770,SK이노베이션,425099,922476,497377,65417562350,141910724400,76493162050,KRX MDCSTAT02401_OUT
recent2,KOSPI200,foreign,006400,삼성SDI,134223,237055,102832,70519261000,124864122500,54344861500,KRX MDCSTAT02401_OUT
recent2,KOSPI200,foreign,373220,LG에너지솔루션,176903,253580,76677,63305426750,91221517500,27916090750,KRX MDCSTAT02401_OUT
recent2,KOSPI200,foreign,024110,기업은행,749132,2002544,1253412,15427392925,41441429025,26014036100,KRX MDCSTAT02401_OUT
recent2,KOSPI200,foreign,003230,삼양식품,28768,45290,16522,35023054000,55072645000,20049591000,KRX MDCSTAT02401_OUT
recent2,KOSPI200,foreign,010950,S-Oil,342722,460197,117475,54687325950,73336845700,18649519750,KRX MDCSTAT02401_OUT
recent2,KOSPI200,foreign,000990,DB하이텍,166557,305199,138642,21676211900,39595169600,17918957700,KRX MDCSTAT02401_OUT
recent2,KOSPI200,foreign,011070,LG이노텍,158951,187700,28749,89910963720,107673463720,17762500000,KRX MDCSTAT02401_OUT
recent2,KOSPI200,foreign,017670,SK텔레콤,261152,458944,197792,22867434400,40256005900,17388571500,KRX MDCSTAT02401_OUT
recent2,KOSPI200,foreign,316140,우리금융지주,1407592,1832857,425265,50537546550,65897640950,15360094400,KRX MDCSTAT02401_OUT
recent2,KOSPI200,foreign,009830,한화솔루션,3095520,3558173,462653,97640712850,112810166525,15169453675,KRX MDCSTAT02401_OUT
recent2,KOSPI200,foreign,042700,한미반도체,247190,307622,60432,59239595000,73855727750,14616132750,KRX MDCSTAT02401_OUT
recent2,KOSPI200,foreign,161890,한국콜마,148717,245734,97017,22026384650,36383254300,14356869650,KRX MDCSTAT02401_OUT
recent2,KOSPI200,foreign,078930,GS,294015,408957,114942,33124381700,45693712900,12569331200,KRX MDCSTAT02401_OUT
recent2,KOSPI200,foreign,138930,BNK금융지주,606354,1375041,768687,9838941080,22367599245,12528658165,KRX MDCSTAT02401_OUT
recent2,KOSPI200,foreign,010060,OCI홀딩스,265735,315324,49589,57195759750,68879807650,11684047900,KRX MDCSTAT02401_OUT
recent2,KOSPI200,foreign,066570,LG전자,506906,554436,47530,107665279750,118914091750,11248812000,KRX MDCSTAT02401_OUT
recent2,KOSPI200,foreign,352820,하이브,219063,282756,63693,34847228100,45142492300,10295264200,KRX MDCSTAT02401_OUT
recent2,KOSPI200,foreign,093370,후성,2182943,2847455,664512,31092718215,40807108665,9714390450,KRX MDCSTAT02401_OUT
recent2,KOSPI200,foreign,001450,현대해상,364790,564284,199494,17656333850,27271033700,9614699850,KRX MDCSTAT02401_OUT
recent2,KOSPI200,foreign,483650,달바글로벌,95710,144912,49202,17561932800,26717961150,9156028350,KRX MDCSTAT02401_OUT
recent2,KOSPI200,foreign,079550,LIG디펜스앤에어로스페이스,42219,55236,13017,29313340500,38343902500,9030562000,KRX MDCSTAT02401_OUT
recent2,KOSPI200,foreign,047050,포스코인터내셔널,174791,330829,156038,9851213300,18761739550,8910526250,KRX MDCSTAT02401_OUT
recent2,KOSPI200,foreign,086280,현대글로비스,165998,210481,44483,32874517750,41726658850,8852141100,KRX MDCSTAT02401_OUT
recent2,KOSPI200,foreign,001040,CJ,82178,146715,64537,10851317550,19454396750,8603079200,KRX MDCSTAT02401_OUT
recent2,KOSPI200,foreign,012330,현대모비스,180399,202395,21996,67146327000,75360559000,8214232000,KRX MDCSTAT02401_OUT
recent2,KOSPI200,foreign,375500,DL이앤씨,205241,296054,90813,16724933550,24099400750,7374467200,KRX MDCSTAT02401_OUT
recent2,KOSPI200,foreign,011200,HMM,392103,712791,320688,8239767175,15054267950,6814500775,KRX MDCSTAT02401_OUT
recent2,KOSPI200,foreign,018260,삼성에스디에스,61763,91961,30198,13581305000,20204164750,6622859750,KRX MDCSTAT02401_OUT
recent2,KOSPI200,foreign,088350,한화생명,783005,1821697,1038692,4460440845,10458011835,5997570990,KRX MDCSTAT02401_OUT
recent2,KOSPI200,foreign,192820,코스맥스,41636,63055,21419,11322895250,17135746250,5812851000,KRX MDCSTAT02401_OUT
recent2,KOSPI200,foreign,051910,LG화학,170701,188240,17539,43923339250,48631818500,4708479250,KRX MDCSTAT02401_OUT
recent2,KOSPI200,foreign,068270,셀트리온,210154,235883,25729,37446110500,42038633800,4592523300,KRX MDCSTAT02401_OUT
recent2,KOSPI200,foreign,361610,SK아이이테크놀로지,221968,476912,254944,3910281030,8365922700,4455641670,KRX MDCSTAT02401_OUT
recent2,KOSPI200,foreign,204320,HL만도,130731,224301,93570,5965155875,10307220250,4342064375,KRX MDCSTAT02401_OUT
recent2,KOSPI200,foreign,029780,삼성카드,67920,168414,100494,2905870925,7247909925,4342039000,KRX MDCSTAT02401_OUT
recent2,KOSPI200,foreign,443060,HD현대마린솔루션,69147,85449,16302,16739530450,20693986450,3954456000,KRX MDCSTAT02401_OUT
recent2,KOSPI200,foreign,139130,iM금융지주,388702,594273,205571,7040397140,10879803625,3839406485,KRX MDCSTAT02401_OUT
recent2,KOSPI200,foreign,032830,삼성생명,378340,391358,13018,111655873920,115487075420,3831201500,KRX MDCSTAT02401_OUT
recent2,KOSPI200,foreign,002380,KCC,15007,22939,7932,7128222750,10917883250,3789660500,KRX MDCSTAT02401_OUT
recent2,KOSPI200,foreign,073240,금호타이어,1260069,1790966,530897,8414820405,12099922480,3685102075,KRX MDCSTAT02401_OUT
recent2,KOSPI200,foreign,097950,CJ제일제당,42121,62440,20319,7470754350,11101150250,3630395900,KRX MDCSTAT02401_OUT
recent2,KOSPI200,foreign,138040,메리츠금융지주,130839,156983,26144,17024806800,20314429400,3289622600,KRX MDCSTAT02401_OUT
recent2,KOSPI200,foreign,032640,LG유플러스,963619,1161748,198129,14147413787,17084978592,2937564805,KRX MDCSTAT02401_OUT
recent2,KOSPI200,foreign,000880,한화,119038,139696,20658,15725707450,18478301300,2752593850,KRX MDCSTAT02401_OUT
recent2,KOSPI200,foreign,033780,KT&G,260550,275739,15189,45615581750,48282173700,2666591950,KRX MDCSTAT02401_OUT
recent2,KOSPI200,foreign,023530,롯데쇼핑,78511,104078,25567,8164694850,10779283800,2614588950,KRX MDCSTAT02401_OUT
recent2,KOSPI200,foreign,120110,코오롱인더,64062,108842,44780,3503367100,5968463000,2465095900,KRX MDCSTAT02401_OUT
recent2,KOSPI200,foreign,006260,LS,61914,69903,7989,19759981000,22173511000,2413530000,KRX MDCSTAT02401_OUT
recent2,KOSPI200,foreign,010120,LS ELECTRIC,226630,238711,12081,46675287250,48982849750,2307562500,KRX MDCSTAT02401_OUT
recent2,KOSPI200,foreign,251270,넷마블,80754,145563,64809,2819483150,5102591650,2283108500,KRX MDCSTAT02401_OUT
recent2,KOSPI200,foreign,004370,농심,12820,18373,5553,5049619750,7229913500,2180293750,KRX MDCSTAT02401_OUT
recent2,KOSPI200,foreign,278470,에이피알,157895,163710,5815,58100698500,60263107000,2162408500,KRX MDCSTAT02401_OUT
recent2,KOSPI200,foreign,062040,산일전기,114878,125445,10567,23443530850,25573874600,2130343750,KRX MDCSTAT02401_OUT
recent2,KOSPI200,foreign,005850,에스엘,71732,113611,41879,3520164650,5598286050,2078121400,KRX MDCSTAT02401_OUT
recent2,KOSPI200,foreign,009420,한올바이오파마,166669,213747,47078,7353869975,9417033800,2063163825,KRX MDCSTAT02401_OUT
recent2,KOSPI200,foreign,329180,HD현대중공업,108672,113290,4618,48045943750,50100737000,2054793250,KRX MDCSTAT02401_OUT
recent2,KOSPI200,foreign,004170,신세계,57829,63716,5887,20143884500,22195595000,2051710500,KRX MDCSTAT02401_OUT
recent2,KOSPI200,foreign,028670,팬오션,1189586,1542705,353119,6739523610,8747919880,2008396270,KRX MDCSTAT02401_OUT
recent2,KOSPI200,foreign,039490,키움증권,62222,69338,7116,16134320250,18075470500,1941150250,KRX MDCSTAT02401_OUT
recent2,KOSPI200,foreign,161390,한국타이어앤테크놀로지,340017,372432,32415,19787162900,21690206450,1903043550,KRX MDCSTAT02401_OUT
recent2,KOSPI200,foreign,071050,한국금융지주,133123,142405,9282,24609210100,26375308400,1766098300,KRX MDCSTAT02401_OUT
recent2,KOSPI200,foreign,011790,SKC,62611,79731,17120,5658584300,7242425700,1583841400,KRX MDCSTAT02401_OUT
recent2,KOSPI200,foreign,007070,GS리테일,108395,176074,67679,2485032000,4032682025,1547650025,KRX MDCSTAT02401_OUT
recent2,KOSPI200,foreign,035720,카카오,953175,990212,37037,32388405150,33748435050,1360029900,KRX MDCSTAT02401_OUT
recent2,KOSPI200,foreign,180640,한진칼,60897,70279,9382,8588732000,9911188150,1322456150,KRX MDCSTAT02401_OUT
recent2,KOSPI200,foreign,298020,효성티앤씨,4593,8666,4073,1432777500,2705587500,1272810000,KRX MDCSTAT02401_OUT
recent2,KOSPI200,foreign,271560,오리온,92709,103612,10903,10250630650,11459082600,1208451950,KRX MDCSTAT02401_OUT
recent2,KOSPI200,foreign,002790,아모레퍼시픽홀딩스,78382,120549,42167,2077460800,3194914475,1117453675,KRX MDCSTAT02401_OUT
recent2,KOSPI200,foreign,011780,금호석유화학,58785,68128,9343,6903704550,8013214250,1109509700,KRX MDCSTAT02401_OUT
recent2,KOSPI200,foreign,285130,SK케미칼,16879,38075,21196,860225750,1933184500,1072958750,KRX MDCSTAT02401_OUT
recent2,KOSPI200,foreign,007340,DN오토모티브,123324,145179,21855,6019360500,7089663050,1070302550,KRX MDCSTAT02401_OUT
recent2,KOSPI200,foreign,018880,한온시스템,1441113,1761129,320016,4726969524,5784718914,1057749390,KRX MDCSTAT02401_OUT
recent2,KOSPI200,foreign,011170,롯데케미칼,109889,124191,14302,6744477650,7603361650,858884000,KRX MDCSTAT02401_OUT
recent2,KOSPI200,foreign,016360,삼성증권,355930,363055,7125,32140905404,32972744104,831838700,KRX MDCSTAT02401_OUT
recent2,KOSPI200,foreign,302440,SK바이오사이언스,43580,66305,22725,1566530850,2390638125,824107275,KRX MDCSTAT02401_OUT
recent2,KOSPI200,foreign,003030,세아제강지주,12260,19864,7604,1276994600,2090050050,813055450,KRX MDCSTAT02401_OUT
recent2,KOSPI200,foreign,450080,에코프로머티,173560,195248,21688,6148857100,6959618225,810761125,KRX MDCSTAT02401_OUT
recent2,KOSPI200,foreign,021240,코웨이,277592,284660,7068,27663030000,28347306850,684276850,KRX MDCSTAT02401_OUT
recent2,KOSPI200,foreign,000210,DL,19140,31255,12115,987289100,1619484800,632195700,KRX MDCSTAT02401_OUT
recent2,KOSPI200,foreign,004000,롯데정밀화학,31833,45144,13311,1387209850,1975064225,587854375,KRX MDCSTAT02401_OUT
recent2,KOSPI200,foreign,185750,종근당,21399,30336,8937,1391685800,1971197250,579511450,KRX MDCSTAT02401_OUT
recent2,KOSPI200,foreign,005300,롯데칠성,12742,18538,5796,1220442850,1776951600,556508750,KRX MDCSTAT02401_OUT
recent2,KOSPI200,foreign,192080,더블유게임즈,28538,38039,9501,1667941500,2221810850,553869350,KRX MDCSTAT02401_OUT
recent2,KOSPI200,foreign,128940,한미약품,54649,55429,780,28118925500,28653237500,534312000,KRX MDCSTAT02401_OUT
recent2,KOSPI200,foreign,006280,녹십자,9002,13162,4160,1112900200,1628388900,515488700,KRX MDCSTAT02401_OUT
recent2,KOSPI200,foreign,011210,현대위아,49035,57287,8252,2611823950,3073289550,461465600,KRX MDCSTAT02401_OUT
recent2,KOSPI200,foreign,000240,한국앤컴퍼니,64322,82469,18147,1594909975,2049808575,454898600,KRX MDCSTAT02401_OUT
recent2,KOSPI200,foreign,300720,한일시멘트,28707,55905,27198,464311045,908596775,444285730,KRX MDCSTAT02401_OUT
recent2,KOSPI200,foreign,000100,유한양행,234585,240301,5716,17439439850,17882238250,442798400,KRX MDCSTAT02401_OUT
recent2,KOSPI200,foreign,280360,롯데웰푸드,10750,14260,3510,1347870850,1784819800,436948950,KRX MDCSTAT02401_OUT
recent2,KOSPI200,foreign,008930,한미사이언스,88290,96445,8155,4616301400,5047782450,431481050,KRX MDCSTAT02401_OUT
recent2,KOSPI200,foreign,000080,하이트진로,59983,88309,28326,901985330,1330171190,428185860,KRX MDCSTAT02401_OUT
recent2,KOSPI200,foreign,017960,한국카본,62334,83327,20993,1272411075,1694242425,421831350,KRX MDCSTAT02401_OUT
recent2,KOSPI200,foreign,377300,카카오페이,86671,96524,9853,3532994450,3953499300,420504850,KRX MDCSTAT02401_OUT
recent2,KOSPI200,foreign,000670,영풍,38938,48605,9667,1673541075,2086119600,412578525,KRX MDCSTAT02401_OUT
recent2,KOSPI200,foreign,298050,HS효성첨단소재,5527,7416,1889,894998100,1208132850,313134750,KRX MDCSTAT02401_OUT
recent2,KOSPI200,foreign,006040,동원산업,30338,37522,7184,1076405500,1331111250,254705750,KRX MDCSTAT02401_OUT
recent2,KOSPI200,foreign,002840,미원상사,563,2205,1642,77057800,302730250,225672450,KRX MDCSTAT02401_OUT
recent2,KOSPI200,foreign,009240,한샘,26104,30599,4495,1045922400,1234933975,189011575,KRX MDCSTAT02401_OUT
recent2,KOSPI200,foreign,003240,태광산업,342,548,206,309601000,496149500,186548500,KRX MDCSTAT02401_OUT
recent2,KOSPI200,foreign,001800,오리온홀딩스,57057,63583,6526,1357358100,1514760425,157402325,KRX MDCSTAT02401_OUT
recent2,KOSPI200,foreign,008730,율촌화학,56092,65366,9274,833290550,975079300,141788750,KRX MDCSTAT02401_OUT
recent2,KOSPI200,foreign,007310,오뚜기,3294,3553,259,1039511750,1125758250,86246500,KRX MDCSTAT02401_OUT
recent2,KOSPI200,foreign,005420,코스모화학,83937,90536,6599,874050415,943997835,69947420,KRX MDCSTAT02401_OUT
recent2,KOSPI200,foreign,026960,동서,29965,31744,1779,766311600,813101800,46790200,KRX MDCSTAT02401_OUT
recent2,KOSPI200,foreign,000810,삼성화재,84258,84182,-76,54910162500,54949543500,39381000,KRX MDCSTAT02401_OUT
recent2,KOSPI200,foreign,009970,영원무역홀딩스,8110,8307,197,1345859500,1378562300,32702800,KRX MDCSTAT02401_OUT
recent2,KOSPI200,foreign,268280,미원에스씨,549,720,171,72644950,94940000,22295050,KRX MDCSTAT02401_OUT
recent2,KOSPI200,foreign,007700,F&F홀딩스,2948,3415,467,39268460,45670695,6402235,KRX MDCSTAT02401_OUT
recent2,KOSPI200,foreign,014820,동원시스템즈,11063,11059,-4,231977975,231483075,-494900,KRX MDCSTAT02401_OUT
recent2,KOSPI200,foreign,137310,에스디바이오센서,108458,101900,-6558,661530540,625625045,-35905495,KRX MDCSTAT02401_OUT
recent2,KOSPI200,foreign,267250,HD현대,208336,207665,-671,43178223000,43136766000,-41457000,KRX MDCSTAT02401_OUT
recent2,KOSPI200,foreign,035250,강원랜드,259575,255231,-4344,3736828350,3673601525,-63226825,KRX MDCSTAT02401_OUT
recent2,KOSPI200,foreign,009540,HD한국조선해양,121369,121239,-130,40491587000,40425459500,-66127500,KRX MDCSTAT02401_OUT
recent2,KOSPI200,foreign,003090,대웅,52557,47628,-4929,836408230,759605815,-76802415,KRX MDCSTAT02401_OUT
recent2,KOSPI200,foreign,004020,현대제철,837370,859792,22422,26993758075,26906637650,-87120425,KRX MDCSTAT02401_OUT
recent2,KOSPI200,foreign,001680,대상,56957,50704,-6253,1028696790,919490795,-109205995,KRX MDCSTAT02401_OUT
recent2,KOSPI200,foreign,047810,한국항공우주,189327,187426,-1901,24339525250,24227326900,-112198350,KRX MDCSTAT02401_OUT
recent2,KOSPI200,foreign,069260,TKG휴켐스,62161,51002,-11159,1034733315,838610510,-196122805,KRX MDCSTAT02401_OUT
recent2,KOSPI200,foreign,030000,제일기획,192034,179021,-13013,3408008685,3181985435,-226023250,KRX MDCSTAT02401_OUT
recent2,KOSPI200,foreign,002030,아세아,2433,1234,-1199,506088500,257495500,-248593000,KRX MDCSTAT02401_OUT
recent2,KOSPI200,foreign,012750,에스원,99844,95388,-4456,8239990031,7873237931,-366752100,KRX MDCSTAT02401_OUT
recent2,KOSPI200,foreign,030200,KT,190126,182820,-7306,10066507188,9682912788,-383594400,KRX MDCSTAT02401_OUT
recent2,KOSPI200,foreign,022100,포스코DX,167824,148211,-19613,3380072465,2989838000,-390234465,KRX MDCSTAT02401_OUT
recent2,KOSPI200,foreign,034220,LG디스플레이,3753768,3683699,-70069,31968511990,31502810650,-465701340,KRX MDCSTAT02401_OUT
recent2,KOSPI200,foreign,081660,미스토홀딩스,138890,125438,-13452,5265594975,4757672475,-507922500,KRX MDCSTAT02401_OUT
recent2,KOSPI200,foreign,004990,롯데지주,94564,71681,-22883,2312346925,1753623600,-558723325,KRX MDCSTAT02401_OUT
recent2,KOSPI200,foreign,000120,CJ대한통운,36893,28497,-8396,2593671750,2006698800,-586972950,KRX MDCSTAT02401_OUT
recent2,KOSPI200,foreign,282330,BGF리테일,44853,40209,-4644,5965983050,5347314700,-618668350,KRX MDCSTAT02401_OUT
recent2,KOSPI200,foreign,069620,대웅제약,13422,7417,-6005,1442697300,799366350,-643330950,KRX MDCSTAT02401_OUT
recent2,KOSPI200,foreign,034230,파라다이스,201832,126325,-75507,1933120230,1210510745,-722609485,KRX MDCSTAT02401_OUT
recent2,KOSPI200,foreign,111770,영원무역,68079,56819,-11260,4805531750,4018976300,-786555450,KRX MDCSTAT02401_OUT
recent2,KOSPI200,foreign,006650,대한유화,41703,32277,-9426,3842219850,2965387550,-876832300,KRX MDCSTAT02401_OUT
recent2,KOSPI200,foreign,010130,고려아연,7574,6760,-814,8385352500,7486931000,-898421500,KRX MDCSTAT02401_OUT
recent2,KOSPI200,foreign,103140,풍산,66089,53347,-12742,5142765650,4168480250,-974285400,KRX MDCSTAT02401_OUT
recent2,KOSPI200,foreign,003490,대한항공,2510989,2475860,-35129,78947092575,77942543500,-1004549075,KRX MDCSTAT02401_OUT
recent2,KOSPI200,foreign,241560,두산밥캣,218041,200186,-17855,12646515100,11631470900,-1015044200,KRX MDCSTAT02401_OUT
recent2,KOSPI200,foreign,071320,지역난방공사,25108,11923,-13185,1973593100,940463600,-1033129500,KRX MDCSTAT02401_OUT
recent2,KOSPI200,foreign,457190,이수스페셜티케미컬,76455,59870,-16585,4950844050,3890296550,-1060547500,KRX MDCSTAT02401_OUT
recent2,KOSPI200,foreign,259960,크래프톤,88120,82596,-5524,17641478912,16565357862,-1076121050,KRX MDCSTAT02401_OUT
recent2,KOSPI200,foreign,051600,한전KPS,71131,46630,-24501,3272256550,2149325550,-1122931000,KRX MDCSTAT02401_OUT
recent2,KOSPI200,foreign,066970,엘앤에프,236580,222697,-13883,26437231900,25272362100,-1164869800,KRX MDCSTAT02401_OUT
recent2,KOSPI200,foreign,069960,현대백화점,121177,108784,-12393,11472568800,10218115300,-1254453500,KRX MDCSTAT02401_OUT
recent2,KOSPI200,foreign,017800,현대엘리베이터,77407,59485,-17922,5709298400,4387457650,-1321840750,KRX MDCSTAT02401_OUT
recent2,KOSPI200,foreign,008770,호텔신라,104859,66341,-38518,4222614550,2674484000,-1548130550,KRX MDCSTAT02401_OUT
recent2,KOSPI200,foreign,207940,삼성바이오로직스,50528,49301,-1227,69815386668,68204746168,-1610640500,KRX MDCSTAT02401_OUT
recent2,KOSPI200,foreign,036570,NC,80785,72267,-8518,17320139500,15511873500,-1808266000,KRX MDCSTAT02401_OUT
recent2,KOSPI200,foreign,112610,씨에스윈드,228133,190978,-37155,11700888700,9845292350,-1855596350,KRX MDCSTAT02401_OUT
recent2,KOSPI200,foreign,003550,LG,214378,197495,-16883,24343901100,22393390500,-1950510600,KRX MDCSTAT02401_OUT
recent2,KOSPI200,foreign,0126Z0,삼성에피스홀딩스,28005,22024,-5981,9316427250,7346779500,-1969647750,KRX MDCSTAT02401_OUT
recent2,KOSPI200,foreign,051900,LG생활건강,58694,51377,-7317,17176635250,15068348000,-2108287250,KRX MDCSTAT02401_OUT
recent2,KOSPI200,foreign,090430,아모레퍼시픽,200045,184709,-15336,28544771000,26372676400,-2172094600,KRX MDCSTAT02401_OUT
recent2,KOSPI200,foreign,005830,DB손해보험,215393,203605,-11788,40204846550,37913236250,-2291610300,KRX MDCSTAT02401_OUT
recent2,KOSPI200,foreign,175330,JB금융지주,375967,291906,-84061,11556183075,8988715550,-2567467525,KRX MDCSTAT02401_OUT
recent2,KOSPI200,foreign,326030,SK바이오팜,100363,61846,-38517,7639074650,4708802600,-2930272050,KRX MDCSTAT02401_OUT
recent2,KOSPI200,foreign,005490,POSCO홀딩스,141068,131460,-9608,44229545500,41261546500,-2967999000,KRX MDCSTAT02401_OUT
recent2,KOSPI200,foreign,005940,NH투자증권,457031,343691,-113340,11927155225,8956042350,-2971112875,KRX MDCSTAT02401_OUT
recent2,KOSPI200,foreign,036460,한국가스공사,179393,92066,-87327,6404727975,3265971925,-3138756050,KRX MDCSTAT02401_OUT
recent2,KOSPI200,foreign,001430,세아베스틸지주,141541,64610,-76931,6408113000,2945532650,-3462580350,KRX MDCSTAT02401_OUT
recent2,KOSPI200,foreign,323410,카카오뱅크,1049196,870029,-179167,21115143260,17596173300,-3518969960,KRX MDCSTAT02401_OUT
recent2,KOSPI200,foreign,139480,이마트,109253,53695,-55558,7839384250,3859020700,-3980363550,KRX MDCSTAT02401_OUT
recent2,KOSPI200,foreign,071970,HD현대마린엔진,134900,51894,-83006,6612108825,2548067950,-4064040875,KRX MDCSTAT02401_OUT
recent2,KOSPI200,foreign,047040,대우건설,5819027,5415304,-403723,104808992725,100606915585,-4202077140,KRX MDCSTAT02401_OUT
recent2,KOSPI200,foreign,015760,한국전력,811870,665274,-146596,24764193575,20365448150,-4398745425,KRX MDCSTAT02401_OUT
recent2,KOSPI200,foreign,307950,현대오토에버,27691,14895,-12796,10511977250,5660492500,-4851484750,KRX MDCSTAT02401_OUT
recent2,KOSPI200,foreign,064350,현대로템,334616,286536,-48080,38949535850,33384247950,-5565287900,KRX MDCSTAT02401_OUT
recent2,KOSPI200,foreign,082740,한화엔진,367174,250312,-116862,17627073725,12043296300,-5583777425,KRX MDCSTAT02401_OUT
recent2,KOSPI200,foreign,000720,현대건설,518355,472990,-45365,64060929200,58396288550,-5664640650,KRX MDCSTAT02401_OUT
recent2,KOSPI200,foreign,014680,한솔케미칼,58632,28906,-29726,13813817000,6809479750,-7004337250,KRX MDCSTAT02401_OUT
recent2,KOSPI200,foreign,007660,이수페타시스,686984,620878,-66106,79641316300,72513698600,-7127617700,KRX MDCSTAT02401_OUT
recent2,KOSPI200,foreign,454910,두산로보틱스,179547,68394,-111153,12599666600,4817262850,-7782403750,KRX MDCSTAT02401_OUT
recent2,KOSPI200,foreign,006800,미래에셋증권,593133,342138,-250995,19049434600,10963792800,-8085641800,KRX MDCSTAT02401_OUT
recent2,KOSPI200,foreign,064400,LG씨엔에스,317917,199330,-118587,22293871950,14097880000,-8195991950,KRX MDCSTAT02401_OUT
recent2,KOSPI200,foreign,000270,기아,1247825,1157315,-90510,145506298150,134984691500,-10521606650,KRX MDCSTAT02401_OUT
recent2,KOSPI200,foreign,086790,하나금융지주,840998,750833,-90165,112477807770,100571588820,-11906218950,KRX MDCSTAT02401_OUT
recent2,KOSPI200,foreign,052690,한전기술,201308,97882,-103426,26351521750,12729262850,-13622258900,KRX MDCSTAT02401_OUT
recent2,KOSPI200,foreign,267270,HD건설기계,303353,158173,-145180,39686824000,20584001150,-19102822850,KRX MDCSTAT02401_OUT
recent2,KOSPI200,foreign,003670,포스코퓨처엠,422871,311753,-111118,77525171000,57633897250,-19891273750,KRX MDCSTAT02401_OUT
recent2,KOSPI200,foreign,272210,한화시스템,792949,507729,-285220,58702506400,37559697450,-21142808950,KRX MDCSTAT02401_OUT
recent2,KOSPI200,foreign,012450,한화에어로스페이스,173773,151057,-22716,179147773000,155995710500,-23152062500,KRX MDCSTAT02401_OUT
recent2,KOSPI200,foreign,034730,SK,158027,118243,-39784,93566603500,70381342500,-23185261000,KRX MDCSTAT02401_OUT
recent2,KOSPI200,foreign,028050,삼성E&A,1826786,1312318,-514468,90374004125,65105608450,-25268395675,KRX MDCSTAT02401_OUT
recent2,KOSPI200,foreign,042660,한화오션,629317,301174,-328143,50432132350,24180933050,-26251199300,KRX MDCSTAT02401_OUT
recent2,KOSPI200,foreign,035420,NAVER,608421,471968,-136453,119663601700,93240207350,-26423394350,KRX MDCSTAT02401_OUT
recent2,KOSPI200,foreign,000150,두산,86851,67480,-19371,127450592384,99523405384,-27927187000,KRX MDCSTAT02401_OUT
recent2,KOSPI200,foreign,298040,효성중공업,36188,25375,-10813,102258534000,72125413000,-30133121000,KRX MDCSTAT02401_OUT
recent2,KOSPI200,foreign,267260,HD현대일렉트릭,114846,71583,-43263,80471551000,50138775500,-30332775500,KRX MDCSTAT02401_OUT
recent2,KOSPI200,foreign,028260,삼성물산,489109,396769,-92340,172789614596,141119717346,-31669897250,KRX MDCSTAT02401_OUT
recent2,KOSPI200,foreign,010140,삼성중공업,2686094,1108734,-1577360,54379683133,22450034258,-31929648875,KRX MDCSTAT02401_OUT
recent2,KOSPI200,foreign,105560,KB금융,903653,714633,-189020,156970302900,124126921400,-32843381500,KRX MDCSTAT02401_OUT
recent2,KOSPI200,foreign,055550,신한지주,1181921,859657,-322264,130556454500,94932938950,-35623515550,KRX MDCSTAT02401_OUT
recent2,KOSPI200,foreign,001440,대한전선,2177997,527192,-1650805,67170133825,16213227000,-50956906825,KRX MDCSTAT02401_OUT
recent2,KOSPI200,foreign,402340,SK스퀘어,1176660,1127911,-48749,1354442420299,1303246867799,-51195552500,KRX MDCSTAT02401_OUT
recent2,KOSPI200,foreign,005380,현대차,567706,397874,-169832,201880751750,141341407750,-60539344000,KRX MDCSTAT02401_OUT
recent2,KOSPI200,foreign,005930,삼성전자,14313930,13824612,-489318,3985293625210,3897511184960,-87782440250,KRX MDCSTAT02401_OUT
recent2,KOSPI200,foreign,034020,두산에너빌리티,2671650,968605,-1703045,219441633050,79502402950,-139939230100,KRX MDCSTAT02401_OUT
recent2,KOSPI200,foreign,009150,삼성전기,415861,283030,-132831,626792906500,429234610000,-197558296500,KRX MDCSTAT02401_OUT
recent2,KOSPI200,foreign,000660,SK하이닉스,3330422,1702898,-1627524,6068352349660,3117789027660,-2950563322000,KRX MDCSTAT02401_OUT
recent2,KOSPI200,institution,009150,삼성전기,317768,371354,53586,480042507500,562683955500,82641448000,KRX MDCSTAT02401_OUT
recent2,KOSPI200,institution,096770,SK이노베이션,457492,747641,290149,70190058800,114675458300,44485399500,KRX MDCSTAT02401_OUT
recent2,KOSPI200,institution,009830,한화솔루션,575853,1952229,1376376,18288325900,61427859200,43139533300,KRX MDCSTAT02401_OUT
recent2,KOSPI200,institution,011070,LG이노텍,98503,167090,68587,56214233000,96062013500,39847780500,KRX MDCSTAT02401_OUT
recent2,KOSPI200,institution,034730,SK,70122,128760,58638,41364620500,76363516500,34998896000,KRX MDCSTAT02401_OUT
recent2,KOSPI200,institution,105560,KB금융,467394,657191,189797,81236604850,114313574500,33076969650,KRX MDCSTAT02401_OUT
recent2,KOSPI200,institution,003490,대한항공,1257095,2181071,923976,39521202725,68600040650,29078837925,KRX MDCSTAT02401_OUT
recent2,KOSPI200,institution,373220,LG에너지솔루션,143738,214338,70600,51465813250,77082950250,25617137000,KRX MDCSTAT02401_OUT
recent2,KOSPI200,institution,055550,신한지주,533000,739633,206633,58883737400,81851109150,22967371750,KRX MDCSTAT02401_OUT
recent2,KOSPI200,institution,010060,OCI홀딩스,116646,188588,71942,25661230450,40840062950,15178832500,KRX MDCSTAT02401_OUT
recent2,KOSPI200,institution,010950,S-Oil,145180,222409,77229,23073402600,35595291850,12521889250,KRX MDCSTAT02401_OUT
recent2,KOSPI200,institution,042700,한미반도체,164434,209237,44803,39276163500,50283911750,11007748250,KRX MDCSTAT02401_OUT
recent2,KOSPI200,institution,014680,한솔케미칼,21575,64880,43305,5089300000,15317289750,10227989750,KRX MDCSTAT02401_OUT
recent2,KOSPI200,institution,278470,에이피알,54578,81890,27312,20039728500,30181187000,10141458500,KRX MDCSTAT02401_OUT
recent2,KOSPI200,institution,066570,LG전자,201924,248484,46560,43115709750,53071499250,9955789500,KRX MDCSTAT02401_OUT
recent2,KOSPI200,institution,028050,삼성E&A,406752,598116,191364,20090178300,29591234175,9501055875,KRX MDCSTAT02401_OUT
recent2,KOSPI200,institution,128940,한미약품,46062,63392,17330,23585954500,32758006250,9172051750,KRX MDCSTAT02401_OUT
recent2,KOSPI200,institution,066970,엘앤에프,190208,265889,75681,21262583200,29969068000,8706484800,KRX MDCSTAT02401_OUT
recent2,KOSPI200,institution,003670,포스코퓨처엠,206829,250019,43190,38243239800,46206734350,7963494550,KRX MDCSTAT02401_OUT
recent2,KOSPI200,institution,138040,메리츠금융지주,149399,202187,52788,19182174750,26278122500,7095947750,KRX MDCSTAT02401_OUT
recent2,KOSPI200,institution,000150,두산,31316,35905,4589,45791387000,52877986000,7086599000,KRX MDCSTAT02401_OUT
recent2,KOSPI200,institution,090430,아모레퍼시픽,44696,94281,49585,6375242550,13456469550,7081227000,KRX MDCSTAT02401_OUT
recent2,KOSPI200,institution,112610,씨에스윈드,61771,186459,124688,3184908375,9677677725,6492769350,KRX MDCSTAT02401_OUT
recent2,KOSPI200,institution,016360,삼성증권,133672,203271,69599,12096397100,18515084500,6418687400,KRX MDCSTAT02401_OUT
recent2,KOSPI200,institution,361610,SK아이이테크놀로지,90225,428450,338225,1593342490,7560703765,5967361275,KRX MDCSTAT02401_OUT
recent2,KOSPI200,institution,007660,이수페타시스,292692,334554,41862,33834632750,39125877100,5291244350,KRX MDCSTAT02401_OUT
recent2,KOSPI200,institution,086790,하나금융지주,358109,391981,33872,47941299950,52442008100,4500708150,KRX MDCSTAT02401_OUT
recent2,KOSPI200,institution,005830,DB손해보험,77017,98337,21320,14375331300,18496980300,4121649000,KRX MDCSTAT02401_OUT
recent2,KOSPI200,institution,036460,한국가스공사,43191,154152,110961,1532053825,5509632675,3977578850,KRX MDCSTAT02401_OUT
recent2,KOSPI200,institution,175330,JB금융지주,200746,327156,126410,6141351700,10029167600,3887815900,KRX MDCSTAT02401_OUT
recent2,KOSPI200,institution,006260,LS,39712,51377,11665,12701757500,16464282250,3762524750,KRX MDCSTAT02401_OUT
recent2,KOSPI200,institution,051910,LG화학,85930,98692,12762,22127884500,25509878250,3381993750,KRX MDCSTAT02401_OUT
recent2,KOSPI200,institution,272210,한화시스템,274585,309246,34661,20291175800,22954493000,2663317200,KRX MDCSTAT02401_OUT
recent2,KOSPI200,institution,000810,삼성화재,30325,34318,3993,19779905000,22372502000,2592597000,KRX MDCSTAT02401_OUT
recent2,KOSPI200,institution,008930,한미사이언스,33135,71524,38389,1730744200,3743547800,2012803600,KRX MDCSTAT02401_OUT
recent2,KOSPI200,institution,051900,LG생활건강,21601,28229,6628,6335493000,8280537000,1945044000,KRX MDCSTAT02401_OUT
recent2,KOSPI200,institution,001430,세아베스틸지주,59137,100695,41558,2683257600,4563502375,1880244775,KRX MDCSTAT02401_OUT
recent2,KOSPI200,institution,377300,카카오페이,53131,90676,37545,2160994350,3716354600,1555360250,KRX MDCSTAT02401_OUT
recent2,KOSPI200,institution,097950,CJ제일제당,28237,36931,8694,5005911300,6540040950,1534129650,KRX MDCSTAT02401_OUT
recent2,KOSPI200,institution,035720,카카오,441924,483228,41304,15006454900,16491700525,1485245625,KRX MDCSTAT02401_OUT
recent2,KOSPI200,institution,005940,NH투자증권,206137,262087,55950,5366120025,6844002900,1477882875,KRX MDCSTAT02401_OUT
recent2,KOSPI200,institution,032640,LG유플러스,271729,369943,98214,3996002675,5434335990,1438333315,KRX MDCSTAT02401_OUT
recent2,KOSPI200,institution,007340,DN오토모티브,84186,107563,23377,4134470025,5314432425,1179962400,KRX MDCSTAT02401_OUT
recent2,KOSPI200,institution,307950,현대오토에버,9429,12342,2913,3566063000,4683459250,1117396250,KRX MDCSTAT02401_OUT
recent2,KOSPI200,institution,009240,한샘,5958,30800,24842,239343350,1235173375,995830025,KRX MDCSTAT02401_OUT
recent2,KOSPI200,institution,180640,한진칼,32732,39268,6536,4611077500,5548946400,937868900,KRX MDCSTAT02401_OUT
recent2,KOSPI200,institution,000670,영풍,21270,42440,21170,915147800,1828445200,913297400,KRX MDCSTAT02401_OUT
recent2,KOSPI200,institution,323410,카카오뱅크,363429,401071,37642,7319346180,8099195650,779849470,KRX MDCSTAT02401_OUT
recent2,KOSPI200,institution,282330,BGF리테일,17708,23411,5703,2354199400,3115586150,761386750,KRX MDCSTAT02401_OUT
recent2,KOSPI200,institution,004370,농심,7029,8930,1901,2763217750,3514882000,751664250,KRX MDCSTAT02401_OUT
recent2,KOSPI200,institution,402340,SK스퀘어,317109,314407,-2702,361481442000,362150232500,668790500,KRX MDCSTAT02401_OUT
recent2,KOSPI200,institution,004990,롯데지주,41422,67663,26241,1012465425,1655478900,643013475,KRX MDCSTAT02401_OUT
recent2,KOSPI200,institution,139480,이마트,19195,28078,8883,1378308700,2019110050,640801350,KRX MDCSTAT02401_OUT
recent2,KOSPI200,institution,011200,HMM,232163,259656,27493,4887646650,5486071400,598424750,KRX MDCSTAT02401_OUT
recent2,KOSPI200,institution,011790,SKC,51643,57488,5845,4669106300,5208885300,539779000,KRX MDCSTAT02401_OUT
recent2,KOSPI200,institution,039490,키움증권,37382,38859,1477,9730972000,10232007250,501035250,KRX MDCSTAT02401_OUT
recent2,KOSPI200,institution,032830,삼성생명,124514,125743,1229,36608942000,37102655250,493713250,KRX MDCSTAT02401_OUT
recent2,KOSPI200,institution,267250,HD현대,56070,57891,1821,11641104500,12046420250,405315750,KRX MDCSTAT02401_OUT
recent2,KOSPI200,institution,259960,크래프톤,27006,28696,1690,5401090300,5755998000,354907700,KRX MDCSTAT02401_OUT
recent2,KOSPI200,institution,024110,기업은행,297657,314347,16690,6150298425,6476359650,326061225,KRX MDCSTAT02401_OUT
recent2,KOSPI200,institution,001680,대상,27831,45283,17452,503017715,822589260,319571545,KRX MDCSTAT02401_OUT
recent2,KOSPI200,institution,012750,에스원,30043,33902,3859,2481971550,2800666100,318694550,KRX MDCSTAT02401_OUT
recent2,KOSPI200,institution,073240,금호타이어,203147,247378,44231,1352927225,1665738445,312811220,KRX MDCSTAT02401_OUT
recent2,KOSPI200,institution,316140,우리금융지주,901716,910405,8689,32396247125,32662935350,266688225,KRX MDCSTAT02401_OUT
recent2,KOSPI200,institution,005420,코스모화학,29754,50025,20271,309168595,520383265,211214670,KRX MDCSTAT02401_OUT
recent2,KOSPI200,institution,000240,한국앤컴퍼니,46570,54577,8007,1158416000,1356080075,197664075,KRX MDCSTAT02401_OUT
recent2,KOSPI200,institution,034230,파라다이스,53168,69745,16577,508844475,670517205,161672730,KRX MDCSTAT02401_OUT
recent2,KOSPI200,institution,002030,아세아,1019,1672,653,211865000,349246500,137381500,KRX MDCSTAT02401_OUT
recent2,KOSPI200,institution,298050,HS효성첨단소재,3411,4218,807,552365550,687801750,135436200,KRX MDCSTAT02401_OUT
recent2,KOSPI200,institution,068270,셀트리온,192464,192861,397,34281295450,34415225900,133930450,KRX MDCSTAT02401_OUT
recent2,KOSPI200,institution,069260,TKG휴켐스,22076,30253,8177,358784740,491534680,132749940,KRX MDCSTAT02401_OUT
recent2,KOSPI200,institution,071320,지역난방공사,3611,4869,1258,283239550,382575400,99335850,KRX MDCSTAT02401_OUT
recent2,KOSPI200,institution,000080,하이트진로,36196,41950,5754,544046245,630987275,86941030,KRX MDCSTAT02401_OUT
recent2,KOSPI200,institution,008730,율촌화학,14659,20129,5470,218152180,300136875,81984695,KRX MDCSTAT02401_OUT
recent2,KOSPI200,institution,483650,달바글로벌,33956,34228,272,6226867450,6288393300,61525850,KRX MDCSTAT02401_OUT
recent2,KOSPI200,institution,007310,오뚜기,1362,1547,185,429657000,489709250,60052250,KRX MDCSTAT02401_OUT
recent2,KOSPI200,institution,268280,미원에스씨,725,1031,306,95621600,136595550,40973950,KRX MDCSTAT02401_OUT
recent2,KOSPI200,institution,081660,미스토홀딩스,69941,70846,905,2643992100,2684042125,40050025,KRX MDCSTAT02401_OUT
recent2,KOSPI200,institution,002840,미원상사,686,869,183,93858650,119265100,25406450,KRX MDCSTAT02401_OUT
recent2,KOSPI200,institution,137310,에스디바이오센서,35095,38021,2926,213458915,231959600,18500685,KRX MDCSTAT02401_OUT
recent2,KOSPI200,institution,014820,동원시스템즈,12384,12627,243,259008700,265490250,6481550,KRX MDCSTAT02401_OUT
recent2,KOSPI200,institution,007700,F&F홀딩스,2316,1058,-1258,30820640,14121300,-16699340,KRX MDCSTAT02401_OUT
recent2,KOSPI200,institution,069620,대웅제약,7357,7064,-293,790298200,761768550,-28529650,KRX MDCSTAT02401_OUT
recent2,KOSPI200,institution,005300,롯데칠성,4444,4099,-345,425738150,392599850,-33138300,KRX MDCSTAT02401_OUT
recent2,KOSPI200,institution,003240,태광산업,485,430,-55,438724500,389653000,-49071500,KRX MDCSTAT02401_OUT
recent2,KOSPI200,institution,017800,현대엘리베이터,41354,40491,-863,3047683800,2988460050,-59223750,KRX MDCSTAT02401_OUT
recent2,KOSPI200,institution,051600,한전KPS,38283,36419,-1864,1761545025,1680389325,-81155700,KRX MDCSTAT02401_OUT
recent2,KOSPI200,institution,003550,LG,81946,80414,-1532,9297662950,9172605850,-125057100,KRX MDCSTAT02401_OUT
recent2,KOSPI200,institution,300720,한일시멘트,34453,26303,-8150,558783005,426515845,-132267160,KRX MDCSTAT02401_OUT
recent2,KOSPI200,institution,026960,동서,35044,29335,-5709,894097950,749274000,-144823950,KRX MDCSTAT02401_OUT
recent2,KOSPI200,institution,001800,오리온홀딩스,35208,29073,-6135,838149000,692868650,-145280350,KRX MDCSTAT02401_OUT
recent2,KOSPI200,institution,003090,대웅,46414,37046,-9368,738559515,591051445,-147508070,KRX MDCSTAT02401_OUT
recent2,KOSPI200,institution,185750,종근당,8391,5751,-2640,544301200,373969000,-170332200,KRX MDCSTAT02401_OUT
recent2,KOSPI200,institution,009970,영원무역홀딩스,5242,4131,-1111,867059150,686399000,-180660150,KRX MDCSTAT02401_OUT
recent2,KOSPI200,institution,021240,코웨이,80421,78250,-2171,8001783850,7816624350,-185159500,KRX MDCSTAT02401_OUT
recent2,KOSPI200,institution,103140,풍산,38632,35817,-2815,3001440350,2804502800,-196937550,KRX MDCSTAT02401_OUT
recent2,KOSPI200,institution,111770,영원무역,24633,21682,-2951,1732288100,1532891800,-199396300,KRX MDCSTAT02401_OUT
recent2,KOSPI200,institution,006040,동원산업,15852,9911,-5941,557843025,352540300,-205302725,KRX MDCSTAT02401_OUT
recent2,KOSPI200,institution,280360,롯데웰푸드,10505,8244,-2261,1315558150,1034683550,-280874600,KRX MDCSTAT02401_OUT
recent2,KOSPI200,institution,030000,제일기획,129593,112733,-16860,2302632610,2001070370,-301562240,KRX MDCSTAT02401_OUT
recent2,KOSPI200,institution,000210,DL,32009,25885,-6124,1653514050,1341324750,-312189300,KRX MDCSTAT02401_OUT
recent2,KOSPI200,institution,192080,더블유게임즈,27999,22089,-5910,1632179650,1291790200,-340389450,KRX MDCSTAT02401_OUT
recent2,KOSPI200,institution,000880,한화,23158,20361,-2797,3060446650,2691293650,-369153000,KRX MDCSTAT02401_OUT
recent2,KOSPI200,institution,138930,BNK금융지주,278634,255199,-23435,4522928010,4146646110,-376281900,KRX MDCSTAT02401_OUT
recent2,KOSPI200,institution,002790,아모레퍼시픽홀딩스,37379,22651,-14728,989631500,599610200,-390021300,KRX MDCSTAT02401_OUT
recent2,KOSPI200,institution,022100,포스코DX,92669,72366,-20303,1865529935,1464664370,-400865565,KRX MDCSTAT02401_OUT
recent2,KOSPI200,institution,006280,녹십자,10762,7436,-3326,1328632200,919432650,-409199550,KRX MDCSTAT02401_OUT
recent2,KOSPI200,institution,285130,SK케미칼,25910,17295,-8615,1300685875,874076125,-426609750,KRX MDCSTAT02401_OUT
recent2,KOSPI200,institution,302440,SK바이오사이언스,41912,29930,-11982,1506968700,1080036125,-426932575,KRX MDCSTAT02401_OUT
recent2,KOSPI200,institution,251270,넷마블,67130,54896,-12234,2348367700,1918964850,-429402850,KRX MDCSTAT02401_OUT
recent2,KOSPI200,institution,011210,현대위아,20828,12586,-8242,1109875200,671301550,-438573650,KRX MDCSTAT02401_OUT
recent2,KOSPI200,institution,457190,이수스페셜티케미컬,40877,33486,-7391,2645711700,2168822800,-476888900,KRX MDCSTAT02401_OUT
recent2,KOSPI200,institution,192820,코스맥스,37249,35391,-1858,10128885250,9643207000,-485678250,KRX MDCSTAT02401_OUT
recent2,KOSPI200,institution,004000,롯데정밀화학,30962,17333,-13629,1345445375,758576900,-586868475,KRX MDCSTAT02401_OUT
recent2,KOSPI200,institution,047810,한국항공우주,95903,91401,-4502,12361642550,11772638700,-589003850,KRX MDCSTAT02401_OUT
recent2,KOSPI200,institution,035250,강원랜드,166089,124417,-41672,2388079765,1790121610,-597958155,KRX MDCSTAT02401_OUT
recent2,KOSPI200,institution,326030,SK바이오팜,33999,25052,-8947,2586272850,1911252300,-675020550,KRX MDCSTAT02401_OUT
recent2,KOSPI200,institution,030200,KT,236199,223006,-13193,12489292650,11806955950,-682336700,KRX MDCSTAT02401_OUT
recent2,KOSPI200,institution,298020,효성티앤씨,4441,2124,-2317,1381989250,663948250,-718041000,KRX MDCSTAT02401_OUT
recent2,KOSPI200,institution,450080,에코프로머티,154911,133107,-21804,5475878000,4725069575,-750808425,KRX MDCSTAT02401_OUT
recent2,KOSPI200,institution,139130,iM금융지주,251497,206162,-45335,4574684940,3760022325,-814662615,KRX MDCSTAT02401_OUT
recent2,KOSPI200,institution,002380,KCC,8617,6413,-2204,4098097250,3054214750,-1043882500,KRX MDCSTAT02401_OUT
recent2,KOSPI200,institution,000120,CJ대한통운,25799,9672,-16127,1814015000,681736750,-1132278250,KRX MDCSTAT02401_OUT
recent2,KOSPI200,institution,017960,한국카본,80645,23733,-56912,1633941975,484407900,-1149534075,KRX MDCSTAT02401_OUT
recent2,KOSPI200,institution,018880,한온시스템,960849,603923,-356926,3134145280,1977805349,-1156339931,KRX MDCSTAT02401_OUT
recent2,KOSPI200,institution,443060,HD현대마린솔루션,23293,17666,-5627,5631211250,4289708000,-1341503250,KRX MDCSTAT02401_OUT
recent2,KOSPI200,institution,271560,오리온,39300,26784,-12516,4347337750,2970716000,-1376621750,KRX MDCSTAT02401_OUT
recent2,KOSPI200,institution,008770,호텔신라,69523,31478,-38045,2796291000,1270656375,-1525634625,KRX MDCSTAT02401_OUT
recent2,KOSPI200,institution,204320,HL만도,72038,37540,-34498,3290466775,1728493325,-1561973450,KRX MDCSTAT02401_OUT
recent2,KOSPI200,institution,011170,롯데케미칼,109085,82160,-26925,6665007500,5088790750,-1576216750,KRX MDCSTAT02401_OUT
recent2,KOSPI200,institution,088350,한화생명,1152238,869334,-282904,6558355630,4972633270,-1585722360,KRX MDCSTAT02401_OUT
recent2,KOSPI200,institution,000100,유한양행,98995,77422,-21573,7371697600,5761408150,-1610289450,KRX MDCSTAT02401_OUT
recent2,KOSPI200,institution,003030,세아제강지주,29180,13062,-16118,3028463550,1366910250,-1661553300,KRX MDCSTAT02401_OUT
recent2,KOSPI200,institution,352820,하이브,122076,110288,-11788,19373039600,17694935400,-1678104200,KRX MDCSTAT02401_OUT
recent2,KOSPI200,institution,005850,에스엘,69719,34075,-35644,3400183150,1693439500,-1706743650,KRX MDCSTAT02401_OUT
recent2,KOSPI200,institution,006800,미래에셋증권,440929,385871,-55058,14134610450,12405334850,-1729275600,KRX MDCSTAT02401_OUT
recent2,KOSPI200,institution,006650,대한유화,25371,6285,-19086,2324617950,575312800,-1749305150,KRX MDCSTAT02401_OUT
recent2,KOSPI200,institution,064350,현대로템,160331,144820,-15511,18681527200,16919387100,-1762140100,KRX MDCSTAT02401_OUT
recent2,KOSPI200,institution,241560,두산밥캣,73631,41427,-32204,4268662300,2407820550,-1860841750,KRX MDCSTAT02401_OUT
recent2,KOSPI200,institution,454910,두산로보틱스,63900,35507,-28393,4475510350,2502588000,-1972922350,KRX MDCSTAT02401_OUT
recent2,KOSPI200,institution,007070,GS리테일,126871,37495,-89376,2904292200,860596625,-2043695575,KRX MDCSTAT02401_OUT
recent2,KOSPI200,institution,011780,금호석유화학,30441,12742,-17699,3574583250,1499302600,-2075280650,KRX MDCSTAT02401_OUT
recent2,KOSPI200,institution,120110,코오롱인더,79682,40008,-39674,4329769950,2201379500,-2128390450,KRX MDCSTAT02401_OUT
recent2,KOSPI200,institution,036570,NC,46424,36255,-10169,9919003750,7783698250,-2135305500,KRX MDCSTAT02401_OUT
recent2,KOSPI200,institution,0126Z0,삼성에피스홀딩스,10835,4283,-6552,3587818750,1431526500,-2156292250,KRX MDCSTAT02401_OUT
recent2,KOSPI200,institution,010130,고려아연,9306,7191,-2115,10293787500,7974639000,-2319148500,KRX MDCSTAT02401_OUT
recent2,KOSPI200,institution,161390,한국타이어앤테크놀로지,106960,64970,-41990,6165971150,3785075200,-2380895950,KRX MDCSTAT02401_OUT
recent2,KOSPI200,institution,034220,LG디스플레이,516952,236686,-280266,4407586255,2025625770,-2381960485,KRX MDCSTAT02401_OUT
recent2,KOSPI200,institution,161890,한국콜마,76858,58680,-18178,11392989050,8706032850,-2686956200,KRX MDCSTAT02401_OUT
recent2,KOSPI200,institution,028670,팬오션,981516,478775,-502741,5547794785,2714661500,-2833133285,KRX MDCSTAT02401_OUT
recent2,KOSPI200,institution,064400,LG씨엔에스,112673,62157,-50516,7900706750,4386600350,-3514106400,KRX MDCSTAT02401_OUT
recent2,KOSPI200,institution,071970,HD현대마린엔진,105398,25995,-79403,5157125775,1273962375,-3883163400,KRX MDCSTAT02401_OUT
recent2,KOSPI200,institution,001040,CJ,61185,31759,-29426,8094960650,4182655550,-3912305100,KRX MDCSTAT02401_OUT
recent2,KOSPI200,institution,071050,한국금융지주,116621,92363,-24258,21507888900,17200975400,-4306913500,KRX MDCSTAT02401_OUT
recent2,KOSPI200,institution,029780,삼성카드,149115,47710,-101405,6413377850,2049453000,-4363924850,KRX MDCSTAT02401_OUT
recent2,KOSPI200,institution,001440,대한전선,425924,283105,-142819,13175504700,8703714525,-4471790175,KRX MDCSTAT02401_OUT
recent2,KOSPI200,institution,009540,HD한국조선해양,74512,60899,-13613,24844158000,20331280000,-4512878000,KRX MDCSTAT02401_OUT
recent2,KOSPI200,institution,023530,롯데쇼핑,78039,28356,-49683,8111536650,2951035500,-5160501150,KRX MDCSTAT02401_OUT
recent2,KOSPI200,institution,047050,포스코인터내셔널,285040,186049,-98991,15918752200,10513183800,-5405568400,KRX MDCSTAT02401_OUT
recent2,KOSPI200,institution,009420,한올바이오파마,243467,114539,-128928,10782622325,5129183475,-5653438850,KRX MDCSTAT02401_OUT
recent2,KOSPI200,institution,000990,DB하이텍,186746,139791,-46955,24191349900,18251596800,-5939753100,KRX MDCSTAT02401_OUT
recent2,KOSPI200,institution,001450,현대해상,237124,110410,-126714,11401926300,5333888275,-6068038025,KRX MDCSTAT02401_OUT
recent2,KOSPI200,institution,069960,현대백화점,90227,22924,-67303,8394351650,2202437800,-6191913850,KRX MDCSTAT02401_OUT
recent2,KOSPI200,institution,017670,SK텔레콤,323746,247618,-76128,28271317000,21762965150,-6508351850,KRX MDCSTAT02401_OUT
recent2,KOSPI200,institution,267260,HD현대일렉트릭,40419,30723,-9696,28325946500,21588521500,-6737425000,KRX MDCSTAT02401_OUT
recent2,KOSPI200,institution,375500,DL이앤씨,221827,135234,-86593,18014589900,11012533700,-7002056200,KRX MDCSTAT02401_OUT
recent2,KOSPI200,institution,018260,삼성에스디에스,59561,25935,-33626,13077120500,5715166500,-7361954000,KRX MDCSTAT02401_OUT
recent2,KOSPI200,institution,012450,한화에어로스페이스,55858,48539,-7319,57744178500,50267449500,-7476729000,KRX MDCSTAT02401_OUT
recent2,KOSPI200,institution,207940,삼성바이오로직스,26771,20762,-6009,36976868000,28817732500,-8159135500,KRX MDCSTAT02401_OUT
recent2,KOSPI200,institution,004170,신세계,43456,19745,-23711,15148256500,6889969500,-8258287000,KRX MDCSTAT02401_OUT
recent2,KOSPI200,institution,093370,후성,984039,384986,-599053,13783769085,5418510030,-8365259055,KRX MDCSTAT02401_OUT
recent2,KOSPI200,institution,078930,GS,339263,260154,-79109,37859990050,29428454950,-8431535100,KRX MDCSTAT02401_OUT
recent2,KOSPI200,institution,028260,삼성물산,196745,169381,-27364,70555258750,61252548250,-9302710500,KRX MDCSTAT02401_OUT
recent2,KOSPI200,institution,005490,POSCO홀딩스,125153,94746,-30407,39214771750,29814183750,-9400588000,KRX MDCSTAT02401_OUT
recent2,KOSPI200,institution,079550,LIG디펜스앤에어로스페이스,51054,35762,-15292,35409101000,24855448500,-10553652500,KRX MDCSTAT02401_OUT
recent2,KOSPI200,institution,082740,한화엔진,313582,88287,-225295,15029478500,4249264025,-10780214475,KRX MDCSTAT02401_OUT
recent2,KOSPI200,institution,012330,현대모비스,119695,89180,-30515,44490411000,33292173250,-11198237750,KRX MDCSTAT02401_OUT
recent2,KOSPI200,institution,004020,현대제철,725707,367654,-358053,23191395900,11786839900,-11404556000,KRX MDCSTAT02401_OUT
recent2,KOSPI200,institution,062040,산일전기,95945,38094,-57851,19420375750,7776546000,-11643829750,KRX MDCSTAT02401_OUT
recent2,KOSPI200,institution,052690,한전기술,185677,95218,-90459,24081077100,12414620200,-11666456900,KRX MDCSTAT02401_OUT
recent2,KOSPI200,institution,033780,KT&G,157483,80910,-76573,27571132100,14184292700,-13386839400,KRX MDCSTAT02401_OUT
recent2,KOSPI200,institution,010140,삼성중공업,1117990,451166,-666824,22629447625,9167607475,-13461840150,KRX MDCSTAT02401_OUT
recent2,KOSPI200,institution,010120,LS ELECTRIC,189764,121570,-68194,38914814000,24988190250,-13926623750,KRX MDCSTAT02401_OUT
recent2,KOSPI200,institution,267270,HD건설기계,186771,78476,-108295,24226150950,10281385700,-13944765250,KRX MDCSTAT02401_OUT
recent2,KOSPI200,institution,000270,기아,434322,300212,-134110,50552183450,35085340600,-15466842850,KRX MDCSTAT02401_OUT
recent2,KOSPI200,institution,047040,대우건설,3021362,1994948,-1026414,54199152900,36801160480,-17397992420,KRX MDCSTAT02401_OUT
recent2,KOSPI200,institution,015760,한국전력,1083790,503123,-580667,32958471725,15413602300,-17544869425,KRX MDCSTAT02401_OUT
recent2,KOSPI200,institution,086280,현대글로비스,141660,50381,-91279,28081745650,10017315400,-18064430250,KRX MDCSTAT02401_OUT
recent2,KOSPI200,institution,042660,한화오션,386928,159153,-227775,30992023900,12794283600,-18197740300,KRX MDCSTAT02401_OUT
recent2,KOSPI200,institution,298040,효성중공업,17611,10887,-6724,49874589500,30927220000,-18947369500,KRX MDCSTAT02401_OUT
recent2,KOSPI200,institution,003230,삼양식품,25847,9697,-16150,31384792000,11831724500,-19553067500,KRX MDCSTAT02401_OUT
recent2,KOSPI200,institution,005380,현대차,267658,211717,-55941,95108912750,75455188750,-19653724000,KRX MDCSTAT02401_OUT
recent2,KOSPI200,institution,329180,HD현대중공업,113770,59810,-53960,50278624000,26494012750,-23784611250,KRX MDCSTAT02401_OUT
recent2,KOSPI200,institution,006400,삼성SDI,249058,172964,-76094,130372835000,91063732500,-39309102500,KRX MDCSTAT02401_OUT
recent2,KOSPI200,institution,000720,현대건설,719267,355617,-363650,88334695000,44028346000,-44306349000,KRX MDCSTAT02401_OUT
recent2,KOSPI200,institution,035420,NAVER,617736,303957,-313779,121462904200,60093819000,-61369085200,KRX MDCSTAT02401_OUT
recent2,KOSPI200,institution,034020,두산에너빌리티,1798859,880882,-917977,147716070350,72461028650,-75255041700,KRX MDCSTAT02401_OUT
recent2,KOSPI200,institution,000660,SK하이닉스,1736093,1584170,-151923,3154017782000,2893400927000,-260616855000,KRX MDCSTAT02401_OUT
recent2,KOSPI200,institution,005930,삼성전자,13938028,12874187,-1063841,3882522332000,3601693587750,-280828744250,KRX MDCSTAT02401_OUT
recent2,KOSDAQ150,foreign,036930,주성엔지니어링,346188,563421,217233,72111241500,117598296500,45487055000,KRX MDCSTAT02401_OUT
recent2,KOSDAQ150,foreign,403870,HPSP,588322,1031412,443090,32661998850,57498457150,24836458300,KRX MDCSTAT02401_OUT
recent2,KOSDAQ150,foreign,036540,SFA반도체,1761117,3989131,2228014,18474948720,41788077385,23313128665,KRX MDCSTAT02401_OUT
recent2,KOSDAQ150,foreign,095610,테스,63177,201068,137891,10135605650,32064146350,21928540700,KRX MDCSTAT02401_OUT
recent2,KOSDAQ150,foreign,247540,에코프로비엠,200871,375829,174958,21796430550,40490414150,18693983600,KRX MDCSTAT02401_OUT
recent2,KOSDAQ150,foreign,222800,심텍,370720,492640,121920,55153562350,73293882450,18140320100,KRX MDCSTAT02401_OUT
recent2,KOSDAQ150,foreign,086520,에코프로,162595,323043,160448,13140325700,26312196000,13171870300,KRX MDCSTAT02401_OUT
recent2,KOSDAQ150,foreign,078600,대주전자재료,64957,202702,137745,5896347100,18510081250,12613734150,KRX MDCSTAT02401_OUT
recent2,KOSDAQ150,foreign,178320,서진시스템,1097580,1382444,284864,38815706550,48728316300,9912609750,KRX MDCSTAT02401_OUT
recent2,KOSDAQ150,foreign,241710,코스메카코리아,40455,102062,61607,5096450200,12849238700,7752788500,KRX MDCSTAT02401_OUT
recent2,KOSDAQ150,foreign,298380,에이비엘바이오,282567,423954,141387,14324992300,21422367550,7097375250,KRX MDCSTAT02401_OUT
recent2,KOSDAQ150,foreign,031980,피에스케이홀딩스,21931,64365,42434,3590967400,10643942200,7052974800,KRX MDCSTAT02401_OUT
recent2,KOSDAQ150,foreign,089030,테크윙,257335,390074,132739,12670645150,19231129925,6560484775,KRX MDCSTAT02401_OUT
recent2,KOSDAQ150,foreign,039030,이오테크닉스,42659,54583,11924,20305137750,25935912500,5630774750,KRX MDCSTAT02401_OUT
recent2,KOSDAQ150,foreign,030530,원익홀딩스,1480771,1641538,160767,42956565200,47294373200,4337808000,KRX MDCSTAT02401_OUT
recent2,KOSDAQ150,foreign,183300,코미코,187328,322414,135086,5847523200,10049253725,4201730525,KRX MDCSTAT02401_OUT
recent2,KOSDAQ150,foreign,080220,제주반도체,305718,359783,54065,23593098600,27737160450,4144061850,KRX MDCSTAT02401_OUT
recent2,KOSDAQ150,foreign,006730,서부T&D,129011,461026,332015,1432860805,5144504045,3711643240,KRX MDCSTAT02401_OUT
recent2,KOSDAQ150,foreign,257720,실리콘투,313156,401842,88686,12283191000,15786157550,3502966550,KRX MDCSTAT02401_OUT
recent2,KOSDAQ150,foreign,098460,고영,368475,481501,113026,10764330150,14097926975,3333596825,KRX MDCSTAT02401_OUT
recent2,KOSDAQ150,foreign,096530,씨젠,176562,270671,94109,6056713021,9283891246,3227178225,KRX MDCSTAT02401_OUT
recent2,KOSDAQ150,foreign,053800,안랩,65772,109021,43249,4898518450,8114179400,3215660950,KRX MDCSTAT02401_OUT
recent2,KOSDAQ150,foreign,007390,네이처셀,85557,188967,103410,2145285350,4787100850,2641815500,KRX MDCSTAT02401_OUT
recent2,KOSDAQ150,foreign,014620,성광벤드,65821,139870,74049,2047398275,4330105175,2282706900,KRX MDCSTAT02401_OUT
recent2,KOSDAQ150,foreign,171090,선익시스템,23443,54675,31232,1668396000,3928079200,2259683200,KRX MDCSTAT02401_OUT
recent2,KOSDAQ150,foreign,293490,카카오게임즈,162260,397759,235499,1513010545,3729688210,2216677665,KRX MDCSTAT02401_OUT
recent2,KOSDAQ150,foreign,087010,펩트론,66041,79444,13403,9473494950,11446744500,1973249550,KRX MDCSTAT02401_OUT
recent2,KOSDAQ150,foreign,078340,컴투스,44235,98251,54016,1610912900,3574997375,1964084475,KRX MDCSTAT02401_OUT
recent2,KOSDAQ150,foreign,068760,셀트리온제약,30920,72351,41431,1212064075,2844265450,1632201375,KRX MDCSTAT02401_OUT
recent2,KOSDAQ150,foreign,035900,JYP Ent.,96614,137954,41340,3661209200,5232693325,1571484125,KRX MDCSTAT02401_OUT
recent2,KOSDAQ150,foreign,131290,티에스이,20958,25931,4973,6051680750,7477586000,1425905250,KRX MDCSTAT02401_OUT
recent2,KOSDAQ150,foreign,237690,에스티팜,43505,58140,14635,4027731950,5395945750,1368213800,KRX MDCSTAT02401_OUT
recent2,KOSDAQ150,foreign,030520,한컴,48963,115381,66418,840947580,1994477790,1153530210,KRX MDCSTAT02401_OUT
recent2,KOSDAQ150,foreign,003380,하림지주,104857,202099,97242,1163305630,2248223585,1084917955,KRX MDCSTAT02401_OUT
recent2,KOSDAQ150,foreign,074600,원익QnC,55535,92376,36841,1619082900,2683238025,1064155125,KRX MDCSTAT02401_OUT
recent2,KOSDAQ150,foreign,056190,SFA,36137,73346,37209,1012606075,2055450575,1042844500,KRX MDCSTAT02401_OUT
recent2,KOSDAQ150,foreign,060250,NHN KCP,87027,161401,74374,1166801295,2166805565,1000004270,KRX MDCSTAT02401_OUT
recent2,KOSDAQ150,foreign,052400,코나아이,22038,47073,25035,832577275,1785385425,952808150,KRX MDCSTAT02401_OUT
recent2,KOSDAQ150,foreign,399720,가온칩스,69482,89313,19831,3233012850,4179097925,946085075,KRX MDCSTAT02401_OUT
recent2,KOSDAQ150,foreign,112040,위메이드,49708,110552,60844,765664030,1709229780,943565750,KRX MDCSTAT02401_OUT
recent2,KOSDAQ150,foreign,214450,파마리서치,33070,35889,2819,10675168750,11600462000,925293250,KRX MDCSTAT02401_OUT
recent2,KOSDAQ150,foreign,196170,알테오젠,139148,142726,3578,35234550500,36069744500,835194000,KRX MDCSTAT02401_OUT
recent2,KOSDAQ150,foreign,124500,아이티센글로벌,55861,82859,26998,1652393425,2455550475,803157050,KRX MDCSTAT02401_OUT
recent2,KOSDAQ150,foreign,323280,태성,205745,217294,11549,9737297525,10507822225,770524700,KRX MDCSTAT02401_OUT
recent2,KOSDAQ150,foreign,032500,케이엠더블유,106727,144835,38108,2068694590,2807628330,738933740,KRX MDCSTAT02401_OUT
recent2,KOSDAQ150,foreign,033500,동성화인텍,45427,90328,44901,727878150,1448068140,720189990,KRX MDCSTAT02401_OUT
recent2,KOSDAQ150,foreign,0009K0,에임드바이오,66145,98412,32267,1447360925,2151172850,703811925,KRX MDCSTAT02401_OUT
recent2,KOSDAQ150,foreign,082920,비츠로셀,122688,146070,23382,3479644175,4166518825,686874650,KRX MDCSTAT02401_OUT
recent2,KOSDAQ150,foreign,032190,다우데이타,23224,54628,31404,460295915,1084281760,623985845,KRX MDCSTAT02401_OUT
recent2,KOSDAQ150,foreign,036620,감성코퍼레이션,146271,308562,162291,538142249,1134072570,595930321,KRX MDCSTAT02401_OUT
recent2,KOSDAQ150,foreign,278280,천보,15501,31610,16109,546177850,1123719225,577541375,KRX MDCSTAT02401_OUT
recent2,KOSDAQ150,foreign,161580,필옵틱스,186576,204157,17581,6427864500,6971339375,543474875,KRX MDCSTAT02401_OUT
recent2,KOSDAQ150,foreign,025320,시노펙스,214218,348761,134543,814248641,1327310630,513061989,KRX MDCSTAT02401_OUT
recent2,KOSDAQ150,foreign,348370,엔켐,91476,111908,20432,1865135845,2316550740,451414895,KRX MDCSTAT02401_OUT
recent2,KOSDAQ150,foreign,065350,신성델타테크,44270,57606,13336,1393778600,1820685450,426906850,KRX MDCSTAT02401_OUT
recent2,KOSDAQ150,foreign,036830,솔브레인홀딩스,35518,45707,10189,1441629300,1855552000,413922700,KRX MDCSTAT02401_OUT
recent2,KOSDAQ150,foreign,009520,포스코엠텍,56005,88089,32084,693895700,1101432870,407537170,KRX MDCSTAT02401_OUT
recent2,KOSDAQ150,foreign,069080,웹젠,52665,87086,34421,606741760,1004793540,398051780,KRX MDCSTAT02401_OUT
recent2,KOSDAQ150,foreign,253450,스튜디오드래곤,16877,34648,17771,345103550,710471900,365368350,KRX MDCSTAT02401_OUT
recent2,KOSDAQ150,foreign,215200,메가스터디교육,89588,99305,9717,3258277700,3617494125,359216425,KRX MDCSTAT02401_OUT
recent2,KOSDAQ150,foreign,015750,성우하이텍,57828,111948,54120,335387015,651421875,316034860,KRX MDCSTAT02401_OUT
recent2,KOSDAQ150,foreign,348210,넥스틴,28430,37593,9163,948816600,1258613150,309796550,KRX MDCSTAT02401_OUT
recent2,KOSDAQ150,foreign,214150,클래시스,50899,60144,9245,1568533800,1854250375,285716575,KRX MDCSTAT02401_OUT
recent2,KOSDAQ150,foreign,213420,덕산네오룩스,60553,69095,8542,1762753000,2014079025,251326025,KRX MDCSTAT02401_OUT
recent2,KOSDAQ150,foreign,060280,큐렉소,159133,187790,28657,1286487365,1536814450,250327085,KRX MDCSTAT02401_OUT
recent2,KOSDAQ150,foreign,211050,인카금융서비스,22379,47416,25037,222631380,471635790,249004410,KRX MDCSTAT02401_OUT
recent2,KOSDAQ150,foreign,194480,데브시스터즈,15886,32531,16645,230433750,473405660,242971910,KRX MDCSTAT02401_OUT
recent2,KOSDAQ150,foreign,376300,디어유,37519,51761,14242,638154860,880095980,241941120,KRX MDCSTAT02401_OUT
recent2,KOSDAQ150,foreign,214370,케어젠,44738,49021,4283,1790424500,1962339500,171915000,KRX MDCSTAT02401_OUT
recent2,KOSDAQ150,foreign,018290,브이티,98398,110541,12143,1111987810,1255728105,143740295,KRX MDCSTAT02401_OUT
recent2,KOSDAQ150,foreign,038500,삼표시멘트,233867,254467,20600,1582087165,1724977060,142889895,KRX MDCSTAT02401_OUT
recent2,KOSDAQ150,foreign,025900,동화기업,23800,43653,19853,163575430,301038810,137463380,KRX MDCSTAT02401_OUT
recent2,KOSDAQ150,foreign,253590,네오셈,924628,933098,8470,12894273490,13014922340,120648850,KRX MDCSTAT02401_OUT
recent2,KOSDAQ150,foreign,085660,차바이오텍,139747,154121,14374,1130648020,1242925410,112277390,KRX MDCSTAT02401_OUT
recent2,KOSDAQ150,foreign,272290,이녹스첨단소재,59863,63770,3907,1264438175,1351495600,87057425,KRX MDCSTAT02401_OUT
recent2,KOSDAQ150,foreign,060370,LS마린솔루션,86012,87795,1783,2852148900,2922188475,70039575,KRX MDCSTAT02401_OUT
recent2,KOSDAQ150,foreign,048410,현대바이오,380867,388618,7751,2636137390,2697374360,61236970,KRX MDCSTAT02401_OUT
recent2,KOSDAQ150,foreign,445680,큐리옥스바이오시스템즈,70447,71604,1157,3538801750,3584749450,45947700,KRX MDCSTAT02401_OUT
recent2,KOSDAQ150,foreign,033100,제룡전기,37675,37756,81,1793953475,1799034175,5080700,KRX MDCSTAT02401_OUT
recent2,KOSDAQ150,foreign,050890,쏠리드,646156,641794,-4362,6247299065,6243396240,-3902825,KRX MDCSTAT02401_OUT
recent2,KOSDAQ150,foreign,042000,카페24,486386,498102,11716,8824885305,8818168855,-6716450,KRX MDCSTAT02401_OUT
recent2,KOSDAQ150,foreign,352480,씨앤씨인터내셔널,6808,6179,-629,150644950,135842400,-14802550,KRX MDCSTAT02401_OUT
recent2,KOSDAQ150,foreign,041190,우리기술투자,577225,581696,4471,3454970195,3439030710,-15939485,KRX MDCSTAT02401_OUT
recent2,KOSDAQ150,foreign,388720,유일로보틱스,9810,9395,-415,675095650,646442800,-28652850,KRX MDCSTAT02401_OUT
recent2,KOSDAQ150,foreign,101730,위메이드맥스,76173,67323,-8850,353913615,313085732,-40827883,KRX MDCSTAT02401_OUT
recent2,KOSDAQ150,foreign,122870,와이지엔터테인먼트,56565,55443,-1122,2431123900,2381302950,-49820950,KRX MDCSTAT02401_OUT
recent2,KOSDAQ150,foreign,290650,엘앤씨바이오,75179,73641,-1538,3483247700,3416057175,-67190525,KRX MDCSTAT02401_OUT
recent2,KOSDAQ150,foreign,358570,지아이이노베이션,176129,166707,-9422,1557295090,1471087570,-86207520,KRX MDCSTAT02401_OUT
recent2,KOSDAQ150,foreign,095660,네오위즈,28865,23080,-5785,516572855,412889660,-103683195,KRX MDCSTAT02401_OUT
recent2,KOSDAQ150,foreign,039200,오스코텍,65371,61579,-3792,2342018075,2202271150,-139746925,KRX MDCSTAT02401_OUT
recent2,KOSDAQ150,foreign,082270,젬백스,102118,86928,-15190,1053254385,912133065,-141121320,KRX MDCSTAT02401_OUT
recent2,KOSDAQ150,foreign,036810,에프에스티,67501,62589,-4912,2080901400,1926837725,-154063675,KRX MDCSTAT02401_OUT
recent2,KOSDAQ150,foreign,263750,펄어비스,154957,149894,-5063,5198825125,5031349375,-167475750,KRX MDCSTAT02401_OUT
recent2,KOSDAQ150,foreign,067160,SOOP,48490,41700,-6790,1774486900,1526637075,-247849825,KRX MDCSTAT02401_OUT
recent2,KOSDAQ150,foreign,035760,CJ ENM,46234,39555,-6679,1795179125,1537065750,-258113375,KRX MDCSTAT02401_OUT
recent2,KOSDAQ150,foreign,225570,넥슨게임즈,69967,42545,-27422,763929920,464439835,-299490085,KRX MDCSTAT02401_OUT
recent2,KOSDAQ150,foreign,121600,나노신소재,54364,48209,-6155,2942267600,2609388600,-332879000,KRX MDCSTAT02401_OUT
recent2,KOSDAQ150,foreign,137400,피엔티,90133,77863,-12270,2622851000,2273868675,-348982325,KRX MDCSTAT02401_OUT
recent2,KOSDAQ150,foreign,281740,레이크머티리얼즈,265037,229688,-35349,2895995285,2510359875,-385635410,KRX MDCSTAT02401_OUT
recent2,KOSDAQ150,foreign,166090,하나머티리얼즈,69689,61733,-7956,4051037550,3579960250,-471077300,KRX MDCSTAT02401_OUT
recent2,KOSDAQ150,foreign,090360,로보스타,48076,39289,-8787,3779390550,3104565650,-674824900,KRX MDCSTAT02401_OUT
recent2,KOSDAQ150,foreign,214430,아이쓰리시스템,23388,13302,-10086,1587123950,898446300,-688677650,KRX MDCSTAT02401_OUT
recent2,KOSDAQ150,foreign,195940,HK이노엔,68833,48305,-20528,2685125500,1887029975,-798095525,KRX MDCSTAT02401_OUT
recent2,KOSDAQ150,foreign,475830,오름테라퓨틱,301647,266552,-35095,7644360150,6837103325,-807256825,KRX MDCSTAT02401_OUT
recent2,KOSDAQ150,foreign,099320,쎄트렉아이,63602,48717,-14885,5047993250,3884127400,-1163865850,KRX MDCSTAT02401_OUT
recent2,KOSDAQ150,foreign,100790,미래에셋벤처투자,267572,195636,-71936,4716182445,3470352755,-1245829690,KRX MDCSTAT02401_OUT
recent2,KOSDAQ150,foreign,189300,인텔리안테크,44319,25428,-18891,3063463400,1751947900,-1311515500,KRX MDCSTAT02401_OUT
recent2,KOSDAQ150,foreign,025980,아난티,993306,740983,-252323,5107105070,3794127950,-1312977120,KRX MDCSTAT02401_OUT
recent2,KOSDAQ150,foreign,084370,유진테크,185520,177584,-7936,29396823850,28022667750,-1374156100,KRX MDCSTAT02401_OUT
recent2,KOSDAQ150,foreign,226950,올릭스,111970,98943,-13027,11738461150,10327117850,-1411343300,KRX MDCSTAT02401_OUT
recent2,KOSDAQ150,foreign,140860,파크시스템스,42774,37311,-5463,11302915250,9857034250,-1445881000,KRX MDCSTAT02401_OUT
recent2,KOSDAQ150,foreign,125490,한라캐스트,484605,361605,-123000,5964116370,4464249590,-1499866780,KRX MDCSTAT02401_OUT
recent2,KOSDAQ150,foreign,005290,동진쎄미켐,452214,421339,-30875,20672470025,19136281450,-1536188575,KRX MDCSTAT02401_OUT
recent2,KOSDAQ150,foreign,056080,유진로봇,269215,138234,-130981,3261068840,1679805550,-1581263290,KRX MDCSTAT02401_OUT
recent2,KOSDAQ150,foreign,417200,LS머트리얼즈,592224,458069,-134155,7938366095,6240905785,-1697460310,KRX MDCSTAT02401_OUT
recent2,KOSDAQ150,foreign,251970,펌텍코리아,66654,39764,-26890,4079084000,2338942900,-1740141100,KRX MDCSTAT02401_OUT
recent2,KOSDAQ150,foreign,437730,삼현,154853,119305,-35548,8158367550,6178768450,-1979599100,KRX MDCSTAT02401_OUT
recent2,KOSDAQ150,foreign,420770,기가비스,62070,46165,-15905,7657612700,5661389650,-1996223050,KRX MDCSTAT02401_OUT
recent2,KOSDAQ150,foreign,141080,리가켐바이오,124351,99427,-24924,10103809650,8066695000,-2037114650,KRX MDCSTAT02401_OUT
recent2,KOSDAQ150,foreign,218410,RFHIC,161709,121289,-40420,9462186200,7050162600,-2412023600,KRX MDCSTAT02401_OUT
recent2,KOSDAQ150,foreign,295310,에이치브이엠,135515,94683,-40832,8263612500,5816526650,-2447085850,KRX MDCSTAT02401_OUT
recent2,KOSDAQ150,foreign,000250,삼천당제약,55255,39076,-16179,9149853550,6457499600,-2692353950,KRX MDCSTAT02401_OUT
recent2,KOSDAQ150,foreign,347850,디앤디파마텍,321100,257582,-63518,14239437700,11438355825,-2801081875,KRX MDCSTAT02401_OUT
recent2,KOSDAQ150,foreign,041510,에스엠,98618,64409,-34209,8114052700,5301472400,-2812580300,KRX MDCSTAT02401_OUT
recent2,KOSDAQ150,foreign,232140,와이씨,1109721,913239,-196482,15717084045,12886359525,-2830724520,KRX MDCSTAT02401_OUT
recent2,KOSDAQ150,foreign,145020,휴젤,62448,47131,-15317,11703556850,8857515450,-2846041400,KRX MDCSTAT02401_OUT
recent2,KOSDAQ150,foreign,466100,클로봇,187584,62725,-124859,4315409150,1449270525,-2866138625,KRX MDCSTAT02401_OUT
recent2,KOSDAQ150,foreign,090710,휴림로봇,1228268,750280,-477988,7923712980,4878240725,-3045472255,KRX MDCSTAT02401_OUT
recent2,KOSDAQ150,foreign,043260,성호전자,872036,762204,-109832,22717288525,19650306475,-3066982050,KRX MDCSTAT02401_OUT
recent2,KOSDAQ150,foreign,058610,에스피지,135776,102894,-32882,13772076950,10387125950,-3384951000,KRX MDCSTAT02401_OUT
recent2,KOSDAQ150,foreign,032820,우리기술,1336701,1072416,-264285,17316710735,13890933300,-3425777435,KRX MDCSTAT02401_OUT
recent2,KOSDAQ150,foreign,101490,에스앤에스텍,154264,73488,-80776,6741616850,3215732025,-3525884825,KRX MDCSTAT02401_OUT
recent2,KOSDAQ150,foreign,131970,두산테스나,128604,83899,-44705,11867224100,7698402450,-4168821650,KRX MDCSTAT02401_OUT
recent2,KOSDAQ150,foreign,328130,루닛,1700323,1318217,-382106,19636084605,15174607720,-4461476885,KRX MDCSTAT02401_OUT
recent2,KOSDAQ150,foreign,064760,티씨케이,50452,34636,-15816,14208036000,9696630000,-4511406000,KRX MDCSTAT02401_OUT
recent2,KOSDAQ150,foreign,310210,보로노이,73917,41717,-32200,10434729000,5911687600,-4523041400,KRX MDCSTAT02401_OUT
recent2,KOSDAQ150,foreign,067310,하나마이크론,1056896,937074,-119822,48582640900,43008341750,-5574299150,KRX MDCSTAT02401_OUT
recent2,KOSDAQ150,foreign,319400,현대무벡스,439625,173851,-265774,9260987300,3654684300,-5606303000,KRX MDCSTAT02401_OUT
recent2,KOSDAQ150,foreign,204270,제이앤티씨,616824,351044,-265780,15032690200,8605883300,-6426806900,KRX MDCSTAT02401_OUT
recent2,KOSDAQ150,foreign,083650,비에이치아이,266233,150977,-115256,16182237700,9160553700,-7021684000,KRX MDCSTAT02401_OUT
recent2,KOSDAQ150,foreign,028300,HLB,462249,166812,-295437,15635691025,5145124075,-10490566950,KRX MDCSTAT02401_OUT
recent2,KOSDAQ150,foreign,095340,ISC,134670,83184,-51486,27948658750,17258605500,-10690053250,KRX MDCSTAT02401_OUT
recent2,KOSDAQ150,foreign,277810,레인보우로보틱스,46996,17683,-29313,20298268750,7664458500,-12633810250,KRX MDCSTAT02401_OUT
recent2,KOSDAQ150,foreign,089970,브이엠,614612,319932,-294680,37776401550,19637952000,-18138449550,KRX MDCSTAT02401_OUT
recent2,KOSDAQ150,foreign,108490,로보티즈,156669,80588,-76081,46488147500,23893338000,-22594809500,KRX MDCSTAT02401_OUT
recent2,KOSDAQ150,foreign,240810,원익IPS,1031146,698552,-332594,136577815150,93363187000,-43214628150,KRX MDCSTAT02401_OUT
recent2,KOSDAQ150,foreign,058470,리노공업,1267373,484178,-783195,93160479900,35342398650,-57818081250,KRX MDCSTAT02401_OUT
recent2,KOSDAQ150,institution,089970,브이엠,233308,434087,200779,14342424650,26788683850,12446259200,KRX MDCSTAT02401_OUT
recent2,KOSDAQ150,institution,095340,ISC,48914,103620,54706,10160885000,21544610250,11383725250,KRX MDCSTAT02401_OUT
recent2,KOSDAQ150,institution,005290,동진쎄미켐,118867,267767,148900,5411535575,12236156975,6824621400,KRX MDCSTAT02401_OUT
recent2,KOSDAQ150,institution,084370,유진테크,81562,120290,38728,12891283450,19223956350,6332672900,KRX MDCSTAT02401_OUT
recent2,KOSDAQ150,institution,058470,리노공업,357718,438565,80847,26042543100,32225275550,6182732450,KRX MDCSTAT02401_OUT
recent2,KOSDAQ150,institution,064760,티씨케이,26968,46507,19539,7574172000,13156739750,5582567750,KRX MDCSTAT02401_OUT
recent2,KOSDAQ150,institution,036930,주성엔지니어링,156804,180713,23909,32719546750,37814835000,5095288250,KRX MDCSTAT02401_OUT
recent2,KOSDAQ150,institution,247540,에코프로비엠,255336,293789,38453,27483454200,32309152000,4825697800,KRX MDCSTAT02401_OUT
recent2,KOSDAQ150,institution,140860,파크시스템스,8327,21355,13028,2195000000,5650222000,3455222000,KRX MDCSTAT02401_OUT
recent2,KOSDAQ150,institution,251970,펌텍코리아,45893,100007,54114,2721213500,6130023400,3408809900,KRX MDCSTAT02401_OUT
recent2,KOSDAQ150,institution,121600,나노신소재,26511,85979,59468,1440455900,4683349200,3242893300,KRX MDCSTAT02401_OUT
recent2,KOSDAQ150,institution,295310,에이치브이엠,92324,123585,31261,5508293050,7655765450,2147472400,KRX MDCSTAT02401_OUT
recent2,KOSDAQ150,institution,053800,안랩,8461,36402,27941,631419050,2711793500,2080374450,KRX MDCSTAT02401_OUT
recent2,KOSDAQ150,institution,196170,알테오젠,136791,142821,6030,34609366250,36282871500,1673505250,KRX MDCSTAT02401_OUT
recent2,KOSDAQ150,institution,226950,올릭스,114598,125808,11210,11899971200,13280377900,1380406700,KRX MDCSTAT02401_OUT
recent2,KOSDAQ150,institution,445680,큐리옥스바이오시스템즈,13898,38543,24645,689417000,1956932900,1267515900,KRX MDCSTAT02401_OUT
recent2,KOSDAQ150,institution,420770,기가비스,36074,45730,9656,4423718550,5607875550,1184157000,KRX MDCSTAT02401_OUT
recent2,KOSDAQ150,institution,099320,쎄트렉아이,8333,22623,14290,661309600,1806339550,1145029950,KRX MDCSTAT02401_OUT
recent2,KOSDAQ150,institution,178320,서진시스템,135826,161273,25447,4766391675,5820766825,1054375150,KRX MDCSTAT02401_OUT
recent2,KOSDAQ150,institution,195940,HK이노엔,38456,64794,26338,1502169400,2529571825,1027402425,KRX MDCSTAT02401_OUT
recent2,KOSDAQ150,institution,078340,컴투스,39561,60749,21188,1410518175,2233119250,822601075,KRX MDCSTAT02401_OUT
recent2,KOSDAQ150,institution,189300,인텔리안테크,14801,24505,9704,1019008600,1701844650,682836050,KRX MDCSTAT02401_OUT
recent2,KOSDAQ150,institution,225570,넥슨게임즈,27057,80872,53815,294978475,884285670,589307195,KRX MDCSTAT02401_OUT
recent2,KOSDAQ150,institution,036830,솔브레인홀딩스,23047,36589,13542,936736350,1496491625,559755275,KRX MDCSTAT02401_OUT
recent2,KOSDAQ150,institution,171090,선익시스템,11867,18971,7104,844053400,1366818050,522764650,KRX MDCSTAT02401_OUT
recent2,KOSDAQ150,institution,237690,에스티팜,42505,47770,5265,3913193900,4432879300,519685400,KRX MDCSTAT02401_OUT
recent2,KOSDAQ150,institution,042000,카페24,14795,39885,25090,266659155,730645890,463986735,KRX MDCSTAT02401_OUT
recent2,KOSDAQ150,institution,003380,하림지주,121905,155175,33270,1351709475,1723118660,371409185,KRX MDCSTAT02401_OUT
recent2,KOSDAQ150,institution,086520,에코프로,302225,303687,1462,24444713650,24693689500,248975850,KRX MDCSTAT02401_OUT
recent2,KOSDAQ150,institution,215200,메가스터디교육,13270,18186,4916,485630550,668075400,182444850,KRX MDCSTAT02401_OUT
recent2,KOSDAQ150,institution,347850,디앤디파마텍,94494,97528,3034,4167599775,4315752425,148152650,KRX MDCSTAT02401_OUT
recent2,KOSDAQ150,institution,214430,아이쓰리시스템,4103,5861,1758,277560100,400831250,123271150,KRX MDCSTAT02401_OUT
recent2,KOSDAQ150,institution,352480,씨앤씨인터내셔널,5300,9531,4231,116433250,211291050,94857800,KRX MDCSTAT02401_OUT
recent2,KOSDAQ150,institution,082920,비츠로셀,83128,85996,2868,2346665125,2415844950,69179825,KRX MDCSTAT02401_OUT
recent2,KOSDAQ150,institution,067160,SOOP,10307,11882,1575,377736450,436318400,58581950,KRX MDCSTAT02401_OUT
recent2,KOSDAQ150,institution,095660,네오위즈,17449,17982,533,312127800,322358640,10230840,KRX MDCSTAT02401_OUT
recent2,KOSDAQ150,institution,036810,에프에스티,23328,22909,-419,716288075,707261025,-9027050,KRX MDCSTAT02401_OUT
recent2,KOSDAQ150,institution,112040,위메이드,43685,42792,-893,672653420,659000830,-13652590,KRX MDCSTAT02401_OUT
recent2,KOSDAQ150,institution,033100,제룡전기,13922,13554,-368,662270525,645963950,-16306575,KRX MDCSTAT02401_OUT
recent2,KOSDAQ150,institution,060280,큐렉소,24572,21024,-3548,198053780,173697275,-24356505,KRX MDCSTAT02401_OUT
recent2,KOSDAQ150,institution,025900,동화기업,17413,10029,-7384,119051810,69410460,-49641350,KRX MDCSTAT02401_OUT
recent2,KOSDAQ150,institution,125490,한라캐스트,21081,16701,-4380,253460190,200607030,-52853160,KRX MDCSTAT02401_OUT
recent2,KOSDAQ150,institution,050890,쏠리드,49009,42672,-6337,470638075,413427695,-57210380,KRX MDCSTAT02401_OUT
recent2,KOSDAQ150,institution,194480,데브시스터즈,17568,13427,-4141,256148380,196532070,-59616310,KRX MDCSTAT02401_OUT
recent2,KOSDAQ150,institution,101730,위메이드맥스,15923,2413,-13510,73665095,11270310,-62394785,KRX MDCSTAT02401_OUT
recent2,KOSDAQ150,institution,009520,포스코엠텍,49255,40748,-8507,613192635,509141820,-104050815,KRX MDCSTAT02401_OUT
recent2,KOSDAQ150,institution,100790,미래에셋벤처투자,14758,8267,-6491,259190595,146110910,-113079685,KRX MDCSTAT02401_OUT
recent2,KOSDAQ150,institution,272290,이녹스첨단소재,26010,20582,-5428,550017950,436891250,-113126700,KRX MDCSTAT02401_OUT
recent2,KOSDAQ150,institution,281740,레이크머티리얼즈,60872,49309,-11563,664701665,538783735,-125917930,KRX MDCSTAT02401_OUT
recent2,KOSDAQ150,institution,069080,웹젠,54688,42413,-12275,627821440,485323155,-142498285,KRX MDCSTAT02401_OUT
recent2,KOSDAQ150,institution,038500,삼표시멘트,76610,53761,-22849,514703430,361734910,-152968520,KRX MDCSTAT02401_OUT
recent2,KOSDAQ150,institution,090360,로보스타,5467,3328,-2139,426735650,263780000,-162955650,KRX MDCSTAT02401_OUT
recent2,KOSDAQ150,institution,082270,젬백스,28192,11795,-16397,292033055,123460510,-168572545,KRX MDCSTAT02401_OUT
recent2,KOSDAQ150,institution,348370,엔켐,33357,24828,-8529,684826210,512776900,-172049310,KRX MDCSTAT02401_OUT
recent2,KOSDAQ150,institution,253590,네오셈,50178,36814,-13364,683491200,509296885,-174194315,KRX MDCSTAT02401_OUT
recent2,KOSDAQ150,institution,025320,시노펙스,60843,13276,-47567,230779100,50584150,-180194950,KRX MDCSTAT02401_OUT
recent2,KOSDAQ150,institution,041190,우리기술투자,41328,7974,-33354,244486335,47685935,-196800400,KRX MDCSTAT02401_OUT
recent2,KOSDAQ150,institution,015750,성우하이텍,43788,9608,-34180,254318580,55820540,-198498040,KRX MDCSTAT02401_OUT
recent2,KOSDAQ150,institution,214450,파마리서치,23987,23354,-633,7745358500,7538591500,-206767000,KRX MDCSTAT02401_OUT
recent2,KOSDAQ150,institution,399720,가온칩스,21088,16556,-4532,987589175,780750925,-206838250,KRX MDCSTAT02401_OUT
recent2,KOSDAQ150,institution,253450,스튜디오드래곤,23098,12624,-10474,472701275,258175950,-214525325,KRX MDCSTAT02401_OUT
recent2,KOSDAQ150,institution,030520,한컴,97740,85234,-12506,1674464480,1455781590,-218682890,KRX MDCSTAT02401_OUT
recent2,KOSDAQ150,institution,388720,유일로보틱스,5196,1850,-3346,356107600,128268500,-227839100,KRX MDCSTAT02401_OUT
recent2,KOSDAQ150,institution,213420,덕산네오룩스,49935,41556,-8379,1450653100,1212397250,-238255850,KRX MDCSTAT02401_OUT
recent2,KOSDAQ150,institution,211050,인카금융서비스,42686,17283,-25403,423592800,173237090,-250355710,KRX MDCSTAT02401_OUT
recent2,KOSDAQ150,institution,278280,천보,9564,2371,-7193,337801175,84047975,-253753200,KRX MDCSTAT02401_OUT
recent2,KOSDAQ150,institution,124500,아이티센글로벌,14095,5250,-8845,416075150,155442325,-260632825,KRX MDCSTAT02401_OUT
recent2,KOSDAQ150,institution,060370,LS마린솔루션,80379,71527,-8852,2669126000,2375231775,-293894225,KRX MDCSTAT02401_OUT
recent2,KOSDAQ150,institution,032190,다우데이타,33216,17871,-15345,658908405,354444260,-304464145,KRX MDCSTAT02401_OUT
recent2,KOSDAQ150,institution,137400,피엔티,35801,25022,-10779,1041262850,731337025,-309925825,KRX MDCSTAT02401_OUT
recent2,KOSDAQ150,institution,358570,지아이이노베이션,57611,21784,-35827,505466195,193657805,-311808390,KRX MDCSTAT02401_OUT
recent2,KOSDAQ150,institution,085660,차바이오텍,59981,19151,-40830,483537570,155340360,-328197210,KRX MDCSTAT02401_OUT
recent2,KOSDAQ150,institution,466100,클로봇,22544,7570,-14974,515959750,175260375,-340699375,KRX MDCSTAT02401_OUT
recent2,KOSDAQ150,institution,348210,넥스틴,22262,11748,-10514,747070650,394629500,-352441150,KRX MDCSTAT02401_OUT
recent2,KOSDAQ150,institution,078600,대주전자재료,50100,44886,-5214,4498067200,4141773150,-356294050,KRX MDCSTAT02401_OUT
recent2,KOSDAQ150,institution,166090,하나머티리얼즈,40188,33862,-6326,2329246900,1970202150,-359044750,KRX MDCSTAT02401_OUT
recent2,KOSDAQ150,institution,048410,현대바이오,174343,120114,-54229,1202223630,829272850,-372950780,KRX MDCSTAT02401_OUT
recent2,KOSDAQ150,institution,065350,신성델타테크,17389,4611,-12778,544413050,146012900,-398400150,KRX MDCSTAT02401_OUT
recent2,KOSDAQ150,institution,025980,아난티,87614,9824,-77790,449060145,50633433,-398426712,KRX MDCSTAT02401_OUT
recent2,KOSDAQ150,institution,475830,오름테라퓨틱,33006,15809,-17197,831716300,402104725,-429611575,KRX MDCSTAT02401_OUT
recent2,KOSDAQ150,institution,204270,제이앤티씨,21992,3099,-18893,530111425,75424250,-454687175,KRX MDCSTAT02401_OUT
recent2,KOSDAQ150,institution,214370,케어젠,21181,9591,-11590,845681400,384999800,-460681600,KRX MDCSTAT02401_OUT
recent2,KOSDAQ150,institution,007390,네이처셀,52085,33231,-18854,1309282200,839907500,-469374700,KRX MDCSTAT02401_OUT
recent2,KOSDAQ150,institution,319400,현대무벡스,67603,44879,-22724,1416240625,945909525,-470331100,KRX MDCSTAT02401_OUT
recent2,KOSDAQ150,institution,056080,유진로봇,56397,16563,-39834,679104230,201637000,-477467230,KRX MDCSTAT02401_OUT
recent2,KOSDAQ150,institution,096530,씨젠,72903,58045,-14858,2492111050,1990266500,-501844550,KRX MDCSTAT02401_OUT
recent2,KOSDAQ150,institution,090710,휴림로봇,99158,18604,-80554,623683565,118180930,-505502635,KRX MDCSTAT02401_OUT
recent2,KOSDAQ150,institution,018290,브이티,47979,2800,-45179,541223800,31670095,-509553705,KRX MDCSTAT02401_OUT
recent2,KOSDAQ150,institution,060250,NHN KCP,44975,6734,-38241,602870980,91053200,-511817780,KRX MDCSTAT02401_OUT
recent2,KOSDAQ150,institution,376300,디어유,32667,1808,-30859,554244580,30777845,-523466735,KRX MDCSTAT02401_OUT
recent2,KOSDAQ150,institution,032500,케이엠더블유,38391,10365,-28026,740581860,201795840,-538786020,KRX MDCSTAT02401_OUT
recent2,KOSDAQ150,institution,328130,루닛,176556,135999,-40557,2027331265,1473791440,-553539825,KRX MDCSTAT02401_OUT
recent2,KOSDAQ150,institution,074600,원익QnC,112308,92644,-19664,3272653075,2700401900,-572251175,KRX MDCSTAT02401_OUT
recent2,KOSDAQ150,institution,161580,필옵틱스,21273,3842,-17431,722498125,130048450,-592449675,KRX MDCSTAT02401_OUT
recent2,KOSDAQ150,institution,214150,클래시스,42671,23230,-19441,1314188525,717056450,-597132075,KRX MDCSTAT02401_OUT
recent2,KOSDAQ150,institution,0009K0,에임드바이오,51141,23022,-28119,1121466775,505987600,-615479175,KRX MDCSTAT02401_OUT
recent2,KOSDAQ150,institution,417200,LS머트리얼즈,200847,152909,-47938,2699361820,2066170125,-633191695,KRX MDCSTAT02401_OUT
recent2,KOSDAQ150,institution,039200,오스코텍,60793,42431,-18362,2172226650,1524831250,-647395400,KRX MDCSTAT02401_OUT
recent2,KOSDAQ150,institution,323280,태성,40502,25356,-15146,1942102700,1216676800,-725425900,KRX MDCSTAT02401_OUT
recent2,KOSDAQ150,institution,035760,CJ ENM,42350,23332,-19018,1645882450,906877325,-739005125,KRX MDCSTAT02401_OUT
recent2,KOSDAQ150,institution,035900,JYP Ent.,47115,27422,-19693,1786040800,1038674600,-747366200,KRX MDCSTAT02401_OUT
recent2,KOSDAQ150,institution,052400,코나아이,34833,13440,-21393,1303197000,510853300,-792343700,KRX MDCSTAT02401_OUT
recent2,KOSDAQ150,institution,056190,SFA,55910,26588,-29322,1563292025,744234300,-819057725,KRX MDCSTAT02401_OUT
recent2,KOSDAQ150,institution,101490,에스앤에스텍,30293,11318,-18975,1323261625,496360075,-826901550,KRX MDCSTAT02401_OUT
recent2,KOSDAQ150,institution,036620,감성코퍼레이션,308589,71046,-237543,1131813250,261765389,-870047861,KRX MDCSTAT02401_OUT
recent2,KOSDAQ150,institution,033500,동성화인텍,57290,2329,-54961,917740925,37442310,-880298615,KRX MDCSTAT02401_OUT
recent2,KOSDAQ150,institution,030530,원익홀딩스,104472,70471,-34001,2994319475,2018142925,-976176550,KRX MDCSTAT02401_OUT
recent2,KOSDAQ150,institution,293490,카카오게임즈,184851,66945,-117906,1692444380,615302105,-1077142275,KRX MDCSTAT02401_OUT
recent2,KOSDAQ150,institution,437730,삼현,33799,12238,-21561,1751751800,636775850,-1114975950,KRX MDCSTAT02401_OUT
recent2,KOSDAQ150,institution,058610,에스피지,60113,46793,-13320,5968496150,4729308850,-1239187300,KRX MDCSTAT02401_OUT
recent2,KOSDAQ150,institution,095610,테스,76653,68652,-8001,12292930400,11037452200,-1255478200,KRX MDCSTAT02401_OUT
recent2,KOSDAQ150,institution,145020,휴젤,32268,25459,-6809,6049045300,4786704250,-1262341050,KRX MDCSTAT02401_OUT
recent2,KOSDAQ150,institution,290650,엘앤씨바이오,33149,4808,-28341,1541941950,224553150,-1317388800,KRX MDCSTAT02401_OUT
recent2,KOSDAQ150,institution,000250,삼천당제약,40912,32827,-8085,6780102800,5452432100,-1327670700,KRX MDCSTAT02401_OUT
recent2,KOSDAQ150,institution,006730,서부T&D,277740,152700,-125040,3047661070,1716842345,-1330818725,KRX MDCSTAT02401_OUT
recent2,KOSDAQ150,institution,263750,펄어비스,80952,40318,-40634,2722025550,1361115950,-1360909600,KRX MDCSTAT02401_OUT
recent2,KOSDAQ150,institution,218410,RFHIC,92544,66864,-25680,5402261000,3900449200,-1501811800,KRX MDCSTAT02401_OUT
recent2,KOSDAQ150,institution,131290,티에스이,36238,30012,-6226,10411623500,8686786000,-1724837500,KRX MDCSTAT02401_OUT
recent2,KOSDAQ150,institution,031980,피에스케이홀딩스,50967,39429,-11538,8364563800,6611938650,-1752625150,KRX MDCSTAT02401_OUT
recent2,KOSDAQ150,institution,310210,보로노이,35319,22465,-12854,4972208800,3208197100,-1764011700,KRX MDCSTAT02401_OUT
recent2,KOSDAQ150,institution,087010,펩트론,29968,16182,-13786,4282289050,2335950100,-1946338950,KRX MDCSTAT02401_OUT
recent2,KOSDAQ150,institution,068760,셀트리온제약,84647,33407,-51240,3328411875,1314952600,-2013459275,KRX MDCSTAT02401_OUT
recent2,KOSDAQ150,institution,098460,고영,110325,39461,-70864,3224178250,1156193350,-2067984900,KRX MDCSTAT02401_OUT
recent2,KOSDAQ150,institution,089030,테크윙,136772,91431,-45341,6727669200,4501687425,-2225981775,KRX MDCSTAT02401_OUT
recent2,KOSDAQ150,institution,039030,이오테크닉스,54824,49977,-4847,26047812500,23811667250,-2236145250,KRX MDCSTAT02401_OUT
recent2,KOSDAQ150,institution,232140,와이씨,214427,51264,-163163,3031925590,724798180,-2307127410,KRX MDCSTAT02401_OUT
recent2,KOSDAQ150,institution,131970,두산테스나,78227,52798,-25429,7186370800,4857658250,-2328712550,KRX MDCSTAT02401_OUT
recent2,KOSDAQ150,institution,014620,성광벤드,112455,36671,-75784,3466770150,1133437425,-2333332725,KRX MDCSTAT02401_OUT
recent2,KOSDAQ150,institution,080220,제주반도체,95184,64031,-31153,7270190150,4931547050,-2338643100,KRX MDCSTAT02401_OUT
recent2,KOSDAQ150,institution,277810,레인보우로보틱스,15138,7982,-7156,6509993750,3464870000,-3045123750,KRX MDCSTAT02401_OUT
recent2,KOSDAQ150,institution,122870,와이지엔터테인먼트,114820,42684,-72136,4931086600,1834046875,-3097039725,KRX MDCSTAT02401_OUT
recent2,KOSDAQ150,institution,032820,우리기술,300609,46941,-253668,3888723165,612410240,-3276312925,KRX MDCSTAT02401_OUT
recent2,KOSDAQ150,institution,183300,코미코,276109,144327,-131782,8557471000,4504347225,-4053123775,KRX MDCSTAT02401_OUT
recent2,KOSDAQ150,institution,041510,에스엠,91724,38491,-53233,7552531100,3168493150,-4384037950,KRX MDCSTAT02401_OUT
recent2,KOSDAQ150,institution,043260,성호전자,681442,496433,-185009,17456387700,12825769650,-4630618050,KRX MDCSTAT02401_OUT
recent2,KOSDAQ150,institution,403870,HPSP,414515,330828,-83687,23105082400,18402694200,-4702388200,KRX MDCSTAT02401_OUT
recent2,KOSDAQ150,institution,067310,하나마이크론,317863,205113,-112750,14580104350,9437375100,-5142729250,KRX MDCSTAT02401_OUT
recent2,KOSDAQ150,institution,028300,HLB,180917,37101,-143816,6534640025,1190039250,-5344600775,KRX MDCSTAT02401_OUT
recent2,KOSDAQ150,institution,141080,리가켐바이오,122874,54561,-68313,9940524200,4428416600,-5512107600,KRX MDCSTAT02401_OUT
recent2,KOSDAQ150,institution,241710,코스메카코리아,88444,28770,-59674,11150107700,3648681850,-7501425850,KRX MDCSTAT02401_OUT
recent2,KOSDAQ150,institution,083650,비에이치아이,171140,46217,-124923,10314208700,2800929800,-7513278900,KRX MDCSTAT02401_OUT
recent2,KOSDAQ150,institution,298380,에이비엘바이오,234200,81118,-153082,11819826225,4101194025,-7718632200,KRX MDCSTAT02401_OUT
recent2,KOSDAQ150,institution,240810,원익IPS,471965,362115,-109850,62134899050,48105093550,-14029805500,KRX MDCSTAT02401_OUT
recent2,KOSDAQ150,institution,257720,실리콘투,481741,98895,-382846,18802550775,3877346175,-14925204600,KRX MDCSTAT02401_OUT
recent2,KOSDAQ150,institution,108490,로보티즈,84935,28191,-56744,24908037250,8482970000,-16425067250,KRX MDCSTAT02401_OUT
recent2,KOSDAQ150,institution,036540,SFA반도체,3013218,1082293,-1930925,31527157220,11330978015,-20196179205,KRX MDCSTAT02401_OUT
recent2,KOSDAQ150,institution,222800,심텍,302083,157430,-144653,44848791350,23457612750,-21391178600,KRX MDCSTAT02401_OUT
recent3,KOSPI200,foreign,005930,삼성전자,19466769,19658612,191843,5422552074560,5526630065810,104077991250,KRX MDCSTAT02401_OUT
recent3,KOSPI200,foreign,096770,SK이노베이션,605139,1281236,676097,90657038100,192190779450,101533741350,KRX MDCSTAT02401_OUT
recent3,KOSPI200,foreign,066570,LG전자,753933,1176539,422606,160742605250,253267581500,92524976250,KRX MDCSTAT02401_OUT
recent3,KOSPI200,foreign,003490,대한항공,3393449,5634822,2241373,105879365550,174939087300,69059721750,KRX MDCSTAT02401_OUT
recent3,KOSPI200,foreign,006400,삼성SDI,193166,280935,87769,101828836000,148218699000,46389863000,KRX MDCSTAT02401_OUT
recent3,KOSPI200,foreign,010950,S-Oil,480141,722235,242094,75582589250,113199881550,37617292300,KRX MDCSTAT02401_OUT
recent3,KOSPI200,foreign,078930,GS,381327,718227,336900,42766365300,79561229550,36794864250,KRX MDCSTAT02401_OUT
recent3,KOSPI200,foreign,017670,SK텔레콤,452909,865806,412897,39611409100,75887791250,36276382150,KRX MDCSTAT02401_OUT
recent3,KOSPI200,foreign,402340,SK스퀘어,1468282,1491961,23679,1690606032799,1723112422299,32506389500,KRX MDCSTAT02401_OUT
recent3,KOSPI200,foreign,010120,LS ELECTRIC,332380,465158,132778,69268501750,97487891250,28219389500,KRX MDCSTAT02401_OUT
recent3,KOSPI200,foreign,042700,한미반도체,438751,552417,113666,105523073250,133027592500,27504519250,KRX MDCSTAT02401_OUT
recent3,KOSPI200,foreign,003230,삼양식품,44321,66709,22388,54558284000,81890174000,27331890000,KRX MDCSTAT02401_OUT
recent3,KOSPI200,foreign,161890,한국콜마,241661,424886,183225,35587743150,62600082550,27012339400,KRX MDCSTAT02401_OUT
recent3,KOSPI200,foreign,011070,LG이노텍,227254,267099,39845,127157020220,151119138220,23962118000,KRX MDCSTAT02401_OUT
recent3,KOSPI200,foreign,024110,기업은행,1183112,2097860,914748,24117038060,43350635585,19233597525,KRX MDCSTAT02401_OUT
recent3,KOSPI200,foreign,373220,LG에너지솔루션,282596,327518,44922,100465749750,117178901500,16713151750,KRX MDCSTAT02401_OUT
recent3,KOSPI200,foreign,001450,현대해상,460471,793061,332590,22213810400,38127028700,15913218300,KRX MDCSTAT02401_OUT
recent3,KOSPI200,foreign,000990,DB하이텍,348258,471638,123380,45566198300,61422682950,15856484650,KRX MDCSTAT02401_OUT
recent3,KOSPI200,foreign,483650,달바글로벌,137863,224239,86376,25149670250,40989967250,15840297000,KRX MDCSTAT02401_OUT
recent3,KOSPI200,foreign,278470,에이피알,223290,260118,36828,81767099500,95198963250,13431863750,KRX MDCSTAT02401_OUT
recent3,KOSPI200,foreign,086280,현대글로비스,251710,316338,64628,50284471750,63232501850,12948030100,KRX MDCSTAT02401_OUT
recent3,KOSPI200,foreign,329180,HD현대중공업,157263,184717,27454,70075183000,82515293750,12440110750,KRX MDCSTAT02401_OUT
recent3,KOSPI200,foreign,018260,삼성에스디에스,97177,152437,55260,21591775750,33888440250,12296664500,KRX MDCSTAT02401_OUT
recent3,KOSPI200,foreign,138930,BNK금융지주,857042,1577129,720087,13750705660,25519700325,11768994665,KRX MDCSTAT02401_OUT
recent3,KOSPI200,foreign,016360,삼성증권,502414,617658,115244,45420746154,56069177554,10648431400,KRX MDCSTAT02401_OUT
recent3,KOSPI200,foreign,009830,한화솔루션,3428167,3717260,289093,106816197425,117202516825,10386319400,KRX MDCSTAT02401_OUT
recent3,KOSPI200,foreign,001040,CJ,141686,218373,76687,18544711650,28720151250,10175439600,KRX MDCSTAT02401_OUT
recent3,KOSPI200,foreign,035720,카카오,1510757,1804608,293851,51406589925,61530298650,10123708725,KRX MDCSTAT02401_OUT
recent3,KOSPI200,foreign,033780,KT&G,434976,477831,42855,75806562650,83387304350,7580741700,KRX MDCSTAT02401_OUT
recent3,KOSPI200,foreign,093370,후성,3056893,3549945,493052,43208605805,50517137245,7308531440,KRX MDCSTAT02401_OUT
recent3,KOSPI200,foreign,375500,DL이앤씨,314795,402789,87994,26063435000,33184021150,7120586150,KRX MDCSTAT02401_OUT
recent3,KOSPI200,foreign,011200,HMM,540500,872050,331550,11366346525,18412163250,7045816725,KRX MDCSTAT02401_OUT
recent3,KOSPI200,foreign,088350,한화생명,1987981,3130542,1142561,11258015595,17859107590,6601091995,KRX MDCSTAT02401_OUT
recent3,KOSPI200,foreign,192820,코스맥스,61787,84949,23162,16762509250,23028765750,6266256500,KRX MDCSTAT02401_OUT
recent3,KOSPI200,foreign,128940,한미약품,65006,76826,11820,33331756500,39400954000,6069197500,KRX MDCSTAT02401_OUT
recent3,KOSPI200,foreign,010060,OCI홀딩스,403023,418896,15873,83239415250,88512480950,5273065700,KRX MDCSTAT02401_OUT
recent3,KOSPI200,foreign,009540,HD한국조선해양,206734,222080,15346,69601244750,74831513750,5230269000,KRX MDCSTAT02401_OUT
recent3,KOSPI200,foreign,361610,SK아이이테크놀로지,291647,588940,297293,5036702360,10181376615,5144674255,KRX MDCSTAT02401_OUT
recent3,KOSPI200,foreign,004170,신세계,77760,90961,13201,27270050500,31937439250,4667388750,KRX MDCSTAT02401_OUT
recent3,KOSPI200,foreign,377300,카카오페이,135264,236371,101107,5536986625,9738597375,4201610750,KRX MDCSTAT02401_OUT
recent3,KOSPI200,foreign,443060,HD현대마린솔루션,102698,119603,16905,24774886890,28860329640,4085442750,KRX MDCSTAT02401_OUT
recent3,KOSPI200,foreign,000880,한화,162551,192609,30058,21479315400,25475081850,3995766450,KRX MDCSTAT02401_OUT
recent3,KOSPI200,foreign,073240,금호타이어,1582862,2156851,573989,10610671185,14587504030,3976832845,KRX MDCSTAT02401_OUT
recent3,KOSPI200,foreign,047050,포스코인터내셔널,430210,498851,68641,24407373050,28328800700,3921427650,KRX MDCSTAT02401_OUT
recent3,KOSPI200,foreign,029780,삼성카드,129021,211383,82362,5527549925,9087482125,3559932200,KRX MDCSTAT02401_OUT
recent3,KOSPI200,foreign,079550,LIG디펜스앤에어로스페이스,70129,74806,4677,49216407000,52295197000,3078790000,KRX MDCSTAT02401_OUT
recent3,KOSPI200,foreign,180640,한진칼,74013,95028,21015,10455334400,13434912750,2979578350,KRX MDCSTAT02401_OUT
recent3,KOSPI200,foreign,251270,넷마블,118531,201695,83164,4124595850,7041404925,2916809075,KRX MDCSTAT02401_OUT
recent3,KOSPI200,foreign,139130,iM금융지주,525584,674619,149035,9496358460,12321862835,2825504375,KRX MDCSTAT02401_OUT
recent3,KOSPI200,foreign,097950,CJ제일제당,68450,83481,15031,12054136700,14763676150,2709539450,KRX MDCSTAT02401_OUT
recent3,KOSPI200,foreign,000810,삼성화재,154039,157622,3583,100160873500,102557130000,2396256500,KRX MDCSTAT02401_OUT
recent3,KOSPI200,foreign,007070,GS리테일,161256,265089,103833,3707287975,6090700900,2383412925,KRX MDCSTAT02401_OUT
recent3,KOSPI200,foreign,021240,코웨이,351138,374881,23743,34970773000,37302861400,2332088400,KRX MDCSTAT02401_OUT
recent3,KOSPI200,foreign,285130,SK케미칼,31510,77971,46461,1592349400,3921198050,2328848650,KRX MDCSTAT02401_OUT
recent3,KOSPI200,foreign,011790,SKC,101865,126695,24830,9154567200,11433092750,2278525550,KRX MDCSTAT02401_OUT
recent3,KOSPI200,foreign,032640,LG유플러스,1687986,1832298,144312,24717129737,26866782227,2149652490,KRX MDCSTAT02401_OUT
recent3,KOSPI200,foreign,259960,크래프톤,108683,118691,10008,21796474912,23858663612,2062188700,KRX MDCSTAT02401_OUT
recent3,KOSPI200,foreign,161390,한국타이어앤테크놀로지,476052,510801,34749,27636210750,29658935350,2022724600,KRX MDCSTAT02401_OUT
recent3,KOSPI200,foreign,002380,KCC,32098,35962,3864,15133156250,17017580500,1884424250,KRX MDCSTAT02401_OUT
recent3,KOSPI200,foreign,005850,에스엘,103059,140132,37073,5072419825,6914755225,1842335400,KRX MDCSTAT02401_OUT
recent3,KOSPI200,foreign,138040,메리츠금융지주,243037,257337,14300,31480324450,33240138950,1759814500,KRX MDCSTAT02401_OUT
recent3,KOSPI200,foreign,028670,팬오션,1626799,1926195,299396,9260283950,10956908605,1696624655,KRX MDCSTAT02401_OUT
recent3,KOSPI200,foreign,450080,에코프로머티,228775,271078,42303,8090082100,9627106225,1537024125,KRX MDCSTAT02401_OUT
recent3,KOSPI200,foreign,207940,삼성바이오로직스,63853,64874,1021,88399756668,89920930668,1521174000,KRX MDCSTAT02401_OUT
recent3,KOSPI200,foreign,307950,현대오토에버,60023,63865,3842,23084188250,24544548500,1460360250,KRX MDCSTAT02401_OUT
recent3,KOSPI200,foreign,009420,한올바이오파마,216176,248798,32622,9659703625,11045486325,1385782700,KRX MDCSTAT02401_OUT
recent3,KOSPI200,foreign,004370,농심,20572,23753,3181,8085015750,9336533500,1251517750,KRX MDCSTAT02401_OUT
recent3,KOSPI200,foreign,047810,한국항공우주,247843,255604,7761,31948238650,33100954300,1152715650,KRX MDCSTAT02401_OUT
recent3,KOSPI200,foreign,002790,아모레퍼시픽홀딩스,116280,159194,42914,3072608550,4209953725,1137345175,KRX MDCSTAT02401_OUT
recent3,KOSPI200,foreign,267250,HD현대,283397,288306,4909,58803419500,59940727000,1137307500,KRX MDCSTAT02401_OUT
recent3,KOSPI200,foreign,302440,SK바이오사이언스,60564,89740,29176,2173110725,3226543925,1053433200,KRX MDCSTAT02401_OUT
recent3,KOSPI200,foreign,192080,더블유게임즈,43305,56036,12731,2530424500,3272523950,742099450,KRX MDCSTAT02401_OUT
recent3,KOSPI200,foreign,271560,오리온,162912,169431,6519,18016735900,18739463800,722727900,KRX MDCSTAT02401_OUT
recent3,KOSPI200,foreign,003030,세아제강지주,18048,24710,6662,1897816900,2609049750,711232850,KRX MDCSTAT02401_OUT
recent3,KOSPI200,foreign,007340,DN오토모티브,197131,210537,13406,9657243650,10315776600,658532950,KRX MDCSTAT02401_OUT
recent3,KOSPI200,foreign,017960,한국카본,94132,121460,27328,1927691375,2479487825,551796450,KRX MDCSTAT02401_OUT
recent3,KOSPI200,foreign,062040,산일전기,208934,211280,2346,43067053850,43532943350,465889500,KRX MDCSTAT02401_OUT
recent3,KOSPI200,foreign,185750,종근당,37804,44151,6347,2443201850,2857062200,413860350,KRX MDCSTAT02401_OUT
recent3,KOSPI200,foreign,006280,녹십자,16551,19698,3147,2047243500,2438408850,391165350,KRX MDCSTAT02401_OUT
recent3,KOSPI200,foreign,300720,한일시멘트,41457,65320,23863,670422985,1060770025,390347040,KRX MDCSTAT02401_OUT
recent3,KOSPI200,foreign,000080,하이트진로,89972,115648,25676,1352001110,1740333950,388332840,KRX MDCSTAT02401_OUT
recent3,KOSPI200,foreign,005300,롯데칠성,21427,25410,3983,2043019350,2428005350,384986000,KRX MDCSTAT02401_OUT
recent3,KOSPI200,foreign,000210,DL,34636,40325,5689,1791125300,2089451100,298325800,KRX MDCSTAT02401_OUT
recent3,KOSPI200,foreign,298020,효성티앤씨,15199,16118,919,4726225750,5021593500,295367750,KRX MDCSTAT02401_OUT
recent3,KOSPI200,foreign,000240,한국앤컴퍼니,107210,118197,10987,2643702275,2922594675,278892400,KRX MDCSTAT02401_OUT
recent3,KOSPI200,foreign,003240,태광산업,722,1006,284,652422000,909121500,256699500,KRX MDCSTAT02401_OUT
recent3,KOSPI200,foreign,002840,미원상사,1053,2768,1715,143595500,379245150,235649650,KRX MDCSTAT02401_OUT
recent3,KOSPI200,foreign,120110,코오롱인더,127314,132292,4978,7045274950,7278352500,233077550,KRX MDCSTAT02401_OUT
recent3,KOSPI200,foreign,280360,롯데웰푸드,16154,17959,1805,2025200550,2247726100,222525550,KRX MDCSTAT02401_OUT
recent3,KOSPI200,foreign,009150,삼성전기,569206,567121,-2085,857017650500,857224461500,206811000,KRX MDCSTAT02401_OUT
recent3,KOSPI200,foreign,008930,한미사이언스,124019,127097,3078,6423092300,6596479300,173387000,KRX MDCSTAT02401_OUT
recent3,KOSPI200,foreign,204320,HL만도,305352,308475,3123,14124618775,14269886500,145267725,KRX MDCSTAT02401_OUT
recent3,KOSPI200,foreign,009970,영원무역홀딩스,15986,16781,795,2655405900,2787345300,131939400,KRX MDCSTAT02401_OUT
recent3,KOSPI200,foreign,011210,현대위아,87865,88796,931,4695341950,4763812750,68470800,KRX MDCSTAT02401_OUT
recent3,KOSPI200,foreign,268280,미원에스씨,716,963,247,94537350,126633100,32095750,KRX MDCSTAT02401_OUT
recent3,KOSPI200,foreign,007700,F&F홀딩스,6661,7743,1082,89017460,103455245,14437785,KRX MDCSTAT02401_OUT
recent3,KOSPI200,foreign,071050,한국금융지주,219120,219298,178,40776159000,40782747500,6588500,KRX MDCSTAT02401_OUT
recent3,KOSPI200,foreign,009240,한샘,35278,34839,-439,1409198750,1402716575,-6482175,KRX MDCSTAT02401_OUT
recent3,KOSPI200,foreign,026960,동서,42170,41838,-332,1076329100,1069608375,-6720725,KRX MDCSTAT02401_OUT
recent3,KOSPI200,foreign,014820,동원시스템즈,21174,19408,-1766,444924225,406989675,-37934550,KRX MDCSTAT02401_OUT
recent3,KOSPI200,foreign,003090,대웅,77535,75020,-2515,1235602615,1197476925,-38125690,KRX MDCSTAT02401_OUT
recent3,KOSPI200,foreign,006040,동원산업,46275,43997,-2278,1635106900,1558080250,-77026650,KRX MDCSTAT02401_OUT
recent3,KOSPI200,foreign,005420,코스모화학,121431,111248,-10183,1256189805,1154796415,-101393390,KRX MDCSTAT02401_OUT
recent3,KOSPI200,foreign,000120,CJ대한통운,43979,42353,-1626,3096600550,2990023100,-106577450,KRX MDCSTAT02401_OUT
recent3,KOSPI200,foreign,023530,롯데쇼핑,139828,140175,347,14876785550,14735010250,-141775300,KRX MDCSTAT02401_OUT
recent3,KOSPI200,foreign,137310,에스디바이오센서,139960,111880,-28080,854226690,686644045,-167582645,KRX MDCSTAT02401_OUT
recent3,KOSPI200,foreign,007310,오뚜기,5533,4844,-689,1739418000,1529079250,-210338750,KRX MDCSTAT02401_OUT
recent3,KOSPI200,foreign,064400,LG씨엔에스,450461,443413,-7048,31743604900,31505812700,-237792200,KRX MDCSTAT02401_OUT
recent3,KOSPI200,foreign,001680,대상,80908,66360,-14548,1453038540,1197147195,-255891345,KRX MDCSTAT02401_OUT
recent3,KOSPI200,foreign,004000,롯데정밀화학,75410,69189,-6221,3298888500,3029474075,-269414425,KRX MDCSTAT02401_OUT
recent3,KOSPI200,foreign,005830,DB손해보험,282729,281963,-766,52655875550,52365654100,-290221450,KRX MDCSTAT02401_OUT
recent3,KOSPI200,foreign,008730,율촌화학,99804,78540,-21264,1477258990,1169931420,-307327570,KRX MDCSTAT02401_OUT
recent3,KOSPI200,foreign,282330,BGF리테일,63413,61054,-2359,8462756650,8146235500,-316521150,KRX MDCSTAT02401_OUT
recent3,KOSPI200,foreign,012750,에스원,117543,113565,-3978,9706530581,9377200231,-329330350,KRX MDCSTAT02401_OUT
recent3,KOSPI200,foreign,002030,아세아,3424,1696,-1728,716193750,355464000,-360729750,KRX MDCSTAT02401_OUT
recent3,KOSPI200,foreign,069260,TKG휴켐스,85428,59631,-25797,1410248875,977881160,-432367715,KRX MDCSTAT02401_OUT
recent3,KOSPI200,foreign,111770,영원무역,118662,111644,-7018,8424892906,7943406356,-481486550,KRX MDCSTAT02401_OUT
recent3,KOSPI200,foreign,298050,HS효성첨단소재,13090,10003,-3087,2102059600,1620349450,-481710150,KRX MDCSTAT02401_OUT
recent3,KOSPI200,foreign,081660,미스토홀딩스,198722,185376,-13346,7531123650,7025163550,-505960100,KRX MDCSTAT02401_OUT
recent3,KOSPI200,foreign,030000,제일기획,294149,264288,-29861,5197820535,4677404575,-520415960,KRX MDCSTAT02401_OUT
recent3,KOSPI200,foreign,030200,KT,238721,228512,-10209,12647911988,12109370588,-538541400,KRX MDCSTAT02401_OUT
recent3,KOSPI200,foreign,022100,포스코DX,265789,231195,-34594,5379629440,4680540025,-699089415,KRX MDCSTAT02401_OUT
recent3,KOSPI200,foreign,457190,이수스페셜티케미컬,96482,84635,-11847,6249010900,5494397750,-754613150,KRX MDCSTAT02401_OUT
recent3,KOSPI200,foreign,001800,오리온홀딩스,116185,83348,-32837,2764751925,1984664825,-780087100,KRX MDCSTAT02401_OUT
recent3,KOSPI200,foreign,112610,씨에스윈드,296353,280312,-16041,15125824900,14325607825,-800217075,KRX MDCSTAT02401_OUT
recent3,KOSPI200,foreign,006650,대한유화,59080,50318,-8762,5507808150,4694264350,-813543800,KRX MDCSTAT02401_OUT
recent3,KOSPI200,foreign,004990,롯데지주,143873,110268,-33605,3515878400,2695669500,-820208900,KRX MDCSTAT02401_OUT
recent3,KOSPI200,foreign,000100,유한양행,335820,323327,-12493,25029601900,24104347800,-925254100,KRX MDCSTAT02401_OUT
recent3,KOSPI200,foreign,035250,강원랜드,356824,289837,-66987,5132860535,4169994175,-962866360,KRX MDCSTAT02401_OUT
recent3,KOSPI200,foreign,103140,풍산,85170,72242,-12928,6645305250,5654858950,-990446300,KRX MDCSTAT02401_OUT
recent3,KOSPI200,foreign,069620,대웅제약,21355,11147,-10208,2303787250,1204408500,-1099378750,KRX MDCSTAT02401_OUT
recent3,KOSPI200,foreign,000670,영풍,135932,108502,-27430,6007997350,4793975125,-1214022225,KRX MDCSTAT02401_OUT
recent3,KOSPI200,foreign,039490,키움증권,99866,94514,-5352,26076429750,24732738500,-1343691250,KRX MDCSTAT02401_OUT
recent3,KOSPI200,foreign,0126Z0,삼성에피스홀딩스,44542,40294,-4248,14847033750,13467798000,-1379235750,KRX MDCSTAT02401_OUT
recent3,KOSPI200,foreign,011780,금호석유화학,103596,91561,-12035,12173143900,10763436050,-1409707850,KRX MDCSTAT02401_OUT
recent3,KOSPI200,foreign,034230,파라다이스,319393,161835,-157558,3056180660,1549382115,-1506798545,KRX MDCSTAT02401_OUT
recent3,KOSPI200,foreign,071320,지역난방공사,33749,13844,-19905,2644641450,1089589250,-1555052200,KRX MDCSTAT02401_OUT
recent3,KOSPI200,foreign,008770,호텔신라,142170,99118,-43052,5732896700,4001682600,-1731214100,KRX MDCSTAT02401_OUT
recent3,KOSPI200,foreign,051600,한전KPS,135049,95354,-39695,6253233200,4420591550,-1832641650,KRX MDCSTAT02401_OUT
recent3,KOSPI200,foreign,011170,롯데케미칼,181960,150234,-31726,11295566050,9244102600,-2051463450,KRX MDCSTAT02401_OUT
recent3,KOSPI200,foreign,018880,한온시스템,2836701,2157357,-679344,9409407887,7136559650,-2272848237,KRX MDCSTAT02401_OUT
recent3,KOSPI200,foreign,051900,LG생활건강,91883,83843,-8040,27073366500,24745574500,-2327792000,KRX MDCSTAT02401_OUT
recent3,KOSPI200,foreign,051910,LG화학,294804,283985,-10819,75697652250,73133934500,-2563717750,KRX MDCSTAT02401_OUT
recent3,KOSPI200,foreign,036460,한국가스공사,231682,155440,-76242,8271518575,5532861150,-2738657425,KRX MDCSTAT02401_OUT
recent3,KOSPI200,foreign,316140,우리금융지주,2369373,2285351,-84022,85001679675,82112717050,-2888962625,KRX MDCSTAT02401_OUT
recent3,KOSPI200,foreign,017800,현대엘리베이터,124794,85475,-39319,9225759200,6315659050,-2910100150,KRX MDCSTAT02401_OUT
recent3,KOSPI200,foreign,036570,NC,131382,117419,-13963,28406872000,25385820750,-3021051250,KRX MDCSTAT02401_OUT
recent3,KOSPI200,foreign,241560,두산밥캣,337076,276723,-60353,19570647200,16087229950,-3483417250,KRX MDCSTAT02401_OUT
recent3,KOSPI200,foreign,006260,LS,103344,93318,-10026,33436442750,29892959250,-3543483500,KRX MDCSTAT02401_OUT
recent3,KOSPI200,foreign,012330,현대모비스,316069,306616,-9453,118316180250,114671639500,-3644540750,KRX MDCSTAT02401_OUT
recent3,KOSPI200,foreign,003550,LG,360974,327372,-33602,41379521200,37459476900,-3920044300,KRX MDCSTAT02401_OUT
recent3,KOSPI200,foreign,071970,HD현대마린엔진,172213,90117,-82096,8493681175,4469523825,-4024157350,KRX MDCSTAT02401_OUT
recent3,KOSPI200,foreign,175330,JB금융지주,595611,454752,-140859,18213656675,13915673250,-4297983425,KRX MDCSTAT02401_OUT
recent3,KOSPI200,foreign,001430,세아베스틸지주,194419,95146,-99273,8770108650,4314537350,-4455571300,KRX MDCSTAT02401_OUT
recent3,KOSPI200,foreign,069960,현대백화점,174461,128932,-45529,16752276150,12212682850,-4539593300,KRX MDCSTAT02401_OUT
recent3,KOSPI200,foreign,005490,POSCO홀딩스,214715,199496,-15219,67627306750,62869227250,-4758079500,KRX MDCSTAT02401_OUT
recent3,KOSPI200,foreign,066970,엘앤에프,388957,338760,-50197,43030903650,37870380800,-5160522850,KRX MDCSTAT02401_OUT
recent3,KOSPI200,foreign,034220,LG디스플레이,5649941,5019543,-630398,48092971945,42864533930,-5228438015,KRX MDCSTAT02401_OUT
recent3,KOSPI200,foreign,035420,NAVER,692440,660177,-32263,136614257700,131259940850,-5354316850,KRX MDCSTAT02401_OUT
recent3,KOSPI200,foreign,326030,SK바이오팜,165784,88664,-77120,12692496950,6778554700,-5913942250,KRX MDCSTAT02401_OUT
recent3,KOSPI200,foreign,006800,미래에셋증권,1341901,1153632,-188269,43975320050,38023983475,-5951336575,KRX MDCSTAT02401_OUT
recent3,KOSPI200,foreign,068270,셀트리온,386586,351024,-35562,69089924000,62667464950,-6422459050,KRX MDCSTAT02401_OUT
recent3,KOSPI200,foreign,032830,삼성생명,501536,478996,-22540,147628025170,141094539670,-6533485500,KRX MDCSTAT02401_OUT
recent3,KOSPI200,foreign,010130,고려아연,16639,10356,-6283,18560123500,11507697000,-7052426500,KRX MDCSTAT02401_OUT
recent3,KOSPI200,foreign,139480,이마트,164730,65454,-99276,11866819900,4715060750,-7151759150,KRX MDCSTAT02401_OUT
recent3,KOSPI200,foreign,047040,대우건설,8030022,7390679,-639343,146622580455,138357658765,-8264921690,KRX MDCSTAT02401_OUT
recent3,KOSPI200,foreign,014680,한솔케미칼,96742,59767,-36975,22373800000,13732037750,-8641762250,KRX MDCSTAT02401_OUT
recent3,KOSPI200,foreign,090430,아모레퍼시픽,318235,257010,-61225,45355917724,36679180624,-8676737100,KRX MDCSTAT02401_OUT
recent3,KOSPI200,foreign,323410,카카오뱅크,1809175,1357310,-451865,36451992835,27423446175,-9028546660,KRX MDCSTAT02401_OUT
recent3,KOSPI200,foreign,454910,두산로보틱스,262067,131916,-130151,18473512800,9355678900,-9117833900,KRX MDCSTAT02401_OUT
recent3,KOSPI200,foreign,005940,NH투자증권,901976,524264,-377712,23637993375,13699938300,-9938055075,KRX MDCSTAT02401_OUT
recent3,KOSPI200,foreign,064350,현대로템,495829,403558,-92271,58004556750,47219517000,-10785039750,KRX MDCSTAT02401_OUT
recent3,KOSPI200,foreign,004020,현대제철,1230342,934350,-295992,40970198525,29553349625,-11416848900,KRX MDCSTAT02401_OUT
recent3,KOSPI200,foreign,082740,한화엔진,631673,381203,-250470,30724496975,18523741900,-12200755075,KRX MDCSTAT02401_OUT
recent3,KOSPI200,foreign,267270,HD건설기계,373676,265305,-108371,49569033650,35783860650,-13785173000,KRX MDCSTAT02401_OUT
recent3,KOSPI200,foreign,352820,하이브,437605,348592,-89013,69521675355,55571358755,-13950316600,KRX MDCSTAT02401_OUT
recent3,KOSPI200,foreign,052690,한전기술,613542,503022,-110520,82375535250,67739377500,-14636157750,KRX MDCSTAT02401_OUT
recent3,KOSPI200,foreign,298040,효성중공업,49154,43531,-5623,140404379500,125744498500,-14659881000,KRX MDCSTAT02401_OUT
recent3,KOSPI200,foreign,015760,한국전력,1269072,727619,-541453,38890199975,22290919125,-16599280850,KRX MDCSTAT02401_OUT
recent3,KOSPI200,foreign,003670,포스코퓨처엠,519245,418388,-100857,95177952700,77214904000,-17963048700,KRX MDCSTAT02401_OUT
recent3,KOSPI200,foreign,000270,기아,1713153,1556181,-156972,201116883100,182677306150,-18439576950,KRX MDCSTAT02401_OUT
recent3,KOSPI200,foreign,086790,하나금융지주,1142716,999423,-143293,153346680620,134234884120,-19111796500,KRX MDCSTAT02401_OUT
recent3,KOSPI200,foreign,272210,한화시스템,873520,572543,-300977,64923321750,42557203000,-22366118750,KRX MDCSTAT02401_OUT
recent3,KOSPI200,foreign,000720,현대건설,843325,660904,-182421,106577794850,83095211050,-23482583800,KRX MDCSTAT02401_OUT
recent3,KOSPI200,foreign,007660,이수페타시스,1109058,882421,-226637,128178996650,102776504800,-25402491850,KRX MDCSTAT02401_OUT
recent3,KOSPI200,foreign,012450,한화에어로스페이스,225991,197150,-28841,234517664000,204856836500,-29660827500,KRX MDCSTAT02401_OUT
recent3,KOSPI200,foreign,034730,SK,215520,159806,-55714,127337333500,94790955500,-32546378000,KRX MDCSTAT02401_OUT
recent3,KOSPI200,foreign,042660,한화오션,818910,378353,-440557,65945158100,30499904200,-35445253900,KRX MDCSTAT02401_OUT
recent3,KOSPI200,foreign,000150,두산,118737,94155,-24582,174659294884,139078930884,-35580364000,KRX MDCSTAT02401_OUT
recent3,KOSPI200,foreign,267260,HD현대일렉트릭,158163,106325,-51838,111712178000,75210242000,-36501936000,KRX MDCSTAT02401_OUT
recent3,KOSPI200,foreign,028050,삼성E&A,2452186,1716010,-736176,122781177775,86054287200,-36726890575,KRX MDCSTAT02401_OUT
recent3,KOSPI200,foreign,055550,신한지주,1606694,1246566,-360128,178557560600,138653626950,-39903933650,KRX MDCSTAT02401_OUT
recent3,KOSPI200,foreign,001440,대한전선,3975866,2644376,-1331490,125052619775,84308114400,-40744505375,KRX MDCSTAT02401_OUT
recent3,KOSPI200,foreign,010140,삼성중공업,3699879,1632285,-2067594,75300244158,33251903933,-42048340225,KRX MDCSTAT02401_OUT
recent3,KOSPI200,foreign,028260,삼성물산,648041,499471,-148570,231118229596,178795495846,-52322733750,KRX MDCSTAT02401_OUT
recent3,KOSPI200,foreign,105560,KB금융,1334426,963945,-370481,232677724950,167953819250,-64723905700,KRX MDCSTAT02401_OUT
recent3,KOSPI200,foreign,005380,현대차,769144,520620,-248524,275060378750,186016103000,-89044275750,KRX MDCSTAT02401_OUT
recent3,KOSPI200,foreign,034020,두산에너빌리티,3613531,1502114,-2111417,300884875250,125691950950,-175192924300,KRX MDCSTAT02401_OUT
recent3,KOSPI200,foreign,000660,SK하이닉스,4406561,2561680,-1844881,8095432219924,4738830958924,-3356601261000,KRX MDCSTAT02401_OUT
recent3,KOSPI200,institution,009150,삼성전기,556557,692211,135654,839486302500,1046415705000,206929402500,KRX MDCSTAT02401_OUT
recent3,KOSPI200,institution,003490,대한항공,1996847,4242267,2245420,62316313725,131946330575,69630016850,KRX MDCSTAT02401_OUT
recent3,KOSPI200,institution,066570,LG전자,421500,701776,280276,90282657250,150673600750,60390943500,KRX MDCSTAT02401_OUT
recent3,KOSPI200,institution,011070,LG이노텍,140178,244649,104471,79067361500,138568241000,59500879500,KRX MDCSTAT02401_OUT
recent3,KOSPI200,institution,105560,KB금융,657334,994430,337096,114605425950,173579533200,58974107250,KRX MDCSTAT02401_OUT
recent3,KOSPI200,institution,034730,SK,94027,179662,85635,55407363000,106277119500,50869756500,KRX MDCSTAT02401_OUT
recent3,KOSPI200,institution,009830,한화솔루션,662872,2035485,1372613,20685578650,63724811600,43039232950,KRX MDCSTAT02401_OUT
recent3,KOSPI200,institution,096770,SK이노베이션,727231,954442,227211,107845189900,143675882600,35830692700,KRX MDCSTAT02401_OUT
recent3,KOSPI200,institution,000150,두산,49414,70224,20810,72609402000,103633501500,31024099500,KRX MDCSTAT02401_OUT
recent3,KOSPI200,institution,055550,신한지주,787988,1055194,267206,87683514950,117494615250,29811100300,KRX MDCSTAT02401_OUT
recent3,KOSPI200,institution,007660,이수페타시스,396049,593748,197699,45621707150,68975933250,23354226100,KRX MDCSTAT02401_OUT
recent3,KOSPI200,institution,066970,엘앤에프,298835,464977,166142,33072908350,51681006300,18608097950,KRX MDCSTAT02401_OUT
recent3,KOSPI200,institution,003670,포스코퓨처엠,271269,360827,89558,49998382850,66534153000,16535770150,KRX MDCSTAT02401_OUT
recent3,KOSPI200,institution,042700,한미반도체,270551,333930,63379,64819054500,80349206500,15530152000,KRX MDCSTAT02401_OUT
recent3,KOSPI200,institution,014680,한솔케미칼,40817,103150,62333,9416961500,23944798000,14527836500,KRX MDCSTAT02401_OUT
recent3,KOSPI200,institution,006260,LS,63906,100133,36227,20685543500,32567878500,11882335000,KRX MDCSTAT02401_OUT
recent3,KOSPI200,institution,016360,삼성증권,201130,326180,125050,18213221850,29679586550,11466364700,KRX MDCSTAT02401_OUT
recent3,KOSPI200,institution,086790,하나금융지주,524125,608196,84071,70381447000,81698273950,11316826950,KRX MDCSTAT02401_OUT
recent3,KOSPI200,institution,036570,NC,61929,110194,48265,13266728500,23943890000,10677161500,KRX MDCSTAT02401_OUT
recent3,KOSPI200,institution,090430,아모레퍼시픽,95862,162066,66204,13656104350,23093150750,9437046400,KRX MDCSTAT02401_OUT
recent3,KOSPI200,institution,138040,메리츠금융지주,188566,257662,69096,24219293450,33424853800,9205560350,KRX MDCSTAT02401_OUT
recent3,KOSPI200,institution,035720,카카오,562731,829295,266564,19120962525,28303424950,9182462425,KRX MDCSTAT02401_OUT
recent3,KOSPI200,institution,028050,삼성E&A,583203,764605,181402,29204705300,38221296225,9016590925,KRX MDCSTAT02401_OUT
recent3,KOSPI200,institution,272210,한화시스템,370845,482736,111891,27723381200,36397505200,8674124000,KRX MDCSTAT02401_OUT
recent3,KOSPI200,institution,112610,씨에스윈드,86982,226120,139138,4449553175,11669405275,7219852100,KRX MDCSTAT02401_OUT
recent3,KOSPI200,institution,003550,LG,130917,190348,59431,15015253450,22024313900,7009060450,KRX MDCSTAT02401_OUT
recent3,KOSPI200,institution,128940,한미약품,64143,76895,12752,32665463000,39540891250,6875428250,KRX MDCSTAT02401_OUT
recent3,KOSPI200,institution,361610,SK아이이테크놀로지,115088,492193,377105,1993609730,8594785805,6601176075,KRX MDCSTAT02401_OUT
recent3,KOSPI200,institution,373220,LG에너지솔루션,264183,279482,15299,93641925250,99952329500,6310404250,KRX MDCSTAT02401_OUT
recent3,KOSPI200,institution,005940,NH투자증권,290340,523495,233155,7579502500,13728235900,6148733400,KRX MDCSTAT02401_OUT
recent3,KOSPI200,institution,175330,JB금융지주,339115,509779,170664,10327181300,15573902950,5246721650,KRX MDCSTAT02401_OUT
recent3,KOSPI200,institution,377300,카카오페이,64990,178830,113840,2649664825,7370077700,4720412875,KRX MDCSTAT02401_OUT
recent3,KOSPI200,institution,036460,한국가스공사,64969,186722,121753,2307806650,6673225725,4365419075,KRX MDCSTAT02401_OUT
recent3,KOSPI200,institution,010060,OCI홀딩스,206018,220574,14556,42585571850,46907926350,4322354500,KRX MDCSTAT02401_OUT
recent3,KOSPI200,institution,001430,세아베스틸지주,81366,172199,90833,3669563275,7761743475,4092180200,KRX MDCSTAT02401_OUT
recent3,KOSPI200,institution,032640,LG유플러스,452800,726864,274064,6637541800,10647956695,4010414895,KRX MDCSTAT02401_OUT
recent3,KOSPI200,institution,032830,삼성생명,193152,204389,11237,56605219000,60044740250,3439521250,KRX MDCSTAT02401_OUT
recent3,KOSPI200,institution,307950,현대오토에버,24132,32250,8118,9233210000,12391277000,3158067000,KRX MDCSTAT02401_OUT
recent3,KOSPI200,institution,323410,카카오뱅크,442738,595017,152279,8919690430,12016518675,3096828245,KRX MDCSTAT02401_OUT
recent3,KOSPI200,institution,071050,한국금융지주,180673,193147,12474,33482555000,36166810600,2684255600,KRX MDCSTAT02401_OUT
recent3,KOSPI200,institution,008930,한미사이언스,50732,100174,49442,2617797200,5192541500,2574744300,KRX MDCSTAT02401_OUT
recent3,KOSPI200,institution,316140,우리금융지주,1327130,1399642,72512,47624843400,50182070425,2557227025,KRX MDCSTAT02401_OUT
recent3,KOSPI200,institution,051900,LG생활건강,40924,49275,8351,12086550000,14559390500,2472840500,KRX MDCSTAT02401_OUT
recent3,KOSPI200,institution,051910,LG화학,137748,145922,8174,35355239250,37577594500,2222355250,KRX MDCSTAT02401_OUT
recent3,KOSPI200,institution,180640,한진칼,43481,58005,14524,6138171750,8214950200,2076778450,KRX MDCSTAT02401_OUT
recent3,KOSPI200,institution,007340,DN오토모티브,132978,169402,36424,6537010375,8369166525,1832156150,KRX MDCSTAT02401_OUT
recent3,KOSPI200,institution,006800,미래에셋증권,910487,955516,45029,29777621775,31597660400,1820038625,KRX MDCSTAT02401_OUT
recent3,KOSPI200,institution,011200,HMM,303639,376429,72790,6391262025,7949043050,1557781025,KRX MDCSTAT02401_OUT
recent3,KOSPI200,institution,009240,한샘,7492,45089,37597,300064600,1801365125,1501300525,KRX MDCSTAT02401_OUT
recent3,KOSPI200,institution,011790,SKC,76524,91783,15259,6885462850,8265851600,1380388750,KRX MDCSTAT02401_OUT
recent3,KOSPI200,institution,139480,이마트,28706,47626,18920,2068757100,3438729400,1369972300,KRX MDCSTAT02401_OUT
recent3,KOSPI200,institution,004370,농심,10540,13282,2742,4136904250,5220208500,1083304250,KRX MDCSTAT02401_OUT
recent3,KOSPI200,institution,004990,롯데지주,58025,100109,42084,1417677900,2448128800,1030450900,KRX MDCSTAT02401_OUT
recent3,KOSPI200,institution,103140,풍산,49964,61817,11853,3895341350,4857017900,961676550,KRX MDCSTAT02401_OUT
recent3,KOSPI200,institution,017800,현대엘리베이터,75771,86978,11207,5597701150,6437078250,839377100,KRX MDCSTAT02401_OUT
recent3,KOSPI200,institution,443060,HD현대마린솔루션,38325,41489,3164,9200660000,9974807750,774147750,KRX MDCSTAT02401_OUT
recent3,KOSPI200,institution,051600,한전KPS,62765,78436,15671,2900718350,3642738575,742020225,KRX MDCSTAT02401_OUT
recent3,KOSPI200,institution,000670,영풍,35355,51020,15665,1547341550,2213674975,666333425,KRX MDCSTAT02401_OUT
recent3,KOSPI200,institution,011170,롯데케미칼,163645,171030,7385,10104429500,10712809050,608379550,KRX MDCSTAT02401_OUT
recent3,KOSPI200,institution,000240,한국앤컴퍼니,80734,96895,16161,1992708500,2393124775,400416275,KRX MDCSTAT02401_OUT
recent3,KOSPI200,institution,071320,지역난방공사,5323,10261,4938,416232900,801615850,385382950,KRX MDCSTAT02401_OUT
recent3,KOSPI200,institution,034230,파라다이스,68592,108054,39462,656235510,1036807615,380572105,KRX MDCSTAT02401_OUT
recent3,KOSPI200,institution,001680,대상,35191,55558,20367,633450445,1004762950,371312505,KRX MDCSTAT02401_OUT
recent3,KOSPI200,institution,298050,HS효성첨단소재,5838,7903,2065,939380000,1276823450,337443450,KRX MDCSTAT02401_OUT
recent3,KOSPI200,institution,024110,기업은행,479131,492378,13247,9782621815,10044052720,261430905,KRX MDCSTAT02401_OUT
recent3,KOSPI200,institution,073240,금호타이어,262679,296898,34219,1757981425,2002001655,244020230,KRX MDCSTAT02401_OUT
recent3,KOSPI200,institution,003240,태광산업,809,1073,264,730819500,969412000,238592500,KRX MDCSTAT02401_OUT
recent3,KOSPI200,institution,069260,TKG휴켐스,27633,41769,14136,448491210,677504400,229013190,KRX MDCSTAT02401_OUT
recent3,KOSPI200,institution,002030,아세아,1300,2248,948,271422500,471697000,200274500,KRX MDCSTAT02401_OUT
recent3,KOSPI200,institution,005420,코스모화학,45038,63655,18617,464483575,659037585,194554010,KRX MDCSTAT02401_OUT
recent3,KOSPI200,institution,012750,에스원,46552,48861,2309,3847590300,4040057400,192467100,KRX MDCSTAT02401_OUT
recent3,KOSPI200,institution,039490,키움증권,59259,59393,134,15491194500,15662473750,171279250,KRX MDCSTAT02401_OUT
recent3,KOSPI200,institution,030000,제일기획,189105,196716,7611,3344607805,3472722795,128114990,KRX MDCSTAT02401_OUT
recent3,KOSPI200,institution,008730,율촌화학,18084,24920,6836,268458230,370570565,102112335,KRX MDCSTAT02401_OUT
recent3,KOSPI200,institution,002840,미원상사,1042,1271,229,142134550,173861200,31726650,KRX MDCSTAT02401_OUT
recent3,KOSPI200,institution,005830,DB손해보험,135914,134880,-1034,25220400850,25248478650,28077800,KRX MDCSTAT02401_OUT
recent3,KOSPI200,institution,139130,iM금융지주,306750,307741,991,5563803080,5581466225,17663145,KRX MDCSTAT02401_OUT
recent3,KOSPI200,institution,268280,미원에스씨,1180,1297,117,155025500,171328850,16303350,KRX MDCSTAT02401_OUT
recent3,KOSPI200,institution,014820,동원시스템즈,20322,20986,664,425726150,441639550,15913400,KRX MDCSTAT02401_OUT
recent3,KOSPI200,institution,137310,에스디바이오센서,51853,53730,1877,315918135,328092200,12174065,KRX MDCSTAT02401_OUT
recent3,KOSPI200,institution,282330,BGF리테일,28876,28851,-25,3854471600,3847749550,-6722050,KRX MDCSTAT02401_OUT
recent3,KOSPI200,institution,003090,대웅,63760,62618,-1142,1015512645,999774315,-15738330,KRX MDCSTAT02401_OUT
recent3,KOSPI200,institution,000080,하이트진로,56059,53916,-2143,841951185,810618035,-31333150,KRX MDCSTAT02401_OUT
recent3,KOSPI200,institution,300720,한일시멘트,43796,40423,-3373,709577520,654891315,-54686205,KRX MDCSTAT02401_OUT
recent3,KOSPI200,institution,005300,롯데칠성,6891,6304,-587,657522200,601511750,-56010450,KRX MDCSTAT02401_OUT
recent3,KOSPI200,institution,000210,DL,39563,38147,-1416,2044823400,1976716450,-68106950,KRX MDCSTAT02401_OUT
recent3,KOSPI200,institution,450080,에코프로머티,200778,198242,-2536,7089490025,7016435575,-73054450,KRX MDCSTAT02401_OUT
recent3,KOSPI200,institution,007700,F&F홀딩스,7582,2076,-5506,101236750,27793590,-73443160,KRX MDCSTAT02401_OUT
recent3,KOSPI200,institution,007310,오뚜기,2615,2258,-357,820955500,711978500,-108977000,KRX MDCSTAT02401_OUT
recent3,KOSPI200,institution,185750,종근당,10272,8011,-2261,665116150,519164800,-145951350,KRX MDCSTAT02401_OUT
recent3,KOSPI200,institution,001800,오리온홀딩스,48373,42047,-6326,1151321350,1001733800,-149587550,KRX MDCSTAT02401_OUT
recent3,KOSPI200,institution,069620,대웅제약,12597,11086,-1511,1358662500,1198088700,-160573800,KRX MDCSTAT02401_OUT
recent3,KOSPI200,institution,000810,삼성화재,51801,51494,-307,33692044500,33526232000,-165812500,KRX MDCSTAT02401_OUT
recent3,KOSPI200,institution,026960,동서,47692,40137,-7555,1215086425,1023812350,-191274075,KRX MDCSTAT02401_OUT
recent3,KOSPI200,institution,280360,롯데웰푸드,13536,11951,-1585,1694619350,1499355550,-195263800,KRX MDCSTAT02401_OUT
recent3,KOSPI200,institution,035250,강원랜드,226706,209678,-17028,3257338135,3014490535,-242847600,KRX MDCSTAT02401_OUT
recent3,KOSPI200,institution,006040,동원산업,23228,16091,-7137,815930575,569109500,-246821075,KRX MDCSTAT02401_OUT
recent3,KOSPI200,institution,009970,영원무역홀딩스,8306,6220,-2086,1375854150,1034278600,-341575550,KRX MDCSTAT02401_OUT
recent3,KOSPI200,institution,192080,더블유게임즈,38007,31954,-6053,2215676050,1867930200,-347745850,KRX MDCSTAT02401_OUT
recent3,KOSPI200,institution,002790,아모레퍼시픽홀딩스,49673,36526,-13147,1312857225,964952500,-347904725,KRX MDCSTAT02401_OUT
recent3,KOSPI200,institution,011210,현대위아,26796,19247,-7549,1431054400,1029651100,-401403300,KRX MDCSTAT02401_OUT
recent3,KOSPI200,institution,022100,포스코DX,148386,121131,-27255,3000233335,2460649520,-539583815,KRX MDCSTAT02401_OUT
recent3,KOSPI200,institution,457190,이수스페셜티케미컬,59121,50328,-8793,3826220300,3259068450,-567151850,KRX MDCSTAT02401_OUT
recent3,KOSPI200,institution,000880,한화,34151,29600,-4551,4512396050,3912785300,-599610750,KRX MDCSTAT02401_OUT
recent3,KOSPI200,institution,326030,SK바이오팜,47497,39280,-8217,3629308200,3011251050,-618057150,KRX MDCSTAT02401_OUT
recent3,KOSPI200,institution,081660,미스토홀딩스,109766,91820,-17946,4150062325,3477926475,-672135850,KRX MDCSTAT02401_OUT
recent3,KOSPI200,institution,111770,영원무역,39820,29912,-9908,2817514350,2123008950,-694505400,KRX MDCSTAT02401_OUT
recent3,KOSPI200,institution,006280,녹십자,17437,11709,-5728,2156024700,1448404750,-707619950,KRX MDCSTAT02401_OUT
recent3,KOSPI200,institution,302440,SK바이오사이언스,61281,40900,-20381,2198156350,1472059900,-726096450,KRX MDCSTAT02401_OUT
recent3,KOSPI200,institution,018880,한온시스템,1211969,982709,-229260,3978832659,3251384565,-727448094,KRX MDCSTAT02401_OUT
recent3,KOSPI200,institution,047810,한국항공우주,131237,125046,-6191,16958856900,16152710300,-806146600,KRX MDCSTAT02401_OUT
recent3,KOSPI200,institution,034220,LG디스플레이,699729,588911,-110818,5959957510,5023450600,-936506910,KRX MDCSTAT02401_OUT
recent3,KOSPI200,institution,002380,KCC,12188,10048,-2140,5769664750,4758819250,-1010845500,KRX MDCSTAT02401_OUT
recent3,KOSPI200,institution,251270,넷마블,107770,77031,-30739,3750122175,2683784825,-1066337350,KRX MDCSTAT02401_OUT
recent3,KOSPI200,institution,008770,호텔신라,81487,51417,-30070,3280535225,2078092375,-1202442850,KRX MDCSTAT02401_OUT
recent3,KOSPI200,institution,004000,롯데정밀화학,53125,24658,-28467,2316252450,1079777300,-1236475150,KRX MDCSTAT02401_OUT
recent3,KOSPI200,institution,000990,DB하이텍,253721,241930,-11791,32984056800,31702569050,-1281487750,KRX MDCSTAT02401_OUT
recent3,KOSPI200,institution,298020,효성티앤씨,10527,6171,-4356,3264460000,1928924250,-1335535750,KRX MDCSTAT02401_OUT
recent3,KOSPI200,institution,003030,세아제강지주,33136,19115,-14021,3451497150,2015680950,-1435816200,KRX MDCSTAT02401_OUT
recent3,KOSPI200,institution,454910,두산로보틱스,81267,60097,-21170,5710500250,4250878150,-1459622100,KRX MDCSTAT02401_OUT
recent3,KOSPI200,institution,259960,크래프톤,48427,40998,-7429,9729286800,8242723750,-1486563050,KRX MDCSTAT02401_OUT
recent3,KOSPI200,institution,017960,한국카본,117223,41605,-75618,2385805300,852372450,-1533432850,KRX MDCSTAT02401_OUT
recent3,KOSPI200,institution,010950,S-Oil,316104,299440,-16664,48877094850,47336730000,-1540364850,KRX MDCSTAT02401_OUT
recent3,KOSPI200,institution,097950,CJ제일제당,52732,43015,-9717,9265164150,7599207250,-1665956900,KRX MDCSTAT02401_OUT
recent3,KOSPI200,institution,285130,SK케미칼,76262,41474,-34788,3807035900,2079614975,-1727420925,KRX MDCSTAT02401_OUT
recent3,KOSPI200,institution,0126Z0,삼성에피스홀딩스,13179,7830,-5349,4370915750,2619888750,-1751027000,KRX MDCSTAT02401_OUT
recent3,KOSPI200,institution,241560,두산밥캣,95991,64138,-31853,5569301750,3730013950,-1839287800,KRX MDCSTAT02401_OUT
recent3,KOSPI200,institution,005850,에스엘,83822,45323,-38499,4099650325,2251854575,-1847795750,KRX MDCSTAT02401_OUT
recent3,KOSPI200,institution,000120,CJ대한통운,40607,13509,-27098,2863719350,954042250,-1909677100,KRX MDCSTAT02401_OUT
recent3,KOSPI200,institution,021240,코웨이,128686,108572,-20114,12783216250,10826092750,-1957123500,KRX MDCSTAT02401_OUT
recent3,KOSPI200,institution,028670,팬오션,1175886,807274,-368612,6665006935,4609471245,-2055535690,KRX MDCSTAT02401_OUT
recent3,KOSPI200,institution,138930,BNK금융지주,531512,399235,-132277,8463749020,6394090850,-2069658170,KRX MDCSTAT02401_OUT
recent3,KOSPI200,institution,271560,오리온,62789,42116,-20673,6944071950,4668098450,-2275973500,KRX MDCSTAT02401_OUT
recent3,KOSPI200,institution,030200,KT,394433,350263,-44170,20889619800,18568863900,-2320755900,KRX MDCSTAT02401_OUT
recent3,KOSPI200,institution,006650,대한유화,45550,13768,-31782,4255257250,1292451650,-2962805600,KRX MDCSTAT02401_OUT
recent3,KOSPI200,institution,192820,코스맥스,68678,57242,-11436,18556607000,15526482750,-3030124250,KRX MDCSTAT02401_OUT
recent3,KOSPI200,institution,007070,GS리테일,191145,58019,-133126,4389087375,1335488225,-3053599150,KRX MDCSTAT02401_OUT
recent3,KOSPI200,institution,120110,코오롱인더,115603,55228,-60375,6328548650,3049741700,-3278806950,KRX MDCSTAT02401_OUT
recent3,KOSPI200,institution,204320,HL만도,130185,57674,-72511,5992526825,2668444950,-3324081875,KRX MDCSTAT02401_OUT
recent3,KOSPI200,institution,064400,LG씨엔에스,174122,122258,-51864,12271682500,8660936150,-3610746350,KRX MDCSTAT02401_OUT
recent3,KOSPI200,institution,402340,SK스퀘어,464973,458612,-6361,532234787000,528477786500,-3757000500,KRX MDCSTAT02401_OUT
recent3,KOSPI200,institution,000100,유한양행,159861,109439,-50422,11930654350,8158521850,-3772132500,KRX MDCSTAT02401_OUT
recent3,KOSPI200,institution,011780,금호석유화학,54379,20430,-33949,6382625000,2401371450,-3981253550,KRX MDCSTAT02401_OUT
recent3,KOSPI200,institution,088350,한화생명,1990801,1232869,-757932,11283059935,7025022100,-4258037835,KRX MDCSTAT02401_OUT
recent3,KOSPI200,institution,001040,CJ,84028,47923,-36105,11047710950,6275311400,-4772399550,KRX MDCSTAT02401_OUT
recent3,KOSPI200,institution,267260,HD현대일렉트릭,61187,53920,-7267,43304444000,38361153000,-4943291000,KRX MDCSTAT02401_OUT
recent3,KOSPI200,institution,068270,셀트리온,281560,253493,-28067,50254339800,45279689350,-4974650450,KRX MDCSTAT02401_OUT
recent3,KOSPI200,institution,071970,HD현대마린엔진,170072,62162,-107910,8407865425,3093493400,-5314372025,KRX MDCSTAT02401_OUT
recent3,KOSPI200,institution,267250,HD현대,108728,81855,-26873,22591722250,17047880500,-5543841750,KRX MDCSTAT02401_OUT
recent3,KOSPI200,institution,047050,포스코인터내셔널,358396,249999,-108397,20101218200,14156272050,-5944946150,KRX MDCSTAT02401_OUT
recent3,KOSPI200,institution,023530,롯데쇼핑,123333,64459,-58874,13071566850,6902560150,-6169006700,KRX MDCSTAT02401_OUT
recent3,KOSPI200,institution,064350,현대로템,245306,190803,-54503,28754110200,22370133000,-6383977200,KRX MDCSTAT02401_OUT
recent3,KOSPI200,institution,161890,한국콜마,136487,91667,-44820,20073896500,13529333450,-6544563050,KRX MDCSTAT02401_OUT
recent3,KOSPI200,institution,161390,한국타이어앤테크놀로지,232304,117793,-114511,13381274400,6833307750,-6547966650,KRX MDCSTAT02401_OUT
recent3,KOSPI200,institution,375500,DL이앤씨,291925,209151,-82774,23969625250,17312359450,-6657265800,KRX MDCSTAT02401_OUT
recent3,KOSPI200,institution,010130,고려아연,16450,10407,-6043,18257615000,11575579500,-6682035500,KRX MDCSTAT02401_OUT
recent3,KOSPI200,institution,062040,산일전기,124416,88877,-35539,25356652250,18428664250,-6927988000,KRX MDCSTAT02401_OUT
recent3,KOSPI200,institution,029780,삼성카드,233779,71083,-162696,10034035800,3051699200,-6982336600,KRX MDCSTAT02401_OUT
recent3,KOSPI200,institution,069960,현대백화점,103873,28265,-75608,9747005650,2732175050,-7014830600,KRX MDCSTAT02401_OUT
recent3,KOSPI200,institution,009420,한올바이오파마,304059,145471,-158588,13602124275,6569744800,-7032379475,KRX MDCSTAT02401_OUT
recent3,KOSPI200,institution,018260,삼성에스디에스,85935,52727,-33208,19033656500,11773302500,-7260354000,KRX MDCSTAT02401_OUT
recent3,KOSPI200,institution,001440,대한전선,926867,682796,-244071,29306758100,21527283600,-7779474500,KRX MDCSTAT02401_OUT
recent3,KOSPI200,institution,079550,LIG디펜스앤에어로스페이스,71537,59772,-11765,49989634000,41995207500,-7994426500,KRX MDCSTAT02401_OUT
recent3,KOSPI200,institution,028260,삼성물산,262408,237917,-24491,94672946750,86430776250,-8242170500,KRX MDCSTAT02401_OUT
recent3,KOSPI200,institution,009540,HD한국조선해양,108057,82590,-25467,36295867500,27736917500,-8558950000,KRX MDCSTAT02401_OUT
recent3,KOSPI200,institution,483650,달바글로벌,103221,55473,-47748,18672927200,10113752200,-8559175000,KRX MDCSTAT02401_OUT
recent3,KOSPI200,institution,012330,현대모비스,188921,159925,-28996,70534448750,60029571250,-10504877500,KRX MDCSTAT02401_OUT
recent3,KOSPI200,institution,047040,대우건설,4000235,3292497,-707738,72694885145,61409195325,-11285689820,KRX MDCSTAT02401_OUT
recent3,KOSPI200,institution,093370,후성,1275634,458599,-817035,17780433630,6431004895,-11349428735,KRX MDCSTAT02401_OUT
recent3,KOSPI200,institution,004020,현대제철,893516,526474,-367042,29151914250,17438964600,-11712949650,KRX MDCSTAT02401_OUT
recent3,KOSPI200,institution,278470,에이피알,142287,107326,-34961,51799027500,39408784250,-12390243250,KRX MDCSTAT02401_OUT
recent3,KOSPI200,institution,004170,신세계,67457,31881,-35576,23726805250,11232765250,-12494040000,KRX MDCSTAT02401_OUT
recent3,KOSPI200,institution,052690,한전기술,367251,266108,-101143,48443897500,35674911350,-12768986150,KRX MDCSTAT02401_OUT
recent3,KOSPI200,institution,005380,현대차,396393,358670,-37723,141915005250,129067505750,-12847499500,KRX MDCSTAT02401_OUT
recent3,KOSPI200,institution,001450,현대해상,477905,205846,-272059,22818457750,9873610125,-12944847625,KRX MDCSTAT02401_OUT
recent3,KOSPI200,institution,298040,효성중공업,24613,19795,-4818,70481528000,57288762500,-13192765500,KRX MDCSTAT02401_OUT
recent3,KOSPI200,institution,352820,하이브,229407,140587,-88820,36379940900,22489277650,-13890663250,KRX MDCSTAT02401_OUT
recent3,KOSPI200,institution,010140,삼성중공업,1454353,751658,-702695,29567349375,15368898600,-14198450775,KRX MDCSTAT02401_OUT
recent3,KOSPI200,institution,010120,LS ELECTRIC,273244,201658,-71586,56729770500,42150853250,-14578917250,KRX MDCSTAT02401_OUT
recent3,KOSPI200,institution,012450,한화에어로스페이스,86129,71996,-14133,89845064500,75169210000,-14675854500,KRX MDCSTAT02401_OUT
recent3,KOSPI200,institution,015760,한국전력,1519367,1023131,-496236,46412873000,31489352175,-14923520825,KRX MDCSTAT02401_OUT
recent3,KOSPI200,institution,082740,한화엔진,538244,199754,-338490,26136149425,9763102925,-16373046500,KRX MDCSTAT02401_OUT
recent3,KOSPI200,institution,017670,SK텔레콤,556832,355354,-201478,48615968350,31232490450,-17383477900,KRX MDCSTAT02401_OUT
recent3,KOSPI200,institution,267270,HD건설기계,269848,133918,-135930,35799345800,18046132700,-17753213100,KRX MDCSTAT02401_OUT
recent3,KOSPI200,institution,005490,POSCO홀딩스,194282,133363,-60919,61160099500,42084197000,-19075902500,KRX MDCSTAT02401_OUT
recent3,KOSPI200,institution,033780,KT&G,264643,145593,-119050,45937816500,25360504000,-20577312500,KRX MDCSTAT02401_OUT
recent3,KOSPI200,institution,207940,삼성바이오로직스,41502,25849,-15653,57515936500,35915174500,-21600762000,KRX MDCSTAT02401_OUT
recent3,KOSPI200,institution,086280,현대글로비스,184765,72390,-112375,36826573900,14488970150,-22337603750,KRX MDCSTAT02401_OUT
recent3,KOSPI200,institution,042660,한화오션,514688,231742,-282946,41450806400,18744902600,-22705903800,KRX MDCSTAT02401_OUT
recent3,KOSPI200,institution,329180,HD현대중공업,169514,104843,-64671,75546827250,46920860250,-28625967000,KRX MDCSTAT02401_OUT
recent3,KOSPI200,institution,000270,기아,708520,442366,-266154,83326144250,52113131800,-31213012450,KRX MDCSTAT02401_OUT
recent3,KOSPI200,institution,078930,GS,727579,411235,-316344,80337205600,45982344150,-34354861450,KRX MDCSTAT02401_OUT
recent3,KOSPI200,institution,000720,현대건설,929281,589772,-339509,115815633000,74871871900,-40943761100,KRX MDCSTAT02401_OUT
recent3,KOSPI200,institution,035420,NAVER,749976,475891,-274085,148107969450,94842741500,-53265227950,KRX MDCSTAT02401_OUT
recent3,KOSPI200,institution,003230,삼양식품,56044,12683,-43361,69158977500,15575369500,-53583608000,KRX MDCSTAT02401_OUT
recent3,KOSPI200,institution,006400,삼성SDI,330825,213220,-117605,173815412000,112479919500,-61335492500,KRX MDCSTAT02401_OUT
recent3,KOSPI200,institution,034020,두산에너빌리티,2509780,1468773,-1041007,209146183900,123349370200,-85796813700,KRX MDCSTAT02401_OUT
recent3,KOSPI200,institution,005930,삼성전자,20224176,19419794,-804382,5638345963500,5428430102250,-209915861250,KRX MDCSTAT02401_OUT
recent3,KOSPI200,institution,000660,SK하이닉스,2762732,2451130,-311602,5090717270000,4533914426500,-556802843500,KRX MDCSTAT02401_OUT
recent3,KOSDAQ150,foreign,222800,심텍,874986,1213518,338532,130933215350,181220148400,50286933050,KRX MDCSTAT02401_OUT
recent3,KOSDAQ150,foreign,036540,SFA반도체,4375148,8509219,4134071,46524847750,89916349210,43391501460,KRX MDCSTAT02401_OUT
recent3,KOSDAQ150,foreign,247540,에코프로비엠,272033,556226,284193,29239193100,59372150450,30132957350,KRX MDCSTAT02401_OUT
recent3,KOSDAQ150,foreign,095610,테스,81770,251748,169978,12950549800,39664921550,26714371750,KRX MDCSTAT02401_OUT
recent3,KOSDAQ150,foreign,403870,HPSP,928532,1362111,433579,51360487850,75573808150,24213320300,KRX MDCSTAT02401_OUT
recent3,KOSDAQ150,foreign,036930,주성엔지니어링,617427,729991,112564,128230080750,151988116250,23758035500,KRX MDCSTAT02401_OUT
recent3,KOSDAQ150,foreign,086520,에코프로,228318,410199,181881,18436415600,33330270500,14893854900,KRX MDCSTAT02401_OUT
recent3,KOSDAQ150,foreign,298380,에이비엘바이오,353358,613314,259956,18020172400,31266501650,13246329250,KRX MDCSTAT02401_OUT
recent3,KOSDAQ150,foreign,241710,코스메카코리아,51449,146766,95317,6507241050,18560707500,12053466450,KRX MDCSTAT02401_OUT
recent3,KOSDAQ150,foreign,078600,대주전자재료,111133,217423,106290,9952152150,19800826050,9848673900,KRX MDCSTAT02401_OUT
recent3,KOSDAQ150,foreign,178320,서진시스템,1445891,1702739,256848,49997469225,58996281875,8998812650,KRX MDCSTAT02401_OUT
recent3,KOSDAQ150,foreign,098460,고영,585162,880052,294890,17063893450,25677840925,8613947475,KRX MDCSTAT02401_OUT
recent3,KOSDAQ150,foreign,043260,성호전자,1846390,2144899,298509,49544314250,57897328225,8353013975,KRX MDCSTAT02401_OUT
recent3,KOSDAQ150,foreign,257720,실리콘투,464592,662507,197915,18455717875,26380416775,7924698900,KRX MDCSTAT02401_OUT
recent3,KOSDAQ150,foreign,089030,테크윙,405303,559384,154081,19859588875,27426315650,7566726775,KRX MDCSTAT02401_OUT
recent3,KOSDAQ150,foreign,053800,안랩,89395,175166,85771,6562330750,12778836550,6216505800,KRX MDCSTAT02401_OUT
recent3,KOSDAQ150,foreign,096530,씨젠,242580,398387,155807,8309614271,13641495421,5331881150,KRX MDCSTAT02401_OUT
recent3,KOSDAQ150,foreign,183300,코미코,466652,627415,160763,14890449700,19920347600,5029897900,KRX MDCSTAT02401_OUT
recent3,KOSDAQ150,foreign,030530,원익홀딩스,1705427,1867201,161774,48969918275,53307205200,4337286925,KRX MDCSTAT02401_OUT
recent3,KOSDAQ150,foreign,006730,서부T&D,207183,545944,338761,2278673635,6060892765,3782219130,KRX MDCSTAT02401_OUT
recent3,KOSDAQ150,foreign,080220,제주반도체,613835,660621,46786,47607122600,51219178800,3612056200,KRX MDCSTAT02401_OUT
recent3,KOSDAQ150,foreign,131290,티에스이,41463,54461,12998,11685009250,15282204750,3597195500,KRX MDCSTAT02401_OUT
recent3,KOSDAQ150,foreign,084370,유진테크,237620,262458,24838,37141158150,40653661600,3512503450,KRX MDCSTAT02401_OUT
recent3,KOSDAQ150,foreign,226950,올릭스,140989,169142,28153,14731661450,17550837250,2819175800,KRX MDCSTAT02401_OUT
recent3,KOSDAQ150,foreign,007390,네이처셀,116270,226474,110204,2910714450,5724107700,2813393250,KRX MDCSTAT02401_OUT
recent3,KOSDAQ150,foreign,171090,선익시스템,28015,64051,36036,1990160900,4587892800,2597731900,KRX MDCSTAT02401_OUT
recent3,KOSDAQ150,foreign,078340,컴투스,70244,134105,63861,2518900125,4828052300,2309152175,KRX MDCSTAT02401_OUT
recent3,KOSDAQ150,foreign,293490,카카오게임즈,218213,464094,245881,2010075010,4319011605,2308936595,KRX MDCSTAT02401_OUT
recent3,KOSDAQ150,foreign,014620,성광벤드,130761,196405,65644,4131557975,6158924075,2027366100,KRX MDCSTAT02401_OUT
recent3,KOSDAQ150,foreign,039030,이오테크닉스,71011,75240,4229,33871683750,35796255500,1924571750,KRX MDCSTAT02401_OUT
recent3,KOSDAQ150,foreign,237690,에스티팜,54904,75270,20366,5069192850,6960993800,1891800950,KRX MDCSTAT02401_OUT
recent3,KOSDAQ150,foreign,090360,로보스타,61977,83990,22013,4886643250,6673659700,1787016450,KRX MDCSTAT02401_OUT
recent3,KOSDAQ150,foreign,031980,피에스케이홀딩스,80629,88991,8362,13168453750,14619799250,1451345500,KRX MDCSTAT02401_OUT
recent3,KOSDAQ150,foreign,056190,SFA,68063,117951,49888,1920038150,3316400500,1396362350,KRX MDCSTAT02401_OUT
recent3,KOSDAQ150,foreign,003380,하림지주,224519,348548,124029,2459813115,3833815785,1374002670,KRX MDCSTAT02401_OUT
recent3,KOSDAQ150,foreign,065350,신성델타테크,60431,103941,43510,1896593150,3263024800,1366431650,KRX MDCSTAT02401_OUT
recent3,KOSDAQ150,foreign,0009K0,에임드바이오,123478,182995,59517,2675165825,3961430400,1286264575,KRX MDCSTAT02401_OUT
recent3,KOSDAQ150,foreign,068760,셀트리온제약,45274,77722,32448,1773711025,3054008100,1280297075,KRX MDCSTAT02401_OUT
recent3,KOSDAQ150,foreign,033100,제룡전기,59712,85462,25750,2855443925,4103288850,1247844925,KRX MDCSTAT02401_OUT
recent3,KOSDAQ150,foreign,052400,코나아이,30370,62408,32038,1149075300,2370381475,1221306175,KRX MDCSTAT02401_OUT
recent3,KOSDAQ150,foreign,032500,케이엠더블유,182118,232747,50629,3520560105,4498095540,977535435,KRX MDCSTAT02401_OUT
recent3,KOSDAQ150,foreign,112040,위메이드,78032,137953,59921,1193982560,2124234400,930251840,KRX MDCSTAT02401_OUT
recent3,KOSDAQ150,foreign,290650,엘앤씨바이오,120582,138478,17896,5634150900,6503954125,869803225,KRX MDCSTAT02401_OUT
recent3,KOSDAQ150,foreign,060250,NHN KCP,151314,214942,63628,2026822340,2886827505,860005165,KRX MDCSTAT02401_OUT
recent3,KOSDAQ150,foreign,074600,원익QnC,108890,136166,27276,3157564550,3938190225,780625675,KRX MDCSTAT02401_OUT
recent3,KOSDAQ150,foreign,032190,다우데이타,37660,75082,37422,748512605,1493940520,745427915,KRX MDCSTAT02401_OUT
recent3,KOSDAQ150,foreign,278280,천보,42419,62712,20293,1485315025,2204227475,718912450,KRX MDCSTAT02401_OUT
recent3,KOSDAQ150,foreign,030520,한컴,95221,133766,38545,1613130180,2300946610,687816430,KRX MDCSTAT02401_OUT
recent3,KOSDAQ150,foreign,399720,가온칩스,151798,166781,14983,7094946875,7764153025,669206150,KRX MDCSTAT02401_OUT
recent3,KOSDAQ150,foreign,348210,넥스틴,47973,64287,16314,1610277975,2162996650,552718675,KRX MDCSTAT02401_OUT
recent3,KOSDAQ150,foreign,100790,미래에셋벤처투자,382296,411202,28906,6724257010,7232377845,508120835,KRX MDCSTAT02401_OUT
recent3,KOSDAQ150,foreign,050890,쏠리드,994525,1036941,42416,9577421280,10024362645,446941365,KRX MDCSTAT02401_OUT
recent3,KOSDAQ150,foreign,036620,감성코퍼레이션,232645,353390,120745,858127561,1300786125,442658564,KRX MDCSTAT02401_OUT
recent3,KOSDAQ150,foreign,025320,시노펙스,397367,506710,109343,1513607691,1931098613,417490922,KRX MDCSTAT02401_OUT
recent3,KOSDAQ150,foreign,033500,동성화인텍,96954,122131,25177,1567776645,1967382080,399605435,KRX MDCSTAT02401_OUT
recent3,KOSDAQ150,foreign,194480,데브시스터즈,30879,58548,27669,441288810,840362480,399073670,KRX MDCSTAT02401_OUT
recent3,KOSDAQ150,foreign,060280,큐렉소,217771,255505,37734,1760632080,2088665850,328033770,KRX MDCSTAT02401_OUT
recent3,KOSDAQ150,foreign,214150,클래시스,83587,94091,10504,2573724925,2898034325,324309400,KRX MDCSTAT02401_OUT
recent3,KOSDAQ150,foreign,211050,인카금융서비스,40130,72596,32466,400504930,723682250,323177320,KRX MDCSTAT02401_OUT
recent3,KOSDAQ150,foreign,215200,메가스터디교육,104830,113539,8709,3812269150,4134895075,322625925,KRX MDCSTAT02401_OUT
recent3,KOSDAQ150,foreign,347850,디앤디파마텍,417214,425349,8135,18465655425,18770249475,304594050,KRX MDCSTAT02401_OUT
recent3,KOSDAQ150,foreign,009520,포스코엠텍,90528,111414,20886,1126716545,1393591510,266874965,KRX MDCSTAT02401_OUT
recent3,KOSDAQ150,foreign,069080,웹젠,94220,115717,21497,1065609470,1321153920,255544450,KRX MDCSTAT02401_OUT
recent3,KOSDAQ150,foreign,036830,솔브레인홀딩스,60486,66287,5801,2443596025,2681402025,237806000,KRX MDCSTAT02401_OUT
recent3,KOSDAQ150,foreign,124500,아이티센글로벌,109706,117003,7297,3258019575,3484631125,226611550,KRX MDCSTAT02401_OUT
recent3,KOSDAQ150,foreign,348370,엔켐,490149,499068,8919,9047659020,9269579615,221920595,KRX MDCSTAT02401_OUT
recent3,KOSDAQ150,foreign,015750,성우하이텍,158074,187923,29849,924715825,1099369325,174653500,KRX MDCSTAT02401_OUT
recent3,KOSDAQ150,foreign,060370,LS마린솔루션,114727,119504,4777,3804046000,3976022625,171976625,KRX MDCSTAT02401_OUT
recent3,KOSDAQ150,foreign,038500,삼표시멘트,324663,340466,15803,2201657460,2311865130,110207670,KRX MDCSTAT02401_OUT
recent3,KOSDAQ150,foreign,025900,동화기업,36272,51287,15015,248456440,353146140,104689700,KRX MDCSTAT02401_OUT
recent3,KOSDAQ150,foreign,445680,큐리옥스바이오시스템즈,81720,83383,1663,4074733300,4144939750,70206450,KRX MDCSTAT02401_OUT
recent3,KOSDAQ150,foreign,213420,덕산네오룩스,97786,99765,1979,2851340250,2907682125,56341875,KRX MDCSTAT02401_OUT
recent3,KOSDAQ150,foreign,253450,스튜디오드래곤,40044,41101,1057,817809125,841877500,24068375,KRX MDCSTAT02401_OUT
recent3,KOSDAQ150,foreign,166090,하나머티리얼즈,96861,97197,336,5609618250,5604857100,-4761150,KRX MDCSTAT02401_OUT
recent3,KOSDAQ150,foreign,042000,카페24,514498,525484,10986,9248365245,9229891925,-18473320,KRX MDCSTAT02401_OUT
recent3,KOSDAQ150,foreign,352480,씨앤씨인터내셔널,11814,8503,-3311,261547650,187224250,-74323400,KRX MDCSTAT02401_OUT
recent3,KOSDAQ150,foreign,214370,케어젠,67517,64934,-2583,2695782800,2594934950,-100847850,KRX MDCSTAT02401_OUT
recent3,KOSDAQ150,foreign,388720,유일로보틱스,15268,13679,-1589,1052344250,943786750,-108557500,KRX MDCSTAT02401_OUT
recent3,KOSDAQ150,foreign,376300,디어유,67884,58783,-9101,1153714160,999389730,-154324430,KRX MDCSTAT02401_OUT
recent3,KOSDAQ150,foreign,358570,지아이이노베이션,348411,329453,-18958,3126225145,2958944940,-167280205,KRX MDCSTAT02401_OUT
recent3,KOSDAQ150,foreign,095660,네오위즈,44358,34899,-9459,790490245,622170120,-168320125,KRX MDCSTAT02401_OUT
recent3,KOSDAQ150,foreign,101730,위메이드맥스,143091,105884,-37207,669528424,494540247,-174988177,KRX MDCSTAT02401_OUT
recent3,KOSDAQ150,foreign,018290,브이티,168693,152271,-16422,1910704520,1729660600,-181043920,KRX MDCSTAT02401_OUT
recent3,KOSDAQ150,foreign,035760,CJ ENM,67587,61118,-6469,2617134900,2367188900,-249946000,KRX MDCSTAT02401_OUT
recent3,KOSDAQ150,foreign,039200,오스코텍,93588,86038,-7550,3371102700,3094232675,-276870025,KRX MDCSTAT02401_OUT
recent3,KOSDAQ150,foreign,122870,와이지엔터테인먼트,97171,90607,-6564,4178097800,3896696975,-281400825,KRX MDCSTAT02401_OUT
recent3,KOSDAQ150,foreign,272290,이녹스첨단소재,115048,100819,-14229,2429772250,2130522450,-299249800,KRX MDCSTAT02401_OUT
recent3,KOSDAQ150,foreign,082270,젬백스,161455,121925,-39530,1672757270,1277608000,-395149270,KRX MDCSTAT02401_OUT
recent3,KOSDAQ150,foreign,067160,SOOP,65512,53393,-12119,2398193475,1954501875,-443691600,KRX MDCSTAT02401_OUT
recent3,KOSDAQ150,foreign,225570,넥슨게임즈,108549,65402,-43147,1184095640,712469820,-471625820,KRX MDCSTAT02401_OUT
recent3,KOSDAQ150,foreign,067310,하나마이크론,1988284,1979460,-8824,91338447075,90847169125,-491277950,KRX MDCSTAT02401_OUT
recent3,KOSDAQ150,foreign,161580,필옵틱스,245527,231422,-14105,8348139825,7852231600,-495908225,KRX MDCSTAT02401_OUT
recent3,KOSDAQ150,foreign,025980,아난티,1565086,1460476,-104610,8240273695,7717834255,-522439440,KRX MDCSTAT02401_OUT
recent3,KOSDAQ150,foreign,048410,현대바이오,676822,591932,-84890,4697999915,4123077850,-574922065,KRX MDCSTAT02401_OUT
recent3,KOSDAQ150,foreign,085660,차바이오텍,283657,205390,-78267,2267746645,1652202950,-615543695,KRX MDCSTAT02401_OUT
recent3,KOSDAQ150,foreign,214430,아이쓰리시스템,37504,27961,-9543,2548058350,1899316000,-648742350,KRX MDCSTAT02401_OUT
recent3,KOSDAQ150,foreign,251970,펌텍코리아,82729,72899,-9830,5008984700,4250817600,-758167100,KRX MDCSTAT02401_OUT
recent3,KOSDAQ150,foreign,189300,인텔리안테크,64078,49629,-14449,4432854050,3429853850,-1003000200,KRX MDCSTAT02401_OUT
recent3,KOSDAQ150,foreign,082920,비츠로셀,239059,204561,-34498,6903441250,5894412900,-1009028350,KRX MDCSTAT02401_OUT
recent3,KOSDAQ150,foreign,121600,나노신소재,80984,60680,-20304,4311559500,3251541900,-1060017600,KRX MDCSTAT02401_OUT
recent3,KOSDAQ150,foreign,214450,파마리서치,53522,49783,-3739,17331010750,16125432250,-1205578500,KRX MDCSTAT02401_OUT
recent3,KOSDAQ150,foreign,041190,우리기술투자,3006195,2803554,-202641,18820701255,17578320350,-1242380905,KRX MDCSTAT02401_OUT
recent3,KOSDAQ150,foreign,195940,HK이노엔,115992,83324,-32668,4510444475,3244235225,-1266209250,KRX MDCSTAT02401_OUT
recent3,KOSDAQ150,foreign,281740,레이크머티리얼즈,428302,289882,-138420,4637537945,3151684925,-1485853020,KRX MDCSTAT02401_OUT
recent3,KOSDAQ150,foreign,035900,JYP Ent.,208485,168335,-40150,7895461550,6381441000,-1514020550,KRX MDCSTAT02401_OUT
recent3,KOSDAQ150,foreign,196170,알테오젠,203006,197441,-5565,51404049750,49868879750,-1535170000,KRX MDCSTAT02401_OUT
recent3,KOSDAQ150,foreign,099320,쎄트렉아이,96888,76978,-19910,7643935200,6082852300,-1561082900,KRX MDCSTAT02401_OUT
recent3,KOSDAQ150,foreign,005290,동진쎄미켐,519239,487652,-31587,23564989400,21998307900,-1566681500,KRX MDCSTAT02401_OUT
recent3,KOSDAQ150,foreign,036810,에프에스티,148176,91685,-56491,4510421175,2802953450,-1707467725,KRX MDCSTAT02401_OUT
recent3,KOSDAQ150,foreign,437730,삼현,238769,207425,-31344,12698158750,10933337600,-1764821150,KRX MDCSTAT02401_OUT
recent3,KOSDAQ150,foreign,137400,피엔티,179589,117825,-61764,5226029900,3450508975,-1775520925,KRX MDCSTAT02401_OUT
recent3,KOSDAQ150,foreign,083650,비에이치아이,409629,373642,-35987,25317846950,23354373600,-1963473350,KRX MDCSTAT02401_OUT
recent3,KOSDAQ150,foreign,263750,펄어비스,261552,190931,-70621,8874073550,6458096450,-2415977100,KRX MDCSTAT02401_OUT
recent3,KOSDAQ150,foreign,417200,LS머트리얼즈,886483,693563,-192920,11991038090,9468047565,-2522990525,KRX MDCSTAT02401_OUT
recent3,KOSDAQ150,foreign,253590,네오셈,1400609,1209743,-190866,19211631500,16680773525,-2530857975,KRX MDCSTAT02401_OUT
recent3,KOSDAQ150,foreign,090710,휴림로봇,1553578,1108318,-445260,10053303465,7233055175,-2820248290,KRX MDCSTAT02401_OUT
recent3,KOSDAQ150,foreign,141080,리가켐바이오,174730,138601,-36129,14190107450,11247176900,-2942930550,KRX MDCSTAT02401_OUT
recent3,KOSDAQ150,foreign,125490,한라캐스트,1134247,889474,-244773,14276133400,11172778105,-3103355295,KRX MDCSTAT02401_OUT
recent3,KOSDAQ150,foreign,323280,태성,370526,296727,-73799,17582786325,14282175175,-3300611150,KRX MDCSTAT02401_OUT
recent3,KOSDAQ150,foreign,056080,유진로봇,483452,212902,-270550,5947100015,2617042640,-3330057375,KRX MDCSTAT02401_OUT
recent3,KOSDAQ150,foreign,466100,클로봇,252985,105272,-147713,5839210625,2445070300,-3394140325,KRX MDCSTAT02401_OUT
recent3,KOSDAQ150,foreign,295310,에이치브이엠,184396,127475,-56921,11155414450,7740346800,-3415067650,KRX MDCSTAT02401_OUT
recent3,KOSDAQ150,foreign,064760,티씨케이,61284,49147,-12137,17189720500,13683334500,-3506386000,KRX MDCSTAT02401_OUT
recent3,KOSDAQ150,foreign,475830,오름테라퓨틱,670954,528768,-142186,17209111825,13553250950,-3655860875,KRX MDCSTAT02401_OUT
recent3,KOSDAQ150,foreign,140860,파크시스템스,72678,57736,-14942,18915601250,15070820750,-3844780500,KRX MDCSTAT02401_OUT
recent3,KOSDAQ150,foreign,041510,에스엠,148121,95118,-53003,12198031650,7826021750,-4372009900,KRX MDCSTAT02401_OUT
recent3,KOSDAQ150,foreign,420770,기가비스,185693,150068,-35625,22291702150,17840631200,-4451070950,KRX MDCSTAT02401_OUT
recent3,KOSDAQ150,foreign,058610,에스피지,186601,141227,-45374,18843419200,14208960200,-4634459000,KRX MDCSTAT02401_OUT
recent3,KOSDAQ150,foreign,000250,삼천당제약,81457,52925,-28532,13364714950,8697912450,-4666802500,KRX MDCSTAT02401_OUT
recent3,KOSDAQ150,foreign,204270,제이앤티씨,1014452,813189,-201263,25203711150,20423500550,-4780210600,KRX MDCSTAT02401_OUT
recent3,KOSDAQ150,foreign,232140,와이씨,3329964,2982861,-347103,48611989205,43369438090,-5242551115,KRX MDCSTAT02401_OUT
recent3,KOSDAQ150,foreign,101490,에스앤에스텍,250645,113349,-137296,10965638450,4948460300,-6017178150,KRX MDCSTAT02401_OUT
recent3,KOSDAQ150,foreign,328130,루닛,2085667,1440051,-645616,23397032775,16362049160,-7034983615,KRX MDCSTAT02401_OUT
recent3,KOSDAQ150,foreign,310210,보로노이,130618,78058,-52560,19009473250,11418353050,-7591120200,KRX MDCSTAT02401_OUT
recent3,KOSDAQ150,foreign,319400,현대무벡스,733013,322002,-411011,15593230625,6846811075,-8746419550,KRX MDCSTAT02401_OUT
recent3,KOSDAQ150,foreign,218410,RFHIC,384958,224294,-160664,22737341700,13145061450,-9592280250,KRX MDCSTAT02401_OUT
recent3,KOSDAQ150,foreign,277810,레인보우로보틱스,60981,35504,-25477,26517889750,15625966750,-10891923000,KRX MDCSTAT02401_OUT
recent3,KOSDAQ150,foreign,032820,우리기술,3006047,2184536,-821511,39891530220,28902729210,-10988801010,KRX MDCSTAT02401_OUT
recent3,KOSDAQ150,foreign,131970,두산테스나,284619,165015,-119604,26988676350,15371826750,-11616849600,KRX MDCSTAT02401_OUT
recent3,KOSDAQ150,foreign,087010,펩트론,188208,109932,-78276,27579065700,15922465550,-11656600150,KRX MDCSTAT02401_OUT
recent3,KOSDAQ150,foreign,028300,HLB,748468,362018,-386450,24657486975,11292490475,-13364996500,KRX MDCSTAT02401_OUT
recent3,KOSDAQ150,foreign,145020,휴젤,166484,94694,-71790,31805040100,18047871400,-13757168700,KRX MDCSTAT02401_OUT
recent3,KOSDAQ150,foreign,095340,ISC,239748,158297,-81451,50262777000,33227518250,-17035258750,KRX MDCSTAT02401_OUT
recent3,KOSDAQ150,foreign,108490,로보티즈,215894,149786,-66108,64550580250,45115038250,-19435542000,KRX MDCSTAT02401_OUT
recent3,KOSDAQ150,foreign,089970,브이엠,866079,478126,-387953,52225956850,28708512900,-23517443950,KRX MDCSTAT02401_OUT
recent3,KOSDAQ150,foreign,240810,원익IPS,1420988,980336,-440652,187278244900,130047698700,-57230546200,KRX MDCSTAT02401_OUT
recent3,KOSDAQ150,foreign,058470,리노공업,1925230,1073493,-851737,142116075550,79071849800,-63044225750,KRX MDCSTAT02401_OUT
recent3,KOSDAQ150,institution,095340,ISC,88995,201287,112292,18649627750,42268291750,23618664000,KRX MDCSTAT02401_OUT
recent3,KOSDAQ150,institution,089970,브이엠,356973,713310,356337,21413792750,42844867000,21431074250,KRX MDCSTAT02401_OUT
recent3,KOSDAQ150,institution,058470,리노공업,642016,878898,236882,47087012650,65221126050,18134113400,KRX MDCSTAT02401_OUT
recent3,KOSDAQ150,institution,420770,기가비스,120211,212400,92189,14258220250,25201038250,10942818000,KRX MDCSTAT02401_OUT
recent3,KOSDAQ150,institution,005290,동진쎄미켐,168398,348814,180416,7547473625,15731217950,8183744325,KRX MDCSTAT02401_OUT
recent3,KOSDAQ150,institution,084370,유진테크,108589,153147,44558,16892339200,24117662550,7225323350,KRX MDCSTAT02401_OUT
recent3,KOSDAQ150,institution,064760,티씨케이,37792,61849,24057,10537213500,17382665750,6845452250,KRX MDCSTAT02401_OUT
recent3,KOSDAQ150,institution,140860,파크시스템스,12862,35196,22334,3343578000,9175653000,5832075000,KRX MDCSTAT02401_OUT
recent3,KOSDAQ150,institution,036930,주성엔지니어링,240900,258995,18095,50017777000,53905391750,3887614750,KRX MDCSTAT02401_OUT
recent3,KOSDAQ150,institution,121600,나노신소재,36443,101988,65545,1949960050,5505220900,3555260850,KRX MDCSTAT02401_OUT
recent3,KOSDAQ150,institution,053800,안랩,13533,48009,34476,991605750,3534452200,2542846450,KRX MDCSTAT02401_OUT
recent3,KOSDAQ150,institution,099320,쎄트렉아이,11283,42697,31414,890531950,3381933250,2491401300,KRX MDCSTAT02401_OUT
recent3,KOSDAQ150,institution,251970,펌텍코리아,88710,115899,27189,5192482500,7052046900,1859564400,KRX MDCSTAT02401_OUT
recent3,KOSDAQ150,institution,214450,파마리서치,39849,45384,5535,12909584250,14715780750,1806196500,KRX MDCSTAT02401_OUT
recent3,KOSDAQ150,institution,078340,컴투스,48828,94522,45694,1733469775,3414399400,1680929625,KRX MDCSTAT02401_OUT
recent3,KOSDAQ150,institution,195940,HK이노엔,59814,99834,40020,2330038500,3888176950,1558138450,KRX MDCSTAT02401_OUT
recent3,KOSDAQ150,institution,277810,레인보우로보틱스,26011,28682,2671,11346537250,12723702500,1377165250,KRX MDCSTAT02401_OUT
recent3,KOSDAQ150,institution,225570,넥슨게임즈,45425,160371,114946,494830805,1750859500,1256028695,KRX MDCSTAT02401_OUT
recent3,KOSDAQ150,institution,295310,에이치브이엠,114511,129850,15339,6810154500,8027480300,1217325800,KRX MDCSTAT02401_OUT
recent3,KOSDAQ150,institution,253590,네오셈,57124,144045,86921,775459685,1935787715,1160328030,KRX MDCSTAT02401_OUT
recent3,KOSDAQ150,institution,445680,큐리옥스바이오시스템즈,18041,40302,22261,885834375,2040976650,1155142275,KRX MDCSTAT02401_OUT
recent3,KOSDAQ150,institution,125490,한라캐스트,29726,91651,61925,361850425,1147576295,785725870,KRX MDCSTAT02401_OUT
recent3,KOSDAQ150,institution,036810,에프에스티,27817,50015,22198,851491625,1522678125,671186500,KRX MDCSTAT02401_OUT
recent3,KOSDAQ150,institution,082920,비츠로셀,125754,145301,19547,3600464050,4157415550,556951500,KRX MDCSTAT02401_OUT
recent3,KOSDAQ150,institution,475830,오름테라퓨틱,114299,135371,21072,2904771500,3449006625,544235125,KRX MDCSTAT02401_OUT
recent3,KOSDAQ150,institution,036830,솔브레인홀딩스,32585,44317,11732,1317671375,1806009850,488338475,KRX MDCSTAT02401_OUT
recent3,KOSDAQ150,institution,215200,메가스터디교육,16834,29991,13157,615049750,1097110700,482060950,KRX MDCSTAT02401_OUT
recent3,KOSDAQ150,institution,232140,와이씨,274998,300952,25954,3916757710,4393953160,477195450,KRX MDCSTAT02401_OUT
recent3,KOSDAQ150,institution,003380,하림지주,197004,216878,19874,2164877760,2390792520,225914760,KRX MDCSTAT02401_OUT
recent3,KOSDAQ150,institution,171090,선익시스템,19064,21882,2818,1350890750,1571742850,220852100,KRX MDCSTAT02401_OUT
recent3,KOSDAQ150,institution,042000,카페24,32415,40500,8085,530309175,740009620,209700445,KRX MDCSTAT02401_OUT
recent3,KOSDAQ150,institution,352480,씨앤씨인터내셔널,6506,14364,7858,142969950,318598000,175628050,KRX MDCSTAT02401_OUT
recent3,KOSDAQ150,institution,041190,우리기술투자,57696,80220,22524,344960570,501522545,156561975,KRX MDCSTAT02401_OUT
recent3,KOSDAQ150,institution,237690,에스티팜,53529,53815,286,4920057400,4987032150,66974750,KRX MDCSTAT02401_OUT
recent3,KOSDAQ150,institution,189300,인텔리안테크,29561,29178,-383,2035650200,2026663750,-8986450,KRX MDCSTAT02401_OUT
recent3,KOSDAQ150,institution,328130,루닛,206716,218879,12163,2321346255,2281163425,-40182830,KRX MDCSTAT02401_OUT
recent3,KOSDAQ150,institution,067160,SOOP,15144,14001,-1143,554672450,513964950,-40707500,KRX MDCSTAT02401_OUT
recent3,KOSDAQ150,institution,025900,동화기업,24322,16315,-8007,166069830,112427080,-53642750,KRX MDCSTAT02401_OUT
recent3,KOSDAQ150,institution,086520,에코프로,411499,408865,-2634,33236681700,33176837150,-59844550,KRX MDCSTAT02401_OUT
recent3,KOSDAQ150,institution,101730,위메이드맥스,24525,3162,-21363,113918870,14818245,-99100625,KRX MDCSTAT02401_OUT
recent3,KOSDAQ150,institution,033100,제룡전기,22350,20133,-2217,1068065950,963586000,-104479950,KRX MDCSTAT02401_OUT
recent3,KOSDAQ150,institution,214430,아이쓰리시스템,8524,6876,-1648,577397600,470619950,-106777650,KRX MDCSTAT02401_OUT
recent3,KOSDAQ150,institution,060280,큐렉소,35952,22032,-13920,289375510,181857585,-107517925,KRX MDCSTAT02401_OUT
recent3,KOSDAQ150,institution,112040,위메이드,62566,54885,-7681,958329820,842294020,-116035800,KRX MDCSTAT02401_OUT
recent3,KOSDAQ150,institution,009520,포스코엠텍,64895,53576,-11319,808964135,669949840,-139014295,KRX MDCSTAT02401_OUT
recent3,KOSDAQ150,institution,095660,네오위즈,33193,24939,-8254,589958140,445970980,-143987160,KRX MDCSTAT02401_OUT
recent3,KOSDAQ150,institution,060370,LS마린솔루션,98807,94029,-4778,3280421150,3121954375,-158466775,KRX MDCSTAT02401_OUT
recent3,KOSDAQ150,institution,069080,웹젠,71725,57933,-13792,816628440,657307385,-159321055,KRX MDCSTAT02401_OUT
recent3,KOSDAQ150,institution,030520,한컴,135114,123088,-12026,2297938660,2088137180,-209801480,KRX MDCSTAT02401_OUT
recent3,KOSDAQ150,institution,038500,삼표시멘트,110279,78742,-31537,743858570,532407220,-211451350,KRX MDCSTAT02401_OUT
recent3,KOSDAQ150,institution,050890,쏠리드,72110,48928,-23182,690866345,473107035,-217759310,KRX MDCSTAT02401_OUT
recent3,KOSDAQ150,institution,100790,미래에셋벤처투자,21903,9105,-12798,383581690,160601800,-222979890,KRX MDCSTAT02401_OUT
recent3,KOSDAQ150,institution,082270,젬백스,39285,16939,-22346,407862935,177240490,-230622445,KRX MDCSTAT02401_OUT
recent3,KOSDAQ150,institution,090360,로보스타,7585,4277,-3308,594914950,339414700,-255500250,KRX MDCSTAT02401_OUT
recent3,KOSDAQ150,institution,025320,시노펙스,86027,15865,-70162,326619290,60559770,-266059520,KRX MDCSTAT02401_OUT
recent3,KOSDAQ150,institution,272290,이녹스첨단소재,46152,32797,-13355,974580150,693718450,-280861700,KRX MDCSTAT02401_OUT
recent3,KOSDAQ150,institution,096530,씨젠,99911,91502,-8409,3414000375,3131674375,-282326000,KRX MDCSTAT02401_OUT
recent3,KOSDAQ150,institution,015750,성우하이텍,61270,12627,-48643,356887280,73680340,-283206940,KRX MDCSTAT02401_OUT
recent3,KOSDAQ150,institution,281740,레이크머티리얼즈,81045,53943,-27102,879011715,588290185,-290721530,KRX MDCSTAT02401_OUT
recent3,KOSDAQ150,institution,348370,엔켐,44739,29900,-14839,916752260,615890500,-300861760,KRX MDCSTAT02401_OUT
recent3,KOSDAQ150,institution,194480,데브시스터즈,47933,24083,-23850,682811490,346925160,-335886330,KRX MDCSTAT02401_OUT
recent3,KOSDAQ150,institution,166090,하나머티리얼즈,59922,53910,-6012,3459351300,3120598350,-338752950,KRX MDCSTAT02401_OUT
recent3,KOSDAQ150,institution,253450,스튜디오드래곤,33500,16803,-16697,685224000,343774800,-341449200,KRX MDCSTAT02401_OUT
recent3,KOSDAQ150,institution,032190,다우데이타,39734,21591,-18143,789055535,428841130,-360214405,KRX MDCSTAT02401_OUT
recent3,KOSDAQ150,institution,025980,아난티,113984,41826,-72158,592695745,224987653,-367708092,KRX MDCSTAT02401_OUT
recent3,KOSDAQ150,institution,466100,클로봇,31559,13636,-17923,725106600,316870175,-408236425,KRX MDCSTAT02401_OUT
recent3,KOSDAQ150,institution,388720,유일로보틱스,8168,2133,-6035,561220000,147929300,-413290700,KRX MDCSTAT02401_OUT
recent3,KOSDAQ150,institution,124500,아이티센글로벌,20571,5846,-14725,608736400,173493625,-435242775,KRX MDCSTAT02401_OUT
recent3,KOSDAQ150,institution,085660,차바이오텍,82846,26695,-56151,664865635,215628470,-449237165,KRX MDCSTAT02401_OUT
recent3,KOSDAQ150,institution,214370,케어젠,27493,15943,-11550,1096449550,637326850,-459122700,KRX MDCSTAT02401_OUT
recent3,KOSDAQ150,institution,065350,신성델타테크,22930,7624,-15306,716549350,239888600,-476660750,KRX MDCSTAT02401_OUT
recent3,KOSDAQ150,institution,348210,넥스틴,36147,21174,-14973,1215873300,716216200,-499657100,KRX MDCSTAT02401_OUT
recent3,KOSDAQ150,institution,039200,오스코텍,79477,64319,-15158,2853081275,2324623800,-528457475,KRX MDCSTAT02401_OUT
recent3,KOSDAQ150,institution,211050,인카금융서비스,90469,35861,-54608,901595585,359413885,-542181700,KRX MDCSTAT02401_OUT
recent3,KOSDAQ150,institution,376300,디어유,36045,3762,-32283,611526810,63952565,-547574245,KRX MDCSTAT02401_OUT
recent3,KOSDAQ150,institution,018290,브이티,55915,4670,-51245,631203680,53069405,-578134275,KRX MDCSTAT02401_OUT
recent3,KOSDAQ150,institution,074600,원익QnC,171769,151119,-20650,4978012300,4380286050,-597726250,KRX MDCSTAT02401_OUT
recent3,KOSDAQ150,institution,048410,현대바이오,271976,183963,-88013,1883906680,1274970290,-608936390,KRX MDCSTAT02401_OUT
recent3,KOSDAQ150,institution,263750,펄어비스,124157,103981,-20176,4212436100,3568458500,-643977600,KRX MDCSTAT02401_OUT
recent3,KOSDAQ150,institution,060250,NHN KCP,59881,8133,-51748,801249505,109611690,-691637815,KRX MDCSTAT02401_OUT
recent3,KOSDAQ150,institution,007390,네이처셀,68348,40365,-27983,1714868200,1018394325,-696473875,KRX MDCSTAT02401_OUT
recent3,KOSDAQ150,institution,032500,케이엠더블유,52358,14877,-37481,1010256200,288869555,-721386645,KRX MDCSTAT02401_OUT
recent3,KOSDAQ150,institution,137400,피엔티,58510,33592,-24918,1703249825,981104725,-722145100,KRX MDCSTAT02401_OUT
recent3,KOSDAQ150,institution,319400,현대무벡스,93214,58430,-34784,1968318100,1238008775,-730309325,KRX MDCSTAT02401_OUT
recent3,KOSDAQ150,institution,358570,지아이이노베이션,115078,28649,-86429,1027607295,256423055,-771184240,KRX MDCSTAT02401_OUT
recent3,KOSDAQ150,institution,090710,휴림로봇,147009,23890,-123119,935255915,152851050,-782404865,KRX MDCSTAT02401_OUT
recent3,KOSDAQ150,institution,204270,제이앤티씨,39367,7610,-31757,974309050,189509825,-784799225,KRX MDCSTAT02401_OUT
recent3,KOSDAQ150,institution,056080,유진로봇,82424,17487,-64937,1003491945,213311040,-790180905,KRX MDCSTAT02401_OUT
recent3,KOSDAQ150,institution,161580,필옵틱스,30838,6619,-24219,1031138875,220198275,-810940600,KRX MDCSTAT02401_OUT
recent3,KOSDAQ150,institution,278280,천보,28556,3496,-25060,996380375,123195625,-873184750,KRX MDCSTAT02401_OUT
recent3,KOSDAQ150,institution,036620,감성코퍼레이션,345521,74127,-271394,1268756957,273234859,-995522098,KRX MDCSTAT02401_OUT
recent3,KOSDAQ150,institution,101490,에스앤에스텍,42004,19081,-22923,1832287575,836272775,-996014800,KRX MDCSTAT02401_OUT
recent3,KOSDAQ150,institution,323280,태성,56476,35093,-21383,2701217875,1679098475,-1022119400,KRX MDCSTAT02401_OUT
recent3,KOSDAQ150,institution,056190,SFA,83906,46654,-37252,2355583675,1311182050,-1044401625,KRX MDCSTAT02401_OUT
recent3,KOSDAQ150,institution,214150,클래시스,68955,33479,-35476,2122675125,1032364175,-1090310950,KRX MDCSTAT02401_OUT
recent3,KOSDAQ150,institution,399720,가온칩스,45703,21306,-24397,2124820975,1000473550,-1124347425,KRX MDCSTAT02401_OUT
recent3,KOSDAQ150,institution,417200,LS머트리얼즈,325211,239098,-86113,4397626925,3248536330,-1149090595,KRX MDCSTAT02401_OUT
recent3,KOSDAQ150,institution,0009K0,에임드바이오,87419,32388,-55031,1891177175,707039300,-1184137875,KRX MDCSTAT02401_OUT
recent3,KOSDAQ150,institution,030530,원익홀딩스,128200,86231,-41969,3623514275,2436906075,-1186608200,KRX MDCSTAT02401_OUT
recent3,KOSDAQ150,institution,213420,덕산네오룩스,90109,48923,-41186,2618933125,1426816400,-1192116725,KRX MDCSTAT02401_OUT
recent3,KOSDAQ150,institution,052400,코나아이,48641,15576,-33065,1828154825,592114750,-1236040075,KRX MDCSTAT02401_OUT
recent3,KOSDAQ150,institution,035760,CJ ENM,68332,35524,-32808,2645281950,1374402125,-1270879825,KRX MDCSTAT02401_OUT
recent3,KOSDAQ150,institution,033500,동성화인텍,85258,4008,-81250,1372879810,64954700,-1307925110,KRX MDCSTAT02401_OUT
recent3,KOSDAQ150,institution,178320,서진시스템,238071,189961,-48110,8059840800,6739465725,-1320375075,KRX MDCSTAT02401_OUT
recent3,KOSDAQ150,institution,293490,카카오게임즈,270487,93433,-177054,2453003905,850647590,-1602356315,KRX MDCSTAT02401_OUT
recent3,KOSDAQ150,institution,437730,삼현,53686,20624,-33062,2826975950,1090608900,-1736367050,KRX MDCSTAT02401_OUT
recent3,KOSDAQ150,institution,131290,티에스이,51025,44732,-6293,14457324250,12720370250,-1736954000,KRX MDCSTAT02401_OUT
recent3,KOSDAQ150,institution,067310,하나마이크론,466257,423943,-42314,21400593225,19562667400,-1837925825,KRX MDCSTAT02401_OUT
recent3,KOSDAQ150,institution,290650,엘앤씨바이오,51038,10283,-40755,2385376575,483725475,-1901651100,KRX MDCSTAT02401_OUT
recent3,KOSDAQ150,institution,006730,서부T&D,378561,168211,-210350,4136087495,1884369365,-2251718130,KRX MDCSTAT02401_OUT
recent3,KOSDAQ150,institution,035900,JYP Ent.,95828,36234,-59594,3624132475,1371667725,-2252464750,KRX MDCSTAT02401_OUT
recent3,KOSDAQ150,institution,068760,셀트리온제약,95552,37835,-57717,3754239775,1487918300,-2266321475,KRX MDCSTAT02401_OUT
recent3,KOSDAQ150,institution,098460,고영,188310,104936,-83374,5481447825,3052100550,-2429347275,KRX MDCSTAT02401_OUT
recent3,KOSDAQ150,institution,310210,보로노이,60434,42922,-17512,8772368500,6290468950,-2481899550,KRX MDCSTAT02401_OUT
recent3,KOSDAQ150,institution,000250,삼천당제약,58037,42745,-15292,9538444100,7054440000,-2484004100,KRX MDCSTAT02401_OUT
recent3,KOSDAQ150,institution,078600,대주전자재료,77727,46947,-30780,6916577950,4322748750,-2593829200,KRX MDCSTAT02401_OUT
recent3,KOSDAQ150,institution,095610,테스,102947,85127,-17820,16237038550,13523962200,-2713076350,KRX MDCSTAT02401_OUT
recent3,KOSDAQ150,institution,218410,RFHIC,179441,132497,-46944,10556200600,7793956350,-2762244250,KRX MDCSTAT02401_OUT
recent3,KOSDAQ150,institution,014620,성광벤드,150841,59356,-91485,4702352375,1863403900,-2838948475,KRX MDCSTAT02401_OUT
recent3,KOSDAQ150,institution,032820,우리기술,419227,185376,-233851,5476615535,2496919745,-2979695790,KRX MDCSTAT02401_OUT
recent3,KOSDAQ150,institution,131970,두산테스나,153840,119036,-34804,14396448100,11239194850,-3157253250,KRX MDCSTAT02401_OUT
recent3,KOSDAQ150,institution,058610,에스피지,82882,49905,-32977,8235348950,5039765150,-3195583800,KRX MDCSTAT02401_OUT
recent3,KOSDAQ150,institution,145020,휴젤,84117,67305,-16812,15969783150,12773399750,-3196383400,KRX MDCSTAT02401_OUT
recent3,KOSDAQ150,institution,041510,에스엠,126820,82499,-44321,10443525200,6788936100,-3654589100,KRX MDCSTAT02401_OUT
recent3,KOSDAQ150,institution,080220,제주반도체,138833,85553,-53280,10623267050,6598388450,-4024878600,KRX MDCSTAT02401_OUT
recent3,KOSDAQ150,institution,122870,와이지엔터테인먼트,175329,81263,-94066,7534085625,3490333175,-4043752450,KRX MDCSTAT02401_OUT
recent3,KOSDAQ150,institution,043260,성호전자,1184367,996194,-188173,31274278450,26554118575,-4720159875,KRX MDCSTAT02401_OUT
recent3,KOSDAQ150,institution,347850,디앤디파마텍,220789,107170,-113619,9704985175,4742072125,-4962913050,KRX MDCSTAT02401_OUT
recent3,KOSDAQ150,institution,028300,HLB,248537,115578,-132959,8662212700,3669929475,-4992283225,KRX MDCSTAT02401_OUT
recent3,KOSDAQ150,institution,247540,에코프로비엠,386743,328950,-57793,41223728400,35986130300,-5237598100,KRX MDCSTAT02401_OUT
recent3,KOSDAQ150,institution,403870,HPSP,553230,458340,-94890,30710209400,25375000150,-5335209250,KRX MDCSTAT02401_OUT
recent3,KOSDAQ150,institution,141080,리가켐바이오,157414,87415,-69999,12740825700,7099750250,-5641075450,KRX MDCSTAT02401_OUT
recent3,KOSDAQ150,institution,089030,테크윙,250855,122230,-128625,12198251675,5990195925,-6208055750,KRX MDCSTAT02401_OUT
recent3,KOSDAQ150,institution,183300,코미코,472218,256328,-215890,14701577925,8019701725,-6681876200,KRX MDCSTAT02401_OUT
recent3,KOSDAQ150,institution,031980,피에스케이홀딩스,108392,59354,-49038,17605770100,9826549800,-7779220300,KRX MDCSTAT02401_OUT
recent3,KOSDAQ150,institution,039030,이오테크닉스,91035,74479,-16556,43350743000,35515805000,-7834938000,KRX MDCSTAT02401_OUT
recent3,KOSDAQ150,institution,226950,올릭스,222392,141844,-80548,22984474900,14933422950,-8051051950,KRX MDCSTAT02401_OUT
recent3,KOSDAQ150,institution,087010,펩트론,86056,20095,-65961,12578833100,2924036500,-9654796600,KRX MDCSTAT02401_OUT
recent3,KOSDAQ150,institution,240810,원익IPS,615950,538841,-77109,80873427750,71059942300,-9813485450,KRX MDCSTAT02401_OUT
recent3,KOSDAQ150,institution,083650,비에이치아이,284015,118337,-165678,17482354200,7416500500,-10065853700,KRX MDCSTAT02401_OUT
recent3,KOSDAQ150,institution,241710,코스메카코리아,123699,38289,-85410,15655936800,4871894450,-10784042350,KRX MDCSTAT02401_OUT
recent3,KOSDAQ150,institution,196170,알테오젠,236484,192432,-44052,59778473000,48823865250,-10954607750,KRX MDCSTAT02401_OUT
recent3,KOSDAQ150,institution,298380,에이비엘바이오,387124,103632,-283492,19730403825,5281044575,-14449359250,KRX MDCSTAT02401_OUT
recent3,KOSDAQ150,institution,222800,심텍,490115,381812,-108303,73086700400,57144565350,-15942135050,KRX MDCSTAT02401_OUT
recent3,KOSDAQ150,institution,257720,실리콘투,842292,185377,-656915,33336695075,7402494525,-25934200550,KRX MDCSTAT02401_OUT
recent3,KOSDAQ150,institution,108490,로보티즈,146231,45991,-100240,43533268250,13932224000,-29601044250,KRX MDCSTAT02401_OUT
recent3,KOSDAQ150,institution,036540,SFA반도체,6735045,3252638,-3482407,71119931755,34509080850,-36610850905,KRX MDCSTAT02401_OUT
