period_type,universe,investor,code,name,sell_volume,buy_volume,net_volume,sell_value,buy_value,net_value,source
daily,KOSPI200,foreign,042700,한미반도체,161504,359995,198491,40039178750,89155500000,49116321250,KRX MDCSTAT02401_OUT
daily,KOSPI200,foreign,066570,LG전자,213205,284519,71314,45447539500,60647567000,15200027500,KRX MDCSTAT02401_OUT
daily,KOSPI200,foreign,402340,SK스퀘어,228720,240324,11604,253380926000,266335318000,12954392000,KRX MDCSTAT02401_OUT
daily,KOSPI200,foreign,329180,HD현대중공업,61032,89070,28038,26193541750,38155493000,11961951250,KRX MDCSTAT02401_OUT
daily,KOSPI200,foreign,298040,효성중공업,13251,16862,3611,37100895500,47202248000,10101352500,KRX MDCSTAT02401_OUT
daily,KOSPI200,foreign,000270,기아,629185,702987,73802,72476540300,80930836550,8454296250,KRX MDCSTAT02401_OUT
daily,KOSPI200,foreign,012450,한화에어로스페이스,48922,54928,6006,49455594500,55465182000,6009587500,KRX MDCSTAT02401_OUT
daily,KOSPI200,foreign,007660,이수페타시스,200736,249095,48359,23198376800,28844393800,5646017000,KRX MDCSTAT02401_OUT
daily,KOSPI200,foreign,062040,산일전기,61663,87157,25494,12512032850,17658777050,5146744200,KRX MDCSTAT02401_OUT
daily,KOSPI200,foreign,000990,DB하이텍,242517,281194,38677,33131503850,38165317150,5033813300,KRX MDCSTAT02401_OUT
daily,KOSPI200,foreign,010130,고려아연,4406,8775,4369,4690901000,9282389000,4591488000,KRX MDCSTAT02401_OUT
daily,KOSPI200,foreign,004170,신세계,38785,52217,13432,13048183500,17570935500,4522752000,KRX MDCSTAT02401_OUT
daily,KOSPI200,foreign,018260,삼성에스디에스,56825,74607,17782,12286630500,16131437750,3844807250,KRX MDCSTAT02401_OUT
daily,KOSPI200,foreign,086280,현대글로비스,43587,61025,17438,8573682200,11986514800,3412832600,KRX MDCSTAT02401_OUT
daily,KOSPI200,foreign,069960,현대백화점,52856,87847,34991,4719066350,7832605900,3113539550,KRX MDCSTAT02401_OUT
daily,KOSPI200,foreign,052690,한전기술,43867,67436,23569,5328453800,8193412850,2864959050,KRX MDCSTAT02401_OUT
daily,KOSPI200,foreign,068270,셀트리온,116471,131090,14619,20733480915,23335088615,2601607700,KRX MDCSTAT02401_OUT
daily,KOSPI200,foreign,278470,에이피알,63306,70394,7088,22916965250,25495328000,2578362750,KRX MDCSTAT02401_OUT
daily,KOSPI200,foreign,128940,한미약품,14193,18827,4634,7146285750,9483685250,2337399500,KRX MDCSTAT02401_OUT
daily,KOSPI200,foreign,010950,S-Oil,122020,136319,14299,19350616250,21639695650,2289079400,KRX MDCSTAT02401_OUT
daily,KOSPI200,foreign,009420,한올바이오파마,59162,108580,49418,2556166525,4692017175,2135850650,KRX MDCSTAT02401_OUT
daily,KOSPI200,foreign,375500,DL이앤씨,130268,154413,24145,10178793950,12062051250,1883257300,KRX MDCSTAT02401_OUT
daily,KOSPI200,foreign,086790,하나금융지주,231000,244838,13838,31095967050,32971996850,1876029800,KRX MDCSTAT02401_OUT
daily,KOSPI200,foreign,483650,달바글로벌,34246,43979,9733,6384227000,8188880750,1804653750,KRX MDCSTAT02401_OUT
daily,KOSPI200,foreign,010120,LS ELECTRIC,76965,85497,8532,15710734000,17442581750,1731847750,KRX MDCSTAT02401_OUT
daily,KOSPI200,foreign,282330,BGF리테일,17345,28933,11588,2279861300,3793354700,1513493400,KRX MDCSTAT02401_OUT
daily,KOSPI200,foreign,259960,크래프톤,29504,35836,6332,5854290550,7093142500,1238851950,KRX MDCSTAT02401_OUT
daily,KOSPI200,foreign,004370,농심,14797,17466,2669,6029407250,7109651750,1080244500,KRX MDCSTAT02401_OUT
daily,KOSPI200,foreign,192080,더블유게임즈,27495,43752,16257,1612521900,2565907700,953385800,KRX MDCSTAT02401_OUT
daily,KOSPI200,foreign,023530,롯데쇼핑,33522,41295,7773,3408275700,4193011250,784735550,KRX MDCSTAT02401_OUT
daily,KOSPI200,foreign,005830,DB손해보험,107176,111283,4107,20526642500,21305920600,779278100,KRX MDCSTAT02401_OUT
daily,KOSPI200,foreign,006260,LS,33470,35926,2456,10550066250,11326711250,776645000,KRX MDCSTAT02401_OUT
daily,KOSPI200,foreign,001040,CJ,81246,86923,5677,11022454850,11790178050,767723200,KRX MDCSTAT02401_OUT
daily,KOSPI200,foreign,120110,코오롱인더,31520,42536,11016,1713316950,2306672050,593355100,KRX MDCSTAT02401_OUT
daily,KOSPI200,foreign,097950,CJ제일제당,13593,16632,3039,2429526650,2971932400,542405750,KRX MDCSTAT02401_OUT
daily,KOSPI200,foreign,000100,유한양행,82874,90028,7154,6049335900,6570281600,520945700,KRX MDCSTAT02401_OUT
daily,KOSPI200,foreign,009540,HD한국조선해양,80739,82102,1363,26080988120,26509968120,428980000,KRX MDCSTAT02401_OUT
daily,KOSPI200,foreign,006280,녹십자,4805,7934,3129,587560350,969327900,381767550,KRX MDCSTAT02401_OUT
daily,KOSPI200,foreign,285130,SK케미칼,11148,17807,6659,571230200,911140500,339910300,KRX MDCSTAT02401_OUT
daily,KOSPI200,foreign,000670,영풍,30332,36456,6124,1258120500,1518838550,260718050,KRX MDCSTAT02401_OUT
daily,KOSPI200,foreign,161390,한국타이어앤테크놀로지,128694,133099,4405,7599839300,7851005600,251166300,KRX MDCSTAT02401_OUT
daily,KOSPI200,foreign,007070,GS리테일,56212,66525,10313,1274963350,1506830225,231866875,KRX MDCSTAT02401_OUT
daily,KOSPI200,foreign,000080,하이트진로,32779,47879,15100,494434095,721292730,226858635,KRX MDCSTAT02401_OUT
daily,KOSPI200,foreign,030000,제일기획,91390,103140,11750,1631528000,1841282490,209754490,KRX MDCSTAT02401_OUT
daily,KOSPI200,foreign,192820,코스맥스,25150,25905,755,6939329250,7130980750,191651500,KRX MDCSTAT02401_OUT
daily,KOSPI200,foreign,039490,키움증권,47810,48369,559,12075521750,12218021250,142499500,KRX MDCSTAT02401_OUT
daily,KOSPI200,foreign,001450,현대해상,306503,308861,2358,15334722125,15442597925,107875800,KRX MDCSTAT02401_OUT
daily,KOSPI200,foreign,001800,오리온홀딩스,30711,34009,3298,740241450,820298050,80056600,KRX MDCSTAT02401_OUT
daily,KOSPI200,foreign,035250,강원랜드,117376,119124,1748,1690717840,1715281810,24563970,KRX MDCSTAT02401_OUT
daily,KOSPI200,foreign,268280,미원에스씨,365,546,181,48413100,72080600,23667500,KRX MDCSTAT02401_OUT
daily,KOSPI200,foreign,009970,영원무역홀딩스,4649,4648,-1,770484750,770167400,-317350,KRX MDCSTAT02401_OUT
daily,KOSPI200,foreign,007700,F&F홀딩스,918,821,-97,12286240,10986270,-1299970,KRX MDCSTAT02401_OUT
daily,KOSPI200,foreign,111770,영원무역,25271,24894,-377,1786804200,1759161450,-27642750,KRX MDCSTAT02401_OUT
daily,KOSPI200,foreign,002840,미원상사,1259,1011,-248,171598500,137238000,-34360500,KRX MDCSTAT02401_OUT
daily,KOSPI200,foreign,000210,DL,24394,23553,-841,1226876700,1184246950,-42629750,KRX MDCSTAT02401_OUT
daily,KOSPI200,foreign,280360,롯데웰푸드,4673,4323,-350,585791800,540966200,-44825600,KRX MDCSTAT02401_OUT
daily,KOSPI200,foreign,069260,TKG휴켐스,26270,22345,-3925,426641900,362717415,-63924485,KRX MDCSTAT02401_OUT
daily,KOSPI200,foreign,001680,대상,19665,15463,-4202,356924090,280956680,-75967410,KRX MDCSTAT02401_OUT
daily,KOSPI200,foreign,014820,동원시스템즈,7773,3827,-3946,162592000,79951300,-82640700,KRX MDCSTAT02401_OUT
daily,KOSPI200,foreign,185750,종근당,16003,14700,-1303,1030114350,945974250,-84140100,KRX MDCSTAT02401_OUT
daily,KOSPI200,foreign,300720,한일시멘트,16995,11496,-5499,274130940,185386225,-88744715,KRX MDCSTAT02401_OUT
daily,KOSPI200,foreign,002030,아세아,1127,697,-430,232313500,143566000,-88747500,KRX MDCSTAT02401_OUT
daily,KOSPI200,foreign,032640,LG유플러스,478910,472644,-6266,7057938860,6968226990,-89711870,KRX MDCSTAT02401_OUT
daily,KOSPI200,foreign,002790,아모레퍼시픽홀딩스,35528,31856,-3672,948862250,850061000,-98801250,KRX MDCSTAT02401_OUT
daily,KOSPI200,foreign,003490,대한항공,784984,782078,-2906,24530139225,24430770400,-99368825,KRX MDCSTAT02401_OUT
daily,KOSPI200,foreign,008730,율촌화학,29300,21836,-7464,422969020,315388390,-107580630,KRX MDCSTAT02401_OUT
daily,KOSPI200,foreign,137310,에스디바이오센서,72456,48884,-23572,439292870,296485315,-142807555,KRX MDCSTAT02401_OUT
daily,KOSPI200,foreign,005300,롯데칠성,7732,6187,-1545,738781000,591556450,-147224550,KRX MDCSTAT02401_OUT
daily,KOSPI200,foreign,006040,동원산업,14809,10372,-4437,525602950,368191500,-157411450,KRX MDCSTAT02401_OUT
daily,KOSPI200,foreign,271560,오리온,30512,29017,-1495,3382277550,3214829950,-167447600,KRX MDCSTAT02401_OUT
daily,KOSPI200,foreign,004000,롯데정밀화학,21524,17592,-3932,926587975,756564925,-170023050,KRX MDCSTAT02401_OUT
daily,KOSPI200,foreign,003240,태광산업,442,219,-223,395977000,196098000,-199879000,KRX MDCSTAT02401_OUT
daily,KOSPI200,foreign,0126Z0,삼성에피스홀딩스,19572,18812,-760,6493843500,6291350250,-202493250,KRX MDCSTAT02401_OUT
daily,KOSPI200,foreign,008930,한미사이언스,32294,27853,-4441,1668475000,1448009000,-220466000,KRX MDCSTAT02401_OUT
daily,KOSPI200,foreign,007310,오뚜기,1214,480,-734,384579250,151869500,-232709750,KRX MDCSTAT02401_OUT
daily,KOSPI200,foreign,443060,HD현대마린솔루션,35115,34169,-946,8254910750,8021704250,-233206500,KRX MDCSTAT02401_OUT
daily,KOSPI200,foreign,026960,동서,26551,16996,-9555,682438050,436106850,-246331200,KRX MDCSTAT02401_OUT
daily,KOSPI200,foreign,000240,한국앤컴퍼니,24588,14141,-10447,612310025,351482125,-260827900,KRX MDCSTAT02401_OUT
daily,KOSPI200,foreign,003030,세아제강지주,14284,11678,-2606,1546424450,1264477500,-281946950,KRX MDCSTAT02401_OUT
daily,KOSPI200,foreign,011210,현대위아,17434,12038,-5396,924928300,638988400,-285939900,KRX MDCSTAT02401_OUT
daily,KOSPI200,foreign,030200,KT,116108,110519,-5589,6131145700,5836632900,-294512800,KRX MDCSTAT02401_OUT
daily,KOSPI200,foreign,006650,대한유화,12922,9521,-3401,1151976000,842526800,-309449200,KRX MDCSTAT02401_OUT
daily,KOSPI200,foreign,003090,대웅,32120,11945,-20175,499691895,185631035,-314060860,KRX MDCSTAT02401_OUT
daily,KOSPI200,foreign,009240,한샘,13715,5853,-7862,548053950,233681350,-314372600,KRX MDCSTAT02401_OUT
daily,KOSPI200,foreign,036460,한국가스공사,60652,50751,-9901,2120035250,1778409025,-341626225,KRX MDCSTAT02401_OUT
daily,KOSPI200,foreign,005420,코스모화학,71468,32829,-38639,721661605,331149295,-390512310,KRX MDCSTAT02401_OUT
daily,KOSPI200,foreign,302440,SK바이오사이언스,27257,15610,-11647,973110550,557492725,-415617825,KRX MDCSTAT02401_OUT
daily,KOSPI200,foreign,071320,지역난방공사,7358,1528,-5830,578238100,120099900,-458138200,KRX MDCSTAT02401_OUT
daily,KOSPI200,foreign,139480,이마트,29910,23080,-6830,2138473400,1650726700,-487746700,KRX MDCSTAT02401_OUT
daily,KOSPI200,foreign,017960,한국카본,57981,32858,-25123,1148608410,647602900,-501005510,KRX MDCSTAT02401_OUT
daily,KOSPI200,foreign,051600,한전KPS,56715,44750,-11965,2546493800,2009491450,-537002350,KRX MDCSTAT02401_OUT
daily,KOSPI200,foreign,161890,한국콜마,77044,73241,-3803,11473169100,10896597400,-576571700,KRX MDCSTAT02401_OUT
daily,KOSPI200,foreign,002380,KCC,6974,5700,-1274,3280797500,2681055250,-599742250,KRX MDCSTAT02401_OUT
daily,KOSPI200,foreign,073240,금호타이어,650028,558457,-91571,4402919700,3786481460,-616438240,KRX MDCSTAT02401_OUT
daily,KOSPI200,foreign,008770,호텔신라,66530,48570,-17960,2670292075,1951620225,-718671850,KRX MDCSTAT02401_OUT
daily,KOSPI200,foreign,251270,넷마블,52344,31250,-21094,1810048375,1078281525,-731766850,KRX MDCSTAT02401_OUT
daily,KOSPI200,foreign,000880,한화,64968,58728,-6240,8294355980,7493314380,-801041600,KRX MDCSTAT02401_OUT
daily,KOSPI200,foreign,005850,에스엘,32052,15686,-16366,1581503825,775379550,-806124275,KRX MDCSTAT02401_OUT
daily,KOSPI200,foreign,069620,대웅제약,11500,3638,-7862,1219124900,385678100,-833446800,KRX MDCSTAT02401_OUT
daily,KOSPI200,foreign,000120,CJ대한통운,17562,5452,-12110,1234057500,383336900,-850720600,KRX MDCSTAT02401_OUT
daily,KOSPI200,foreign,298050,HS효성첨단소재,7443,2072,-5371,1189280900,331901300,-857379600,KRX MDCSTAT02401_OUT
daily,KOSPI200,foreign,088350,한화생명,463296,312176,-151120,2682267620,1806716495,-875551125,KRX MDCSTAT02401_OUT
daily,KOSPI200,foreign,081660,미스토홀딩스,81924,58223,-23701,3129533700,2222575125,-906958575,KRX MDCSTAT02401_OUT
daily,KOSPI200,foreign,022100,포스코DX,87788,41768,-46020,1738612415,827331935,-911280480,KRX MDCSTAT02401_OUT
daily,KOSPI200,foreign,103140,풍산,28767,16378,-12389,2225088650,1265621550,-959467100,KRX MDCSTAT02401_OUT
daily,KOSPI200,foreign,307950,현대오토에버,18392,15731,-2661,6762086500,5757561000,-1004525500,KRX MDCSTAT02401_OUT
daily,KOSPI200,foreign,093370,후성,553887,474581,-79306,7697545925,6632851400,-1064694525,KRX MDCSTAT02401_OUT
daily,KOSPI200,foreign,139130,iM금융지주,212472,154961,-57511,3969690410,2894752880,-1074937530,KRX MDCSTAT02401_OUT
daily,KOSPI200,foreign,029780,삼성카드,42104,16068,-26036,1786478800,682380975,-1104097825,KRX MDCSTAT02401_OUT
daily,KOSPI200,foreign,012750,에스원,57542,43945,-13597,4781494900,3651877850,-1129617050,KRX MDCSTAT02401_OUT
daily,KOSPI200,foreign,204320,HL만도,68143,43005,-25138,3117696550,1968895500,-1148801050,KRX MDCSTAT02401_OUT
daily,KOSPI200,foreign,035420,NAVER,182319,176314,-6005,35477647650,34290358300,-1187289350,KRX MDCSTAT02401_OUT
daily,KOSPI200,foreign,034230,파라다이스,172367,33087,-139280,1630101220,313742795,-1316358425,KRX MDCSTAT02401_OUT
daily,KOSPI200,foreign,011790,SKC,60253,45656,-14597,5499461000,4160339400,-1339121600,KRX MDCSTAT02401_OUT
daily,KOSPI200,foreign,011780,금호석유화학,34921,22905,-12016,4034711500,2643417650,-1391293850,KRX MDCSTAT02401_OUT
daily,KOSPI200,foreign,004020,현대제철,187282,140862,-46420,5615169000,4213801375,-1401367625,KRX MDCSTAT02401_OUT
daily,KOSPI200,foreign,004990,롯데지주,82280,24050,-58230,1980939600,579176050,-1401763550,KRX MDCSTAT02401_OUT
daily,KOSPI200,foreign,011200,HMM,331792,261677,-70115,6970256025,5503435325,-1466820700,KRX MDCSTAT02401_OUT
daily,KOSPI200,foreign,001430,세아베스틸지주,58993,26036,-32957,2614577175,1147615225,-1466961950,KRX MDCSTAT02401_OUT
daily,KOSPI200,foreign,005940,NH투자증권,200210,141293,-58917,5238279350,3699195650,-1539083700,KRX MDCSTAT02401_OUT
daily,KOSPI200,foreign,298020,효성티앤씨,14274,8917,-5357,4192621250,2579251500,-1613369750,KRX MDCSTAT02401_OUT
daily,KOSPI200,foreign,012330,현대모비스,131729,127344,-4385,48248228500,46632814250,-1615414250,KRX MDCSTAT02401_OUT
daily,KOSPI200,foreign,316140,우리금융지주,1029813,983879,-45934,37338275575,35699187300,-1639088275,KRX MDCSTAT02401_OUT
daily,KOSPI200,foreign,007340,DN오토모티브,69791,34452,-35339,3444301100,1700210375,-1744090725,KRX MDCSTAT02401_OUT
daily,KOSPI200,foreign,138930,BNK금융지주,341933,231588,-110345,5598932820,3794173155,-1804759665,KRX MDCSTAT02401_OUT
daily,KOSPI200,foreign,377300,카카오페이,76010,30555,-45455,3044570250,1224537250,-1820033000,KRX MDCSTAT02401_OUT
daily,KOSPI200,foreign,028670,팬오션,1464030,1109863,-354167,8471908390,6478911515,-1992996875,KRX MDCSTAT02401_OUT
daily,KOSPI200,foreign,047810,한국항공우주,81829,66065,-15764,10390477500,8391854300,-1998623200,KRX MDCSTAT02401_OUT
daily,KOSPI200,foreign,454910,두산로보틱스,80635,49122,-31513,5515919500,3360087950,-2155831550,KRX MDCSTAT02401_OUT
daily,KOSPI200,foreign,017800,현대엘리베이터,41732,11859,-29873,3058482800,868178800,-2190304000,KRX MDCSTAT02401_OUT
daily,KOSPI200,foreign,003230,삼양식품,10571,8659,-1912,12942340500,10638429000,-2303911500,KRX MDCSTAT02401_OUT
daily,KOSPI200,foreign,003550,LG,130199,109415,-20784,14411320700,12099906800,-2311413900,KRX MDCSTAT02401_OUT
daily,KOSPI200,foreign,361610,SK아이이테크놀로지,200813,65049,-135764,3430683395,1115283900,-2315399495,KRX MDCSTAT02401_OUT
daily,KOSPI200,foreign,082740,한화엔진,161760,112545,-49215,7501712175,5181676450,-2320035725,KRX MDCSTAT02401_OUT
daily,KOSPI200,foreign,326030,SK바이오팜,60999,26423,-34576,4545052950,1969365600,-2575687350,KRX MDCSTAT02401_OUT
daily,KOSPI200,foreign,024110,기업은행,315279,182264,-133015,6495004450,3758845650,-2736158800,KRX MDCSTAT02401_OUT
daily,KOSPI200,foreign,180640,한진칼,35135,13271,-21864,4745322000,1785567350,-2959754650,KRX MDCSTAT02401_OUT
daily,KOSPI200,foreign,175330,JB금융지주,216558,119148,-97410,6649319900,3656342525,-2992977375,KRX MDCSTAT02401_OUT
daily,KOSPI200,foreign,272210,한화시스템,164428,121903,-42525,11682452950,8676798250,-3005654700,KRX MDCSTAT02401_OUT
daily,KOSPI200,foreign,035720,카카오,530987,438585,-92402,17848310625,14738025475,-3110285150,KRX MDCSTAT02401_OUT
daily,KOSPI200,foreign,006800,미래에셋증권,350054,249150,-100904,10879028825,7737276200,-3141752625,KRX MDCSTAT02401_OUT
daily,KOSPI200,foreign,267270,HD건설기계,85753,58514,-27239,10654294050,7232168600,-3422125450,KRX MDCSTAT02401_OUT
daily,KOSPI200,foreign,267250,HD현대,75731,58179,-17552,15311127750,11768368500,-3542759250,KRX MDCSTAT02401_OUT
daily,KOSPI200,foreign,011170,롯데케미칼,81220,21710,-59510,4920012850,1305050800,-3614962050,KRX MDCSTAT02401_OUT
daily,KOSPI200,foreign,033780,KT&G,206702,185724,-20978,36476208000,32785075600,-3691132400,KRX MDCSTAT02401_OUT
daily,KOSPI200,foreign,064400,LG씨엔에스,130552,76295,-54257,8999992150,5257124550,-3742867600,KRX MDCSTAT02401_OUT
daily,KOSPI200,foreign,323410,카카오뱅크,384438,198510,-185928,7743741750,3993404600,-3750337150,KRX MDCSTAT02401_OUT
daily,KOSPI200,foreign,016360,삼성증권,163781,120444,-43337,14391956200,10593001400,-3798954800,KRX MDCSTAT02401_OUT
daily,KOSPI200,foreign,450080,에코프로머티,188990,78030,-110960,6462139925,2660506800,-3801633125,KRX MDCSTAT02401_OUT
daily,KOSPI200,foreign,457190,이수스페셜티케미컬,138627,78820,-59807,9173909750,5327019200,-3846890550,KRX MDCSTAT02401_OUT
daily,KOSPI200,foreign,138040,메리츠금융지주,83167,53790,-29377,10994033900,7107236750,-3886797150,KRX MDCSTAT02401_OUT
daily,KOSPI200,foreign,071050,한국금융지주,112584,90346,-22238,20000405950,16053630000,-3946775950,KRX MDCSTAT02401_OUT
daily,KOSPI200,foreign,018880,한온시스템,1754812,506386,-1248426,5615351855,1618259809,-3997092046,KRX MDCSTAT02401_OUT
daily,KOSPI200,foreign,078930,GS,157390,119965,-37425,17096383100,13023065550,-4073317550,KRX MDCSTAT02401_OUT
daily,KOSPI200,foreign,014680,한솔케미칼,44575,27506,-17069,10985900000,6753694500,-4232205500,KRX MDCSTAT02401_OUT
daily,KOSPI200,foreign,071970,HD현대마린엔진,135852,42485,-93367,6425058000,1996201225,-4428856775,KRX MDCSTAT02401_OUT
daily,KOSPI200,foreign,036570,NC,40703,18450,-22253,8554395000,3890194250,-4664200750,KRX MDCSTAT02401_OUT
daily,KOSPI200,foreign,241560,두산밥캣,154267,63763,-90504,8520026400,3530046600,-4989979800,KRX MDCSTAT02401_OUT
daily,KOSPI200,foreign,017670,SK텔레콤,251033,193042,-57991,21532859150,16522105600,-5010753550,KRX MDCSTAT02401_OUT
daily,KOSPI200,foreign,352820,하이브,73528,38436,-35092,11655229550,6085649000,-5569580550,KRX MDCSTAT02401_OUT
daily,KOSPI200,foreign,090430,아모레퍼시픽,87968,48514,-39454,12538132600,6916067300,-5622065300,KRX MDCSTAT02401_OUT
daily,KOSPI200,foreign,021240,코웨이,119183,63816,-55367,12125801500,6477958350,-5647843150,KRX MDCSTAT02401_OUT
daily,KOSPI200,foreign,207940,삼성바이오로직스,17611,13388,-4223,24221020500,18438780500,-5782240000,KRX MDCSTAT02401_OUT
daily,KOSPI200,foreign,015760,한국전력,409951,189394,-220557,12331976100,5699305925,-6632670175,KRX MDCSTAT02401_OUT
daily,KOSPI200,foreign,047050,포스코인터내셔널,202419,76871,-125548,11041178650,4176105050,-6865073600,KRX MDCSTAT02401_OUT
daily,KOSPI200,foreign,032830,삼성생명,126702,102321,-24381,36602591000,29538976750,-7063614250,KRX MDCSTAT02401_OUT
daily,KOSPI200,foreign,079550,LIG디펜스앤에어로스페이스,24227,13724,-10503,16398953500,9278956500,-7119997000,KRX MDCSTAT02401_OUT
daily,KOSPI200,foreign,034730,SK,64174,51927,-12247,37331854000,30203191500,-7128662500,KRX MDCSTAT02401_OUT
daily,KOSPI200,foreign,112610,씨에스윈드,194162,42733,-151429,9712648175,2146005875,-7566642300,KRX MDCSTAT02401_OUT
daily,KOSPI200,foreign,034220,LG디스플레이,2110690,1198702,-911988,17528420450,9960838810,-7567581640,KRX MDCSTAT02401_OUT
daily,KOSPI200,foreign,066970,엘앤에프,136958,66986,-69972,14942962650,7311088000,-7631874650,KRX MDCSTAT02401_OUT
daily,KOSPI200,foreign,051900,LG생활건강,70893,43045,-27848,19928827500,12099130000,-7829697500,KRX MDCSTAT02401_OUT
daily,KOSPI200,foreign,064350,현대로템,265637,174906,-90731,29737183050,19565514600,-10171668450,KRX MDCSTAT02401_OUT
daily,KOSPI200,foreign,028260,삼성물산,198290,167637,-30653,68254839750,57706413500,-10548426250,KRX MDCSTAT02401_OUT
daily,KOSPI200,foreign,003670,포스코퓨처엠,117680,53224,-64456,20680841250,9306445200,-11374396050,KRX MDCSTAT02401_OUT
daily,KOSPI200,foreign,000810,삼성화재,61407,43304,-18103,39985645000,28214770500,-11770874500,KRX MDCSTAT02401_OUT
daily,KOSPI200,foreign,000720,현대건설,212057,107651,-104406,24988837600,12649365000,-12339472600,KRX MDCSTAT02401_OUT
daily,KOSPI200,foreign,009150,삼성전기,172850,163638,-9212,262565768000,250109365500,-12456402500,KRX MDCSTAT02401_OUT
daily,KOSPI200,foreign,001440,대한전선,629552,190785,-438767,18555977600,5629958600,-12926019000,KRX MDCSTAT02401_OUT
daily,KOSPI200,foreign,006400,삼성SDI,98105,72556,-25549,50400022000,37244071500,-13155950500,KRX MDCSTAT02401_OUT
daily,KOSPI200,foreign,051910,LG화학,143818,90891,-52927,36078412000,22827395500,-13251016500,KRX MDCSTAT02401_OUT
daily,KOSPI200,foreign,010060,OCI홀딩스,134265,70164,-64101,28794012000,15143507000,-13650505000,KRX MDCSTAT02401_OUT
daily,KOSPI200,foreign,005490,POSCO홀딩스,95154,50013,-45141,29070265500,15253049250,-13817216250,KRX MDCSTAT02401_OUT
daily,KOSPI200,foreign,096770,SK이노베이션,273787,179949,-93838,40309675100,26448562650,-13861112450,KRX MDCSTAT02401_OUT
daily,KOSPI200,foreign,373220,LG에너지솔루션,138650,92345,-46305,48768567500,32476833000,-16291734500,KRX MDCSTAT02401_OUT
daily,KOSPI200,foreign,000150,두산,38919,24873,-14046,53636676500,34225252000,-19411424500,KRX MDCSTAT02401_OUT
daily,KOSPI200,foreign,042660,한화오션,423919,174587,-249332,33333894750,13693446600,-19640448150,KRX MDCSTAT02401_OUT
daily,KOSPI200,foreign,267260,HD현대일렉트릭,100487,68267,-32220,68009035500,46209118000,-21799917500,KRX MDCSTAT02401_OUT
daily,KOSPI200,foreign,055550,신한지주,522435,315640,-206795,57566845450,34787607200,-22779238250,KRX MDCSTAT02401_OUT
daily,KOSPI200,foreign,011070,LG이노텍,134787,93955,-40832,77999264500,54446549500,-23552715000,KRX MDCSTAT02401_OUT
daily,KOSPI200,foreign,028050,삼성E&A,859117,329470,-529647,41019655975,15683775150,-25335880825,KRX MDCSTAT02401_OUT
daily,KOSPI200,foreign,105560,KB금융,589570,409878,-179692,101870939926,70850903826,-31020036100,KRX MDCSTAT02401_OUT
daily,KOSPI200,foreign,009830,한화솔루션,1824354,844313,-980041,58959074700,27419913850,-31539160850,KRX MDCSTAT02401_OUT
daily,KOSPI200,foreign,034020,두산에너빌리티,901406,332341,-569065,71562008800,26403865550,-45158143250,KRX MDCSTAT02401_OUT
daily,KOSPI200,foreign,010140,삼성중공업,3614157,701956,-2912201,70274133245,13599411605,-56674721640,KRX MDCSTAT02401_OUT
daily,KOSPI200,foreign,005380,현대차,327585,158295,-169290,113919719000,55119906000,-58799813000,KRX MDCSTAT02401_OUT
daily,KOSPI200,foreign,047040,대우건설,4088800,576573,-3512227,71363984400,10059783915,-61304200485,KRX MDCSTAT02401_OUT
daily,KOSPI200,foreign,005930,삼성전자,6711668,4202523,-2509145,1821325092000,1140044821000,-681280271000,KRX MDCSTAT02401_OUT
daily,KOSPI200,foreign,000660,SK하이닉스,1669367,782565,-886802,2944424188000,1382140243500,-1562283944500,KRX MDCSTAT02401_OUT
daily,KOSPI200,institution,000660,SK하이닉스,764905,807546,42641,1349549554000,1425376911000,75827357000,KRX MDCSTAT02401_OUT
daily,KOSPI200,institution,009150,삼성전기,160765,205019,44254,244481215000,312277792500,67796577500,KRX MDCSTAT02401_OUT
daily,KOSPI200,institution,042700,한미반도체,86419,224804,138385,21296747750,55677728000,34380980250,KRX MDCSTAT02401_OUT
daily,KOSPI200,institution,105560,KB금융,150179,316328,166149,25895412800,54584933700,28689520900,KRX MDCSTAT02401_OUT
daily,KOSPI200,institution,011070,LG이노텍,37911,86508,48597,21896240500,50108642500,28212402000,KRX MDCSTAT02401_OUT
daily,KOSPI200,institution,000990,DB하이텍,108040,277235,169195,14728443000,38104922550,23376479550,KRX MDCSTAT02401_OUT
daily,KOSPI200,institution,055550,신한지주,184151,365603,181452,20246740100,40246124800,19999384700,KRX MDCSTAT02401_OUT
daily,KOSPI200,institution,007660,이수페타시스,49064,196460,147396,5673622100,22861380550,17187758450,KRX MDCSTAT02401_OUT
daily,KOSPI200,institution,005930,삼성전자,6382300,6436059,53759,1734001208750,1748751849000,14750640250,KRX MDCSTAT02401_OUT
daily,KOSPI200,institution,034730,SK,27274,47122,19848,15780556000,27337107000,11556551000,KRX MDCSTAT02401_OUT
daily,KOSPI200,institution,000810,삼성화재,9444,24057,14613,6148063000,15657271500,9509208500,KRX MDCSTAT02401_OUT
daily,KOSPI200,institution,009830,한화솔루션,331372,608624,277252,10729905050,19751727750,9021822700,KRX MDCSTAT02401_OUT
daily,KOSPI200,institution,028260,삼성물산,45743,70052,24309,15723680000,24112504000,8388824000,KRX MDCSTAT02401_OUT
daily,KOSPI200,institution,003230,삼양식품,3570,9785,6215,4377100500,11995586000,7618485500,KRX MDCSTAT02401_OUT
daily,KOSPI200,institution,090430,아모레퍼시픽,32927,86106,53179,4688629600,12278366950,7589737350,KRX MDCSTAT02401_OUT
daily,KOSPI200,institution,014680,한솔케미칼,9136,39871,30735,2245605500,9829539750,7583934250,KRX MDCSTAT02401_OUT
daily,KOSPI200,institution,483650,달바글로벌,10751,43243,32492,2007774350,8084836600,6077062250,KRX MDCSTAT02401_OUT
daily,KOSPI200,institution,021240,코웨이,29571,88727,59156,3002565050,9040355400,6037790350,KRX MDCSTAT02401_OUT
daily,KOSPI200,institution,138040,메리츠금융지주,26428,65306,38878,3485876000,8630076550,5144200550,KRX MDCSTAT02401_OUT
daily,KOSPI200,institution,051900,LG생활건강,8460,24064,15604,2385897500,6783131250,4397233750,KRX MDCSTAT02401_OUT
daily,KOSPI200,institution,000150,두산,14672,17605,2933,20165086500,24259165500,4094079000,KRX MDCSTAT02401_OUT
daily,KOSPI200,institution,005940,NH투자증권,110728,261182,150454,2895420475,6835946625,3940526150,KRX MDCSTAT02401_OUT
daily,KOSPI200,institution,010950,S-Oil,41618,65205,23587,6580232250,10312991950,3732759700,KRX MDCSTAT02401_OUT
daily,KOSPI200,institution,112610,씨에스윈드,48117,117250,69133,2401484550,5870139500,3468654950,KRX MDCSTAT02401_OUT
daily,KOSPI200,institution,316140,우리금융지주,339108,425334,86226,12244757325,15374593125,3129835800,KRX MDCSTAT02401_OUT
daily,KOSPI200,institution,011170,롯데케미칼,24469,74149,49680,1473728000,4513761600,3040033600,KRX MDCSTAT02401_OUT
daily,KOSPI200,institution,024110,기업은행,64668,206206,141538,1329359850,4245643300,2916283450,KRX MDCSTAT02401_OUT
daily,KOSPI200,institution,267260,HD현대일렉트릭,12736,16915,4179,8601065000,11448436000,2847371000,KRX MDCSTAT02401_OUT
daily,KOSPI200,institution,066570,LG전자,118881,131521,12640,25317817000,28026115250,2708298250,KRX MDCSTAT02401_OUT
daily,KOSPI200,institution,036570,NC,22516,35173,12657,4710448250,7401814000,2691365750,KRX MDCSTAT02401_OUT
daily,KOSPI200,institution,175330,JB금융지주,66465,152014,85549,2038639300,4671204575,2632565275,KRX MDCSTAT02401_OUT
daily,KOSPI200,institution,028670,팬오션,690364,1106965,416601,3991453170,6417204645,2425751475,KRX MDCSTAT02401_OUT
daily,KOSPI200,institution,001430,세아베스틸지주,25287,76402,51115,1114564625,3404878075,2290313450,KRX MDCSTAT02401_OUT
daily,KOSPI200,institution,016360,삼성증권,57931,83747,25816,5073442400,7345154250,2271711850,KRX MDCSTAT02401_OUT
daily,KOSPI200,institution,402340,SK스퀘어,132190,133888,1698,146007934000,148076463500,2068529500,KRX MDCSTAT02401_OUT
daily,KOSPI200,institution,192820,코스맥스,18899,26137,7238,5206459500,7215803500,2009344000,KRX MDCSTAT02401_OUT
daily,KOSPI200,institution,017800,현대엘리베이터,18871,45739,26868,1380751050,3352545500,1971794450,KRX MDCSTAT02401_OUT
daily,KOSPI200,institution,272210,한화시스템,76456,103239,26783,5421009700,7346659400,1925649700,KRX MDCSTAT02401_OUT
daily,KOSPI200,institution,033780,KT&G,49872,60230,10358,8780162750,10627466600,1847303850,KRX MDCSTAT02401_OUT
daily,KOSPI200,institution,003490,대한항공,408617,460112,51495,12757487300,14378875225,1621387925,KRX MDCSTAT02401_OUT
daily,KOSPI200,institution,001450,현대해상,98382,129915,31533,4918681075,6510802175,1592121100,KRX MDCSTAT02401_OUT
daily,KOSPI200,institution,007340,DN오토모티브,13069,44268,31199,644652025,2182235400,1537583375,KRX MDCSTAT02401_OUT
daily,KOSPI200,institution,093370,후성,96711,206358,109647,1346622725,2877713020,1531090295,KRX MDCSTAT02401_OUT
daily,KOSPI200,institution,139130,iM금융지주,69048,149912,80864,1286351965,2799731725,1513379760,KRX MDCSTAT02401_OUT
daily,KOSPI200,institution,032830,삼성생명,41311,46037,4726,11889403000,13293596000,1404193000,KRX MDCSTAT02401_OUT
daily,KOSPI200,institution,001040,CJ,26382,36469,10087,3574723700,4954439300,1379715600,KRX MDCSTAT02401_OUT
daily,KOSPI200,institution,088350,한화생명,254464,483304,228840,1473023840,2799230400,1326206560,KRX MDCSTAT02401_OUT
daily,KOSPI200,institution,012750,에스원,13649,27814,14165,1133961300,2311579450,1177618150,KRX MDCSTAT02401_OUT
daily,KOSPI200,institution,361610,SK아이이테크놀로지,48240,114985,66745,819884140,1960540140,1140656000,KRX MDCSTAT02401_OUT
daily,KOSPI200,institution,011790,SKC,36587,48083,11496,3337514250,4387497800,1049983550,KRX MDCSTAT02401_OUT
daily,KOSPI200,institution,032640,LG유플러스,86622,151166,64544,1269931525,2223339370,953407845,KRX MDCSTAT02401_OUT
daily,KOSPI200,institution,103140,풍산,13149,25313,12164,1014070550,1958708900,944638350,KRX MDCSTAT02401_OUT
daily,KOSPI200,institution,081660,미스토홀딩스,23189,45631,22442,883834600,1743470675,859636075,KRX MDCSTAT02401_OUT
daily,KOSPI200,institution,078930,GS,59575,66599,7024,6466032500,7262522650,796490150,KRX MDCSTAT02401_OUT
daily,KOSPI200,institution,180640,한진칼,19015,24337,5322,2558021100,3297292950,739271850,KRX MDCSTAT02401_OUT
daily,KOSPI200,institution,161890,한국콜마,31213,35843,4630,4634196700,5342278900,708082200,KRX MDCSTAT02401_OUT
daily,KOSPI200,institution,003550,LG,43411,49616,6205,4789505450,5496406500,706901050,KRX MDCSTAT02401_OUT
daily,KOSPI200,institution,004370,농심,5134,6751,1617,2079808250,2746913000,667104750,KRX MDCSTAT02401_OUT
daily,KOSPI200,institution,443060,HD현대마린솔루션,17071,19757,2686,4005667000,4648434250,642767250,KRX MDCSTAT02401_OUT
daily,KOSPI200,institution,003030,세아제강지주,11123,16650,5527,1201437500,1810233000,608795500,KRX MDCSTAT02401_OUT
daily,KOSPI200,institution,008930,한미사이언스,9394,20271,10877,485887150,1048023450,562136300,KRX MDCSTAT02401_OUT
daily,KOSPI200,institution,004990,롯데지주,10964,33475,22511,264631775,807511350,542879575,KRX MDCSTAT02401_OUT
daily,KOSPI200,institution,012330,현대모비스,54889,56175,1286,20076613750,20593374250,516760500,KRX MDCSTAT02401_OUT
daily,KOSPI200,institution,009240,한샘,2557,15080,12523,102158400,602869700,500711300,KRX MDCSTAT02401_OUT
daily,KOSPI200,institution,097950,CJ제일제당,8421,11035,2614,1503984000,1972488050,468504050,KRX MDCSTAT02401_OUT
daily,KOSPI200,institution,138930,BNK금융지주,93273,118816,25543,1525524865,1945361425,419836560,KRX MDCSTAT02401_OUT
daily,KOSPI200,institution,000240,한국앤컴퍼니,8707,25377,16670,216925650,632465350,415539700,KRX MDCSTAT02401_OUT
daily,KOSPI200,institution,017670,SK텔레콤,185162,189680,4518,15824360850,16228834350,404473500,KRX MDCSTAT02401_OUT
daily,KOSPI200,institution,002790,아모레퍼시픽홀딩스,6966,22005,15039,185301925,588436725,403134800,KRX MDCSTAT02401_OUT
daily,KOSPI200,institution,323410,카카오뱅크,149307,168178,18871,3000850625,3393659000,392808375,KRX MDCSTAT02401_OUT
daily,KOSPI200,institution,026960,동서,18784,33958,15174,481288800,872992700,391703900,KRX MDCSTAT02401_OUT
daily,KOSPI200,institution,000670,영풍,7243,16573,9330,300758625,690534650,389776025,KRX MDCSTAT02401_OUT
daily,KOSPI200,institution,010060,OCI홀딩스,50215,51821,1606,10795914000,11169275250,373361250,KRX MDCSTAT02401_OUT
daily,KOSPI200,institution,000120,CJ대한통운,3338,7965,4627,234577750,561033100,326455350,KRX MDCSTAT02401_OUT
daily,KOSPI200,institution,001440,대한전선,117073,128652,11579,3464930550,3788201425,323270875,KRX MDCSTAT02401_OUT
daily,KOSPI200,institution,071320,지역난방공사,717,4222,3505,56212650,333354550,277141900,KRX MDCSTAT02401_OUT
daily,KOSPI200,institution,018880,한온시스템,173850,259284,85434,556680498,828417376,271736878,KRX MDCSTAT02401_OUT
daily,KOSPI200,institution,069620,대웅제약,5029,7041,2012,532563750,748023850,215460100,KRX MDCSTAT02401_OUT
daily,KOSPI200,institution,139480,이마트,9079,11666,2587,648911100,835668300,186757200,KRX MDCSTAT02401_OUT
daily,KOSPI200,institution,030000,제일기획,41157,50889,9732,734159405,908749175,174589770,KRX MDCSTAT02401_OUT
daily,KOSPI200,institution,000880,한화,13320,14465,1145,1699615550,1847755150,148139600,KRX MDCSTAT02401_OUT
daily,KOSPI200,institution,002030,아세아,509,1157,648,104742500,238658500,133916000,KRX MDCSTAT02401_OUT
daily,KOSPI200,institution,457190,이수스페셜티케미컬,25410,27066,1656,1637396850,1771239400,133842550,KRX MDCSTAT02401_OUT
daily,KOSPI200,institution,005850,에스엘,12344,14824,2480,608539300,731474100,122934800,KRX MDCSTAT02401_OUT
daily,KOSPI200,institution,111770,영원무역,6691,8074,1383,471910350,571320700,99410350,KRX MDCSTAT02401_OUT
daily,KOSPI200,institution,007310,오뚜기,292,588,296,92379500,186404500,94025000,KRX MDCSTAT02401_OUT
daily,KOSPI200,institution,069260,TKG휴켐스,13925,18554,4629,225780965,301544185,75763220,KRX MDCSTAT02401_OUT
daily,KOSPI200,institution,001800,오리온홀딩스,9949,12691,2742,239867375,306544425,66677050,KRX MDCSTAT02401_OUT
daily,KOSPI200,institution,271560,오리온,12987,13543,556,1436698700,1501746450,65047750,KRX MDCSTAT02401_OUT
daily,KOSPI200,institution,302440,SK바이오사이언스,14482,16073,1591,517019425,574438800,57419375,KRX MDCSTAT02401_OUT
daily,KOSPI200,institution,008730,율촌화학,5378,8637,3259,77578570,124791700,47213130,KRX MDCSTAT02401_OUT
daily,KOSPI200,institution,005300,롯데칠성,892,1281,389,85326950,122407800,37080850,KRX MDCSTAT02401_OUT
daily,KOSPI200,institution,034230,파라다이스,12153,15634,3481,115107975,148249435,33141460,KRX MDCSTAT02401_OUT
daily,KOSPI200,institution,0126Z0,삼성에피스홀딩스,1941,2017,76,643285750,675184000,31898250,KRX MDCSTAT02401_OUT
daily,KOSPI200,institution,280360,롯데웰푸드,5296,5512,216,662060800,690310700,28249900,KRX MDCSTAT02401_OUT
daily,KOSPI200,institution,014820,동원시스템즈,4353,5680,1327,90915175,118984750,28069575,KRX MDCSTAT02401_OUT
daily,KOSPI200,institution,454910,두산로보틱스,21663,21957,294,1480497800,1502653950,22156150,KRX MDCSTAT02401_OUT
daily,KOSPI200,institution,204320,HL만도,18803,19070,267,860613725,872284500,11670775,KRX MDCSTAT02401_OUT
daily,KOSPI200,institution,007700,F&F홀딩스,401,480,79,5363980,6426490,1062510,KRX MDCSTAT02401_OUT
daily,KOSPI200,institution,137310,에스디바이오센서,14831,14167,-664,89782925,86166475,-3616450,KRX MDCSTAT02401_OUT
daily,KOSPI200,institution,268280,미원에스씨,552,492,-60,72793900,65257900,-7536000,KRX MDCSTAT02401_OUT
daily,KOSPI200,institution,009970,영원무역홀딩스,2091,2041,-50,346122700,338433850,-7688850,KRX MDCSTAT02401_OUT
daily,KOSPI200,institution,300720,한일시멘트,13958,13098,-860,224727015,211378740,-13348275,KRX MDCSTAT02401_OUT
daily,KOSPI200,institution,001680,대상,8892,7937,-955,161417385,144361085,-17056300,KRX MDCSTAT02401_OUT
daily,KOSPI200,institution,003240,태광산업,311,282,-29,278183000,252553000,-25630000,KRX MDCSTAT02401_OUT
daily,KOSPI200,institution,011210,현대위아,6244,5288,-956,331571600,280952900,-50618700,KRX MDCSTAT02401_OUT
daily,KOSPI200,institution,005420,코스모화학,27850,22697,-5153,280907370,229682120,-51225250,KRX MDCSTAT02401_OUT
daily,KOSPI200,institution,011200,HMM,123238,119623,-3615,2591782575,2518807950,-72974625,KRX MDCSTAT02401_OUT
daily,KOSPI200,institution,002380,KCC,3674,3520,-154,1730125250,1656900250,-73225000,KRX MDCSTAT02401_OUT
daily,KOSPI200,institution,002840,미원상사,1528,950,-578,207333400,129711300,-77622100,KRX MDCSTAT02401_OUT
daily,KOSPI200,institution,003090,대웅,19810,14431,-5379,307569970,224230780,-83339190,KRX MDCSTAT02401_OUT
daily,KOSPI200,institution,251270,넷마블,33905,31230,-2675,1169258350,1083244875,-86013475,KRX MDCSTAT02401_OUT
daily,KOSPI200,institution,006040,동원산업,6049,3380,-2669,214613000,120159750,-94453250,KRX MDCSTAT02401_OUT
daily,KOSPI200,institution,008770,호텔신라,12948,10224,-2724,519637300,410891100,-108746200,KRX MDCSTAT02401_OUT
daily,KOSPI200,institution,006260,LS,28069,27684,-385,8838379000,8718976000,-119403000,KRX MDCSTAT02401_OUT
daily,KOSPI200,institution,000080,하이트진로,31903,22976,-8927,480193880,346730050,-133463830,KRX MDCSTAT02401_OUT
daily,KOSPI200,institution,035250,강원랜드,61660,51156,-10504,886842925,737497730,-149345195,KRX MDCSTAT02401_OUT
daily,KOSPI200,institution,185750,종근당,4333,1907,-2426,278607600,123020450,-155587150,KRX MDCSTAT02401_OUT
daily,KOSPI200,institution,005830,DB손해보험,42221,41270,-951,8066531900,7900307100,-166224800,KRX MDCSTAT02401_OUT
daily,KOSPI200,institution,036460,한국가스공사,39780,34547,-5233,1380829450,1205755200,-175074250,KRX MDCSTAT02401_OUT
daily,KOSPI200,institution,022100,포스코DX,53238,42707,-10531,1053650075,845015645,-208634430,KRX MDCSTAT02401_OUT
daily,KOSPI200,institution,064400,LG씨엔에스,33331,30192,-3139,2296188850,2084361100,-211827750,KRX MDCSTAT02401_OUT
daily,KOSPI200,institution,298050,HS효성첨단소재,2489,1149,-1340,398958300,184227900,-214730400,KRX MDCSTAT02401_OUT
daily,KOSPI200,institution,023530,롯데쇼핑,14432,11957,-2475,1461467300,1216030100,-245437200,KRX MDCSTAT02401_OUT
daily,KOSPI200,institution,007070,GS리테일,58359,46802,-11557,1320321050,1062735775,-257585275,KRX MDCSTAT02401_OUT
daily,KOSPI200,institution,030200,KT,92608,86873,-5735,4868392800,4575741600,-292651200,KRX MDCSTAT02401_OUT
daily,KOSPI200,institution,004000,롯데정밀화학,13436,5625,-7811,577043225,242259625,-334783600,KRX MDCSTAT02401_OUT
daily,KOSPI200,institution,017960,한국카본,34182,16990,-17192,673253110,335497480,-337755630,KRX MDCSTAT02401_OUT
daily,KOSPI200,institution,285130,SK케미칼,14050,7310,-6740,717933250,374844050,-343089200,KRX MDCSTAT02401_OUT
daily,KOSPI200,institution,326030,SK바이오팜,15575,10827,-4748,1158426050,806896000,-351530050,KRX MDCSTAT02401_OUT
daily,KOSPI200,institution,006280,녹십자,5434,2490,-2944,662898700,304623350,-358275350,KRX MDCSTAT02401_OUT
daily,KOSPI200,institution,073240,금호타이어,114306,56270,-58036,770009745,381232690,-388777055,KRX MDCSTAT02401_OUT
daily,KOSPI200,institution,161390,한국타이어앤테크놀로지,35357,28541,-6816,2078040400,1686440550,-391599850,KRX MDCSTAT02401_OUT
daily,KOSPI200,institution,064350,현대로템,54763,51035,-3728,6137611800,5713245450,-424366350,KRX MDCSTAT02401_OUT
daily,KOSPI200,institution,010120,LS ELECTRIC,75998,73700,-2298,15464671250,15030480750,-434190500,KRX MDCSTAT02401_OUT
daily,KOSPI200,institution,071050,한국금융지주,36404,33718,-2686,6449310600,5988774100,-460536500,KRX MDCSTAT02401_OUT
daily,KOSPI200,institution,006650,대한유화,8058,2507,-5551,714286850,222787500,-491499350,KRX MDCSTAT02401_OUT
daily,KOSPI200,institution,034220,LG디스플레이,204146,139016,-65130,1693692255,1155561020,-538131235,KRX MDCSTAT02401_OUT
daily,KOSPI200,institution,051600,한전KPS,31251,19160,-12091,1400649825,859724650,-540925175,KRX MDCSTAT02401_OUT
daily,KOSPI200,institution,011780,금호석유화학,11430,5058,-6372,1316637600,584776650,-731860950,KRX MDCSTAT02401_OUT
daily,KOSPI200,institution,029780,삼성카드,33302,15651,-17651,1414031375,665250500,-748780875,KRX MDCSTAT02401_OUT
daily,KOSPI200,institution,192080,더블유게임즈,20253,7029,-13224,1186732100,412261600,-774470500,KRX MDCSTAT02401_OUT
daily,KOSPI200,institution,120110,코오롱인더,34285,19663,-14622,1854369150,1065835800,-788533350,KRX MDCSTAT02401_OUT
daily,KOSPI200,institution,062040,산일전기,36168,31893,-4275,7319714700,6490538700,-829176000,KRX MDCSTAT02401_OUT
daily,KOSPI200,institution,000210,DL,29899,12989,-16910,1500111700,653704600,-846407100,KRX MDCSTAT02401_OUT
daily,KOSPI200,institution,207940,삼성바이오로직스,10723,10029,-694,14717772000,13787009000,-930763000,KRX MDCSTAT02401_OUT
daily,KOSPI200,institution,128940,한미약품,18214,16077,-2137,9198522000,8135203000,-1063319000,KRX MDCSTAT02401_OUT
daily,KOSPI200,institution,039490,키움증권,17180,12474,-4706,4323186750,3149415000,-1173771750,KRX MDCSTAT02401_OUT
daily,KOSPI200,institution,047810,한국항공우주,51613,42164,-9449,6553467050,5360008800,-1193458250,KRX MDCSTAT02401_OUT
daily,KOSPI200,institution,267250,HD현대,32959,25737,-7222,6665797250,5205241750,-1460555500,KRX MDCSTAT02401_OUT
daily,KOSPI200,institution,282330,BGF리테일,25000,12522,-12478,3271480600,1642177850,-1629302750,KRX MDCSTAT02401_OUT
daily,KOSPI200,institution,068270,셀트리온,103790,94005,-9785,18419248550,16740846700,-1678401850,KRX MDCSTAT02401_OUT
daily,KOSPI200,institution,377300,카카오페이,61585,18466,-43119,2466762125,740145775,-1726616350,KRX MDCSTAT02401_OUT
daily,KOSPI200,institution,241560,두산밥캣,59338,27319,-32019,3296439550,1508435750,-1788003800,KRX MDCSTAT02401_OUT
daily,KOSPI200,institution,352820,하이브,47475,36062,-11413,7518191300,5715721500,-1802469800,KRX MDCSTAT02401_OUT
daily,KOSPI200,institution,307950,현대오토에버,15729,10451,-5278,5749357500,3849881250,-1899476250,KRX MDCSTAT02401_OUT
daily,KOSPI200,institution,018260,삼성에스디에스,24152,15372,-8780,5229159250,3327550500,-1901608750,KRX MDCSTAT02401_OUT
daily,KOSPI200,institution,450080,에코프로머티,126048,69913,-56135,4285796250,2383645300,-1902150950,KRX MDCSTAT02401_OUT
daily,KOSPI200,institution,086790,하나금융지주,165983,151261,-14722,22268419500,20287896200,-1980523300,KRX MDCSTAT02401_OUT
daily,KOSPI200,institution,071970,HD현대마린엔진,76650,13601,-63049,3593162875,638703625,-2954459250,KRX MDCSTAT02401_OUT
daily,KOSPI200,institution,006800,미래에셋증권,255936,157784,-98152,7931457875,4904279675,-3027178200,KRX MDCSTAT02401_OUT
daily,KOSPI200,institution,035720,카카오,222155,126809,-95346,7469485175,4270100800,-3199384375,KRX MDCSTAT02401_OUT
daily,KOSPI200,institution,259960,크래프톤,38813,21246,-17567,7664140250,4207191250,-3456949000,KRX MDCSTAT02401_OUT
daily,KOSPI200,institution,009420,한올바이오파마,123035,40842,-82193,5313960650,1765133025,-3548827625,KRX MDCSTAT02401_OUT
daily,KOSPI200,institution,047050,포스코인터내셔널,177674,111259,-66415,9644113300,6038556800,-3605556500,KRX MDCSTAT02401_OUT
daily,KOSPI200,institution,069960,현대백화점,49914,9101,-40813,4442444450,813550850,-3628893600,KRX MDCSTAT02401_OUT
daily,KOSPI200,institution,375500,DL이앤씨,100456,50221,-50235,7828903450,3931399050,-3897504400,KRX MDCSTAT02401_OUT
daily,KOSPI200,institution,000100,유한양행,101665,46624,-55041,7417404600,3402139250,-4015265350,KRX MDCSTAT02401_OUT
daily,KOSPI200,institution,009540,HD한국조선해양,38804,25126,-13678,12520614750,8116936500,-4403678250,KRX MDCSTAT02401_OUT
daily,KOSPI200,institution,298020,효성티앤씨,19444,4048,-15396,5602730500,1170395750,-4432334750,KRX MDCSTAT02401_OUT
daily,KOSPI200,institution,004170,신세계,20634,6889,-13745,6923209000,2316657500,-4606551500,KRX MDCSTAT02401_OUT
daily,KOSPI200,institution,004020,현대제철,279306,121553,-157753,8348892425,3633324650,-4715567775,KRX MDCSTAT02401_OUT
daily,KOSPI200,institution,082740,한화엔진,152904,46617,-106287,7020447225,2152242625,-4868204600,KRX MDCSTAT02401_OUT
daily,KOSPI200,institution,066970,엘앤에프,136592,91278,-45314,14871658400,9963280550,-4908377850,KRX MDCSTAT02401_OUT
daily,KOSPI200,institution,298040,효성중공업,8634,6833,-1801,24080383000,19151030000,-4929353000,KRX MDCSTAT02401_OUT
daily,KOSPI200,institution,079550,LIG디펜스앤에어로스페이스,19866,12252,-7614,13389390000,8293427000,-5095963000,KRX MDCSTAT02401_OUT
daily,KOSPI200,institution,052690,한전기술,73957,30500,-43457,8924945250,3696112650,-5228832600,KRX MDCSTAT02401_OUT
daily,KOSPI200,institution,051910,LG화학,74495,52461,-22034,18710308500,13178392500,-5531916000,KRX MDCSTAT02401_OUT
daily,KOSPI200,institution,086280,현대글로비스,51931,23083,-28848,10176789650,4532489300,-5644300350,KRX MDCSTAT02401_OUT
daily,KOSPI200,institution,278470,에이피알,39794,21047,-18747,14397927500,7624197750,-6773729750,KRX MDCSTAT02401_OUT
daily,KOSPI200,institution,373220,LG에너지솔루션,106852,85665,-21187,37550806750,30130360750,-7420446000,KRX MDCSTAT02401_OUT
daily,KOSPI200,institution,267270,HD건설기계,86752,22718,-64034,10718055200,2815130900,-7902924300,KRX MDCSTAT02401_OUT
daily,KOSPI200,institution,015760,한국전력,552702,271718,-280984,16602660000,8163707675,-8438952325,KRX MDCSTAT02401_OUT
daily,KOSPI200,institution,005380,현대차,149020,122977,-26043,51766933500,42746313000,-9020620500,KRX MDCSTAT02401_OUT
daily,KOSPI200,institution,028050,삼성E&A,349860,138385,-211475,16666983050,6596776200,-10070206850,KRX MDCSTAT02401_OUT
daily,KOSPI200,institution,005490,POSCO홀딩스,100834,66872,-33962,30813640000,20447469500,-10366170500,KRX MDCSTAT02401_OUT
daily,KOSPI200,institution,096770,SK이노베이션,231436,159224,-72212,34040231550,23515738450,-10524493100,KRX MDCSTAT02401_OUT
daily,KOSPI200,institution,010130,고려아연,17824,4559,-13265,18826762000,4823493000,-14003269000,KRX MDCSTAT02401_OUT
daily,KOSPI200,institution,012450,한화에어로스페이스,36478,21885,-14593,36752586000,22060823500,-14691762500,KRX MDCSTAT02401_OUT
daily,KOSPI200,institution,000270,기아,269541,140166,-129375,30948503800,16135677200,-14812826600,KRX MDCSTAT02401_OUT
daily,KOSPI200,institution,042660,한화오션,284551,73695,-210856,22352827750,5789278650,-16563549100,KRX MDCSTAT02401_OUT
daily,KOSPI200,institution,003670,포스코퓨처엠,154657,59445,-95212,27097188850,10405741500,-16691447350,KRX MDCSTAT02401_OUT
daily,KOSPI200,institution,010140,삼성중공업,1365932,493747,-872185,26438587960,9563365975,-16875221985,KRX MDCSTAT02401_OUT
daily,KOSPI200,institution,000720,현대건설,257461,87995,-169466,30197231150,10322527150,-19874704000,KRX MDCSTAT02401_OUT
daily,KOSPI200,institution,047040,대우건설,1633490,368287,-1265203,28434652910,6411694805,-22022958105,KRX MDCSTAT02401_OUT
daily,KOSPI200,institution,035420,NAVER,210564,84189,-126375,40910080750,16389020000,-24521060750,KRX MDCSTAT02401_OUT
daily,KOSPI200,institution,329180,HD현대중공업,99254,29775,-69479,42483488500,12769075000,-29714413500,KRX MDCSTAT02401_OUT
daily,KOSPI200,institution,034020,두산에너빌리티,720237,326170,-394067,57097283700,25894700300,-31202583400,KRX MDCSTAT02401_OUT
daily,KOSPI200,institution,006400,삼성SDI,149362,83725,-65637,76552028500,42995823000,-33556205500,KRX MDCSTAT02401_OUT
daily,KOSDAQ150,foreign,036930,주성엔지니어링,207919,375059,167140,44656539750,80912844500,36256304750,KRX MDCSTAT02401_OUT
daily,KOSDAQ150,foreign,403870,HPSP,963471,1466304,502833,57347182100,87497693650,30150511550,KRX MDCSTAT02401_OUT
daily,KOSDAQ150,foreign,222800,심텍,134808,268587,133779,20141442500,40212811300,20071368800,KRX MDCSTAT02401_OUT
daily,KOSDAQ150,foreign,098460,고영,447058,823007,375949,13437005400,24716588850,11279583450,KRX MDCSTAT02401_OUT
daily,KOSDAQ150,foreign,036540,SFA반도체,766410,1599242,832832,8037249630,16693504030,8656254400,KRX MDCSTAT02401_OUT
daily,KOSDAQ150,foreign,095610,테스,85419,134968,49549,14385890250,22791809700,8405919450,KRX MDCSTAT02401_OUT
daily,KOSDAQ150,foreign,214450,파마리서치,14023,38950,24927,4408307000,12243869750,7835562750,KRX MDCSTAT02401_OUT
daily,KOSDAQ150,foreign,240810,원익IPS,298835,351184,52349,38029086600,44798633400,6769546800,KRX MDCSTAT02401_OUT
daily,KOSDAQ150,foreign,089030,테크윙,125947,259353,133406,6299275075,12972510225,6673235150,KRX MDCSTAT02401_OUT
daily,KOSDAQ150,foreign,323280,태성,194634,314184,119550,10076486675,16121607075,6045120400,KRX MDCSTAT02401_OUT
daily,KOSDAQ150,foreign,131290,티에스이,34263,52341,18078,10057821500,15447302750,5389481250,KRX MDCSTAT02401_OUT
daily,KOSDAQ150,foreign,031980,피에스케이홀딩스,17001,47409,30408,2995358300,8360229550,5364871250,KRX MDCSTAT02401_OUT
daily,KOSDAQ150,foreign,087010,펩트론,49720,84543,34823,6473528600,11010155900,4536627300,KRX MDCSTAT02401_OUT
daily,KOSDAQ150,foreign,298380,에이비엘바이오,151435,227704,76269,7396394850,11108846825,3712451975,KRX MDCSTAT02401_OUT
daily,KOSDAQ150,foreign,196170,알테오젠,57033,71814,14781,14292482750,17912814750,3620332000,KRX MDCSTAT02401_OUT
daily,KOSDAQ150,foreign,089970,브이엠,91935,144010,52075,5536206300,8615497200,3079290900,KRX MDCSTAT02401_OUT
daily,KOSDAQ150,foreign,347850,디앤디파마텍,91873,158739,66866,3803118225,6568142800,2765024575,KRX MDCSTAT02401_OUT
daily,KOSDAQ150,foreign,295310,에이치브이엠,54510,86609,32099,3080722500,4968244400,1887521900,KRX MDCSTAT02401_OUT
daily,KOSDAQ150,foreign,232140,와이씨,533891,669873,135982,7470824055,9345471655,1874647600,KRX MDCSTAT02401_OUT
daily,KOSDAQ150,foreign,025980,아난티,254232,636528,382296,1204406927,3021146769,1816739842,KRX MDCSTAT02401_OUT
daily,KOSDAQ150,foreign,161580,필옵틱스,488883,536848,47965,18294038575,20094142475,1800103900,KRX MDCSTAT02401_OUT
daily,KOSDAQ150,foreign,290650,엘앤씨바이오,19363,58121,38758,900302200,2697213125,1796910925,KRX MDCSTAT02401_OUT
daily,KOSDAQ150,foreign,043260,성호전자,596233,670672,74439,14456782925,16194483400,1737700475,KRX MDCSTAT02401_OUT
daily,KOSDAQ150,foreign,096530,씨젠,42104,91843,49739,1413336900,3082473250,1669136350,KRX MDCSTAT02401_OUT
daily,KOSDAQ150,foreign,124500,아이티센글로벌,24681,83205,58524,701737125,2366452300,1664715175,KRX MDCSTAT02401_OUT
daily,KOSDAQ150,foreign,475830,오름테라퓨틱,139304,209866,70562,3067943525,4578935475,1510991950,KRX MDCSTAT02401_OUT
daily,KOSDAQ150,foreign,218410,RFHIC,65399,88785,23386,3746002950,5064038050,1318035100,KRX MDCSTAT02401_OUT
daily,KOSDAQ150,foreign,074600,원익QnC,44254,87755,43501,1292702300,2546039225,1253336925,KRX MDCSTAT02401_OUT
daily,KOSDAQ150,foreign,035900,JYP Ent.,58100,88560,30460,2198265475,3350603725,1152338250,KRX MDCSTAT02401_OUT
daily,KOSDAQ150,foreign,014620,성광벤드,21504,59417,37913,653648900,1801812100,1148163200,KRX MDCSTAT02401_OUT
daily,KOSDAQ150,foreign,032820,우리기술,597910,686640,88730,7307478015,8394868830,1087390815,KRX MDCSTAT02401_OUT
daily,KOSDAQ150,foreign,141080,리가켐바이오,54371,65958,11587,4275557900,5186668100,911110200,KRX MDCSTAT02401_OUT
daily,KOSDAQ150,foreign,166090,하나머티리얼즈,33375,48678,15303,1953056050,2844497850,891441800,KRX MDCSTAT02401_OUT
daily,KOSDAQ150,foreign,032500,케이엠더블유,56622,102441,45819,1052947690,1889656555,836708865,KRX MDCSTAT02401_OUT
daily,KOSDAQ150,foreign,420770,기가비스,19385,26225,6840,2390666900,3205673450,815006550,KRX MDCSTAT02401_OUT
daily,KOSDAQ150,foreign,101490,에스앤에스텍,45563,63459,17896,2001597625,2785502950,783905325,KRX MDCSTAT02401_OUT
daily,KOSDAQ150,foreign,041190,우리기술투자,138894,261732,122838,797588380,1498546505,700958125,KRX MDCSTAT02401_OUT
daily,KOSDAQ150,foreign,213420,덕산네오룩스,30758,54579,23821,899454700,1594800900,695346200,KRX MDCSTAT02401_OUT
daily,KOSDAQ150,foreign,376300,디어유,56835,86136,29301,1008803120,1543311590,534508470,KRX MDCSTAT02401_OUT
daily,KOSDAQ150,foreign,310210,보로노이,22947,27024,4077,3030240600,3563514700,533274100,KRX MDCSTAT02401_OUT
daily,KOSDAQ150,foreign,053800,안랩,41413,48713,7300,3114506450,3638059400,523552950,KRX MDCSTAT02401_OUT
daily,KOSDAQ150,foreign,050890,쏠리드,165334,219098,53764,1554843540,2058639435,503795895,KRX MDCSTAT02401_OUT
daily,KOSDAQ150,foreign,039200,오스코텍,48072,62345,14273,1696362500,2194207350,497844850,KRX MDCSTAT02401_OUT
daily,KOSDAQ150,foreign,036810,에프에스티,50573,65511,14938,1583769975,2048284350,464514375,KRX MDCSTAT02401_OUT
daily,KOSDAQ150,foreign,000250,삼천당제약,20034,22692,2658,3276900350,3706626700,429726350,KRX MDCSTAT02401_OUT
daily,KOSDAQ150,foreign,237690,에스티팜,16648,21339,4691,1533741500,1962214500,428473000,KRX MDCSTAT02401_OUT
daily,KOSDAQ150,foreign,033500,동성화인텍,41303,65859,24556,642213700,1017063920,374850220,KRX MDCSTAT02401_OUT
daily,KOSDAQ150,foreign,399720,가온칩스,23582,31466,7884,1075268600,1434164950,358896350,KRX MDCSTAT02401_OUT
daily,KOSDAQ150,foreign,030520,한컴,34564,54945,20381,601903970,955458470,353554500,KRX MDCSTAT02401_OUT
daily,KOSDAQ150,foreign,033100,제룡전기,13976,21049,7073,655316225,989174625,333858400,KRX MDCSTAT02401_OUT
daily,KOSDAQ150,foreign,348210,넥스틴,19144,28326,9182,649387850,959848750,310460900,KRX MDCSTAT02401_OUT
daily,KOSDAQ150,foreign,183300,코미코,177814,186842,9028,5758002175,6039435450,281433275,KRX MDCSTAT02401_OUT
daily,KOSDAQ150,foreign,122870,와이지엔터테인먼트,32972,39553,6581,1411159200,1690901750,279742550,KRX MDCSTAT02401_OUT
daily,KOSDAQ150,foreign,214370,케어젠,27172,34114,6942,1103715125,1379994300,276279175,KRX MDCSTAT02401_OUT
daily,KOSDAQ150,foreign,272290,이녹스첨단소재,22661,35367,12706,481401425,749980325,268578900,KRX MDCSTAT02401_OUT
daily,KOSDAQ150,foreign,082270,젬백스,37573,62915,25342,378644240,636424435,257780195,KRX MDCSTAT02401_OUT
daily,KOSDAQ150,foreign,263750,펄어비스,79125,86867,7742,2582501200,2836731050,254229850,KRX MDCSTAT02401_OUT
daily,KOSDAQ150,foreign,140860,파크시스템스,16615,17579,964,4421107500,4675059000,253951500,KRX MDCSTAT02401_OUT
daily,KOSDAQ150,foreign,025320,시노펙스,144958,211036,66078,542804335,786821469,244017134,KRX MDCSTAT02401_OUT
daily,KOSDAQ150,foreign,417200,LS머트리얼즈,176299,193607,17308,2274286145,2505075195,230789050,KRX MDCSTAT02401_OUT
daily,KOSDAQ150,foreign,215200,메가스터디교육,12569,18764,6195,463187500,691398600,228211100,KRX MDCSTAT02401_OUT
daily,KOSDAQ150,foreign,060250,NHN KCP,49683,66056,16373,662685265,881482380,218797115,KRX MDCSTAT02401_OUT
daily,KOSDAQ150,foreign,445680,큐리옥스바이오시스템즈,33850,37568,3718,1736517350,1940032650,203515300,KRX MDCSTAT02401_OUT
daily,KOSDAQ150,foreign,080220,제주반도체,229060,231441,2381,17283225000,17486330950,203105950,KRX MDCSTAT02401_OUT
daily,KOSDAQ150,foreign,083650,비에이치아이,71971,75618,3647,4176669050,4371352000,194682950,KRX MDCSTAT02401_OUT
daily,KOSDAQ150,foreign,056190,SFA,28580,34918,6338,807693825,985254200,177560375,KRX MDCSTAT02401_OUT
daily,KOSDAQ150,foreign,189300,인텔리안테크,12829,15482,2653,852332700,1027077500,174744800,KRX MDCSTAT02401_OUT
daily,KOSDAQ150,foreign,048410,현대바이오,146760,171815,25055,991833750,1159440485,167606735,KRX MDCSTAT02401_OUT
daily,KOSDAQ150,foreign,125490,한라캐스트,131791,142017,10226,1538811295,1643366360,104555065,KRX MDCSTAT02401_OUT
daily,KOSDAQ150,foreign,388720,유일로보틱스,4654,6000,1346,312300600,400244450,87943850,KRX MDCSTAT02401_OUT
daily,KOSDAQ150,foreign,078340,컴투스,25315,27451,2136,948149950,1028587225,80437275,KRX MDCSTAT02401_OUT
daily,KOSDAQ150,foreign,194480,데브시스터즈,8159,13048,4889,116254300,185850410,69596110,KRX MDCSTAT02401_OUT
daily,KOSDAQ150,foreign,052400,코나아이,11604,13256,1652,440365750,503026500,62660750,KRX MDCSTAT02401_OUT
daily,KOSDAQ150,foreign,009520,포스코엠텍,30873,36001,5128,376611775,439180625,62568850,KRX MDCSTAT02401_OUT
daily,KOSDAQ150,foreign,253450,스튜디오드래곤,14081,16525,2444,288695825,338392700,49696875,KRX MDCSTAT02401_OUT
daily,KOSDAQ150,foreign,214430,아이쓰리시스템,5612,6395,783,373782800,422231600,48448800,KRX MDCSTAT02401_OUT
daily,KOSDAQ150,foreign,100790,미래에셋벤처투자,88174,90838,2664,1504381185,1547746875,43365690,KRX MDCSTAT02401_OUT
daily,KOSDAQ150,foreign,042000,카페24,77935,79850,1915,1448753480,1479428380,30674900,KRX MDCSTAT02401_OUT
daily,KOSDAQ150,foreign,211050,인카금융서비스,29822,33354,3532,292179450,322697510,30518060,KRX MDCSTAT02401_OUT
daily,KOSDAQ150,foreign,095660,네오위즈,14353,15295,942,257705050,274236490,16531440,KRX MDCSTAT02401_OUT
daily,KOSDAQ150,foreign,352480,씨앤씨인터내셔널,5766,6270,504,123045300,133766275,10720975,KRX MDCSTAT02401_OUT
daily,KOSDAQ150,foreign,025900,동화기업,18483,20045,1562,125334480,135279150,9944670,KRX MDCSTAT02401_OUT
daily,KOSDAQ150,foreign,036620,감성코퍼레이션,58731,61397,2666,214746595,223985040,9238445,KRX MDCSTAT02401_OUT
daily,KOSDAQ150,foreign,437730,삼현,85033,86074,1041,4182160000,4164962800,-17197200,KRX MDCSTAT02401_OUT
daily,KOSDAQ150,foreign,038500,삼표시멘트,134950,131435,-3515,877711395,853594580,-24116815,KRX MDCSTAT02401_OUT
daily,KOSDAQ150,foreign,278280,천보,10447,9423,-1024,361832100,326535650,-35296450,KRX MDCSTAT02401_OUT
daily,KOSDAQ150,foreign,112040,위메이드,38729,35227,-3502,588991840,536171870,-52819970,KRX MDCSTAT02401_OUT
daily,KOSDAQ150,foreign,253590,네오셈,139822,136029,-3793,1855186385,1799072140,-56114245,KRX MDCSTAT02401_OUT
daily,KOSDAQ150,foreign,101730,위메이드맥스,39133,25564,-13569,174736760,114151830,-60584930,KRX MDCSTAT02401_OUT
daily,KOSDAQ150,foreign,293490,카카오게임즈,71923,64162,-7761,681635720,607741400,-73894320,KRX MDCSTAT02401_OUT
daily,KOSDAQ150,foreign,018290,브이티,175557,159804,-15753,2117314470,1950756895,-166557575,KRX MDCSTAT02401_OUT
daily,KOSDAQ150,foreign,036830,솔브레인홀딩스,22790,18560,-4230,924447050,753107950,-171339100,KRX MDCSTAT02401_OUT
daily,KOSDAQ150,foreign,032190,다우데이타,25610,15735,-9875,494732830,304835690,-189897140,KRX MDCSTAT02401_OUT
daily,KOSDAQ150,foreign,015750,성우하이텍,55203,21031,-34172,318363880,121320910,-197042970,KRX MDCSTAT02401_OUT
daily,KOSDAQ150,foreign,067160,SOOP,30571,25176,-5395,1120243875,923165800,-197078075,KRX MDCSTAT02401_OUT
daily,KOSDAQ150,foreign,068760,셀트리온제약,35033,29394,-5639,1345696675,1126172325,-219524350,KRX MDCSTAT02401_OUT
daily,KOSDAQ150,foreign,069080,웹젠,61901,35028,-26873,720062430,407305270,-312757160,KRX MDCSTAT02401_OUT
daily,KOSDAQ150,foreign,060280,큐렉소,84107,44077,-40030,674391910,352964945,-321426965,KRX MDCSTAT02401_OUT
daily,KOSDAQ150,foreign,0009K0,에임드바이오,41962,26304,-15658,887872025,556600700,-331271325,KRX MDCSTAT02401_OUT
daily,KOSDAQ150,foreign,099320,쎄트렉아이,38637,34074,-4563,3008705450,2649190450,-359515000,KRX MDCSTAT02401_OUT
daily,KOSDAQ150,foreign,225570,넥슨게임즈,63133,26847,-36286,689246660,292820240,-396426420,KRX MDCSTAT02401_OUT
daily,KOSDAQ150,foreign,358570,지아이이노베이션,198375,148026,-50349,1597250335,1195852245,-401398090,KRX MDCSTAT02401_OUT
daily,KOSDAQ150,foreign,348370,엔켐,62035,41369,-20666,1244068015,831274360,-412793655,KRX MDCSTAT02401_OUT
daily,KOSDAQ150,foreign,035760,CJ ENM,27492,16820,-10672,1071746200,656295150,-415451050,KRX MDCSTAT02401_OUT
daily,KOSDAQ150,foreign,003380,하림지주,94006,53523,-40483,1022265625,582177950,-440087675,KRX MDCSTAT02401_OUT
daily,KOSDAQ150,foreign,214150,클래시스,44985,30146,-14839,1369756175,917964875,-451791300,KRX MDCSTAT02401_OUT
daily,KOSDAQ150,foreign,030530,원익홀딩스,239593,223905,-15688,6434334550,5943351225,-490983325,KRX MDCSTAT02401_OUT
daily,KOSDAQ150,foreign,056080,유진로봇,124151,78150,-46001,1435394345,899611285,-535783060,KRX MDCSTAT02401_OUT
daily,KOSDAQ150,foreign,195940,HK이노엔,48501,34766,-13735,1897491925,1358275350,-539216575,KRX MDCSTAT02401_OUT
daily,KOSDAQ150,foreign,065350,신성델타테크,42699,24691,-18008,1291215825,748399500,-542816325,KRX MDCSTAT02401_OUT
daily,KOSDAQ150,foreign,328130,루닛,360118,310375,-49743,4197321805,3609045980,-588275825,KRX MDCSTAT02401_OUT
daily,KOSDAQ150,foreign,241710,코스메카코리아,36739,32417,-4322,4713268850,4124857500,-588411350,KRX MDCSTAT02401_OUT
daily,KOSDAQ150,foreign,085660,차바이오텍,139423,61873,-77550,1134719315,502486700,-632232615,KRX MDCSTAT02401_OUT
daily,KOSDAQ150,foreign,067310,하나마이크론,411076,396577,-14499,18871776575,18182225550,-689551025,KRX MDCSTAT02401_OUT
daily,KOSDAQ150,foreign,060370,LS마린솔루션,62234,40632,-21602,1992782100,1298810425,-693971675,KRX MDCSTAT02401_OUT
daily,KOSDAQ150,foreign,171090,선익시스템,21706,11434,-10272,1492376000,786372100,-706003900,KRX MDCSTAT02401_OUT
daily,KOSDAQ150,foreign,251970,펌텍코리아,21948,9850,-12098,1378181050,615074650,-763106400,KRX MDCSTAT02401_OUT
daily,KOSDAQ150,foreign,226950,올릭스,54435,46053,-8382,5542886150,4702396250,-840489900,KRX MDCSTAT02401_OUT
daily,KOSDAQ150,foreign,006730,서부T&D,140257,61843,-78414,1510809770,670108330,-840701440,KRX MDCSTAT02401_OUT
daily,KOSDAQ150,foreign,058610,에스피지,32591,22751,-9840,3182729150,2211521700,-971207450,KRX MDCSTAT02401_OUT
daily,KOSDAQ150,foreign,121600,나노신소재,35474,14454,-21020,1915912900,781418600,-1134494300,KRX MDCSTAT02401_OUT
daily,KOSDAQ150,foreign,082920,비츠로셀,106728,65817,-40911,2980782075,1837199800,-1143582275,KRX MDCSTAT02401_OUT
daily,KOSDAQ150,foreign,090710,휴림로봇,379737,185675,-194062,2291800400,1118819325,-1172981075,KRX MDCSTAT02401_OUT
daily,KOSDAQ150,foreign,090360,로보스타,27921,11991,-15930,2116455550,905688750,-1210766800,KRX MDCSTAT02401_OUT
daily,KOSDAQ150,foreign,041510,에스엠,49157,33358,-15799,4070460300,2758845250,-1311615050,KRX MDCSTAT02401_OUT
daily,KOSDAQ150,foreign,137400,피엔티,67102,19714,-47388,1909267300,558426425,-1350840875,KRX MDCSTAT02401_OUT
daily,KOSDAQ150,foreign,466100,클로봇,88016,26554,-61462,1968768175,591220500,-1377547675,KRX MDCSTAT02401_OUT
daily,KOSDAQ150,foreign,281740,레이크머티리얼즈,274929,113640,-161289,2988167420,1241789165,-1746378255,KRX MDCSTAT02401_OUT
daily,KOSDAQ150,foreign,204270,제이앤티씨,196813,121612,-75201,4540912550,2788436900,-1752475650,KRX MDCSTAT02401_OUT
daily,KOSDAQ150,foreign,277810,레인보우로보틱스,19144,14678,-4466,7959243500,6091225250,-1868018250,KRX MDCSTAT02401_OUT
daily,KOSDAQ150,foreign,319400,현대무벡스,173946,73106,-100840,3538522550,1480894150,-2057628400,KRX MDCSTAT02401_OUT
daily,KOSDAQ150,foreign,007390,네이처셀,127174,39693,-87481,3078226825,960851550,-2117375275,KRX MDCSTAT02401_OUT
daily,KOSDAQ150,foreign,005290,동진쎄미켐,153902,103396,-50506,7045850325,4723808075,-2322042250,KRX MDCSTAT02401_OUT
daily,KOSDAQ150,foreign,078600,대주전자재료,66757,39125,-27632,5949401150,3488806200,-2460594950,KRX MDCSTAT02401_OUT
daily,KOSDAQ150,foreign,084370,유진테크,88848,73430,-15418,14463161250,11909168200,-2553993050,KRX MDCSTAT02401_OUT
daily,KOSDAQ150,foreign,131970,두산테스나,112060,74649,-37411,10480909950,6974071100,-3506838850,KRX MDCSTAT02401_OUT
daily,KOSDAQ150,foreign,039030,이오테크닉스,34517,27508,-7009,16991795750,13449450250,-3542345500,KRX MDCSTAT02401_OUT
daily,KOSDAQ150,foreign,108490,로보티즈,73804,59849,-13955,21106025500,17059274000,-4046751500,KRX MDCSTAT02401_OUT
daily,KOSDAQ150,foreign,145020,휴젤,76184,50099,-26085,13846192600,9113372150,-4732820450,KRX MDCSTAT02401_OUT
daily,KOSDAQ150,foreign,095340,ISC,79644,54351,-25293,16355962950,11146073600,-5209889350,KRX MDCSTAT02401_OUT
daily,KOSDAQ150,foreign,257720,실리콘투,231101,83276,-147825,8847667250,3178923150,-5668744100,KRX MDCSTAT02401_OUT
daily,KOSDAQ150,foreign,064760,티씨케이,48826,25078,-23748,14144439250,7249922500,-6894516750,KRX MDCSTAT02401_OUT
daily,KOSDAQ150,foreign,178320,서진시스템,603874,405027,-198847,21974326500,14736933750,-7237392750,KRX MDCSTAT02401_OUT
daily,KOSDAQ150,foreign,086520,에코프로,251663,148032,-103631,19807524650,11627293600,-8180231050,KRX MDCSTAT02401_OUT
daily,KOSDAQ150,foreign,247540,에코프로비엠,201161,95035,-106126,21289373800,10086580800,-11202793000,KRX MDCSTAT02401_OUT
daily,KOSDAQ150,foreign,058470,리노공업,417983,261754,-156229,30431514150,19053736600,-11377777550,KRX MDCSTAT02401_OUT
daily,KOSDAQ150,foreign,028300,HLB,3222708,1254827,-1967881,137492121050,53444916350,-84047204700,KRX MDCSTAT02401_OUT
daily,KOSDAQ150,institution,403870,HPSP,180795,681398,500603,10704902050,40802498950,30097596900,KRX MDCSTAT02401_OUT
daily,KOSDAQ150,institution,240810,원익IPS,104630,225878,121248,13206535000,28818266250,15611731250,KRX MDCSTAT02401_OUT
daily,KOSDAQ150,institution,036930,주성엔지니어링,75038,133018,57980,16026516250,28807769000,12781252750,KRX MDCSTAT02401_OUT
daily,KOSDAQ150,institution,039030,이오테크닉스,39718,60843,21125,19434610500,29898966250,10464355750,KRX MDCSTAT02401_OUT
daily,KOSDAQ150,institution,058470,리노공업,109011,227839,118828,7907254650,16590483750,8683229100,KRX MDCSTAT02401_OUT
daily,KOSDAQ150,institution,095610,테스,81200,131587,50387,13638953900,22179197450,8540243550,KRX MDCSTAT02401_OUT
daily,KOSDAQ150,institution,196170,알테오젠,95815,127621,31806,23829424750,31994194250,8164769500,KRX MDCSTAT02401_OUT
daily,KOSDAQ150,institution,131970,두산테스나,36413,122828,86415,3393664500,11549380900,8155716400,KRX MDCSTAT02401_OUT
daily,KOSDAQ150,institution,064760,티씨케이,16809,41938,25129,4867882500,12241518750,7373636250,KRX MDCSTAT02401_OUT
daily,KOSDAQ150,institution,178320,서진시스템,82643,271204,188561,2998756050,9903723600,6904967550,KRX MDCSTAT02401_OUT
daily,KOSDAQ150,institution,084370,유진테크,28367,66502,38135,4565322350,10860986750,6295664400,KRX MDCSTAT02401_OUT
daily,KOSDAQ150,institution,257720,실리콘투,64828,187500,122672,2485568050,7184649425,4699081375,KRX MDCSTAT02401_OUT
daily,KOSDAQ150,institution,095340,ISC,27824,45298,17474,5697398000,9313804200,3616406200,KRX MDCSTAT02401_OUT
daily,KOSDAQ150,institution,031980,피에스케이홀딩스,40333,59380,19047,7156500150,10577922100,3421421950,KRX MDCSTAT02401_OUT
daily,KOSDAQ150,institution,005290,동진쎄미켐,55551,122938,67387,2535183950,5644015800,3108831850,KRX MDCSTAT02401_OUT
daily,KOSDAQ150,institution,183300,코미코,184126,269538,85412,5981776325,8777747950,2795971625,KRX MDCSTAT02401_OUT
daily,KOSDAQ150,institution,131290,티에스이,27085,35944,8859,7923137750,10605824000,2682686250,KRX MDCSTAT02401_OUT
daily,KOSDAQ150,institution,145020,휴젤,11680,24381,12701,2118587200,4447126100,2328538900,KRX MDCSTAT02401_OUT
daily,KOSDAQ150,institution,323280,태성,26442,58389,31947,1324479250,3035221925,1710742675,KRX MDCSTAT02401_OUT
daily,KOSDAQ150,institution,328130,루닛,50043,180805,130762,579570005,2112769585,1533199580,KRX MDCSTAT02401_OUT
daily,KOSDAQ150,institution,053800,안랩,4665,24048,19383,346910950,1817076500,1470165550,KRX MDCSTAT02401_OUT
daily,KOSDAQ150,institution,166090,하나머티리얼즈,29499,46156,16657,1725199550,2711873700,986674150,KRX MDCSTAT02401_OUT
daily,KOSDAQ150,institution,251970,펌텍코리아,7844,19738,11894,488466500,1235246900,746780400,KRX MDCSTAT02401_OUT
daily,KOSDAQ150,institution,074600,원익QnC,52598,72239,19641,1526506400,2101934900,575428500,KRX MDCSTAT02401_OUT
daily,KOSDAQ150,institution,140860,파크시스템스,5259,7145,1886,1386162500,1903169250,517006750,KRX MDCSTAT02401_OUT
daily,KOSDAQ150,institution,225570,넥슨게임즈,19278,59258,39980,210130850,648396200,438265350,KRX MDCSTAT02401_OUT
daily,KOSDAQ150,institution,241710,코스메카코리아,32249,35355,3106,4092778000,4530332300,437554300,KRX MDCSTAT02401_OUT
daily,KOSDAQ150,institution,080220,제주반도체,37583,41532,3949,2827598050,3167192850,339594800,KRX MDCSTAT02401_OUT
daily,KOSDAQ150,institution,161580,필옵틱스,16079,23894,7815,580978725,912618975,331640250,KRX MDCSTAT02401_OUT
daily,KOSDAQ150,institution,036810,에프에스티,19436,28646,9210,605573750,900966350,295392600,KRX MDCSTAT02401_OUT
daily,KOSDAQ150,institution,036830,솔브레인홀딩스,15821,22313,6492,640235250,910402300,270167050,KRX MDCSTAT02401_OUT
daily,KOSDAQ150,institution,082920,비츠로셀,50440,58733,8293,1406970900,1640158050,233187150,KRX MDCSTAT02401_OUT
daily,KOSDAQ150,institution,078340,컴투스,10021,12556,2535,375309000,470668375,95359375,KRX MDCSTAT02401_OUT
daily,KOSDAQ150,institution,039200,오스코텍,32969,35099,2130,1154323150,1235987300,81664150,KRX MDCSTAT02401_OUT
daily,KOSDAQ150,institution,098460,고영,93302,94054,752,2770497450,2843145375,72647925,KRX MDCSTAT02401_OUT
daily,KOSDAQ150,institution,018290,브이티,26254,30145,3891,318469370,369718095,51248725,KRX MDCSTAT02401_OUT
daily,KOSDAQ150,institution,195940,HK이노엔,36638,37655,1017,1426429075,1471753425,45324350,KRX MDCSTAT02401_OUT
daily,KOSDAQ150,institution,035760,CJ ENM,14699,15498,799,572939100,604641700,31702600,KRX MDCSTAT02401_OUT
daily,KOSDAQ150,institution,100790,미래에셋벤처투자,14022,15491,1469,238012490,266430970,28418480,KRX MDCSTAT02401_OUT
daily,KOSDAQ150,institution,095660,네오위즈,14328,14538,210,256619640,261161650,4542010,KRX MDCSTAT02401_OUT
daily,KOSDAQ150,institution,035900,JYP Ent.,26568,26191,-377,1003517050,991277425,-12239625,KRX MDCSTAT02401_OUT
daily,KOSDAQ150,institution,214370,케어젠,14354,13645,-709,575348825,558083300,-17265525,KRX MDCSTAT02401_OUT
daily,KOSDAQ150,institution,211050,인카금융서비스,38209,34746,-3463,371020610,341586350,-29434260,KRX MDCSTAT02401_OUT
daily,KOSDAQ150,institution,025900,동화기업,11997,7528,-4469,80961940,51069650,-29892290,KRX MDCSTAT02401_OUT
daily,KOSDAQ150,institution,194480,데브시스터즈,7840,5584,-2256,111842790,79455470,-32387320,KRX MDCSTAT02401_OUT
daily,KOSDAQ150,institution,101490,에스앤에스텍,18699,17703,-996,816509600,783508975,-33000625,KRX MDCSTAT02401_OUT
daily,KOSDAQ150,institution,215200,메가스터디교육,11998,10876,-1122,441250650,400459200,-40791450,KRX MDCSTAT02401_OUT
daily,KOSDAQ150,institution,101730,위메이드맥스,14363,5164,-9199,64084670,23051515,-41033155,KRX MDCSTAT02401_OUT
daily,KOSDAQ150,institution,069080,웹젠,39376,35370,-4006,457790400,411606310,-46184090,KRX MDCSTAT02401_OUT
daily,KOSDAQ150,institution,121600,나노신소재,20891,19994,-897,1128561400,1080315300,-48246100,KRX MDCSTAT02401_OUT
daily,KOSDAQ150,institution,036620,감성코퍼레이션,42609,27406,-15203,155226135,100907725,-54318410,KRX MDCSTAT02401_OUT
daily,KOSDAQ150,institution,376300,디어유,12224,8469,-3755,212458255,152089170,-60369085,KRX MDCSTAT02401_OUT
daily,KOSDAQ150,institution,038500,삼표시멘트,43521,32613,-10908,283301660,212150040,-71151620,KRX MDCSTAT02401_OUT
daily,KOSDAQ150,institution,030520,한컴,41110,36843,-4267,713861330,641471420,-72389910,KRX MDCSTAT02401_OUT
daily,KOSDAQ150,institution,067160,SOOP,8453,6425,-2028,309628700,235026800,-74601900,KRX MDCSTAT02401_OUT
daily,KOSDAQ150,institution,042000,카페24,18241,13788,-4453,338857470,256465685,-82391785,KRX MDCSTAT02401_OUT
daily,KOSDAQ150,institution,090360,로보스타,3992,2805,-1187,301511600,212728700,-88782900,KRX MDCSTAT02401_OUT
daily,KOSDAQ150,institution,348210,넥스틴,11174,8460,-2714,375321150,286497100,-88824050,KRX MDCSTAT02401_OUT
daily,KOSDAQ150,institution,352480,씨앤씨인터내셔널,5273,890,-4383,112358750,19021200,-93337550,KRX MDCSTAT02401_OUT
daily,KOSDAQ150,institution,253450,스튜디오드래곤,12777,8011,-4766,261636950,164535275,-97101675,KRX MDCSTAT02401_OUT
daily,KOSDAQ150,institution,060280,큐렉소,20868,8052,-12816,166950910,65241420,-101709490,KRX MDCSTAT02401_OUT
daily,KOSDAQ150,institution,388720,유일로보틱스,3803,2220,-1583,254111900,148877400,-105234500,KRX MDCSTAT02401_OUT
daily,KOSDAQ150,institution,009520,포스코엠텍,30905,21889,-9016,376657090,267070860,-109586230,KRX MDCSTAT02401_OUT
daily,KOSDAQ150,institution,015750,성우하이텍,31892,12485,-19407,183931705,72242170,-111689535,KRX MDCSTAT02401_OUT
daily,KOSDAQ150,institution,033100,제룡전기,9160,6727,-2433,430423800,316265700,-114158100,KRX MDCSTAT02401_OUT
daily,KOSDAQ150,institution,025320,시노펙스,52221,19909,-32312,193983245,75294201,-118689044,KRX MDCSTAT02401_OUT
daily,KOSDAQ150,institution,082270,젬백스,22580,9791,-12789,226709670,99583405,-127126265,KRX MDCSTAT02401_OUT
daily,KOSDAQ150,institution,281740,레이크머티리얼즈,39887,27906,-11981,434212355,306440945,-127771410,KRX MDCSTAT02401_OUT
daily,KOSDAQ150,institution,041190,우리기술투자,37734,14498,-23236,215896840,83111230,-132785610,KRX MDCSTAT02401_OUT
daily,KOSDAQ150,institution,272290,이녹스첨단소재,16914,10155,-6759,357638975,215086700,-142552275,KRX MDCSTAT02401_OUT
daily,KOSDAQ150,institution,253590,네오셈,36522,25525,-10997,483812140,340179135,-143633005,KRX MDCSTAT02401_OUT
daily,KOSDAQ150,institution,214430,아이쓰리시스템,4210,1987,-2223,277159100,133091600,-144067500,KRX MDCSTAT02401_OUT
daily,KOSDAQ150,institution,466100,클로봇,16473,9284,-7189,368048750,207266900,-160781850,KRX MDCSTAT02401_OUT
daily,KOSDAQ150,institution,032190,다우데이타,16758,8483,-8275,323661715,162306780,-161354935,KRX MDCSTAT02401_OUT
daily,KOSDAQ150,institution,319400,현대무벡스,42661,34241,-8420,865555150,695038600,-170516550,KRX MDCSTAT02401_OUT
daily,KOSDAQ150,institution,032500,케이엠더블유,24386,14841,-9545,449813955,275594710,-174219245,KRX MDCSTAT02401_OUT
daily,KOSDAQ150,institution,278280,천보,7496,2282,-5214,259974800,79472050,-180502750,KRX MDCSTAT02401_OUT
daily,KOSDAQ150,institution,445680,큐리옥스바이오시스템즈,10080,6119,-3961,508148150,319841900,-188306250,KRX MDCSTAT02401_OUT
daily,KOSDAQ150,institution,025980,아난티,64839,21918,-42921,309581360,102585260,-206996100,KRX MDCSTAT02401_OUT
daily,KOSDAQ150,institution,065350,신성델타테크,14346,7430,-6916,433477425,225798700,-207678725,KRX MDCSTAT02401_OUT
daily,KOSDAQ150,institution,050890,쏠리드,38846,16005,-22841,364742955,151274135,-213468820,KRX MDCSTAT02401_OUT
daily,KOSDAQ150,institution,171090,선익시스템,13276,10100,-3176,913957200,699872900,-214084300,KRX MDCSTAT02401_OUT
daily,KOSDAQ150,institution,204270,제이앤티씨,15173,5696,-9477,348440375,131880525,-216559850,KRX MDCSTAT02401_OUT
daily,KOSDAQ150,institution,085660,차바이오텍,50244,23051,-27193,408356290,187736700,-220619590,KRX MDCSTAT02401_OUT
daily,KOSDAQ150,institution,293490,카카오게임즈,66796,42861,-23935,632321275,407038515,-225282760,KRX MDCSTAT02401_OUT
daily,KOSDAQ150,institution,067310,하나마이크론,125796,120395,-5401,5761234250,5529600575,-231633675,KRX MDCSTAT02401_OUT
daily,KOSDAQ150,institution,060250,NHN KCP,24421,6906,-17515,326138130,92357940,-233780190,KRX MDCSTAT02401_OUT
daily,KOSDAQ150,institution,112040,위메이드,37846,22196,-15650,575737170,337988420,-237748750,KRX MDCSTAT02401_OUT
daily,KOSDAQ150,institution,399720,가온칩스,6861,1555,-5306,312104400,71551225,-240553175,KRX MDCSTAT02401_OUT
daily,KOSDAQ150,institution,125490,한라캐스트,36016,13185,-22831,415955230,152482645,-263472585,KRX MDCSTAT02401_OUT
daily,KOSDAQ150,institution,048410,현대바이오,111973,70189,-41784,753623270,474558150,-279065120,KRX MDCSTAT02401_OUT
daily,KOSDAQ150,institution,189300,인텔리안테크,9156,4861,-4295,605647100,322912500,-282734600,KRX MDCSTAT02401_OUT
daily,KOSDAQ150,institution,090710,휴림로봇,87264,35461,-51803,526905270,214135570,-312769700,KRX MDCSTAT02401_OUT
daily,KOSDAQ150,institution,214150,클래시스,30518,19904,-10614,928384250,607124500,-321259750,KRX MDCSTAT02401_OUT
daily,KOSDAQ150,institution,052400,코나아이,13102,4604,-8498,497059450,174815025,-322244425,KRX MDCSTAT02401_OUT
daily,KOSDAQ150,institution,137400,피엔티,31873,20047,-11826,903834200,568900225,-334933975,KRX MDCSTAT02401_OUT
daily,KOSDAQ150,institution,348370,엔켐,35002,17998,-17004,702167260,362813720,-339353540,KRX MDCSTAT02401_OUT
daily,KOSDAQ150,institution,056190,SFA,32461,20147,-12314,914113525,568816000,-345297525,KRX MDCSTAT02401_OUT
daily,KOSDAQ150,institution,0009K0,에임드바이오,32469,15738,-16731,687859850,334070700,-353789150,KRX MDCSTAT02401_OUT
daily,KOSDAQ150,institution,290650,엘앤씨바이오,25550,16349,-9201,1183002600,769804800,-413197800,KRX MDCSTAT02401_OUT
daily,KOSDAQ150,institution,006730,서부T&D,64605,26418,-38187,700074915,286087270,-413987645,KRX MDCSTAT02401_OUT
daily,KOSDAQ150,institution,058610,에스피지,12551,8151,-4400,1220648200,793495600,-427152600,KRX MDCSTAT02401_OUT
daily,KOSDAQ150,institution,056080,유진로봇,49245,10539,-38706,567671170,122233015,-445438155,KRX MDCSTAT02401_OUT
daily,KOSDAQ150,institution,099320,쎄트렉아이,10282,3535,-6747,800114500,276574500,-523540000,KRX MDCSTAT02401_OUT
daily,KOSDAQ150,institution,358570,지아이이노베이션,83938,17421,-66517,676688930,140088515,-536600415,KRX MDCSTAT02401_OUT
daily,KOSDAQ150,institution,263750,펄어비스,46150,28953,-17197,1511127625,948587875,-562539750,KRX MDCSTAT02401_OUT
daily,KOSDAQ150,institution,218410,RFHIC,38215,28329,-9886,2179072650,1614998550,-564074100,KRX MDCSTAT02401_OUT
daily,KOSDAQ150,institution,014620,성광벤드,48228,29044,-19184,1461046100,881516250,-579529850,KRX MDCSTAT02401_OUT
daily,KOSDAQ150,institution,030530,원익홀딩스,48026,26025,-22001,1279277525,691933925,-587343600,KRX MDCSTAT02401_OUT
daily,KOSDAQ150,institution,417200,LS머트리얼즈,115844,68294,-47550,1498365960,883393625,-614972335,KRX MDCSTAT02401_OUT
daily,KOSDAQ150,institution,124500,아이티센글로벌,29026,6371,-22655,823043800,181253875,-641789925,KRX MDCSTAT02401_OUT
daily,KOSDAQ150,institution,226950,올릭스,57912,51381,-6531,5893549600,5240230100,-653319500,KRX MDCSTAT02401_OUT
daily,KOSDAQ150,institution,237690,에스티팜,20790,13201,-7589,1909377750,1216396600,-692981150,KRX MDCSTAT02401_OUT
daily,KOSDAQ150,institution,007390,네이처셀,51583,21027,-30556,1248155925,509328750,-738827175,KRX MDCSTAT02401_OUT
daily,KOSDAQ150,institution,033500,동성화인텍,53450,5500,-47950,825917080,85395550,-740521530,KRX MDCSTAT02401_OUT
daily,KOSDAQ150,institution,310210,보로노이,13247,7355,-5892,1746032150,971196700,-774835450,KRX MDCSTAT02401_OUT
daily,KOSDAQ150,institution,213420,덕산네오룩스,57509,28786,-28723,1674138425,839731725,-834406700,KRX MDCSTAT02401_OUT
daily,KOSDAQ150,institution,000250,삼천당제약,29603,24139,-5464,4807228100,3966871050,-840357050,KRX MDCSTAT02401_OUT
daily,KOSDAQ150,institution,003380,하림지주,113244,35260,-77984,1232106755,383449590,-848657165,KRX MDCSTAT02401_OUT
daily,KOSDAQ150,institution,041510,에스엠,39397,27931,-11466,3260051400,2319521500,-940529900,KRX MDCSTAT02401_OUT
daily,KOSDAQ150,institution,078600,대주전자재료,21608,9961,-11647,1924020450,889703150,-1034317300,KRX MDCSTAT02401_OUT
daily,KOSDAQ150,institution,060370,LS마린솔루션,65023,23967,-41056,2078322675,768735200,-1309587475,KRX MDCSTAT02401_OUT
daily,KOSDAQ150,institution,096530,씨젠,61540,19642,-41898,2062962975,659874300,-1403088675,KRX MDCSTAT02401_OUT
daily,KOSDAQ150,institution,347850,디앤디파마텍,55708,20439,-35269,2307114800,850684500,-1456430300,KRX MDCSTAT02401_OUT
daily,KOSDAQ150,institution,032820,우리기술,183618,59833,-123785,2243560030,731217680,-1512342350,KRX MDCSTAT02401_OUT
daily,KOSDAQ150,institution,122870,와이지엔터테인먼트,59839,18996,-40843,2558308850,813584350,-1744724500,KRX MDCSTAT02401_OUT
daily,KOSDAQ150,institution,232140,와이씨,213863,46497,-167366,2969777655,652542390,-2317235265,KRX MDCSTAT02401_OUT
daily,KOSDAQ150,institution,068760,셀트리온제약,70856,7983,-62873,2714610025,306553375,-2408056650,KRX MDCSTAT02401_OUT
daily,KOSDAQ150,institution,298380,에이비엘바이오,81914,31873,-50041,3992256175,1557289050,-2434967125,KRX MDCSTAT02401_OUT
daily,KOSDAQ150,institution,420770,기가비스,51419,30588,-20831,6260800100,3817177450,-2443622650,KRX MDCSTAT02401_OUT
daily,KOSDAQ150,institution,475830,오름테라퓨틱,137449,14752,-122697,2974210150,325157600,-2649052550,KRX MDCSTAT02401_OUT
daily,KOSDAQ150,institution,141080,리가켐바이오,60029,25828,-34201,4714655300,2036900250,-2677755050,KRX MDCSTAT02401_OUT
daily,KOSDAQ150,institution,247540,에코프로비엠,129795,103095,-26700,13720964000,10889895450,-2831068550,KRX MDCSTAT02401_OUT
daily,KOSDAQ150,institution,437730,삼현,83396,18811,-64585,3992850100,904810575,-3088039525,KRX MDCSTAT02401_OUT
daily,KOSDAQ150,institution,089030,테크윙,134521,71946,-62575,6694259125,3596021225,-3098237900,KRX MDCSTAT02401_OUT
daily,KOSDAQ150,institution,295310,에이치브이엠,104979,45697,-59282,6013365700,2618775200,-3394590500,KRX MDCSTAT02401_OUT
daily,KOSDAQ150,institution,083650,비에이치아이,73644,12852,-60792,4257584200,745043950,-3512540250,KRX MDCSTAT02401_OUT
daily,KOSDAQ150,institution,087010,펩트론,55274,25461,-29813,7186454850,3338937350,-3847517500,KRX MDCSTAT02401_OUT
daily,KOSDAQ150,institution,214450,파마리서치,26801,12138,-14663,8419110250,3811255250,-4607855000,KRX MDCSTAT02401_OUT
daily,KOSDAQ150,institution,277810,레인보우로보틱스,15963,4408,-11555,6627814750,1835601500,-4792213250,KRX MDCSTAT02401_OUT
daily,KOSDAQ150,institution,043260,성호전자,485379,256532,-228847,11661159400,6202657750,-5458501650,KRX MDCSTAT02401_OUT
daily,KOSDAQ150,institution,036540,SFA반도체,1212892,415027,-797865,12620042085,4334921625,-8285120460,KRX MDCSTAT02401_OUT
daily,KOSDAQ150,institution,108490,로보티즈,43008,12571,-30437,12232114250,3579016500,-8653097750,KRX MDCSTAT02401_OUT
daily,KOSDAQ150,institution,089970,브이엠,237557,74573,-162984,14202631100,4474035500,-9728595600,KRX MDCSTAT02401_OUT
daily,KOSDAQ150,institution,222800,심텍,177463,88356,-89107,26457134250,13225326650,-13231807600,KRX MDCSTAT02401_OUT
daily,KOSDAQ150,institution,086520,에코프로,330501,155062,-175439,25992837300,12200022150,-13792815150,KRX MDCSTAT02401_OUT
daily,KOSDAQ150,institution,028300,HLB,806010,194801,-611209,34795481825,8177303200,-26618178625,KRX MDCSTAT02401_OUT
weekly,KOSPI200,foreign,005930,삼성전자,29200519,30999575,1799056,8065907872868,8604758408868,538850536000,KRX MDCSTAT02401_OUT
weekly,KOSPI200,foreign,402340,SK스퀘어,1934822,2079051,144229,2210390024799,2377728081299,167338056500,KRX MDCSTAT02401_OUT
weekly,KOSPI200,foreign,066570,LG전자,1075887,1659871,583984,228055465900,353912032900,125856567000,KRX MDCSTAT02401_OUT
weekly,KOSPI200,foreign,096770,SK이노베이션,1073710,1614774,541064,158245863400,240219566600,81973703200,KRX MDCSTAT02401_OUT
weekly,KOSPI200,foreign,042700,한미반도체,754300,1066571,312271,181950090000,258637954250,76687864250,KRX MDCSTAT02401_OUT
weekly,KOSPI200,foreign,003490,대한항공,4633196,6734123,2100927,143542500475,208534054800,64991554325,KRX MDCSTAT02401_OUT
weekly,KOSPI200,foreign,010950,S-Oil,790968,1072464,281496,123940207250,167683722100,43743514850,KRX MDCSTAT02401_OUT
weekly,KOSPI200,foreign,329180,HD현대중공업,276574,372135,95561,122539641000,164850833000,42311192000,KRX MDCSTAT02401_OUT
weekly,KOSPI200,foreign,078930,GS,606587,946601,340014,67556756100,104866123700,37309367600,KRX MDCSTAT02401_OUT
weekly,KOSPI200,foreign,010120,LS ELECTRIC,504802,666040,161238,104828971750,138977403500,34148431750,KRX MDCSTAT02401_OUT
weekly,KOSPI200,foreign,017670,SK텔레콤,1000644,1357288,356644,87066188350,118478979300,31412790950,KRX MDCSTAT02401_OUT
weekly,KOSPI200,foreign,161890,한국콜마,368438,563501,195063,54231200350,82920008350,28688808000,KRX MDCSTAT02401_OUT
weekly,KOSPI200,foreign,000990,DB하이텍,809240,968209,158969,106824621500,127148408650,20323787150,KRX MDCSTAT02401_OUT
weekly,KOSPI200,foreign,007660,이수페타시스,1589907,1774463,184556,181888375200,201808032150,19919656950,KRX MDCSTAT02401_OUT
weekly,KOSPI200,foreign,018260,삼성에스디에스,196251,281438,85187,43318008500,62180791500,18862783000,KRX MDCSTAT02401_OUT
weekly,KOSPI200,foreign,003230,삼양식품,66370,81286,14916,82236576500,100115789500,17879213000,KRX MDCSTAT02401_OUT
weekly,KOSPI200,foreign,001450,현대해상,882559,1241043,358484,43178037525,60336009550,17157972025,KRX MDCSTAT02401_OUT
weekly,KOSPI200,foreign,016360,삼성증권,707337,882760,175423,63414583154,79302151104,15887567950,KRX MDCSTAT02401_OUT
weekly,KOSPI200,foreign,086280,현대글로비스,387421,458847,71426,77380128300,91627986650,14247858350,KRX MDCSTAT02401_OUT
weekly,KOSPI200,foreign,483650,달바글로벌,237263,313040,75777,43484589550,57373404550,13888815000,KRX MDCSTAT02401_OUT
weekly,KOSPI200,foreign,001040,CJ,254560,358788,104228,33635792700,47392568500,13756775800,KRX MDCSTAT02401_OUT
weekly,KOSPI200,foreign,298040,효성중공업,71361,75002,3641,203603367500,215596850000,11993482500,KRX MDCSTAT02401_OUT
weekly,KOSPI200,foreign,035420,NAVER,996206,1051286,55080,196069406600,207958527400,11889120800,KRX MDCSTAT02401_OUT
weekly,KOSPI200,foreign,138930,BNK금융지주,1496600,2133743,637143,24017665640,34411951635,10394285995,KRX MDCSTAT02401_OUT
weekly,KOSPI200,foreign,278470,에이피알,355556,380002,24446,129882021750,138784313750,8902292000,KRX MDCSTAT02401_OUT
weekly,KOSPI200,foreign,004170,신세계,134313,158601,24288,46692487250,55042513500,8350026250,KRX MDCSTAT02401_OUT
weekly,KOSPI200,foreign,024110,기업은행,2095837,2454266,358429,42599707460,50602208885,8002501425,KRX MDCSTAT02401_OUT
weekly,KOSPI200,foreign,192820,코스맥스,108342,136481,28139,29524641750,37135101000,7610459250,KRX MDCSTAT02401_OUT
weekly,KOSPI200,foreign,032640,LG유플러스,2736672,3172083,435411,40024837742,46382617252,6357779510,KRX MDCSTAT02401_OUT
weekly,KOSPI200,foreign,033780,KT&G,743918,777866,33948,130022862900,136010336500,5987473600,KRX MDCSTAT02401_OUT
weekly,KOSPI200,foreign,088350,한화생명,3304054,4305006,1000952,18872885735,24655266355,5782380620,KRX MDCSTAT02401_OUT
weekly,KOSPI200,foreign,011200,HMM,1070364,1325241,254877,22485655600,27930784350,5445128750,KRX MDCSTAT02401_OUT
weekly,KOSPI200,foreign,128940,한미약품,93183,103793,10610,47569548750,53002874250,5433325500,KRX MDCSTAT02401_OUT
weekly,KOSPI200,foreign,004370,농심,45620,58425,12805,18167491500,23254549000,5087057500,KRX MDCSTAT02401_OUT
weekly,KOSPI200,foreign,093370,후성,4404882,4698802,293920,62040827655,66606883635,4566055980,KRX MDCSTAT02401_OUT
weekly,KOSPI200,foreign,009540,HD한국조선해양,378803,392017,13214,126539262520,131031925270,4492662750,KRX MDCSTAT02401_OUT
weekly,KOSPI200,foreign,009420,한올바이오파마,319702,414600,94898,14312341175,18433049925,4120708750,KRX MDCSTAT02401_OUT
weekly,KOSPI200,foreign,097950,CJ제일제당,97335,119128,21793,17164415150,21070797800,3906382650,KRX MDCSTAT02401_OUT
weekly,KOSPI200,foreign,007070,GS리테일,261216,429613,168397,6004916175,9885422175,3880506000,KRX MDCSTAT02401_OUT
weekly,KOSPI200,foreign,443060,HD현대마린솔루션,179991,195290,15299,42919475390,46588036640,3668561250,KRX MDCSTAT02401_OUT
weekly,KOSPI200,foreign,361610,SK아이이테크놀로지,549018,752903,203885,9383145325,12904739850,3521594525,KRX MDCSTAT02401_OUT
weekly,KOSPI200,foreign,375500,DL이앤씨,554918,602404,47486,45581539900,49075473700,3493933800,KRX MDCSTAT02401_OUT
weekly,KOSPI200,foreign,000880,한화,285817,311057,25240,37397788430,40781162180,3383373750,KRX MDCSTAT02401_OUT
weekly,KOSPI200,foreign,285130,SK케미칼,58205,112592,54387,2963458800,5696832750,2733373950,KRX MDCSTAT02401_OUT
weekly,KOSPI200,foreign,251270,넷마블,244129,302422,58293,8456244125,10510813925,2054569800,KRX MDCSTAT02401_OUT
weekly,KOSPI200,foreign,006280,녹십자,24565,40961,16396,3035971650,5073988300,2038016650,KRX MDCSTAT02401_OUT
weekly,KOSPI200,foreign,192080,더블유게임즈,79767,112805,33038,4666084300,6597426050,1931341750,KRX MDCSTAT02401_OUT
weekly,KOSPI200,foreign,002790,아모레퍼시픽홀딩스,208298,273011,64713,5521070950,7234384950,1713314000,KRX MDCSTAT02401_OUT
weekly,KOSPI200,foreign,307950,현대오토에버,84561,88257,3696,32072636250,33436412250,1363776000,KRX MDCSTAT02401_OUT
weekly,KOSPI200,foreign,062040,산일전기,330405,337210,6805,67820405200,69118581400,1298176200,KRX MDCSTAT02401_OUT
weekly,KOSPI200,foreign,002380,KCC,45598,48116,2518,21423135750,22691636750,1268501000,KRX MDCSTAT02401_OUT
weekly,KOSPI200,foreign,259960,크래프톤,174733,180796,6063,34962369262,36212531612,1250162350,KRX MDCSTAT02401_OUT
weekly,KOSPI200,foreign,282330,BGF리테일,98088,107620,9532,13148314100,14388801650,1240487550,KRX MDCSTAT02401_OUT
weekly,KOSPI200,foreign,073240,금호타이어,2889460,3046880,157420,19553646935,20666079580,1112432645,KRX MDCSTAT02401_OUT
weekly,KOSPI200,foreign,207940,삼성바이오로직스,96513,97064,551,133665300168,134643084168,977784000,KRX MDCSTAT02401_OUT
weekly,KOSPI200,foreign,000080,하이트진로,147074,201491,54417,2211285785,3032028185,820742400,KRX MDCSTAT02401_OUT
weekly,KOSPI200,foreign,008930,한미사이언스,189366,204467,15101,9743042550,10529128075,786085525,KRX MDCSTAT02401_OUT
weekly,KOSPI200,foreign,302440,SK바이오사이언스,106006,126986,20980,3793819600,4555681825,761862225,KRX MDCSTAT02401_OUT
weekly,KOSPI200,foreign,139130,iM금융지주,862267,889657,27390,15715538050,16302727405,587189355,KRX MDCSTAT02401_OUT
weekly,KOSPI200,foreign,011790,SKC,196764,202950,6186,17708345350,18290079000,581733650,KRX MDCSTAT02401_OUT
weekly,KOSPI200,foreign,039490,키움증권,156890,158857,1967,40574723750,41153706250,578982500,KRX MDCSTAT02401_OUT
weekly,KOSPI200,foreign,029780,삼성카드,258883,269805,10922,11118021400,11605742100,487720700,KRX MDCSTAT02401_OUT
weekly,KOSPI200,foreign,028670,팬오션,3428331,3497022,68691,19677668775,20092725500,415056725,KRX MDCSTAT02401_OUT
weekly,KOSPI200,foreign,185750,종근당,62276,67919,5643,4018103900,4386508650,368404750,KRX MDCSTAT02401_OUT
weekly,KOSPI200,foreign,300720,한일시멘트,73661,88207,14546,1190590490,1430532780,239942290,KRX MDCSTAT02401_OUT
weekly,KOSPI200,foreign,002840,미원상사,2558,4032,1474,348478400,550608450,202130050,KRX MDCSTAT02401_OUT
weekly,KOSPI200,foreign,005850,에스엘,165407,168647,3240,8154485575,8325142525,170656950,KRX MDCSTAT02401_OUT
weekly,KOSPI200,foreign,005300,롯데칠성,36537,37053,516,3480323750,3536527200,56203450,KRX MDCSTAT02401_OUT
weekly,KOSPI200,foreign,268280,미원에스씨,1275,1649,374,168412750,217101100,48688350,KRX MDCSTAT02401_OUT
weekly,KOSPI200,foreign,280360,롯데웰푸드,27795,28010,215,3500876900,3519674400,18797500,KRX MDCSTAT02401_OUT
weekly,KOSPI200,foreign,003240,태광산업,1523,1496,-27,1371390000,1347697500,-23692500,KRX MDCSTAT02401_OUT
weekly,KOSPI200,foreign,006400,삼성SDI,392600,392465,-135,206267235500,206241115000,-26120500,KRX MDCSTAT02401_OUT
weekly,KOSPI200,foreign,007700,F&F홀딩스,12103,9759,-2344,162495140,130634975,-31860165,KRX MDCSTAT02401_OUT
weekly,KOSPI200,foreign,003030,세아제강지주,39493,39240,-253,4223882850,4183498250,-40384600,KRX MDCSTAT02401_OUT
weekly,KOSPI200,foreign,009970,영원무역홀딩스,24702,24462,-240,4104972550,4063446600,-41525950,KRX MDCSTAT02401_OUT
weekly,KOSPI200,foreign,014820,동원시스템즈,37764,28674,-9090,794619450,601975325,-192644125,KRX MDCSTAT02401_OUT
weekly,KOSPI200,foreign,006040,동원산업,70354,63160,-7194,2489969400,2238609500,-251359900,KRX MDCSTAT02401_OUT
weekly,KOSPI200,foreign,137310,에스디바이오센서,256366,213428,-42938,1562707565,1305826580,-256880985,KRX MDCSTAT02401_OUT
weekly,KOSPI200,foreign,017960,한국카본,195576,182060,-13516,3977905760,3698338925,-279566835,KRX MDCSTAT02401_OUT
weekly,KOSPI200,foreign,071050,한국금융지주,365199,362719,-2480,66929533100,66587511700,-342021400,KRX MDCSTAT02401_OUT
weekly,KOSPI200,foreign,000240,한국앤컴퍼니,172684,158495,-14189,4257489158,3914944008,-342545150,KRX MDCSTAT02401_OUT
weekly,KOSPI200,foreign,026960,동서,83482,69954,-13528,2134755250,1788741225,-346014025,KRX MDCSTAT02401_OUT
weekly,KOSPI200,foreign,003090,대웅,137481,114369,-23112,2176434900,1817615685,-358819215,KRX MDCSTAT02401_OUT
weekly,KOSPI200,foreign,000210,DL,83530,76775,-6755,4306201950,3946335750,-359866200,KRX MDCSTAT02401_OUT
weekly,KOSPI200,foreign,008730,율촌화학,141945,112323,-29622,2093205910,1664789750,-428416160,KRX MDCSTAT02401_OUT
weekly,KOSPI200,foreign,001680,대상,126761,102431,-24330,2276419210,1845367855,-431051355,KRX MDCSTAT02401_OUT
weekly,KOSPI200,foreign,009240,한샘,58467,45432,-13035,2330173100,1822713075,-507460025,KRX MDCSTAT02401_OUT
weekly,KOSPI200,foreign,377300,카카오페이,320717,304012,-16705,12983577150,12454310575,-529266575,KRX MDCSTAT02401_OUT
weekly,KOSPI200,foreign,069260,TKG휴켐스,125403,93555,-31848,2059203595,1528197175,-531006420,KRX MDCSTAT02401_OUT
weekly,KOSPI200,foreign,011210,현대위아,143743,133325,-10418,7685357750,7146686500,-538671250,KRX MDCSTAT02401_OUT
weekly,KOSPI200,foreign,002030,아세아,5363,2720,-2643,1125550250,570103000,-555447250,KRX MDCSTAT02401_OUT
weekly,KOSPI200,foreign,007310,오뚜기,7603,5803,-1800,2394324750,1831982750,-562342000,KRX MDCSTAT02401_OUT
weekly,KOSPI200,foreign,005420,코스모화학,212439,156233,-56206,2178753590,1610707510,-568046080,KRX MDCSTAT02401_OUT
weekly,KOSPI200,foreign,004000,롯데정밀화학,126089,110538,-15551,5523308100,4844144425,-679163675,KRX MDCSTAT02401_OUT
weekly,KOSPI200,foreign,111770,영원무역,169643,159280,-10363,12062423506,11338329606,-724093900,KRX MDCSTAT02401_OUT
weekly,KOSPI200,foreign,001800,오리온홀딩스,162356,126508,-35848,3879036925,3026431675,-852605250,KRX MDCSTAT02401_OUT
weekly,KOSPI200,foreign,030200,KT,427243,409707,-17536,22647740046,21723347396,-924392650,KRX MDCSTAT02401_OUT
weekly,KOSPI200,foreign,000120,CJ대한통운,71154,55879,-15275,5009448050,3943784200,-1065663850,KRX MDCSTAT02401_OUT
weekly,KOSPI200,foreign,271560,오리온,249475,239338,-10137,27637786350,26508798650,-1128987700,KRX MDCSTAT02401_OUT
weekly,KOSPI200,foreign,120110,코오롱인더,230811,212492,-18319,12870609800,11731739800,-1138870000,KRX MDCSTAT02401_OUT
weekly,KOSPI200,foreign,298050,HS효성첨단소재,23128,15246,-7882,3713991600,2466259950,-1247731650,KRX MDCSTAT02401_OUT
weekly,KOSPI200,foreign,023530,롯데쇼핑,233893,223755,-10138,24961108300,23581354000,-1379754300,KRX MDCSTAT02401_OUT
weekly,KOSPI200,foreign,081660,미스토홀딩스,343526,305831,-37695,13086893000,11649297775,-1437595225,KRX MDCSTAT02401_OUT
weekly,KOSPI200,foreign,000670,영풍,210629,176132,-34497,9235244000,7707729225,-1527514775,KRX MDCSTAT02401_OUT
weekly,KOSPI200,foreign,298020,효성티앤씨,33808,28321,-5487,10307364000,8651635000,-1655729000,KRX MDCSTAT02401_OUT
weekly,KOSPI200,foreign,180640,한진칼,130817,117742,-13075,18199578200,16525894400,-1673683800,KRX MDCSTAT02401_OUT
weekly,KOSPI200,foreign,012750,에스원,187562,164214,-23348,15534347381,13589256481,-1945090900,KRX MDCSTAT02401_OUT
weekly,KOSPI200,foreign,035250,강원랜드,586030,449241,-136789,8424542930,6462133345,-1962409585,KRX MDCSTAT02401_OUT
weekly,KOSPI200,foreign,071320,지역난방공사,51551,24853,-26698,4033242850,1944389950,-2088852900,KRX MDCSTAT02401_OUT
weekly,KOSPI200,foreign,161390,한국타이어앤테크놀로지,869183,833864,-35319,50761724350,48652314950,-2109409400,KRX MDCSTAT02401_OUT
weekly,KOSPI200,foreign,267250,HD현대,430551,419112,-11439,89169264500,87021594750,-2147669750,KRX MDCSTAT02401_OUT
weekly,KOSPI200,foreign,006650,대한유화,86954,63648,-23306,8124797050,5911212450,-2213584600,KRX MDCSTAT02401_OUT
weekly,KOSPI200,foreign,030000,제일기획,576303,446015,-130288,10143680555,7883761820,-2259918735,KRX MDCSTAT02401_OUT
weekly,KOSPI200,foreign,069620,대웅제약,38433,16730,-21703,4129481400,1801889000,-2327592400,KRX MDCSTAT02401_OUT
weekly,KOSPI200,foreign,204320,HL만도,504748,454436,-50312,23463338375,21114196425,-2349141950,KRX MDCSTAT02401_OUT
weekly,KOSPI200,foreign,004990,롯데지주,253786,151793,-101993,6170569775,3701282425,-2469287350,KRX MDCSTAT02401_OUT
weekly,KOSPI200,foreign,036460,한국가스공사,328670,258198,-70472,11685968175,9165955200,-2520012975,KRX MDCSTAT02401_OUT
weekly,KOSPI200,foreign,000100,유한양행,551573,517797,-33776,41126549150,38571191300,-2555357850,KRX MDCSTAT02401_OUT
weekly,KOSPI200,foreign,047810,한국항공우주,405518,384100,-21418,52202503700,49618097600,-2584406100,KRX MDCSTAT02401_OUT
weekly,KOSPI200,foreign,022100,포스코DX,521478,381013,-140465,10564567980,7729522735,-2835045245,KRX MDCSTAT02401_OUT
weekly,KOSPI200,foreign,035720,카카오,2516919,2421347,-95572,85031074450,82181177325,-2849897125,KRX MDCSTAT02401_OUT
weekly,KOSPI200,foreign,051600,한전KPS,227165,163023,-64142,10446793275,7492989225,-2953804050,KRX MDCSTAT02401_OUT
weekly,KOSPI200,foreign,011780,금호석유화학,168477,142525,-25952,19779883450,16754110200,-3025773250,KRX MDCSTAT02401_OUT
weekly,KOSPI200,foreign,034230,파라다이스,576335,255206,-321129,5495363230,2439643040,-3055720190,KRX MDCSTAT02401_OUT
weekly,KOSPI200,foreign,138040,메리츠금융지주,433845,411230,-22615,56361901400,53273953100,-3087948300,KRX MDCSTAT02401_OUT
weekly,KOSPI200,foreign,005830,DB손해보험,460127,443194,-16933,86383083600,83060932800,-3322150800,KRX MDCSTAT02401_OUT
weekly,KOSPI200,foreign,069960,현대백화점,263116,233159,-29957,25041099900,21678797350,-3362302550,KRX MDCSTAT02401_OUT
weekly,KOSPI200,foreign,021240,코웨이,677474,645385,-32089,67829428600,64445010100,-3384418500,KRX MDCSTAT02401_OUT
weekly,KOSPI200,foreign,007340,DN오토모티브,371977,299517,-72460,18212246650,14666889175,-3545357475,KRX MDCSTAT02401_OUT
weekly,KOSPI200,foreign,068270,셀트리온,632637,613127,-19510,113278764415,109717821965,-3560942450,KRX MDCSTAT02401_OUT
weekly,KOSPI200,foreign,450080,에코프로머티,496997,384166,-112831,17277563700,13492324575,-3785239125,KRX MDCSTAT02401_OUT
weekly,KOSPI200,foreign,103140,풍산,143931,94604,-49327,11226865900,7391417300,-3835448600,KRX MDCSTAT02401_OUT
weekly,KOSPI200,foreign,0126Z0,삼성에피스홀딩스,82968,70653,-12315,27519478750,23543772750,-3975706000,KRX MDCSTAT02401_OUT
weekly,KOSPI200,foreign,373220,LG에너지솔루션,523512,508778,-14734,185374151000,181098824250,-4275326750,KRX MDCSTAT02401_OUT
weekly,KOSPI200,foreign,006800,미래에셋증권,1929646,1789012,-140634,62392664700,58036180150,-4356484550,KRX MDCSTAT02401_OUT
weekly,KOSPI200,foreign,008770,호텔신라,280694,163138,-117556,11304453100,6575143825,-4729309275,KRX MDCSTAT02401_OUT
weekly,KOSPI200,foreign,012330,현대모비스,544539,532081,-12458,202672791250,197916711250,-4756080000,KRX MDCSTAT02401_OUT
weekly,KOSPI200,foreign,017800,현대엘리베이터,190435,115030,-75405,14051067700,8492349950,-5558717750,KRX MDCSTAT02401_OUT
weekly,KOSPI200,foreign,010130,고려아연,25727,21048,-4679,28510641000,22945183500,-5565457500,KRX MDCSTAT02401_OUT
weekly,KOSPI200,foreign,066970,엘앤에프,627736,574639,-53097,68873421450,63226859250,-5646562200,KRX MDCSTAT02401_OUT
weekly,KOSPI200,foreign,457190,이수스페셜티케미컬,259345,170644,-88701,16983215400,11284329250,-5698886150,KRX MDCSTAT02401_OUT
weekly,KOSPI200,foreign,316140,우리금융지주,4260094,4062503,-197591,153670450325,146683376575,-6987073750,KRX MDCSTAT02401_OUT
weekly,KOSPI200,foreign,001430,세아베스틸지주,305052,147994,-157058,13639187100,6632676950,-7006510150,KRX MDCSTAT02401_OUT
weekly,KOSPI200,foreign,006260,LS,175096,153185,-21911,56285508500,48910838000,-7374670500,KRX MDCSTAT02401_OUT
weekly,KOSPI200,foreign,036570,NC,193407,155168,-38239,41375499750,33266517500,-8108982250,KRX MDCSTAT02401_OUT
weekly,KOSPI200,foreign,064400,LG씨엔에스,712754,590806,-121948,49920625700,41717666300,-8202959400,KRX MDCSTAT02401_OUT
weekly,KOSPI200,foreign,112610,씨에스윈드,565140,399230,-165910,28594060450,20302368650,-8291691800,KRX MDCSTAT02401_OUT
weekly,KOSPI200,foreign,175330,JB금융지주,1060869,783484,-277385,32542938025,24042429400,-8500508625,KRX MDCSTAT02401_OUT
weekly,KOSPI200,foreign,139480,이마트,235749,104478,-131271,17013714500,7532373750,-9481340750,KRX MDCSTAT02401_OUT
weekly,KOSPI200,foreign,011170,롯데케미칼,350242,198601,-151641,21779949150,12250100300,-9529848850,KRX MDCSTAT02401_OUT
weekly,KOSPI200,foreign,003550,LG,597167,509336,-87831,67592933000,57635442900,-9957490100,KRX MDCSTAT02401_OUT
weekly,KOSPI200,foreign,454910,두산로보틱스,380477,236655,-143822,26622289800,16595650450,-10026639350,KRX MDCSTAT02401_OUT
weekly,KOSPI200,foreign,009150,삼성전기,981165,970645,-10520,1459099878500,1448819191000,-10280687500,KRX MDCSTAT02401_OUT
weekly,KOSPI200,foreign,018880,한온시스템,6231618,3036710,-3194908,20513472490,10002466984,-10511005506,KRX MDCSTAT02401_OUT
weekly,KOSPI200,foreign,326030,SK바이오팜,299842,160873,-138969,22922309150,12309321150,-10612988000,KRX MDCSTAT02401_OUT
weekly,KOSPI200,foreign,071970,HD현대마린엔진,377483,149999,-227484,18464289725,7354149300,-11110140425,KRX MDCSTAT02401_OUT
weekly,KOSPI200,foreign,052690,한전기술,729810,648057,-81753,97214985650,86103103550,-11111882100,KRX MDCSTAT02401_OUT
weekly,KOSPI200,foreign,051900,LG생활건강,188851,149483,-39368,54788426750,43584252750,-11204174000,KRX MDCSTAT02401_OUT
weekly,KOSPI200,foreign,241560,두산밥캣,601487,398975,-202512,34533628650,23034953150,-11498675500,KRX MDCSTAT02401_OUT
weekly,KOSPI200,foreign,032830,삼성생명,1009025,968438,-40587,295314182170,283567611670,-11746570500,KRX MDCSTAT02401_OUT
weekly,KOSPI200,foreign,034220,LG디스플레이,9290736,7729318,-1561418,78616766995,65663341925,-12953425070,KRX MDCSTAT02401_OUT
weekly,KOSPI200,foreign,011070,LG이노텍,447423,418781,-28642,249529127720,235561422720,-13967705000,KRX MDCSTAT02401_OUT
weekly,KOSPI200,foreign,000810,삼성화재,249578,227459,-22119,162359170500,148033230000,-14325940500,KRX MDCSTAT02401_OUT
weekly,KOSPI200,foreign,014680,한솔케미칼,156745,92395,-64350,36688461000,21587788250,-15100672750,KRX MDCSTAT02401_OUT
weekly,KOSPI200,foreign,005940,NH투자증권,1435969,816585,-619384,37562138575,21328674900,-16233463675,KRX MDCSTAT02401_OUT
weekly,KOSPI200,foreign,000270,기아,2893542,2757164,-136378,339660222900,323295855950,-16364366950,KRX MDCSTAT02401_OUT
weekly,KOSPI200,foreign,323410,카카오뱅크,2665460,1794112,-871348,53741369510,36231490300,-17509879210,KRX MDCSTAT02401_OUT
weekly,KOSPI200,foreign,047050,포스코인터내셔널,985910,640017,-345893,55840470450,36218029800,-19622440650,KRX MDCSTAT02401_OUT
weekly,KOSPI200,foreign,082740,한화엔진,1012261,584219,-428042,49220890800,28247852025,-20973038775,KRX MDCSTAT02401_OUT
weekly,KOSPI200,foreign,267270,HD건설기계,544453,376740,-167713,71909441150,50281670250,-21627770900,KRX MDCSTAT02401_OUT
weekly,KOSPI200,foreign,090430,아모레퍼시픽,523450,364448,-159002,74908590824,52144944424,-22763646400,KRX MDCSTAT02401_OUT
weekly,KOSPI200,foreign,086790,하나금융지주,1607462,1437032,-170430,216029019170,193246259120,-22782760050,KRX MDCSTAT02401_OUT
weekly,KOSPI200,foreign,051910,LG화학,538335,442648,-95687,137741809000,113586778500,-24155030500,KRX MDCSTAT02401_OUT
weekly,KOSPI200,foreign,004020,현대제철,1809650,1142869,-666781,60401025600,36155442825,-24245582775,KRX MDCSTAT02401_OUT
weekly,KOSPI200,foreign,015760,한국전력,1868145,1036486,-831659,57043359525,31668951975,-25374407550,KRX MDCSTAT02401_OUT
weekly,KOSPI200,foreign,009830,한화솔루션,5831176,4962496,-868680,181777506875,155681541075,-26095965800,KRX MDCSTAT02401_OUT
weekly,KOSPI200,foreign,352820,하이브,605171,439357,-165814,96557195655,70199370205,-26357825450,KRX MDCSTAT02401_OUT
weekly,KOSPI200,foreign,010060,OCI홀딩스,740217,592253,-147964,151440190900,123753216650,-27686974250,KRX MDCSTAT02401_OUT
weekly,KOSPI200,foreign,005490,POSCO홀딩스,396178,305995,-90183,124237460250,96121954250,-28115506000,KRX MDCSTAT02401_OUT
weekly,KOSPI200,foreign,064350,현대로템,932356,648472,-283884,108226571650,75151846800,-33074724850,KRX MDCSTAT02401_OUT
weekly,KOSPI200,foreign,003670,포스코퓨처엠,725355,515565,-209790,131638058300,94369574000,-37268484300,KRX MDCSTAT02401_OUT
weekly,KOSPI200,foreign,034730,SK,317359,251822,-65537,186213250500,147905613500,-38307637000,KRX MDCSTAT02401_OUT
weekly,KOSPI200,foreign,000720,현대건설,1206650,884734,-321916,150576840300,110368406900,-40208433400,KRX MDCSTAT02401_OUT
weekly,KOSPI200,foreign,079550,LIG디펜스앤에어로스페이스,169494,114074,-55420,121562358500,80586961000,-40975397500,KRX MDCSTAT02401_OUT
weekly,KOSPI200,foreign,028260,삼성물산,995966,854876,-141090,354187738096,305155766096,-49031972000,KRX MDCSTAT02401_OUT
weekly,KOSPI200,foreign,012450,한화에어로스페이스,355182,294805,-60377,370301513000,306468175500,-63833337500,KRX MDCSTAT02401_OUT
weekly,KOSPI200,foreign,042660,한화오션,1458809,654749,-804060,116995935500,52534659950,-64461275550,KRX MDCSTAT02401_OUT
weekly,KOSPI200,foreign,272210,한화시스템,1960470,1104388,-856082,148704831650,83050355150,-65654476500,KRX MDCSTAT02401_OUT
weekly,KOSPI200,foreign,267260,HD현대일렉트릭,290337,192438,-97899,202430282500,134199433500,-68230849000,KRX MDCSTAT02401_OUT
weekly,KOSPI200,foreign,055550,신한지주,2824637,2203037,-621600,314639785800,245765120900,-68874664900,KRX MDCSTAT02401_OUT
weekly,KOSPI200,foreign,028050,삼성E&A,3861366,2418418,-1442948,192198883900,121044137000,-71154746900,KRX MDCSTAT02401_OUT
weekly,KOSPI200,foreign,000150,두산,208025,148464,-59561,300691635948,215624952948,-85066683000,KRX MDCSTAT02401_OUT
weekly,KOSPI200,foreign,001440,대한전선,6183468,3154583,-3028885,191373784250,99566103325,-91807680925,KRX MDCSTAT02401_OUT
weekly,KOSPI200,foreign,047040,대우건설,14081289,8552563,-5528726,254126794810,159190587420,-94936207390,KRX MDCSTAT02401_OUT
weekly,KOSPI200,foreign,105560,KB금융,2322974,1723866,-599108,405214358426,300796864326,-104417494100,KRX MDCSTAT02401_OUT
weekly,KOSPI200,foreign,010140,삼성중공업,8617723,2964205,-5653518,172400305028,59810498163,-112589806865,KRX MDCSTAT02401_OUT
weekly,KOSPI200,foreign,005380,현대차,1334905,773865,-561040,474740998000,275288687250,-199452310750,KRX MDCSTAT02401_OUT
weekly,KOSPI200,foreign,034020,두산에너빌리티,5189110,2020895,-3168215,430132984450,168024891050,-262108093400,KRX MDCSTAT02401_OUT
weekly,KOSPI200,foreign,000660,SK하이닉스,7310423,4219601,-3090822,13348750314123,7758551416123,-5590198898000,KRX MDCSTAT02401_OUT
weekly,KOSPI200,institution,005930,삼성전자,32993353,36429344,3435991,9110193187750,10053132814000,942939626250,KRX MDCSTAT02401_OUT
weekly,KOSPI200,institution,009150,삼성전기,832938,1103470,270532,1247921380500,1651856117000,403934736500,KRX MDCSTAT02401_OUT
weekly,KOSPI200,institution,105560,KB금융,970093,1615543,645450,169283401350,282176623050,112893221700,KRX MDCSTAT02401_OUT
weekly,KOSPI200,institution,011070,LG이노텍,219123,360087,140964,122267002000,203735426500,81468424500,KRX MDCSTAT02401_OUT
weekly,KOSPI200,institution,066570,LG전자,663262,1034664,371402,140254400900,219254453450,79000052550,KRX MDCSTAT02401_OUT
weekly,KOSPI200,institution,034730,SK,148811,278372,129561,86904205500,163122818000,76218612500,KRX MDCSTAT02401_OUT
weekly,KOSPI200,institution,003490,대한항공,2600753,4969313,2368560,80719085100,154043863525,73324778425,KRX MDCSTAT02401_OUT
weekly,KOSPI200,institution,055550,신한지주,1188257,1777413,589156,132321164450,197999429950,65678265500,KRX MDCSTAT02401_OUT
weekly,KOSPI200,institution,007660,이수페타시스,565544,1090900,525356,64422029100,124693659850,60271630750,KRX MDCSTAT02401_OUT
weekly,KOSPI200,institution,042700,한미반도체,435930,623279,187349,104757891500,151299154000,46541262500,KRX MDCSTAT02401_OUT
weekly,KOSPI200,institution,009830,한화솔루션,1345363,2737140,1391777,41111361525,86046360925,44934999400,KRX MDCSTAT02401_OUT
weekly,KOSPI200,institution,000150,두산,78687,105415,26728,113752996500,153188657500,39435661000,KRX MDCSTAT02401_OUT
weekly,KOSPI200,institution,402340,SK스퀘어,716266,744869,28603,811431123500,847457704000,36026580500,KRX MDCSTAT02401_OUT
weekly,KOSPI200,institution,090430,아모레퍼시픽,158680,374868,216188,22668799350,53763645350,31094846000,KRX MDCSTAT02401_OUT
weekly,KOSPI200,institution,096770,SK이노베이션,1154861,1312780,157919,169385601200,195097940050,25712338850,KRX MDCSTAT02401_OUT
weekly,KOSPI200,institution,014680,한솔케미칼,54788,158658,103870,12704478500,37150260750,24445782250,KRX MDCSTAT02401_OUT
weekly,KOSPI200,institution,086790,하나금융지주,796939,970824,173885,107091090500,130570609750,23479519250,KRX MDCSTAT02401_OUT
weekly,KOSPI200,institution,000990,DB하이텍,468425,617000,148575,61342071382,82480186900,21138115518,KRX MDCSTAT02401_OUT
weekly,KOSPI200,institution,272210,한화시스템,863677,1116889,253212,65585404500,85074004250,19488599750,KRX MDCSTAT02401_OUT
weekly,KOSPI200,institution,138040,메리츠금융지주,240348,380127,139779,30969997700,49424324450,18454326750,KRX MDCSTAT02401_OUT
weekly,KOSPI200,institution,005940,NH투자증권,470951,1144563,673612,12296898775,29964626275,17667727500,KRX MDCSTAT02401_OUT
weekly,KOSPI200,institution,016360,삼성증권,293543,483209,189666,26302894700,43436369700,17133475000,KRX MDCSTAT02401_OUT
weekly,KOSPI200,institution,028260,삼성물산,366249,409804,43555,131621408750,147773927750,16152519000,KRX MDCSTAT02401_OUT
weekly,KOSPI200,institution,316140,우리금융지주,1879569,2318722,439153,67624318850,83522034375,15897715525,KRX MDCSTAT02401_OUT
weekly,KOSPI200,institution,000810,삼성화재,70925,93409,22484,46135359000,60813726000,14678367000,KRX MDCSTAT02401_OUT
weekly,KOSPI200,institution,006260,LS,118158,162962,44804,37939454750,52578495000,14639040250,KRX MDCSTAT02401_OUT
weekly,KOSPI200,institution,036570,NC,100180,163411,63231,21229186000,35084189000,13855003000,KRX MDCSTAT02401_OUT
weekly,KOSPI200,institution,032830,삼성생명,283598,327448,43850,82769966500,95757192500,12987226000,KRX MDCSTAT02401_OUT
weekly,KOSPI200,institution,128940,한미약품,89549,112180,22631,45506110500,57425884250,11919773750,KRX MDCSTAT02401_OUT
weekly,KOSPI200,institution,112610,씨에스윈드,179498,395695,216197,9084496850,20181709800,11097212950,KRX MDCSTAT02401_OUT
weekly,KOSPI200,institution,003550,LG,196689,291978,95289,22291643750,33313144900,11021501150,KRX MDCSTAT02401_OUT
weekly,KOSPI200,institution,051900,LG생활건강,58569,94141,35572,17208840500,27557935250,10349094750,KRX MDCSTAT02401_OUT
weekly,KOSPI200,institution,175330,JB금융지주,478211,788876,310665,14606581250,24171507125,9564925875,KRX MDCSTAT02401_OUT
weekly,KOSPI200,institution,035720,카카오,990384,1264391,274007,33413326050,42822210325,9408884275,KRX MDCSTAT02401_OUT
weekly,KOSPI200,institution,028050,삼성E&A,1057757,1221874,164117,52306258900,61317798475,9011539575,KRX MDCSTAT02401_OUT
weekly,KOSPI200,institution,361610,SK아이이테크놀로지,183980,690953,506973,3147704270,11913464465,8765760195,KRX MDCSTAT02401_OUT
weekly,KOSPI200,institution,011170,롯데케미칼,207417,332886,125469,12808240850,20834524600,8026283750,KRX MDCSTAT02401_OUT
weekly,KOSPI200,institution,001430,세아베스틸지주,142046,303516,161470,6330159925,13572830000,7242670075,KRX MDCSTAT02401_OUT
weekly,KOSPI200,institution,032640,LG유플러스,805728,1237464,431736,11763141085,18076280710,6313139625,KRX MDCSTAT02401_OUT
weekly,KOSPI200,institution,010950,S-Oil,407927,441280,33353,63149290050,69432663750,6283373700,KRX MDCSTAT02401_OUT
weekly,KOSPI200,institution,007340,DN오토모티브,170826,285555,114729,8384289950,14063406050,5679116100,KRX MDCSTAT02401_OUT
weekly,KOSPI200,institution,079550,LIG디펜스앤에어로스페이스,126759,131901,5142,89705969500,94934996000,5229026500,KRX MDCSTAT02401_OUT
weekly,KOSPI200,institution,024110,기업은행,611096,844220,233124,12461974690,17216485645,4754510955,KRX MDCSTAT02401_OUT
weekly,KOSPI200,institution,036460,한국가스공사,124855,243077,118222,4404907000,8657657600,4252750600,KRX MDCSTAT02401_OUT
weekly,KOSPI200,institution,021240,코웨이,194008,234123,40115,19342303600,23555626600,4213323000,KRX MDCSTAT02401_OUT
weekly,KOSPI200,institution,008930,한미사이언스,68651,146104,77453,3528975950,7525422150,3996446200,KRX MDCSTAT02401_OUT
weekly,KOSPI200,institution,180640,한진칼,75846,104036,28190,10541624950,14518295250,3976670300,KRX MDCSTAT02401_OUT
weekly,KOSPI200,institution,011200,HMM,499052,678729,179677,10496814375,14301497250,3804682875,KRX MDCSTAT02401_OUT
weekly,KOSPI200,institution,017800,현대엘리베이터,102538,149814,47276,7560999350,11053095800,3492096450,KRX MDCSTAT02401_OUT
weekly,KOSPI200,institution,323410,카카오뱅크,730430,894710,164280,14711792055,18077624325,3365832270,KRX MDCSTAT02401_OUT
weekly,KOSPI200,institution,011790,SKC,133901,170213,36312,12050662700,15334072500,3283409800,KRX MDCSTAT02401_OUT
weekly,KOSPI200,institution,103140,풍산,74513,113065,38552,5804136850,8854446450,3050309600,KRX MDCSTAT02401_OUT
weekly,KOSPI200,institution,005830,DB손해보험,193162,207701,14539,36109660400,39084111500,2974451100,KRX MDCSTAT02401_OUT
weekly,KOSPI200,institution,071050,한국금융지주,249986,262552,12566,45971401950,48708162850,2736760900,KRX MDCSTAT02401_OUT
weekly,KOSPI200,institution,377300,카카오페이,158248,221394,63146,6387743850,9081936525,2694192675,KRX MDCSTAT02401_OUT
weekly,KOSPI200,institution,139130,iM금융지주,408184,552261,144077,7436669965,10097319215,2660649250,KRX MDCSTAT02401_OUT
weekly,KOSPI200,institution,009240,한샘,12274,74163,61889,489599950,2955462725,2465862775,KRX MDCSTAT02401_OUT
weekly,KOSPI200,institution,068270,셀트리온,443381,453955,10574,79158404950,81282290000,2123885050,KRX MDCSTAT02401_OUT
weekly,KOSPI200,institution,012750,에스원,70384,94284,23900,5834993700,7830369250,1995375550,KRX MDCSTAT02401_OUT
weekly,KOSPI200,institution,004990,롯데지주,79619,161172,81553,1941714375,3928440125,1986725750,KRX MDCSTAT02401_OUT
weekly,KOSPI200,institution,139480,이마트,49293,73635,24342,3559692200,5325209400,1765517200,KRX MDCSTAT02401_OUT
weekly,KOSPI200,institution,483650,달바글로벌,144239,150824,6585,26224191850,27757275150,1533083300,KRX MDCSTAT02401_OUT
weekly,KOSPI200,institution,071320,지역난방공사,6540,23813,17273,511224050,1862659400,1351435350,KRX MDCSTAT02401_OUT
weekly,KOSPI200,institution,047050,포스코인터내셔널,644378,657507,13129,36000382350,37316717400,1316335050,KRX MDCSTAT02401_OUT
weekly,KOSPI200,institution,000240,한국앤컴퍼니,97388,146287,48899,2404502800,3614266350,1209763550,KRX MDCSTAT02401_OUT
weekly,KOSPI200,institution,028670,팬오션,2050552,2198609,148057,11717115930,12666820880,949704950,KRX MDCSTAT02401_OUT
weekly,KOSPI200,institution,000670,영풍,74004,85990,11986,3237312175,3717483575,480171400,KRX MDCSTAT02401_OUT
weekly,KOSPI200,institution,018880,한온시스템,1530820,1656970,126150,5020878407,5468794093,447915686,KRX MDCSTAT02401_OUT
weekly,KOSPI200,institution,034230,파라다이스,101859,148252,46393,973246875,1420187320,446940445,KRX MDCSTAT02401_OUT
weekly,KOSPI200,institution,002030,아세아,2033,4047,2014,424724500,850559000,425834500,KRX MDCSTAT02401_OUT
weekly,KOSPI200,institution,069260,TKG휴켐스,49643,73858,24215,805269925,1198587075,393317150,KRX MDCSTAT02401_OUT
weekly,KOSPI200,institution,001680,대상,55930,76225,20295,1005739375,1376050165,370310790,KRX MDCSTAT02401_OUT
weekly,KOSPI200,institution,002790,아모레퍼시픽홀딩스,66429,79893,13464,1757104825,2121127575,364022750,KRX MDCSTAT02401_OUT
weekly,KOSPI200,institution,026960,동서,75924,87418,11494,1936624875,2236418100,299793225,KRX MDCSTAT02401_OUT
weekly,KOSPI200,institution,030000,제일기획,279612,294151,14539,4936153965,5190864170,254710205,KRX MDCSTAT02401_OUT
weekly,KOSPI200,institution,081660,미스토홀딩스,151814,158010,6196,5761728525,6015621050,253892525,KRX MDCSTAT02401_OUT
weekly,KOSPI200,institution,008730,율촌화학,28758,42005,13247,425042610,622789565,197746955,KRX MDCSTAT02401_OUT
weekly,KOSPI200,institution,005420,코스모화학,87765,104389,16624,897894065,1073981915,176087850,KRX MDCSTAT02401_OUT
weekly,KOSPI200,institution,192820,코스맥스,101724,101905,181,27621773750,27794918250,173144500,KRX MDCSTAT02401_OUT
weekly,KOSPI200,institution,280360,롯데웰푸드,24064,25144,1080,3023618200,3170570700,146952500,KRX MDCSTAT02401_OUT
weekly,KOSPI200,institution,069620,대웅제약,19770,21014,1244,2124212600,2260430050,136217450,KRX MDCSTAT02401_OUT
weekly,KOSPI200,institution,007310,오뚜기,3342,3750,408,1050428500,1183883000,133454500,KRX MDCSTAT02401_OUT
weekly,KOSPI200,institution,035250,강원랜드,330281,339295,9014,4744312770,4875839965,131527195,KRX MDCSTAT02401_OUT
weekly,KOSPI200,institution,003240,태광산업,1439,1538,99,1293619500,1385784000,92164500,KRX MDCSTAT02401_OUT
weekly,KOSPI200,institution,137310,에스디바이오센서,73989,87901,13912,450474045,536908135,86434090,KRX MDCSTAT02401_OUT
weekly,KOSPI200,institution,005300,롯데칠성,8724,9365,641,831877450,892815450,60938000,KRX MDCSTAT02401_OUT
weekly,KOSPI200,institution,014820,동원시스템즈,33808,35465,1657,709882125,747296500,37414375,KRX MDCSTAT02401_OUT
weekly,KOSPI200,institution,300720,한일시멘트,66922,67494,572,1082586075,1092429925,9843850,KRX MDCSTAT02401_OUT
weekly,KOSPI200,institution,000080,하이트진로,99197,98818,-379,1490914375,1487092935,-3821440,KRX MDCSTAT02401_OUT
weekly,KOSPI200,institution,002840,미원상사,2768,2683,-85,376067250,366101200,-9966050,KRX MDCSTAT02401_OUT
weekly,KOSPI200,institution,268280,미원에스씨,2024,1938,-86,266366900,256179450,-10187450,KRX MDCSTAT02401_OUT
weekly,KOSPI200,institution,001800,오리온홀딩스,67514,65379,-2135,1613631575,1566252875,-47378700,KRX MDCSTAT02401_OUT
weekly,KOSPI200,institution,051600,한전KPS,116687,114328,-2359,5350807000,5280546975,-70260025,KRX MDCSTAT02401_OUT
weekly,KOSPI200,institution,007700,F&F홀딩스,9908,4196,-5712,132677930,56438450,-76239480,KRX MDCSTAT02401_OUT
weekly,KOSPI200,institution,003090,대웅,99729,94568,-5161,1579185965,1501858105,-77327860,KRX MDCSTAT02401_OUT
weekly,KOSPI200,institution,298050,HS효성첨단소재,11362,10660,-702,1830111150,1723629250,-106481900,KRX MDCSTAT02401_OUT
weekly,KOSPI200,institution,004370,농심,23259,22864,-395,9210138000,9085432000,-124706000,KRX MDCSTAT02401_OUT
weekly,KOSPI200,institution,009970,영원무역홀딩스,11848,10711,-1137,1963938950,1782575750,-181363200,KRX MDCSTAT02401_OUT
weekly,KOSPI200,institution,185750,종근당,15545,12218,-3327,1004105850,790408400,-213697450,KRX MDCSTAT02401_OUT
weekly,KOSPI200,institution,047810,한국항공우주,217910,215373,-2537,28073226600,27784936050,-288290550,KRX MDCSTAT02401_OUT
weekly,KOSPI200,institution,326030,SK바이오팜,73420,68865,-4555,5592787050,5280007550,-312779500,KRX MDCSTAT02401_OUT
weekly,KOSPI200,institution,000880,한화,61819,59412,-2407,8086958500,7760977950,-325980550,KRX MDCSTAT02401_OUT
weekly,KOSPI200,institution,011210,현대위아,37589,31070,-6519,2007321100,1662449850,-344871250,KRX MDCSTAT02401_OUT
weekly,KOSPI200,institution,022100,포스코DX,229847,211231,-18616,4632401985,4277479215,-354922770,KRX MDCSTAT02401_OUT
weekly,KOSPI200,institution,111770,영원무역,52119,46792,-5327,3692043450,3331147850,-360895600,KRX MDCSTAT02401_OUT
weekly,KOSPI200,institution,457190,이수스페셜티케미컬,98933,92622,-6311,6389306300,6010999050,-378307250,KRX MDCSTAT02401_OUT
weekly,KOSPI200,institution,006040,동원산업,35556,23978,-11578,1253667875,849572800,-404095075,KRX MDCSTAT02401_OUT
weekly,KOSPI200,institution,003030,세아제강지주,48787,44056,-4731,5145839050,4730009650,-415829400,KRX MDCSTAT02401_OUT
weekly,KOSPI200,institution,030200,KT,620570,609936,-10634,32856512800,32340260350,-516252450,KRX MDCSTAT02401_OUT
weekly,KOSPI200,institution,302440,SK바이오사이언스,90459,71988,-18471,3238068925,2582300425,-655768500,KRX MDCSTAT02401_OUT
weekly,KOSPI200,institution,267260,HD현대일렉트릭,87677,86575,-1102,61780541500,61121462000,-659079500,KRX MDCSTAT02401_OUT
weekly,KOSPI200,institution,073240,금호타이어,511692,406435,-105257,3456727090,2750558235,-706168855,KRX MDCSTAT02401_OUT
weekly,KOSPI200,institution,006280,녹십자,25786,17221,-8565,3183132500,2131375450,-1051757050,KRX MDCSTAT02401_OUT
weekly,KOSPI200,institution,034220,LG디스플레이,1006598,876214,-130384,8523046960,7440069610,-1082977350,KRX MDCSTAT02401_OUT
weekly,KOSPI200,institution,000210,DL,92093,70039,-22054,4724540350,3623394650,-1101145700,KRX MDCSTAT02401_OUT
weekly,KOSPI200,institution,454910,두산로보틱스,129740,112468,-17272,9056277750,7878589250,-1177688500,KRX MDCSTAT02401_OUT
weekly,KOSPI200,institution,192080,더블유게임즈,67040,45249,-21791,3913835650,2645637200,-1268198450,KRX MDCSTAT02401_OUT
weekly,KOSPI200,institution,008770,호텔신라,108005,75516,-32489,4347206275,3048501225,-1298705050,KRX MDCSTAT02401_OUT
weekly,KOSPI200,institution,251270,넷마블,173912,135005,-38907,6027370700,4687607325,-1339763375,KRX MDCSTAT02401_OUT
weekly,KOSPI200,institution,282330,BGF리테일,57575,47087,-10488,7640181000,6284282200,-1355898800,KRX MDCSTAT02401_OUT
weekly,KOSPI200,institution,271560,오리온,83739,68421,-15318,9267372850,7591577550,-1675795300,KRX MDCSTAT02401_OUT
weekly,KOSPI200,institution,004000,롯데정밀화학,76472,37252,-39220,3334318625,1632387675,-1701930950,KRX MDCSTAT02401_OUT
weekly,KOSPI200,institution,443060,HD현대마린솔루션,89644,81490,-8154,21176764000,19357514250,-1819249750,KRX MDCSTAT02401_OUT
weekly,KOSPI200,institution,285130,SK케미칼,96690,59831,-36859,4852017300,3022629925,-1829387375,KRX MDCSTAT02401_OUT
weekly,KOSPI200,institution,0126Z0,삼성에피스홀딩스,18095,12424,-5671,5988839000,4139980500,-1848858500,KRX MDCSTAT02401_OUT
weekly,KOSPI200,institution,039490,키움증권,89946,81819,-8127,23366233750,21430514500,-1935719250,KRX MDCSTAT02401_OUT
weekly,KOSPI200,institution,005850,에스엘,106669,65926,-40743,5227679700,3269724075,-1957955625,KRX MDCSTAT02401_OUT
weekly,KOSPI200,institution,000120,CJ대한통운,57266,29158,-28108,4039022400,2058159300,-1980863100,KRX MDCSTAT02401_OUT
weekly,KOSPI200,institution,002380,KCC,20575,16233,-4342,9673379000,7650527500,-2022851500,KRX MDCSTAT02401_OUT
weekly,KOSPI200,institution,450080,에코프로머티,368022,300661,-67361,12791980800,10517620200,-2274360600,KRX MDCSTAT02401_OUT
weekly,KOSPI200,institution,017960,한국카본,188922,74842,-114080,3828494560,1524575305,-2303919255,KRX MDCSTAT02401_OUT
weekly,KOSPI200,institution,138930,BNK금융지주,856451,703772,-152679,13621463175,11253118220,-2368344955,KRX MDCSTAT02401_OUT
weekly,KOSPI200,institution,097950,CJ제일제당,75664,61716,-13948,13307744300,10918699450,-2389044850,KRX MDCSTAT02401_OUT
weekly,KOSPI200,institution,088350,한화생명,2606872,2142776,-464096,14847571300,12293131525,-2554439775,KRX MDCSTAT02401_OUT
weekly,KOSPI200,institution,375500,DL이앤씨,435564,395928,-39636,35475570400,32879114400,-2596456000,KRX MDCSTAT02401_OUT
weekly,KOSPI200,institution,066970,엘앤에프,672346,639687,-32659,73281965750,70578759300,-2703206450,KRX MDCSTAT02401_OUT
weekly,KOSPI200,institution,006800,미래에셋증권,1348719,1239744,-108975,43492420175,40515820950,-2976599225,KRX MDCSTAT02401_OUT
weekly,KOSPI200,institution,006650,대한유화,61962,27600,-34362,5785885150,2624633250,-3161251900,KRX MDCSTAT02401_OUT
weekly,KOSPI200,institution,241560,두산밥캣,173806,117204,-56602,9946534100,6747659600,-3198874500,KRX MDCSTAT02401_OUT
weekly,KOSPI200,institution,161890,한국콜마,200951,177955,-22996,29504807300,26164418100,-3340389200,KRX MDCSTAT02401_OUT
weekly,KOSPI200,institution,018260,삼성에스디에스,123426,106916,-16510,27235823000,23794460250,-3441362750,KRX MDCSTAT02401_OUT
weekly,KOSPI200,institution,307950,현대오토에버,58325,46801,-11524,21657268750,17726830500,-3930438250,KRX MDCSTAT02401_OUT
weekly,KOSPI200,institution,120110,코오롱인더,181673,108521,-73152,9992263600,6032123150,-3960140450,KRX MDCSTAT02401_OUT
weekly,KOSPI200,institution,007070,GS리테일,313924,121037,-192887,7208693775,2777735450,-4430958325,KRX MDCSTAT02401_OUT
weekly,KOSPI200,institution,051910,LG화학,271952,253025,-18927,69594402250,64996225500,-4598176750,KRX MDCSTAT02401_OUT
weekly,KOSPI200,institution,011780,금호석유화학,72403,32850,-39553,8485316450,3864403000,-4620913450,KRX MDCSTAT02401_OUT
weekly,KOSPI200,institution,064400,LG씨엔에스,255587,187484,-68103,17918853100,13189025900,-4729827200,KRX MDCSTAT02401_OUT
weekly,KOSPI200,institution,204320,HL만도,201834,95941,-105893,9352426150,4450165600,-4902260550,KRX MDCSTAT02401_OUT
weekly,KOSPI200,institution,003670,포스코퓨처엠,517818,485028,-32790,93498043550,88495399400,-5002644150,KRX MDCSTAT02401_OUT
weekly,KOSPI200,institution,001040,CJ,132930,92402,-40528,17519645700,12262058150,-5257587550,KRX MDCSTAT02401_OUT
weekly,KOSPI200,institution,000100,유한양행,284395,207139,-77256,21076786750,15423931800,-5652854950,KRX MDCSTAT02401_OUT
weekly,KOSPI200,institution,298020,효성티앤씨,33355,11789,-21566,9947559000,3602876750,-6344682250,KRX MDCSTAT02401_OUT
weekly,KOSPI200,institution,010060,OCI홀딩스,349040,308124,-40916,71382482100,65017331250,-6365150850,KRX MDCSTAT02401_OUT
weekly,KOSPI200,institution,161390,한국타이어앤테크놀로지,313242,191166,-122076,18122335800,11152702150,-6969633650,KRX MDCSTAT02401_OUT
weekly,KOSPI200,institution,259960,크래프톤,114519,78122,-36397,22855902000,15633813850,-7222088150,KRX MDCSTAT02401_OUT
weekly,KOSPI200,institution,029780,삼성카드,274889,104126,-170763,11786436350,4471004300,-7315432050,KRX MDCSTAT02401_OUT
weekly,KOSPI200,institution,071970,HD현대마린엔진,264556,103601,-160955,12911880700,5154645875,-7757234825,KRX MDCSTAT02401_OUT
weekly,KOSPI200,institution,267250,HD현대,180200,137007,-43193,37307128750,28452202000,-8854926750,KRX MDCSTAT02401_OUT
weekly,KOSPI200,institution,064350,현대로템,382602,297102,-85500,44803017800,34730538000,-10072479800,KRX MDCSTAT02401_OUT
weekly,KOSPI200,institution,012450,한화에어로스페이스,146028,134394,-11634,151942523000,140863327000,-11079196000,KRX MDCSTAT02401_OUT
weekly,KOSPI200,institution,069960,현대백화점,165593,44533,-121060,15367988100,4260904550,-11107083550,KRX MDCSTAT02401_OUT
weekly,KOSPI200,institution,001450,현대해상,623991,383574,-240417,30059995400,18714283050,-11345712350,KRX MDCSTAT02401_OUT
weekly,KOSPI200,institution,001440,대한전선,1329195,957293,-371902,41411704200,29715390200,-11696314000,KRX MDCSTAT02401_OUT
weekly,KOSPI200,institution,009540,HD한국조선해양,182819,146529,-36290,60960444750,48969102500,-11991342250,KRX MDCSTAT02401_OUT
weekly,KOSPI200,institution,093370,후성,1789586,915882,-873704,24938143465,12825153810,-12112989655,KRX MDCSTAT02401_OUT
weekly,KOSPI200,institution,009420,한올바이오파마,505606,219115,-286491,22612697200,9881196575,-12731500625,KRX MDCSTAT02401_OUT
weekly,KOSPI200,institution,023530,롯데쇼핑,215507,89563,-125944,23091561550,9566819050,-13524742500,KRX MDCSTAT02401_OUT
weekly,KOSPI200,institution,010120,LS ELECTRIC,410638,340370,-70268,84967408500,70715259000,-14252149500,KRX MDCSTAT02401_OUT
weekly,KOSPI200,institution,062040,산일전기,214770,141351,-73419,43722979950,29125082950,-14597897000,KRX MDCSTAT02401_OUT
weekly,KOSPI200,institution,004020,현대제철,1275417,785373,-490044,41116520925,25923870675,-15192650250,KRX MDCSTAT02401_OUT
weekly,KOSPI200,institution,004170,신세계,107955,57528,-50427,37774764000,20300482000,-17474282000,KRX MDCSTAT02401_OUT
weekly,KOSPI200,institution,033780,KT&G,361662,255787,-105875,62898890450,44661625950,-18237264500,KRX MDCSTAT02401_OUT
weekly,KOSPI200,institution,010130,고려아연,36443,17781,-18662,39519115500,19565598500,-19953517000,KRX MDCSTAT02401_OUT
weekly,KOSPI200,institution,278470,에이피알,219208,162962,-56246,79733635750,59694962250,-20038673500,KRX MDCSTAT02401_OUT
weekly,KOSPI200,institution,082740,한화엔진,756293,323160,-433133,36425207800,15771837525,-20653370275,KRX MDCSTAT02401_OUT
weekly,KOSPI200,institution,352820,하이브,348431,213053,-135378,55556056150,34163467200,-21392588950,KRX MDCSTAT02401_OUT
weekly,KOSPI200,institution,012330,현대모비스,313696,255157,-58539,116662143000,95208882250,-21453260750,KRX MDCSTAT02401_OUT
weekly,KOSPI200,institution,052690,한전기술,537750,347662,-190088,69944074450,46041612900,-23902461550,KRX MDCSTAT02401_OUT
weekly,KOSPI200,institution,015760,한국전력,2439411,1539384,-900027,74317943800,47192846500,-27125097300,KRX MDCSTAT02401_OUT
weekly,KOSPI200,institution,086280,현대글로비스,275509,136488,-139021,54798305150,27281509050,-27516796100,KRX MDCSTAT02401_OUT
weekly,KOSPI200,institution,207940,삼성바이오로직스,63856,43299,-20557,88471740500,60087561000,-28384179500,KRX MDCSTAT02401_OUT
weekly,KOSPI200,institution,373220,LG에너지솔루션,533175,448514,-84661,188515300750,159551921500,-28963379250,KRX MDCSTAT02401_OUT
weekly,KOSPI200,institution,267270,HD건설기계,420594,194232,-226362,55269146300,26016450050,-29252696250,KRX MDCSTAT02401_OUT
weekly,KOSPI200,institution,298040,효성중공업,43238,32270,-10968,123671801500,92893693500,-30778108000,KRX MDCSTAT02401_OUT
weekly,KOSPI200,institution,005490,POSCO홀딩스,355332,249455,-105877,111171049000,78255031250,-32916017750,KRX MDCSTAT02401_OUT
weekly,KOSPI200,institution,017670,SK텔레콤,1051522,653615,-397907,91467200250,56960288550,-34506911700,KRX MDCSTAT02401_OUT
weekly,KOSPI200,institution,010140,삼성중공업,3440559,1674198,-1766361,68763925860,33758199200,-35005726660,KRX MDCSTAT02401_OUT
weekly,KOSPI200,institution,078930,GS,864874,532670,-332204,95608516700,59462918200,-36145598500,KRX MDCSTAT02401_OUT
weekly,KOSPI200,institution,047040,대우건설,6508481,4095236,-2413245,117213298925,75810004195,-41403294730,KRX MDCSTAT02401_OUT
weekly,KOSPI200,institution,003230,삼양식품,69529,33052,-36477,86241710000,41161107000,-45080603000,KRX MDCSTAT02401_OUT
weekly,KOSPI200,institution,042660,한화오션,975225,387255,-587970,78238811500,31243229000,-46995582500,KRX MDCSTAT02401_OUT
weekly,KOSPI200,institution,005380,현대차,707812,555056,-152756,252126651750,198276211500,-53850440250,KRX MDCSTAT02401_OUT
weekly,KOSPI200,institution,000270,기아,1196356,724339,-472017,140430442350,85258818650,-55171623700,KRX MDCSTAT02401_OUT
weekly,KOSPI200,institution,000720,현대건설,1294506,796828,-497678,159565877600,100183294000,-59382583600,KRX MDCSTAT02401_OUT
weekly,KOSPI200,institution,329180,HD현대중공업,361202,187509,-173693,159603440750,83504740000,-76098700750,KRX MDCSTAT02401_OUT
weekly,KOSPI200,institution,035420,NAVER,1297127,697972,-599155,255425491550,138456352500,-116969139050,KRX MDCSTAT02401_OUT
weekly,KOSPI200,institution,006400,삼성SDI,596377,369608,-226769,312287950500,194221073000,-118066877500,KRX MDCSTAT02401_OUT
weekly,KOSPI200,institution,034020,두산에너빌리티,3801354,2198447,-1602907,315074152800,183732154800,-131341998000,KRX MDCSTAT02401_OUT
weekly,KOSPI200,institution,000660,SK하이닉스,4174020,4001152,-172868,7648294181000,7348267989000,-300026192000,KRX MDCSTAT02401_OUT
weekly,KOSDAQ150,foreign,222800,심텍,1080058,1668756,588698,160124931000,245600319250,85475388250,KRX MDCSTAT02401_OUT
weekly,KOSDAQ150,foreign,036540,SFA반도체,8406423,15089866,6683443,88675920200,158692171100,70016250900,KRX MDCSTAT02401_OUT
weekly,KOSDAQ150,foreign,036930,주성엔지니어링,983973,1292161,308188,205572324500,271517134250,65944809750,KRX MDCSTAT02401_OUT
weekly,KOSDAQ150,foreign,403870,HPSP,2200799,3134395,933596,125536414950,179716108150,54179693200,KRX MDCSTAT02401_OUT
weekly,KOSDAQ150,foreign,095610,테스,194159,479357,285198,31166388100,75904923500,44738535400,KRX MDCSTAT02401_OUT
weekly,KOSDAQ150,foreign,067310,하나마이크론,3400158,4219447,819289,153628294875,189277711250,35649416375,KRX MDCSTAT02401_OUT
weekly,KOSDAQ150,foreign,298380,에이비엘바이오,639716,1092648,452932,32731689850,56030313825,23298623975,KRX MDCSTAT02401_OUT
weekly,KOSDAQ150,foreign,089030,테크윙,705403,1178146,472743,34430598300,57542077400,23111479100,KRX MDCSTAT02401_OUT
weekly,KOSDAQ150,foreign,098460,고영,1297210,1984373,687163,37990962100,58350725800,20359763700,KRX MDCSTAT02401_OUT
weekly,KOSDAQ150,foreign,247540,에코프로비엠,575967,718073,142106,61134342900,76355472650,15221129750,KRX MDCSTAT02401_OUT
weekly,KOSDAQ150,foreign,214450,파마리서치,75592,115585,39993,24361837750,37093174250,12731336500,KRX MDCSTAT02401_OUT
weekly,KOSDAQ150,foreign,241710,코스메카코리아,99780,199801,100021,12731950700,25357543900,12625593200,KRX MDCSTAT02401_OUT
weekly,KOSDAQ150,foreign,257720,실리콘투,804737,1097471,292734,31762953975,43943590150,12180636175,KRX MDCSTAT02401_OUT
weekly,KOSDAQ150,foreign,226950,올릭스,239881,352463,112582,25153027000,37157033900,12004006900,KRX MDCSTAT02401_OUT
weekly,KOSDAQ150,foreign,031980,피에스케이홀딩스,128576,192741,64165,21320949200,32372480550,11051531350,KRX MDCSTAT02401_OUT
weekly,KOSDAQ150,foreign,096530,씨젠,354628,620664,266036,12114608196,21184213921,9069605725,KRX MDCSTAT02401_OUT
weekly,KOSDAQ150,foreign,053800,안랩,163064,273780,110716,11884175800,19831095900,7946920100,KRX MDCSTAT02401_OUT
weekly,KOSDAQ150,foreign,232140,와이씨,6058050,6666733,608683,86369368760,93999807715,7630438955,KRX MDCSTAT02401_OUT
weekly,KOSDAQ150,foreign,043260,성호전자,3352065,3589915,237850,88468455200,94685305650,6216850450,KRX MDCSTAT02401_OUT
weekly,KOSDAQ150,foreign,131290,티에스이,125737,144748,19011,34560413000,40552117500,5991704500,KRX MDCSTAT02401_OUT
weekly,KOSDAQ150,foreign,347850,디앤디파마텍,584773,723946,139173,25651892075,31583138525,5931246450,KRX MDCSTAT02401_OUT
weekly,KOSDAQ150,foreign,078600,대주전자재료,230623,273022,42399,20559949900,24735313700,4175363800,KRX MDCSTAT02401_OUT
weekly,KOSDAQ150,foreign,086520,에코프로,674934,718261,43327,53842658150,57750620350,3907962200,KRX MDCSTAT02401_OUT
weekly,KOSDAQ150,foreign,437730,삼현,860895,933070,72175,47038563400,50792084700,3753521300,KRX MDCSTAT02401_OUT
weekly,KOSDAQ150,foreign,323280,태성,610727,663787,53060,29731633525,32811206625,3079573100,KRX MDCSTAT02401_OUT
weekly,KOSDAQ150,foreign,006730,서부T&D,375541,647254,271713,4100002865,7166643115,3066640250,KRX MDCSTAT02401_OUT
weekly,KOSDAQ150,foreign,039030,이오테크닉스,124143,130658,6515,59694562500,62407631500,2713069000,KRX MDCSTAT02401_OUT
weekly,KOSDAQ150,foreign,074600,원익QnC,192113,277382,85269,5562306525,8009545800,2447239275,KRX MDCSTAT02401_OUT
weekly,KOSDAQ150,foreign,237690,에스티팜,89116,115399,26283,8206786450,10636830050,2430043600,KRX MDCSTAT02401_OUT
weekly,KOSDAQ150,foreign,080220,제주반도체,1032283,1062595,30312,79029230750,81437225450,2407994700,KRX MDCSTAT02401_OUT
weekly,KOSDAQ150,foreign,290650,엘앤씨바이오,165940,215209,49269,7723909725,10053259000,2329349275,KRX MDCSTAT02401_OUT
weekly,KOSDAQ150,foreign,078340,컴투스,135267,197789,62522,4838929250,7108189525,2269260275,KRX MDCSTAT02401_OUT
weekly,KOSDAQ150,foreign,014620,성광벤드,246786,320927,74141,7916620800,10136476825,2219856025,KRX MDCSTAT02401_OUT
weekly,KOSDAQ150,foreign,399720,가온칩스,202633,250591,47958,9361856100,11501162375,2139306275,KRX MDCSTAT02401_OUT
weekly,KOSDAQ150,foreign,293490,카카오게임즈,362275,582224,219949,3341758065,5412268135,2070510070,KRX MDCSTAT02401_OUT
weekly,KOSDAQ150,foreign,007390,네이처셀,265454,333517,68063,6531152275,8349366300,1818214025,KRX MDCSTAT02401_OUT
weekly,KOSDAQ150,foreign,183300,코미코,881264,938147,56883,27952599075,29770440875,1817841800,KRX MDCSTAT02401_OUT
weekly,KOSDAQ150,foreign,025980,아난티,2007654,2378528,370874,10421463762,12199316289,1777852527,KRX MDCSTAT02401_OUT
weekly,KOSDAQ150,foreign,161580,필옵틱스,777083,823339,46256,28005858375,29695337200,1689478825,KRX MDCSTAT02401_OUT
weekly,KOSDAQ150,foreign,171090,선익시스템,58932,80524,21592,4130355350,5728899600,1598544250,KRX MDCSTAT02401_OUT
weekly,KOSDAQ150,foreign,445680,큐리옥스바이오시스템즈,127838,160132,32294,6393583100,7943132250,1549549150,KRX MDCSTAT02401_OUT
weekly,KOSDAQ150,foreign,052400,코나아이,48074,88680,40606,1821002600,3368206325,1547203725,KRX MDCSTAT02401_OUT
weekly,KOSDAQ150,foreign,0009K0,에임드바이오,208110,275352,67242,4482630800,5940825650,1458194850,KRX MDCSTAT02401_OUT
weekly,KOSDAQ150,foreign,068760,셀트리온제약,93628,127579,33951,3643926950,4986202400,1342275450,KRX MDCSTAT02401_OUT
weekly,KOSDAQ150,foreign,033100,제룡전기,93036,120788,27752,4425813500,5767545075,1341731575,KRX MDCSTAT02401_OUT
weekly,KOSDAQ150,foreign,124500,아이티센글로벌,194100,241261,47161,5781334350,7110865450,1329531100,KRX MDCSTAT02401_OUT
weekly,KOSDAQ150,foreign,084370,유진테크,386664,398507,11843,60015078500,61316694300,1301615800,KRX MDCSTAT02401_OUT
weekly,KOSDAQ150,foreign,141080,리가켐바이오,264045,278510,14465,21322373450,22485526800,1163153350,KRX MDCSTAT02401_OUT
weekly,KOSDAQ150,foreign,112040,위메이드,139359,207863,68504,2126383210,3187606655,1061223445,KRX MDCSTAT02401_OUT
weekly,KOSDAQ150,foreign,348210,넥스틴,78512,107020,28508,2631963425,3593887850,961924425,KRX MDCSTAT02401_OUT
weekly,KOSDAQ150,foreign,003380,하림지주,406305,490294,83989,4442289760,5383432760,941143000,KRX MDCSTAT02401_OUT
weekly,KOSDAQ150,foreign,213420,덕산네오룩스,168810,200044,31234,4941553100,5853658125,912105025,KRX MDCSTAT02401_OUT
weekly,KOSDAQ150,foreign,215200,메가스터디교육,127209,145953,18744,4627878100,5314879250,687001150,KRX MDCSTAT02401_OUT
weekly,KOSDAQ150,foreign,056190,SFA,166135,190352,24217,4730261175,5382109400,651848225,KRX MDCSTAT02401_OUT
weekly,KOSDAQ150,foreign,278280,천보,66399,83348,16949,2331956525,2931423300,599466775,KRX MDCSTAT02401_OUT
weekly,KOSDAQ150,foreign,030520,한컴,173531,204010,30479,2951538600,3514024870,562486270,KRX MDCSTAT02401_OUT
weekly,KOSDAQ150,foreign,194480,데브시스터즈,46590,85002,38412,665030420,1217117970,552087550,KRX MDCSTAT02401_OUT
weekly,KOSDAQ150,foreign,060250,NHN KCP,297972,338395,40423,3981488120,4532105705,550617585,KRX MDCSTAT02401_OUT
weekly,KOSDAQ150,foreign,036830,솔브레인홀딩스,95000,108618,13618,3839156675,4388261275,549104600,KRX MDCSTAT02401_OUT
weekly,KOSDAQ150,foreign,025320,시노펙스,653950,780989,127039,2482456828,2959157202,476700374,KRX MDCSTAT02401_OUT
weekly,KOSDAQ150,foreign,032190,다우데이타,84894,108301,23407,1674186265,2147095930,472909665,KRX MDCSTAT02401_OUT
weekly,KOSDAQ150,foreign,214370,케어젠,109776,121239,11463,4407860125,4870665425,462805300,KRX MDCSTAT02401_OUT
weekly,KOSDAQ150,foreign,030530,원익홀딩스,2558972,2577131,18159,71858934750,72284294575,425359825,KRX MDCSTAT02401_OUT
weekly,KOSDAQ150,foreign,376300,디어유,134308,155071,20763,2327147925,2717268410,390120485,KRX MDCSTAT02401_OUT
weekly,KOSDAQ150,foreign,036620,감성코퍼레이션,344067,440524,96457,1269407441,1620504390,351096949,KRX MDCSTAT02401_OUT
weekly,KOSDAQ150,foreign,388720,유일로보틱스,23808,28050,4242,1634713050,1925181800,290468750,KRX MDCSTAT02401_OUT
weekly,KOSDAQ150,foreign,348370,엔켐,575302,586277,10975,10757229075,11022910295,265681220,KRX MDCSTAT02401_OUT
weekly,KOSDAQ150,foreign,042000,카페24,607107,634939,27832,10919383835,11157635845,238252010,KRX MDCSTAT02401_OUT
weekly,KOSDAQ150,foreign,082270,젬백스,242444,262022,19578,2508902380,2728951325,220048945,KRX MDCSTAT02401_OUT
weekly,KOSDAQ150,foreign,166090,하나머티리얼즈,172449,176269,3820,9958088600,10176120900,218032300,KRX MDCSTAT02401_OUT
weekly,KOSDAQ150,foreign,090360,로보스타,115105,116425,1320,8978619350,9176851950,198232600,KRX MDCSTAT02401_OUT
weekly,KOSDAQ150,foreign,272290,이녹스첨단소재,154828,163189,8361,3265950125,3440772575,174822450,KRX MDCSTAT02401_OUT
weekly,KOSDAQ150,foreign,033500,동성화인텍,182947,195643,12696,2943280200,3110062470,166782270,KRX MDCSTAT02401_OUT
weekly,KOSDAQ150,foreign,065350,신성델타테크,149484,151006,1522,4619797400,4702582850,82785450,KRX MDCSTAT02401_OUT
weekly,KOSDAQ150,foreign,196170,알테오젠,311404,312828,1424,78848774250,78931387500,82613250,KRX MDCSTAT02401_OUT
weekly,KOSDAQ150,foreign,211050,인카금융서비스,116290,125089,8799,1163243700,1240256560,77012860,KRX MDCSTAT02401_OUT
weekly,KOSDAQ150,foreign,025900,동화기업,67098,75937,8839,457476150,519454090,61977940,KRX MDCSTAT02401_OUT
weekly,KOSDAQ150,foreign,009520,포스코엠텍,158056,162667,4611,1966292130,2025415365,59123235,KRX MDCSTAT02401_OUT
weekly,KOSDAQ150,foreign,253450,스튜디오드래곤,66356,69020,2664,1362237450,1418047450,55810000,KRX MDCSTAT02401_OUT
weekly,KOSDAQ150,foreign,069080,웹젠,171788,168380,-3408,1959348490,1923569040,-35779450,KRX MDCSTAT02401_OUT
weekly,KOSDAQ150,foreign,352480,씨앤씨인터내셔널,21274,19585,-1689,466901000,427673200,-39227800,KRX MDCSTAT02401_OUT
weekly,KOSDAQ150,foreign,095660,네오위즈,70921,59919,-11002,1265179485,1069435290,-195744195,KRX MDCSTAT02401_OUT
weekly,KOSDAQ150,foreign,060280,큐렉소,375855,345949,-29906,3025391215,2811416490,-213974725,KRX MDCSTAT02401_OUT
weekly,KOSDAQ150,foreign,101730,위메이드맥스,435165,381313,-53852,2089169442,1839111897,-250057545,KRX MDCSTAT02401_OUT
weekly,KOSDAQ150,foreign,035900,JYP Ent.,323907,315834,-8073,12291096775,11992447850,-298648925,KRX MDCSTAT02401_OUT
weekly,KOSDAQ150,foreign,038500,삼표시멘트,551674,500745,-50929,3698927785,3359337410,-339590375,KRX MDCSTAT02401_OUT
weekly,KOSDAQ150,foreign,048410,현대바이오,1044044,990806,-53238,7226149720,6863239185,-362910535,KRX MDCSTAT02401_OUT
weekly,KOSDAQ150,foreign,015750,성우하이텍,295034,225901,-69133,1724849355,1320513545,-404335810,KRX MDCSTAT02401_OUT
weekly,KOSDAQ150,foreign,067160,SOOP,105236,93549,-11687,3856146800,3430225850,-425920950,KRX MDCSTAT02401_OUT
weekly,KOSDAQ150,foreign,039200,오스코텍,179955,165772,-14183,6455084375,5921585425,-533498950,KRX MDCSTAT02401_OUT
weekly,KOSDAQ150,foreign,358570,지아이이노베이션,624080,551161,-72919,5457932160,4855771275,-602160885,KRX MDCSTAT02401_OUT
weekly,KOSDAQ150,foreign,178320,서진시스템,2436294,2421399,-14895,84651876550,84024435700,-627440850,KRX MDCSTAT02401_OUT
weekly,KOSDAQ150,foreign,035760,CJ ENM,111682,93906,-17776,4327170075,3630092775,-697077300,KRX MDCSTAT02401_OUT
weekly,KOSDAQ150,foreign,122870,와이지엔터테인먼트,164968,146996,-17972,7109218400,6320706850,-788511550,KRX MDCSTAT02401_OUT
weekly,KOSDAQ150,foreign,214430,아이쓰리시스템,50828,39009,-11819,3422357950,2621933400,-800424550,KRX MDCSTAT02401_OUT
weekly,KOSDAQ150,foreign,018290,브이티,418807,328953,-89854,4887715430,3875867925,-1011847505,KRX MDCSTAT02401_OUT
weekly,KOSDAQ150,foreign,036810,에프에스티,300571,266933,-33638,9104162775,8077897875,-1026264900,KRX MDCSTAT02401_OUT
weekly,KOSDAQ150,foreign,251970,펌텍코리아,119387,103349,-16038,7267805950,6095268950,-1172537000,KRX MDCSTAT02401_OUT
weekly,KOSDAQ150,foreign,214150,클래시스,212196,172376,-39820,6517752225,5298664175,-1219088050,KRX MDCSTAT02401_OUT
weekly,KOSDAQ150,foreign,085660,차바이오텍,466553,311339,-155214,3748257650,2505614000,-1242643650,KRX MDCSTAT02401_OUT
weekly,KOSDAQ150,foreign,253590,네오셈,1903576,1809691,-93885,25744810085,24426073655,-1318736430,KRX MDCSTAT02401_OUT
weekly,KOSDAQ150,foreign,189300,인텔리안테크,94496,73784,-20712,6487177850,5049005250,-1438172600,KRX MDCSTAT02401_OUT
weekly,KOSDAQ150,foreign,225570,넥슨게임즈,259906,120090,-139816,2831695685,1308598010,-1523097675,KRX MDCSTAT02401_OUT
weekly,KOSDAQ150,foreign,032500,케이엠더블유,510694,436844,-73850,9910027625,8345623780,-1564403845,KRX MDCSTAT02401_OUT
weekly,KOSDAQ150,foreign,100790,미래에셋벤처투자,690960,586577,-104383,11975987060,10213321640,-1762665420,KRX MDCSTAT02401_OUT
weekly,KOSDAQ150,foreign,475830,오름테라퓨틱,1660597,1593103,-67494,43657071100,41764339800,-1892731300,KRX MDCSTAT02401_OUT
weekly,KOSDAQ150,foreign,195940,HK이노엔,195582,143121,-52461,7614379400,5572716725,-2041662675,KRX MDCSTAT02401_OUT
weekly,KOSDAQ150,foreign,005290,동진쎄미켐,736136,686895,-49241,33270808725,30771098425,-2499710300,KRX MDCSTAT02401_OUT
weekly,KOSDAQ150,foreign,204270,제이앤티씨,1908663,1781530,-127133,47286752500,44735453425,-2551299075,KRX MDCSTAT02401_OUT
weekly,KOSDAQ150,foreign,082920,비츠로셀,416654,322043,-94611,11955162700,9241296750,-2713865950,KRX MDCSTAT02401_OUT
weekly,KOSDAQ150,foreign,099320,쎄트렉아이,156652,121604,-35048,12256123000,9530490700,-2725632300,KRX MDCSTAT02401_OUT
weekly,KOSDAQ150,foreign,060370,LS마린솔루션,262122,175610,-86512,8582781650,5783885000,-2798896650,KRX MDCSTAT02401_OUT
weekly,KOSDAQ150,foreign,058610,에스피지,255122,226563,-28559,25599605650,22656598350,-2943007300,KRX MDCSTAT02401_OUT
weekly,KOSDAQ150,foreign,137400,피엔티,267489,164270,-103219,7738440750,4786096675,-2952344075,KRX MDCSTAT02401_OUT
weekly,KOSDAQ150,foreign,295310,에이치브이엠,280492,227208,-53284,16717548000,13490056450,-3227491550,KRX MDCSTAT02401_OUT
weekly,KOSDAQ150,foreign,140860,파크시스템스,95922,83008,-12914,25013220250,21692563250,-3320657000,KRX MDCSTAT02401_OUT
weekly,KOSDAQ150,foreign,041190,우리기술투자,6104086,5546398,-557688,37351280990,33984506600,-3366774390,KRX MDCSTAT02401_OUT
weekly,KOSDAQ150,foreign,281740,레이크머티리얼즈,780009,448997,-331012,8446663210,4878928765,-3567734445,KRX MDCSTAT02401_OUT
weekly,KOSDAQ150,foreign,125490,한라캐스트,2121836,1810352,-311484,26519883090,22645602695,-3874280395,KRX MDCSTAT02401_OUT
weekly,KOSDAQ150,foreign,090710,휴림로봇,2258668,1635385,-623283,14453344005,10559233285,-3894110720,KRX MDCSTAT02401_OUT
weekly,KOSDAQ150,foreign,000250,삼천당제약,111013,87218,-23795,18182934400,14281851950,-3901082450,KRX MDCSTAT02401_OUT
weekly,KOSDAQ150,foreign,121600,나노신소재,162139,86260,-75879,8583525800,4606190000,-3977335800,KRX MDCSTAT02401_OUT
weekly,KOSDAQ150,foreign,466100,클로봇,395925,205689,-190236,9085595775,4760221200,-4325374575,KRX MDCSTAT02401_OUT
weekly,KOSDAQ150,foreign,050890,쏠리드,1961764,1504167,-457597,18783410560,14426643840,-4356766720,KRX MDCSTAT02401_OUT
weekly,KOSDAQ150,foreign,417200,LS머트리얼즈,1411253,1051343,-359910,18968841530,14201400460,-4767441070,KRX MDCSTAT02401_OUT
weekly,KOSDAQ150,foreign,263750,펄어비스,450946,306676,-144270,15282943225,10296370025,-4986573200,KRX MDCSTAT02401_OUT
weekly,KOSDAQ150,foreign,310210,보로노이,203916,167333,-36583,29701408950,24392430350,-5308978600,KRX MDCSTAT02401_OUT
weekly,KOSDAQ150,foreign,101490,에스앤에스텍,363276,241373,-121903,15843324600,10503970550,-5339354050,KRX MDCSTAT02401_OUT
weekly,KOSDAQ150,foreign,056080,유진로봇,890301,437865,-452436,10921810390,5363891530,-5557918860,KRX MDCSTAT02401_OUT
weekly,KOSDAQ150,foreign,041510,에스엠,240050,157344,-82706,19842996100,12973177750,-6869818350,KRX MDCSTAT02401_OUT
weekly,KOSDAQ150,foreign,083650,비에이치아이,629714,510689,-119025,38717741100,31535443950,-7182297150,KRX MDCSTAT02401_OUT
weekly,KOSDAQ150,foreign,087010,펩트론,269167,218709,-50458,39047379650,30818209500,-8229170150,KRX MDCSTAT02401_OUT
weekly,KOSDAQ150,foreign,064760,티씨케이,126825,98005,-28820,35789724750,27268913500,-8520811250,KRX MDCSTAT02401_OUT
weekly,KOSDAQ150,foreign,420770,기가비스,279393,202436,-76957,32819373800,23900383250,-8918990550,KRX MDCSTAT02401_OUT
weekly,KOSDAQ150,foreign,277810,레인보우로보틱스,85452,63283,-22169,36803313500,27452222500,-9351091000,KRX MDCSTAT02401_OUT
weekly,KOSDAQ150,foreign,328130,루닛,3299329,2327412,-971917,35945040705,25692699345,-10252341360,KRX MDCSTAT02401_OUT
weekly,KOSDAQ150,foreign,145020,휴젤,280142,188135,-92007,53423117821,36168129921,-17254987900,KRX MDCSTAT02401_OUT
weekly,KOSDAQ150,foreign,108490,로보티즈,323197,257582,-65615,95931957500,76883378250,-19048579250,KRX MDCSTAT02401_OUT
weekly,KOSDAQ150,foreign,032820,우리기술,5588124,3985682,-1602442,74939219790,53144327910,-21794891880,KRX MDCSTAT02401_OUT
weekly,KOSDAQ150,foreign,095340,ISC,375368,262250,-113118,77672903400,54083913650,-23588989750,KRX MDCSTAT02401_OUT
weekly,KOSDAQ150,foreign,089970,브이엠,1151454,736320,-415134,68303049850,43541801350,-24761248500,KRX MDCSTAT02401_OUT
weekly,KOSDAQ150,foreign,131970,두산테스나,693380,400293,-293087,64812506550,37186228050,-27626278500,KRX MDCSTAT02401_OUT
weekly,KOSDAQ150,foreign,319400,현대무벡스,1790017,481992,-1308025,38431103550,10220810525,-28210293025,KRX MDCSTAT02401_OUT
weekly,KOSDAQ150,foreign,218410,RFHIC,1021546,455303,-566243,61531146150,26827716550,-34703429600,KRX MDCSTAT02401_OUT
weekly,KOSDAQ150,foreign,240810,원익IPS,2106662,1758113,-348549,274497730450,229319694950,-45178035500,KRX MDCSTAT02401_OUT
weekly,KOSDAQ150,foreign,058470,리노공업,2490863,1469749,-1021114,182840979200,107499084250,-75341894950,KRX MDCSTAT02401_OUT
weekly,KOSDAQ150,foreign,028300,HLB,4700624,2084888,-2615736,185315492575,79607893275,-105707599300,KRX MDCSTAT02401_OUT
weekly,KOSDAQ150,institution,095340,ISC,144042,315743,171701,29693579950,65294566450,35600986500,KRX MDCSTAT02401_OUT
weekly,KOSDAQ150,institution,403870,HPSP,890344,1347554,457210,49902119750,77518190950,27616071200,KRX MDCSTAT02401_OUT
weekly,KOSDAQ150,institution,058470,리노공업,916562,1190176,273614,66518636800,87629119300,21110482500,KRX MDCSTAT02401_OUT
weekly,KOSDAQ150,institution,036930,주성엔지니어링,379807,441082,61275,79182590750,92817949250,13635358500,KRX MDCSTAT02401_OUT
weekly,KOSDAQ150,institution,240810,원익IPS,917307,1021171,103864,119173379900,132743575900,13570196000,KRX MDCSTAT02401_OUT
weekly,KOSDAQ150,institution,084370,유진테크,171214,251730,80516,26230352600,39475124550,13244771950,KRX MDCSTAT02401_OUT
weekly,KOSDAQ150,institution,064760,티씨케이,73461,118047,44586,20422213750,33424767000,13002553250,KRX MDCSTAT02401_OUT
weekly,KOSDAQ150,institution,089970,브이엠,672102,859421,187319,39846989800,51218651400,11371661600,KRX MDCSTAT02401_OUT
weekly,KOSDAQ150,institution,005290,동진쎄미켐,263135,509956,246821,11729091100,22988756400,11259665300,KRX MDCSTAT02401_OUT
weekly,KOSDAQ150,institution,420770,기가비스,184735,276582,91847,21951190050,32700852000,10749661950,KRX MDCSTAT02401_OUT
weekly,KOSDAQ150,institution,131970,두산테스나,269174,372455,103281,25083709600,34873437750,9789728150,KRX MDCSTAT02401_OUT
weekly,KOSDAQ150,institution,067310,하나마이크론,741065,912394,171329,33684425225,41257807075,7573381850,KRX MDCSTAT02401_OUT
weekly,KOSDAQ150,institution,095610,테스,224698,267918,43220,35747695200,43195470600,7447775400,KRX MDCSTAT02401_OUT
weekly,KOSDAQ150,institution,039030,이오테크닉스,155395,167187,11792,74447558500,80593032250,6145473750,KRX MDCSTAT02401_OUT
weekly,KOSDAQ150,institution,140860,파크시스템스,23182,45472,22290,6006749000,11870771250,5864022250,KRX MDCSTAT02401_OUT
weekly,KOSDAQ150,institution,053800,안랩,21550,101345,79795,1568079650,7363007450,5794927800,KRX MDCSTAT02401_OUT
weekly,KOSDAQ150,institution,121600,나노신소재,70025,155893,85868,3733616050,8336999800,4603383750,KRX MDCSTAT02401_OUT
weekly,KOSDAQ150,institution,178320,서진시스템,409038,511839,102801,13934203625,18301995550,4367791925,KRX MDCSTAT02401_OUT
weekly,KOSDAQ150,institution,328130,루닛,268710,585434,316724,3016224875,6231044130,3214819255,KRX MDCSTAT02401_OUT
weekly,KOSDAQ150,institution,036810,에프에스티,49620,149358,99738,1524326550,4538072225,3013745675,KRX MDCSTAT02401_OUT
weekly,KOSDAQ150,institution,131290,티에스이,88957,98609,9652,25158822750,28002618500,2843795750,KRX MDCSTAT02401_OUT
weekly,KOSDAQ150,institution,225570,넥슨게임즈,92652,314290,221638,1009647315,3429923540,2420276225,KRX MDCSTAT02401_OUT
weekly,KOSDAQ150,institution,251970,펌텍코리아,128572,160115,31543,7594213050,9752551000,2158337950,KRX MDCSTAT02401_OUT
weekly,KOSDAQ150,institution,078340,컴투스,74529,126847,52318,2649481850,4570129150,1920647300,KRX MDCSTAT02401_OUT
weekly,KOSDAQ150,institution,099320,쎄트렉아이,24529,48045,23516,1915888550,3795196550,1879308000,KRX MDCSTAT02401_OUT
weekly,KOSDAQ150,institution,195940,HK이노엔,111590,154010,42420,4343287725,6001703225,1658415500,KRX MDCSTAT02401_OUT
weekly,KOSDAQ150,institution,253590,네오셈,96879,218816,121937,1300379695,2914211245,1613831550,KRX MDCSTAT02401_OUT
weekly,KOSDAQ150,institution,125490,한라캐스트,74595,190040,115445,886877490,2365197535,1478320045,KRX MDCSTAT02401_OUT
weekly,KOSDAQ150,institution,082920,비츠로셀,219003,263187,44184,6254828650,7526379125,1271550475,KRX MDCSTAT02401_OUT
weekly,KOSDAQ150,institution,263750,펄어비스,217070,248671,31601,7345517850,8536877500,1191359650,KRX MDCSTAT02401_OUT
weekly,KOSDAQ150,institution,445680,큐리옥스바이오시스템즈,30641,49808,19167,1511296025,2523325950,1012029925,KRX MDCSTAT02401_OUT
weekly,KOSDAQ150,institution,215200,메가스터디교육,31448,57678,26230,1149691350,2100871075,951179725,KRX MDCSTAT02401_OUT
weekly,KOSDAQ150,institution,036830,솔브레인홀딩스,55521,73305,17784,2243973200,2984075200,740102000,KRX MDCSTAT02401_OUT
weekly,KOSDAQ150,institution,323280,태성,91572,99277,7705,4418288675,4978292600,560003925,KRX MDCSTAT02401_OUT
weekly,KOSDAQ150,institution,166090,하나머티리얼즈,112195,120689,8494,6474260800,7005956250,531695450,KRX MDCSTAT02401_OUT
weekly,KOSDAQ150,institution,417200,LS머트리얼즈,508056,540674,32618,6802057705,7295116780,493059075,KRX MDCSTAT02401_OUT
weekly,KOSDAQ150,institution,041190,우리기술투자,104306,140454,36148,613444635,852831955,239387320,KRX MDCSTAT02401_OUT
weekly,KOSDAQ150,institution,352480,씨앤씨인터내셔널,12981,20644,7663,281817900,458034500,176216600,KRX MDCSTAT02401_OUT
weekly,KOSDAQ150,institution,042000,카페24,59808,57838,-1970,1007254465,1050457685,43203220,KRX MDCSTAT02401_OUT
weekly,KOSDAQ150,institution,056080,유진로봇,152265,147606,-4659,1829419825,1859094090,29674265,KRX MDCSTAT02401_OUT
weekly,KOSDAQ150,institution,033100,제룡전기,34752,33810,-942,1652012200,1608019750,-43992450,KRX MDCSTAT02401_OUT
weekly,KOSDAQ150,institution,171090,선익시스템,36110,34681,-1429,2530546550,2461145900,-69400650,KRX MDCSTAT02401_OUT
weekly,KOSDAQ150,institution,095660,네오위즈,52565,47166,-5399,936228080,843705760,-92522320,KRX MDCSTAT02401_OUT
weekly,KOSDAQ150,institution,025900,동화기업,43707,28612,-15095,296824430,195686520,-101137910,KRX MDCSTAT02401_OUT
weekly,KOSDAQ150,institution,060280,큐렉소,61845,47758,-14087,496312315,388611705,-107700610,KRX MDCSTAT02401_OUT
weekly,KOSDAQ150,institution,067160,SOOP,26560,23443,-3117,973522950,860385300,-113137650,KRX MDCSTAT02401_OUT
weekly,KOSDAQ150,institution,101730,위메이드맥스,43117,13528,-29589,198551565,63714065,-134837500,KRX MDCSTAT02401_OUT
weekly,KOSDAQ150,institution,039200,오스코텍,133180,127472,-5708,4760326875,4579104850,-181222025,KRX MDCSTAT02401_OUT
weekly,KOSDAQ150,institution,069080,웹젠,127019,110699,-16320,1450683820,1261846255,-188837565,KRX MDCSTAT02401_OUT
weekly,KOSDAQ150,institution,214430,아이쓰리시스템,13671,10418,-3253,914334200,705213900,-209120300,KRX MDCSTAT02401_OUT
weekly,KOSDAQ150,institution,189300,인텔리안테크,44831,40913,-3918,3058656850,2818758950,-239897900,KRX MDCSTAT02401_OUT
weekly,KOSDAQ150,institution,082270,젬백스,69392,41967,-27425,713709035,437863620,-275845415,KRX MDCSTAT02401_OUT
weekly,KOSDAQ150,institution,038500,삼표시멘트,172240,129764,-42476,1151365280,868377080,-282988200,KRX MDCSTAT02401_OUT
weekly,KOSDAQ150,institution,030520,한컴,201032,184093,-16939,3429541990,3137086360,-292455630,KRX MDCSTAT02401_OUT
weekly,KOSDAQ150,institution,232140,와이씨,712753,684411,-28342,10015853435,9717001310,-298852125,KRX MDCSTAT02401_OUT
weekly,KOSDAQ150,institution,112040,위메이드,121419,98336,-23083,1852901940,1503280420,-349621520,KRX MDCSTAT02401_OUT
weekly,KOSDAQ150,institution,003380,하림지주,355400,321481,-33919,3891795845,3533569030,-358226815,KRX MDCSTAT02401_OUT
weekly,KOSDAQ150,institution,211050,인카금융서비스,154724,117444,-37280,1536717620,1176349515,-360368105,KRX MDCSTAT02401_OUT
weekly,KOSDAQ150,institution,050890,쏠리드,119855,81004,-38851,1140757810,774644730,-366113080,KRX MDCSTAT02401_OUT
weekly,KOSDAQ150,institution,025320,시노펙스,149785,50908,-98877,564643370,193603806,-371039564,KRX MDCSTAT02401_OUT
weekly,KOSDAQ150,institution,015750,성우하이텍,101231,35854,-65377,588459880,209054760,-379405120,KRX MDCSTAT02401_OUT
weekly,KOSDAQ150,institution,100790,미래에셋벤처투자,52369,29714,-22655,898690945,513488800,-385202145,KRX MDCSTAT02401_OUT
weekly,KOSDAQ150,institution,009520,포스코엠텍,122591,90235,-32356,1523422875,1123447900,-399974975,KRX MDCSTAT02401_OUT
weekly,KOSDAQ150,institution,272290,이녹스첨단소재,73994,53135,-20859,1558004950,1120186600,-437818350,KRX MDCSTAT02401_OUT
weekly,KOSDAQ150,institution,161580,필옵틱스,50844,34472,-16372,1735985150,1259102750,-476882400,KRX MDCSTAT02401_OUT
weekly,KOSDAQ150,institution,281740,레이크머티리얼즈,144935,100095,-44840,1569267440,1090010670,-479256770,KRX MDCSTAT02401_OUT
weekly,KOSDAQ150,institution,253450,스튜디오드래곤,63518,38926,-24592,1305495675,803486725,-502008950,KRX MDCSTAT02401_OUT
weekly,KOSDAQ150,institution,025980,아난티,188708,82629,-106079,953463625,426068718,-527394907,KRX MDCSTAT02401_OUT
weekly,KOSDAQ150,institution,018290,브이티,86448,38963,-47485,999103840,470285020,-528818820,KRX MDCSTAT02401_OUT
weekly,KOSDAQ150,institution,194480,데브시스터즈,77775,38067,-39708,1107522340,545946500,-561575840,KRX MDCSTAT02401_OUT
weekly,KOSDAQ150,institution,214370,케어젠,52738,37952,-14786,2110654400,1533230050,-577424350,KRX MDCSTAT02401_OUT
weekly,KOSDAQ150,institution,032190,다우데이타,64527,34782,-29745,1272731840,684831110,-587900730,KRX MDCSTAT02401_OUT
weekly,KOSDAQ150,institution,348370,엔켐,97336,67545,-29791,1972682210,1374932450,-597749760,KRX MDCSTAT02401_OUT
weekly,KOSDAQ150,institution,376300,디어유,50769,14890,-35879,866707010,261732710,-604974300,KRX MDCSTAT02401_OUT
weekly,KOSDAQ150,institution,085660,차바이오텍,147047,67733,-79314,1183561945,547170610,-636391335,KRX MDCSTAT02401_OUT
weekly,KOSDAQ150,institution,074600,원익QnC,309325,286606,-22719,8927379975,8286013200,-641366775,KRX MDCSTAT02401_OUT
weekly,KOSDAQ150,institution,196170,알테오젠,373154,369270,-3884,94069584000,93421309750,-648274250,KRX MDCSTAT02401_OUT
weekly,KOSDAQ150,institution,348210,넥스틴,54916,33827,-21089,1838809400,1139840900,-698968500,KRX MDCSTAT02401_OUT
weekly,KOSDAQ150,institution,466100,클로봇,60128,28851,-31277,1374679400,663100550,-711578850,KRX MDCSTAT02401_OUT
weekly,KOSDAQ150,institution,065350,신성델타테크,42872,19784,-23088,1323705325,611359250,-712346075,KRX MDCSTAT02401_OUT
weekly,KOSDAQ150,institution,048410,현대바이오,457177,351178,-105999,3144873145,2427460320,-717412825,KRX MDCSTAT02401_OUT
weekly,KOSDAQ150,institution,388720,유일로보틱스,17075,6200,-10875,1168823400,425568650,-743254750,KRX MDCSTAT02401_OUT
weekly,KOSDAQ150,institution,032500,케이엠더블유,86202,44055,-42147,1642887650,840794795,-802092855,KRX MDCSTAT02401_OUT
weekly,KOSDAQ150,institution,101490,에스앤에스텍,72602,53656,-18946,3159671700,2352163600,-807508100,KRX MDCSTAT02401_OUT
weekly,KOSDAQ150,institution,056190,SFA,138654,107572,-31082,3913589425,3061629125,-851960300,KRX MDCSTAT02401_OUT
weekly,KOSDAQ150,institution,060370,LS마린솔루션,170073,139747,-30326,5563749425,4599640300,-964109125,KRX MDCSTAT02401_OUT
weekly,KOSDAQ150,institution,183300,코미코,696244,659007,-37237,21925401450,20958426725,-966974725,KRX MDCSTAT02401_OUT
weekly,KOSDAQ150,institution,060250,NHN KCP,94759,21000,-73759,1266142780,281079110,-985063670,KRX MDCSTAT02401_OUT
weekly,KOSDAQ150,institution,090710,휴림로봇,255052,89896,-165156,1595531665,565614090,-1029917575,KRX MDCSTAT02401_OUT
weekly,KOSDAQ150,institution,137400,피엔티,106577,70445,-36132,3076544650,2038375650,-1038169000,KRX MDCSTAT02401_OUT
weekly,KOSDAQ150,institution,124500,아이티센글로벌,52543,15669,-36874,1521836350,459508000,-1062328350,KRX MDCSTAT02401_OUT
weekly,KOSDAQ150,institution,036620,감성코퍼레이션,405699,112869,-292830,1489204149,416689021,-1072515128,KRX MDCSTAT02401_OUT
weekly,KOSDAQ150,institution,295310,에이치브이엠,227765,199145,-28620,13317254900,12059144400,-1258110500,KRX MDCSTAT02401_OUT
weekly,KOSDAQ150,institution,007390,네이처셀,134208,82699,-51509,3314219325,2054714175,-1259505150,KRX MDCSTAT02401_OUT
weekly,KOSDAQ150,institution,278280,천보,44496,7484,-37012,1557054800,263490175,-1293564625,KRX MDCSTAT02401_OUT
weekly,KOSDAQ150,institution,214150,클래시스,113493,70195,-43298,3482277675,2157935775,-1324341900,KRX MDCSTAT02401_OUT
weekly,KOSDAQ150,institution,035760,CJ ENM,98429,62547,-35882,3804531300,2420690150,-1383841150,KRX MDCSTAT02401_OUT
weekly,KOSDAQ150,institution,319400,현대무벡스,180204,113597,-66607,3796372725,2386908225,-1409464500,KRX MDCSTAT02401_OUT
weekly,KOSDAQ150,institution,096530,씨젠,180775,137684,-43091,6140736450,4699290025,-1441446425,KRX MDCSTAT02401_OUT
weekly,KOSDAQ150,institution,030530,원익홀딩스,187413,135543,-51870,5201090100,3753392675,-1447697425,KRX MDCSTAT02401_OUT
weekly,KOSDAQ150,institution,358570,지아이이노베이션,231608,62247,-169361,2013985635,549514580,-1464471055,KRX MDCSTAT02401_OUT
weekly,KOSDAQ150,institution,399720,가온칩스,62427,27293,-35134,2868553250,1267287050,-1601266200,KRX MDCSTAT02401_OUT
weekly,KOSDAQ150,institution,0009K0,에임드바이오,144838,63388,-81450,3116483825,1370406350,-1746077475,KRX MDCSTAT02401_OUT
weekly,KOSDAQ150,institution,052400,코나아이,71044,23369,-47675,2678382200,888068975,-1790313225,KRX MDCSTAT02401_OUT
weekly,KOSDAQ150,institution,237690,에스티팜,96746,75064,-21682,8875087550,6938301450,-1936786100,KRX MDCSTAT02401_OUT
weekly,KOSDAQ150,institution,033500,동성화인텍,141403,12791,-128612,2243159680,204169910,-2038989770,KRX MDCSTAT02401_OUT
weekly,KOSDAQ150,institution,090360,로보스타,35571,9357,-26214,2772052850,730157800,-2041895050,KRX MDCSTAT02401_OUT
weekly,KOSDAQ150,institution,098460,고영,322682,249315,-73367,9407349625,7316027725,-2091321900,KRX MDCSTAT02401_OUT
weekly,KOSDAQ150,institution,293490,카카오게임즈,408209,162920,-245289,3724352805,1497616375,-2226736430,KRX MDCSTAT02401_OUT
weekly,KOSDAQ150,institution,213420,덕산네오룩스,168901,89383,-79518,4921954350,2612005100,-2309949250,KRX MDCSTAT02401_OUT
weekly,KOSDAQ150,institution,035900,JYP Ent.,143841,80424,-63417,5449396750,3053483650,-2395913100,KRX MDCSTAT02401_OUT
weekly,KOSDAQ150,institution,290650,엘앤씨바이오,85711,31510,-54201,3985461575,1476717025,-2508744550,KRX MDCSTAT02401_OUT
weekly,KOSDAQ150,institution,204270,제이앤티씨,127521,25766,-101755,3154011450,636173700,-2517837750,KRX MDCSTAT02401_OUT
weekly,KOSDAQ150,institution,000250,삼천당제약,103038,87063,-15975,16835445400,14289004900,-2546440500,KRX MDCSTAT02401_OUT
weekly,KOSDAQ150,institution,006730,서부T&D,462579,216311,-246268,5050604370,2409888745,-2640715625,KRX MDCSTAT02401_OUT
weekly,KOSDAQ150,institution,014620,성광벤드,232347,136363,-95984,7257901825,4328735025,-2929166800,KRX MDCSTAT02401_OUT
weekly,KOSDAQ150,institution,218410,RFHIC,350934,300151,-50783,20829992300,17848585850,-2981406450,KRX MDCSTAT02401_OUT
weekly,KOSDAQ150,institution,041510,에스엠,188397,148292,-40105,15550711000,12280581600,-3270129400,KRX MDCSTAT02401_OUT
weekly,KOSDAQ150,institution,277810,레인보우로보틱스,47873,39189,-8684,20538173000,17228526750,-3309646250,KRX MDCSTAT02401_OUT
weekly,KOSDAQ150,institution,437730,삼현,227843,147820,-80023,11869098100,8067229425,-3801868675,KRX MDCSTAT02401_OUT
weekly,KOSDAQ150,institution,145020,휴젤,117325,96465,-20860,22572889600,18214533350,-4358356250,KRX MDCSTAT02401_OUT
weekly,KOSDAQ150,institution,078600,대주전자재료,116117,63488,-52629,10320251200,5793106800,-4527144400,KRX MDCSTAT02401_OUT
weekly,KOSDAQ150,institution,032820,우리기술,674999,309007,-365992,8713388940,4098155405,-4615233535,KRX MDCSTAT02401_OUT
weekly,KOSDAQ150,institution,068760,셀트리온제약,177013,54820,-122193,6884640475,2148789275,-4735851200,KRX MDCSTAT02401_OUT
weekly,KOSDAQ150,institution,080220,제주반도체,225905,155249,-70656,17142485600,11878822800,-5263662800,KRX MDCSTAT02401_OUT
weekly,KOSDAQ150,institution,310210,보로노이,109629,71927,-37702,16001254100,10564891850,-5436362250,KRX MDCSTAT02401_OUT
weekly,KOSDAQ150,institution,122870,와이지엔터테인먼트,281275,122184,-159091,12100315850,5258995375,-6841320475,KRX MDCSTAT02401_OUT
weekly,KOSDAQ150,institution,058610,에스피지,143089,65245,-77844,14200777100,6549954900,-7650822200,KRX MDCSTAT02401_OUT
weekly,KOSDAQ150,institution,031980,피에스케이홀딩스,195281,139320,-55961,32492903200,23834701900,-8658201300,KRX MDCSTAT02401_OUT
weekly,KOSDAQ150,institution,214450,파마리서치,91562,63031,-28531,29420162750,20320794250,-9099368500,KRX MDCSTAT02401_OUT
weekly,KOSDAQ150,institution,347850,디앤디파마텍,366764,143386,-223378,16038122450,6296744800,-9741377650,KRX MDCSTAT02401_OUT
weekly,KOSDAQ150,institution,141080,리가켐바이오,262645,136122,-126523,21153234550,11007781250,-10145453300,KRX MDCSTAT02401_OUT
weekly,KOSDAQ150,institution,241710,코스메카코리아,168144,86234,-81910,21334892950,11047986000,-10286906950,KRX MDCSTAT02401_OUT
weekly,KOSDAQ150,institution,475830,오름테라퓨틱,1011184,599599,-411585,26429369375,15670408400,-10758960975,KRX MDCSTAT02401_OUT
weekly,KOSDAQ150,institution,247540,에코프로비엠,583442,467339,-116103,61844565350,50518250300,-11326315050,KRX MDCSTAT02401_OUT
weekly,KOSDAQ150,institution,089030,테크윙,530258,270868,-259390,25789569275,13249814200,-12539755075,KRX MDCSTAT02401_OUT
weekly,KOSDAQ150,institution,087010,펩트론,149670,54157,-95513,21099529450,7643064550,-13456464900,KRX MDCSTAT02401_OUT
weekly,KOSDAQ150,institution,043260,성호전자,2323893,1756766,-567127,60382435875,46214408300,-14168027575,KRX MDCSTAT02401_OUT
weekly,KOSDAQ150,institution,226950,올릭스,400180,243825,-156355,41909614200,25726908850,-16182705350,KRX MDCSTAT02401_OUT
weekly,KOSDAQ150,institution,083650,비에이치아이,472568,142432,-330136,28861277000,8856978650,-20004298350,KRX MDCSTAT02401_OUT
weekly,KOSDAQ150,institution,298380,에이비엘바이오,588462,166981,-421481,30175900600,8538599375,-21637301225,KRX MDCSTAT02401_OUT
weekly,KOSDAQ150,institution,086520,에코프로,986534,653541,-332993,78784986000,52548300400,-26236685600,KRX MDCSTAT02401_OUT
weekly,KOSDAQ150,institution,222800,심텍,729292,543460,-185832,107502537050,79888989900,-27613547150,KRX MDCSTAT02401_OUT
weekly,KOSDAQ150,institution,028300,HLB,1138889,410538,-728351,46107967200,15036113075,-31071854125,KRX MDCSTAT02401_OUT
weekly,KOSDAQ150,institution,257720,실리콘투,1309428,459377,-850051,52264430375,18129212075,-34135218300,KRX MDCSTAT02401_OUT
weekly,KOSDAQ150,institution,108490,로보티즈,230795,76708,-154087,68515129000,23091182250,-45423946750,KRX MDCSTAT02401_OUT
weekly,KOSDAQ150,institution,036540,SFA반도체,11179055,6765074,-4413981,117921713230,71512462730,-46409250500,KRX MDCSTAT02401_OUT
recent2,KOSPI200,foreign,066570,LG전자,426184,677582,251398,91366864250,145670237750,54303373500,KRX MDCSTAT02401_OUT
recent2,KOSPI200,foreign,042700,한미반도체,281742,485010,203268,68674410250,118945487500,50271077250,KRX MDCSTAT02401_OUT
recent2,KOSPI200,foreign,035420,NAVER,322859,497868,175009,63261933750,98058837350,34796903600,KRX MDCSTAT02401_OUT
recent2,KOSPI200,foreign,006400,삼성SDI,154308,208419,54111,80346621500,109584067000,29237445500,KRX MDCSTAT02401_OUT
recent2,KOSPI200,foreign,096770,SK이노베이션,527419,702365,174946,80236328700,108823611400,28587282700,KRX MDCSTAT02401_OUT
recent2,KOSPI200,foreign,000270,기아,1380896,1519273,138377,160382030000,176421721200,16039691200,KRX MDCSTAT02401_OUT
recent2,KOSPI200,foreign,000990,DB하이텍,323232,432924,109692,43555932400,57721065900,14165133500,KRX MDCSTAT02401_OUT
recent2,KOSPI200,foreign,086280,현대글로비스,81802,151805,70003,16196456300,30104188950,13907732650,KRX MDCSTAT02401_OUT
recent2,KOSPI200,foreign,010120,LS ELECTRIC,179791,247211,67420,36720713500,50553704250,13832990750,KRX MDCSTAT02401_OUT
recent2,KOSPI200,foreign,316140,우리금융지주,1713098,2074965,361867,62111982150,75240209175,13128227025,KRX MDCSTAT02401_OUT
recent2,KOSPI200,foreign,329180,HD현대중공업,107880,137808,29928,46932534500,59732189250,12799654750,KRX MDCSTAT02401_OUT
recent2,KOSPI200,foreign,012450,한화에어로스페이스,122566,134848,12282,125604808500,138316844500,12712036000,KRX MDCSTAT02401_OUT
recent2,KOSPI200,foreign,004020,현대제철,453299,802117,348818,13845270525,24576027150,10730756625,KRX MDCSTAT02401_OUT
recent2,KOSPI200,foreign,086790,하나금융지주,599086,678019,78933,80566171550,91222265400,10656093850,KRX MDCSTAT02401_OUT
recent2,KOSPI200,foreign,012330,현대모비스,226988,254610,27622,83912084750,94287504750,10375420000,KRX MDCSTAT02401_OUT
recent2,KOSPI200,foreign,010950,S-Oil,307476,370344,62868,49444478600,59569297400,10124818800,KRX MDCSTAT02401_OUT
recent2,KOSPI200,foreign,024110,기업은행,602254,1077911,475657,12455633975,22376332475,9920698500,KRX MDCSTAT02401_OUT
recent2,KOSPI200,foreign,062040,산일전기,134430,182574,48144,27343126950,37113626400,9770499450,KRX MDCSTAT02401_OUT
recent2,KOSPI200,foreign,000720,현대건설,307690,377452,69762,36864550250,46299968650,9435418400,KRX MDCSTAT02401_OUT
recent2,KOSPI200,foreign,373220,LG에너지솔루션,231732,253571,21839,82483287250,90955963750,8472676500,KRX MDCSTAT02401_OUT
recent2,KOSPI200,foreign,001040,CJ,119206,179472,60266,16114913550,24184443600,8069530050,KRX MDCSTAT02401_OUT
recent2,KOSPI200,foreign,068270,셀트리온,209766,254777,45011,37397320215,45451041765,8053721550,KRX MDCSTAT02401_OUT
recent2,KOSPI200,foreign,018260,삼성에스디에스,89111,125932,36821,19363838000,27381423750,8017585750,KRX MDCSTAT02401_OUT
recent2,KOSPI200,foreign,375500,DL이앤씨,234958,325740,90782,18729543700,26079601500,7350057800,KRX MDCSTAT02401_OUT
recent2,KOSPI200,foreign,004170,신세계,63944,82022,18078,21759809500,27903487000,6143677500,KRX MDCSTAT02401_OUT
recent2,KOSPI200,foreign,011200,HMM,441613,710718,269105,9296845250,15022151475,5725306225,KRX MDCSTAT02401_OUT
recent2,KOSPI200,foreign,006260,LS,69802,87325,17523,21953510250,27444567500,5491057250,KRX MDCSTAT02401_OUT
recent2,KOSPI200,foreign,047810,한국항공우주,152437,188139,35702,19551108400,24274690700,4723582300,KRX MDCSTAT02401_OUT
recent2,KOSPI200,foreign,001450,현대해상,550839,647372,96533,27267120900,31986672300,4719551400,KRX MDCSTAT02401_OUT
recent2,KOSPI200,foreign,032830,삼성생명,376594,391641,15047,110370263170,114944012420,4573749250,KRX MDCSTAT02401_OUT
recent2,KOSPI200,foreign,009420,한올바이오파마,179991,284385,104394,7767123600,12332340850,4565217250,KRX MDCSTAT02401_OUT
recent2,KOSPI200,foreign,073240,금호타이어,1139430,1740314,600884,7762131415,11893074310,4130942895,KRX MDCSTAT02401_OUT
recent2,KOSPI200,foreign,035720,카카오,843572,956000,112428,28525039875,32428041550,3903001675,KRX MDCSTAT02401_OUT
recent2,KOSPI200,foreign,010130,고려아연,9400,13045,3645,10204428500,14000486000,3796057500,KRX MDCSTAT02401_OUT
recent2,KOSPI200,foreign,088350,한화생명,828934,1473667,644733,4795685510,8553792685,3758107175,KRX MDCSTAT02401_OUT
recent2,KOSPI200,foreign,097950,CJ제일제당,32380,52133,19753,5783140050,9312386600,3529246550,KRX MDCSTAT02401_OUT
recent2,KOSPI200,foreign,011070,LG이노텍,239032,244001,4969,138673860000,142043997500,3370137500,KRX MDCSTAT02401_OUT
recent2,KOSPI200,foreign,032640,LG유플러스,836526,1055427,218901,12338567295,15576710760,3238143465,KRX MDCSTAT02401_OUT
recent2,KOSPI200,foreign,029780,삼성카드,62964,137414,74450,2681180175,5914592000,3233411825,KRX MDCSTAT02401_OUT
recent2,KOSPI200,foreign,069960,현대백화점,114381,150284,35903,10400924150,13576612800,3175688650,KRX MDCSTAT02401_OUT
recent2,KOSPI200,foreign,047050,포스코인터내셔널,289631,339440,49809,16004299100,19125006900,3120707800,KRX MDCSTAT02401_OUT
recent2,KOSPI200,foreign,204320,HL만도,104737,170946,66209,4815879800,7920556800,3104677000,KRX MDCSTAT02401_OUT
recent2,KOSPI200,foreign,483650,달바글로벌,69314,85757,16443,12808607050,15908247400,3099640350,KRX MDCSTAT02401_OUT
recent2,KOSPI200,foreign,161890,한국콜마,123507,144334,20827,18369620450,21446572000,3076951550,KRX MDCSTAT02401_OUT
recent2,KOSPI200,foreign,259960,크래프톤,74964,90085,15121,15008173200,18019688250,3011515050,KRX MDCSTAT02401_OUT
recent2,KOSPI200,foreign,139130,iM금융지주,348368,509806,161438,6498000750,9505468945,3007468195,KRX MDCSTAT02401_OUT
recent2,KOSPI200,foreign,000100,유한양행,183437,223437,40000,13548543500,16525746700,2977203200,KRX MDCSTAT02401_OUT
recent2,KOSPI200,foreign,064400,LG씨엔에스,200783,238315,37532,13956599750,16736748250,2780148500,KRX MDCSTAT02401_OUT
recent2,KOSPI200,foreign,017670,SK텔레콤,380356,408966,28610,32920389500,35587767800,2667378300,KRX MDCSTAT02401_OUT
recent2,KOSPI200,foreign,023530,롯데쇼핑,72186,97877,25691,7376677250,9998511200,2621833950,KRX MDCSTAT02401_OUT
recent2,KOSPI200,foreign,120110,코오롱인더,48718,94228,45510,2672800000,5191149700,2518349700,KRX MDCSTAT02401_OUT
recent2,KOSPI200,foreign,207940,삼성바이오로직스,42821,44543,1722,59306487500,61792801000,2486313500,KRX MDCSTAT02401_OUT
recent2,KOSPI200,foreign,161390,한국타이어앤테크놀로지,300772,341747,40975,17761815850,20160006100,2398190250,KRX MDCSTAT02401_OUT
recent2,KOSPI200,foreign,004370,농심,22431,27392,4961,9048608500,11037189500,1988581000,KRX MDCSTAT02401_OUT
recent2,KOSPI200,foreign,443060,HD현대마린솔루션,66211,73209,6998,15812198750,17515537500,1703338750,KRX MDCSTAT02401_OUT
recent2,KOSPI200,foreign,138930,BNK금융지주,650017,752501,102484,10638378760,12327806320,1689427560,KRX MDCSTAT02401_OUT
recent2,KOSPI200,foreign,352820,하이브,179207,187700,8493,28796846300,30360588200,1563741900,KRX MDCSTAT02401_OUT
recent2,KOSPI200,foreign,000880,한화,145628,156053,10425,18999513880,20420928930,1421415050,KRX MDCSTAT02401_OUT
recent2,KOSPI200,foreign,010060,OCI홀딩스,270675,272404,1729,59759712500,61137114500,1377402000,KRX MDCSTAT02401_OUT
recent2,KOSPI200,foreign,251270,넷마블,89029,127524,38495,3104445375,4474099450,1369654075,KRX MDCSTAT02401_OUT
recent2,KOSPI200,foreign,002380,KCC,12444,15253,2809,5885378000,7239176250,1353798250,KRX MDCSTAT02401_OUT
recent2,KOSPI200,foreign,192080,더블유게임즈,39246,59566,20320,2303598000,3495973500,1192375500,KRX MDCSTAT02401_OUT
recent2,KOSPI200,foreign,323410,카카오뱅크,768322,825122,56800,15527780450,16701611075,1173830625,KRX MDCSTAT02401_OUT
recent2,KOSPI200,foreign,007070,GS리테일,114438,160163,45725,2611116075,3653256575,1042140500,KRX MDCSTAT02401_OUT
recent2,KOSPI200,foreign,005850,에스엘,59330,79886,20556,2951424775,3992950200,1041525425,KRX MDCSTAT02401_OUT
recent2,KOSPI200,foreign,192820,코스맥스,48124,51937,3813,13200431500,14223192750,1022761250,KRX MDCSTAT02401_OUT
recent2,KOSPI200,foreign,093370,후성,1209849,1270797,60948,16896413180,17892776785,996363605,KRX MDCSTAT02401_OUT
recent2,KOSPI200,foreign,030000,제일기획,180562,233066,52504,3219503055,4155058305,935555250,KRX MDCSTAT02401_OUT
recent2,KOSPI200,foreign,011210,현대위아,37078,52590,15512,1988043650,2831093650,843050000,KRX MDCSTAT02401_OUT
recent2,KOSPI200,foreign,285130,SK케미칼,21273,37479,16206,1093744000,1925163500,831419500,KRX MDCSTAT02401_OUT
recent2,KOSPI200,foreign,003030,세아제강지주,18507,25864,7357,1993334450,2771091550,777757100,KRX MDCSTAT02401_OUT
recent2,KOSPI200,foreign,009540,HD한국조선해양,132553,134937,2384,43348575870,44125053620,776477750,KRX MDCSTAT02401_OUT
recent2,KOSPI200,foreign,004000,롯데정밀화학,37764,54159,16395,1640034325,2361409075,721374750,KRX MDCSTAT02401_OUT
recent2,KOSPI200,foreign,271560,오리온,74960,81402,6442,8316913500,9031660750,714747250,KRX MDCSTAT02401_OUT
recent2,KOSPI200,foreign,000080,하이트진로,57060,101477,44417,861018645,1531128260,670109615,KRX MDCSTAT02401_OUT
recent2,KOSPI200,foreign,000210,DL,32592,44533,11941,1655916700,2281432450,625515750,KRX MDCSTAT02401_OUT
recent2,KOSPI200,foreign,282330,BGF리테일,50484,55390,4906,6683636550,7306933800,623297250,KRX MDCSTAT02401_OUT
recent2,KOSPI200,foreign,011790,SKC,96675,102624,5949,8825056500,9372695650,547639150,KRX MDCSTAT02401_OUT
recent2,KOSPI200,foreign,006280,녹십자,9166,13505,4339,1125500250,1656160150,530659900,KRX MDCSTAT02401_OUT
recent2,KOSPI200,foreign,300720,한일시멘트,25892,54661,28769,419206650,888843515,469636865,KRX MDCSTAT02401_OUT
recent2,KOSPI200,foreign,005300,롯데칠성,15035,19654,4619,1439256100,1883512450,444256350,KRX MDCSTAT02401_OUT
recent2,KOSPI200,foreign,036460,한국가스공사,80929,91467,10538,2837908225,3217738725,379830500,KRX MDCSTAT02401_OUT
recent2,KOSPI200,foreign,302440,SK바이오사이언스,46301,56490,10189,1663382825,2040861000,377478175,KRX MDCSTAT02401_OUT
recent2,KOSPI200,foreign,002790,아모레퍼시픽홀딩스,73469,86277,12808,1957523325,2296607550,339084225,KRX MDCSTAT02401_OUT
recent2,KOSPI200,foreign,111770,영원무역,46413,51097,4684,3293573600,3624041700,330468100,KRX MDCSTAT02401_OUT
recent2,KOSPI200,foreign,006650,대한유화,23859,27132,3273,2157738900,2464421950,306683050,KRX MDCSTAT02401_OUT
recent2,KOSPI200,foreign,009240,한샘,26231,32500,6269,1055862200,1312461700,256599500,KRX MDCSTAT02401_OUT
recent2,KOSPI200,foreign,001800,오리온홀딩스,48040,57943,9903,1157348400,1396237600,238889200,KRX MDCSTAT02401_OUT
recent2,KOSPI200,foreign,000670,영풍,54319,58066,3747,2285760475,2439239775,153479300,KRX MDCSTAT02401_OUT
recent2,KOSPI200,foreign,002840,미원상사,1662,2762,1100,226795100,377945700,151150600,KRX MDCSTAT02401_OUT
recent2,KOSPI200,foreign,009970,영원무역홀딩스,9412,10290,878,1564782450,1710865200,146082750,KRX MDCSTAT02401_OUT
recent2,KOSPI200,foreign,052690,한전기술,108649,111152,2503,13631273250,13774318250,143045000,KRX MDCSTAT02401_OUT
recent2,KOSPI200,foreign,000240,한국앤컴퍼니,46186,50542,4356,1150866050,1260651275,109785225,KRX MDCSTAT02401_OUT
recent2,KOSPI200,foreign,137310,에스디바이오센서,120348,134536,14188,733123040,823507550,90384510,KRX MDCSTAT02401_OUT
recent2,KOSPI200,foreign,185750,종근당,31945,32790,845,2068666850,2124581900,55915050,KRX MDCSTAT02401_OUT
recent2,KOSPI200,foreign,001680,대상,52462,55283,2821,955469810,1006673580,51203770,KRX MDCSTAT02401_OUT
recent2,KOSPI200,foreign,268280,미원에스씨,603,970,367,79836600,127796600,47960000,KRX MDCSTAT02401_OUT
recent2,KOSPI200,foreign,007700,F&F홀딩스,1495,2235,740,20005090,29968110,9963020,KRX MDCSTAT02401_OUT
recent2,KOSPI200,foreign,280360,롯데웰푸드,10123,10196,73,1273036100,1281072000,8035900,KRX MDCSTAT02401_OUT
recent2,KOSPI200,foreign,007310,오뚜기,2994,3012,18,951490750,959284750,7794000,KRX MDCSTAT02401_OUT
recent2,KOSPI200,foreign,035250,강원랜드,272860,272463,-397,3933479730,3926460730,-7019000,KRX MDCSTAT02401_OUT
recent2,KOSPI200,foreign,377300,카카오페이,104920,103311,-1609,4229384000,4212551950,-16832050,KRX MDCSTAT02401_OUT
recent2,KOSPI200,foreign,006040,동원산업,29586,28810,-776,1056034725,1029545550,-26489175,KRX MDCSTAT02401_OUT
recent2,KOSPI200,foreign,026960,동서,44139,42538,-1601,1133856750,1091536900,-42319850,KRX MDCSTAT02401_OUT
recent2,KOSPI200,foreign,103140,풍산,47235,46489,-746,3667278400,3624321900,-42956500,KRX MDCSTAT02401_OUT
recent2,KOSPI200,foreign,014820,동원시스템즈,13366,10925,-2441,280610400,229247425,-51362975,KRX MDCSTAT02401_OUT
recent2,KOSPI200,foreign,003240,태광산업,564,492,-72,506545000,443621000,-62924000,KRX MDCSTAT02401_OUT
recent2,KOSPI200,foreign,008730,율촌화학,65639,59547,-6092,961611370,878221770,-83389600,KRX MDCSTAT02401_OUT
recent2,KOSPI200,foreign,069260,TKG휴켐스,70990,64563,-6427,1178875870,1059196070,-119679800,KRX MDCSTAT02401_OUT
recent2,KOSPI200,foreign,007340,DN오토모티브,117733,114274,-3459,5836619400,5646901950,-189717450,KRX MDCSTAT02401_OUT
recent2,KOSPI200,foreign,139480,이마트,64466,61429,-3037,4621425050,4410165900,-211259150,KRX MDCSTAT02401_OUT
recent2,KOSPI200,foreign,017960,한국카본,86253,74505,-11748,1727278285,1500159750,-227118535,KRX MDCSTAT02401_OUT
recent2,KOSPI200,foreign,000120,CJ대한통운,25950,22581,-3369,1825408200,1591377300,-234030900,KRX MDCSTAT02401_OUT
recent2,KOSPI200,foreign,002030,아세아,2734,1325,-1409,562729000,272797000,-289932000,KRX MDCSTAT02401_OUT
recent2,KOSPI200,foreign,011780,금호석유화학,61156,58272,-2884,7135198300,6828548400,-306649900,KRX MDCSTAT02401_OUT
recent2,KOSPI200,foreign,267270,HD건설기계,136196,132904,-3292,17198991900,16887035700,-311956200,KRX MDCSTAT02401_OUT
recent2,KOSPI200,foreign,003090,대웅,54840,29015,-25825,860850715,456919840,-403930875,KRX MDCSTAT02401_OUT
recent2,KOSPI200,foreign,005420,코스모화학,134130,93590,-40540,1377888780,969302950,-408585830,KRX MDCSTAT02401_OUT
recent2,KOSPI200,foreign,030200,KT,274602,266261,-8341,14524566438,14086255638,-438310800,KRX MDCSTAT02401_OUT
recent2,KOSPI200,foreign,003230,삼양식품,25690,25236,-454,31329077500,30857372000,-471705500,KRX MDCSTAT02401_OUT
recent2,KOSPI200,foreign,298050,HS효성첨단소재,10241,7161,-3080,1650825700,1170480050,-480345650,KRX MDCSTAT02401_OUT
recent2,KOSPI200,foreign,028670,팬오션,1943170,1847830,-95340,11200713955,10688126290,-512587665,KRX MDCSTAT02401_OUT
recent2,KOSPI200,foreign,051600,한전KPS,91368,78760,-12608,4143152475,3579632225,-563520250,KRX MDCSTAT02401_OUT
recent2,KOSPI200,foreign,015760,한국전력,763509,738350,-25159,23157727925,22537944600,-619783325,KRX MDCSTAT02401_OUT
recent2,KOSPI200,foreign,008930,한미사이언스,81953,68514,-13439,4254862300,3565219350,-689642950,KRX MDCSTAT02401_OUT
recent2,KOSPI200,foreign,022100,포스코DX,162134,125695,-36439,3242053875,2526043505,-716010370,KRX MDCSTAT02401_OUT
recent2,KOSPI200,foreign,0126Z0,삼성에피스홀딩스,35764,33282,-2482,11909461500,11142639000,-766822500,KRX MDCSTAT02401_OUT
recent2,KOSPI200,foreign,008770,호텔신라,117347,96914,-20433,4721351475,3902220250,-819131225,KRX MDCSTAT02401_OUT
recent2,KOSPI200,foreign,081660,미스토홀딩스,139323,117443,-21880,5327706000,4490882550,-836823450,KRX MDCSTAT02401_OUT
recent2,KOSPI200,foreign,298020,효성티앤씨,16190,13271,-2919,4792578250,3944549000,-848029250,KRX MDCSTAT02401_OUT
recent2,KOSPI200,foreign,128940,한미약품,40179,38508,-1671,20295059250,19416725750,-878333500,KRX MDCSTAT02401_OUT
recent2,KOSPI200,foreign,069620,대웅제약,17069,8758,-8311,1820705350,938666750,-882038600,KRX MDCSTAT02401_OUT
recent2,KOSPI200,foreign,267250,HD현대,170973,165857,-5116,35317685750,34423961750,-893724000,KRX MDCSTAT02401_OUT
recent2,KOSPI200,foreign,079550,LIG디펜스앤에어로스페이스,44371,42807,-1564,30369987000,29452766000,-917221000,KRX MDCSTAT02401_OUT
recent2,KOSPI200,foreign,071320,지역난방공사,18356,6107,-12249,1443872150,481066900,-962805250,KRX MDCSTAT02401_OUT
recent2,KOSPI200,foreign,361610,SK아이이테크놀로지,323871,259771,-64100,5650935630,4642080445,-1008855185,KRX MDCSTAT02401_OUT
recent2,KOSPI200,foreign,039490,키움증권,96010,91390,-4620,24479362750,23285706500,-1193656250,KRX MDCSTAT02401_OUT
recent2,KOSPI200,foreign,082740,한화엔진,270855,244591,-26264,12738587575,11526791900,-1211795675,KRX MDCSTAT02401_OUT
recent2,KOSPI200,foreign,005940,NH투자증권,400697,354285,-46412,10450903200,9237660600,-1213242600,KRX MDCSTAT02401_OUT
recent2,KOSPI200,foreign,307950,현대오토에버,27415,24182,-3233,10189810750,8964144000,-1225666750,KRX MDCSTAT02401_OUT
recent2,KOSPI200,foreign,012750,에스원,138054,122436,-15618,11421045531,10126382231,-1294663300,KRX MDCSTAT02401_OUT
recent2,KOSPI200,foreign,066970,엘앤에프,241796,226736,-15060,26953549400,25657167750,-1296381650,KRX MDCSTAT02401_OUT
recent2,KOSPI200,foreign,180640,한진칼,66119,55719,-10400,9120358800,7778997450,-1341361350,KRX MDCSTAT02401_OUT
recent2,KOSPI200,foreign,003550,LG,252279,239830,-12449,28299939850,26931079700,-1368860150,KRX MDCSTAT02401_OUT
recent2,KOSPI200,foreign,017800,현대엘리베이터,72825,52343,-20482,5353857900,3856387800,-1497470100,KRX MDCSTAT02401_OUT
recent2,KOSPI200,foreign,004990,롯데지주,130741,66786,-63955,3168611150,1626123525,-1542487625,KRX MDCSTAT02401_OUT
recent2,KOSPI200,foreign,034230,파라다이스,267489,100473,-167016,2547472320,963267880,-1584204440,KRX MDCSTAT02401_OUT
recent2,KOSPI200,foreign,047040,대우건설,5627724,5300427,-327297,100186924790,98465311615,-1721613175,KRX MDCSTAT02401_OUT
recent2,KOSPI200,foreign,005830,DB손해보험,203916,195024,-8892,38871995500,37140184000,-1731811500,KRX MDCSTAT02401_OUT
recent2,KOSPI200,foreign,278470,에이피알,157800,152528,-5272,57810853250,55853519250,-1957334000,KRX MDCSTAT02401_OUT
recent2,KOSPI200,foreign,018880,한온시스템,2556153,1900281,-655872,8249803983,6207216742,-2042587241,KRX MDCSTAT02401_OUT
recent2,KOSPI200,foreign,138040,메리츠금융지주,171770,156519,-15251,22683976850,20595942650,-2088034200,KRX MDCSTAT02401_OUT
recent2,KOSPI200,foreign,011170,롯데케미칼,134828,100363,-34465,8226168950,6121492700,-2104676250,KRX MDCSTAT02401_OUT
recent2,KOSPI200,foreign,001430,세아베스틸지주,130177,78266,-51911,5861687025,3537303325,-2324383700,KRX MDCSTAT02401_OUT
recent2,KOSPI200,foreign,326030,SK바이오팜,102672,67303,-35369,7723060850,5085437450,-2637623400,KRX MDCSTAT02401_OUT
recent2,KOSPI200,foreign,175330,JB금융지주,441199,344332,-96867,13612175700,10623043050,-2989132650,KRX MDCSTAT02401_OUT
recent2,KOSPI200,foreign,036570,NC,70679,56021,-14658,15032969500,12007872500,-3025097000,KRX MDCSTAT02401_OUT
recent2,KOSPI200,foreign,450080,에코프로머티,297501,204658,-92843,10321794850,7183783200,-3138011650,KRX MDCSTAT02401_OUT
recent2,KOSPI200,foreign,071970,HD현대마린엔진,157506,81744,-75762,7487629025,3925748875,-3561880150,KRX MDCSTAT02401_OUT
recent2,KOSPI200,foreign,078930,GS,337075,302857,-34218,37575590750,33835593550,-3739997200,KRX MDCSTAT02401_OUT
recent2,KOSPI200,foreign,241560,두산밥캣,248677,178476,-70201,14028427450,10226650600,-3801776850,KRX MDCSTAT02401_OUT
recent2,KOSPI200,foreign,457190,이수스페셜티케미컬,186388,123978,-62410,12273974300,8272622200,-4001352100,KRX MDCSTAT02401_OUT
recent2,KOSPI200,foreign,003490,대한항공,2191818,2058268,-133550,68688559650,64509150250,-4179409400,KRX MDCSTAT02401_OUT
recent2,KOSPI200,foreign,033780,KT&G,316714,292170,-24544,55758089400,51446916700,-4311172700,KRX MDCSTAT02401_OUT
recent2,KOSPI200,foreign,071050,한국금융지주,182994,158210,-24784,32854359350,28439033250,-4415326100,KRX MDCSTAT02401_OUT
recent2,KOSPI200,foreign,021240,코웨이,216335,164905,-51430,21872438500,16616186750,-5256251750,KRX MDCSTAT02401_OUT
recent2,KOSPI200,foreign,051910,LG화학,234094,210132,-23962,59555433250,53889314250,-5666119000,KRX MDCSTAT02401_OUT
recent2,KOSPI200,foreign,454910,두산로보틱스,166108,81516,-84592,11479276700,5629868250,-5849408450,KRX MDCSTAT02401_OUT
recent2,KOSPI200,foreign,090430,아모레퍼시픽,193361,151489,-41872,27579697750,21616707800,-5962989950,KRX MDCSTAT02401_OUT
recent2,KOSPI200,foreign,006800,미래에셋증권,591155,399379,-191776,18540133775,12512875925,-6027257850,KRX MDCSTAT02401_OUT
recent2,KOSPI200,foreign,005490,POSCO홀딩스,150822,127639,-23183,46602845250,39726406500,-6876438750,KRX MDCSTAT02401_OUT
recent2,KOSPI200,foreign,272210,한화시스템,400445,296889,-103556,28887069250,21471855700,-7415213550,KRX MDCSTAT02401_OUT
recent2,KOSPI200,foreign,034220,LG디스플레이,4024709,3053231,-971478,33725566470,25701407315,-8024159155,KRX MDCSTAT02401_OUT
recent2,KOSPI200,foreign,014680,한솔케미칼,75046,41401,-33645,18225939500,10054117000,-8171822500,KRX MDCSTAT02401_OUT
recent2,KOSPI200,foreign,112610,씨에스윈드,353427,179834,-173593,17956272225,9287818475,-8668453750,KRX MDCSTAT02401_OUT
recent2,KOSPI200,foreign,000810,삼성화재,102463,88852,-13611,66905278000,58142890000,-8762388000,KRX MDCSTAT02401_OUT
recent2,KOSPI200,foreign,016360,삼성증권,330363,230832,-99531,29211897400,20407680750,-8804216650,KRX MDCSTAT02401_OUT
recent2,KOSPI200,foreign,051900,LG생활건강,113092,74648,-38444,32228123500,21321555250,-10906568250,KRX MDCSTAT02401_OUT
recent2,KOSPI200,foreign,007660,이수페타시스,589967,474143,-115824,67853246800,54683317300,-13169929500,KRX MDCSTAT02401_OUT
recent2,KOSPI200,foreign,009830,한화솔루션,3880282,3470769,-409513,126361150950,113170218450,-13190932500,KRX MDCSTAT02401_OUT
recent2,KOSPI200,foreign,064350,현대로템,495410,378372,-117038,56526440500,43319763700,-13206676800,KRX MDCSTAT02401_OUT
recent2,KOSPI200,foreign,003670,포스코퓨처엠,289391,200138,-89253,52026068250,36251044200,-15775024050,KRX MDCSTAT02401_OUT
recent2,KOSPI200,foreign,042660,한화오션,562718,350881,-211837,44493914900,27900700400,-16593214500,KRX MDCSTAT02401_OUT
recent2,KOSPI200,foreign,298040,효성중공업,37696,30539,-7157,105592280000,85626088000,-19966192000,KRX MDCSTAT02401_OUT
recent2,KOSPI200,foreign,028050,삼성E&A,1576033,1109760,-466273,76749411275,54639918350,-22109492925,KRX MDCSTAT02401_OUT
recent2,KOSPI200,foreign,055550,신한지주,1149826,879213,-270613,126976539550,97176750850,-29799788700,KRX MDCSTAT02401_OUT
recent2,KOSPI200,foreign,034730,SK,167526,112627,-54899,97874026000,65795655000,-32078371000,KRX MDCSTAT02401_OUT
recent2,KOSPI200,foreign,001440,대한전선,1548366,463000,-1085366,46455076550,13917473425,-32537603125,KRX MDCSTAT02401_OUT
recent2,KOSPI200,foreign,267260,HD현대일렉트릭,167805,110516,-57289,114862590000,75598800000,-39263790000,KRX MDCSTAT02401_OUT
recent2,KOSPI200,foreign,105560,KB금융,1125238,884515,-240723,194888123026,153310599626,-41577523400,KRX MDCSTAT02401_OUT
recent2,KOSPI200,foreign,000150,두산,88914,57239,-31675,126218823884,81365512884,-44853311000,KRX MDCSTAT02401_OUT
recent2,KOSPI200,foreign,028260,삼성물산,562981,419971,-143010,195087353846,145374041346,-49713312500,KRX MDCSTAT02401_OUT
recent2,KOSPI200,foreign,034020,두산에너빌리티,1506304,808867,-697437,121157085000,65485760500,-55671324500,KRX MDCSTAT02401_OUT
recent2,KOSPI200,foreign,005380,현대차,589495,391598,-197897,207041363750,138089271500,-68952092250,KRX MDCSTAT02401_OUT
recent2,KOSPI200,foreign,010140,삼성중공업,4946332,1369800,-3576532,97155427470,27100159705,-70055267765,KRX MDCSTAT02401_OUT
recent2,KOSPI200,foreign,402340,SK스퀘어,710341,641440,-68901,790915948986,714823200986,-76092748000,KRX MDCSTAT02401_OUT
recent2,KOSPI200,foreign,009150,삼성전기,413328,325702,-87626,626481225000,498007780000,-128473445000,KRX MDCSTAT02401_OUT
recent2,KOSPI200,foreign,005930,삼성전자,16044684,8511509,-7533175,4390225202470,2331907315220,-2058317887250,KRX MDCSTAT02401_OUT
recent2,KOSPI200,foreign,000660,SK하이닉스,3473356,1594992,-1878364,6174989070517,2840992135017,-3333996935500,KRX MDCSTAT02401_OUT
recent2,KOSPI200,institution,009150,삼성전기,342693,409937,67244,521378772500,625625364000,104246591500,KRX MDCSTAT02401_OUT
recent2,KOSPI200,institution,011070,LG이노텍,113622,227865,114243,65947554500,132435400500,66487846000,KRX MDCSTAT02401_OUT
recent2,KOSPI200,institution,105560,KB금융,370403,634061,263658,64197420100,109832272450,45634852350,KRX MDCSTAT02401_OUT
recent2,KOSPI200,institution,042700,한미반도체,179344,341135,161791,43339272000,83512256250,40172984250,KRX MDCSTAT02401_OUT
recent2,KOSPI200,institution,009830,한화솔루션,723895,1814539,1090644,23692774750,59439180625,35746405875,KRX MDCSTAT02401_OUT
recent2,KOSPI200,institution,055550,신한지주,405692,722350,316658,44809566200,79786344750,34976778550,KRX MDCSTAT02401_OUT
recent2,KOSPI200,institution,034730,SK,69880,115229,45349,40615060500,67149985000,26534924500,KRX MDCSTAT02401_OUT
recent2,KOSPI200,institution,000990,DB하이텍,202633,329093,126460,26888303400,44821793450,17933490050,KRX MDCSTAT02401_OUT
recent2,KOSPI200,institution,373220,LG에너지솔루션,188800,227556,38756,67254728750,81620993750,14366265000,KRX MDCSTAT02401_OUT
recent2,KOSPI200,institution,138040,메리츠금융지주,94426,199506,105080,12414676150,26323246800,13908570650,KRX MDCSTAT02401_OUT
recent2,KOSPI200,institution,010950,S-Oil,102499,187878,85379,16465614300,30278990750,13813376450,KRX MDCSTAT02401_OUT
recent2,KOSPI200,institution,014680,한솔케미칼,21903,75566,53663,5277544000,18312662750,13035118750,KRX MDCSTAT02401_OUT
recent2,KOSPI200,institution,003490,대한항공,872615,1284899,412284,27311499875,40254467400,12942967525,KRX MDCSTAT02401_OUT
recent2,KOSPI200,institution,096770,SK이노베이션,467449,533772,66323,71298697650,82646559650,11347862000,KRX MDCSTAT02401_OUT
recent2,KOSPI200,institution,003230,삼양식품,6108,15192,9084,7469458000,18606060500,11136602500,KRX MDCSTAT02401_OUT
recent2,KOSPI200,institution,000810,삼성화재,25229,41278,16049,16520230500,26950211000,10429980500,KRX MDCSTAT02401_OUT
recent2,KOSPI200,institution,090430,아모레퍼시픽,57847,125663,67816,8243466300,17921867900,9678401600,KRX MDCSTAT02401_OUT
recent2,KOSPI200,institution,112610,씨에스윈드,92634,268628,175994,4720133900,13783420550,9063286650,KRX MDCSTAT02401_OUT
recent2,KOSPI200,institution,051900,LG생활건강,18904,43967,25063,5427473750,12598794000,7171320250,KRX MDCSTAT02401_OUT
recent2,KOSPI200,institution,483650,달바글로벌,16256,53056,36800,3015294000,9882319050,6867025050,KRX MDCSTAT02401_OUT
recent2,KOSPI200,institution,066570,LG전자,231176,261682,30506,49570497250,56171551750,6601054500,KRX MDCSTAT02401_OUT
recent2,KOSPI200,institution,007660,이수페타시스,248581,302821,54240,28564980600,35066945200,6501964600,KRX MDCSTAT02401_OUT
recent2,KOSPI200,institution,021240,코웨이,59821,119653,59832,6038601700,12152260150,6113658450,KRX MDCSTAT02401_OUT
recent2,KOSPI200,institution,078930,GS,212498,255695,43197,23881775300,28851964250,4970188950,KRX MDCSTAT02401_OUT
recent2,KOSPI200,institution,005830,DB손해보험,79204,104158,24954,15069397650,19861697050,4792299400,KRX MDCSTAT02401_OUT
recent2,KOSPI200,institution,010060,OCI홀딩스,129518,150269,20751,28904427500,33656123500,4751696000,KRX MDCSTAT02401_OUT
recent2,KOSPI200,institution,361610,SK아이이테크놀로지,92308,333011,240703,1621227520,5918316220,4297088700,KRX MDCSTAT02401_OUT
recent2,KOSPI200,institution,175330,JB금융지주,157296,295890,138594,4850322150,9132846975,4282524825,KRX MDCSTAT02401_OUT
recent2,KOSPI200,institution,005940,NH투자증권,218260,367595,149335,5690209250,9602769150,3912559900,KRX MDCSTAT02401_OUT
recent2,KOSPI200,institution,017670,SK텔레콤,289998,332749,42751,25046605700,28870053200,3823447500,KRX MDCSTAT02401_OUT
recent2,KOSPI200,institution,001430,세아베스틸지주,64205,132528,68323,2889673125,5967206025,3077532900,KRX MDCSTAT02401_OUT
recent2,KOSPI200,institution,011170,롯데케미칼,96909,145782,48873,5908788550,8954069550,3045281000,KRX MDCSTAT02401_OUT
recent2,KOSPI200,institution,028670,팬오션,884159,1360508,476349,5095573570,7859295380,2763721810,KRX MDCSTAT02401_OUT
recent2,KOSPI200,institution,192820,코스맥스,31443,40437,8994,8616867750,11110230000,2493362250,KRX MDCSTAT02401_OUT
recent2,KOSPI200,institution,007340,DN오토모티브,70982,119065,48083,3516196650,5919536100,2403339450,KRX MDCSTAT02401_OUT
recent2,KOSPI200,institution,006260,LS,46783,53846,7063,14726457750,16956764000,2230306250,KRX MDCSTAT02401_OUT
recent2,KOSPI200,institution,017800,현대엘리베이터,46550,71993,25443,3422542750,5291464900,1868922150,KRX MDCSTAT02401_OUT
recent2,KOSPI200,institution,093370,후성,249333,381432,132099,3492093255,5342518840,1850425585,KRX MDCSTAT02401_OUT
recent2,KOSPI200,institution,352820,하이브,93979,103634,9655,15079733100,16726190650,1646457550,KRX MDCSTAT02401_OUT
recent2,KOSPI200,institution,008930,한미사이언스,26696,58168,31472,1385860050,3023829200,1637969150,KRX MDCSTAT02401_OUT
recent2,KOSPI200,institution,036570,NC,41773,49311,7538,8865262000,10460767500,1595505500,KRX MDCSTAT02401_OUT
recent2,KOSPI200,institution,011790,SKC,65479,82853,17374,5981102700,7571665300,1590562600,KRX MDCSTAT02401_OUT
recent2,KOSPI200,institution,016360,삼성증권,108480,126385,17905,9564010950,11138670900,1574659950,KRX MDCSTAT02401_OUT
recent2,KOSPI200,institution,103140,풍산,24861,44394,19533,1931178150,3452354800,1521176650,KRX MDCSTAT02401_OUT
recent2,KOSPI200,institution,012750,에스원,29630,46349,16719,2453114600,3840374050,1387259450,KRX MDCSTAT02401_OUT
recent2,KOSPI200,institution,004370,농심,8199,11521,3322,3292520750,4635199750,1342679000,KRX MDCSTAT02401_OUT
recent2,KOSPI200,institution,139130,iM금융지주,174499,243433,68934,3259298940,4547345195,1288046255,KRX MDCSTAT02401_OUT
recent2,KOSPI200,institution,088350,한화생명,740436,933840,193404,4286271210,5415536080,1129264870,KRX MDCSTAT02401_OUT
recent2,KOSPI200,institution,000670,영풍,19144,44151,25007,810727900,1876215725,1065487825,KRX MDCSTAT02401_OUT
recent2,KOSPI200,institution,032640,LG유플러스,238805,309836,71031,3516593750,4566459860,1049866110,KRX MDCSTAT02401_OUT
recent2,KOSPI200,institution,009240,한샘,6062,30480,24418,244346150,1227597425,983251275,KRX MDCSTAT02401_OUT
recent2,KOSPI200,institution,066970,엘앤에프,229197,234250,5053,25469230350,26423924300,954693950,KRX MDCSTAT02401_OUT
recent2,KOSPI200,institution,004990,롯데지주,32642,69394,36752,795609325,1687972350,892363025,KRX MDCSTAT02401_OUT
recent2,KOSPI200,institution,180640,한진칼,37698,43979,6281,5191866100,6072072400,880206300,KRX MDCSTAT02401_OUT
recent2,KOSPI200,institution,024110,기업은행,266650,308265,41615,5526349225,6362361625,836012400,KRX MDCSTAT02401_OUT
recent2,KOSPI200,institution,081660,미스토홀딩스,45039,65975,20936,1720345650,2522922425,802576775,KRX MDCSTAT02401_OUT
recent2,KOSPI200,institution,139480,이마트,19430,28658,9228,1393296300,2058407500,665111200,KRX MDCSTAT02401_OUT
recent2,KOSPI200,institution,011200,HMM,237240,267242,30002,5006610025,5647173225,640563200,KRX MDCSTAT02401_OUT
recent2,KOSPI200,institution,443060,HD현대마린솔루션,27569,29826,2257,6556486750,7101412000,544925250,KRX MDCSTAT02401_OUT
recent2,KOSPI200,institution,064350,현대로템,150247,154037,3790,17304811100,17765688950,460877850,KRX MDCSTAT02401_OUT
recent2,KOSPI200,institution,018880,한온시스템,418906,553429,134523,1362749234,1797435874,434686640,KRX MDCSTAT02401_OUT
recent2,KOSPI200,institution,030200,KT,205060,212469,7409,10807228550,11219889550,412661000,KRX MDCSTAT02401_OUT
recent2,KOSPI200,institution,323410,카카오뱅크,316473,334779,18306,6392108620,6774420190,382311570,KRX MDCSTAT02401_OUT
recent2,KOSPI200,institution,272210,한화시스템,188523,194075,5552,13610312800,13979509500,369196700,KRX MDCSTAT02401_OUT
recent2,KOSPI200,institution,069620,대웅제약,7935,11245,3310,846297350,1202494650,356197300,KRX MDCSTAT02401_OUT
recent2,KOSPI200,institution,003030,세아제강지주,19896,22883,2987,2135834500,2472570450,336735950,KRX MDCSTAT02401_OUT
recent2,KOSPI200,institution,207940,삼성바이오로직스,25230,25413,183,34894849500,35204848500,309999000,KRX MDCSTAT02401_OUT
recent2,KOSPI200,institution,000240,한국앤컴퍼니,33820,46224,12404,845265575,1154085050,308819475,KRX MDCSTAT02401_OUT
recent2,KOSPI200,institution,001680,대상,24813,41032,16219,452536575,749873715,297337140,KRX MDCSTAT02401_OUT
recent2,KOSPI200,institution,026960,동서,34033,44815,10782,872726950,1151931900,279204950,KRX MDCSTAT02401_OUT
recent2,KOSPI200,institution,002790,아모레퍼시픽홀딩스,21856,31871,10015,580782950,850612975,269830025,KRX MDCSTAT02401_OUT
recent2,KOSPI200,institution,001450,현대해상,182131,186865,4734,9036683675,9303172850,266489175,KRX MDCSTAT02401_OUT
recent2,KOSPI200,institution,111770,영원무역,14375,17995,3620,1019006250,1278951250,259945000,KRX MDCSTAT02401_OUT
recent2,KOSPI200,institution,071320,지역난방공사,1863,5098,3235,146287350,402521450,256234100,KRX MDCSTAT02401_OUT
recent2,KOSPI200,institution,002030,아세아,1116,2185,1069,229418000,450036000,220618000,KRX MDCSTAT02401_OUT
recent2,KOSPI200,institution,005850,에스엘,32728,37044,4316,1631652150,1851069725,219417575,KRX MDCSTAT02401_OUT
recent2,KOSPI200,institution,034230,파라다이스,34824,54384,19560,333731765,523175730,189443965,KRX MDCSTAT02401_OUT
recent2,KOSPI200,institution,007310,오뚜기,997,1451,454,317312500,462245250,144932750,KRX MDCSTAT02401_OUT
recent2,KOSPI200,institution,097950,CJ제일제당,20513,20985,472,3662180350,3748659600,86479250,KRX MDCSTAT02401_OUT
recent2,KOSPI200,institution,069260,TKG휴켐스,23928,28858,4930,389272615,469934225,80661610,KRX MDCSTAT02401_OUT
recent2,KOSPI200,institution,008730,율촌화학,10834,16058,5224,158646220,235284080,76637860,KRX MDCSTAT02401_OUT
recent2,KOSPI200,institution,014820,동원시스템즈,11023,14520,3497,231442925,305460100,74017175,KRX MDCSTAT02401_OUT
recent2,KOSPI200,institution,271560,오리온,30000,30504,504,3328841850,3389223150,60381300,KRX MDCSTAT02401_OUT
recent2,KOSPI200,institution,005420,코스모화학,46916,51709,4793,480649280,534308260,53658980,KRX MDCSTAT02401_OUT
recent2,KOSPI200,institution,073240,금호타이어,197991,202951,4960,1344167255,1385417500,41250245,KRX MDCSTAT02401_OUT
recent2,KOSPI200,institution,377300,카카오페이,76400,75954,-446,3073153000,3106380500,33227500,KRX MDCSTAT02401_OUT
recent2,KOSPI200,institution,137310,에스디바이오센서,25829,30061,4232,157321580,183764710,26443130,KRX MDCSTAT02401_OUT
recent2,KOSPI200,institution,302440,SK바이오사이언스,33598,33971,373,1210789650,1224657050,13867400,KRX MDCSTAT02401_OUT
recent2,KOSPI200,institution,022100,포스코DX,91862,91822,-40,1834394125,1840081145,5687020,KRX MDCSTAT02401_OUT
recent2,KOSPI200,institution,005300,롯데칠성,3293,3328,35,315679550,318851600,3172050,KRX MDCSTAT02401_OUT
recent2,KOSPI200,institution,006040,동원산업,8923,8949,26,317403100,320216700,2813600,KRX MDCSTAT02401_OUT
recent2,KOSPI200,institution,007700,F&F홀딩스,454,505,51,6075150,6761220,686070,KRX MDCSTAT02401_OUT
recent2,KOSPI200,institution,001800,오리온홀딩스,23551,23508,-43,567191225,566884125,-307100,KRX MDCSTAT02401_OUT
recent2,KOSPI200,institution,268280,미원에스씨,866,770,-96,114017800,101985700,-12032100,KRX MDCSTAT02401_OUT
recent2,KOSPI200,institution,280360,롯데웰푸드,9984,9777,-207,1252767500,1228535500,-24232000,KRX MDCSTAT02401_OUT
recent2,KOSPI200,institution,009970,영원무역홀딩스,4366,4146,-220,725876600,690380450,-35496150,KRX MDCSTAT02401_OUT
recent2,KOSPI200,institution,000080,하이트진로,43630,40599,-3031,657323770,612693350,-44630420,KRX MDCSTAT02401_OUT
recent2,KOSPI200,institution,298050,HS효성첨단소재,4291,3973,-318,696005000,650280550,-45724450,KRX MDCSTAT02401_OUT
recent2,KOSPI200,institution,002840,미원상사,1999,1510,-489,271852200,206766500,-65085700,KRX MDCSTAT02401_OUT
recent2,KOSPI200,institution,003090,대웅,38740,34321,-4419,608316620,540885650,-67430970,KRX MDCSTAT02401_OUT
recent2,KOSPI200,institution,003240,태광산업,545,431,-114,490197000,387652000,-102545000,KRX MDCSTAT02401_OUT
recent2,KOSPI200,institution,036460,한국가스공사,57263,54044,-3219,1998926950,1895862475,-103064475,KRX MDCSTAT02401_OUT
recent2,KOSPI200,institution,000120,CJ대한통운,14574,13066,-1508,1026505550,920449200,-106056350,KRX MDCSTAT02401_OUT
recent2,KOSPI200,institution,003550,LG,85726,84646,-1080,9594852550,9481248500,-113604050,KRX MDCSTAT02401_OUT
recent2,KOSPI200,institution,300720,한일시멘트,33968,26272,-7696,550722605,426072150,-124650455,KRX MDCSTAT02401_OUT
recent2,KOSPI200,institution,161390,한국타이어앤테크놀로지,66841,64058,-2783,3926568450,3779497050,-147071400,KRX MDCSTAT02401_OUT
recent2,KOSPI200,institution,138930,BNK금융지주,247799,237523,-10276,4054182845,3886848340,-167334505,KRX MDCSTAT02401_OUT
recent2,KOSPI200,institution,000880,한화,27593,26213,-1380,3596188450,3406580100,-189608350,KRX MDCSTAT02401_OUT
recent2,KOSPI200,institution,051600,한전KPS,46031,41150,-4881,2082601350,1875894200,-206707150,KRX MDCSTAT02401_OUT
recent2,KOSPI200,institution,185750,종근당,8726,5406,-3320,564418350,351114650,-213303700,KRX MDCSTAT02401_OUT
recent2,KOSPI200,institution,204320,HL만도,45422,40503,-4919,2097979075,1867657725,-230321350,KRX MDCSTAT02401_OUT
recent2,KOSPI200,institution,011210,현대위아,16143,11290,-4853,866539550,604596950,-261942600,KRX MDCSTAT02401_OUT
recent2,KOSPI200,institution,457190,이수스페셜티케미컬,50741,45668,-5073,3282955100,2981925950,-301029150,KRX MDCSTAT02401_OUT
recent2,KOSPI200,institution,285130,SK케미칼,19424,13454,-5970,993960850,691832250,-302128600,KRX MDCSTAT02401_OUT
recent2,KOSPI200,institution,030000,제일기획,129609,108554,-21055,2309273430,1935525150,-373748280,KRX MDCSTAT02401_OUT
recent2,KOSPI200,institution,251270,넷마블,72923,61750,-11173,2544963650,2157206050,-387757600,KRX MDCSTAT02401_OUT
recent2,KOSPI200,institution,008770,호텔신라,41324,31420,-9904,1662620100,1266923200,-395696900,KRX MDCSTAT02401_OUT
recent2,KOSPI200,institution,0126Z0,삼성에피스홀딩스,5921,4543,-1378,1974195500,1522428250,-451767250,KRX MDCSTAT02401_OUT
recent2,KOSPI200,institution,004000,롯데정밀화학,27806,16945,-10861,1206847050,739767350,-467079700,KRX MDCSTAT02401_OUT
recent2,KOSPI200,institution,161890,한국콜마,55862,52510,-3352,8290946500,7815418450,-475528050,KRX MDCSTAT02401_OUT
recent2,KOSPI200,institution,035250,강원랜드,146308,112321,-33987,2107210335,1619295900,-487914435,KRX MDCSTAT02401_OUT
recent2,KOSPI200,institution,006280,녹십자,10796,6166,-4630,1322843950,758044150,-564799800,KRX MDCSTAT02401_OUT
recent2,KOSPI200,institution,002380,KCC,7770,6501,-1269,3683978750,3082674250,-601304500,KRX MDCSTAT02401_OUT
recent2,KOSPI200,institution,282330,BGF리테일,35408,30577,-4831,4651794100,4042439300,-609354800,KRX MDCSTAT02401_OUT
recent2,KOSPI200,institution,192080,더블유게임즈,28201,17153,-11048,1653889700,1007231400,-646658300,KRX MDCSTAT02401_OUT
recent2,KOSPI200,institution,120110,코오롱인더,54027,40978,-13049,2955848950,2255477700,-700371250,KRX MDCSTAT02401_OUT
recent2,KOSPI200,institution,267250,HD현대,61158,57553,-3605,12610840250,11898029000,-712811250,KRX MDCSTAT02401_OUT
recent2,KOSPI200,institution,068270,셀트리온,189480,184738,-4742,33737582000,32978215600,-759366400,KRX MDCSTAT02401_OUT
recent2,KOSPI200,institution,017960,한국카본,67037,27849,-39188,1343146860,558072430,-785074430,KRX MDCSTAT02401_OUT
recent2,KOSPI200,institution,034220,LG디스플레이,370796,260656,-110140,3102822840,2188014805,-914808035,KRX MDCSTAT02401_OUT
recent2,KOSPI200,institution,033780,KT&G,106400,100856,-5544,18686628150,17756347500,-930280650,KRX MDCSTAT02401_OUT
recent2,KOSPI200,institution,326030,SK바이오팜,35391,22440,-12951,2669255150,1693496300,-975758850,KRX MDCSTAT02401_OUT
recent2,KOSPI200,institution,007070,GS리테일,111964,68578,-43386,2548486950,1563005350,-985481600,KRX MDCSTAT02401_OUT
recent2,KOSPI200,institution,000210,DL,48439,28820,-19619,2469146700,1481947400,-987199300,KRX MDCSTAT02401_OUT
recent2,KOSPI200,institution,001440,대한전선,300415,269991,-30424,9073918550,8086620050,-987298500,KRX MDCSTAT02401_OUT
recent2,KOSPI200,institution,454910,두산로보틱스,51546,36760,-14786,3568137550,2538258250,-1029879300,KRX MDCSTAT02401_OUT
recent2,KOSPI200,institution,006650,대한유화,15845,4081,-11764,1430802750,367753200,-1063049550,KRX MDCSTAT02401_OUT
recent2,KOSPI200,institution,012330,현대모비스,111658,108575,-3083,41350053500,40238115000,-1111938500,KRX MDCSTAT02401_OUT
recent2,KOSPI200,institution,035720,카카오,400464,362507,-37957,13556071425,12324150500,-1231920925,KRX MDCSTAT02401_OUT
recent2,KOSPI200,institution,051910,LG화학,115882,109147,-6735,29500544000,27962156500,-1538387500,KRX MDCSTAT02401_OUT
recent2,KOSPI200,institution,023530,롯데쇼핑,43318,26766,-16552,4423716300,2736835350,-1686880950,KRX MDCSTAT02401_OUT
recent2,KOSPI200,institution,278470,에이피알,55091,49786,-5305,20032575500,18235429250,-1797146250,KRX MDCSTAT02401_OUT
recent2,KOSPI200,institution,011780,금호석유화학,28043,12105,-15938,3276671000,1416759900,-1859911100,KRX MDCSTAT02401_OUT
recent2,KOSPI200,institution,001040,CJ,62381,48160,-14221,8387747800,6523669400,-1864078400,KRX MDCSTAT02401_OUT
recent2,KOSPI200,institution,047810,한국항공우주,94037,79414,-14623,12067514350,10195771450,-1871742900,KRX MDCSTAT02401_OUT
recent2,KOSPI200,institution,000150,두산,34248,32881,-1367,48487495500,46366971000,-2120524500,KRX MDCSTAT02401_OUT
recent2,KOSPI200,institution,064400,LG씨엔에스,100186,67598,-32588,6999459950,4726727850,-2272732100,KRX MDCSTAT02401_OUT
recent2,KOSPI200,institution,005380,현대차,257087,249565,-7522,90200695000,87787714750,-2412980250,KRX MDCSTAT02401_OUT
recent2,KOSPI200,institution,241560,두산밥캣,94717,50813,-43904,5359289950,2878820250,-2480469700,KRX MDCSTAT02401_OUT
recent2,KOSPI200,institution,128940,한미약품,43525,38270,-5255,21962059500,19320221750,-2641837750,KRX MDCSTAT02401_OUT
recent2,KOSPI200,institution,047050,포스코인터내셔널,278328,227639,-50689,15331608950,12682470100,-2649138850,KRX MDCSTAT02401_OUT
recent2,KOSPI200,institution,307950,현대오토에버,20133,12848,-7285,7416062250,4757895000,-2658167250,KRX MDCSTAT02401_OUT
recent2,KOSPI200,institution,450080,에코프로머티,223894,142882,-81012,7754857800,4986113600,-2768744200,KRX MDCSTAT02401_OUT
recent2,KOSPI200,institution,010120,LS ELECTRIC,160690,146468,-14222,32751370250,29932113250,-2819257000,KRX MDCSTAT02401_OUT
recent2,KOSPI200,institution,267260,HD현대일렉트릭,37352,33346,-4006,25736926500,22912558000,-2824368500,KRX MDCSTAT02401_OUT
recent2,KOSPI200,institution,259960,크래프톤,51608,37117,-14491,10236499950,7400441950,-2836058000,KRX MDCSTAT02401_OUT
recent2,KOSPI200,institution,316140,우리금융지주,896912,813058,-83854,32411368425,29415784425,-2995584000,KRX MDCSTAT02401_OUT
recent2,KOSPI200,institution,032830,삼성생명,109860,98795,-11065,32056747750,28870134750,-3186613000,KRX MDCSTAT02401_OUT
recent2,KOSPI200,institution,039490,키움증권,41589,26866,-14723,10598064000,6858833500,-3739230500,KRX MDCSTAT02401_OUT
recent2,KOSPI200,institution,018260,삼성에스디에스,49985,30985,-19000,10893252500,6753942250,-4139310250,KRX MDCSTAT02401_OUT
recent2,KOSPI200,institution,029780,삼성카드,141989,42768,-99221,6101047550,1833386550,-4267661000,KRX MDCSTAT02401_OUT
recent2,KOSPI200,institution,006800,미래에셋증권,467646,324958,-142688,14661753600,10229876500,-4431877100,KRX MDCSTAT02401_OUT
recent2,KOSPI200,institution,298020,효성티앤씨,20842,4704,-16138,6040799500,1376108250,-4664691250,KRX MDCSTAT02401_OUT
recent2,KOSPI200,institution,028260,삼성물산,154971,141954,-13017,53901329500,49191211500,-4710118000,KRX MDCSTAT02401_OUT
recent2,KOSPI200,institution,009540,HD한국조선해양,76159,60757,-15402,24972871250,19991667000,-4981204250,KRX MDCSTAT02401_OUT
recent2,KOSPI200,institution,028050,삼성E&A,529557,418606,-110951,25599849500,20592615625,-5007233875,KRX MDCSTAT02401_OUT
recent2,KOSPI200,institution,079550,LIG디펜스앤에어로스페이스,37762,30067,-7695,25809358500,20666922500,-5142436000,KRX MDCSTAT02401_OUT
recent2,KOSPI200,institution,071970,HD현대마린엔진,132226,23311,-108915,6320054175,1117438825,-5202615350,KRX MDCSTAT02401_OUT
recent2,KOSPI200,institution,375500,DL이앤씨,181889,115047,-66842,14481639850,9240448550,-5241191300,KRX MDCSTAT02401_OUT
recent2,KOSPI200,institution,005490,POSCO홀딩스,149421,131005,-18416,46125797000,40665685000,-5460112000,KRX MDCSTAT02401_OUT
recent2,KOSPI200,institution,086790,하나금융지주,366503,323123,-43380,49210858850,43369669250,-5841189600,KRX MDCSTAT02401_OUT
recent2,KOSPI200,institution,082740,한화엔진,212761,85681,-127080,9887097325,4035503625,-5851593700,KRX MDCSTAT02401_OUT
recent2,KOSPI200,institution,000100,유한양행,166878,84627,-82251,12282389850,6237767400,-6044622450,KRX MDCSTAT02401_OUT
recent2,KOSPI200,institution,015760,한국전력,849289,641820,-207469,25691149275,19529074025,-6162075250,KRX MDCSTAT02401_OUT
recent2,KOSPI200,institution,004170,신세계,35552,14868,-20684,12076726250,5079077000,-6997649250,KRX MDCSTAT02401_OUT
recent2,KOSPI200,institution,071050,한국금융지주,102645,63842,-38803,18535118000,11490049900,-7045068100,KRX MDCSTAT02401_OUT
recent2,KOSPI200,institution,035420,NAVER,323892,283208,-40684,63371223250,55887401050,-7483822200,KRX MDCSTAT02401_OUT
recent2,KOSPI200,institution,003670,포스코퓨처엠,224033,178546,-45487,39799508750,32239684450,-7559824300,KRX MDCSTAT02401_OUT
recent2,KOSPI200,institution,069960,현대백화점,111066,15505,-95561,10022479050,1401213800,-8621265250,KRX MDCSTAT02401_OUT
recent2,KOSPI200,institution,009420,한올바이오파마,317174,116348,-200826,13790902600,5070863625,-8720038975,KRX MDCSTAT02401_OUT
recent2,KOSPI200,institution,052690,한전기술,137773,61325,-76448,17072732650,7643392950,-9429339700,KRX MDCSTAT02401_OUT
recent2,KOSPI200,institution,062040,산일전기,94513,42161,-52352,19089063200,8581093450,-10507969750,KRX MDCSTAT02401_OUT
recent2,KOSPI200,institution,004020,현대제철,627148,271520,-355628,19126661725,8277484025,-10849177700,KRX MDCSTAT02401_OUT
recent2,KOSPI200,institution,047040,대우건설,2559347,1851087,-708260,45753477230,34185192330,-11568284900,KRX MDCSTAT02401_OUT
recent2,KOSPI200,institution,086280,현대글로비스,118061,52413,-65648,23363039200,10384125900,-12978913300,KRX MDCSTAT02401_OUT
recent2,KOSPI200,institution,267270,HD건설기계,174500,67000,-107500,22065591950,8615796350,-13449795600,KRX MDCSTAT02401_OUT
recent2,KOSPI200,institution,012450,한화에어로스페이스,61444,46615,-14829,62711550500,47747528500,-14964022000,KRX MDCSTAT02401_OUT
recent2,KOSPI200,institution,010130,고려아연,23471,8687,-14784,25055068000,9386179000,-15668889000,KRX MDCSTAT02401_OUT
recent2,KOSPI200,institution,000270,기아,455922,317417,-138505,52751478400,36865771500,-15885706900,KRX MDCSTAT02401_OUT
recent2,KOSPI200,institution,298040,효성중공업,18292,12514,-5778,51114047500,35090880000,-16023167500,KRX MDCSTAT02401_OUT
recent2,KOSPI200,institution,000720,현대건설,462803,303481,-159322,55722115100,37217665400,-18504449700,KRX MDCSTAT02401_OUT
recent2,KOSPI200,institution,010140,삼성중공업,1760970,717964,-1043006,34413812135,14100406950,-20313405185,KRX MDCSTAT02401_OUT
recent2,KOSPI200,institution,042660,한화오션,429734,158365,-271369,34023161450,12615557000,-21407604450,KRX MDCSTAT02401_OUT
recent2,KOSPI200,institution,006400,삼성SDI,230155,174883,-55272,119590555500,91596746000,-27993809500,KRX MDCSTAT02401_OUT
recent2,KOSPI200,institution,329180,HD현대중공업,123865,56482,-67383,53373999000,24595152250,-28778846750,KRX MDCSTAT02401_OUT
recent2,KOSPI200,institution,034020,두산에너빌리티,1124411,682069,-442342,90233798500,55113681300,-35120117200,KRX MDCSTAT02401_OUT
recent2,KOSPI200,institution,402340,SK스퀘어,315661,253542,-62119,350598529500,281573977000,-69024552500,KRX MDCSTAT02401_OUT
recent2,KOSPI200,institution,000660,SK하이닉스,1786642,1554412,-232230,3177330634000,2762502667000,-414827967000,KRX MDCSTAT02401_OUT
recent2,KOSPI200,institution,005930,삼성전자,14315181,11958216,-2356965,3912934487000,3264104893750,-648829593250,KRX MDCSTAT02401_OUT
recent2,KOSDAQ150,foreign,036930,주성엔지니어링,382667,639163,256496,81424983500,136668344500,55243361000,KRX MDCSTAT02401_OUT
recent2,KOSDAQ150,foreign,403870,HPSP,1253058,2053751,800693,73536455600,120475594900,46939139300,KRX MDCSTAT02401_OUT
recent2,KOSDAQ150,foreign,222800,심텍,313938,524240,210302,46914608200,78384065350,31469457150,KRX MDCSTAT02401_OUT
recent2,KOSDAQ150,foreign,036540,SFA반도체,1410638,3098405,1687767,14821479965,32497515955,17676035990,KRX MDCSTAT02401_OUT
recent2,KOSDAQ150,foreign,095610,테스,120978,208376,87398,20172332650,34723196650,14550864000,KRX MDCSTAT02401_OUT
recent2,KOSDAQ150,foreign,098460,고영,630008,1105367,475359,18794258700,32999838825,14205580125,KRX MDCSTAT02401_OUT
recent2,KOSDAQ150,foreign,089030,테크윙,199462,410162,210700,9918580975,20412556800,10493975825,KRX MDCSTAT02401_OUT
recent2,KOSDAQ150,foreign,031980,피에스케이홀딩스,25827,81313,55486,4478650350,14106092900,9627442550,KRX MDCSTAT02401_OUT
recent2,KOSDAQ150,foreign,078600,대주전자재료,117524,216575,99051,10614395150,19812183500,9197788350,KRX MDCSTAT02401_OUT
recent2,KOSDAQ150,foreign,323280,태성,304754,469917,165163,15437641975,23782319125,8344677150,KRX MDCSTAT02401_OUT
recent2,KOSDAQ150,foreign,214450,파마리서치,31431,55627,24196,10002148750,17607874250,7605725500,KRX MDCSTAT02401_OUT
recent2,KOSDAQ150,foreign,131290,티에스이,42707,65832,23125,12512530000,19360289500,6847759500,KRX MDCSTAT02401_OUT
recent2,KOSDAQ150,foreign,241710,코스메카코리아,63102,102118,39016,8024568100,12880494800,4855926700,KRX MDCSTAT02401_OUT
recent2,KOSDAQ150,foreign,083650,비에이치아이,108211,178686,70475,6370638200,10643112500,4272474300,KRX MDCSTAT02401_OUT
recent2,KOSDAQ150,foreign,096530,씨젠,171610,290794,119184,5865483196,9921851371,4056368175,KRX MDCSTAT02401_OUT
recent2,KOSDAQ150,foreign,086520,에코프로,337284,381039,43755,26789577550,30715123500,3925545950,KRX MDCSTAT02401_OUT
recent2,KOSDAQ150,foreign,087010,펩트론,93035,120038,27003,12652924050,16068687100,3415763050,KRX MDCSTAT02401_OUT
recent2,KOSDAQ150,foreign,298380,에이비엘바이오,317138,382323,65185,15803069900,18952830925,3149761025,KRX MDCSTAT02401_OUT
recent2,KOSDAQ150,foreign,025980,아난티,528045,1034971,506926,2580859052,5027715224,2446856172,KRX MDCSTAT02401_OUT
recent2,KOSDAQ150,foreign,178320,서진시스템,1473693,1551501,77808,53504587550,55932151175,2427563625,KRX MDCSTAT02401_OUT
recent2,KOSDAQ150,foreign,006730,서부T&D,234791,433243,198452,2578068875,4864782780,2286713905,KRX MDCSTAT02401_OUT
recent2,KOSDAQ150,foreign,035900,JYP Ent.,117234,175506,58272,4446686925,6657871250,2211184325,KRX MDCSTAT02401_OUT
recent2,KOSDAQ150,foreign,183300,코미코,256639,319905,63266,8190515175,10135138350,1944623175,KRX MDCSTAT02401_OUT
recent2,KOSDAQ150,foreign,293490,카카오게임즈,159178,353169,193991,1511083030,3355289350,1844206320,KRX MDCSTAT02401_OUT
recent2,KOSDAQ150,foreign,014620,성광벤드,50298,109639,59341,1556297950,3376251925,1819953975,KRX MDCSTAT02401_OUT
recent2,KOSDAQ150,foreign,074600,원익QnC,62605,125530,62925,1823671200,3631725150,1808053950,KRX MDCSTAT02401_OUT
recent2,KOSDAQ150,foreign,161580,필옵틱스,630626,679535,48909,23254182950,25055298450,1801115500,KRX MDCSTAT02401_OUT
recent2,KOSDAQ150,foreign,053800,안랩,72735,96662,23927,5467514100,7247227700,1779713600,KRX MDCSTAT02401_OUT
recent2,KOSDAQ150,foreign,124500,아이티센글로벌,64414,126637,62223,1874989525,3649357475,1774367950,KRX MDCSTAT02401_OUT
recent2,KOSDAQ150,foreign,041190,우리기술투자,291824,588870,297046,1696937570,3421438155,1724500585,KRX MDCSTAT02401_OUT
recent2,KOSDAQ150,foreign,078340,컴투스,56299,103073,46774,2098788700,3817765875,1718977175,KRX MDCSTAT02401_OUT
recent2,KOSDAQ150,foreign,039030,이오테크닉스,52463,56234,3771,25515291000,27069659500,1554368500,KRX MDCSTAT02401_OUT
recent2,KOSDAQ150,foreign,218410,RFHIC,129289,156368,27079,7457163200,8964647600,1507484400,KRX MDCSTAT02401_OUT
recent2,KOSDAQ150,foreign,237690,에스티팜,47672,62932,15260,4425446800,5853367300,1427920500,KRX MDCSTAT02401_OUT
recent2,KOSDAQ150,foreign,290650,엘앤씨바이오,73085,103884,30799,3375638875,4800919725,1425280850,KRX MDCSTAT02401_OUT
recent2,KOSDAQ150,foreign,171090,선익시스템,34645,53145,18500,2432506900,3811361800,1378854900,KRX MDCSTAT02401_OUT
recent2,KOSDAQ150,foreign,033500,동성화인텍,58440,145122,86682,917029180,2288336470,1371307290,KRX MDCSTAT02401_OUT
recent2,KOSDAQ150,foreign,032500,케이엠더블유,111622,185025,73403,2112136890,3481313355,1369176465,KRX MDCSTAT02401_OUT
recent2,KOSDAQ150,foreign,050890,쏠리드,423659,561446,137787,4064657130,5411055180,1346398050,KRX MDCSTAT02401_OUT
recent2,KOSDAQ150,foreign,068760,셀트리온제약,53663,87644,33981,2079610175,3421125375,1341515200,KRX MDCSTAT02401_OUT
recent2,KOSDAQ150,foreign,232140,와이씨,1005689,1097726,92037,14079244050,15315598710,1236354660,KRX MDCSTAT02401_OUT
recent2,KOSDAQ150,foreign,056190,SFA,41192,81167,39975,1160215925,2280385925,1120170000,KRX MDCSTAT02401_OUT
recent2,KOSDAQ150,foreign,475830,오름테라퓨틱,248816,301369,52553,5803119100,6891712550,1088593450,KRX MDCSTAT02401_OUT
recent2,KOSDAQ150,foreign,060250,NHN KCP,101272,182006,80734,1360701655,2447629930,1086928275,KRX MDCSTAT02401_OUT
recent2,KOSDAQ150,foreign,030520,한컴,55940,117972,62032,976753020,2061413650,1084660630,KRX MDCSTAT02401_OUT
recent2,KOSDAQ150,foreign,213420,덕산네오룩스,55042,85704,30662,1610153700,2508049525,897895825,KRX MDCSTAT02401_OUT
recent2,KOSDAQ150,foreign,052400,코나아이,23108,45005,21897,880727825,1719540650,838812825,KRX MDCSTAT02401_OUT
recent2,KOSDAQ150,foreign,007390,네이처셀,173086,201329,28243,4246576700,5071808575,825231875,KRX MDCSTAT02401_OUT
recent2,KOSDAQ150,foreign,112040,위메이드,68804,118498,49694,1057396130,1832199025,774802895,KRX MDCSTAT02401_OUT
recent2,KOSDAQ150,foreign,166090,하나머티리얼즈,58216,71373,13157,3385995650,4150167000,764171350,KRX MDCSTAT02401_OUT
recent2,KOSDAQ150,foreign,009520,포스코엠텍,50290,108079,57789,619572465,1343302805,723730340,KRX MDCSTAT02401_OUT
recent2,KOSDAQ150,foreign,376300,디어유,80218,118148,37930,1407481050,2088962530,681481480,KRX MDCSTAT02401_OUT
recent2,KOSDAQ150,foreign,348210,넥스틴,32233,52356,20123,1090536700,1769277550,678740850,KRX MDCSTAT02401_OUT
recent2,KOSDAQ150,foreign,033100,제룡전기,33093,46273,13180,1565819375,2192542600,626723225,KRX MDCSTAT02401_OUT
recent2,KOSDAQ150,foreign,036620,감성코퍼레이션,149007,313977,164970,545752509,1150460215,604707706,KRX MDCSTAT02401_OUT
recent2,KOSDAQ150,foreign,348370,엔켐,109099,135776,26677,2221132880,2796767895,575635015,KRX MDCSTAT02401_OUT
recent2,KOSDAQ150,foreign,036810,에프에스티,73615,90451,16836,2290879575,2814203550,523323975,KRX MDCSTAT02401_OUT
recent2,KOSDAQ150,foreign,215200,메가스터디교육,22369,36469,14100,825445250,1345719875,520274625,KRX MDCSTAT02401_OUT
recent2,KOSDAQ150,foreign,080220,제주반도체,374714,381385,6671,28460059950,28971536450,511476500,KRX MDCSTAT02401_OUT
recent2,KOSDAQ150,foreign,043260,성호전자,978179,1010814,32635,24363014325,24868495275,505480950,KRX MDCSTAT02401_OUT
recent2,KOSDAQ150,foreign,025320,시노펙스,264266,395927,131661,998814920,1495348364,496533444,KRX MDCSTAT02401_OUT
recent2,KOSDAQ150,foreign,272290,이녹스첨단소재,50303,70696,20393,1071109575,1506043425,434933850,KRX MDCSTAT02401_OUT
recent2,KOSDAQ150,foreign,278280,천보,18125,30048,11923,636991400,1069390025,432398625,KRX MDCSTAT02401_OUT
recent2,KOSDAQ150,foreign,399720,가온칩스,56385,64891,8506,2575585700,2965438175,389852475,KRX MDCSTAT02401_OUT
recent2,KOSDAQ150,foreign,125490,한라캐스트,233127,266916,33789,2751814910,3136068800,384253890,KRX MDCSTAT02401_OUT
recent2,KOSDAQ150,foreign,082920,비츠로셀,149236,161269,12033,4201911750,4581820950,379909200,KRX MDCSTAT02401_OUT
recent2,KOSDAQ150,foreign,253450,스튜디오드래곤,22143,39562,17419,454731025,812695250,357964225,KRX MDCSTAT02401_OUT
recent2,KOSDAQ150,foreign,196170,알테오젠,134849,136625,1776,34137968000,34431863000,293895000,KRX MDCSTAT02401_OUT
recent2,KOSDAQ150,foreign,060280,큐렉소,168571,203475,34904,1374008365,1667288045,293279680,KRX MDCSTAT02401_OUT
recent2,KOSDAQ150,foreign,039200,오스코텍,83018,91320,8302,2950115925,3232318700,282202775,KRX MDCSTAT02401_OUT
recent2,KOSDAQ150,foreign,194480,데브시스터즈,17796,36106,18310,257367820,523938160,266570340,KRX MDCSTAT02401_OUT
recent2,KOSDAQ150,foreign,388720,유일로보틱스,9079,12426,3347,614949150,841374450,226425300,KRX MDCSTAT02401_OUT
recent2,KOSDAQ150,foreign,018290,브이티,217022,235305,18283,2590421585,2812076590,221655005,KRX MDCSTAT02401_OUT
recent2,KOSDAQ150,foreign,038500,삼표시멘트,293783,324916,31133,1960541125,2171772330,211231205,KRX MDCSTAT02401_OUT
recent2,KOSDAQ150,foreign,025900,동화기업,34106,58604,24498,233748580,401962530,168213950,KRX MDCSTAT02401_OUT
recent2,KOSDAQ150,foreign,015750,성우하이텍,77288,104911,27623,447039615,610282625,163243010,KRX MDCSTAT02401_OUT
recent2,KOSDAQ150,foreign,211050,인카금융서비스,40407,56345,15938,397729130,552075650,154346520,KRX MDCSTAT02401_OUT
recent2,KOSDAQ150,foreign,032190,다우데이타,39773,44903,5130,775327480,883561530,108234050,KRX MDCSTAT02401_OUT
recent2,KOSDAQ150,foreign,003380,하림지주,148342,156639,8297,1630289750,1737690885,107401135,KRX MDCSTAT02401_OUT
recent2,KOSDAQ150,foreign,214370,케어젠,49707,52100,2393,2008079275,2102279150,94199875,KRX MDCSTAT02401_OUT
recent2,KOSDAQ150,foreign,437730,삼현,133477,136864,3387,6650001750,6741756650,91754900,KRX MDCSTAT02401_OUT
recent2,KOSDAQ150,foreign,069080,웹젠,96439,98399,1960,1122531230,1145014050,22482820,KRX MDCSTAT02401_OUT
recent2,KOSDAQ150,foreign,095660,네오위즈,28344,29318,974,508719080,525458030,16738950,KRX MDCSTAT02401_OUT
recent2,KOSDAQ150,foreign,101730,위메이드맥스,79439,77601,-1838,361791460,356339185,-5452275,KRX MDCSTAT02401_OUT
recent2,KOSDAQ150,foreign,352480,씨앤씨인터내셔널,9508,8822,-686,205800000,189840275,-15959725,KRX MDCSTAT02401_OUT
recent2,KOSDAQ150,foreign,140860,파크시스템스,27169,27057,-112,7200073250,7170823500,-29249750,KRX MDCSTAT02401_OUT
recent2,KOSDAQ150,foreign,0009K0,에임드바이오,79884,77530,-2354,1735381100,1704530800,-30850300,KRX MDCSTAT02401_OUT
recent2,KOSDAQ150,foreign,122870,와이지엔터테인먼트,65795,64932,-863,2820244425,2779151850,-41092575,KRX MDCSTAT02401_OUT
recent2,KOSDAQ150,foreign,048410,현대바이오,398484,389022,-9462,2740507205,2679971095,-60536110,KRX MDCSTAT02401_OUT
recent2,KOSDAQ150,foreign,253590,네오셈,379361,373826,-5535,5102012560,5001733420,-100279140,KRX MDCSTAT02401_OUT
recent2,KOSDAQ150,foreign,214150,클래시스,70664,66188,-4476,2164717325,2032807125,-131910200,KRX MDCSTAT02401_OUT
recent2,KOSDAQ150,foreign,082270,젬백스,106481,91099,-15382,1080136585,924276685,-155859900,KRX MDCSTAT02401_OUT
recent2,KOSDAQ150,foreign,263750,펄어비스,201316,196559,-4757,6670935275,6507319425,-163615850,KRX MDCSTAT02401_OUT
recent2,KOSDAQ150,foreign,036830,솔브레인홀딩스,38523,34411,-4112,1568161625,1402533825,-165627800,KRX MDCSTAT02401_OUT
recent2,KOSDAQ150,foreign,065350,신성델타테크,67916,61503,-6413,2091076425,1921082725,-169993700,KRX MDCSTAT02401_OUT
recent2,KOSDAQ150,foreign,214430,아이쓰리시스템,16966,14184,-2782,1131231650,940855400,-190376250,KRX MDCSTAT02401_OUT
recent2,KOSDAQ150,foreign,035760,CJ ENM,48737,39606,-9131,1900465750,1544759750,-355706000,KRX MDCSTAT02401_OUT
recent2,KOSDAQ150,foreign,225570,넥슨게임즈,91126,55920,-35206,995095750,610679495,-384416255,KRX MDCSTAT02401_OUT
recent2,KOSDAQ150,foreign,189300,인텔리안테크,32339,26597,-5742,2196335250,1791132900,-405202350,KRX MDCSTAT02401_OUT
recent2,KOSDAQ150,foreign,067160,SOOP,58698,47058,-11640,2150488750,1725232950,-425255800,KRX MDCSTAT02401_OUT
recent2,KOSDAQ150,foreign,445680,큐리옥스바이오시스템즈,90099,81034,-9065,4584111400,4151626900,-432484500,KRX MDCSTAT02401_OUT
recent2,KOSDAQ150,foreign,417200,LS머트리얼즈,549447,502531,-46916,7267715500,6741423750,-526291750,KRX MDCSTAT02401_OUT
recent2,KOSDAQ150,foreign,056080,유진로봇,219677,170677,-49000,2577631085,2013466485,-564164600,KRX MDCSTAT02401_OUT
recent2,KOSDAQ150,foreign,099320,쎄트렉아이,73937,66673,-7264,5855246950,5277875400,-577371550,KRX MDCSTAT02401_OUT
recent2,KOSDAQ150,foreign,032820,우리기술,1302137,1261338,-40799,16394320060,15799655540,-594664520,KRX MDCSTAT02401_OUT
recent2,KOSDAQ150,foreign,295310,에이치브이엠,114228,103809,-10419,6624281050,6001702450,-622578600,KRX MDCSTAT02401_OUT
recent2,KOSDAQ150,foreign,195940,HK이노엔,76351,60132,-16219,2993348100,2355879225,-637468875,KRX MDCSTAT02401_OUT
recent2,KOSDAQ150,foreign,085660,차바이오텍,233702,148343,-85359,1906321245,1211074050,-695247195,KRX MDCSTAT02401_OUT
recent2,KOSDAQ150,foreign,420770,기가비스,48065,42230,-5835,5970742400,5199257150,-771485250,KRX MDCSTAT02401_OUT
recent2,KOSDAQ150,foreign,042000,카페24,289500,251343,-38157,5409179195,4598993500,-810185695,KRX MDCSTAT02401_OUT
recent2,KOSDAQ150,foreign,358570,지아이이노베이션,326687,226930,-99757,2728927615,1887232600,-841695015,KRX MDCSTAT02401_OUT
recent2,KOSDAQ150,foreign,100790,미래에셋벤처투자,205366,153849,-51517,3557719810,2652657235,-905062575,KRX MDCSTAT02401_OUT
recent2,KOSDAQ150,foreign,058610,에스피지,67048,57528,-9520,6574881550,5647838100,-927043450,KRX MDCSTAT02401_OUT
recent2,KOSDAQ150,foreign,121600,나노신소재,70334,52602,-17732,3846358400,2869279250,-977079150,KRX MDCSTAT02401_OUT
recent2,KOSDAQ150,foreign,060370,LS마린솔루션,114441,73815,-40626,3718766900,2400383425,-1318383475,KRX MDCSTAT02401_OUT
recent2,KOSDAQ150,foreign,137400,피엔티,127973,79507,-48466,3690980900,2312915475,-1378065425,KRX MDCSTAT02401_OUT
recent2,KOSDAQ150,foreign,090360,로보스타,49152,30438,-18714,3764258900,2353818200,-1410440700,KRX MDCSTAT02401_OUT
recent2,KOSDAQ150,foreign,090710,휴림로봇,714467,471815,-242652,4373954355,2900023830,-1473930525,KRX MDCSTAT02401_OUT
recent2,KOSDAQ150,foreign,101490,에스앤에스텍,121955,86098,-35857,5341787000,3776394625,-1565392375,KRX MDCSTAT02401_OUT
recent2,KOSDAQ150,foreign,141080,리가켐바이오,142611,123206,-19405,11461428350,9840198500,-1621229850,KRX MDCSTAT02401_OUT
recent2,KOSDAQ150,foreign,281740,레이크머티리얼즈,444679,272694,-171985,4868579335,2997979140,-1870600195,KRX MDCSTAT02401_OUT
recent2,KOSDAQ150,foreign,084370,유진테크,155251,143910,-11341,24869371150,22940694150,-1928677000,KRX MDCSTAT02401_OUT
recent2,KOSDAQ150,foreign,466100,클로봇,161024,54251,-106773,3628073525,1225504625,-2402568900,KRX MDCSTAT02401_OUT
recent2,KOSDAQ150,foreign,030530,원익홀딩스,525265,435204,-90061,14432620800,11830762550,-2601858250,KRX MDCSTAT02401_OUT
recent2,KOSDAQ150,foreign,347850,디앤디파마텍,298749,242420,-56329,12974936875,10283551225,-2691385650,KRX MDCSTAT02401_OUT
recent2,KOSDAQ150,foreign,310210,보로노이,73701,53806,-19895,10081304500,7293380400,-2787924100,KRX MDCSTAT02401_OUT
recent2,KOSDAQ150,foreign,319400,현대무벡스,343202,196366,-146836,7075007275,4058933050,-3016074225,KRX MDCSTAT02401_OUT
recent2,KOSDAQ150,foreign,251970,펌텍코리아,75783,26322,-49461,4720170150,1621026250,-3099143900,KRX MDCSTAT02401_OUT
recent2,KOSDAQ150,foreign,247540,에코프로비엠,339560,307180,-32380,36525792150,33288909200,-3236882950,KRX MDCSTAT02401_OUT
recent2,KOSDAQ150,foreign,000250,삼천당제약,59257,37689,-21568,9787448350,6194591000,-3592857350,KRX MDCSTAT02401_OUT
recent2,KOSDAQ150,foreign,041510,에스엠,110738,65385,-45353,9138153200,5389781350,-3748371850,KRX MDCSTAT02401_OUT
recent2,KOSDAQ150,foreign,089970,브이엠,314708,250179,-64529,19122293800,15082279400,-4040014400,KRX MDCSTAT02401_OUT
recent2,KOSDAQ150,foreign,131970,두산테스나,165540,121760,-43780,15357732450,11262263000,-4095469450,KRX MDCSTAT02401_OUT
recent2,KOSDAQ150,foreign,204270,제이앤티씨,526639,349089,-177550,12584374450,8376707750,-4207666700,KRX MDCSTAT02401_OUT
recent2,KOSDAQ150,foreign,328130,루닛,1807073,1450690,-356383,21328931030,17016102240,-4312828790,KRX MDCSTAT02401_OUT
recent2,KOSDAQ150,foreign,226950,올릭스,136991,92969,-44022,14257876950,9686457150,-4571419800,KRX MDCSTAT02401_OUT
recent2,KOSDAQ150,foreign,257720,실리콘투,458103,302151,-155952,17753787750,11809898050,-5943889700,KRX MDCSTAT02401_OUT
recent2,KOSDAQ150,foreign,145020,휴젤,118945,85333,-33612,21839907200,15722601400,-6117305800,KRX MDCSTAT02401_OUT
recent2,KOSDAQ150,foreign,067310,하나마이크론,905598,772325,-133273,41646207000,35462216500,-6183990500,KRX MDCSTAT02401_OUT
recent2,KOSDAQ150,foreign,277810,레인보우로보틱스,41679,23865,-17814,17556037500,10027914250,-7528123250,KRX MDCSTAT02401_OUT
recent2,KOSDAQ150,foreign,064760,티씨케이,77551,49163,-28388,22194179250,14003787000,-8190392250,KRX MDCSTAT02401_OUT
recent2,KOSDAQ150,foreign,005290,동진쎄미켐,413810,230272,-183538,18903994200,10509410075,-8394584125,KRX MDCSTAT02401_OUT
recent2,KOSDAQ150,foreign,095340,ISC,155324,95400,-59924,31929070200,19587039100,-12342031100,KRX MDCSTAT02401_OUT
recent2,KOSDAQ150,foreign,058470,리노공업,669840,479705,-190135,48666724400,34789105250,-13877619150,KRX MDCSTAT02401_OUT
recent2,KOSDAQ150,foreign,240810,원익IPS,688390,567462,-120928,87422277700,72129199400,-15293078300,KRX MDCSTAT02401_OUT
recent2,KOSDAQ150,foreign,108490,로보티즈,153571,100471,-53100,44269580000,28791302750,-15478277250,KRX MDCSTAT02401_OUT
recent2,KOSDAQ150,foreign,028300,HLB,3379466,1254927,-2124539,143715413650,53448886350,-90266527300,KRX MDCSTAT02401_OUT
recent2,KOSDAQ150,institution,403870,HPSP,452633,819889,367256,25952276000,48581662950,22629386950,KRX MDCSTAT02401_OUT
recent2,KOSDAQ150,institution,196170,알테오젠,174283,226937,52654,43813282250,57368997750,13555715500,KRX MDCSTAT02401_OUT
recent2,KOSDAQ150,institution,095340,ISC,48229,98773,50544,9887295500,20327554200,10440258700,KRX MDCSTAT02401_OUT
recent2,KOSDAQ150,institution,247540,에코프로비엠,267896,350076,82180,28873330650,38255938150,9382607500,KRX MDCSTAT02401_OUT
recent2,KOSDAQ150,institution,039030,이오테크닉스,67336,85589,18253,32516506750,41660710750,9144204000,KRX MDCSTAT02401_OUT
recent2,KOSDAQ150,institution,178320,서진시스템,183954,415753,231799,6664148400,15189944300,8525795900,KRX MDCSTAT02401_OUT
recent2,KOSDAQ150,institution,095610,테스,126876,174992,48116,21051397900,29238980950,8187583050,KRX MDCSTAT02401_OUT
recent2,KOSDAQ150,institution,036930,주성엔지니어링,177532,213046,35514,37564966500,45713001500,8148035000,KRX MDCSTAT02401_OUT
recent2,KOSDAQ150,institution,131970,두산테스나,73028,154649,81621,6726294650,14455544750,7729250100,KRX MDCSTAT02401_OUT
recent2,KOSDAQ150,institution,064760,티씨케이,30768,56350,25582,8786730500,16283943250,7497212750,KRX MDCSTAT02401_OUT
recent2,KOSDAQ150,institution,005290,동진쎄미켐,96440,245827,149387,4396215250,11254314500,6858099250,KRX MDCSTAT02401_OUT
recent2,KOSDAQ150,institution,031980,피에스케이홀딩스,59429,90457,31028,10388758800,15839191900,5450433100,KRX MDCSTAT02401_OUT
recent2,KOSDAQ150,institution,226950,올릭스,111755,161332,49577,11570590150,16894413600,5323823450,KRX MDCSTAT02401_OUT
recent2,KOSDAQ150,institution,251970,펌텍코리아,27846,104373,76527,1727415900,6480249900,4752834000,KRX MDCSTAT02401_OUT
recent2,KOSDAQ150,institution,084370,유진테크,52842,78832,25990,8389577350,12796919000,4407341650,KRX MDCSTAT02401_OUT
recent2,KOSDAQ150,institution,058470,리노공업,300111,357744,57633,21674686700,25980863900,4306177200,KRX MDCSTAT02401_OUT
recent2,KOSDAQ150,institution,240810,원익IPS,313173,334138,20965,39564297000,42576225850,3011928850,KRX MDCSTAT02401_OUT
recent2,KOSDAQ150,institution,131290,티에스이,45829,54894,9065,13328767750,16109675750,2780908000,KRX MDCSTAT02401_OUT
recent2,KOSDAQ150,institution,121600,나노신소재,39334,81397,42063,2150650300,4489797400,2339147100,KRX MDCSTAT02401_OUT
recent2,KOSDAQ150,institution,053800,안랩,8379,31934,23555,626163600,2411332350,1785168750,KRX MDCSTAT02401_OUT
recent2,KOSDAQ150,institution,145020,휴젤,38456,47701,9245,7131826600,8830325850,1698499250,KRX MDCSTAT02401_OUT
recent2,KOSDAQ150,institution,445680,큐리옥스바이오시스템즈,18666,43658,24992,941238150,2227648200,1286410050,KRX MDCSTAT02401_OUT
recent2,KOSDAQ150,institution,078340,컴투스,26606,60910,34304,988249450,2272956075,1284706625,KRX MDCSTAT02401_OUT
recent2,KOSDAQ150,institution,323280,태성,56023,75753,19730,2765268800,3883354275,1118085475,KRX MDCSTAT02401_OUT
recent2,KOSDAQ150,institution,237690,에스티팜,42915,48735,5820,3971981000,4534608850,562627850,KRX MDCSTAT02401_OUT
recent2,KOSDAQ150,institution,328130,루닛,206487,253910,47423,2407995545,2964218225,556222680,KRX MDCSTAT02401_OUT
recent2,KOSDAQ150,institution,140860,파크시스템스,8804,10812,2008,2317815000,2870688750,552873750,KRX MDCSTAT02401_OUT
recent2,KOSDAQ150,institution,074600,원익QnC,75631,92644,17013,2191409150,2690968600,499559450,KRX MDCSTAT02401_OUT
recent2,KOSDAQ150,institution,225570,넥슨게임즈,33799,76723,42924,368704135,840053850,471349715,KRX MDCSTAT02401_OUT
recent2,KOSDAQ150,institution,036830,솔브레인홀딩스,29489,40443,10954,1199320800,1652876275,453555475,KRX MDCSTAT02401_OUT
recent2,KOSDAQ150,institution,042000,카페24,26812,42159,15347,496927120,782686875,285759755,KRX MDCSTAT02401_OUT
recent2,KOSDAQ150,institution,171090,선익시스템,20921,24294,3373,1463873800,1733533250,269659450,KRX MDCSTAT02401_OUT
recent2,KOSDAQ150,institution,195940,HK이노엔,57525,64006,6481,2247471100,2509826950,262355850,KRX MDCSTAT02401_OUT
recent2,KOSDAQ150,institution,166090,하나머티리얼즈,51853,55612,3759,3013866600,3258084500,244217900,KRX MDCSTAT02401_OUT
recent2,KOSDAQ150,institution,078600,대주전자재료,51472,52758,1286,4677678650,4850672200,172993550,KRX MDCSTAT02401_OUT
recent2,KOSDAQ150,institution,099320,쎄트렉아이,15906,17721,1815,1251292800,1424278100,172985300,KRX MDCSTAT02401_OUT
recent2,KOSDAQ150,institution,036810,에프에스티,26667,29726,3059,826067725,934599200,108531475,KRX MDCSTAT02401_OUT
recent2,KOSDAQ150,institution,215200,메가스터디교육,18255,20153,1898,672105300,743220450,71115150,KRX MDCSTAT02401_OUT
recent2,KOSDAQ150,institution,183300,코미코,336001,331802,-4199,10650257700,10697561075,47303375,KRX MDCSTAT02401_OUT
recent2,KOSDAQ150,institution,067160,SOOP,14330,14565,235,525341450,534494500,9153050,KRX MDCSTAT02401_OUT
recent2,KOSDAQ150,institution,095660,네오위즈,24788,24956,168,444003730,448333620,4329890,KRX MDCSTAT02401_OUT
recent2,KOSDAQ150,institution,100790,미래에셋벤처투자,22728,22199,-529,389975445,384806070,-5169375,KRX MDCSTAT02401_OUT
recent2,KOSDAQ150,institution,039200,오스코텍,61466,60967,-499,2175679300,2168586950,-7092350,KRX MDCSTAT02401_OUT
recent2,KOSDAQ150,institution,211050,인카금융서비스,53474,49730,-3744,522580500,491929850,-30650650,KRX MDCSTAT02401_OUT
recent2,KOSDAQ150,institution,025900,동화기업,22515,16030,-6485,153663400,110175240,-43488160,KRX MDCSTAT02401_OUT
recent2,KOSDAQ150,institution,033100,제룡전기,16277,14969,-1308,769382775,709221425,-60161350,KRX MDCSTAT02401_OUT
recent2,KOSDAQ150,institution,060280,큐렉소,35498,27109,-8389,286685975,223527875,-63158100,KRX MDCSTAT02401_OUT
recent2,KOSDAQ150,institution,194480,데브시스터즈,21504,17036,-4468,312204790,247712580,-64492210,KRX MDCSTAT02401_OUT
recent2,KOSDAQ150,institution,352480,씨앤씨인터내셔널,8878,5709,-3169,191567600,125820000,-65747600,KRX MDCSTAT02401_OUT
recent2,KOSDAQ150,institution,101730,위메이드맥스,23788,6571,-17217,107625855,29635670,-77990185,KRX MDCSTAT02401_OUT
recent2,KOSDAQ150,institution,161580,필옵틱스,31078,25875,-5203,1098850250,981952075,-116898175,KRX MDCSTAT02401_OUT
recent2,KOSDAQ150,institution,009520,포스코엠텍,62987,50065,-12922,777978620,620936890,-157041730,KRX MDCSTAT02401_OUT
recent2,KOSDAQ150,institution,018290,브이티,46628,31743,-14885,550637920,387892850,-162745070,KRX MDCSTAT02401_OUT
recent2,KOSDAQ150,institution,272290,이녹스첨단소재,31828,23990,-7838,675362850,510693450,-164669400,KRX MDCSTAT02401_OUT
recent2,KOSDAQ150,institution,214430,아이쓰리시스템,6541,3966,-2575,432607400,265430950,-167176450,KRX MDCSTAT02401_OUT
recent2,KOSDAQ150,institution,069080,웹젠,71050,55858,-15192,826573870,649990835,-176583035,KRX MDCSTAT02401_OUT
recent2,KOSDAQ150,institution,032190,다우데이타,31159,21822,-9337,609035735,426739490,-182296245,KRX MDCSTAT02401_OUT
recent2,KOSDAQ150,institution,038500,삼표시멘트,91116,60843,-30273,604401045,403943210,-200457835,KRX MDCSTAT02401_OUT
recent2,KOSDAQ150,institution,281740,레이크머티리얼즈,79927,60217,-19710,876826700,663918320,-212908380,KRX MDCSTAT02401_OUT
recent2,KOSDAQ150,institution,015750,성우하이텍,55628,18257,-37371,322208605,105856520,-216352085,KRX MDCSTAT02401_OUT
recent2,KOSDAQ150,institution,082270,젬백스,37883,15842,-22041,382206135,161847805,-220358330,KRX MDCSTAT02401_OUT
recent2,KOSDAQ150,institution,030520,한컴,76526,63037,-13489,1333546120,1100974370,-232571750,KRX MDCSTAT02401_OUT
recent2,KOSDAQ150,institution,025320,시노펙스,87901,25251,-62650,329814540,95883221,-233931319,KRX MDCSTAT02401_OUT
recent2,KOSDAQ150,institution,090360,로보스타,7377,4213,-3164,563923450,323008600,-240914850,KRX MDCSTAT02401_OUT
recent2,KOSDAQ150,institution,082920,비츠로셀,83367,75073,-8294,2351529725,2109815400,-241714325,KRX MDCSTAT02401_OUT
recent2,KOSDAQ150,institution,125490,한라캐스트,49440,28102,-21338,575473090,331209325,-244263765,KRX MDCSTAT02401_OUT
recent2,KOSDAQ150,institution,041190,우리기술투자,61834,18705,-43129,356969615,108084705,-248884910,KRX MDCSTAT02401_OUT
recent2,KOSDAQ150,institution,112040,위메이드,65748,48342,-17406,1009626600,744971630,-264654970,KRX MDCSTAT02401_OUT
recent2,KOSDAQ150,institution,253450,스튜디오드래곤,27037,13258,-13779,554803700,272581225,-282222475,KRX MDCSTAT02401_OUT
recent2,KOSDAQ150,institution,388720,유일로보틱스,7109,2862,-4247,479927000,193069300,-286857700,KRX MDCSTAT02401_OUT
recent2,KOSDAQ150,institution,278280,천보,13508,3792,-9716,474744525,133685575,-341058950,KRX MDCSTAT02401_OUT
recent2,KOSDAQ150,institution,253590,네오셈,59095,32622,-26473,786195510,436169535,-350025975,KRX MDCSTAT02401_OUT
recent2,KOSDAQ150,institution,025980,아난티,99561,26755,-72806,484312855,127111233,-357201622,KRX MDCSTAT02401_OUT
recent2,KOSDAQ150,institution,050890,쏠리드,67416,29077,-38339,639288400,278358400,-360930000,KRX MDCSTAT02401_OUT
recent2,KOSDAQ150,institution,348210,넥스틴,28292,17473,-10819,952339100,590463750,-361875350,KRX MDCSTAT02401_OUT
recent2,KOSDAQ150,institution,466100,클로봇,29992,12734,-17258,674782000,285943925,-388838075,KRX MDCSTAT02401_OUT
recent2,KOSDAQ150,institution,214370,케어젠,27500,17431,-10069,1100453125,710891800,-389561325,KRX MDCSTAT02401_OUT
recent2,KOSDAQ150,institution,065350,신성델타테크,23898,10668,-13230,734205825,328874350,-405331475,KRX MDCSTAT02401_OUT
recent2,KOSDAQ150,institution,085660,차바이오텍,86792,35838,-50954,707243070,292756670,-414486400,KRX MDCSTAT02401_OUT
recent2,KOSDAQ150,institution,376300,디어유,34115,9400,-24715,584651880,168026685,-416625195,KRX MDCSTAT02401_OUT
recent2,KOSDAQ150,institution,348370,엔켐,60208,39080,-21128,1223887635,800302330,-423585305,KRX MDCSTAT02401_OUT
recent2,KOSDAQ150,institution,101490,에스앤에스텍,34630,24103,-10527,1513282450,1065110350,-448172100,KRX MDCSTAT02401_OUT
recent2,KOSDAQ150,institution,319400,현대무벡스,78740,56700,-22040,1617897525,1165809100,-452088425,KRX MDCSTAT02401_OUT
recent2,KOSDAQ150,institution,189300,인텔리안테크,15631,8689,-6942,1049419700,587282300,-462137400,KRX MDCSTAT02401_OUT
recent2,KOSDAQ150,institution,137400,피엔티,54593,38238,-16355,1568602900,1103436450,-465166450,KRX MDCSTAT02401_OUT
recent2,KOSDAQ150,institution,052400,코나아이,25443,13141,-12302,967816750,502602975,-465213775,KRX MDCSTAT02401_OUT
recent2,KOSDAQ150,institution,399720,가온칩스,15706,4901,-10805,718301950,225371875,-492930075,KRX MDCSTAT02401_OUT
recent2,KOSDAQ150,institution,035760,CJ ENM,40373,27309,-13064,1574024700,1065229800,-508794900,KRX MDCSTAT02401_OUT
recent2,KOSDAQ150,institution,048410,현대바이오,208961,131515,-77446,1425652300,902288220,-523364080,KRX MDCSTAT02401_OUT
recent2,KOSDAQ150,institution,204270,제이앤티씨,30375,7190,-23185,713701975,168567275,-545134700,KRX MDCSTAT02401_OUT
recent2,KOSDAQ150,institution,293490,카카오게임즈,132938,73309,-59629,1257609720,693545580,-564064140,KRX MDCSTAT02401_OUT
recent2,KOSDAQ150,institution,032500,케이엠더블유,51629,21173,-30456,972888325,398610090,-574278235,KRX MDCSTAT02401_OUT
recent2,KOSDAQ150,institution,090710,휴림로봇,144412,44126,-100286,880494175,268621280,-611872895,KRX MDCSTAT02401_OUT
recent2,KOSDAQ150,institution,035900,JYP Ent.,56886,40376,-16510,2155585050,1530249725,-625335325,KRX MDCSTAT02401_OUT
recent2,KOSDAQ150,institution,214150,클래시스,54291,32698,-21593,1663393825,1003931700,-659462125,KRX MDCSTAT02401_OUT
recent2,KOSDAQ150,institution,006730,서부T&D,219869,158522,-61347,2450643110,1784446855,-666196255,KRX MDCSTAT02401_OUT
recent2,KOSDAQ150,institution,060250,NHN KCP,61964,12099,-49865,830901450,163004710,-667896740,KRX MDCSTAT02401_OUT
recent2,KOSDAQ150,institution,0009K0,에임드바이오,63428,29727,-33701,1380527375,647905300,-732622075,KRX MDCSTAT02401_OUT
recent2,KOSDAQ150,institution,056080,유진로봇,83825,19239,-64586,981105750,226837035,-754268715,KRX MDCSTAT02401_OUT
recent2,KOSDAQ150,institution,124500,아이티센글로벌,37245,10691,-26554,1064551950,309052875,-755499075,KRX MDCSTAT02401_OUT
recent2,KOSDAQ150,institution,003380,하림지주,171177,96336,-74841,1879781195,1068152950,-811628245,KRX MDCSTAT02401_OUT
recent2,KOSDAQ150,institution,358570,지아이이노베이션,121809,23296,-98513,1006578825,192072905,-814505920,KRX MDCSTAT02401_OUT
recent2,KOSDAQ150,institution,417200,LS머트리얼즈,196014,131560,-64454,2577869310,1744794260,-833075050,KRX MDCSTAT02401_OUT
recent2,KOSDAQ150,institution,213420,덕산네오룩스,72289,42711,-29578,2106729500,1248657425,-858072075,KRX MDCSTAT02401_OUT
recent2,KOSDAQ150,institution,014620,성광벤드,64002,35806,-28196,1954599025,1094061275,-860537750,KRX MDCSTAT02401_OUT
recent2,KOSDAQ150,institution,036620,감성코퍼레이션,324957,78228,-246729,1189903710,287472737,-902430973,KRX MDCSTAT02401_OUT
recent2,KOSDAQ150,institution,007390,네이처셀,83655,45692,-37963,2063823675,1137655750,-926167925,KRX MDCSTAT02401_OUT
recent2,KOSDAQ150,institution,347850,디앤디파마텍,127761,102493,-25268,5483057925,4480659450,-1002398475,KRX MDCSTAT02401_OUT
recent2,KOSDAQ150,institution,290650,엘앤씨바이오,41502,19031,-22471,1916518550,894389750,-1022128800,KRX MDCSTAT02401_OUT
recent2,KOSDAQ150,institution,056190,SFA,72884,36097,-36787,2042087825,1014231700,-1027856125,KRX MDCSTAT02401_OUT
recent2,KOSDAQ150,institution,030530,원익홀딩스,81263,42585,-38678,2203054225,1155601725,-1047452500,KRX MDCSTAT02401_OUT
recent2,KOSDAQ150,institution,257720,실리콘투,236640,210471,-26169,9173743575,8093033550,-1080710025,KRX MDCSTAT02401_OUT
recent2,KOSDAQ150,institution,263750,펄어비스,89095,54609,-34486,2947443175,1811359425,-1136083750,KRX MDCSTAT02401_OUT
recent2,KOSDAQ150,institution,096530,씨젠,95062,60127,-34935,3213674775,2051948275,-1161726500,KRX MDCSTAT02401_OUT
recent2,KOSDAQ150,institution,098460,고영,155962,113620,-42342,4606236325,3418519875,-1187716450,KRX MDCSTAT02401_OUT
recent2,KOSDAQ150,institution,218410,RFHIC,75631,54763,-20868,4344257250,3143131550,-1201125700,KRX MDCSTAT02401_OUT
recent2,KOSDAQ150,institution,080220,제주반도체,90813,73524,-17289,6858291750,5621517450,-1236774300,KRX MDCSTAT02401_OUT
recent2,KOSDAQ150,institution,060370,LS마린솔루션,85933,42435,-43498,2770120675,1380072775,-1390047900,KRX MDCSTAT02401_OUT
recent2,KOSDAQ150,institution,033500,동성화인텍,104252,6784,-97468,1639772460,106087320,-1533685140,KRX MDCSTAT02401_OUT
recent2,KOSDAQ150,institution,000250,삼천당제약,57698,43571,-14127,9479955600,7213070150,-2266885450,KRX MDCSTAT02401_OUT
recent2,KOSDAQ150,institution,067310,하나마이크론,245759,193091,-52668,11275792125,8878362825,-2397429300,KRX MDCSTAT02401_OUT
recent2,KOSDAQ150,institution,032820,우리기술,289626,76645,-212981,3603675440,949463280,-2654212160,KRX MDCSTAT02401_OUT
recent2,KOSDAQ150,institution,420770,기가비스,69699,46449,-23250,8523058600,5783626450,-2739432150,KRX MDCSTAT02401_OUT
recent2,KOSDAQ150,institution,475830,오름테라퓨틱,149848,18914,-130934,3281333675,429394500,-2851939175,KRX MDCSTAT02401_OUT
recent2,KOSDAQ150,institution,041510,에스엠,79461,44452,-35009,6553374250,3678693950,-2874680300,KRX MDCSTAT02401_OUT
recent2,KOSDAQ150,institution,310210,보로노이,38636,17408,-21228,5268240550,2364337200,-2903903350,KRX MDCSTAT02401_OUT
recent2,KOSDAQ150,institution,089030,테크윙,186495,122086,-64409,9257225550,6070426825,-3186798725,KRX MDCSTAT02401_OUT
recent2,KOSDAQ150,institution,122870,와이지엔터테인먼트,119806,44166,-75640,5129247775,1893715400,-3235532375,KRX MDCSTAT02401_OUT
recent2,KOSDAQ150,institution,232140,와이씨,295326,61989,-233337,4104767145,868997495,-3235769650,KRX MDCSTAT02401_OUT
recent2,KOSDAQ150,institution,298380,에이비엘바이오,155558,86702,-68856,7719937425,4330842950,-3389094475,KRX MDCSTAT02401_OUT
recent2,KOSDAQ150,institution,437730,삼현,95022,21476,-73546,4582787500,1040152475,-3542635025,KRX MDCSTAT02401_OUT
recent2,KOSDAQ150,institution,214450,파마리서치,38712,25201,-13511,12244979750,8008732000,-4236247750,KRX MDCSTAT02401_OUT
recent2,KOSDAQ150,institution,068760,셀트리온제약,145704,33074,-112630,5661606475,1297660925,-4363945550,KRX MDCSTAT02401_OUT
recent2,KOSDAQ150,institution,058610,에스피지,56789,12461,-44328,5589116850,1220970200,-4368146650,KRX MDCSTAT02401_OUT
recent2,KOSDAQ150,institution,083650,비에이치아이,98751,23003,-75748,5780599900,1364448650,-4416151250,KRX MDCSTAT02401_OUT
recent2,KOSDAQ150,institution,241710,코스메카코리아,81755,43436,-38319,10308877700,5548012000,-4760865700,KRX MDCSTAT02401_OUT
recent2,KOSDAQ150,institution,087010,펩트론,73294,33120,-40174,9737436000,4437258650,-5300177350,KRX MDCSTAT02401_OUT
recent2,KOSDAQ150,institution,295310,에이치브이엠,172699,70649,-102050,9996293400,4096676350,-5899617050,KRX MDCSTAT02401_OUT
recent2,KOSDAQ150,institution,141080,리가켐바이오,137060,54690,-82370,10958895550,4388604850,-6570290700,KRX MDCSTAT02401_OUT
recent2,KOSDAQ150,institution,277810,레인보우로보틱스,25328,7762,-17566,10620221750,3275106500,-7345115250,KRX MDCSTAT02401_OUT
recent2,KOSDAQ150,institution,089970,브이엠,330867,173965,-156902,19894595250,10543588000,-9351007250,KRX MDCSTAT02401_OUT
recent2,KOSDAQ150,institution,043260,성호전자,909025,506659,-402366,22433482700,12642536350,-9790946350,KRX MDCSTAT02401_OUT
recent2,KOSDAQ150,institution,086520,에코프로,497472,362249,-135223,39611528600,29142971300,-10468557300,KRX MDCSTAT02401_OUT
recent2,KOSDAQ150,institution,036540,SFA반도체,2469830,844094,-1625736,25868173125,8853400425,-17014772700,KRX MDCSTAT02401_OUT
recent2,KOSDAQ150,institution,108490,로보티즈,90414,17992,-72422,25850831750,5160883500,-20689948250,KRX MDCSTAT02401_OUT
recent2,KOSDAQ150,institution,222800,심텍,378223,178081,-200142,56352465200,26649710500,-29702754700,KRX MDCSTAT02401_OUT
recent2,KOSDAQ150,institution,028300,HLB,915228,200002,-715226,39131436425,8383782900,-30747653525,KRX MDCSTAT02401_OUT
recent3,KOSPI200,foreign,042700,한미반도체,408694,667617,258923,99278773750,163011227750,63732454000,KRX MDCSTAT02401_OUT
recent3,KOSPI200,foreign,096770,SK이노베이션,698886,1102425,403539,105727237450,168359287050,62632049600,KRX MDCSTAT02401_OUT
recent3,KOSPI200,foreign,006400,삼성SDI,232328,309611,77283,120919283000,162108194000,41188911000,KRX MDCSTAT02401_OUT
recent3,KOSPI200,foreign,066570,LG전자,720111,838955,118844,153112819250,179561658750,26448839500,KRX MDCSTAT02401_OUT
recent3,KOSPI200,foreign,024110,기업은행,1064411,2184808,1120397,21922397375,45200274675,23277877300,KRX MDCSTAT02401_OUT
recent3,KOSPI200,foreign,000990,DB하이텍,409074,586393,177319,54807715750,77760486750,22952771000,KRX MDCSTAT02401_OUT
recent3,KOSPI200,foreign,010950,S-Oil,464742,596516,131774,74037942200,94976541350,20938599150,KRX MDCSTAT02401_OUT
recent3,KOSPI200,foreign,003230,삼양식품,39339,53949,14610,47965394500,65711074000,17745679500,KRX MDCSTAT02401_OUT
recent3,KOSPI200,foreign,329180,HD현대중공업,169704,202360,32656,74239485500,88256230000,14016744500,KRX MDCSTAT02401_OUT
recent3,KOSPI200,foreign,161890,한국콜마,225761,318975,93214,33499553750,47279851700,13780297950,KRX MDCSTAT02401_OUT
recent3,KOSPI200,foreign,316140,우리금융지주,2437405,2816736,379331,87875822125,101596828250,13721006125,KRX MDCSTAT02401_OUT
recent3,KOSPI200,foreign,017670,SK텔레콤,512185,651986,139801,44400293550,56778111500,12377817950,KRX MDCSTAT02401_OUT
recent3,KOSPI200,foreign,086280,현대글로비스,209585,271506,61921,41448199950,53713173650,12264973700,KRX MDCSTAT02401_OUT
recent3,KOSPI200,foreign,373220,LG에너지솔루션,315553,345925,30372,112073994250,123698350500,11624356250,KRX MDCSTAT02401_OUT
recent3,KOSPI200,foreign,483650,달바글로벌,129956,188891,58935,23946159800,34906841900,10960682100,KRX MDCSTAT02401_OUT
recent3,KOSPI200,foreign,138930,BNK금융지주,948287,1606629,658342,15437873900,26161772400,10723898500,KRX MDCSTAT02401_OUT
recent3,KOSPI200,foreign,018260,삼성에스디에스,118588,166568,47980,25867935500,36335602500,10467667000,KRX MDCSTAT02401_OUT
recent3,KOSPI200,foreign,001450,현대해상,671293,873145,201852,32991055975,42713631625,9722575650,KRX MDCSTAT02401_OUT
recent3,KOSPI200,foreign,001040,CJ,163424,233638,70214,21873772400,31244574800,9370802400,KRX MDCSTAT02401_OUT
recent3,KOSPI200,foreign,375500,DL이앤씨,335509,450467,114958,26903727500,36161452000,9257724500,KRX MDCSTAT02401_OUT
recent3,KOSPI200,foreign,093370,후성,2736830,3322036,585206,38790264140,47439960065,8649695925,KRX MDCSTAT02401_OUT
recent3,KOSPI200,foreign,078930,GS,451405,528922,77517,50220764800,58716778450,8496013650,KRX MDCSTAT02401_OUT
recent3,KOSPI200,foreign,062040,산일전기,176541,212602,36061,35955563700,43232651650,7277087950,KRX MDCSTAT02401_OUT
recent3,KOSPI200,foreign,068270,셀트리온,326625,366973,40348,58179591415,65373722415,7194131000,KRX MDCSTAT02401_OUT
recent3,KOSPI200,foreign,012330,현대모비스,312128,329739,17611,115394555500,121993373250,6598817750,KRX MDCSTAT02401_OUT
recent3,KOSPI200,foreign,004170,신세계,96614,115933,19319,33192068000,39766530500,6574462500,KRX MDCSTAT02401_OUT
recent3,KOSPI200,foreign,192820,코스맥스,66786,88960,22174,18262224500,24266727000,6004502500,KRX MDCSTAT02401_OUT
recent3,KOSPI200,foreign,011200,HMM,723895,974468,250573,15210023200,20557703275,5347680075,KRX MDCSTAT02401_OUT
recent3,KOSPI200,foreign,088350,한화생명,1246301,2133873,887572,7142708465,12264728330,5122019865,KRX MDCSTAT02401_OUT
recent3,KOSPI200,foreign,278470,에이피알,221201,234104,12903,81017663750,85758435000,4740771250,KRX MDCSTAT02401_OUT
recent3,KOSPI200,foreign,352820,하이브,292591,321192,28601,46502457650,51228141300,4725683650,KRX MDCSTAT02401_OUT
recent3,KOSPI200,foreign,009420,한올바이오파마,225831,322327,96496,9910036500,14109050975,4199014475,KRX MDCSTAT02401_OUT
recent3,KOSPI200,foreign,097950,CJ제일제당,55714,79072,23358,9900281000,14073082650,4172801650,KRX MDCSTAT02401_OUT
recent3,KOSPI200,foreign,010120,LS ELECTRIC,303595,324208,20613,62386021250,66425431500,4039410250,KRX MDCSTAT02401_OUT
recent3,KOSPI200,foreign,443060,HD현대마린솔루션,104262,119618,15356,24994441200,28715690700,3721249500,KRX MDCSTAT02401_OUT
recent3,KOSPI200,foreign,010130,고려아연,11980,15535,3555,13076253500,16769320000,3693066500,KRX MDCSTAT02401_OUT
recent3,KOSPI200,foreign,023530,롯데쇼핑,112033,145373,33340,11572970550,14972295050,3399324500,KRX MDCSTAT02401_OUT
recent3,KOSPI200,foreign,004370,농심,27617,35839,8222,11079027000,14339565250,3260538250,KRX MDCSTAT02401_OUT
recent3,KOSPI200,foreign,029780,삼성카드,110024,184482,74458,4692349725,7930290900,3237941175,KRX MDCSTAT02401_OUT
recent3,KOSPI200,foreign,204320,HL만도,198874,267306,68432,9082852425,12276115750,3193263325,KRX MDCSTAT02401_OUT
recent3,KOSPI200,foreign,006260,LS,95384,105829,10445,30310047250,33500222250,3190175000,KRX MDCSTAT02401_OUT
recent3,KOSPI200,foreign,002380,KCC,21981,28639,6658,10409020250,13598938500,3189918250,KRX MDCSTAT02401_OUT
recent3,KOSPI200,foreign,073240,금호타이어,1910097,2349423,439326,12817740105,15886403940,3068663835,KRX MDCSTAT02401_OUT
recent3,KOSPI200,foreign,120110,코오롱인더,95582,151378,55796,5216684050,8275135050,3058451000,KRX MDCSTAT02401_OUT
recent3,KOSPI200,foreign,128940,한미약품,68842,74256,5414,35265211250,38136922750,2871711500,KRX MDCSTAT02401_OUT
recent3,KOSPI200,foreign,032640,LG유플러스,1442529,1634392,191863,21205352647,24053205582,2847852935,KRX MDCSTAT02401_OUT
recent3,KOSPI200,foreign,139130,iM금융지주,601174,749234,148060,11010087550,13774556505,2764468955,KRX MDCSTAT02401_OUT
recent3,KOSPI200,foreign,161390,한국타이어앤테크놀로지,468711,505531,36820,27387002200,29541212050,2154209850,KRX MDCSTAT02401_OUT
recent3,KOSPI200,foreign,361610,SK아이이테크놀로지,422781,541961,119180,7340964425,9481206600,2140242175,KRX MDCSTAT02401_OUT
recent3,KOSPI200,foreign,039490,키움증권,110032,117707,7675,28209842000,30293491750,2083649750,KRX MDCSTAT02401_OUT
recent3,KOSPI200,foreign,047050,포스코인터내셔널,377210,407700,30490,20892391950,22937844600,2045452650,KRX MDCSTAT02401_OUT
recent3,KOSPI200,foreign,000880,한화,184006,198424,14418,24020063430,25971615680,1951552250,KRX MDCSTAT02401_OUT
recent3,KOSPI200,foreign,079550,LIG디펜스앤에어로스페이스,66446,68960,2514,45712294000,47622859000,1910565000,KRX MDCSTAT02401_OUT
recent3,KOSPI200,foreign,069960,현대백화점,174033,196631,22598,16191635150,18050721200,1859086050,KRX MDCSTAT02401_OUT
recent3,KOSPI200,foreign,007070,GS리테일,164607,242599,77992,3759995350,5539512250,1779516900,KRX MDCSTAT02401_OUT
recent3,KOSPI200,foreign,251270,넷마블,133098,176813,43715,4629531525,6180873175,1551341650,KRX MDCSTAT02401_OUT
recent3,KOSPI200,foreign,192080,더블유게임즈,56033,81791,25758,3280463400,4787718550,1507255150,KRX MDCSTAT02401_OUT
recent3,KOSPI200,foreign,285130,SK케미칼,28027,55882,27855,1431455950,2844325000,1412869050,KRX MDCSTAT02401_OUT
recent3,KOSPI200,foreign,005850,에스엘,103784,129297,25513,5101668475,6373665600,1271997125,KRX MDCSTAT02401_OUT
recent3,KOSPI200,foreign,271560,오리온,123221,132629,9408,13632908200,14673912550,1041004350,KRX MDCSTAT02401_OUT
recent3,KOSPI200,foreign,002790,아모레퍼시픽홀딩스,113910,152405,38495,3026323050,4044975475,1018652425,KRX MDCSTAT02401_OUT
recent3,KOSPI200,foreign,000100,유한양행,317459,330329,12870,23488775750,24452519850,963744100,KRX MDCSTAT02401_OUT
recent3,KOSPI200,foreign,006280,녹십자,13807,21096,7289,1700460550,2597716800,897256250,KRX MDCSTAT02401_OUT
recent3,KOSPI200,foreign,282330,BGF리테일,62198,69142,6944,8245844350,9140669400,894825050,KRX MDCSTAT02401_OUT
recent3,KOSPI200,foreign,000670,영풍,69270,85061,15791,2931661575,3604958150,673296575,KRX MDCSTAT02401_OUT
recent3,KOSPI200,foreign,000080,하이트진로,92762,136188,43426,1396419425,2051463920,655044495,KRX MDCSTAT02401_OUT
recent3,KOSPI200,foreign,000210,DL,43534,54808,11274,2214165800,2803731750,589565950,KRX MDCSTAT02401_OUT
recent3,KOSPI200,foreign,003030,세아제강지주,26544,31542,4998,2823419050,3354527550,531108500,KRX MDCSTAT02401_OUT
recent3,KOSPI200,foreign,185750,종근당,37402,45036,7634,2421800150,2917171500,495371350,KRX MDCSTAT02401_OUT
recent3,KOSPI200,foreign,004000,롯데정밀화학,53357,62736,9379,2313797825,2731629150,417831325,KRX MDCSTAT02401_OUT
recent3,KOSPI200,foreign,005300,롯데칠성,20474,24725,4251,1959223850,2368508050,409284200,KRX MDCSTAT02401_OUT
recent3,KOSPI200,foreign,302440,SK바이오사이언스,70837,81915,11078,2539641400,2948130850,408489450,KRX MDCSTAT02401_OUT
recent3,KOSPI200,foreign,280360,롯데웰푸드,15423,18583,3160,1933662650,2325786000,392123350,KRX MDCSTAT02401_OUT
recent3,KOSPI200,foreign,009540,HD한국조선해양,202108,203341,1233,66572575120,66935427620,362852500,KRX MDCSTAT02401_OUT
recent3,KOSPI200,foreign,300720,한일시멘트,45702,67401,21699,738441985,1093983000,355541015,KRX MDCSTAT02401_OUT
recent3,KOSPI200,foreign,011790,SKC,122864,125387,2523,11158045300,11402765100,244719800,KRX MDCSTAT02401_OUT
recent3,KOSPI200,foreign,001800,오리온홀딩스,87768,97592,9824,2097599550,2335058475,237458925,KRX MDCSTAT02401_OUT
recent3,KOSPI200,foreign,008930,한미사이언스,120584,124298,3714,6284776400,6495791450,211015050,KRX MDCSTAT02401_OUT
recent3,KOSPI200,foreign,000240,한국앤컴퍼니,88910,96610,7700,2207220000,2401290700,194070700,KRX MDCSTAT02401_OUT
recent3,KOSPI200,foreign,002840,미원상사,1822,3216,1394,248656300,439968250,191311950,KRX MDCSTAT02401_OUT
recent3,KOSPI200,foreign,011210,현대위아,66469,69325,2856,3536752250,3712277950,175525700,KRX MDCSTAT02401_OUT
recent3,KOSPI200,foreign,259960,크래프톤,117624,118432,808,23495769462,23658500362,162730900,KRX MDCSTAT02401_OUT
recent3,KOSPI200,foreign,006040,동원산업,45147,47894,2747,1602008450,1699302750,97294300,KRX MDCSTAT02401_OUT
recent3,KOSPI200,foreign,268280,미원에스씨,914,1266,352,121058050,167020600,45962550,KRX MDCSTAT02401_OUT
recent3,KOSPI200,foreign,008730,율촌화학,85392,87202,1810,1256259570,1290467690,34208120,KRX MDCSTAT02401_OUT
recent3,KOSPI200,foreign,009970,영원무역홀딩스,12759,12955,196,2116344250,2148729700,32385450,KRX MDCSTAT02401_OUT
recent3,KOSPI200,foreign,028670,팬오션,2653616,2652568,-1048,15211432000,15226831395,15399395,KRX MDCSTAT02401_OUT
recent3,KOSPI200,foreign,007700,F&F홀딩스,3866,4236,370,51554700,56656965,5102265,KRX MDCSTAT02401_OUT
recent3,KOSPI200,foreign,003240,태광산업,784,767,-17,705578000,692247500,-13330500,KRX MDCSTAT02401_OUT
recent3,KOSPI200,foreign,030000,제일기획,283424,282161,-1263,5039536685,5023267925,-16268760,KRX MDCSTAT02401_OUT
recent3,KOSPI200,foreign,035250,강원랜드,376951,374355,-2596,5427546190,5388883335,-38662855,KRX MDCSTAT02401_OUT
recent3,KOSPI200,foreign,017960,한국카본,120315,116185,-4130,2421019485,2341845325,-79174160,KRX MDCSTAT02401_OUT
recent3,KOSPI200,foreign,014820,동원시스템즈,18836,14886,-3950,394569975,311434375,-83135600,KRX MDCSTAT02401_OUT
recent3,KOSPI200,foreign,009240,한샘,39819,36452,-3367,1593976350,1468615325,-125361025,KRX MDCSTAT02401_OUT
recent3,KOSPI200,foreign,007310,오뚜기,4508,4033,-475,1424091000,1277627750,-146463250,KRX MDCSTAT02401_OUT
recent3,KOSPI200,foreign,137310,에스디바이오센서,180914,150784,-30130,1100823410,922110360,-178713050,KRX MDCSTAT02401_OUT
recent3,KOSPI200,foreign,001680,대상,76622,66167,-10455,1385620880,1200447475,-185173405,KRX MDCSTAT02401_OUT
recent3,KOSPI200,foreign,026960,동서,56516,48740,-7776,1448749650,1249208650,-199541000,KRX MDCSTAT02401_OUT
recent3,KOSPI200,foreign,069260,TKG휴켐스,88431,73347,-15084,1461375215,1201327925,-260047290,KRX MDCSTAT02401_OUT
recent3,KOSPI200,foreign,011780,금호석유화학,93706,91033,-2673,10938416050,10656631900,-281784150,KRX MDCSTAT02401_OUT
recent3,KOSPI200,foreign,005420,코스모화학,155405,123365,-32040,1595712020,1275147130,-320564890,KRX MDCSTAT02401_OUT
recent3,KOSPI200,foreign,002030,아세아,3560,1931,-1629,738402000,401061500,-337340500,KRX MDCSTAT02401_OUT
recent3,KOSPI200,foreign,298020,효성티앤씨,18867,17583,-1284,5625398750,5284839000,-340559750,KRX MDCSTAT02401_OUT
recent3,KOSPI200,foreign,003090,대웅,84677,59573,-25104,1336100125,945236850,-390863275,KRX MDCSTAT02401_OUT
recent3,KOSPI200,foreign,298050,HS효성첨단소재,12970,9488,-3482,2084279000,1540034150,-544244850,KRX MDCSTAT02401_OUT
recent3,KOSPI200,foreign,138040,메리츠금융지주,214006,210773,-3233,28018840700,27421666150,-597174550,KRX MDCSTAT02401_OUT
recent3,KOSPI200,foreign,007340,DN오토모티브,193115,179631,-13484,9463661600,8789873425,-673788175,KRX MDCSTAT02401_OUT
recent3,KOSPI200,foreign,030200,KT,306234,293339,-12895,16197652888,15519545688,-678107200,KRX MDCSTAT02401_OUT
recent3,KOSPI200,foreign,111770,영원무역,93350,81713,-11637,6592335950,5778137750,-814198200,KRX MDCSTAT02401_OUT
recent3,KOSPI200,foreign,033780,KT&G,467252,461463,-5789,82091789750,81067249300,-1024540450,KRX MDCSTAT02401_OUT
recent3,KOSPI200,foreign,003490,대한항공,3295973,3257938,-38035,103477231800,102373313900,-1103917900,KRX MDCSTAT02401_OUT
recent3,KOSPI200,foreign,006650,대한유화,54625,41798,-12827,4994195850,3807914350,-1186281500,KRX MDCSTAT02401_OUT
recent3,KOSPI200,foreign,022100,포스코DX,255612,189979,-65633,5118684880,3817169935,-1301514945,KRX MDCSTAT02401_OUT
recent3,KOSPI200,foreign,377300,카카오페이,162681,127079,-35602,6577564700,5178036550,-1399528150,KRX MDCSTAT02401_OUT
recent3,KOSPI200,foreign,081660,미스토홀딩스,220814,183661,-37153,8395128675,6980247600,-1414881075,KRX MDCSTAT02401_OUT
recent3,KOSPI200,foreign,000120,CJ대한통운,54455,33949,-20506,3827729250,2390035700,-1437693550,KRX MDCSTAT02401_OUT
recent3,KOSPI200,foreign,069620,대웅제약,24922,11055,-13867,2661822200,1185044450,-1476777750,KRX MDCSTAT02401_OUT
recent3,KOSPI200,foreign,007660,이수페타시스,887720,869973,-17747,102839693100,101358092400,-1481600700,KRX MDCSTAT02401_OUT
recent3,KOSPI200,foreign,004020,현대제철,1024652,1000654,-23998,32608927075,31120439025,-1488488050,KRX MDCSTAT02401_OUT
recent3,KOSPI200,foreign,071320,지역난방공사,32466,13451,-19015,2551831200,1060563500,-1491267700,KRX MDCSTAT02401_OUT
recent3,KOSPI200,foreign,012750,에스원,157386,139333,-18053,13021484931,11525115781,-1496369150,KRX MDCSTAT02401_OUT
recent3,KOSPI200,foreign,005830,DB손해보험,322569,314888,-7681,60731489050,59219156850,-1512332200,KRX MDCSTAT02401_OUT
recent3,KOSPI200,foreign,180640,한진칼,96032,83550,-12482,13334054000,11696755500,-1637298500,KRX MDCSTAT02401_OUT
recent3,KOSPI200,foreign,051600,한전KPS,127846,91380,-36466,5818750350,4158817000,-1659933350,KRX MDCSTAT02401_OUT
recent3,KOSPI200,foreign,035720,카카오,1484162,1428797,-55365,50236715775,48486460525,-1750255250,KRX MDCSTAT02401_OUT
recent3,KOSPI200,foreign,103140,풍산,94856,69725,-25131,7367854300,5434101800,-1933752500,KRX MDCSTAT02401_OUT
recent3,KOSPI200,foreign,004990,롯데지주,176844,95731,-81113,4293286525,2332799650,-1960486875,KRX MDCSTAT02401_OUT
recent3,KOSPI200,foreign,010060,OCI홀딩스,400000,385488,-14512,85989771750,84023314650,-1966457100,KRX MDCSTAT02401_OUT
recent3,KOSPI200,foreign,034230,파라다이스,374199,159412,-214787,3563221450,1524253540,-2038967910,KRX MDCSTAT02401_OUT
recent3,KOSPI200,foreign,000270,기아,1877010,1860302,-16708,217982838450,215915528050,-2067310400,KRX MDCSTAT02401_OUT
recent3,KOSPI200,foreign,047810,한국항공우주,271156,253491,-17665,34730002750,32619181200,-2110821550,KRX MDCSTAT02401_OUT
recent3,KOSPI200,foreign,0126Z0,삼성에피스홀딩스,47577,40836,-6741,15810270750,13638129750,-2172141000,KRX MDCSTAT02401_OUT
recent3,KOSPI200,foreign,071050,한국금융지주,245707,232751,-12956,44609616050,42428938400,-2180677650,KRX MDCSTAT02401_OUT
recent3,KOSPI200,foreign,008770,호텔신라,171389,114911,-56478,6892906625,4626104225,-2266802400,KRX MDCSTAT02401_OUT
recent3,KOSPI200,foreign,011170,롯데케미칼,191109,145901,-45208,11664490500,8908412450,-2756078050,KRX MDCSTAT02401_OUT
recent3,KOSPI200,foreign,018880,한온시스템,3195925,2267515,-928410,10342321379,7402978723,-2939342656,KRX MDCSTAT02401_OUT
recent3,KOSPI200,foreign,016360,삼성증권,519711,483499,-36212,46532861604,43565745504,-2967116100,KRX MDCSTAT02401_OUT
recent3,KOSPI200,foreign,450080,에코프로머티,362550,273278,-89272,12610997025,9620125025,-2990872000,KRX MDCSTAT02401_OUT
recent3,KOSPI200,foreign,032830,삼성생명,505042,493679,-11363,148258464920,145026052170,-3232412750,KRX MDCSTAT02401_OUT
recent3,KOSPI200,foreign,036460,한국가스공사,240045,142817,-97228,8524763225,5044380950,-3480382275,KRX MDCSTAT02401_OUT
recent3,KOSPI200,foreign,017800,현대엘리베이터,119139,71344,-47795,8767781200,5255636450,-3512144750,KRX MDCSTAT02401_OUT
recent3,KOSPI200,foreign,267250,HD현대,284067,265844,-18223,58489350750,54905134500,-3584216250,KRX MDCSTAT02401_OUT
recent3,KOSPI200,foreign,003550,LG,344577,306910,-37667,38755221800,34493297300,-4261924500,KRX MDCSTAT02401_OUT
recent3,KOSPI200,foreign,139480,이마트,139163,76775,-62388,9977857650,5509747400,-4468110250,KRX MDCSTAT02401_OUT
recent3,KOSPI200,foreign,005940,NH투자증권,657241,484984,-172257,17165434575,12655238000,-4510196575,KRX MDCSTAT02401_OUT
recent3,KOSPI200,foreign,457190,이수스페셜티케미컬,215082,138690,-76392,14124753800,9217315750,-4907438050,KRX MDCSTAT02401_OUT
recent3,KOSPI200,foreign,001430,세아베스틸지주,200534,90646,-109888,9022690175,4093147875,-4929542300,KRX MDCSTAT02401_OUT
recent3,KOSPI200,foreign,021240,코웨이,396775,348476,-48299,39788831500,34825265200,-4963566300,KRX MDCSTAT02401_OUT
recent3,KOSPI200,foreign,326030,SK바이오팜,161362,88269,-73093,12184127600,6678168200,-5505959400,KRX MDCSTAT02401_OUT
recent3,KOSPI200,foreign,175330,JB금융지주,592525,411054,-181471,18205502975,12645058075,-5560444900,KRX MDCSTAT02401_OUT
recent3,KOSPI200,foreign,011070,LG이노텍,293738,281655,-12083,167910228220,162120013220,-5790215000,KRX MDCSTAT02401_OUT
recent3,KOSPI200,foreign,307950,현대오토에버,46083,30626,-15457,17274063750,11418053500,-5856010250,KRX MDCSTAT02401_OUT
recent3,KOSPI200,foreign,241560,두산밥캣,372308,263949,-108359,21166541500,15161517500,-6005024000,KRX MDCSTAT02401_OUT
recent3,KOSPI200,foreign,036570,NC,121488,90717,-30771,25874534500,19402067750,-6472466750,KRX MDCSTAT02401_OUT
recent3,KOSPI200,foreign,323410,카카오뱅크,1433634,1068539,-365095,28858885010,21589577900,-7269307110,KRX MDCSTAT02401_OUT
recent3,KOSPI200,foreign,207940,삼성바이오로직스,68139,62689,-5450,94036407168,86643526668,-7392880500,KRX MDCSTAT02401_OUT
recent3,KOSPI200,foreign,090430,아모레퍼시픽,288013,233223,-54790,41082903600,33288743700,-7794159900,KRX MDCSTAT02401_OUT
recent3,KOSPI200,foreign,082740,한화엔진,528934,362857,-166077,25128785900,17224972750,-7903813150,KRX MDCSTAT02401_OUT
recent3,KOSPI200,foreign,034220,LG디스플레이,5864458,4882401,-982057,49496932440,41463649460,-8033282980,KRX MDCSTAT02401_OUT
recent3,KOSPI200,foreign,071970,HD현대마린엔진,270752,94379,-176373,13037166825,4544269175,-8492897650,KRX MDCSTAT02401_OUT
recent3,KOSPI200,foreign,051910,LG화학,314519,279131,-35388,80001751250,71459214000,-8542537250,KRX MDCSTAT02401_OUT
recent3,KOSPI200,foreign,066970,엘앤에프,373538,289683,-83855,41380194550,32583450100,-8796744450,KRX MDCSTAT02401_OUT
recent3,KOSPI200,foreign,112610,씨에스윈드,422295,233711,-188584,21413536875,11991298225,-9422238650,KRX MDCSTAT02401_OUT
recent3,KOSPI200,foreign,051900,LG생활건강,129587,94422,-35165,37105462750,27167478000,-9937984750,KRX MDCSTAT02401_OUT
recent3,KOSPI200,foreign,454910,두산로보틱스,260182,117516,-142666,18115586100,8177350800,-9938235300,KRX MDCSTAT02401_OUT
recent3,KOSPI200,foreign,086790,하나금융지주,1071998,995671,-76327,143573774820,133543585670,-10030189150,KRX MDCSTAT02401_OUT
recent3,KOSPI200,foreign,052690,한전기술,245175,165318,-79857,31679975550,20922675700,-10757299850,KRX MDCSTAT02401_OUT
recent3,KOSPI200,foreign,015760,한국전력,1221821,854668,-367153,37096169675,26064754075,-11031415600,KRX MDCSTAT02401_OUT
recent3,KOSPI200,foreign,006800,미래에셋증권,943187,591288,-351899,29928463425,18701069000,-11227394425,KRX MDCSTAT02401_OUT
recent3,KOSPI200,foreign,014680,한솔케미칼,103207,56412,-46795,24799717000,13563174250,-11236542750,KRX MDCSTAT02401_OUT
recent3,KOSPI200,foreign,000810,삼성화재,145665,127486,-18179,94895807500,83164314000,-11731493500,KRX MDCSTAT02401_OUT
recent3,KOSPI200,foreign,064400,LG씨엔에스,448469,275625,-172844,31293864100,19355004550,-11938859550,KRX MDCSTAT02401_OUT
recent3,KOSPI200,foreign,064350,현대로템,600253,461442,-138811,68686718900,52949762550,-15736956350,KRX MDCSTAT02401_OUT
recent3,KOSPI200,foreign,009830,한화솔루션,4919874,4402486,-517388,156599787550,140230080375,-16369707175,KRX MDCSTAT02401_OUT
recent3,KOSPI200,foreign,005490,POSCO홀딩스,236222,181473,-54749,73299811000,56514595750,-16785215250,KRX MDCSTAT02401_OUT
recent3,KOSPI200,foreign,012450,한화에어로스페이스,222695,205985,-16710,228603367500,211460892500,-17142475000,KRX MDCSTAT02401_OUT
recent3,KOSPI200,foreign,000720,현대건설,730412,580641,-149771,89049766800,71045653550,-18004113250,KRX MDCSTAT02401_OUT
recent3,KOSPI200,foreign,298040,효성중공업,49439,42237,-7202,139359429500,119327661000,-20031768500,KRX MDCSTAT02401_OUT
recent3,KOSPI200,foreign,267270,HD건설기계,389106,216687,-172419,50341118050,27816169750,-22524948300,KRX MDCSTAT02401_OUT
recent3,KOSPI200,foreign,272210,한화시스템,957377,629632,-327745,70384959350,46236495700,-24148463650,KRX MDCSTAT02401_OUT
recent3,KOSPI200,foreign,035420,NAVER,790740,648282,-142458,155141249350,127530565650,-27610683700,KRX MDCSTAT02401_OUT
recent3,KOSPI200,foreign,034730,SK,222201,170170,-52031,130898457500,100584534000,-30313923500,KRX MDCSTAT02401_OUT
recent3,KOSPI200,foreign,003670,포스코퓨처엠,540551,364977,-175574,98206012250,66940342450,-31265669800,KRX MDCSTAT02401_OUT
recent3,KOSPI200,foreign,402340,SK스퀘어,1405380,1368235,-37145,1607823346299,1569582185799,-38241160500,KRX MDCSTAT02401_OUT
recent3,KOSPI200,foreign,028260,삼성물산,687399,564406,-122993,241044454346,198826130846,-42218323500,KRX MDCSTAT02401_OUT
recent3,KOSPI200,foreign,042660,한화오션,1053236,475761,-577475,83766027100,37874379650,-45891647450,KRX MDCSTAT02401_OUT
recent3,KOSPI200,foreign,000150,두산,125770,92353,-33417,181087268884,133748657384,-47338611500,KRX MDCSTAT02401_OUT
recent3,KOSPI200,foreign,028050,삼성E&A,2685903,1641788,-1044115,131393660100,80789383600,-50604276500,KRX MDCSTAT02401_OUT
recent3,KOSPI200,foreign,267260,HD현대일렉트릭,215333,139850,-75483,148480586500,96347893500,-52132693000,KRX MDCSTAT02401_OUT
recent3,KOSPI200,foreign,055550,신한지주,1704356,1175297,-529059,188123299950,129720546150,-58402753800,KRX MDCSTAT02401_OUT
recent3,KOSPI200,foreign,105560,KB금융,1493223,1124511,-368712,258841242826,194977825226,-63863417600,KRX MDCSTAT02401_OUT
recent3,KOSPI200,foreign,001440,대한전선,2807549,717977,-2089572,85726111425,21843185600,-63882925825,KRX MDCSTAT02401_OUT
recent3,KOSPI200,foreign,047040,대우건설,9907827,5991877,-3915950,176172977125,110666699500,-65506277625,KRX MDCSTAT02401_OUT
recent3,KOSPI200,foreign,010140,삼성중공업,6300251,1810690,-4489561,124653816378,36049445863,-88604370515,KRX MDCSTAT02401_OUT
recent3,KOSPI200,foreign,005380,현대차,895291,556169,-339122,315800470750,196461313750,-119339157000,KRX MDCSTAT02401_OUT
recent3,KOSPI200,foreign,034020,두산에너빌리티,3573056,1300946,-2272110,291003641850,105906268500,-185097373350,KRX MDCSTAT02401_OUT
recent3,KOSPI200,foreign,009150,삼성전기,588711,446668,-142043,889358674500,679343975500,-210014699000,KRX MDCSTAT02401_OUT
recent3,KOSPI200,foreign,005930,삼성전자,21025598,18027135,-2998463,5806618717210,5037556005960,-769062711250,KRX MDCSTAT02401_OUT
recent3,KOSPI200,foreign,000660,SK하이닉스,4999789,2485463,-2514326,9012776537660,4499929271160,-4512847266500,KRX MDCSTAT02401_OUT
recent3,KOSPI200,institution,009150,삼성전기,478533,576373,97840,724523722500,874961748000,150438025500,KRX MDCSTAT02401_OUT
recent3,KOSPI200,institution,011070,LG이노텍,136414,253598,117184,78110473500,146170656000,68060182500,KRX MDCSTAT02401_OUT
recent3,KOSPI200,institution,105560,KB금융,617573,973519,355946,107132017650,168898508200,61766490550,KRX MDCSTAT02401_OUT
recent3,KOSPI200,institution,009830,한화솔루션,907225,2560853,1653628,29018230950,81179586950,52161356000,KRX MDCSTAT02401_OUT
recent3,KOSPI200,institution,034730,SK,97396,175882,78486,57145176500,103700623500,46555447000,KRX MDCSTAT02401_OUT
recent3,KOSPI200,institution,042700,한미반도체,250853,434041,183188,60572911250,105961639750,45388728500,KRX MDCSTAT02401_OUT
recent3,KOSPI200,institution,055550,신한지주,717151,1105236,388085,79130477500,122097233950,42966756450,KRX MDCSTAT02401_OUT
recent3,KOSPI200,institution,096770,SK이노베이션,688928,906865,217937,104230290350,138191196750,33960906400,KRX MDCSTAT02401_OUT
recent3,KOSPI200,institution,003490,대한항공,1665712,2641183,975471,52278690025,82978915875,30700225850,KRX MDCSTAT02401_OUT
recent3,KOSPI200,institution,007660,이수페타시스,341756,531014,189258,39508254850,61987257650,22479002800,KRX MDCSTAT02401_OUT
recent3,KOSPI200,institution,373220,LG에너지솔루션,250590,300003,49413,89016620000,107213311000,18196691000,KRX MDCSTAT02401_OUT
recent3,KOSPI200,institution,014680,한솔케미칼,30711,104751,74040,7334905500,25146829500,17811924000,KRX MDCSTAT02401_OUT
recent3,KOSPI200,institution,000990,DB하이텍,294786,417026,122240,38919792900,56356519350,17436726450,KRX MDCSTAT02401_OUT
recent3,KOSPI200,institution,010950,S-Oil,186798,287614,100816,29653634850,45908283800,16254648950,KRX MDCSTAT02401_OUT
recent3,KOSPI200,institution,010060,OCI홀딩스,166861,240409,73548,36457144450,52009338200,15552193750,KRX MDCSTAT02401_OUT
recent3,KOSPI200,institution,090430,아모레퍼시픽,77623,180387,102764,11063872150,25734836500,14670964350,KRX MDCSTAT02401_OUT
recent3,KOSPI200,institution,066570,LG전자,320805,380005,59200,68433526750,81097614500,12664087750,KRX MDCSTAT02401_OUT
recent3,KOSPI200,institution,138040,메리츠금융지주,175827,267493,91666,22668050750,34908199050,12240148300,KRX MDCSTAT02401_OUT
recent3,KOSPI200,institution,000810,삼성화재,39769,58375,18606,25927968000,38029773500,12101805500,KRX MDCSTAT02401_OUT
recent3,KOSPI200,institution,000150,두산,45988,53510,7522,65956473500,77137151500,11180678000,KRX MDCSTAT02401_OUT
recent3,KOSPI200,institution,112610,씨에스윈드,109888,303709,193821,5586392925,15547817225,9961424300,KRX MDCSTAT02401_OUT
recent3,KOSPI200,institution,016360,삼성증권,191603,287018,95415,17169839500,25860238750,8690399250,KRX MDCSTAT02401_OUT
recent3,KOSPI200,institution,128940,한미약품,64276,79469,15193,32784476500,40893209250,8108732750,KRX MDCSTAT02401_OUT
recent3,KOSPI200,institution,361610,SK아이이테크놀로지,138465,543435,404970,2413226630,9521243905,7108017275,KRX MDCSTAT02401_OUT
recent3,KOSPI200,institution,175330,JB금융지주,267211,479170,211959,8179991000,14700372175,6520381175,KRX MDCSTAT02401_OUT
recent3,KOSPI200,institution,051900,LG생활건강,30061,52293,22232,8721390500,15063668250,6342277750,KRX MDCSTAT02401_OUT
recent3,KOSPI200,institution,483650,달바글로벌,44707,77471,32764,8234641800,14373229900,6138588100,KRX MDCSTAT02401_OUT
recent3,KOSPI200,institution,021240,코웨이,109992,166977,56985,11004348900,16856979750,5852630850,KRX MDCSTAT02401_OUT
recent3,KOSPI200,institution,005940,NH투자증권,316865,523269,206404,8261540500,13679949525,5418409025,KRX MDCSTAT02401_OUT
recent3,KOSPI200,institution,272210,한화시스템,351041,412485,61444,25712185500,30301152400,4588966900,KRX MDCSTAT02401_OUT
recent3,KOSPI200,institution,001430,세아베스틸지주,84424,177097,92673,3797822225,7968380450,4170558225,KRX MDCSTAT02401_OUT
recent3,KOSPI200,institution,005830,DB손해보험,119238,139607,20369,22441863200,26397287400,3955424200,KRX MDCSTAT02401_OUT
recent3,KOSPI200,institution,036460,한국가스공사,82971,188699,105728,2912883275,6715387875,3802504600,KRX MDCSTAT02401_OUT
recent3,KOSPI200,institution,066970,엘앤에프,326800,357167,30367,36134241600,39932348550,3798106950,KRX MDCSTAT02401_OUT
recent3,KOSPI200,institution,006260,LS,67781,79061,11280,21540136500,25183258250,3643121750,KRX MDCSTAT02401_OUT
recent3,KOSPI200,institution,316140,우리금융지주,1240824,1335739,94915,44641004450,48037528475,3396524025,KRX MDCSTAT02401_OUT
recent3,KOSPI200,institution,278470,에이피알,94372,102937,8565,34437656000,37805384750,3367728750,KRX MDCSTAT02401_OUT
recent3,KOSPI200,institution,024110,기업은행,362325,520553,158228,7479658275,10722002950,3242344675,KRX MDCSTAT02401_OUT
recent3,KOSPI200,institution,402340,SK스퀘어,449299,448295,-1004,507489376000,510226696000,2737320000,KRX MDCSTAT02401_OUT
recent3,KOSPI200,institution,007340,DN오토모티브,97255,151831,54576,4779122050,7496667825,2717545775,KRX MDCSTAT02401_OUT
recent3,KOSPI200,institution,008930,한미사이언스,42529,91795,49266,2216631350,4791571250,2574939900,KRX MDCSTAT02401_OUT
recent3,KOSPI200,institution,086790,하나금융지주,524092,543242,19150,70209719450,72729904300,2520184850,KRX MDCSTAT02401_OUT
recent3,KOSPI200,institution,032640,LG유플러스,358351,521109,162758,5265934200,7657675360,2391741160,KRX MDCSTAT02401_OUT
recent3,KOSPI200,institution,097950,CJ제일제당,36658,47966,11308,6509895300,8512529000,2002633700,KRX MDCSTAT02401_OUT
recent3,KOSPI200,institution,017800,현대엘리베이터,60225,86230,26005,4428434850,6341005550,1912570700,KRX MDCSTAT02401_OUT
recent3,KOSPI200,institution,032830,삼성생명,165825,171780,5955,48498345000,50396251250,1897906250,KRX MDCSTAT02401_OUT
recent3,KOSPI200,institution,180640,한진칼,51747,63605,11858,7169098600,8846239350,1677140750,KRX MDCSTAT02401_OUT
recent3,KOSPI200,institution,011790,SKC,88230,105571,17341,8006620550,9596383100,1589762550,KRX MDCSTAT02401_OUT
recent3,KOSPI200,institution,192820,코스맥스,56148,61528,5380,15335344750,16859010500,1523665750,KRX MDCSTAT02401_OUT
recent3,KOSPI200,institution,009240,한샘,8515,45880,37365,341501750,1838043075,1496541325,KRX MDCSTAT02401_OUT
recent3,KOSPI200,institution,012750,에스원,43692,61716,18024,3615932850,5112245550,1496312700,KRX MDCSTAT02401_OUT
recent3,KOSPI200,institution,011170,롯데케미칼,133554,156309,22755,8138735500,9602552350,1463816850,KRX MDCSTAT02401_OUT
recent3,KOSPI200,institution,004370,농심,12163,15681,3518,4843026000,6261795000,1418769000,KRX MDCSTAT02401_OUT
recent3,KOSPI200,institution,000670,영풍,28513,59013,30500,1215906425,2518979850,1303073425,KRX MDCSTAT02401_OUT
recent3,KOSPI200,institution,004990,롯데지주,52386,101138,48752,1277097200,2462990250,1185893050,KRX MDCSTAT02401_OUT
recent3,KOSPI200,institution,323410,카카오뱅크,512736,569249,56513,10320196805,11492854650,1172657845,KRX MDCSTAT02401_OUT
recent3,KOSPI200,institution,081660,미스토홀딩스,93130,116477,23347,3527826700,4427512800,899686100,KRX MDCSTAT02401_OUT
recent3,KOSPI200,institution,139480,이마트,28274,39744,11470,2027219800,2854778350,827558550,KRX MDCSTAT02401_OUT
recent3,KOSPI200,institution,103140,풍산,51781,61130,9349,4015510900,4763211700,747700800,KRX MDCSTAT02401_OUT
recent3,KOSPI200,institution,139130,iM금융지주,320545,356074,35529,5861036905,6559754050,698717145,KRX MDCSTAT02401_OUT
recent3,KOSPI200,institution,000240,한국앤컴퍼니,55277,79954,24677,1375341650,1988545425,613203775,KRX MDCSTAT02401_OUT
recent3,KOSPI200,institution,003550,LG,125357,130030,4673,14087168400,14669012350,581843950,KRX MDCSTAT02401_OUT
recent3,KOSPI200,institution,036570,NC,68940,71428,2488,14629452000,15185512250,556060250,KRX MDCSTAT02401_OUT
recent3,KOSPI200,institution,011200,HMM,355401,379279,23878,7479429225,8004879350,525450125,KRX MDCSTAT02401_OUT
recent3,KOSPI200,institution,071320,지역난방공사,4328,9091,4763,339452200,715929950,376477750,KRX MDCSTAT02401_OUT
recent3,KOSPI200,institution,001680,대상,36723,53220,16497,664435100,966950345,302515245,KRX MDCSTAT02401_OUT
recent3,KOSPI200,institution,002030,아세아,1528,2829,1301,316607500,587905000,271297500,KRX MDCSTAT02401_OUT
recent3,KOSPI200,institution,026960,동서,53828,63293,9465,1375386750,1622266700,246879950,KRX MDCSTAT02401_OUT
recent3,KOSPI200,institution,069260,TKG휴켐스,36001,48807,12806,584565705,793078865,208513160,KRX MDCSTAT02401_OUT
recent3,KOSPI200,institution,034230,파라다이스,65321,85379,20058,623952450,818766640,194814190,KRX MDCSTAT02401_OUT
recent3,KOSPI200,institution,069620,대웅제약,12386,14105,1719,1322861950,1509792400,186930450,KRX MDCSTAT02401_OUT
recent3,KOSPI200,institution,005420,코스모화학,57604,72722,15118,590075965,750065385,159989420,KRX MDCSTAT02401_OUT
recent3,KOSPI200,institution,007310,오뚜기,1654,2135,481,522036500,676113750,154077250,KRX MDCSTAT02401_OUT
recent3,KOSPI200,institution,008730,율촌화학,20037,28766,8729,295730750,424928575,129197825,KRX MDCSTAT02401_OUT
recent3,KOSPI200,institution,138930,BNK금융지주,371907,374015,2108,6048452875,6092007535,43554660,KRX MDCSTAT02401_OUT
recent3,KOSPI200,institution,014820,동원시스템즈,16737,18307,1570,349923875,384475000,34551125,KRX MDCSTAT02401_OUT
recent3,KOSPI200,institution,268280,미원에스씨,1277,1523,246,168415500,201853450,33437950,KRX MDCSTAT02401_OUT
recent3,KOSPI200,institution,137310,에스디바이오센서,49926,52188,2262,303241840,318126075,14884235,KRX MDCSTAT02401_OUT
recent3,KOSPI200,institution,002790,아모레퍼시픽홀딩스,44345,44656,311,1174933425,1188046925,13113500,KRX MDCSTAT02401_OUT
recent3,KOSPI200,institution,005300,롯데칠성,5336,5380,44,511065100,515007650,3942550,KRX MDCSTAT02401_OUT
recent3,KOSPI200,institution,007700,F&F홀딩스,2717,1538,-1179,36184620,20547790,-15636830,KRX MDCSTAT02401_OUT
recent3,KOSPI200,institution,000080,하이트진로,68099,64926,-3173,1024240125,977717325,-46522800,KRX MDCSTAT02401_OUT
recent3,KOSPI200,institution,002840,미원상사,2214,1819,-395,301192050,248976400,-52215650,KRX MDCSTAT02401_OUT
recent3,KOSPI200,institution,003240,태광산업,796,712,-84,716907500,642206000,-74701500,KRX MDCSTAT02401_OUT
recent3,KOSPI200,institution,073240,금호타이어,317453,303648,-13805,2122936970,2046971135,-75965835,KRX MDCSTAT02401_OUT
recent3,KOSPI200,institution,001800,오리온홀딩스,45157,41764,-3393,1078016375,999413075,-78603300,KRX MDCSTAT02401_OUT
recent3,KOSPI200,institution,298050,HS효성첨단소재,5900,5367,-533,951323850,872029650,-79294200,KRX MDCSTAT02401_OUT
recent3,KOSPI200,institution,111770,영원무역,31324,29756,-1568,2204198450,2104212500,-99985950,KRX MDCSTAT02401_OUT
recent3,KOSPI200,institution,030000,제일기획,170750,163622,-7128,3036792015,2909819545,-126972470,KRX MDCSTAT02401_OUT
recent3,KOSPI200,institution,300720,한일시멘트,48411,39401,-9010,783510020,637894585,-145615435,KRX MDCSTAT02401_OUT
recent3,KOSPI200,institution,377300,카카오페이,114716,109142,-5574,4627756475,4456500375,-171256100,KRX MDCSTAT02401_OUT
recent3,KOSPI200,institution,009970,영원무역홀딩스,7333,6172,-1161,1213181850,1024832850,-188349000,KRX MDCSTAT02401_OUT
recent3,KOSPI200,institution,000880,한화,36478,34826,-1652,4760062200,4539048800,-221013400,KRX MDCSTAT02401_OUT
recent3,KOSPI200,institution,003090,대웅,66224,51477,-14747,1046129485,815282225,-230847260,KRX MDCSTAT02401_OUT
recent3,KOSPI200,institution,280360,롯데웰푸드,15801,13756,-2045,1977618950,1724994250,-252624700,KRX MDCSTAT02401_OUT
recent3,KOSPI200,institution,088350,한화생명,1406702,1352638,-54064,8031379470,7771863670,-259515800,KRX MDCSTAT02401_OUT
recent3,KOSPI200,institution,006040,동원산업,21901,13291,-8610,772456025,472700050,-299755975,KRX MDCSTAT02401_OUT
recent3,KOSPI200,institution,185750,종근당,12724,7658,-5066,822908800,496989450,-325919350,KRX MDCSTAT02401_OUT
recent3,KOSPI200,institution,457190,이수스페셜티케미컬,66287,60552,-5735,4283108550,3940062200,-343046350,KRX MDCSTAT02401_OUT
recent3,KOSPI200,institution,302440,SK바이오사이언스,56394,46003,-10391,2023988125,1654474925,-369513200,KRX MDCSTAT02401_OUT
recent3,KOSPI200,institution,028670,팬오션,1671880,1585740,-86140,9539247955,9131866145,-407381810,KRX MDCSTAT02401_OUT
recent3,KOSPI200,institution,011210,현대위아,27072,17874,-9198,1441446800,952254450,-489192350,KRX MDCSTAT02401_OUT
recent3,KOSPI200,institution,251270,넷마블,101035,86126,-14909,3517626050,3002209725,-515416325,KRX MDCSTAT02401_OUT
recent3,KOSPI200,institution,028050,삼성E&A,756612,736501,-20111,36757161350,36188010375,-569150975,KRX MDCSTAT02401_OUT
recent3,KOSPI200,institution,022100,포스코DX,145907,115073,-30834,2919180010,2309680015,-609499995,KRX MDCSTAT02401_OUT
recent3,KOSPI200,institution,051600,한전KPS,69534,55579,-13955,3162194850,2540113975,-622080875,KRX MDCSTAT02401_OUT
recent3,KOSPI200,institution,039490,키움증권,54562,51333,-3229,14054158750,13381422250,-672736500,KRX MDCSTAT02401_OUT
recent3,KOSPI200,institution,443060,HD현대마린솔루션,40364,37423,-2941,9636878250,8938142250,-698736000,KRX MDCSTAT02401_OUT
recent3,KOSPI200,institution,035250,강원랜드,227749,175573,-52176,3274922690,2527619340,-747303350,KRX MDCSTAT02401_OUT
recent3,KOSPI200,institution,006280,녹십자,16196,9926,-6270,1991530900,1224056000,-767474900,KRX MDCSTAT02401_OUT
recent3,KOSPI200,institution,285130,SK케미칼,39960,24605,-15355,2018619125,1248920175,-769698950,KRX MDCSTAT02401_OUT
recent3,KOSPI200,institution,307950,현대오토에버,25158,22793,-2365,9315420500,8533340500,-782080000,KRX MDCSTAT02401_OUT
recent3,KOSPI200,institution,000120,CJ대한통운,29137,17637,-11500,2048592750,1242769850,-805822900,KRX MDCSTAT02401_OUT
recent3,KOSPI200,institution,282330,BGF리테일,42708,35933,-6775,5625680000,4757764000,-867916000,KRX MDCSTAT02401_OUT
recent3,KOSPI200,institution,018880,한온시스템,1134699,863207,-271492,3690825778,2806222725,-884603053,KRX MDCSTAT02401_OUT
recent3,KOSPI200,institution,028260,삼성물산,242488,239433,-3055,86278938750,85365052250,-913886500,KRX MDCSTAT02401_OUT
recent3,KOSPI200,institution,004000,롯데정밀화학,44398,22958,-21440,1922488600,1000836525,-921652075,KRX MDCSTAT02401_OUT
recent3,KOSPI200,institution,030200,KT,328807,309879,-18928,17357685450,16382697550,-974987900,KRX MDCSTAT02401_OUT
recent3,KOSPI200,institution,326030,SK바이오팜,49574,35879,-13695,3744698900,2718148300,-1026550600,KRX MDCSTAT02401_OUT
recent3,KOSPI200,institution,003030,세아제강지주,40303,29712,-10591,4229901050,3177143250,-1052757800,KRX MDCSTAT02401_OUT
recent3,KOSPI200,institution,267250,HD현대,89029,83628,-5401,18306901750,17251662000,-1055239750,KRX MDCSTAT02401_OUT
recent3,KOSPI200,institution,192080,더블유게임즈,48252,29118,-19134,2818911750,1704051800,-1114859950,KRX MDCSTAT02401_OUT
recent3,KOSPI200,institution,002380,KCC,12291,9933,-2358,5828222500,4711115000,-1117107500,KRX MDCSTAT02401_OUT
recent3,KOSPI200,institution,000210,DL,61908,38874,-23034,3153625750,1995029350,-1158596400,KRX MDCSTAT02401_OUT
recent3,KOSPI200,institution,271560,오리온,52287,40327,-11960,5784036450,4472462450,-1311574000,KRX MDCSTAT02401_OUT
recent3,KOSPI200,institution,017960,한국카본,114827,40723,-74104,2307195085,819905380,-1487289705,KRX MDCSTAT02401_OUT
recent3,KOSPI200,institution,068270,셀트리온,296254,286866,-9388,52700544000,51156072600,-1544471400,KRX MDCSTAT02401_OUT
recent3,KOSPI200,institution,204320,HL만도,90841,56610,-34231,4151080500,2600777825,-1550302675,KRX MDCSTAT02401_OUT
recent3,KOSPI200,institution,005850,에스엘,82063,48899,-33164,4008722450,2424913600,-1583808850,KRX MDCSTAT02401_OUT
recent3,KOSPI200,institution,008770,호텔신라,82471,41702,-40769,3315928300,1681547475,-1634380825,KRX MDCSTAT02401_OUT
recent3,KOSPI200,institution,035720,카카오,664079,610037,-54042,22475940075,20761801325,-1714138750,KRX MDCSTAT02401_OUT
recent3,KOSPI200,institution,047810,한국항공우주,147516,133565,-13951,18915109600,17132647500,-1782462100,KRX MDCSTAT02401_OUT
recent3,KOSPI200,institution,454910,두산로보틱스,85563,57464,-28099,5956008150,4005241950,-1950766200,KRX MDCSTAT02401_OUT
recent3,KOSPI200,institution,161890,한국콜마,108071,94523,-13548,16027185750,14048311750,-1978874000,KRX MDCSTAT02401_OUT
recent3,KOSPI200,institution,0126Z0,삼성에피스홀딩스,12776,6300,-6476,4231104500,2106710500,-2124394000,KRX MDCSTAT02401_OUT
recent3,KOSPI200,institution,051910,LG화학,160425,151153,-9272,40838193000,38688270750,-2149922250,KRX MDCSTAT02401_OUT
recent3,KOSPI200,institution,064350,현대로템,215094,195855,-19239,24819139000,22632632550,-2186506450,KRX MDCSTAT02401_OUT
recent3,KOSPI200,institution,006650,대한유화,33429,8792,-24637,3038904800,798100300,-2240804500,KRX MDCSTAT02401_OUT
recent3,KOSPI200,institution,007070,GS리테일,185230,84297,-100933,4224613250,1923332400,-2301280850,KRX MDCSTAT02401_OUT
recent3,KOSPI200,institution,001040,CJ,87567,68228,-19339,11669684350,9137094850,-2532589500,KRX MDCSTAT02401_OUT
recent3,KOSPI200,institution,450080,에코프로머티,280959,203020,-77939,9761674250,7108714875,-2652959375,KRX MDCSTAT02401_OUT
recent3,KOSPI200,institution,161390,한국타이어앤테크놀로지,142317,93511,-48806,8244011550,5471515750,-2772495800,KRX MDCSTAT02401_OUT
recent3,KOSPI200,institution,011780,금호석유화학,41871,17800,-24071,4891220850,2084079250,-2807141600,KRX MDCSTAT02401_OUT
recent3,KOSPI200,institution,120110,코오롱인더,113967,59671,-54296,6184139100,3267215300,-2916923800,KRX MDCSTAT02401_OUT
recent3,KOSPI200,institution,034220,LG디스플레이,721098,375702,-345396,6101278510,3181186790,-2920091720,KRX MDCSTAT02401_OUT
recent3,KOSPI200,institution,259960,크래프톤,65819,49942,-15877,13065230550,9963189250,-3102041300,KRX MDCSTAT02401_OUT
recent3,KOSPI200,institution,352820,하이브,169551,146350,-23201,26891230900,23410656900,-3480574000,KRX MDCSTAT02401_OUT
recent3,KOSPI200,institution,241560,두산밥캣,132969,68746,-64223,7565101850,3916256300,-3648845550,KRX MDCSTAT02401_OUT
recent3,KOSPI200,institution,064400,LG씨엔에스,146004,92349,-53655,10196895600,6470961450,-3725934150,KRX MDCSTAT02401_OUT
recent3,KOSPI200,institution,267260,HD현대일렉트릭,53155,47638,-5517,36927011500,33036957500,-3890054000,KRX MDCSTAT02401_OUT
recent3,KOSPI200,institution,001440,대한전선,542997,411757,-131240,16640435250,12491915950,-4148519300,KRX MDCSTAT02401_OUT
recent3,KOSPI200,institution,001450,현대해상,335506,240325,-95181,16320607375,11844690450,-4475916925,KRX MDCSTAT02401_OUT
recent3,KOSPI200,institution,006800,미래에셋증권,696865,543655,-153210,22066068325,17309614525,-4756453800,KRX MDCSTAT02401_OUT
recent3,KOSPI200,institution,071050,한국금융지주,153025,126081,-26944,27957199500,23189749500,-4767450000,KRX MDCSTAT02401_OUT
recent3,KOSPI200,institution,029780,삼성카드,182417,63361,-119056,7827409225,2714703500,-5112705725,KRX MDCSTAT02401_OUT
recent3,KOSPI200,institution,298020,효성티앤씨,23885,6172,-17713,6984719750,1834344000,-5150375750,KRX MDCSTAT02401_OUT
recent3,KOSPI200,institution,023530,롯데쇼핑,92471,40313,-52158,9573003950,4167065600,-5405938350,KRX MDCSTAT02401_OUT
recent3,KOSPI200,institution,000100,유한양행,200660,124046,-76614,14789102200,9163547400,-5625554800,KRX MDCSTAT02401_OUT
recent3,KOSPI200,institution,017670,SK텔레콤,508908,437298,-71610,44095677850,37991799500,-6103878350,KRX MDCSTAT02401_OUT
recent3,KOSPI200,institution,093370,후성,1080750,591344,-489406,15130391810,8296223050,-6834168760,KRX MDCSTAT02401_OUT
recent3,KOSPI200,institution,071970,HD현대마린엔진,182048,39596,-142452,8750288650,1912666000,-6837622650,KRX MDCSTAT02401_OUT
recent3,KOSPI200,institution,078930,GS,398838,326753,-72085,44326022550,36690977600,-7635044950,KRX MDCSTAT02401_OUT
recent3,KOSPI200,institution,003670,포스코퓨처엠,361486,309464,-52022,65340428650,56612475850,-8727952800,KRX MDCSTAT02401_OUT
recent3,KOSPI200,institution,009540,HD한국조선해양,113316,86025,-27291,37364772750,28448216500,-8916556250,KRX MDCSTAT02401_OUT
recent3,KOSPI200,institution,047050,포스코인터내셔널,462714,297308,-165406,25562865500,16551740600,-9011124900,KRX MDCSTAT02401_OUT
recent3,KOSPI200,institution,207940,삼성바이오로직스,37494,30791,-6703,51694640000,42604741500,-9089898500,KRX MDCSTAT02401_OUT
recent3,KOSPI200,institution,009420,한올바이오파마,366502,155381,-211121,16096582975,6894316500,-9202266475,KRX MDCSTAT02401_OUT
recent3,KOSPI200,institution,018260,삼성에스디에스,83713,41307,-42406,18306279750,9042717000,-9263562750,KRX MDCSTAT02401_OUT
recent3,KOSPI200,institution,069960,현대백화점,140141,32025,-108116,12836796100,3015988650,-9820807450,KRX MDCSTAT02401_OUT
recent3,KOSPI200,institution,012330,현대모비스,174584,145355,-29229,64567024750,53885547500,-10681477250,KRX MDCSTAT02401_OUT
recent3,KOSPI200,institution,375500,DL이앤씨,322283,185455,-136828,25843493350,14943932750,-10899560600,KRX MDCSTAT02401_OUT
recent3,KOSPI200,institution,033780,KT&G,207355,141140,-66215,36351294850,24811759300,-11539535550,KRX MDCSTAT02401_OUT
recent3,KOSPI200,institution,003230,삼양식품,29417,19482,-9935,35761892500,23827310500,-11934582000,KRX MDCSTAT02401_OUT
recent3,KOSPI200,institution,062040,산일전기,132113,69987,-62126,26740090450,14267084700,-12473005750,KRX MDCSTAT02401_OUT
recent3,KOSPI200,institution,004170,신세계,64090,26634,-37456,22071465500,9206627000,-12864838500,KRX MDCSTAT02401_OUT
recent3,KOSPI200,institution,010120,LS ELECTRIC,265762,195270,-70492,54379485250,40018671000,-14360814250,KRX MDCSTAT02401_OUT
recent3,KOSPI200,institution,082740,한화엔진,466486,134904,-331582,22049925725,6401506650,-15648419075,KRX MDCSTAT02401_OUT
recent3,KOSPI200,institution,079550,LIG디펜스앤에어로스페이스,70920,48014,-22906,48798491000,33148875500,-15649615500,KRX MDCSTAT02401_OUT
recent3,KOSPI200,institution,004020,현대제철,1005013,489207,-515806,31540288325,15420164550,-16120123775,KRX MDCSTAT02401_OUT
recent3,KOSPI200,institution,010130,고려아연,27130,11750,-15380,29120549500,12798132000,-16322417500,KRX MDCSTAT02401_OUT
recent3,KOSPI200,institution,052690,한전기술,259634,125718,-133916,33006022350,16110732850,-16895289500,KRX MDCSTAT02401_OUT
recent3,KOSPI200,institution,005490,POSCO홀딩스,225987,161618,-64369,70028411750,50261653250,-19766758500,KRX MDCSTAT02401_OUT
recent3,KOSPI200,institution,267270,HD건설기계,273523,101194,-172329,34944206150,13096516600,-21847689550,KRX MDCSTAT02401_OUT
recent3,KOSPI200,institution,012450,한화에어로스페이스,92336,70424,-21912,94496764500,72328273000,-22168491500,KRX MDCSTAT02401_OUT
recent3,KOSPI200,institution,086280,현대글로비스,193591,73464,-120127,38258535300,14549804700,-23708730600,KRX MDCSTAT02401_OUT
recent3,KOSPI200,institution,298040,효성중공업,26245,17720,-8525,73954972500,50078250000,-23876722500,KRX MDCSTAT02401_OUT
recent3,KOSPI200,institution,015760,한국전력,1636492,774841,-861651,49561131725,23577309975,-25983821750,KRX MDCSTAT02401_OUT
recent3,KOSPI200,institution,005380,현대차,416678,334694,-81984,146875846250,118201501750,-28674344500,KRX MDCSTAT02401_OUT
recent3,KOSPI200,institution,000270,기아,703863,440378,-263485,81500687250,51221017800,-30279669450,KRX MDCSTAT02401_OUT
recent3,KOSPI200,institution,010140,삼성중공업,2483922,944913,-1539009,49068035585,18730973450,-30337062135,KRX MDCSTAT02401_OUT
recent3,KOSPI200,institution,042660,한화오션,671479,232848,-438631,53344851650,18583562250,-34761289400,KRX MDCSTAT02401_OUT
recent3,KOSPI200,institution,047040,대우건설,4654852,2363235,-2291617,82633805810,43212855285,-39420950525,KRX MDCSTAT02401_OUT
recent3,KOSPI200,institution,329180,HD현대중공업,213024,89585,-123439,92762112500,39263087750,-53499024750,KRX MDCSTAT02401_OUT
recent3,KOSPI200,institution,000720,현대건설,976728,443612,-533116,118531926150,54350873150,-64181053000,KRX MDCSTAT02401_OUT
recent3,KOSPI200,institution,006400,삼성SDI,398420,256689,-141731,206924863500,134059555500,-72865308000,KRX MDCSTAT02401_OUT
recent3,KOSPI200,institution,035420,NAVER,828300,388146,-440154,162372984950,76482839000,-85890145950,KRX MDCSTAT02401_OUT
recent3,KOSPI200,institution,034020,두산에너빌리티,2519096,1207052,-1312044,204813354050,98355728950,-106457625100,KRX MDCSTAT02401_OUT
recent3,KOSPI200,institution,000660,SK하이닉스,2500998,2391716,-109282,4503567336000,4318777838000,-184789498000,KRX MDCSTAT02401_OUT
recent3,KOSPI200,institution,005930,삼성전자,20320328,19310246,-1010082,5616523540750,5350445436750,-266078104000,KRX MDCSTAT02401_OUT
recent3,KOSDAQ150,foreign,036930,주성엔지니어링,554107,938480,384373,116767781250,198511141000,81743359750,KRX MDCSTAT02401_OUT
recent3,KOSDAQ150,foreign,403870,HPSP,1551793,2497716,945923,90009180950,144996150800,54986969850,KRX MDCSTAT02401_OUT
recent3,KOSDAQ150,foreign,222800,심텍,505528,761227,255699,75295004850,113506693750,38211688900,KRX MDCSTAT02401_OUT
recent3,KOSDAQ150,foreign,036540,SFA반도체,2527527,5588373,3060846,26512198350,58481581415,31969383065,KRX MDCSTAT02401_OUT
recent3,KOSDAQ150,foreign,095610,테스,148596,336036,187440,24521495900,54855956050,30334460150,KRX MDCSTAT02401_OUT
recent3,KOSDAQ150,foreign,098460,고영,815533,1304508,488975,24201335550,38814515825,14613180275,KRX MDCSTAT02401_OUT
recent3,KOSDAQ150,foreign,089030,테크윙,383282,649427,266145,18969920225,32203640150,13233719925,KRX MDCSTAT02401_OUT
recent3,KOSDAQ150,foreign,031980,피에스케이홀딩스,38932,111774,72842,6586325700,19004171750,12417846050,KRX MDCSTAT02401_OUT
recent3,KOSDAQ150,foreign,298380,에이비엘바이오,434002,651658,217656,21721387150,32531214375,10809827225,KRX MDCSTAT02401_OUT
recent3,KOSDAQ150,foreign,078600,대주전자재료,131714,241827,110113,11845748250,21998887450,10153139200,KRX MDCSTAT02401_OUT
recent3,KOSDAQ150,foreign,214450,파마리서치,47093,74839,27746,15083475750,23844331750,8760856000,KRX MDCSTAT02401_OUT
recent3,KOSDAQ150,foreign,247540,에코프로비엠,402032,470864,68832,43085804350,50576994950,7491190600,KRX MDCSTAT02401_OUT
recent3,KOSDAQ150,foreign,241710,코스메카코리아,77194,134479,57285,9809719050,16974096200,7164377150,KRX MDCSTAT02401_OUT
recent3,KOSDAQ150,foreign,323280,태성,400379,531478,131099,19813784200,26629429300,6815645100,KRX MDCSTAT02401_OUT
recent3,KOSDAQ150,foreign,131290,티에스이,55221,78272,23051,16109502250,22924888750,6815386500,KRX MDCSTAT02401_OUT
recent3,KOSDAQ150,foreign,087010,펩트론,115761,163987,48226,15947023550,22456900400,6509876850,KRX MDCSTAT02401_OUT
recent3,KOSDAQ150,foreign,086520,에코프로,414258,471075,56817,32947850350,37939489600,4991639250,KRX MDCSTAT02401_OUT
recent3,KOSDAQ150,foreign,096530,씨젠,218666,362514,143848,7470049921,12366364496,4896314575,KRX MDCSTAT02401_OUT
recent3,KOSDAQ150,foreign,183300,코미코,365142,509256,144114,11605525375,16088689175,4483163800,KRX MDCSTAT02401_OUT
recent3,KOSDAQ150,foreign,196170,알테오젠,196181,214540,18359,49527033250,53982559250,4455526000,KRX MDCSTAT02401_OUT
recent3,KOSDAQ150,foreign,080220,제주반도체,534778,591224,56446,40876323600,45223491400,4347167800,KRX MDCSTAT02401_OUT
recent3,KOSDAQ150,foreign,030530,원익홀딩스,1720364,1865443,145079,49390899750,53237724425,3846824675,KRX MDCSTAT02401_OUT
recent3,KOSDAQ150,foreign,053800,안랩,107185,157734,50549,8013024900,11752238800,3739213900,KRX MDCSTAT02401_OUT
recent3,KOSDAQ150,foreign,014620,성광벤드,87325,199287,111962,2701047175,6131917275,3430870100,KRX MDCSTAT02401_OUT
recent3,KOSDAQ150,foreign,006730,서부T&D,269268,522869,253601,2943670575,5814612375,2870941800,KRX MDCSTAT02401_OUT
recent3,KOSDAQ150,foreign,035900,JYP Ent.,154714,226514,71800,5859474675,8583297050,2723822375,KRX MDCSTAT02401_OUT
recent3,KOSDAQ150,foreign,178320,서진시스템,1701454,1787471,86017,60790033050,63465250050,2675217000,KRX MDCSTAT02401_OUT
recent3,KOSDAQ150,foreign,124500,아이티센글로벌,80542,166064,85522,2354130550,4822002775,2467872225,KRX MDCSTAT02401_OUT
recent3,KOSDAQ150,foreign,161580,필옵틱스,675459,741005,65546,24721903075,27065481850,2343578775,KRX MDCSTAT02401_OUT
recent3,KOSDAQ150,foreign,074600,원익QnC,99789,180131,80342,2911785200,5229277250,2317492050,KRX MDCSTAT02401_OUT
recent3,KOSDAQ150,foreign,293490,카카오게임즈,234183,461921,227738,2194646265,4337429610,2142783345,KRX MDCSTAT02401_OUT
recent3,KOSDAQ150,foreign,039030,이오테크닉스,77176,82091,4915,37296933500,39385362750,2088429250,KRX MDCSTAT02401_OUT
recent3,KOSDAQ150,foreign,078340,컴투스,69550,125702,56152,2559062850,4603584600,2044521750,KRX MDCSTAT02401_OUT
recent3,KOSDAQ150,foreign,237690,에스티팜,60153,79479,19326,5561473450,7358160250,1796686800,KRX MDCSTAT02401_OUT
recent3,KOSDAQ150,foreign,290650,엘앤씨바이오,94542,131762,37220,4383549900,6113270300,1729720400,KRX MDCSTAT02401_OUT
recent3,KOSDAQ150,foreign,032500,케이엠더블유,163349,247276,83927,3121642280,4697284885,1575642605,KRX MDCSTAT02401_OUT
recent3,KOSDAQ150,foreign,171090,선익시스템,45149,66109,20960,3160772000,4714451300,1553679300,KRX MDCSTAT02401_OUT
recent3,KOSDAQ150,foreign,030520,한컴,83527,170326,86799,1442851550,2949936260,1507084710,KRX MDCSTAT02401_OUT
recent3,KOSDAQ150,foreign,068760,셀트리온제약,65953,101745,35792,2557760750,3970437775,1412677025,KRX MDCSTAT02401_OUT
recent3,KOSDAQ150,foreign,399720,가온칩스,93064,120779,27715,4308281450,5613262875,1304981425,KRX MDCSTAT02401_OUT
recent3,KOSDAQ150,foreign,056190,SFA,64717,108264,43547,1820299900,3040704775,1220404875,KRX MDCSTAT02401_OUT
recent3,KOSDAQ150,foreign,060250,NHN KCP,136710,227457,90747,1829486560,3048287945,1218801385,KRX MDCSTAT02401_OUT
recent3,KOSDAQ150,foreign,033500,동성화인텍,86730,156187,69457,1370091850,2465132060,1095040210,KRX MDCSTAT02401_OUT
recent3,KOSDAQ150,foreign,052400,코나아이,33642,60329,26687,1272943025,2288411925,1015468900,KRX MDCSTAT02401_OUT
recent3,KOSDAQ150,foreign,213420,덕산네오룩스,91311,123674,32363,2662207700,3608879925,946672225,KRX MDCSTAT02401_OUT
recent3,KOSDAQ150,foreign,112040,위메이드,88437,145779,57342,1354655870,2245401650,890745780,KRX MDCSTAT02401_OUT
recent3,KOSDAQ150,foreign,376300,디어유,94354,137897,43543,1646957980,2423407570,776449590,KRX MDCSTAT02401_OUT
recent3,KOSDAQ150,foreign,025320,시노펙스,359176,559797,200621,1357052976,2114132099,757079123,KRX MDCSTAT02401_OUT
recent3,KOSDAQ150,foreign,475830,오름테라퓨틱,440951,476418,35467,10712303675,11416038800,703735125,KRX MDCSTAT02401_OUT
recent3,KOSDAQ150,foreign,041190,우리기술투자,716119,843428,127309,4252558575,4937577215,685018640,KRX MDCSTAT02401_OUT
recent3,KOSDAQ150,foreign,003380,하림지주,198863,255622,56759,2185571255,2830401535,644830280,KRX MDCSTAT02401_OUT
recent3,KOSDAQ150,foreign,348210,넥스틴,47574,65919,18345,1598204450,2218461900,620257450,KRX MDCSTAT02401_OUT
recent3,KOSDAQ150,foreign,036620,감성코퍼레이션,205002,369959,164957,752888844,1358057610,605168766,KRX MDCSTAT02401_OUT
recent3,KOSDAQ150,foreign,215200,메가스터디교육,102157,118069,15912,3721465200,4308892725,587427525,KRX MDCSTAT02401_OUT
recent3,KOSDAQ150,foreign,278280,천보,25948,41033,15085,908009950,1450254875,542244925,KRX MDCSTAT02401_OUT
recent3,KOSDAQ150,foreign,007390,네이처셀,212731,228660,15929,5223512175,5747952400,524440225,KRX MDCSTAT02401_OUT
recent3,KOSDAQ150,foreign,025980,아난티,1247538,1377511,129973,6311511997,6815274719,503762722,KRX MDCSTAT02401_OUT
recent3,KOSDAQ150,foreign,050890,쏠리드,811490,860892,49402,7802142605,8302035675,499893070,KRX MDCSTAT02401_OUT
recent3,KOSDAQ150,foreign,009520,포스코엠텍,86878,124090,37212,1070507475,1540613495,470106020,KRX MDCSTAT02401_OUT
recent3,KOSDAQ150,foreign,214370,케어젠,71910,83135,11225,2894139625,3342333800,448194175,KRX MDCSTAT02401_OUT
recent3,KOSDAQ150,foreign,032190,다우데이타,48834,70363,21529,955028745,1389117450,434088705,KRX MDCSTAT02401_OUT
recent3,KOSDAQ150,foreign,166090,하나머티리얼즈,103064,110411,7347,6004093600,6424458100,420364500,KRX MDCSTAT02401_OUT
recent3,KOSDAQ150,foreign,253450,스튜디오드래곤,30958,51173,20215,633799375,1048864600,415065225,KRX MDCSTAT02401_OUT
recent3,KOSDAQ150,foreign,0009K0,에임드바이오,108107,124716,16609,2335232950,2707773550,372540600,KRX MDCSTAT02401_OUT
recent3,KOSDAQ150,foreign,039200,오스코텍,113443,123924,10481,4038380575,4396478500,358097925,KRX MDCSTAT02401_OUT
recent3,KOSDAQ150,foreign,272290,이녹스첨단소재,82524,99137,16613,1745839600,2101475925,355636325,KRX MDCSTAT02401_OUT
recent3,KOSDAQ150,foreign,033100,제룡전기,51651,58805,7154,2449269700,2788208800,338939100,KRX MDCSTAT02401_OUT
recent3,KOSDAQ150,foreign,194480,데브시스터즈,24045,45579,21534,346688050,659256070,312568020,KRX MDCSTAT02401_OUT
recent3,KOSDAQ150,foreign,036810,에프에스티,118074,128100,10026,3664671375,3975122075,310450700,KRX MDCSTAT02401_OUT
recent3,KOSDAQ150,foreign,211050,인카금융서비스,52201,80770,28569,514810830,794333300,279522470,KRX MDCSTAT02401_OUT
recent3,KOSDAQ150,foreign,445680,큐리옥스바이오시스템즈,104297,109172,4875,5275319100,5524782100,249463000,KRX MDCSTAT02401_OUT
recent3,KOSDAQ150,foreign,036830,솔브레인홀딩스,58308,64267,5959,2366076350,2608659950,242583600,KRX MDCSTAT02401_OUT
recent3,KOSDAQ150,foreign,122870,와이지엔터테인먼트,89537,94996,5459,3842283100,4072204700,229921600,KRX MDCSTAT02401_OUT
recent3,KOSDAQ150,foreign,048410,현대바이오,527627,560433,32806,3627971140,3856814845,228843705,KRX MDCSTAT02401_OUT
recent3,KOSDAQ150,foreign,025900,동화기업,42283,63698,21415,288909910,436317960,147408050,KRX MDCSTAT02401_OUT
recent3,KOSDAQ150,foreign,015750,성우하이텍,113031,132979,19948,653750895,772742785,118991890,KRX MDCSTAT02401_OUT
recent3,KOSDAQ150,foreign,038500,삼표시멘트,368817,385902,17085,2459798560,2578571640,118773080,KRX MDCSTAT02401_OUT
recent3,KOSDAQ150,foreign,082270,젬백스,139691,149843,10152,1431898625,1548557500,116658875,KRX MDCSTAT02401_OUT
recent3,KOSDAQ150,foreign,263750,펄어비스,234082,236761,2679,7781326325,7868080425,86754100,KRX MDCSTAT02401_OUT
recent3,KOSDAQ150,foreign,069080,웹젠,114566,122114,7548,1326804190,1412098810,85294620,KRX MDCSTAT02401_OUT
recent3,KOSDAQ150,foreign,253590,네오셈,1064450,1069127,4677,14749459875,14813994480,64534605,KRX MDCSTAT02401_OUT
recent3,KOSDAQ150,foreign,388720,유일로보틱스,14464,15395,931,987396250,1046687250,59291000,KRX MDCSTAT02401_OUT
recent3,KOSDAQ150,foreign,348370,엔켐,153511,153277,-234,3109203860,3147825100,38621240,KRX MDCSTAT02401_OUT
recent3,KOSDAQ150,foreign,042000,카페24,564321,577952,13631,10273638785,10297597235,23958450,KRX MDCSTAT02401_OUT
recent3,KOSDAQ150,foreign,352480,씨앤씨인터내셔널,12574,12449,-125,273690250,269608675,-4081575,KRX MDCSTAT02401_OUT
recent3,KOSDAQ150,foreign,018290,브이티,273955,270345,-3610,3229302280,3206485000,-22817280,KRX MDCSTAT02401_OUT
recent3,KOSDAQ150,foreign,347850,디앤디파마텍,412973,416321,3348,18042555925,18006498625,-36057300,KRX MDCSTAT02401_OUT
recent3,KOSDAQ150,foreign,060280,큐렉소,243240,231867,-11373,1960879275,1889779395,-71099880,KRX MDCSTAT02401_OUT
recent3,KOSDAQ150,foreign,095660,네오위즈,43218,38375,-4843,774277905,687126150,-87151755,KRX MDCSTAT02401_OUT
recent3,KOSDAQ150,foreign,101730,위메이드맥스,115306,92887,-22419,528650375,427237562,-101412813,KRX MDCSTAT02401_OUT
recent3,KOSDAQ150,foreign,065350,신성델타테크,86969,82297,-4672,2684994425,2569084950,-115909475,KRX MDCSTAT02401_OUT
recent3,KOSDAQ150,foreign,214150,클래시스,95884,90290,-5594,2938289975,2772215250,-166074725,KRX MDCSTAT02401_OUT
recent3,KOSDAQ150,foreign,067160,SOOP,79061,66876,-12185,2894730775,2449802875,-444927900,KRX MDCSTAT02401_OUT
recent3,KOSDAQ150,foreign,082920,비츠로셀,229416,211887,-17529,6460426250,6003718625,-456707625,KRX MDCSTAT02401_OUT
recent3,KOSDAQ150,foreign,358570,지아이이노베이션,374504,314733,-59771,3154545425,2666939815,-487605610,KRX MDCSTAT02401_OUT
recent3,KOSDAQ150,foreign,085660,차바이오텍,279170,215994,-63176,2265367335,1745412110,-519955225,KRX MDCSTAT02401_OUT
recent3,KOSDAQ150,foreign,295310,에이치브이엠,190025,181292,-8733,11344335000,10784771050,-559563950,KRX MDCSTAT02401_OUT
recent3,KOSDAQ150,foreign,060370,LS마린솔루션,148246,128427,-19819,4844931000,4220998900,-623932100,KRX MDCSTAT02401_OUT
recent3,KOSDAQ150,foreign,214430,아이쓰리시스템,29000,19697,-9303,1960906750,1320677900,-640228850,KRX MDCSTAT02401_OUT
recent3,KOSDAQ150,foreign,035760,CJ ENM,73726,56375,-17351,2866925325,2193360900,-673564425,KRX MDCSTAT02401_OUT
recent3,KOSDAQ150,foreign,225570,넥슨게임즈,133100,69392,-63708,1453176580,757260075,-695916505,KRX MDCSTAT02401_OUT
recent3,KOSDAQ150,foreign,232140,와이씨,1643612,1583112,-60500,23187908100,22231831180,-956076920,KRX MDCSTAT02401_OUT
recent3,KOSDAQ150,foreign,218410,RFHIC,227108,210074,-17034,13208189150,12114200650,-1093988500,KRX MDCSTAT02401_OUT
recent3,KOSDAQ150,foreign,141080,리가켐바이오,178722,165385,-13337,14379367550,13253363100,-1126004450,KRX MDCSTAT02401_OUT
recent3,KOSDAQ150,foreign,189300,인텔리안테크,57148,40910,-16238,3915796100,2779025400,-1136770700,KRX MDCSTAT02401_OUT
recent3,KOSDAQ150,foreign,420770,기가비스,81455,72390,-9065,10048279600,8867063100,-1181216500,KRX MDCSTAT02401_OUT
recent3,KOSDAQ150,foreign,140860,파크시스템스,59389,54890,-4499,15724022750,14532093250,-1191929500,KRX MDCSTAT02401_OUT
recent3,KOSDAQ150,foreign,100790,미래에셋벤처투자,355746,286474,-69272,6220563630,5018099630,-1202464000,KRX MDCSTAT02401_OUT
recent3,KOSDAQ150,foreign,043260,성호전자,1468269,1432876,-35393,37174071450,35844789875,-1329281575,KRX MDCSTAT02401_OUT
recent3,KOSDAQ150,foreign,195940,HK이노엔,117334,83071,-34263,4582617425,3245305325,-1337312100,KRX MDCSTAT02401_OUT
recent3,KOSDAQ150,foreign,125490,한라캐스트,616396,503622,-112774,7502927665,6107615950,-1395311715,KRX MDCSTAT02401_OUT
recent3,KOSDAQ150,foreign,417200,LS머트리얼즈,768523,651676,-116847,10212652240,8745980980,-1466671260,KRX MDCSTAT02401_OUT
recent3,KOSDAQ150,foreign,121600,나노신소재,89838,62663,-27175,4858180500,3390807200,-1467373300,KRX MDCSTAT02401_OUT
recent3,KOSDAQ150,foreign,099320,쎄트렉아이,102239,82791,-19448,8056698700,6533317850,-1523380850,KRX MDCSTAT02401_OUT
recent3,KOSDAQ150,foreign,137400,피엔티,157235,97577,-59658,4532118300,2832295100,-1699823200,KRX MDCSTAT02401_OUT
recent3,KOSDAQ150,foreign,090360,로보스타,75997,51280,-24717,5895846100,4010254400,-1885591700,KRX MDCSTAT02401_OUT
recent3,KOSDAQ150,foreign,437730,삼현,239886,205379,-34507,12340527550,10343731250,-1996796300,KRX MDCSTAT02401_OUT
recent3,KOSDAQ150,foreign,056080,유진로봇,393366,216384,-176982,4696463185,2579416835,-2117046350,KRX MDCSTAT02401_OUT
recent3,KOSDAQ150,foreign,281740,레이크머티리얼즈,539966,343328,-196638,5884162705,3752149040,-2132013665,KRX MDCSTAT02401_OUT
recent3,KOSDAQ150,foreign,257720,실리콘투,544257,485118,-59139,21130858250,18965080700,-2165777550,KRX MDCSTAT02401_OUT
recent3,KOSDAQ150,foreign,226950,올릭스,166405,144996,-21409,17281347300,15029514100,-2251833200,KRX MDCSTAT02401_OUT
recent3,KOSDAQ150,foreign,000250,삼천당제약,75289,61768,-13521,12426753900,10164126300,-2262627600,KRX MDCSTAT02401_OUT
recent3,KOSDAQ150,foreign,032820,우리기술,1934611,1759056,-175555,24624188750,22285802130,-2338386620,KRX MDCSTAT02401_OUT
recent3,KOSDAQ150,foreign,251970,펌텍코리아,88602,49614,-38988,5457265050,2954017550,-2503247500,KRX MDCSTAT02401_OUT
recent3,KOSDAQ150,foreign,101490,에스앤에스텍,199827,136947,-62880,8743214475,6001234975,-2741979500,KRX MDCSTAT02401_OUT
recent3,KOSDAQ150,foreign,005290,동진쎄미켐,606116,524735,-81381,27718320350,23860089525,-3858230825,KRX MDCSTAT02401_OUT
recent3,KOSDAQ150,foreign,084370,유진테크,274368,251014,-23354,43859985100,39931835950,-3928149150,KRX MDCSTAT02401_OUT
recent3,KOSDAQ150,foreign,310210,보로노이,96864,68741,-28123,13464969600,9475202300,-3989767300,KRX MDCSTAT02401_OUT
recent3,KOSDAQ150,foreign,041510,에스엠,147775,97767,-50008,12184513000,8060317650,-4124195350,KRX MDCSTAT02401_OUT
recent3,KOSDAQ150,foreign,090710,휴림로봇,1608005,935955,-672050,10215513380,5997060050,-4218453330,KRX MDCSTAT02401_OUT
recent3,KOSDAQ150,foreign,466100,클로봇,275600,89279,-186321,6284177325,2040491025,-4243686300,KRX MDCSTAT02401_OUT
recent3,KOSDAQ150,foreign,058610,에스피지,168367,125645,-42722,16954806100,12598647650,-4356158450,KRX MDCSTAT02401_OUT
recent3,KOSDAQ150,foreign,328130,루닛,2060441,1628592,-431849,23833406410,18783653700,-5049752710,KRX MDCSTAT02401_OUT
recent3,KOSDAQ150,foreign,067310,하나마이크론,1467972,1333651,-134321,67454417475,61190567300,-6263850175,KRX MDCSTAT02401_OUT
recent3,KOSDAQ150,foreign,083650,비에이치아이,338204,226595,-111609,20358906750,13531905700,-6827001050,KRX MDCSTAT02401_OUT
recent3,KOSDAQ150,foreign,145020,휴젤,138632,97230,-41402,25549749450,17970887600,-7578861850,KRX MDCSTAT02401_OUT
recent3,KOSDAQ150,foreign,319400,현대무벡스,613571,246957,-366614,12799509850,5135578450,-7663931400,KRX MDCSTAT02401_OUT
recent3,KOSDAQ150,foreign,131970,두산테스나,240664,158548,-82116,22348134050,14672473550,-7675660500,KRX MDCSTAT02401_OUT
recent3,KOSDAQ150,foreign,204270,제이앤티씨,813637,472656,-340981,19573602750,11394320200,-8179282550,KRX MDCSTAT02401_OUT
recent3,KOSDAQ150,foreign,064760,티씨케이,99278,59714,-39564,28352475250,16946552500,-11405922750,KRX MDCSTAT02401_OUT
recent3,KOSDAQ150,foreign,277810,레인보우로보틱스,66140,32361,-33779,28257512250,13755683750,-14501828500,KRX MDCSTAT02401_OUT
recent3,KOSDAQ150,foreign,089970,브이엠,706547,463942,-242605,43312607850,28253449200,-15059158650,KRX MDCSTAT02401_OUT
recent3,KOSDAQ150,foreign,095340,ISC,214314,137535,-76779,44304621700,28404679100,-15899942600,KRX MDCSTAT02401_OUT
recent3,KOSDAQ150,foreign,108490,로보티즈,230473,140437,-90036,67594173000,40952612000,-26641561000,KRX MDCSTAT02401_OUT
recent3,KOSDAQ150,foreign,240810,원익IPS,1329981,1049736,-280245,174606901750,138161820400,-36445081350,KRX MDCSTAT02401_OUT
recent3,KOSDAQ150,foreign,058470,리노공업,1685356,745932,-939424,123591994050,54396135250,-69195858800,KRX MDCSTAT02401_OUT
recent3,KOSDAQ150,foreign,028300,HLB,3684957,1421639,-2263318,153127812075,58590040425,-94537771650,KRX MDCSTAT02401_OUT
recent3,KOSDAQ150,institution,403870,HPSP,595310,1012226,416916,33809984450,59205193150,25395208700,KRX MDCSTAT02401_OUT
recent3,KOSDAQ150,institution,036930,주성엔지니어링,231842,313731,81889,48746063000,66622604000,17876541000,KRX MDCSTAT02401_OUT
recent3,KOSDAQ150,institution,095340,ISC,76738,148918,72180,15858283000,30858414450,15000131450,KRX MDCSTAT02401_OUT
recent3,KOSDAQ150,institution,058470,리노공업,466729,666404,199675,33949797750,48815759300,14865961550,KRX MDCSTAT02401_OUT
recent3,KOSDAQ150,institution,064760,티씨케이,43777,88445,44668,12442054500,25398258500,12956204000,KRX MDCSTAT02401_OUT
recent3,KOSDAQ150,institution,084370,유진테크,109929,186792,76863,17456605800,30084943100,12628337300,KRX MDCSTAT02401_OUT
recent3,KOSDAQ150,institution,005290,동진쎄미켐,174418,390705,216287,7946719525,17880172775,9933453250,KRX MDCSTAT02401_OUT
recent3,KOSDAQ150,institution,196170,알테오젠,232606,270442,37836,58438791000,68277065750,9838274750,KRX MDCSTAT02401_OUT
recent3,KOSDAQ150,institution,039030,이오테크닉스,94542,110820,16278,45482423000,53710633500,8228210500,KRX MDCSTAT02401_OUT
recent3,KOSDAQ150,institution,178320,서진시스템,218469,432477,214008,7765147725,15724490425,7959342700,KRX MDCSTAT02401_OUT
recent3,KOSDAQ150,institution,095610,테스,157853,200239,42386,25931884300,33216649650,7284765350,KRX MDCSTAT02401_OUT
recent3,KOSDAQ150,institution,131970,두산테스나,114640,175626,60986,10580035300,16407039150,5827003850,KRX MDCSTAT02401_OUT
recent3,KOSDAQ150,institution,251970,펌텍코리아,53737,119745,66008,3209680000,7365270300,4155590300,KRX MDCSTAT02401_OUT
recent3,KOSDAQ150,institution,140860,파크시스템스,13586,28500,14914,3581162500,7553391250,3972228750,KRX MDCSTAT02401_OUT
recent3,KOSDAQ150,institution,053800,안랩,13126,60450,47324,978330000,4528870000,3550540000,KRX MDCSTAT02401_OUT
recent3,KOSDAQ150,institution,121600,나노신소재,47402,105973,58571,2569017300,5763664500,3194647200,KRX MDCSTAT02401_OUT
recent3,KOSDAQ150,institution,089970,브이엠,470865,508660,37795,28545055750,31262719350,2717663600,KRX MDCSTAT02401_OUT
recent3,KOSDAQ150,institution,247540,에코프로비엠,385131,396884,11753,41204418200,43199047450,1994629250,KRX MDCSTAT02401_OUT
recent3,KOSDAQ150,institution,031980,피에스케이홀딩스,91300,98809,7509,15521063950,17189860750,1668796800,KRX MDCSTAT02401_OUT
recent3,KOSDAQ150,institution,240810,원익IPS,576595,587993,11398,75341434050,76923359800,1581925750,KRX MDCSTAT02401_OUT
recent3,KOSDAQ150,institution,445680,큐리옥스바이오시스템즈,23978,44662,20684,1197565150,2276774800,1079209650,KRX MDCSTAT02401_OUT
recent3,KOSDAQ150,institution,195940,HK이노엔,75094,102449,27355,2928598475,4001325250,1072726775,KRX MDCSTAT02401_OUT
recent3,KOSDAQ150,institution,145020,휴젤,43948,49840,5892,8167632500,9233830350,1066197850,KRX MDCSTAT02401_OUT
recent3,KOSDAQ150,institution,225570,넥슨게임즈,46335,140130,93795,505109325,1532681870,1027572545,KRX MDCSTAT02401_OUT
recent3,KOSDAQ150,institution,323280,태성,66944,83745,16801,3266581950,4251898725,985316775,KRX MDCSTAT02401_OUT
recent3,KOSDAQ150,institution,328130,루닛,226599,316804,90205,2606901270,3586561025,979659755,KRX MDCSTAT02401_OUT
recent3,KOSDAQ150,institution,131290,티에스이,63323,65956,2633,18334761250,19292610000,957848750,KRX MDCSTAT02401_OUT
recent3,KOSDAQ150,institution,078340,컴투스,49582,73305,23723,1785827175,2703787625,917960450,KRX MDCSTAT02401_OUT
recent3,KOSDAQ150,institution,036830,솔브레인홀딩스,38868,58902,20034,1576971600,2406893925,829922325,KRX MDCSTAT02401_OUT
recent3,KOSDAQ150,institution,226950,올릭스,172510,177189,4679,17793520800,18520608000,727087200,KRX MDCSTAT02401_OUT
recent3,KOSDAQ150,institution,166090,하나머티리얼즈,69687,80018,10331,4054446450,4682075850,627629400,KRX MDCSTAT02401_OUT
recent3,KOSDAQ150,institution,099320,쎄트렉아이,18615,26158,7543,1461424100,2082914050,621489950,KRX MDCSTAT02401_OUT
recent3,KOSDAQ150,institution,189300,인텔리안테크,23957,29366,5409,1624655700,2024757150,400101450,KRX MDCSTAT02401_OUT
recent3,KOSDAQ150,institution,042000,카페24,33036,53673,20637,605516625,987111575,381594950,KRX MDCSTAT02401_OUT
recent3,KOSDAQ150,institution,171090,선익시스템,25143,29071,3928,1758010600,2066690950,308680350,KRX MDCSTAT02401_OUT
recent3,KOSDAQ150,institution,082920,비츠로셀,133568,144729,11161,3753636025,4056003000,302366975,KRX MDCSTAT02401_OUT
recent3,KOSDAQ150,institution,036810,에프에스티,42764,51555,8791,1321861825,1608227375,286365550,KRX MDCSTAT02401_OUT
recent3,KOSDAQ150,institution,215200,메가스터디교육,25268,29062,3794,926881200,1068534600,141653400,KRX MDCSTAT02401_OUT
recent3,KOSDAQ150,institution,095660,네오위즈,31777,32520,743,568747440,583520290,14772850,KRX MDCSTAT02401_OUT
recent3,KOSDAQ150,institution,074600,원익QnC,164906,164883,-23,4799159475,4802336800,3177325,KRX MDCSTAT02401_OUT
recent3,KOSDAQ150,institution,352480,씨앤씨인터내셔널,10573,10421,-152,228792000,230312250,1520250,KRX MDCSTAT02401_OUT
recent3,KOSDAQ150,institution,067160,SOOP,18760,18307,-453,687365150,671345200,-16019950,KRX MDCSTAT02401_OUT
recent3,KOSDAQ150,institution,214430,아이쓰리시스템,8313,7848,-465,554719200,533922850,-20796350,KRX MDCSTAT02401_OUT
recent3,KOSDAQ150,institution,025900,동화기업,29410,17557,-11853,200013750,120480110,-79533640,KRX MDCSTAT02401_OUT
recent3,KOSDAQ150,institution,100790,미래에셋벤처투자,28780,23758,-5022,497203085,412541880,-84661205,KRX MDCSTAT02401_OUT
recent3,KOSDAQ150,institution,194480,데브시스터즈,25408,19011,-6397,367991170,275987540,-92003630,KRX MDCSTAT02401_OUT
recent3,KOSDAQ150,institution,101730,위메이드맥스,30286,7577,-22709,137749765,34321825,-103427940,KRX MDCSTAT02401_OUT
recent3,KOSDAQ150,institution,060280,큐렉소,45440,29076,-16364,365004690,238938695,-126065995,KRX MDCSTAT02401_OUT
recent3,KOSDAQ150,institution,033100,제룡전기,23082,20281,-2801,1092694325,962229650,-130464675,KRX MDCSTAT02401_OUT
recent3,KOSDAQ150,institution,237690,에스티팜,63295,60971,-2324,5822571650,5649275900,-173295750,KRX MDCSTAT02401_OUT
recent3,KOSDAQ150,institution,069080,웹젠,94064,77783,-16281,1085611840,896929465,-188682375,KRX MDCSTAT02401_OUT
recent3,KOSDAQ150,institution,009520,포스코엠텍,80160,62637,-17523,989849725,776212680,-213637045,KRX MDCSTAT02401_OUT
recent3,KOSDAQ150,institution,038500,삼표시멘트,120131,86374,-33757,798005090,573884950,-224120140,KRX MDCSTAT02401_OUT
recent3,KOSDAQ150,institution,112040,위메이드,81531,64988,-16543,1248390590,996989250,-251401340,KRX MDCSTAT02401_OUT
recent3,KOSDAQ150,institution,090360,로보스타,9459,6133,-3326,728247250,476508700,-251738550,KRX MDCSTAT02401_OUT
recent3,KOSDAQ150,institution,281740,레이크머티리얼즈,100759,77215,-23544,1098914020,845224680,-253689340,KRX MDCSTAT02401_OUT
recent3,KOSDAQ150,institution,272290,이녹스첨단소재,42924,30737,-12187,907656925,651977950,-255678975,KRX MDCSTAT02401_OUT
recent3,KOSDAQ150,institution,161580,필옵틱스,37352,27736,-9616,1303476850,1042667425,-260809425,KRX MDCSTAT02401_OUT
recent3,KOSDAQ150,institution,050890,쏠리드,87855,58677,-29178,835381030,564701830,-270679200,KRX MDCSTAT02401_OUT
recent3,KOSDAQ150,institution,211050,인카금융서비스,80895,52029,-28866,794613410,514823440,-279789970,KRX MDCSTAT02401_OUT
recent3,KOSDAQ150,institution,030520,한컴,138850,122077,-16773,2388325810,2097253010,-291072800,KRX MDCSTAT02401_OUT
recent3,KOSDAQ150,institution,082270,젬백스,50772,21586,-29186,518742725,223043915,-295698810,KRX MDCSTAT02401_OUT
recent3,KOSDAQ150,institution,025320,시노펙스,113064,33185,-79879,424762345,125878351,-298883994,KRX MDCSTAT02401_OUT
recent3,KOSDAQ150,institution,015750,성우하이텍,75680,22093,-53587,438250285,128062710,-310187575,KRX MDCSTAT02401_OUT
recent3,KOSDAQ150,institution,253450,스튜디오드래곤,35875,20635,-15240,734338225,422711225,-311627000,KRX MDCSTAT02401_OUT
recent3,KOSDAQ150,institution,125490,한라캐스트,57097,29886,-27211,669415420,353089675,-316325745,KRX MDCSTAT02401_OUT
recent3,KOSDAQ150,institution,253590,네오셈,86700,62339,-24361,1167303340,849476020,-317827320,KRX MDCSTAT02401_OUT
recent3,KOSDAQ150,institution,041190,우리기술투자,79062,22472,-56590,460383175,130797165,-329586010,KRX MDCSTAT02401_OUT
recent3,KOSDAQ150,institution,388720,유일로보틱스,8999,4070,-4929,610219500,277145900,-333073600,KRX MDCSTAT02401_OUT
recent3,KOSDAQ150,institution,278280,천보,17060,4653,-12407,597775975,163520025,-434255950,KRX MDCSTAT02401_OUT
recent3,KOSDAQ150,institution,348210,넥스틴,33436,20208,-13228,1122391800,681126600,-441265200,KRX MDCSTAT02401_OUT
recent3,KOSDAQ150,institution,399720,가온칩스,27949,18111,-9838,1299693575,852302150,-447391425,KRX MDCSTAT02401_OUT
recent3,KOSDAQ150,institution,018290,브이티,74233,32945,-41288,859693170,401388190,-458304980,KRX MDCSTAT02401_OUT
recent3,KOSDAQ150,institution,032190,다우데이타,49974,26354,-23620,982570120,516751040,-465819080,KRX MDCSTAT02401_OUT
recent3,KOSDAQ150,institution,003380,하림지주,235149,190435,-44714,2583816230,2106568250,-477247980,KRX MDCSTAT02401_OUT
recent3,KOSDAQ150,institution,214370,케어젠,35535,23236,-12299,1421030225,943083100,-477947125,KRX MDCSTAT02401_OUT
recent3,KOSDAQ150,institution,466100,클로봇,39017,16854,-22163,884008500,382527275,-501481225,KRX MDCSTAT02401_OUT
recent3,KOSDAQ150,institution,348370,엔켐,68359,42826,-25533,1386993470,875590620,-511402850,KRX MDCSTAT02401_OUT
recent3,KOSDAQ150,institution,085660,차바이오텍,110225,42202,-68023,891893860,343077060,-548816800,KRX MDCSTAT02401_OUT
recent3,KOSDAQ150,institution,039200,오스코텍,93762,77530,-16232,3326549800,2760818550,-565731250,KRX MDCSTAT02401_OUT
recent3,KOSDAQ150,institution,376300,디어유,44891,10277,-34614,766702835,182867015,-583835820,KRX MDCSTAT02401_OUT
recent3,KOSDAQ150,institution,025980,아난티,152453,31742,-120711,758641505,153218693,-605422812,KRX MDCSTAT02401_OUT
recent3,KOSDAQ150,institution,065350,신성델타테크,31735,12041,-19694,977890475,371811600,-606078875,KRX MDCSTAT02401_OUT
recent3,KOSDAQ150,institution,319400,현대무벡스,110264,79120,-31144,2281795775,1640948125,-640847650,KRX MDCSTAT02401_OUT
recent3,KOSDAQ150,institution,137400,피엔티,67674,45069,-22605,1945097050,1300237250,-644859800,KRX MDCSTAT02401_OUT
recent3,KOSDAQ150,institution,048410,현대바이오,286316,190303,-96013,1955846900,1303831000,-652015900,KRX MDCSTAT02401_OUT
recent3,KOSDAQ150,institution,204270,제이앤티씨,37165,8795,-28370,878551800,207304775,-671247025,KRX MDCSTAT02401_OUT
recent3,KOSDAQ150,institution,035760,CJ ENM,57049,38830,-18219,2218821550,1511519025,-707302525,KRX MDCSTAT02401_OUT
recent3,KOSDAQ150,institution,032500,케이엠더블유,62777,25206,-37571,1190395815,477390550,-713005265,KRX MDCSTAT02401_OUT
recent3,KOSDAQ150,institution,060250,NHN KCP,69396,13640,-55756,929009110,183411140,-745597970,KRX MDCSTAT02401_OUT
recent3,KOSDAQ150,institution,035900,JYP Ent.,73683,53613,-20070,2789557850,2029952025,-759605825,KRX MDCSTAT02401_OUT
recent3,KOSDAQ150,institution,090710,휴림로봇,186422,54065,-132357,1150588835,332316500,-818272335,KRX MDCSTAT02401_OUT
recent3,KOSDAQ150,institution,358570,지아이이노베이션,141549,39205,-102344,1182155125,333746320,-848408805,KRX MDCSTAT02401_OUT
recent3,KOSDAQ150,institution,101490,에스앤에스텍,48992,29021,-19971,2139771225,1279869050,-859902175,KRX MDCSTAT02401_OUT
recent3,KOSDAQ150,institution,124500,아이티센글로벌,43121,11621,-31500,1239118950,336696200,-902422750,KRX MDCSTAT02401_OUT
recent3,KOSDAQ150,institution,214150,클래시스,73189,43134,-30055,2242572775,1324180950,-918391825,KRX MDCSTAT02401_OUT
recent3,KOSDAQ150,institution,056080,유진로봇,105642,27102,-78540,1246775400,323870015,-922905385,KRX MDCSTAT02401_OUT
recent3,KOSDAQ150,institution,036620,감성코퍼레이션,351198,98452,-252746,1287039385,362673114,-924366271,KRX MDCSTAT02401_OUT
recent3,KOSDAQ150,institution,0009K0,에임드바이오,83610,38760,-44850,1809326625,840058300,-969268325,KRX MDCSTAT02401_OUT
recent3,KOSDAQ150,institution,213420,덕산네오룩스,107444,70342,-37102,3124791525,2052128975,-1072662550,KRX MDCSTAT02401_OUT
recent3,KOSDAQ150,institution,052400,코나아이,47935,18044,-29891,1800256450,685668325,-1114588125,KRX MDCSTAT02401_OUT
recent3,KOSDAQ150,institution,056190,SFA,88371,46735,-41636,2477405550,1313050300,-1164355250,KRX MDCSTAT02401_OUT
recent3,KOSDAQ150,institution,007390,네이처셀,103668,54258,-49410,2557438125,1349236250,-1208201875,KRX MDCSTAT02401_OUT
recent3,KOSDAQ150,institution,295310,에이치브이엠,197303,169282,-28021,11521658750,10274540650,-1247118100,KRX MDCSTAT02401_OUT
recent3,KOSDAQ150,institution,417200,LS머트리얼즈,316691,221203,-95488,4197727780,2949563750,-1248164030,KRX MDCSTAT02401_OUT
recent3,KOSDAQ150,institution,183300,코미코,460235,413865,-46370,14539247325,13282095175,-1257152150,KRX MDCSTAT02401_OUT
recent3,KOSDAQ150,institution,420770,기가비스,87493,76318,-11175,10684518650,9425053000,-1259465650,KRX MDCSTAT02401_OUT
recent3,KOSDAQ150,institution,293490,카카오게임즈,251647,109806,-141841,2324765655,1022340620,-1302425035,KRX MDCSTAT02401_OUT
recent3,KOSDAQ150,institution,347850,디앤디파마텍,150202,117967,-32235,6474714575,5166436925,-1308277650,KRX MDCSTAT02401_OUT
recent3,KOSDAQ150,institution,078600,대주전자재료,71708,54847,-16861,6422087650,5031476300,-1390611350,KRX MDCSTAT02401_OUT
recent3,KOSDAQ150,institution,030530,원익홀딩스,152498,96496,-56002,4273597000,2710076850,-1563520150,KRX MDCSTAT02401_OUT
recent3,KOSDAQ150,institution,060370,LS마린솔루션,145402,95494,-49908,4747448675,3143966975,-1603481700,KRX MDCSTAT02401_OUT
recent3,KOSDAQ150,institution,033500,동성화인텍,110740,7829,-102911,1743658005,122837860,-1620820145,KRX MDCSTAT02401_OUT
recent3,KOSDAQ150,institution,058610,에스피지,72664,54944,-17720,7189144350,5522804450,-1666339900,KRX MDCSTAT02401_OUT
recent3,KOSDAQ150,institution,290650,엘앤씨바이오,58699,21157,-37542,2724944550,994357950,-1730586600,KRX MDCSTAT02401_OUT
recent3,KOSDAQ150,institution,006730,서부T&D,342345,179118,-163227,3747735985,2002929615,-1744806370,KRX MDCSTAT02401_OUT
recent3,KOSDAQ150,institution,096530,씨젠,134443,77687,-56756,4555074025,2650140800,-1904933225,KRX MDCSTAT02401_OUT
recent3,KOSDAQ150,institution,263750,펄어비스,127102,69271,-57831,4233153175,2309703825,-1923449350,KRX MDCSTAT02401_OUT
recent3,KOSDAQ150,institution,098460,고영,203627,133515,-70112,5994675700,3999338725,-1995336975,KRX MDCSTAT02401_OUT
recent3,KOSDAQ150,institution,080220,제주반도체,132767,105563,-27204,10097788200,8098739900,-1999048300,KRX MDCSTAT02401_OUT
recent3,KOSDAQ150,institution,218410,RFHIC,130759,95193,-35566,7581333650,5515447750,-2065885900,KRX MDCSTAT02401_OUT
recent3,KOSDAQ150,institution,000250,삼천당제약,70515,56966,-13549,11587330900,9419303150,-2168027750,KRX MDCSTAT02401_OUT
recent3,KOSDAQ150,institution,310210,보로노이,48566,29820,-18746,6718240950,4179393800,-2538847150,KRX MDCSTAT02401_OUT
recent3,KOSDAQ150,institution,014620,성광벤드,160683,65715,-94968,4927816250,2014953675,-2912862575,KRX MDCSTAT02401_OUT
recent3,KOSDAQ150,institution,475830,오름테라퓨틱,170455,30561,-139894,3805926450,727262325,-3078664125,KRX MDCSTAT02401_OUT
recent3,KOSDAQ150,institution,437730,삼현,117195,31049,-86146,5744601900,1541586425,-4203015475,KRX MDCSTAT02401_OUT
recent3,KOSDAQ150,institution,068760,셀트리온제약,155503,41390,-114113,6043021900,1621505975,-4421515925,KRX MDCSTAT02401_OUT
recent3,KOSDAQ150,institution,232140,와이씨,428290,97761,-330529,6001703245,1377340570,-4624362675,KRX MDCSTAT02401_OUT
recent3,KOSDAQ150,institution,032820,우리기술,484227,106774,-377453,6132283195,1343627920,-4788655275,KRX MDCSTAT02401_OUT
recent3,KOSDAQ150,institution,214450,파마리서치,50788,35492,-15296,16164468750,11349846750,-4814622000,KRX MDCSTAT02401_OUT
recent3,KOSDAQ150,institution,122870,와이지엔터테인먼트,174659,61680,-112979,7489395450,2647631225,-4841764225,KRX MDCSTAT02401_OUT
recent3,KOSDAQ150,institution,089030,테크윙,271293,163377,-107916,13421928325,8097708650,-5324219675,KRX MDCSTAT02401_OUT
recent3,KOSDAQ150,institution,041510,에스엠,131121,66422,-64699,10812582500,5488014650,-5324567850,KRX MDCSTAT02401_OUT
recent3,KOSDAQ150,institution,067310,하나마이크론,443659,325508,-118151,20341338600,14966975675,-5374362925,KRX MDCSTAT02401_OUT
recent3,KOSDAQ150,institution,087010,펩트론,85242,41643,-43599,11468743900,5674887450,-5793856450,KRX MDCSTAT02401_OUT
recent3,KOSDAQ150,institution,241710,코스메카코리아,120693,64125,-56568,15242885700,8179014150,-7063871550,KRX MDCSTAT02401_OUT
recent3,KOSDAQ150,institution,277810,레인보우로보틱스,31101,12390,-18711,13137808500,5300471500,-7837337000,KRX MDCSTAT02401_OUT
recent3,KOSDAQ150,institution,141080,리가켐바이오,182903,80389,-102514,14655179500,6465316850,-8189862650,KRX MDCSTAT02401_OUT
recent3,KOSDAQ150,institution,043260,성호전자,1166821,752965,-413856,29117547100,19028427400,-10089119700,KRX MDCSTAT02401_OUT
recent3,KOSDAQ150,institution,298380,에이비엘바이오,316114,112991,-203123,15812082400,5658483075,-10153599325,KRX MDCSTAT02401_OUT
recent3,KOSDAQ150,institution,257720,실리콘투,546569,286395,-260174,21288118825,11061995600,-10226123225,KRX MDCSTAT02401_OUT
recent3,KOSDAQ150,institution,083650,비에이치아이,244784,59069,-185715,14571792900,3545973750,-11025819150,KRX MDCSTAT02401_OUT
recent3,KOSDAQ150,institution,086520,에코프로,632726,458749,-173977,50437550950,36893711650,-13543839300,KRX MDCSTAT02401_OUT
recent3,KOSDAQ150,institution,108490,로보티즈,127943,40762,-87181,37140151500,12061986500,-25078165000,KRX MDCSTAT02401_OUT
recent3,KOSDAQ150,institution,036540,SFA반도체,4226110,1497320,-2728790,44147199305,15665899640,-28481299665,KRX MDCSTAT02401_OUT
recent3,KOSDAQ150,institution,028300,HLB,986927,231902,-755025,41330121850,9367342450,-31962779400,KRX MDCSTAT02401_OUT
recent3,KOSDAQ150,institution,222800,심텍,479546,245786,-233760,71305925600,36682939400,-34622986200,KRX MDCSTAT02401_OUT
