period_type,universe,investor,code,name,sell_volume,buy_volume,net_volume,sell_value,buy_value,net_value,source
daily,KOSPI200,foreign,005930,삼성전자,4980914,9515626,4534712,1416393514740,2705648690740,1289255176000,KRX MDCSTAT02401_OUT
daily,KOSPI200,foreign,402340,SK스퀘어,695039,726795,31756,816907397313,854758984813,37851587500,KRX MDCSTAT02401_OUT
daily,KOSPI200,foreign,096770,SK이노베이션,171467,400060,228593,25490908750,59535675650,34044766900,KRX MDCSTAT02401_OUT
daily,KOSPI200,foreign,003230,삼양식품,13649,28713,15064,16636317000,34853702000,18217385000,KRX MDCSTAT02401_OUT
daily,KOSPI200,foreign,042700,한미반도체,126952,182607,55655,30604363500,44065740250,13461376750,KRX MDCSTAT02401_OUT
daily,KOSPI200,foreign,024110,기업은행,462157,1106897,644740,9466763400,22823942200,13357178800,KRX MDCSTAT02401_OUT
daily,KOSPI200,foreign,078930,GS,114330,226065,111735,12645174050,24881184900,12236010850,KRX MDCSTAT02401_OUT
daily,KOSPI200,foreign,006400,삼성SDI,78020,101192,23172,40572661500,52524127000,11951465500,KRX MDCSTAT02401_OUT
daily,KOSPI200,foreign,007660,이수페타시스,297753,395830,98077,34986446300,46674775100,11688328800,KRX MDCSTAT02401_OUT
daily,KOSPI200,foreign,010950,S-Oil,157266,226172,68906,24593463600,35407243950,10813780350,KRX MDCSTAT02401_OUT
daily,KOSPI200,foreign,161890,한국콜마,102254,174641,72387,15129933300,25833279700,10703346400,KRX MDCSTAT02401_OUT
daily,KOSPI200,foreign,017670,SK텔레콤,131829,243020,111191,11479904050,21190343700,9710439650,KRX MDCSTAT02401_OUT
daily,KOSPI200,foreign,138930,BNK금융지주,298270,854128,555858,4799495140,13833966080,9034470940,KRX MDCSTAT02401_OUT
daily,KOSPI200,foreign,000990,DB하이텍,85842,153469,67627,11251783350,20039420850,8787637500,KRX MDCSTAT02401_OUT
daily,KOSPI200,foreign,483650,달바글로벌,60642,103134,42492,11137552750,18998594500,7861041750,KRX MDCSTAT02401_OUT
daily,KOSPI200,foreign,093370,후성,1526981,2051239,524258,21893850960,29547183280,7653332320,KRX MDCSTAT02401_OUT
daily,KOSPI200,foreign,028260,삼성물산,124418,144435,20017,45957100500,53452089500,7494989000,KRX MDCSTAT02401_OUT
daily,KOSPI200,foreign,278470,에이피알,63401,81576,18175,23206810500,29904915750,6698105250,KRX MDCSTAT02401_OUT
daily,KOSPI200,foreign,016360,삼성증권,189348,252667,63319,17320964204,23158064754,5837100550,KRX MDCSTAT02401_OUT
daily,KOSPI200,foreign,001450,현대해상,120454,225773,105319,5723935075,10726959325,5003024250,KRX MDCSTAT02401_OUT
daily,KOSPI200,foreign,192820,코스맥스,18662,37023,18361,5061793000,10043534250,4981741250,KRX MDCSTAT02401_OUT
daily,KOSPI200,foreign,128940,한미약품,28663,35748,7085,14970152000,18720197000,3750045000,KRX MDCSTAT02401_OUT
daily,KOSPI200,foreign,033780,KT&G,150538,169293,18755,26333700350,29620332600,3286632250,KRX MDCSTAT02401_OUT
daily,KOSPI200,foreign,039490,키움증권,14022,26317,12295,3730479250,7007785250,3277306000,KRX MDCSTAT02401_OUT
daily,KOSPI200,foreign,352820,하이브,113384,133492,20108,17705611350,20867553100,3161941750,KRX MDCSTAT02401_OUT
daily,KOSPI200,foreign,373220,LG에너지솔루션,83821,92354,8533,29590707000,32742386750,3151679750,KRX MDCSTAT02401_OUT
daily,KOSPI200,foreign,361610,SK아이이테크놀로지,98910,282190,183280,1690028795,4839126155,3149097360,KRX MDCSTAT02401_OUT
daily,KOSPI200,foreign,003490,대한항공,1104155,1199670,95515,34788672150,37864163650,3075491500,KRX MDCSTAT02401_OUT
daily,KOSPI200,foreign,079550,LIG디펜스앤에어로스페이스,22075,26153,4078,15342307000,18170093000,2827786000,KRX MDCSTAT02401_OUT
daily,KOSPI200,foreign,018260,삼성에스디에스,29477,40636,11159,6504097500,8954178750,2450081250,KRX MDCSTAT02401_OUT
daily,KOSPI200,foreign,071050,한국금융지주,62713,74541,11828,11755256700,13989905150,2234648450,KRX MDCSTAT02401_OUT
daily,KOSPI200,foreign,443060,HD현대마린솔루션,38051,46409,8358,9182242450,11200153200,2017910750,KRX MDCSTAT02401_OUT
daily,KOSPI200,foreign,375500,DL이앤씨,100551,124727,24176,8174183800,10081850500,1907666700,KRX MDCSTAT02401_OUT
daily,KOSPI200,foreign,002380,KCC,9537,13386,3849,4523642250,6359762250,1836120000,KRX MDCSTAT02401_OUT
daily,KOSPI200,foreign,034730,SK,54675,57543,2868,33024431500,34788879000,1764447500,KRX MDCSTAT02401_OUT
daily,KOSPI200,foreign,138040,메리츠금융지주,42236,54254,12018,5334863850,6825723500,1490859650,KRX MDCSTAT02401_OUT
daily,KOSPI200,foreign,088350,한화생명,417367,660206,242839,2347022955,3710935645,1363912690,KRX MDCSTAT02401_OUT
daily,KOSPI200,foreign,001040,CJ,44218,54166,9948,5758858850,7060131200,1301272350,KRX MDCSTAT02401_OUT
daily,KOSPI200,foreign,004370,농심,5186,8447,3261,2030418500,3302375750,1271957250,KRX MDCSTAT02401_OUT
daily,KOSPI200,foreign,329180,HD현대중공업,61824,64552,2728,27306951000,28524040750,1217089750,KRX MDCSTAT02401_OUT
daily,KOSPI200,foreign,051900,LG생활건강,16495,19774,3279,4877339250,5845922750,968583500,KRX MDCSTAT02401_OUT
daily,KOSPI200,foreign,008930,한미사이언스,38631,55784,17153,2029914100,2930572100,900658000,KRX MDCSTAT02401_OUT
daily,KOSPI200,foreign,023530,롯데쇼핑,39847,47496,7649,4196293300,4973783850,777490550,KRX MDCSTAT02401_OUT
daily,KOSPI200,foreign,007070,GS리테일,50169,82436,32267,1148879275,1886255675,737376400,KRX MDCSTAT02401_OUT
daily,KOSPI200,foreign,002790,아모레퍼시픽홀딩스,40441,66128,25687,1068799725,1748367925,679568200,KRX MDCSTAT02401_OUT
daily,KOSPI200,foreign,097950,CJ제일제당,23334,26939,3605,4117140950,4760696050,643555100,KRX MDCSTAT02401_OUT
daily,KOSPI200,foreign,316140,우리금융지주,724307,741771,17464,25763839975,26356619075,592779100,KRX MDCSTAT02401_OUT
daily,KOSPI200,foreign,285130,SK케미칼,6754,18403,11649,337711950,919161500,581449550,KRX MDCSTAT02401_OUT
daily,KOSPI200,foreign,120110,코오롱인더,46864,57150,10286,2543884050,3083985350,540101300,KRX MDCSTAT02401_OUT
daily,KOSPI200,foreign,000880,한화,38378,42371,3993,5020549550,5550686750,530137200,KRX MDCSTAT02401_OUT
daily,KOSPI200,foreign,028670,팬오션,710446,804738,94292,4010718045,4538705105,527987060,KRX MDCSTAT02401_OUT
daily,KOSPI200,foreign,000670,영풍,14951,26995,12044,645901100,1165718375,519817275,KRX MDCSTAT02401_OUT
daily,KOSPI200,foreign,298020,효성티앤씨,2677,4312,1635,832820500,1340290000,507469500,KRX MDCSTAT02401_OUT
daily,KOSPI200,foreign,185750,종근당,5457,12246,6789,353133300,792589600,439456300,KRX MDCSTAT02401_OUT
daily,KOSPI200,foreign,004170,신세계,32670,33911,1241,11432258500,11863043500,430785000,KRX MDCSTAT02401_OUT
daily,KOSPI200,foreign,280360,롯데웰푸드,5300,8387,3087,660626550,1044714000,384087450,KRX MDCSTAT02401_OUT
daily,KOSPI200,foreign,006280,녹십자,4641,7591,2950,574960300,941556650,366596350,KRX MDCSTAT02401_OUT
daily,KOSPI200,foreign,271560,오리온,48261,51227,2966,5315994700,5642251800,326257100,KRX MDCSTAT02401_OUT
daily,KOSPI200,foreign,192080,더블유게임즈,16787,22225,5438,976865400,1291745050,314879650,KRX MDCSTAT02401_OUT
daily,KOSPI200,foreign,021240,코웨이,180440,183571,3131,17916393000,18209078450,292685450,KRX MDCSTAT02401_OUT
daily,KOSPI200,foreign,282330,BGF리테일,11714,13752,2038,1562207800,1833735600,271527800,KRX MDCSTAT02401_OUT
daily,KOSPI200,foreign,005850,에스엘,44454,49411,4957,2150243700,2380715400,230471700,KRX MDCSTAT02401_OUT
daily,KOSPI200,foreign,005830,DB손해보험,118653,119864,1211,21859493550,22078972850,219479300,KRX MDCSTAT02401_OUT
daily,KOSPI200,foreign,251270,넷마블,44069,49289,5220,1525086150,1706773725,181687575,KRX MDCSTAT02401_OUT
daily,KOSPI200,foreign,017960,한국카본,34062,41680,7618,693741200,841685575,147944375,KRX MDCSTAT02401_OUT
daily,KOSPI200,foreign,450080,에코프로머티,65049,68620,3571,2289202175,2436341825,147139650,KRX MDCSTAT02401_OUT
daily,KOSPI200,foreign,006040,동원산업,15561,19084,3523,545973725,669757200,123783475,KRX MDCSTAT02401_OUT
daily,KOSPI200,foreign,008730,율촌화학,19753,27655,7902,294648200,412245920,117597720,KRX MDCSTAT02401_OUT
daily,KOSPI200,foreign,204320,HL만도,94137,96360,2223,4266972625,4355558950,88586325,KRX MDCSTAT02401_OUT
daily,KOSPI200,foreign,005420,코스모화학,21275,29775,8500,217823240,305844180,88020940,KRX MDCSTAT02401_OUT
daily,KOSPI200,foreign,000240,한국앤컴퍼니,42724,46068,3344,1056353950,1140639425,84285475,KRX MDCSTAT02401_OUT
daily,KOSPI200,foreign,003240,태광산업,220,275,55,199033000,248626500,49593500,KRX MDCSTAT02401_OUT
daily,KOSPI200,foreign,002840,미원상사,160,454,294,21861200,62022550,40161350,KRX MDCSTAT02401_OUT
daily,KOSPI200,foreign,302440,SK바이오사이언스,24536,25425,889,876258575,907269850,31011275,KRX MDCSTAT02401_OUT
daily,KOSPI200,foreign,011780,금호석유화학,32550,32761,211,3803217750,3828083500,24865750,KRX MDCSTAT02401_OUT
daily,KOSPI200,foreign,003090,대웅,29837,30558,721,475249410,488317010,13067600,KRX MDCSTAT02401_OUT
daily,KOSPI200,foreign,029780,삼성카드,47060,47068,8,2011169550,2015698900,4529350,KRX MDCSTAT02401_OUT
daily,KOSPI200,foreign,001800,오리온홀딩스,39728,39649,-79,940251150,938820875,-1430275,KRX MDCSTAT02401_OUT
daily,KOSPI200,foreign,268280,미원에스씨,311,296,-15,41221450,39224000,-1997450,KRX MDCSTAT02401_OUT
daily,KOSPI200,foreign,007700,F&F홀딩스,2371,2001,-370,31549610,26688855,-4860755,KRX MDCSTAT02401_OUT
daily,KOSPI200,foreign,034220,LG디스플레이,1839749,1829170,-10579,15771365970,15762242145,-9123825,KRX MDCSTAT02401_OUT
daily,KOSPI200,foreign,000080,하이트진로,35702,34711,-991,535400780,520335660,-15065120,KRX MDCSTAT02401_OUT
daily,KOSPI200,foreign,035250,강원랜드,104091,101892,-2199,1494066460,1462422605,-31643855,KRX MDCSTAT02401_OUT
daily,KOSPI200,foreign,014820,동원시스템즈,5470,3961,-1509,113959575,82186950,-31772625,KRX MDCSTAT02401_OUT
daily,KOSPI200,foreign,005300,롯데칠성,5439,5071,-368,519967750,484995600,-34972150,KRX MDCSTAT02401_OUT
daily,KOSPI200,foreign,000210,DL,10942,10275,-667,558249100,522299300,-35949800,KRX MDCSTAT02401_OUT
daily,KOSPI200,foreign,002030,아세아,826,606,-220,175673000,128264500,-47408500,KRX MDCSTAT02401_OUT
daily,KOSPI200,foreign,298050,HS효성첨단소재,2729,2327,-402,433453300,369554100,-63899200,KRX MDCSTAT02401_OUT
daily,KOSPI200,foreign,298040,효성중공업,11743,11698,-45,33767149500,33701573000,-65576500,KRX MDCSTAT02401_OUT
daily,KOSPI200,foreign,010130,고려아연,2580,2490,-90,2871825000,2768834000,-102991000,KRX MDCSTAT02401_OUT
daily,KOSPI200,foreign,009970,영원무역홀딩스,3347,2665,-682,551561800,437864500,-113697300,KRX MDCSTAT02401_OUT
daily,KOSPI200,foreign,300720,한일시멘트,19810,12740,-7070,319235335,205139485,-114095850,KRX MDCSTAT02401_OUT
daily,KOSPI200,foreign,069260,TKG휴켐스,17441,8784,-8657,282499345,142131855,-140367490,KRX MDCSTAT02401_OUT
daily,KOSPI200,foreign,007310,오뚜기,1514,1021,-493,472600250,318343000,-154257250,KRX MDCSTAT02401_OUT
daily,KOSPI200,foreign,026960,동서,12377,6202,-6175,314892900,157671750,-157221150,KRX MDCSTAT02401_OUT
daily,KOSPI200,foreign,012750,에스원,19332,16897,-2435,1600439400,1398733550,-201705850,KRX MDCSTAT02401_OUT
daily,KOSPI200,foreign,001680,대상,24160,10884,-13276,430151070,193773895,-236377175,KRX MDCSTAT02401_OUT
daily,KOSPI200,foreign,030200,KT,31632,27078,-4554,1673086450,1433290050,-239796400,KRX MDCSTAT02401_OUT
daily,KOSPI200,foreign,139130,iM금융지주,252806,239428,-13378,4512086800,4269087560,-242999240,KRX MDCSTAT02401_OUT
daily,KOSPI200,foreign,161390,한국타이어앤테크놀로지,167939,163784,-4155,9625186350,9381205950,-243980400,KRX MDCSTAT02401_OUT
daily,KOSPI200,foreign,003030,세아제강지주,8037,5678,-2359,830084600,583436000,-246648600,KRX MDCSTAT02401_OUT
daily,KOSPI200,foreign,137310,에스디바이오센서,60566,16248,-44318,367700370,98602810,-269097560,KRX MDCSTAT02401_OUT
daily,KOSPI200,foreign,180640,한진칼,29913,27831,-2082,4213695200,3917758050,-295937150,KRX MDCSTAT02401_OUT
daily,KOSPI200,foreign,011790,SKC,26189,22763,-3426,2332988800,2030069450,-302919350,KRX MDCSTAT02401_OUT
daily,KOSPI200,foreign,004000,롯데정밀화학,15593,8577,-7016,673763500,370220075,-303543425,KRX MDCSTAT02401_OUT
daily,KOSPI200,foreign,009420,한올바이오파마,45840,37942,-7898,2142912900,1776710125,-366202775,KRX MDCSTAT02401_OUT
daily,KOSPI200,foreign,011200,HMM,282282,263750,-18532,5913177950,5535551800,-377626150,KRX MDCSTAT02401_OUT
daily,KOSPI200,foreign,009240,한샘,13588,3952,-9636,538114150,156153625,-381960525,KRX MDCSTAT02401_OUT
daily,KOSPI200,foreign,032640,LG유플러스,606003,578965,-27038,8866785352,8476494822,-390290530,KRX MDCSTAT02401_OUT
daily,KOSPI200,foreign,009540,HD한국조선해양,69555,68404,-1151,23223999250,22810374000,-413625250,KRX MDCSTAT02401_OUT
daily,KOSPI200,foreign,004990,롯데지주,46103,28945,-17158,1124675375,706676125,-417999250,KRX MDCSTAT02401_OUT
daily,KOSPI200,foreign,034230,파라다이스,106710,58939,-47771,1015749130,560985660,-454763470,KRX MDCSTAT02401_OUT
daily,KOSPI200,foreign,007340,DN오토모티브,75382,65357,-10025,3627042200,3142971475,-484070725,KRX MDCSTAT02401_OUT
daily,KOSPI200,foreign,071320,지역난방공사,14110,7344,-6766,1107959050,579496600,-528462450,KRX MDCSTAT02401_OUT
daily,KOSPI200,foreign,081660,미스토홀딩스,81491,66218,-15273,3067422675,2489365050,-578057625,KRX MDCSTAT02401_OUT
daily,KOSPI200,foreign,022100,포스코DX,93478,64284,-29194,1876631005,1291126430,-585504575,KRX MDCSTAT02401_OUT
daily,KOSPI200,foreign,069620,대웅제약,7853,2297,-5556,841116850,246377700,-594739150,KRX MDCSTAT02401_OUT
daily,KOSPI200,foreign,011170,롯데케미칼,56281,45538,-10743,3438321550,2786919750,-651401800,KRX MDCSTAT02401_OUT
daily,KOSPI200,foreign,011210,현대위아,29391,16735,-12656,1548708600,881184300,-667524300,KRX MDCSTAT02401_OUT
daily,KOSPI200,foreign,112610,씨에스윈드,68868,53877,-14991,3457264650,2703479750,-753784900,KRX MDCSTAT02401_OUT
daily,KOSPI200,foreign,068270,셀트리온,116859,112196,-4663,20782271200,19922680650,-859590550,KRX MDCSTAT02401_OUT
daily,KOSPI200,foreign,018880,한온시스템,639772,367234,-272538,2092517396,1195761981,-896755415,KRX MDCSTAT02401_OUT
daily,KOSPI200,foreign,457190,이수스페셜티케미컬,28694,14712,-13982,1850779500,944693550,-906085950,KRX MDCSTAT02401_OUT
daily,KOSPI200,foreign,030000,제일기획,102862,49095,-53767,1820033630,868209620,-951824010,KRX MDCSTAT02401_OUT
daily,KOSPI200,foreign,073240,금호타이어,770667,609109,-161558,5055608690,3993329630,-1062279060,KRX MDCSTAT02401_OUT
daily,KOSPI200,foreign,047050,포스코인터내셔널,87579,68260,-19319,4888092850,3812837700,-1075255150,KRX MDCSTAT02401_OUT
daily,KOSPI200,foreign,051600,한전KPS,36478,12620,-23858,1675597875,579184775,-1096413100,KRX MDCSTAT02401_OUT
daily,KOSPI200,foreign,111770,영원무역,46937,30616,-16321,3298762350,2154096050,-1144666300,KRX MDCSTAT02401_OUT
daily,KOSPI200,foreign,000120,CJ대한통운,28505,11368,-17137,2002321050,798658400,-1203662650,KRX MDCSTAT02401_OUT
daily,KOSPI200,foreign,069960,현대백화점,59652,46347,-13305,5790711000,4474108400,-1316602600,KRX MDCSTAT02401_OUT
daily,KOSPI200,foreign,377300,카카오페이,57761,23768,-33993,2348180700,965484600,-1382696100,KRX MDCSTAT02401_OUT
daily,KOSPI200,foreign,0126Z0,삼성에피스홀딩스,11813,7554,-4259,3900809250,2495490750,-1405318500,KRX MDCSTAT02401_OUT
daily,KOSPI200,foreign,008770,호텔신라,54042,17997,-36045,2171555150,723883975,-1447671175,KRX MDCSTAT02401_OUT
daily,KOSPI200,foreign,006650,대한유화,30766,14666,-16100,2836456950,1343492400,-1492964550,KRX MDCSTAT02401_OUT
daily,KOSPI200,foreign,086280,현대글로비스,127783,119701,-8082,25251743650,23608984700,-1642758950,KRX MDCSTAT02401_OUT
daily,KOSPI200,foreign,090430,아모레퍼시픽,94652,81734,-12918,13503205850,11672035900,-1831169950,KRX MDCSTAT02401_OUT
daily,KOSPI200,foreign,103140,풍산,47621,23236,-24385,3700575900,1809779900,-1890796000,KRX MDCSTAT02401_OUT
daily,KOSPI200,foreign,000100,유한양행,134022,106892,-27130,9940232250,7926773150,-2013459100,KRX MDCSTAT02401_OUT
daily,KOSPI200,foreign,017800,현대엘리베이터,46314,19001,-27313,3413923300,1399248650,-2014674650,KRX MDCSTAT02401_OUT
daily,KOSPI200,foreign,241560,두산밥캣,123631,85473,-38158,7138114050,4934866900,-2203247150,KRX MDCSTAT02401_OUT
daily,KOSPI200,foreign,006260,LS,25582,18504,-7078,8356537000,6055654750,-2300882250,KRX MDCSTAT02401_OUT
daily,KOSPI200,foreign,000150,두산,36856,35114,-1742,54868445000,52383144500,-2485300500,KRX MDCSTAT02401_OUT
daily,KOSPI200,foreign,062040,산일전기,42111,30028,-12083,8612436750,6119025250,-2493411500,KRX MDCSTAT02401_OUT
daily,KOSPI200,foreign,064350,현대로템,104843,83070,-21773,12160278400,9629998850,-2530279550,KRX MDCSTAT02401_OUT
daily,KOSPI200,foreign,175330,JB금융지주,151326,66722,-84604,4593327275,2022015025,-2571312250,KRX MDCSTAT02401_OUT
daily,KOSPI200,foreign,001430,세아베스틸지주,70357,12380,-57977,3161003150,555844550,-2605158600,KRX MDCSTAT02401_OUT
daily,KOSPI200,foreign,267250,HD현대,113094,99987,-13107,23171665000,20481172750,-2690492250,KRX MDCSTAT02401_OUT
daily,KOSPI200,foreign,259960,크래프톤,42660,28347,-14313,8487596262,5638812112,-2848784150,KRX MDCSTAT02401_OUT
daily,KOSPI200,foreign,326030,SK바이오팜,58690,20966,-37724,4461066750,1592730750,-2868336000,KRX MDCSTAT02401_OUT
daily,KOSPI200,foreign,051910,LG화학,80425,68999,-11426,20446318000,17569899750,-2876418250,KRX MDCSTAT02401_OUT
daily,KOSPI200,foreign,003550,LG,92298,67080,-25218,10455281950,7562217600,-2893064350,KRX MDCSTAT02401_OUT
daily,KOSPI200,foreign,000810,삼성화재,43202,38634,-4568,27990529500,25021424000,-2969105500,KRX MDCSTAT02401_OUT
daily,KOSPI200,foreign,014680,한솔케미칼,28161,15011,-13150,6573777500,3509057250,-3064720250,KRX MDCSTAT02401_OUT
daily,KOSPI200,foreign,009830,한화솔루션,1039592,931717,-107875,30238636600,27059861925,-3178774675,KRX MDCSTAT02401_OUT
daily,KOSPI200,foreign,005940,NH투자증권,256544,130699,-125845,6714531375,3417577400,-3296953975,KRX MDCSTAT02401_OUT
daily,KOSPI200,foreign,010060,OCI홀딩스,129325,113084,-16241,26230059250,22886200150,-3343859100,KRX MDCSTAT02401_OUT
daily,KOSPI200,foreign,036570,NC,50809,34696,-16113,10841565000,7394195250,-3447369750,KRX MDCSTAT02401_OUT
daily,KOSPI200,foreign,012330,현대모비스,85140,75129,-10011,31482470750,27705868500,-3776602250,KRX MDCSTAT02401_OUT
daily,KOSPI200,foreign,036460,한국가스공사,159116,51350,-107766,5686855000,1826642225,-3860212775,KRX MDCSTAT02401_OUT
daily,KOSPI200,foreign,454910,두산로보틱스,94074,36000,-58074,6636309400,2547482550,-4088826850,KRX MDCSTAT02401_OUT
daily,KOSPI200,foreign,139480,이마트,74697,15346,-59351,5356432600,1099581500,-4256851100,KRX MDCSTAT02401_OUT
daily,KOSPI200,foreign,307950,현대오토에버,18668,6444,-12224,7084253000,2453909500,-4630343500,KRX MDCSTAT02401_OUT
daily,KOSPI200,foreign,071970,HD현대마린엔진,113246,12635,-100611,5549537800,618520300,-4931017500,KRX MDCSTAT02401_OUT
daily,KOSPI200,foreign,006800,미래에셋증권,352032,191909,-160123,11388329650,6188193075,-5200136575,KRX MDCSTAT02401_OUT
daily,KOSPI200,foreign,035720,카카오,640590,472797,-167793,21711675900,16058418975,-5653256925,KRX MDCSTAT02401_OUT
daily,KOSPI200,foreign,082740,한화엔진,258079,118266,-139813,12390198325,5698180850,-6692017475,KRX MDCSTAT02401_OUT
daily,KOSPI200,foreign,047810,한국항공우주,118719,65352,-53367,15178894350,8344490500,-6834403850,KRX MDCSTAT02401_OUT
daily,KOSPI200,foreign,066970,엘앤에프,131742,62947,-68795,14426645150,6926282350,-7500362800,KRX MDCSTAT02401_OUT
daily,KOSPI200,foreign,032830,삼성생명,128448,102038,-26410,37888201750,30082039750,-7806162000,KRX MDCSTAT02401_OUT
daily,KOSPI200,foreign,323410,카카오뱅크,665312,243417,-421895,13331104560,4887966825,-8443137735,KRX MDCSTAT02401_OUT
daily,KOSPI200,foreign,011070,LG이노텍,54706,37654,-17052,29236368220,20076015720,-9160352500,KRX MDCSTAT02401_OUT
daily,KOSPI200,foreign,010120,LS ELECTRIC,123804,76997,-46807,25665307750,15871727250,-9793580500,KRX MDCSTAT02401_OUT
daily,KOSPI200,foreign,207940,삼성바이오로직스,25318,18146,-7172,34729919668,24850725668,-9879194000,KRX MDCSTAT02401_OUT
daily,KOSPI200,foreign,005490,POSCO홀딩스,85400,53834,-31566,26696965750,16788189250,-9908776500,KRX MDCSTAT02401_OUT
daily,KOSPI200,foreign,015760,한국전력,458312,116318,-341994,13938441750,3526809475,-10411632275,KRX MDCSTAT02401_OUT
daily,KOSPI200,foreign,052690,한전기술,136526,54166,-82360,18048702300,7148357450,-10900344850,KRX MDCSTAT02401_OUT
daily,KOSPI200,foreign,004020,현대제철,571353,198537,-372816,18763656550,6544411875,-12219244675,KRX MDCSTAT02401_OUT
daily,KOSPI200,foreign,267260,HD현대일렉트릭,47528,29334,-18194,33617996500,20749093500,-12868903000,KRX MDCSTAT02401_OUT
daily,KOSPI200,foreign,064400,LG씨엔에스,247686,37310,-210376,17337264350,2618256300,-14719008050,KRX MDCSTAT02401_OUT
daily,KOSPI200,foreign,003670,포스코퓨처엠,251160,164839,-86321,46179944000,30689298250,-15490645750,KRX MDCSTAT02401_OUT
daily,KOSPI200,foreign,272210,한화시스템,556932,332743,-224189,41497890100,24764640000,-16733250100,KRX MDCSTAT02401_OUT
daily,KOSPI200,foreign,000270,기아,496114,341029,-155085,57600808450,39493806850,-18107001600,KRX MDCSTAT02401_OUT
daily,KOSPI200,foreign,010140,삼성중공업,1353919,440890,-913029,27498388908,8949286158,-18549102750,KRX MDCSTAT02401_OUT
daily,KOSPI200,foreign,086790,하나금융지주,472912,317652,-155260,63007603270,42321320270,-20686283000,KRX MDCSTAT02401_OUT
daily,KOSPI200,foreign,267270,HD건설기계,252910,83783,-169127,33142126150,10929134050,-22212992100,KRX MDCSTAT02401_OUT
daily,KOSPI200,foreign,105560,KB금융,367985,239996,-127989,63953119800,41667225600,-22285894200,KRX MDCSTAT02401_OUT
daily,KOSPI200,foreign,000720,현대건설,422722,203189,-219533,52185216550,24745684900,-27439531650,KRX MDCSTAT02401_OUT
daily,KOSPI200,foreign,066570,LG전자,293927,161373,-132554,61745955000,33891421000,-27854534000,KRX MDCSTAT02401_OUT
daily,KOSPI200,foreign,028050,삼성E&A,1109870,532028,-577842,54644248825,26149465250,-28494783575,KRX MDCSTAT02401_OUT
daily,KOSPI200,foreign,055550,신한지주,554530,296084,-258446,61146760400,32543795300,-28602965100,KRX MDCSTAT02401_OUT
daily,KOSPI200,foreign,042660,한화오션,490518,124880,-365638,39272112200,9973679250,-29298432950,KRX MDCSTAT02401_OUT
daily,KOSPI200,foreign,012450,한화에어로스페이스,100129,71137,-28992,102998559000,73144048000,-29854511000,KRX MDCSTAT02401_OUT
daily,KOSPI200,foreign,001440,대한전선,1259183,254977,-1004206,39271034875,7925712175,-31345322700,KRX MDCSTAT02401_OUT
daily,KOSPI200,foreign,005380,현대차,305796,164571,-141225,108759107000,58372042250,-50387064750,KRX MDCSTAT02401_OUT
daily,KOSPI200,foreign,035420,NAVER,467881,150414,-317467,91879315600,29471728300,-62407587300,KRX MDCSTAT02401_OUT
daily,KOSPI200,foreign,047040,대우건설,4280103,691450,-3588653,75986052335,12201387885,-63784664450,KRX MDCSTAT02401_OUT
daily,KOSPI200,foreign,009150,삼성전기,175383,120966,-54417,262877449500,181336195500,-81541254000,KRX MDCSTAT02401_OUT
daily,KOSPI200,foreign,034020,두산에너빌리티,2066752,492079,-1574673,169846556850,40420508000,-129426048850,KRX MDCSTAT02401_OUT
daily,KOSPI200,foreign,000660,SK하이닉스,1526433,890471,-635962,2837787467143,1658937136143,-1178850331000,KRX MDCSTAT02401_OUT
daily,KOSPI200,institution,005930,삼성전자,6005147,7352030,1346883,1703589053750,2086340543000,382751489250,KRX MDCSTAT02401_OUT
daily,KOSPI200,institution,000660,SK하이닉스,714356,837304,122948,1326236702000,1556275171000,230038469000,KRX MDCSTAT02401_OUT
daily,KOSPI200,institution,402340,SK스퀘어,133638,194753,61115,156890846500,228652719000,71761872500,KRX MDCSTAT02401_OUT
daily,KOSPI200,institution,009150,삼성전기,135840,166436,30596,203144950000,249336384000,46191434000,KRX MDCSTAT02401_OUT
daily,KOSPI200,institution,096770,SK이노베이션,221479,373093,151614,32931592700,55544637100,22613044400,KRX MDCSTAT02401_OUT
daily,KOSPI200,institution,034730,SK,27516,60653,33137,16530116000,36550638500,20020522500,KRX MDCSTAT02401_OUT
daily,KOSPI200,institution,003490,대한항공,793097,1356284,563187,24967190150,42724448475,17757258325,KRX MDCSTAT02401_OUT
daily,KOSPI200,institution,009830,한화솔루션,183330,746314,562984,5325456200,21740406325,16414950125,KRX MDCSTAT02401_OUT
daily,KOSPI200,institution,105560,KB금융,247170,339458,92288,42934597550,59066235750,16131638200,KRX MDCSTAT02401_OUT
daily,KOSPI200,institution,007660,이수페타시스,93175,228193,135018,10943274250,26920312450,15977038200,KRX MDCSTAT02401_OUT
daily,KOSPI200,institution,000150,두산,11740,20629,8889,17468978000,30770180500,13301202500,KRX MDCSTAT02401_OUT
daily,KOSPI200,institution,010060,OCI홀딩스,37343,90140,52797,7552716950,18353214700,10800497750,KRX MDCSTAT02401_OUT
daily,KOSPI200,institution,128940,한미약품,20751,41199,20448,10822417000,21572987500,10750570500,KRX MDCSTAT02401_OUT
daily,KOSPI200,institution,086790,하나금융지주,157589,220119,62530,20998860600,29360235050,8361374450,KRX MDCSTAT02401_OUT
daily,KOSPI200,institution,055550,신한지주,311459,382886,71427,34320911300,42310889200,7989977900,KRX MDCSTAT02401_OUT
daily,KOSPI200,institution,016360,삼성증권,83123,160633,77510,7605828550,14721567850,7115739300,KRX MDCSTAT02401_OUT
daily,KOSPI200,institution,316140,우리금융지주,343912,522681,178769,12229636025,18621744050,6392108025,KRX MDCSTAT02401_OUT
daily,KOSPI200,institution,066570,LG전자,89629,118323,28694,18863029500,24926062750,6063033250,KRX MDCSTAT02401_OUT
daily,KOSPI200,institution,042700,한미반도체,71509,92906,21397,17233639250,22449383500,5215744250,KRX MDCSTAT02401_OUT
daily,KOSPI200,institution,278470,에이피알,39281,53151,13870,14405080500,19569955500,5164875000,KRX MDCSTAT02401_OUT
daily,KOSPI200,institution,032830,삼성생명,55965,72985,17020,16441597250,21526116500,5084519250,KRX MDCSTAT02401_OUT
daily,KOSPI200,institution,090430,아모레퍼시픽,19776,54724,34948,2820405850,7812968600,4992562750,KRX MDCSTAT02401_OUT
daily,KOSPI200,institution,014680,한솔케미칼,8808,29185,20377,2057361500,6834166750,4776805250,KRX MDCSTAT02401_OUT
daily,KOSPI200,institution,028050,삼성E&A,227055,317895,90840,11157311850,15595394750,4438082900,KRX MDCSTAT02401_OUT
daily,KOSPI200,institution,272210,한화시스템,162518,218410,55892,12101872700,16321642900,4219770200,KRX MDCSTAT02401_OUT
daily,KOSPI200,institution,036460,한국가스공사,25708,134655,108947,913956325,4819525400,3905569075,KRX MDCSTAT02401_OUT
daily,KOSPI200,institution,373220,LG에너지솔루션,61790,72447,10657,21761891250,25592317250,3830426000,KRX MDCSTAT02401_OUT
daily,KOSPI200,institution,028260,삼성물산,87517,97479,9962,32377609250,36173840750,3796231500,KRX MDCSTAT02401_OUT
daily,KOSPI200,institution,039490,키움증권,12973,24467,11494,3456094750,6522588750,3066494000,KRX MDCSTAT02401_OUT
daily,KOSPI200,institution,066970,엘앤에프,97603,122917,25314,10665011250,13508424250,2843413000,KRX MDCSTAT02401_OUT
daily,KOSPI200,institution,361610,SK아이이테크놀로지,46157,210424,164267,791999110,3602927685,2810928575,KRX MDCSTAT02401_OUT
daily,KOSPI200,institution,010950,S-Oil,84299,99736,15437,13188020550,15629293050,2441272500,KRX MDCSTAT02401_OUT
daily,KOSPI200,institution,024110,기업은행,95675,212288,116613,1953309050,4359641325,2406332275,KRX MDCSTAT02401_OUT
daily,KOSPI200,institution,071050,한국금융지주,50380,62239,11859,9422081500,11699699600,2277618100,KRX MDCSTAT02401_OUT
daily,KOSPI200,institution,175330,JB금융지주,109915,183280,73365,3329668850,5567525200,2237856350,KRX MDCSTAT02401_OUT
daily,KOSPI200,institution,097950,CJ제일제당,16145,26981,10836,2847714950,4763869400,1916154450,KRX MDCSTAT02401_OUT
daily,KOSPI200,institution,307950,현대오토에버,5025,9945,4920,1899358250,3775445500,1876087250,KRX MDCSTAT02401_OUT
daily,KOSPI200,institution,000810,삼성화재,14540,17097,2557,9407737500,11079562500,1671825000,KRX MDCSTAT02401_OUT
daily,KOSPI200,institution,011070,LG이노텍,22792,25733,2941,12162919000,13735255500,1572336500,KRX MDCSTAT02401_OUT
daily,KOSPI200,institution,005940,NH투자증권,98605,155674,57069,2571331250,4077180375,1505849125,KRX MDCSTAT02401_OUT
daily,KOSPI200,institution,006260,LS,20998,25215,4217,6813678750,8226494250,1412815500,KRX MDCSTAT02401_OUT
daily,KOSPI200,institution,032640,LG유플러스,119546,211273,91727,1749340450,3091215500,1341875050,KRX MDCSTAT02401_OUT
daily,KOSPI200,institution,001430,세아베스틸지주,20219,44569,24350,908149100,2001174425,1093025325,KRX MDCSTAT02401_OUT
daily,KOSPI200,institution,008930,한미사이언스,15833,33627,17794,830771300,1767742050,936970750,KRX MDCSTAT02401_OUT
daily,KOSPI200,institution,112610,씨에스윈드,17254,35081,17827,866259025,1764396675,898137650,KRX MDCSTAT02401_OUT
daily,KOSPI200,institution,180640,한진칼,14049,19626,5577,1977232500,2774166950,796934450,KRX MDCSTAT02401_OUT
daily,KOSPI200,institution,323410,카카오뱅크,196263,234470,38207,3928088185,4718434460,790346275,KRX MDCSTAT02401_OUT
daily,KOSPI200,institution,003550,LG,39631,45384,5753,4492315850,5187763850,695448000,KRX MDCSTAT02401_OUT
daily,KOSPI200,institution,009240,한샘,2453,15400,12947,97155600,610445650,513290050,KRX MDCSTAT02401_OUT
daily,KOSPI200,institution,000100,유한양행,33782,39419,5637,2506712350,2925780000,419067650,KRX MDCSTAT02401_OUT
daily,KOSPI200,institution,007340,DN오토모티브,26273,32766,6493,1262925400,1577131725,314206325,KRX MDCSTAT02401_OUT
daily,KOSPI200,institution,000240,한국앤컴퍼니,21457,33730,12273,530076075,834460375,304384300,KRX MDCSTAT02401_OUT
daily,KOSPI200,institution,004990,롯데지주,19744,31744,12000,481487875,775017900,293530025,KRX MDCSTAT02401_OUT
daily,KOSPI200,institution,030000,제일기획,41141,55068,13927,727518585,974294395,246775810,KRX MDCSTAT02401_OUT
daily,KOSPI200,institution,000670,영풍,9369,14862,5493,405178525,642764125,237585600,KRX MDCSTAT02401_OUT
daily,KOSPI200,institution,138930,BNK금융지주,124108,136492,12384,1994270030,2205159195,210889165,KRX MDCSTAT02401_OUT
daily,KOSPI200,institution,139480,이마트,8844,11086,2242,633923500,796370850,162447350,KRX MDCSTAT02401_OUT
daily,KOSPI200,institution,069260,TKG휴켐스,12073,19949,7876,195293090,323144640,127851550,KRX MDCSTAT02401_OUT
daily,KOSPI200,institution,071320,지역난방공사,2465,3993,1528,193164850,313408500,120243650,KRX MDCSTAT02401_OUT
daily,KOSPI200,institution,450080,에코프로머티,57065,60138,3073,2006816450,2122601275,115784825,KRX MDCSTAT02401_OUT
daily,KOSPI200,institution,012750,에스원,14062,15367,1305,1162818250,1271871500,109053250,KRX MDCSTAT02401_OUT
daily,KOSPI200,institution,005420,코스모화학,10688,21013,10325,109426685,215757125,106330440,KRX MDCSTAT02401_OUT
daily,KOSPI200,institution,081660,미스토홀딩스,48091,50502,2411,1807481050,1904590375,97109325,KRX MDCSTAT02401_OUT
daily,KOSPI200,institution,047810,한국항공우주,53479,54151,672,6847595250,6936876050,89280800,KRX MDCSTAT02401_OUT
daily,KOSPI200,institution,004370,농심,3964,4160,196,1550505250,1626595250,76090000,KRX MDCSTAT02401_OUT
daily,KOSPI200,institution,008730,율촌화학,9203,12708,3505,137084530,189644495,52559965,KRX MDCSTAT02401_OUT
daily,KOSPI200,institution,002030,아세아,412,644,232,87189500,137869000,50679500,KRX MDCSTAT02401_OUT
daily,KOSPI200,institution,268280,미원에스씨,411,753,342,54397700,99867750,45470050,KRX MDCSTAT02401_OUT
daily,KOSPI200,institution,017800,현대엘리베이터,13675,14237,562,1005892100,1049540650,43648550,KRX MDCSTAT02401_OUT
daily,KOSPI200,institution,003240,태광산업,251,281,30,226710500,254554000,27843500,KRX MDCSTAT02401_OUT
daily,KOSPI200,institution,002840,미원상사,215,309,94,29339850,42209900,12870050,KRX MDCSTAT02401_OUT
daily,KOSPI200,institution,007310,오뚜기,657,684,27,204724000,213868500,9144500,KRX MDCSTAT02401_OUT
daily,KOSPI200,institution,034230,파라다이스,30497,30995,498,290220685,295590910,5370225,KRX MDCSTAT02401_OUT
daily,KOSPI200,institution,001680,대상,11910,12188,278,211898525,217076630,5178105,KRX MDCSTAT02401_OUT
daily,KOSPI200,institution,005300,롯데칠성,2043,2052,9,195385550,196156050,770500,KRX MDCSTAT02401_OUT
daily,KOSPI200,institution,011790,SKC,22751,22718,-33,2025517850,2024717800,-800050,KRX MDCSTAT02401_OUT
daily,KOSPI200,institution,000080,하이트진로,24469,24327,-142,366916355,365023975,-1892380,KRX MDCSTAT02401_OUT
daily,KOSPI200,institution,137310,에스디바이오센서,24097,22127,-1970,145920260,134361365,-11558895,KRX MDCSTAT02401_OUT
daily,KOSPI200,institution,007700,F&F홀딩스,2263,1033,-1230,30109470,13786570,-16322900,KRX MDCSTAT02401_OUT
daily,KOSPI200,institution,300720,한일시멘트,14443,13129,-1314,232787415,211822435,-20964980,KRX MDCSTAT02401_OUT
daily,KOSPI200,institution,000880,한화,8885,8613,-272,1163873750,1132468700,-31405050,KRX MDCSTAT02401_OUT
daily,KOSPI200,institution,026960,동서,19795,18478,-1317,502659800,470334800,-32325000,KRX MDCSTAT02401_OUT
daily,KOSPI200,institution,298050,HS효성첨단소재,1609,1394,-215,255318850,221749100,-33569750,KRX MDCSTAT02401_OUT
daily,KOSPI200,institution,014820,동원시스템즈,5714,3787,-1927,118480950,79014900,-39466050,KRX MDCSTAT02401_OUT
daily,KOSPI200,institution,457190,이수스페셜티케미컬,15546,14884,-662,1000153450,958136250,-42017200,KRX MDCSTAT02401_OUT
daily,KOSPI200,institution,326030,SK바이오팜,14183,13439,-744,1075443750,1024652000,-50791750,KRX MDCSTAT02401_OUT
daily,KOSPI200,institution,001800,오리온홀딩스,21606,18256,-3350,510825150,432528950,-78296200,KRX MDCSTAT02401_OUT
daily,KOSPI200,institution,185750,종근당,3998,2252,-1746,258490450,145874800,-112615650,KRX MDCSTAT02401_OUT
daily,KOSPI200,institution,011200,HMM,118161,112037,-6124,2472819200,2357706125,-115113075,KRX MDCSTAT02401_OUT
daily,KOSPI200,institution,073240,금호타이어,119462,100697,-18765,778769715,661553635,-117216080,KRX MDCSTAT02401_OUT
daily,KOSPI200,institution,251270,넷마블,28112,24376,-3736,972662400,845003675,-127658725,KRX MDCSTAT02401_OUT
daily,KOSPI200,institution,009970,영원무역홀딩스,2967,2026,-941,487305250,334452400,-152852850,KRX MDCSTAT02401_OUT
daily,KOSPI200,institution,003090,대웅,27484,17156,-10328,437812865,274396575,-163416290,KRX MDCSTAT02401_OUT
daily,KOSPI200,institution,069620,대웅제약,4451,2860,-1591,476564600,307297750,-169266850,KRX MDCSTAT02401_OUT
daily,KOSPI200,institution,000210,DL,13469,10054,-3415,684479050,513081950,-171397100,KRX MDCSTAT02401_OUT
daily,KOSPI200,institution,006280,녹십자,5400,3760,-1640,668686950,466011850,-202675100,KRX MDCSTAT02401_OUT
daily,KOSPI200,institution,377300,카카오페이,38316,33188,-5128,1554603475,1350119875,-204483600,KRX MDCSTAT02401_OUT
daily,KOSPI200,institution,011210,현대위아,10929,6584,-4345,574907250,347657500,-227249750,KRX MDCSTAT02401_OUT
daily,KOSPI200,institution,280360,롯데웰푸드,5817,3979,-1838,724851450,496458750,-228392700,KRX MDCSTAT02401_OUT
daily,KOSPI200,institution,002790,아모레퍼시픽홀딩스,22489,12785,-9704,594150475,337433950,-256716525,KRX MDCSTAT02401_OUT
daily,KOSPI200,institution,282330,BGF리테일,7300,5356,-1944,973885900,715324700,-258561200,KRX MDCSTAT02401_OUT
daily,KOSPI200,institution,035250,강원랜드,81441,63252,-18189,1167712355,908323440,-259388915,KRX MDCSTAT02401_OUT
daily,KOSPI200,institution,021240,코웨이,50171,47324,-2847,4965747200,4704719600,-261027600,KRX MDCSTAT02401_OUT
daily,KOSPI200,institution,259960,크래프톤,14211,12825,-1386,2828730600,2562747300,-265983300,KRX MDCSTAT02401_OUT
daily,KOSPI200,institution,006040,동원산업,12978,4342,-8636,455052925,152483350,-302569575,KRX MDCSTAT02401_OUT
daily,KOSPI200,institution,006800,미래에셋증권,229219,218697,-10522,7404314725,7079738025,-324576700,KRX MDCSTAT02401_OUT
daily,KOSPI200,institution,267250,HD현대,27871,26075,-1796,5696061500,5353633000,-342428500,KRX MDCSTAT02401_OUT
daily,KOSPI200,institution,111770,영원무역,16949,11761,-5188,1185192200,825261250,-359930950,KRX MDCSTAT02401_OUT
daily,KOSPI200,institution,302440,SK바이오사이언스,22796,12032,-10764,813198475,429817875,-383380600,KRX MDCSTAT02401_OUT
daily,KOSPI200,institution,051600,한전KPS,23503,14429,-9074,1079593500,664219775,-415373725,KRX MDCSTAT02401_OUT
daily,KOSPI200,institution,004000,롯데정밀화학,16592,6013,-10579,715641550,261069175,-454572375,KRX MDCSTAT02401_OUT
daily,KOSPI200,institution,285130,SK케미칼,20536,11151,-9385,1024658275,557087925,-467570350,KRX MDCSTAT02401_OUT
daily,KOSPI200,institution,192080,더블유게임즈,20051,11965,-8086,1165022050,696820400,-468201650,KRX MDCSTAT02401_OUT
daily,KOSPI200,institution,035720,카카오,263615,247530,-16085,8919868650,8437650825,-482217825,KRX MDCSTAT02401_OUT
daily,KOSPI200,institution,009420,한올바이오파마,49328,39033,-10295,2305680375,1823452875,-482227500,KRX MDCSTAT02401_OUT
daily,KOSPI200,institution,298020,효성티앤씨,3043,1468,-1575,943920250,458235750,-485684500,KRX MDCSTAT02401_OUT
daily,KOSPI200,institution,000990,DB하이텍,92153,87933,-4220,12031489500,11534725900,-496763600,KRX MDCSTAT02401_OUT
daily,KOSPI200,institution,002380,KCC,4521,3432,-1089,2144243750,1628440750,-515803000,KRX MDCSTAT02401_OUT
daily,KOSPI200,institution,139130,iM금융지주,146046,112641,-33405,2601737965,2012408855,-589329110,KRX MDCSTAT02401_OUT
daily,KOSPI200,institution,051910,LG화학,44543,42006,-2537,11337649000,10726114250,-611534750,KRX MDCSTAT02401_OUT
daily,KOSPI200,institution,022100,포스코DX,54045,23251,-30794,1084785885,469598870,-615187015,KRX MDCSTAT02401_OUT
daily,KOSPI200,institution,010130,고려아연,3659,3063,-596,4065481500,3411953000,-653528500,KRX MDCSTAT02401_OUT
daily,KOSPI200,institution,001040,CJ,25186,20068,-5118,3281936550,2613425450,-668511100,KRX MDCSTAT02401_OUT
daily,KOSPI200,institution,000120,CJ대한통운,14563,4571,-9992,1022087200,322320650,-699766550,KRX MDCSTAT02401_OUT
daily,KOSPI200,institution,017960,한국카본,47790,12874,-34916,964048225,261832950,-702215275,KRX MDCSTAT02401_OUT
daily,KOSPI200,institution,483650,달바글로벌,28451,24415,-4036,5219347800,4490910850,-728436950,KRX MDCSTAT02401_OUT
daily,KOSPI200,institution,103140,풍산,26920,16736,-10184,2084332750,1310856900,-773475850,KRX MDCSTAT02401_OUT
daily,KOSPI200,institution,068270,셀트리온,106774,102128,-4646,18962962000,18177857000,-785105000,KRX MDCSTAT02401_OUT
daily,KOSPI200,institution,051900,LG생활건강,11157,8326,-2831,3293916750,2464874250,-829042500,KRX MDCSTAT02401_OUT
daily,KOSPI200,institution,005830,DB손해보험,40034,35449,-4585,7372465550,6535590350,-836875200,KRX MDCSTAT02401_OUT
daily,KOSPI200,institution,029780,삼성카드,40428,20593,-19835,1726361675,881316950,-845044725,KRX MDCSTAT02401_OUT
daily,KOSPI200,institution,454910,두산로보틱스,34017,20704,-13313,2387870600,1466983700,-920886900,KRX MDCSTAT02401_OUT
daily,KOSPI200,institution,011780,금호석유화학,13828,5695,-8133,1614549850,667319350,-947230500,KRX MDCSTAT02401_OUT
daily,KOSPI200,institution,192820,코스맥스,24705,21091,-3614,6718477000,5748780500,-969696500,KRX MDCSTAT02401_OUT
daily,KOSPI200,institution,036570,NC,27167,22117,-5050,5764190000,4724744750,-1039445250,KRX MDCSTAT02401_OUT
daily,KOSPI200,institution,267260,HD현대일렉트릭,15803,14292,-1511,11190085000,10124399500,-1065685500,KRX MDCSTAT02401_OUT
daily,KOSPI200,institution,003670,포스코퓨처엠,137453,130918,-6535,25540919900,24372791400,-1168128500,KRX MDCSTAT02401_OUT
daily,KOSPI200,institution,241560,두산밥캣,38252,17933,-20319,2205811900,1037436050,-1168375850,KRX MDCSTAT02401_OUT
daily,KOSPI200,institution,006650,대한유화,17584,4711,-12873,1608102050,430347100,-1177754950,KRX MDCSTAT02401_OUT
daily,KOSPI200,institution,069960,현대백화점,29075,16520,-12555,2814317050,1614774850,-1199542200,KRX MDCSTAT02401_OUT
daily,KOSPI200,institution,008770,호텔신라,41147,10282,-30865,1653308200,414624275,-1238683925,KRX MDCSTAT02401_OUT
daily,KOSPI200,institution,443060,HD현대마린솔루션,12795,7597,-5198,3080391500,1836730250,-1243661250,KRX MDCSTAT02401_OUT
daily,KOSPI200,institution,007070,GS리테일,73266,15719,-57547,1676126300,360327050,-1315799250,KRX MDCSTAT02401_OUT
daily,KOSPI200,institution,018880,한온시스템,715793,309778,-406015,2328076544,1008786851,-1319289693,KRX MDCSTAT02401_OUT
daily,KOSPI200,institution,204320,HL만도,45419,16107,-29312,2053101425,733120100,-1319981325,KRX MDCSTAT02401_OUT
daily,KOSPI200,institution,271560,오리온,22287,9823,-12464,2455194600,1083239300,-1371955300,KRX MDCSTAT02401_OUT
daily,KOSPI200,institution,030200,KT,123747,97410,-26337,6550456900,5162808000,-1387648900,KRX MDCSTAT02401_OUT
daily,KOSPI200,institution,088350,한화생명,666266,418798,-247468,3745108260,2356327590,-1388780670,KRX MDCSTAT02401_OUT
daily,KOSPI200,institution,003030,세아제강지주,20407,6829,-13578,2094066550,704572800,-1389493750,KRX MDCSTAT02401_OUT
daily,KOSPI200,institution,064400,LG씨엔에스,45818,24751,-21067,3197435650,1744233600,-1453202050,KRX MDCSTAT02401_OUT
daily,KOSPI200,institution,161890,한국콜마,52209,42013,-10196,7736239250,6232893300,-1503345950,KRX MDCSTAT02401_OUT
daily,KOSPI200,institution,011170,롯데케미칼,36645,10527,-26118,2229946950,648482800,-1581464150,KRX MDCSTAT02401_OUT
daily,KOSPI200,institution,071970,HD현대마린엔진,49822,16285,-33537,2430234475,795227175,-1635007300,KRX MDCSTAT02401_OUT
daily,KOSPI200,institution,138040,메리츠금융지주,81401,67987,-13414,10253374600,8584952250,-1668422350,KRX MDCSTAT02401_OUT
daily,KOSPI200,institution,0126Z0,삼성에피스홀딩스,6855,1757,-5098,2256909000,584282250,-1672626750,KRX MDCSTAT02401_OUT
daily,KOSPI200,institution,005850,에스엘,49335,11855,-37480,2377070300,573843875,-1803226425,KRX MDCSTAT02401_OUT
daily,KOSPI200,institution,062040,산일전기,37600,27826,-9774,7651027250,5685991250,-1965036000,KRX MDCSTAT02401_OUT
daily,KOSPI200,institution,034220,LG디스플레이,350302,115046,-235256,2998455670,993171985,-2005283685,KRX MDCSTAT02401_OUT
daily,KOSPI200,institution,120110,코오롱인더,59940,18693,-41247,3228290150,1011737600,-2216552550,KRX MDCSTAT02401_OUT
daily,KOSPI200,institution,161390,한국타이어앤테크놀로지,75476,29453,-46023,4317443100,1692018700,-2625424400,KRX MDCSTAT02401_OUT
daily,KOSPI200,institution,064350,현대로템,64847,41818,-23029,7514327900,4866943600,-2647384300,KRX MDCSTAT02401_OUT
daily,KOSPI200,institution,001440,대한전선,242582,141766,-100816,7566516700,4405295900,-3161220800,KRX MDCSTAT02401_OUT
daily,KOSPI200,institution,028670,팬오션,787721,225232,-562489,4443674385,1272570765,-3171103620,KRX MDCSTAT02401_OUT
daily,KOSPI200,institution,023530,롯데쇼핑,49153,13547,-35606,5149287650,1430230250,-3719057400,KRX MDCSTAT02401_OUT
daily,KOSPI200,institution,009540,HD한국조선해양,37157,25268,-11889,12391901500,8456549500,-3935352000,KRX MDCSTAT02401_OUT
daily,KOSPI200,institution,001450,현대해상,153375,53460,-99915,7283923700,2541517600,-4742406100,KRX MDCSTAT02401_OUT
daily,KOSPI200,institution,018260,삼성에스디에스,33728,10322,-23406,7413027250,2288774750,-5124252500,KRX MDCSTAT02401_OUT
daily,KOSPI200,institution,352820,하이브,75572,42716,-32856,11811497800,6684466250,-5127031550,KRX MDCSTAT02401_OUT
daily,KOSPI200,institution,004020,현대제철,377865,217687,-160178,12413626600,7142680525,-5270946075,KRX MDCSTAT02401_OUT
daily,KOSPI200,institution,375500,DL이앤씨,140394,70408,-69986,11361853500,5703484200,-5658369300,KRX MDCSTAT02401_OUT
daily,KOSPI200,institution,004170,신세계,28538,11766,-16772,9994739250,4127550000,-5867189250,KRX MDCSTAT02401_OUT
daily,KOSPI200,institution,047050,포스코인터내셔널,184386,69669,-114717,10231256550,3869270500,-6361986050,KRX MDCSTAT02401_OUT
daily,KOSPI200,institution,012450,한화에어로스페이스,30892,23809,-7083,31785214000,24580744500,-7204469500,KRX MDCSTAT02401_OUT
daily,KOSPI200,institution,052690,한전기술,121861,64393,-57468,15933289700,8467339900,-7465949800,KRX MDCSTAT02401_OUT
daily,KOSPI200,institution,298040,효성중공업,7953,5206,-2747,22840925000,14987370000,-7853555000,KRX MDCSTAT02401_OUT
daily,KOSPI200,institution,267270,HD건설기계,99023,34194,-64829,12878614200,4480720250,-8397893950,KRX MDCSTAT02401_OUT
daily,KOSPI200,institution,093370,후성,831417,209912,-621505,11638298555,2953704210,-8684594345,KRX MDCSTAT02401_OUT
daily,KOSPI200,institution,207940,삼성바이오로직스,12264,5378,-6886,16799790500,7399893000,-9399897500,KRX MDCSTAT02401_OUT
daily,KOSPI200,institution,012330,현대모비스,62926,36780,-26146,23216971250,13647432500,-9569538750,KRX MDCSTAT02401_OUT
daily,KOSPI200,institution,082740,한화엔진,253725,49223,-204502,12162828400,2366003025,-9796825375,KRX MDCSTAT02401_OUT
daily,KOSPI200,institution,017670,SK텔레콤,218910,104549,-114361,19049072150,9121746300,-9927325850,KRX MDCSTAT02401_OUT
daily,KOSPI200,institution,010140,삼성중공업,722952,226949,-496003,14654223450,4630566500,-10023656950,KRX MDCSTAT02401_OUT
daily,KOSPI200,institution,079550,LIG디펜스앤에어로스페이스,33158,17947,-15211,22989132500,12481953000,-10507179500,KRX MDCSTAT02401_OUT
daily,KOSPI200,institution,033780,KT&G,100955,40284,-60671,17664666700,7055411800,-10609254900,KRX MDCSTAT02401_OUT
daily,KOSPI200,institution,086280,현대글로비스,75530,21051,-54479,14895496100,4165678800,-10729817300,KRX MDCSTAT02401_OUT
daily,KOSPI200,institution,010120,LS ELECTRIC,105072,48802,-56270,21628115000,10086557750,-11541557250,KRX MDCSTAT02401_OUT
daily,KOSPI200,institution,078930,GS,186340,71058,-115282,20444247250,7839013350,-12605233900,KRX MDCSTAT02401_OUT
daily,KOSPI200,institution,042660,한화오션,241745,74483,-167262,19321690200,5968005250,-13353684950,KRX MDCSTAT02401_OUT
daily,KOSPI200,institution,005490,POSCO홀딩스,76566,30613,-45953,23902614750,9595968250,-14306646500,KRX MDCSTAT02401_OUT
daily,KOSPI200,institution,000270,기아,247941,122961,-124980,28749208850,14355246300,-14393962550,KRX MDCSTAT02401_OUT
daily,KOSPI200,institution,015760,한국전력,787203,133021,-654182,23869982450,4048235950,-19821746500,KRX MDCSTAT02401_OUT
daily,KOSPI200,institution,003230,삼양식품,23309,4290,-19019,28292434500,5221250000,-23071184500,KRX MDCSTAT02401_OUT
daily,KOSPI200,institution,329180,HD현대중공업,89159,33103,-56056,39388113500,14667935500,-24720178000,KRX MDCSTAT02401_OUT
daily,KOSPI200,institution,005380,현대차,159591,85129,-74462,56675151250,30413787000,-26261364250,KRX MDCSTAT02401_OUT
daily,KOSPI200,institution,047040,대우건설,2095505,512148,-1583357,36880328580,9027662955,-27852665625,KRX MDCSTAT02401_OUT
daily,KOSPI200,institution,006400,삼성SDI,168265,81806,-86459,87334308000,42462809500,-44871498500,KRX MDCSTAT02401_OUT
daily,KOSPI200,institution,000720,현대건설,513925,140131,-373794,62809811050,17133207750,-45676603300,KRX MDCSTAT02401_OUT
daily,KOSPI200,institution,034020,두산에너빌리티,1394685,524983,-869702,114579555550,43242047650,-71337507900,KRX MDCSTAT02401_OUT
daily,KOSPI200,institution,035420,NAVER,504408,104938,-399470,99001761700,20595437950,-78406323750,KRX MDCSTAT02401_OUT
daily,KOSDAQ150,foreign,036930,주성엔지니어링,171440,299317,127877,35342797750,61842796500,26499998750,KRX MDCSTAT02401_OUT
daily,KOSDAQ150,foreign,095610,테스,27618,127660,100042,4349163250,20132759400,15783596150,KRX MDCSTAT02401_OUT
daily,KOSDAQ150,foreign,036540,SFA반도체,1116889,2489968,1373079,11690718385,25984065460,14293347075,KRX MDCSTAT02401_OUT
daily,KOSDAQ150,foreign,247540,에코프로비엠,62472,163684,101212,6560012200,17288085750,10728073550,KRX MDCSTAT02401_OUT
daily,KOSDAQ150,foreign,403870,HPSP,298735,443965,145230,16472725350,24520555900,8047830550,KRX MDCSTAT02401_OUT
daily,KOSDAQ150,foreign,298380,에이비엘바이오,116864,269335,152471,5918317250,13578383450,7660066200,KRX MDCSTAT02401_OUT
daily,KOSDAQ150,foreign,222800,심텍,191590,236987,45397,28380396650,35122628400,6742231750,KRX MDCSTAT02401_OUT
daily,KOSDAQ150,foreign,030530,원익홀딩스,1195099,1430239,235140,34958278950,41406961875,6448682925,KRX MDCSTAT02401_OUT
daily,KOSDAQ150,foreign,005290,동진쎄미켐,192306,294463,102157,8814326150,13350679450,4536353300,KRX MDCSTAT02401_OUT
daily,KOSDAQ150,foreign,196170,알테오젠,61332,77915,16583,15389065250,19550696250,4161631000,KRX MDCSTAT02401_OUT
daily,KOSDAQ150,foreign,080220,제주반도체,160064,209839,49775,12416263650,16251954950,3835691300,KRX MDCSTAT02401_OUT
daily,KOSDAQ150,foreign,257720,실리콘투,86154,182967,96813,3377070500,7155182650,3778112150,KRX MDCSTAT02401_OUT
daily,KOSDAQ150,foreign,087010,펩트론,22726,43949,21223,3294099500,6388213300,3094113800,KRX MDCSTAT02401_OUT
daily,KOSDAQ150,foreign,031980,피에스케이홀딩스,13105,30461,17356,2107675350,4898078850,2790403500,KRX MDCSTAT02401_OUT
daily,KOSDAQ150,foreign,089030,테크윙,183820,239265,55445,9051339250,11791083350,2739744100,KRX MDCSTAT02401_OUT
daily,KOSDAQ150,foreign,347850,디앤디파마텍,114224,173901,59677,5067619050,7722947400,2655328350,KRX MDCSTAT02401_OUT
daily,KOSDAQ150,foreign,183300,코미코,108503,189351,80848,3415010200,5953550825,2538540625,KRX MDCSTAT02401_OUT
daily,KOSDAQ150,foreign,226950,올릭스,29414,52027,22613,3023470350,5343056950,2319586600,KRX MDCSTAT02401_OUT
daily,KOSDAQ150,foreign,241710,코스메카코리아,14092,32361,18269,1785150950,4093601400,2308450450,KRX MDCSTAT02401_OUT
daily,KOSDAQ150,foreign,053800,안랩,34450,61072,26622,2545510800,4505011100,1959500300,KRX MDCSTAT02401_OUT
daily,KOSDAQ150,foreign,014620,성광벤드,37027,89648,52621,1144749225,2755665350,1610916125,KRX MDCSTAT02401_OUT
daily,KOSDAQ150,foreign,000250,삼천당제약,16032,24079,8047,2639305550,3969535300,1330229750,KRX MDCSTAT02401_OUT
daily,KOSDAQ150,foreign,214450,파마리서치,15662,19212,3550,5081327000,6236457500,1155130500,KRX MDCSTAT02401_OUT
daily,KOSDAQ150,foreign,086520,에코프로,76974,90036,13062,6158272800,7224366100,1066093300,KRX MDCSTAT02401_OUT
daily,KOSDAQ150,foreign,078600,대주전자재료,14190,25252,11062,1231353100,2186703950,955350850,KRX MDCSTAT02401_OUT
daily,KOSDAQ150,foreign,399720,가온칩스,36679,55888,19209,1732695750,2647824700,915128950,KRX MDCSTAT02401_OUT
daily,KOSDAQ150,foreign,096530,씨젠,47056,71720,24664,1604566725,2444513125,839946400,KRX MDCSTAT02401_OUT
daily,KOSDAQ150,foreign,042000,카페24,274821,326609,51788,4864459590,5698603735,834144145,KRX MDCSTAT02401_OUT
daily,KOSDAQ150,foreign,060370,LS마린솔루션,33805,54612,20807,1126164100,1820615475,694451375,KRX MDCSTAT02401_OUT
daily,KOSDAQ150,foreign,124500,아이티센글로벌,16128,39427,23299,479141025,1172645300,693504275,KRX MDCSTAT02401_OUT
daily,KOSDAQ150,foreign,445680,큐리옥스바이오시스템즈,14198,28138,13940,691207700,1373155200,681947500,KRX MDCSTAT02401_OUT
daily,KOSDAQ150,foreign,251970,펌텍코리아,12819,23292,10473,737094900,1332991300,595896400,KRX MDCSTAT02401_OUT
daily,KOSDAQ150,foreign,006730,서부T&D,34477,89626,55149,365601700,949829595,584227895,KRX MDCSTAT02401_OUT
daily,KOSDAQ150,foreign,161580,필옵틱스,44833,61470,16637,1467720125,2010183400,542463275,KRX MDCSTAT02401_OUT
daily,KOSDAQ150,foreign,003380,하림지주,50521,98983,48462,555281505,1092710650,537429145,KRX MDCSTAT02401_OUT
daily,KOSDAQ150,foreign,039030,이오테크닉스,24713,25857,1144,11781642500,12315703250,534060750,KRX MDCSTAT02401_OUT
daily,KOSDAQ150,foreign,035900,JYP Ent.,37480,51008,13528,1412787750,1925425800,512638050,KRX MDCSTAT02401_OUT
daily,KOSDAQ150,foreign,074600,원익QnC,37184,54601,17417,1088114000,1597552100,509438100,KRX MDCSTAT02401_OUT
daily,KOSDAQ150,foreign,141080,리가켐바이오,36111,42179,6068,2917939200,3413164600,495225400,KRX MDCSTAT02401_OUT
daily,KOSDAQ150,foreign,030520,한컴,27587,52354,24767,466098530,888522610,422424080,KRX MDCSTAT02401_OUT
daily,KOSDAQ150,foreign,036830,솔브레인홀딩스,19785,29856,10071,797914725,1206126125,408211400,KRX MDCSTAT02401_OUT
daily,KOSDAQ150,foreign,098460,고영,185525,199141,13616,5407076850,5814677000,407600150,KRX MDCSTAT02401_OUT
daily,KOSDAQ150,foreign,0009K0,에임드바이오,28223,47186,18963,599851850,1003242750,403390900,KRX MDCSTAT02401_OUT
daily,KOSDAQ150,foreign,237690,에스티팜,12481,16547,4066,1136026650,1504792950,368766300,KRX MDCSTAT02401_OUT
daily,KOSDAQ150,foreign,358570,지아이이노베이션,47817,87803,39986,425617810,779707215,354089405,KRX MDCSTAT02401_OUT
daily,KOSDAQ150,foreign,214370,케어젠,22203,31035,8832,886060350,1240054650,353994300,KRX MDCSTAT02401_OUT
daily,KOSDAQ150,foreign,032190,다우데이타,9061,25460,16399,179701265,505555920,325854655,KRX MDCSTAT02401_OUT
daily,KOSDAQ150,foreign,078340,컴투스,13251,22629,9378,460274150,785818725,325544575,KRX MDCSTAT02401_OUT
daily,KOSDAQ150,foreign,290650,엘앤씨바이오,21457,27878,6421,1007911025,1312350575,304439550,KRX MDCSTAT02401_OUT
daily,KOSDAQ150,foreign,293490,카카오게임즈,75005,108752,33747,683563235,982140260,298577025,KRX MDCSTAT02401_OUT
daily,KOSDAQ150,foreign,048410,현대바이오,129143,171411,42268,887463935,1176843750,289379815,KRX MDCSTAT02401_OUT
daily,KOSDAQ150,foreign,082270,젬백스,33210,58744,25534,351762040,624280815,272518775,KRX MDCSTAT02401_OUT
daily,KOSDAQ150,foreign,122870,와이지엔터테인먼트,23742,30064,6322,1022038675,1293052850,271014175,KRX MDCSTAT02401_OUT
daily,KOSDAQ150,foreign,025320,시노펙스,94910,163870,68960,358238056,618783735,260545679,KRX MDCSTAT02401_OUT
daily,KOSDAQ150,foreign,263750,펄어비스,32766,40202,7436,1110391050,1360761000,250369950,KRX MDCSTAT02401_OUT
daily,KOSDAQ150,foreign,178320,서진시스템,227761,235970,8209,7285445500,7533098875,247653375,KRX MDCSTAT02401_OUT
daily,KOSDAQ150,foreign,032500,케이엠더블유,51727,62251,10524,1009505390,1215971530,206466140,KRX MDCSTAT02401_OUT
daily,KOSDAQ150,foreign,052400,코나아이,10534,15324,4790,392215200,568871275,176656075,KRX MDCSTAT02401_OUT
daily,KOSDAQ150,foreign,085660,차바이오텍,45468,67651,22183,359046090,534338060,175291970,KRX MDCSTAT02401_OUT
daily,KOSDAQ150,foreign,171090,선익시스템,10504,12964,2460,728265100,903089500,174824400,KRX MDCSTAT02401_OUT
daily,KOSDAQ150,foreign,253590,네오셈,685089,695301,10212,9647447315,9812261060,164813745,KRX MDCSTAT02401_OUT
daily,KOSDAQ150,foreign,060250,NHN KCP,35438,45451,10013,468784905,600658015,131873110,KRX MDCSTAT02401_OUT
daily,KOSDAQ150,foreign,211050,인카금융서비스,11794,24425,12631,117081700,242257650,125175950,KRX MDCSTAT02401_OUT
daily,KOSDAQ150,foreign,112040,위메이드,19633,27281,7648,297259740,413202625,115942885,KRX MDCSTAT02401_OUT
daily,KOSDAQ150,foreign,278280,천보,7823,10985,3162,271018550,380864850,109846300,KRX MDCSTAT02401_OUT
daily,KOSDAQ150,foreign,056190,SFA,23525,27097,3572,660083975,760318850,100234875,KRX MDCSTAT02401_OUT
daily,KOSDAQ150,foreign,376300,디어유,14136,19749,5613,239476930,334445040,94968110,KRX MDCSTAT02401_OUT
daily,KOSDAQ150,foreign,039200,오스코텍,30425,32604,2179,1088264650,1164159800,75895150,KRX MDCSTAT02401_OUT
daily,KOSDAQ150,foreign,068760,셀트리온제약,12290,14101,1811,478150575,549312400,71161825,KRX MDCSTAT02401_OUT
daily,KOSDAQ150,foreign,215200,메가스터디교육,79788,81600,1812,2896019950,2963172850,67152900,KRX MDCSTAT02401_OUT
daily,KOSDAQ150,foreign,295310,에이치브이엠,75797,77483,1686,4720053950,4783068600,63014650,KRX MDCSTAT02401_OUT
daily,KOSDAQ150,foreign,069080,웹젠,18127,23715,5588,204272960,267084760,62811800,KRX MDCSTAT02401_OUT
daily,KOSDAQ150,foreign,253450,스튜디오드래곤,8815,11611,2796,179068350,236169350,57101000,KRX MDCSTAT02401_OUT
daily,KOSDAQ150,foreign,065350,신성델타테크,19053,20794,1741,593918000,648002225,54084225,KRX MDCSTAT02401_OUT
daily,KOSDAQ150,foreign,213420,덕산네오룩스,36269,37970,1701,1052054000,1100830400,48776400,KRX MDCSTAT02401_OUT
daily,KOSDAQ150,foreign,194480,데브시스터즈,6249,9473,3224,89320230,135317910,45997680,KRX MDCSTAT02401_OUT
daily,KOSDAQ150,foreign,352480,씨앤씨인터내셔널,3066,3627,561,67890250,79768400,11878150,KRX MDCSTAT02401_OUT
daily,KOSDAQ150,foreign,036620,감성코퍼레이션,55995,55982,-13,207136335,207597395,461060,KRX MDCSTAT02401_OUT
daily,KOSDAQ150,foreign,067160,SOOP,20363,19818,-545,744242025,724569925,-19672100,KRX MDCSTAT02401_OUT
daily,KOSDAQ150,foreign,025900,동화기업,8177,5094,-3083,55161330,34355430,-20805900,KRX MDCSTAT02401_OUT
daily,KOSDAQ150,foreign,131290,티에스이,12514,12440,-74,3596972250,3564599250,-32373000,KRX MDCSTAT02401_OUT
daily,KOSDAQ150,foreign,214150,클래시스,25220,24102,-1118,773572650,739408125,-34164525,KRX MDCSTAT02401_OUT
daily,KOSDAQ150,foreign,015750,성우하이텍,35743,28068,-7675,206711280,162460160,-44251120,KRX MDCSTAT02401_OUT
daily,KOSDAQ150,foreign,348210,넥스틴,15341,13563,-1778,507667750,449184350,-58483400,KRX MDCSTAT02401_OUT
daily,KOSDAQ150,foreign,272290,이녹스첨단소재,32221,28441,-3780,674730025,595432500,-79297525,KRX MDCSTAT02401_OUT
daily,KOSDAQ150,foreign,067310,하나마이크론,562374,561326,-1048,25808210475,25728350800,-79859675,KRX MDCSTAT02401_OUT
daily,KOSDAQ150,foreign,038500,삼표시멘트,75034,60986,-14048,499257435,406799310,-92458125,KRX MDCSTAT02401_OUT
daily,KOSDAQ150,foreign,101730,위메이드맥스,35867,15286,-20581,166858915,70898377,-95960538,KRX MDCSTAT02401_OUT
daily,KOSDAQ150,foreign,095660,네오위즈,14874,9057,-5817,265558825,161668120,-103890705,KRX MDCSTAT02401_OUT
daily,KOSDAQ150,foreign,388720,유일로보틱스,5385,2969,-2416,372447100,205312800,-167134300,KRX MDCSTAT02401_OUT
daily,KOSDAQ150,foreign,036810,에프에스티,44459,37649,-6810,1373791800,1160918525,-212873275,KRX MDCSTAT02401_OUT
daily,KOSDAQ150,foreign,018290,브이티,56933,35040,-21893,638880695,394408410,-244472285,KRX MDCSTAT02401_OUT
daily,KOSDAQ150,foreign,009520,포스코엠텍,36588,16011,-20577,450935010,197310690,-253624320,KRX MDCSTAT02401_OUT
daily,KOSDAQ150,foreign,281740,레이크머티리얼즈,95287,70634,-24653,1015583370,754169900,-261413470,KRX MDCSTAT02401_OUT
daily,KOSDAQ150,foreign,033500,동성화인텍,28290,11065,-17225,453062670,176795590,-276267080,KRX MDCSTAT02401_OUT
daily,KOSDAQ150,foreign,033100,제룡전기,18558,12532,-6026,883450325,595666200,-287784125,KRX MDCSTAT02401_OUT
daily,KOSDAQ150,foreign,100790,미래에셋벤처투자,150380,132625,-17755,2662843820,2365442395,-297401425,KRX MDCSTAT02401_OUT
daily,KOSDAQ150,foreign,007390,네이처셀,39645,27331,-12314,976935475,676143825,-300791650,KRX MDCSTAT02401_OUT
daily,KOSDAQ150,foreign,225570,넥슨게임즈,41974,13472,-28502,458080830,146580580,-311500250,KRX MDCSTAT02401_OUT
daily,KOSDAQ150,foreign,035760,CJ ENM,24989,16769,-8220,966459575,648601150,-317858425,KRX MDCSTAT02401_OUT
daily,KOSDAQ150,foreign,137400,피엔티,29262,18070,-11192,841137400,519379625,-321757775,KRX MDCSTAT02401_OUT
daily,KOSDAQ150,foreign,166090,하나머티리얼즈,44848,39038,-5810,2618097950,2274291100,-343806850,KRX MDCSTAT02401_OUT
daily,KOSDAQ150,foreign,060280,큐렉소,74669,28392,-46277,586870910,222491350,-364379560,KRX MDCSTAT02401_OUT
daily,KOSDAQ150,foreign,041510,에스엠,37037,32382,-4655,3046359800,2670536300,-375823500,KRX MDCSTAT02401_OUT
daily,KOSDAQ150,foreign,475830,오름테라퓨틱,192135,175049,-17086,4909184575,4524326250,-384858325,KRX MDCSTAT02401_OUT
daily,KOSDAQ150,foreign,420770,기가비스,33390,30160,-3230,4077537200,3667805950,-409731250,KRX MDCSTAT02401_OUT
daily,KOSDAQ150,foreign,214430,아이쓰리시스템,12034,5513,-6521,829675100,379822500,-449852600,KRX MDCSTAT02401_OUT
daily,KOSDAQ150,foreign,090360,로보스타,26845,20842,-6003,2131587200,1656436200,-475151000,KRX MDCSTAT02401_OUT
daily,KOSDAQ150,foreign,121600,나노신소재,19504,10061,-9443,1011822100,521527950,-490294150,KRX MDCSTAT02401_OUT
daily,KOSDAQ150,foreign,348370,엔켐,44412,17501,-26911,888070980,351057205,-537013775,KRX MDCSTAT02401_OUT
daily,KOSDAQ150,foreign,195940,HK이노엔,40983,22939,-18044,1589269325,889426100,-699843225,KRX MDCSTAT02401_OUT
daily,KOSDAQ150,foreign,189300,인텔리안테크,24809,14313,-10496,1719460850,987892500,-731568350,KRX MDCSTAT02401_OUT
daily,KOSDAQ150,foreign,328130,루닛,253368,177902,-75466,2504475380,1767551460,-736923920,KRX MDCSTAT02401_OUT
daily,KOSDAQ150,foreign,082920,비츠로셀,80180,50618,-29562,2258514500,1421897675,-836616825,KRX MDCSTAT02401_OUT
daily,KOSDAQ150,foreign,050890,쏠리드,387831,299446,-88385,3737485475,2890980495,-846504980,KRX MDCSTAT02401_OUT
daily,KOSDAQ150,foreign,417200,LS머트리얼즈,219076,149145,-69931,2944936740,2004557230,-940379510,KRX MDCSTAT02401_OUT
daily,KOSDAQ150,foreign,099320,쎄트렉아이,28302,16118,-12184,2201451750,1255442450,-946009300,KRX MDCSTAT02401_OUT
daily,KOSDAQ150,foreign,041190,우리기술투자,424295,254558,-169737,2555621005,1516139060,-1039481945,KRX MDCSTAT02401_OUT
daily,KOSDAQ150,foreign,140860,파크시스템스,32220,27833,-4387,8523949500,7361269750,-1162679750,KRX MDCSTAT02401_OUT
daily,KOSDAQ150,foreign,101490,에스앤에스텍,77872,50849,-27023,3401427475,2224840350,-1176587125,KRX MDCSTAT02401_OUT
daily,KOSDAQ150,foreign,310210,보로노이,23163,14935,-8228,3383665100,2181821900,-1201843200,KRX MDCSTAT02401_OUT
daily,KOSDAQ150,foreign,145020,휴젤,19687,11897,-7790,3709842250,2248286200,-1461556050,KRX MDCSTAT02401_OUT
daily,KOSDAQ150,foreign,323280,태성,95625,61561,-34064,4376142225,2847110175,-1529032050,KRX MDCSTAT02401_OUT
daily,KOSDAQ150,foreign,056080,유진로봇,173689,45707,-127982,2118832100,565950350,-1552881750,KRX MDCSTAT02401_OUT
daily,KOSDAQ150,foreign,032820,우리기술,632474,497718,-134756,8229868690,6486146590,-1743722100,KRX MDCSTAT02401_OUT
daily,KOSDAQ150,foreign,125490,한라캐스트,383269,236706,-146563,4751112755,2971547150,-1779565605,KRX MDCSTAT02401_OUT
daily,KOSDAQ150,foreign,043260,성호전자,490090,422062,-68028,12811057125,10976294600,-1834762525,KRX MDCSTAT02401_OUT
daily,KOSDAQ150,foreign,466100,클로봇,114576,35028,-79548,2656103800,814986400,-1841117400,KRX MDCSTAT02401_OUT
daily,KOSDAQ150,foreign,025980,아난티,719493,342540,-376953,3730652945,1787559495,-1943093450,KRX MDCSTAT02401_OUT
daily,KOSDAQ150,foreign,084370,유진테크,119117,107104,-12013,18990613950,16991141800,-1999472150,KRX MDCSTAT02401_OUT
daily,KOSDAQ150,foreign,437730,삼현,106409,68515,-37894,5690525800,3601974600,-2088551200,KRX MDCSTAT02401_OUT
daily,KOSDAQ150,foreign,232140,와이씨,637923,485386,-152537,9108664050,6916232470,-2192431580,KRX MDCSTAT02401_OUT
daily,KOSDAQ150,foreign,218410,RFHIC,97819,53706,-44113,5751025950,3149553050,-2601472900,KRX MDCSTAT02401_OUT
daily,KOSDAQ150,foreign,090710,휴림로봇,893538,464140,-429398,5841559025,3097036220,-2744522805,KRX MDCSTAT02401_OUT
daily,KOSDAQ150,foreign,064760,티씨케이,21727,10551,-11176,6158296000,2942765500,-3215530500,KRX MDCSTAT02401_OUT
daily,KOSDAQ150,foreign,058610,에스피지,101319,68117,-33202,10379924550,6950809550,-3429115000,KRX MDCSTAT02401_OUT
daily,KOSDAQ150,foreign,095340,ISC,58990,42135,-16855,12375551500,8817640000,-3557911500,KRX MDCSTAT02401_OUT
daily,KOSDAQ150,foreign,131970,두산테스나,75124,36788,-38336,6990401600,3410210550,-3580191050,KRX MDCSTAT02401_OUT
daily,KOSDAQ150,foreign,204270,제이앤티씨,286998,123567,-163431,6989228300,3017612450,-3971615850,KRX MDCSTAT02401_OUT
daily,KOSDAQ150,foreign,028300,HLB,305491,166712,-138779,9412398425,5141154075,-4271244350,KRX MDCSTAT02401_OUT
daily,KOSDAQ150,foreign,319400,현대무벡스,270369,50591,-219778,5724502575,1076645400,-4647857175,KRX MDCSTAT02401_OUT
daily,KOSDAQ150,foreign,277810,레인보우로보틱스,24461,8496,-15965,10701474750,3727769500,-6973705250,KRX MDCSTAT02401_OUT
daily,KOSDAQ150,foreign,089970,브이엠,391839,213763,-178076,24190314050,13171169800,-11019144250,KRX MDCSTAT02401_OUT
daily,KOSDAQ150,foreign,083650,비에이치아이,229993,47909,-182084,13988268550,2888793200,-11099475350,KRX MDCSTAT02401_OUT
daily,KOSDAQ150,foreign,108490,로보티즈,76902,39966,-36936,23324593000,12161309250,-11163283750,KRX MDCSTAT02401_OUT
daily,KOSDAQ150,foreign,240810,원익IPS,641591,482274,-159317,87184624050,66032621000,-21152003050,KRX MDCSTAT02401_OUT
daily,KOSDAQ150,foreign,058470,리노공업,1015516,266227,-749289,74925269650,19607030000,-55318239650,KRX MDCSTAT02401_OUT
daily,KOSDAQ150,institution,089970,브이엠,139998,334695,194697,8650460500,20719131350,12068670850,KRX MDCSTAT02401_OUT
daily,KOSDAQ150,institution,058470,리노공업,166618,308660,142042,12275111050,22834895400,10559784350,KRX MDCSTAT02401_OUT
daily,KOSDAQ150,institution,036930,주성엔지니어링,54310,100685,46375,11181096500,20909602500,9728506000,KRX MDCSTAT02401_OUT
daily,KOSDAQ150,institution,084370,유진테크,57087,107960,50873,9067028450,17288024100,8220995650,KRX MDCSTAT02401_OUT
daily,KOSDAQ150,institution,064760,티씨케이,13009,32095,19086,3655324000,9114315250,5458991250,KRX MDCSTAT02401_OUT
daily,KOSDAQ150,institution,295310,에이치브이엠,24604,98633,74029,1525365350,6177864300,4652498950,KRX MDCSTAT02401_OUT
daily,KOSDAQ150,institution,095340,ISC,28509,50145,21636,5970987500,10530860250,4559872750,KRX MDCSTAT02401_OUT
daily,KOSDAQ150,institution,140860,파크시스템스,4782,17688,12906,1263347500,4682702500,3419355000,KRX MDCSTAT02401_OUT
daily,KOSDAQ150,institution,005290,동진쎄미켐,77978,144878,66900,3550504275,6625858275,3075354000,KRX MDCSTAT02401_OUT
daily,KOSDAQ150,institution,403870,HPSP,142677,192337,49660,7857708450,10623530200,2765821750,KRX MDCSTAT02401_OUT
daily,KOSDAQ150,institution,058610,에스피지,15875,42483,26608,1600027500,4301834250,2701806750,KRX MDCSTAT02401_OUT
daily,KOSDAQ150,institution,053800,안랩,4747,28516,23769,352166400,2117537650,1765371250,KRX MDCSTAT02401_OUT
daily,KOSDAQ150,institution,420770,기가비스,17794,29869,12075,2161460050,3641426550,1479966500,KRX MDCSTAT02401_OUT
daily,KOSDAQ150,institution,189300,인텔리안테크,8326,20677,12351,575236000,1437474850,862238850,KRX MDCSTAT02401_OUT
daily,KOSDAQ150,institution,121600,나노신소재,8068,24576,16508,418367000,1273867100,855500100,KRX MDCSTAT02401_OUT
daily,KOSDAQ150,institution,195940,HK이노엔,17569,38443,20874,681127375,1491498300,810370925,KRX MDCSTAT02401_OUT
daily,KOSDAQ150,institution,225570,넥슨게임즈,12536,63407,50871,136405190,692628020,556222830,KRX MDCSTAT02401_OUT
daily,KOSDAQ150,institution,082920,비츠로셀,50201,69656,19455,1402106300,1946187600,544081300,KRX MDCSTAT02401_OUT
daily,KOSDAQ150,institution,099320,쎄트렉아이,2709,8437,5728,210131300,658635950,448504650,KRX MDCSTAT02401_OUT
daily,KOSDAQ150,institution,328130,루닛,20112,62894,42782,198905725,622342800,423437075,KRX MDCSTAT02401_OUT
daily,KOSDAQ150,institution,166090,하나머티리얼즈,17834,24406,6572,1040579850,1423991350,383411500,KRX MDCSTAT02401_OUT
daily,KOSDAQ150,institution,036830,솔브레인홀딩스,9379,18459,9080,377650800,754017650,376366850,KRX MDCSTAT02401_OUT
daily,KOSDAQ150,institution,310210,보로노이,9930,12412,2482,1450000400,1815056600,365056200,KRX MDCSTAT02401_OUT
daily,KOSDAQ150,institution,003380,하림지주,63972,94099,30127,704035035,1038415300,334380265,KRX MDCSTAT02401_OUT
daily,KOSDAQ150,institution,036810,에프에스티,16097,21829,5732,495794100,673628175,177834075,KRX MDCSTAT02401_OUT
daily,KOSDAQ150,institution,214430,아이쓰리시스템,1772,3882,2110,122111800,268491900,146380100,KRX MDCSTAT02401_OUT
daily,KOSDAQ150,institution,000250,삼천당제약,12817,13395,578,2107375300,2206233000,98857700,KRX MDCSTAT02401_OUT
daily,KOSDAQ150,institution,042000,카페24,6224,11514,5290,108589505,204424700,95835195,KRX MDCSTAT02401_OUT
daily,KOSDAQ150,institution,050890,쏠리드,20439,29600,9161,196092630,286343430,90250800,KRX MDCSTAT02401_OUT
daily,KOSDAQ150,institution,215200,메가스터디교육,7013,8909,1896,254775900,325314150,70538250,KRX MDCSTAT02401_OUT
daily,KOSDAQ150,institution,352480,씨앤씨인터내셔널,1695,4712,3017,37224400,104492250,67267850,KRX MDCSTAT02401_OUT
daily,KOSDAQ150,institution,399720,가온칩스,12243,13210,967,581391625,626930275,45538650,KRX MDCSTAT02401_OUT
daily,KOSDAQ150,institution,171090,선익시스템,4222,4777,555,294136800,333157700,39020900,KRX MDCSTAT02401_OUT
daily,KOSDAQ150,institution,253590,네오셈,27605,29717,2112,381107830,413306485,32198655,KRX MDCSTAT02401_OUT
daily,KOSDAQ150,institution,112040,위메이드,15783,16646,863,238763990,252017620,13253630,KRX MDCSTAT02401_OUT
daily,KOSDAQ150,institution,095660,네오위즈,6989,7564,575,124743710,135186670,10442960,KRX MDCSTAT02401_OUT
daily,KOSDAQ150,institution,090360,로보스타,2082,1920,-162,164323800,153500100,-10823700,KRX MDCSTAT02401_OUT
daily,KOSDAQ150,institution,069080,웹젠,23014,21925,-1089,259037970,246938630,-12099340,KRX MDCSTAT02401_OUT
daily,KOSDAQ150,institution,036620,감성코퍼레이션,26241,20224,-6017,97135675,75200377,-21935298,KRX MDCSTAT02401_OUT
daily,KOSDAQ150,institution,038500,삼표시멘트,29015,25531,-3484,193604045,169941740,-23662305,KRX MDCSTAT02401_OUT
daily,KOSDAQ150,institution,067160,SOOP,4430,3742,-688,162023700,136850700,-25173000,KRX MDCSTAT02401_OUT
daily,KOSDAQ150,institution,101730,위메이드맥스,6498,1006,-5492,30123910,4686155,-25437755,KRX MDCSTAT02401_OUT
daily,KOSDAQ150,institution,194480,데브시스터즈,3904,1975,-1929,55786380,28274960,-27511420,KRX MDCSTAT02401_OUT
daily,KOSDAQ150,institution,253450,스튜디오드래곤,8838,7377,-1461,179534525,150130000,-29404525,KRX MDCSTAT02401_OUT
daily,KOSDAQ150,institution,358570,지아이이노베이션,19740,15909,-3831,175576300,141673415,-33902885,KRX MDCSTAT02401_OUT
daily,KOSDAQ150,institution,025900,동화기업,6895,1527,-5368,46350350,10304870,-36045480,KRX MDCSTAT02401_OUT
daily,KOSDAQ150,institution,281740,레이크머티리얼즈,20832,16998,-3834,222087320,181306360,-40780960,KRX MDCSTAT02401_OUT
daily,KOSDAQ150,institution,388720,유일로보틱스,1890,1208,-682,130292500,84076600,-46215900,KRX MDCSTAT02401_OUT
daily,KOSDAQ150,institution,009520,포스코엠텍,17173,12572,-4601,211871105,155275790,-56595315,KRX MDCSTAT02401_OUT
daily,KOSDAQ150,institution,068760,셀트리온제약,9799,8316,-1483,381415425,323845050,-57570375,KRX MDCSTAT02401_OUT
daily,KOSDAQ150,institution,030520,한컴,62324,59040,-3284,1054779690,996278640,-58501050,KRX MDCSTAT02401_OUT
daily,KOSDAQ150,institution,060280,큐렉소,9942,1967,-7975,78318715,15410820,-62907895,KRX MDCSTAT02401_OUT
daily,KOSDAQ150,institution,025320,시노펙스,25163,7934,-17229,94947805,29995130,-64952675,KRX MDCSTAT02401_OUT
daily,KOSDAQ150,institution,033100,제룡전기,6805,5312,-1493,323311550,253008225,-70303325,KRX MDCSTAT02401_OUT
daily,KOSDAQ150,institution,125490,한라캐스트,7657,1784,-5873,93942330,21880350,-72061980,KRX MDCSTAT02401_OUT
daily,KOSDAQ150,institution,082270,젬백스,12889,5744,-7145,136536590,61196110,-75340480,KRX MDCSTAT02401_OUT
daily,KOSDAQ150,institution,060250,NHN KCP,7432,1541,-5891,98107660,20406430,-77701230,KRX MDCSTAT02401_OUT
daily,KOSDAQ150,institution,348210,넥스틴,5144,2735,-2409,170052700,90662850,-79389850,KRX MDCSTAT02401_OUT
daily,KOSDAQ150,institution,100790,미래에셋벤처투자,6052,1559,-4493,107227640,27735810,-79491830,KRX MDCSTAT02401_OUT
daily,KOSDAQ150,institution,041190,우리기술투자,17228,3767,-13461,103413560,22712460,-80701100,KRX MDCSTAT02401_OUT
daily,KOSDAQ150,institution,033500,동성화인텍,6488,1045,-5443,103885545,16750540,-87135005,KRX MDCSTAT02401_OUT
daily,KOSDAQ150,institution,348370,엔켐,8151,3746,-4405,163105835,75288290,-87817545,KRX MDCSTAT02401_OUT
daily,KOSDAQ150,institution,214370,케어젠,8035,5805,-2230,320577100,232191300,-88385800,KRX MDCSTAT02401_OUT
daily,KOSDAQ150,institution,272290,이녹스첨단소재,11096,6747,-4349,232294075,141284500,-91009575,KRX MDCSTAT02401_OUT
daily,KOSDAQ150,institution,278280,천보,3552,861,-2691,123031450,29834450,-93197000,KRX MDCSTAT02401_OUT
daily,KOSDAQ150,institution,015750,성우하이텍,20052,3836,-16216,116041680,22206190,-93835490,KRX MDCSTAT02401_OUT
daily,KOSDAQ150,institution,466100,클로봇,9025,4120,-4905,209226500,96583350,-112643150,KRX MDCSTAT02401_OUT
daily,KOSDAQ150,institution,204270,제이앤티씨,6790,1605,-5185,164849825,38737500,-126112325,KRX MDCSTAT02401_OUT
daily,KOSDAQ150,institution,048410,현대바이오,77355,58788,-18567,530194600,401542780,-128651820,KRX MDCSTAT02401_OUT
daily,KOSDAQ150,institution,323280,태성,10921,7992,-2929,501313150,368544450,-132768700,KRX MDCSTAT02401_OUT
daily,KOSDAQ150,institution,035900,JYP Ent.,16797,13237,-3560,633972800,499702300,-134270500,KRX MDCSTAT02401_OUT
daily,KOSDAQ150,institution,085660,차바이오텍,23433,6364,-17069,184650790,50320390,-134330400,KRX MDCSTAT02401_OUT
daily,KOSDAQ150,institution,056190,SFA,15487,10638,-4849,435317725,298818600,-136499125,KRX MDCSTAT02401_OUT
daily,KOSDAQ150,institution,032500,케이엠더블유,11148,4033,-7115,217507490,78780460,-138727030,KRX MDCSTAT02401_OUT
daily,KOSDAQ150,institution,161580,필옵틱스,6274,1861,-4413,204626600,60715350,-143911250,KRX MDCSTAT02401_OUT
daily,KOSDAQ150,institution,124500,아이티센글로벌,5876,930,-4946,174567000,27643325,-146923675,KRX MDCSTAT02401_OUT
daily,KOSDAQ150,institution,376300,디어유,10776,877,-9899,182050955,14840330,-167210625,KRX MDCSTAT02401_OUT
daily,KOSDAQ150,institution,056080,유진로봇,21817,7863,-13954,265669650,97032980,-168636670,KRX MDCSTAT02401_OUT
daily,KOSDAQ150,institution,137400,피엔티,13081,6831,-6250,376494150,196800800,-179693350,KRX MDCSTAT02401_OUT
daily,KOSDAQ150,institution,319400,현대무벡스,31524,22420,-9104,663898250,475139025,-188759225,KRX MDCSTAT02401_OUT
daily,KOSDAQ150,institution,035760,CJ ENM,16676,11521,-5155,644796850,446289225,-198507625,KRX MDCSTAT02401_OUT
daily,KOSDAQ150,institution,065350,신성델타테크,7837,1373,-6464,243684650,42937250,-200747400,KRX MDCSTAT02401_OUT
daily,KOSDAQ150,institution,090710,휴림로봇,42010,9939,-32071,270094660,63695220,-206399440,KRX MDCSTAT02401_OUT
daily,KOSDAQ150,institution,445680,큐리옥스바이오시스템즈,5312,1004,-4308,256327000,49126600,-207200400,KRX MDCSTAT02401_OUT
daily,KOSDAQ150,institution,060370,LS마린솔루션,59469,53059,-6410,1977328000,1763894200,-213433800,KRX MDCSTAT02401_OUT
daily,KOSDAQ150,institution,213420,덕산네오룩스,35155,27631,-7524,1018062025,803471550,-214590475,KRX MDCSTAT02401_OUT
daily,KOSDAQ150,institution,475830,오름테라퓨틱,20607,11647,-8960,524592775,297867825,-226724950,KRX MDCSTAT02401_OUT
daily,KOSDAQ150,institution,0009K0,에임드바이오,20182,9033,-11149,428799250,192153000,-236646250,KRX MDCSTAT02401_OUT
daily,KOSDAQ150,institution,025980,아난티,52892,4987,-47905,274328650,26107460,-248221190,KRX MDCSTAT02401_OUT
daily,KOSDAQ150,institution,211050,인카금융서비스,27421,2299,-25122,272032910,22893590,-249139320,KRX MDCSTAT02401_OUT
daily,KOSDAQ150,institution,214150,클래시스,18898,10436,-8462,579178950,320249250,-258929700,KRX MDCSTAT02401_OUT
daily,KOSDAQ150,institution,007390,네이처셀,20013,8566,-11447,493614450,211580500,-282033950,KRX MDCSTAT02401_OUT
daily,KOSDAQ150,institution,032190,다우데이타,18815,4532,-14283,373534385,90011550,-283522835,KRX MDCSTAT02401_OUT
daily,KOSDAQ150,institution,018290,브이티,27605,1202,-26403,309055250,13495340,-295559910,KRX MDCSTAT02401_OUT
daily,KOSDAQ150,institution,043260,성호전자,257796,246306,-11490,6684064400,6385891050,-298173350,KRX MDCSTAT02401_OUT
daily,KOSDAQ150,institution,347850,디앤디파마텍,22441,15474,-6967,991656650,685777475,-305879175,KRX MDCSTAT02401_OUT
daily,KOSDAQ150,institution,078340,컴투스,22976,12395,-10581,797577725,430831550,-366746175,KRX MDCSTAT02401_OUT
daily,KOSDAQ150,institution,101490,에스앤에스텍,14362,4918,-9444,626488775,214758700,-411730075,KRX MDCSTAT02401_OUT
daily,KOSDAQ150,institution,417200,LS머트리얼즈,120677,89643,-31034,1619858470,1204769490,-415088980,KRX MDCSTAT02401_OUT
daily,KOSDAQ150,institution,277810,레인보우로보틱스,5773,4628,-1145,2517586750,2025365000,-492221750,KRX MDCSTAT02401_OUT
daily,KOSDAQ150,institution,087010,펩트론,11948,8523,-3425,1731307900,1237628800,-493679100,KRX MDCSTAT02401_OUT
daily,KOSDAQ150,institution,074600,원익QnC,89275,72239,-17036,2607750325,2111368200,-496382125,KRX MDCSTAT02401_OUT
daily,KOSDAQ150,institution,030530,원익홀딩스,71235,53911,-17324,2070542775,1554475125,-516067650,KRX MDCSTAT02401_OUT
daily,KOSDAQ150,institution,039200,오스코텍,32296,16563,-15733,1150870500,592231600,-558638900,KRX MDCSTAT02401_OUT
daily,KOSDAQ150,institution,178320,서진시스템,34515,16724,-17791,1100999325,534546125,-566453200,KRX MDCSTAT02401_OUT
daily,KOSDAQ150,institution,214450,파마리서치,12076,10291,-1785,3919489000,3341114750,-578374250,KRX MDCSTAT02401_OUT
daily,KOSDAQ150,institution,251970,펌텍코리아,25891,15372,-10519,1482264100,885020400,-597243700,KRX MDCSTAT02401_OUT
daily,KOSDAQ150,institution,145020,휴젤,5492,2139,-3353,1035805900,403504500,-632301400,KRX MDCSTAT02401_OUT
daily,KOSDAQ150,institution,052400,코나아이,22492,4903,-17589,832439700,183065350,-649374350,KRX MDCSTAT02401_OUT
daily,KOSDAQ150,institution,437730,삼현,22173,9573,-12600,1161814400,501433950,-660380450,KRX MDCSTAT02401_OUT
daily,KOSDAQ150,institution,290650,엘앤씨바이오,17197,2126,-15071,808426000,99968200,-708457800,KRX MDCSTAT02401_OUT
daily,KOSDAQ150,institution,237690,에스티팜,20380,12236,-8144,1850590650,1114667050,-735923600,KRX MDCSTAT02401_OUT
daily,KOSDAQ150,institution,293490,카카오게임즈,118709,36497,-82212,1067155935,328795040,-738360895,KRX MDCSTAT02401_OUT
daily,KOSDAQ150,institution,096530,씨젠,39381,17560,-21821,1341399250,598192525,-743206725,KRX MDCSTAT02401_OUT
daily,KOSDAQ150,institution,080220,제주반도체,41954,32039,-9915,3239496450,2477222450,-762274000,KRX MDCSTAT02401_OUT
daily,KOSDAQ150,institution,263750,펄어비스,38007,14662,-23345,1285710000,498344400,-787365600,KRX MDCSTAT02401_OUT
daily,KOSDAQ150,institution,098460,고영,47665,19895,-27770,1388439375,580818850,-807620525,KRX MDCSTAT02401_OUT
daily,KOSDAQ150,institution,218410,RFHIC,55128,40430,-14698,3237076400,2372316200,-864760200,KRX MDCSTAT02401_OUT
daily,KOSDAQ150,institution,095610,테스,30977,25247,-5730,4880486400,3977668700,-902817700,KRX MDCSTAT02401_OUT
daily,KOSDAQ150,institution,039030,이오테크닉스,27206,25231,-1975,12965916250,12049922750,-915993500,KRX MDCSTAT02401_OUT
daily,KOSDAQ150,institution,006730,서부T&D,122476,20596,-101880,1297092875,218482760,-1078610115,KRX MDCSTAT02401_OUT
daily,KOSDAQ150,institution,028300,HLB,71699,31900,-39799,2198685425,983559550,-1215125875,KRX MDCSTAT02401_OUT
daily,KOSDAQ150,institution,183300,코미코,124234,82063,-42171,3888989625,2584534100,-1304455525,KRX MDCSTAT02401_OUT
daily,KOSDAQ150,institution,232140,와이씨,132964,35772,-97192,1896936100,508343075,-1388593025,KRX MDCSTAT02401_OUT
daily,KOSDAQ150,institution,240810,원익IPS,263422,253855,-9567,35777137050,34347133950,-1430003100,KRX MDCSTAT02401_OUT
daily,KOSDAQ150,institution,078600,대주전자재료,20236,2089,-18147,1744409000,180804100,-1563604900,KRX MDCSTAT02401_OUT
daily,KOSDAQ150,institution,122870,와이지엔터테인먼트,54853,17514,-37339,2360147675,753915825,-1606231850,KRX MDCSTAT02401_OUT
daily,KOSDAQ150,institution,141080,리가켐바이오,45843,25699,-20144,3696283950,2076712000,-1619571950,KRX MDCSTAT02401_OUT
daily,KOSDAQ150,institution,131290,티에스이,17494,11062,-6432,5005993500,3182934250,-1823059250,KRX MDCSTAT02401_OUT
daily,KOSDAQ150,institution,131970,두산테스나,41612,20977,-20635,3853740650,1951494400,-1902246250,KRX MDCSTAT02401_OUT
daily,KOSDAQ150,institution,014620,성광벤드,96681,29909,-66772,2973217225,920892400,-2052324825,KRX MDCSTAT02401_OUT
daily,KOSDAQ150,institution,032820,우리기술,194601,30129,-164472,2528607755,394164640,-2134443115,KRX MDCSTAT02401_OUT
daily,KOSDAQ150,institution,089030,테크윙,84798,41291,-43507,4164702775,2027281825,-2137420950,KRX MDCSTAT02401_OUT
daily,KOSDAQ150,institution,241710,코스메카코리아,38938,20689,-18249,4934008000,2631002150,-2303005850,KRX MDCSTAT02401_OUT
daily,KOSDAQ150,institution,041510,에스엠,51660,21970,-29690,4259208250,1809320700,-2449887550,KRX MDCSTAT02401_OUT
daily,KOSDAQ150,institution,067310,하나마이크론,197900,132417,-65483,9065546475,6088612850,-2976933625,KRX MDCSTAT02401_OUT
daily,KOSDAQ150,institution,086520,에코프로,135254,96500,-38754,10826022350,7750740350,-3075282000,KRX MDCSTAT02401_OUT
daily,KOSDAQ150,institution,196170,알테오젠,58323,43505,-14818,14625508750,10908068000,-3717440750,KRX MDCSTAT02401_OUT
daily,KOSDAQ150,institution,031980,피에스케이홀딩스,31871,8352,-23519,5132305150,1350668850,-3781636300,KRX MDCSTAT02401_OUT
daily,KOSDAQ150,institution,108490,로보티즈,37529,22770,-14759,11289319750,6901103000,-4388216750,KRX MDCSTAT02401_OUT
daily,KOSDAQ150,institution,226950,올릭스,60755,15857,-44898,6222930650,1626194400,-4596736250,KRX MDCSTAT02401_OUT
daily,KOSDAQ150,institution,222800,심텍,101323,67705,-33618,14953460400,10033228900,-4920231500,KRX MDCSTAT02401_OUT
daily,KOSDAQ150,institution,083650,비에이치아이,146033,36066,-109967,8791193000,2181525100,-6609667900,KRX MDCSTAT02401_OUT
daily,KOSDAQ150,institution,298380,에이비엘바이오,160556,26289,-134267,8092144975,1327640125,-6764504850,KRX MDCSTAT02401_OUT
daily,KOSDAQ150,institution,247540,에코프로비엠,117235,46808,-70427,12331087550,4943109300,-7387978250,KRX MDCSTAT02401_OUT
daily,KOSDAQ150,institution,257720,실리콘투,309929,75924,-234005,12114375250,2968962050,-9145413200,KRX MDCSTAT02401_OUT
daily,KOSDAQ150,institution,036540,SFA반도체,1756280,653226,-1103054,18279026180,6812499215,-11466526965,KRX MDCSTAT02401_OUT
weekly,KOSPI200,foreign,005930,삼성전자,27348451,32839062,5490611,7342775000534,8954962573034,1612187572500,KRX MDCSTAT02401_OUT
weekly,KOSPI200,foreign,402340,SK스퀘어,1655030,1999021,343991,1871970747813,2253027024313,381056276500,KRX MDCSTAT02401_OUT
weekly,KOSPI200,foreign,009150,삼성전기,1198760,1257485,58725,1702589301000,1800268112500,97678811500,KRX MDCSTAT02401_OUT
weekly,KOSPI200,foreign,010120,LS ELECTRIC,692808,1058576,365768,144445542200,221501365350,77055823150,KRX MDCSTAT02401_OUT
weekly,KOSPI200,foreign,298040,효성중공업,74552,98056,23504,216117358000,284833454500,68716096500,KRX MDCSTAT02401_OUT
weekly,KOSPI200,foreign,003490,대한항공,4569591,6715977,2146386,137213119125,203778052675,66564933550,KRX MDCSTAT02401_OUT
weekly,KOSPI200,foreign,042700,한미반도체,833866,1084650,250784,196681153250,256466891000,59785737750,KRX MDCSTAT02401_OUT
weekly,KOSPI200,foreign,096770,SK이노베이션,970823,1334955,364132,136475641200,189517397950,53041756750,KRX MDCSTAT02401_OUT
weekly,KOSPI200,foreign,066570,LG전자,1434148,1665989,231841,292572758300,344129259150,51556500850,KRX MDCSTAT02401_OUT
weekly,KOSPI200,foreign,078930,GS,639089,1059649,420560,72081866100,118394152750,46312286650,KRX MDCSTAT02401_OUT
weekly,KOSPI200,foreign,010950,S-Oil,838451,1069080,230629,128035265450,163445742750,35410477300,KRX MDCSTAT02401_OUT
weekly,KOSPI200,foreign,017670,SK텔레콤,2065560,2437128,371568,182862295950,215444358200,32582062250,KRX MDCSTAT02401_OUT
weekly,KOSPI200,foreign,161890,한국콜마,437886,619634,181748,64313766050,90969888500,26656122450,KRX MDCSTAT02401_OUT
weekly,KOSPI200,foreign,016360,삼성증권,819094,1086219,267125,72052196804,96121335304,24069138500,KRX MDCSTAT02401_OUT
weekly,KOSPI200,foreign,278470,에이피알,446157,511796,65639,161899970250,185820958000,23920987750,KRX MDCSTAT02401_OUT
weekly,KOSPI200,foreign,033780,KT&G,724128,830165,106037,125479789400,144024664450,18544875050,KRX MDCSTAT02401_OUT
weekly,KOSPI200,foreign,018260,삼성에스디에스,267770,346911,79141,59157262750,76774926250,17617663500,KRX MDCSTAT02401_OUT
weekly,KOSPI200,foreign,004170,신세계,155023,203293,48270,55411669952,72740253952,17328584000,KRX MDCSTAT02401_OUT
weekly,KOSPI200,foreign,329180,HD현대중공업,418832,451120,32288,191770556500,205761094000,13990537500,KRX MDCSTAT02401_OUT
weekly,KOSPI200,foreign,001450,현대해상,1127770,1411053,283283,54837255000,68359285225,13522030225,KRX MDCSTAT02401_OUT
weekly,KOSPI200,foreign,062040,산일전기,353120,401665,48545,72899215000,83062542700,10163327700,KRX MDCSTAT02401_OUT
weekly,KOSPI200,foreign,003230,삼양식품,82516,91457,8941,105178065000,115260473000,10082408000,KRX MDCSTAT02401_OUT
weekly,KOSPI200,foreign,192820,코스맥스,128965,164320,35355,35325485250,44815811750,9490326500,KRX MDCSTAT02401_OUT
weekly,KOSPI200,foreign,011070,LG이노텍,347777,359566,11789,184153818220,190811556220,6657738000,KRX MDCSTAT02401_OUT
weekly,KOSPI200,foreign,071050,한국금융지주,387610,421935,34325,71708651800,78108092850,6399441050,KRX MDCSTAT02401_OUT
weekly,KOSPI200,foreign,093370,후성,5402280,5712455,310175,77875379755,82688511080,4813131325,KRX MDCSTAT02401_OUT
weekly,KOSPI200,foreign,307950,현대오토에버,71392,83401,12009,27123071250,31578484250,4455413000,KRX MDCSTAT02401_OUT
weekly,KOSPI200,foreign,011200,HMM,1828435,2024258,195823,38267642275,42476962525,4209320250,KRX MDCSTAT02401_OUT
weekly,KOSPI200,foreign,086280,현대글로비스,477885,496843,18958,96386844000,100319228200,3932384200,KRX MDCSTAT02401_OUT
weekly,KOSPI200,foreign,361610,SK아이이테크놀로지,910650,1137712,227062,14551219365,18451024910,3899805545,KRX MDCSTAT02401_OUT
weekly,KOSPI200,foreign,004370,농심,108651,118129,9478,42590166750,46343241250,3753074500,KRX MDCSTAT02401_OUT
weekly,KOSPI200,foreign,443060,HD현대마린솔루션,380642,396048,15406,92405077890,96118591140,3713513250,KRX MDCSTAT02401_OUT
weekly,KOSPI200,foreign,009540,HD한국조선해양,483794,493002,9208,164545457627,167783772127,3238314500,KRX MDCSTAT02401_OUT
weekly,KOSPI200,foreign,007070,GS리테일,859599,997423,137824,20076965725,23294482375,3217516650,KRX MDCSTAT02401_OUT
weekly,KOSPI200,foreign,001040,CJ,386402,407662,21260,49955830300,52705808200,2749977900,KRX MDCSTAT02401_OUT
weekly,KOSPI200,foreign,039490,키움증권,131574,140342,8768,34750457250,37105435000,2354977750,KRX MDCSTAT02401_OUT
weekly,KOSPI200,foreign,280360,롯데웰푸드,35373,50848,15475,4498725000,6489922000,1991197000,KRX MDCSTAT02401_OUT
weekly,KOSPI200,foreign,138930,BNK금융지주,3417929,3522357,104428,53647930045,55585343880,1937413835,KRX MDCSTAT02401_OUT
weekly,KOSPI200,foreign,000880,한화,372259,385447,13188,49648973700,51460537600,1811563900,KRX MDCSTAT02401_OUT
weekly,KOSPI200,foreign,192080,더블유게임즈,93169,123855,30686,5433062800,7218034800,1784972000,KRX MDCSTAT02401_OUT
weekly,KOSPI200,foreign,285130,SK케미칼,101324,133383,32059,5194292900,6767748800,1573455900,KRX MDCSTAT02401_OUT
weekly,KOSPI200,foreign,002380,KCC,75050,77683,2633,35098325750,36383339750,1285014000,KRX MDCSTAT02401_OUT
weekly,KOSPI200,foreign,079550,LIG디펜스앤에어로스페이스,194413,197885,3472,141243148500,142397512000,1154363500,KRX MDCSTAT02401_OUT
weekly,KOSPI200,foreign,071970,HD현대마린엔진,341964,354925,12961,17273559850,18167577575,894017725,KRX MDCSTAT02401_OUT
weekly,KOSPI200,foreign,088350,한화생명,5358917,5446345,87428,31315787385,31926624365,610836980,KRX MDCSTAT02401_OUT
weekly,KOSPI200,foreign,282330,BGF리테일,232710,236927,4217,32138353750,32705949900,567596150,KRX MDCSTAT02401_OUT
weekly,KOSPI200,foreign,207940,삼성바이오로직스,90455,90719,264,125729883168,126245575168,515692000,KRX MDCSTAT02401_OUT
weekly,KOSPI200,foreign,002840,미원상사,2270,2336,66,305924300,315123150,9198850,KRX MDCSTAT02401_OUT
weekly,KOSPI200,foreign,268280,미원에스씨,1427,1150,-277,188454750,151342400,-37112350,KRX MDCSTAT02401_OUT
weekly,KOSPI200,foreign,298020,효성티앤씨,28209,27932,-277,8953295250,8880694750,-72600500,KRX MDCSTAT02401_OUT
weekly,KOSPI200,foreign,007700,F&F홀딩스,18290,10395,-7895,247355215,139803985,-107551230,KRX MDCSTAT02401_OUT
weekly,KOSPI200,foreign,003240,태광산업,1788,1595,-193,1614655500,1437828500,-176827000,KRX MDCSTAT02401_OUT
weekly,KOSPI200,foreign,017960,한국카본,229984,219809,-10175,4808720525,4584628125,-224092400,KRX MDCSTAT02401_OUT
weekly,KOSPI200,foreign,005420,코스모화학,135251,105349,-29902,1390089665,1084637100,-305452565,KRX MDCSTAT02401_OUT
weekly,KOSPI200,foreign,003030,세아제강지주,30185,27331,-2854,3212073800,2895757300,-316316500,KRX MDCSTAT02401_OUT
weekly,KOSPI200,foreign,014820,동원시스템즈,43831,28056,-15775,927932250,591588350,-336343900,KRX MDCSTAT02401_OUT
weekly,KOSPI200,foreign,008730,율촌화학,329519,306439,-23080,4945213565,4606326110,-338887455,KRX MDCSTAT02401_OUT
weekly,KOSPI200,foreign,006040,동원산업,72799,61791,-11008,2584017450,2195425850,-388591600,KRX MDCSTAT02401_OUT
weekly,KOSPI200,foreign,002030,아세아,3742,1927,-1815,804311250,412005000,-392306250,KRX MDCSTAT02401_OUT
weekly,KOSPI200,foreign,026960,동서,85289,68698,-16591,2170229650,1748541775,-421687875,KRX MDCSTAT02401_OUT
weekly,KOSPI200,foreign,002790,아모레퍼시픽홀딩스,761559,741896,-19663,19889986850,19394295225,-495691625,KRX MDCSTAT02401_OUT
weekly,KOSPI200,foreign,028670,팬오션,4027964,3943426,-84538,23315494095,22801009960,-514484135,KRX MDCSTAT02401_OUT
weekly,KOSPI200,foreign,003090,대웅,161271,120329,-40942,2558493135,1913348340,-645144795,KRX MDCSTAT02401_OUT
weekly,KOSPI200,foreign,006280,녹십자,136008,130259,-5749,16646201200,15990421250,-655779950,KRX MDCSTAT02401_OUT
weekly,KOSPI200,foreign,377300,카카오페이,552535,532533,-20002,22287578950,21586384525,-701194425,KRX MDCSTAT02401_OUT
weekly,KOSPI200,foreign,137310,에스디바이오센서,304967,186806,-118161,1849551910,1135836445,-713715465,KRX MDCSTAT02401_OUT
weekly,KOSPI200,foreign,000080,하이트진로,199511,150418,-49093,2983867570,2252794640,-731072930,KRX MDCSTAT02401_OUT
weekly,KOSPI200,foreign,300720,한일시멘트,118548,71559,-46989,1921791940,1158550675,-763241265,KRX MDCSTAT02401_OUT
weekly,KOSPI200,foreign,030200,KT,218576,203771,-14805,11637673558,10853004358,-784669200,KRX MDCSTAT02401_OUT
weekly,KOSPI200,foreign,009970,영원무역홀딩스,36592,31410,-5182,6092788800,5223755250,-869033550,KRX MDCSTAT02401_OUT
weekly,KOSPI200,foreign,009420,한올바이오파마,286188,266527,-19661,13597367850,12663063150,-934304700,KRX MDCSTAT02401_OUT
weekly,KOSPI200,foreign,069260,TKG휴켐스,110066,51490,-58576,1783239890,833552825,-949687065,KRX MDCSTAT02401_OUT
weekly,KOSPI200,foreign,112610,씨에스윈드,509119,490824,-18295,26034612925,25054020475,-980592450,KRX MDCSTAT02401_OUT
weekly,KOSPI200,foreign,302440,SK바이오사이언스,146529,115470,-31059,5225243475,4118510750,-1106732725,KRX MDCSTAT02401_OUT
weekly,KOSPI200,foreign,005300,롯데칠성,37369,25397,-11972,3540956850,2409312950,-1131643900,KRX MDCSTAT02401_OUT
weekly,KOSPI200,foreign,001680,대상,176293,108717,-67576,3141547755,1935822735,-1205725020,KRX MDCSTAT02401_OUT
weekly,KOSPI200,foreign,009240,한샘,58709,28058,-30651,2312030800,1101815875,-1210214925,KRX MDCSTAT02401_OUT
weekly,KOSPI200,foreign,005850,에스엘,170523,145999,-24524,8445330850,7211586825,-1233744025,KRX MDCSTAT02401_OUT
weekly,KOSPI200,foreign,103140,풍산,159287,142954,-16333,12491039850,11254978350,-1236061500,KRX MDCSTAT02401_OUT
weekly,KOSPI200,foreign,007310,오뚜기,10484,5981,-4503,3299771000,1878680250,-1421090750,KRX MDCSTAT02401_OUT
weekly,KOSPI200,foreign,071320,지역난방공사,41328,22843,-18485,3196020500,1769844150,-1426176350,KRX MDCSTAT02401_OUT
weekly,KOSPI200,foreign,000240,한국앤컴퍼니,216489,157274,-59215,5313665208,3863419133,-1450246075,KRX MDCSTAT02401_OUT
weekly,KOSPI200,foreign,450080,에코프로머티,393277,346474,-46803,13740156650,12156597325,-1583559325,KRX MDCSTAT02401_OUT
weekly,KOSPI200,foreign,185750,종근당,73534,48254,-25280,4733658200,3109031650,-1624626550,KRX MDCSTAT02401_OUT
weekly,KOSPI200,foreign,069620,대웅제약,36651,20856,-15795,3998117400,2288294450,-1709822950,KRX MDCSTAT02401_OUT
weekly,KOSPI200,foreign,457190,이수스페셜티케미컬,125686,96501,-29185,8131462700,6248977050,-1882485650,KRX MDCSTAT02401_OUT
weekly,KOSPI200,foreign,006800,미래에셋증권,2157131,2091380,-65751,69850717425,67840390925,-2010326500,KRX MDCSTAT02401_OUT
weekly,KOSPI200,foreign,298050,HS효성첨단소재,27731,14948,-12783,4523155050,2434249000,-2088906050,KRX MDCSTAT02401_OUT
weekly,KOSPI200,foreign,483650,달바글로벌,492202,480105,-12097,88227036450,86103926400,-2123110050,KRX MDCSTAT02401_OUT
weekly,KOSPI200,foreign,011790,SKC,177754,153063,-24691,15668136550,13528679150,-2139457400,KRX MDCSTAT02401_OUT
weekly,KOSPI200,foreign,012750,에스원,171645,145918,-25727,14275991900,12124866900,-2151125000,KRX MDCSTAT02401_OUT
weekly,KOSPI200,foreign,064400,LG씨엔에스,681038,646538,-34500,47829236800,45636133350,-2193103450,KRX MDCSTAT02401_OUT
weekly,KOSPI200,foreign,004000,롯데정밀화학,159813,109261,-50552,7074928975,4843885275,-2231043700,KRX MDCSTAT02401_OUT
weekly,KOSPI200,foreign,000120,CJ대한통운,246671,213320,-33351,17412228900,15063117450,-2349111450,KRX MDCSTAT02401_OUT
weekly,KOSPI200,foreign,000670,영풍,268663,215031,-53632,12273149050,9862563650,-2410585400,KRX MDCSTAT02401_OUT
weekly,KOSPI200,foreign,001800,오리온홀딩스,232742,130544,-102198,5594680425,3130611000,-2464069425,KRX MDCSTAT02401_OUT
weekly,KOSPI200,foreign,011210,현대위아,203076,156610,-46466,10959202800,8455976900,-2503225900,KRX MDCSTAT02401_OUT
weekly,KOSPI200,foreign,454910,두산로보틱스,299398,263880,-35518,21034098050,18499304550,-2534793500,KRX MDCSTAT02401_OUT
weekly,KOSPI200,foreign,073240,금호타이어,2547587,2168200,-379387,17442362045,14906991700,-2535370345,KRX MDCSTAT02401_OUT
weekly,KOSPI200,foreign,081660,미스토홀딩스,996139,922442,-73697,37930134750,35109217525,-2820917225,KRX MDCSTAT02401_OUT
weekly,KOSPI200,foreign,111770,영원무역,268013,227457,-40556,19192038206,16301126106,-2890912100,KRX MDCSTAT02401_OUT
weekly,KOSPI200,foreign,008930,한미사이언스,666472,602597,-63875,32846971200,29723218350,-3123752850,KRX MDCSTAT02401_OUT
weekly,KOSPI200,foreign,180640,한진칼,151333,128539,-22794,21106689800,17970163450,-3136526350,KRX MDCSTAT02401_OUT
weekly,KOSPI200,foreign,011780,금호석유화학,247522,218397,-29125,29506841550,26067045950,-3439795600,KRX MDCSTAT02401_OUT
weekly,KOSPI200,foreign,004990,롯데지주,748650,607878,-140772,18395148475,14929367550,-3465780925,KRX MDCSTAT02401_OUT
weekly,KOSPI200,foreign,047810,한국항공우주,1187228,1157743,-29485,153949592750,150328404500,-3621188250,KRX MDCSTAT02401_OUT
weekly,KOSPI200,foreign,034230,파라다이스,693386,317136,-376250,6672184900,3045345260,-3626839640,KRX MDCSTAT02401_OUT
weekly,KOSPI200,foreign,161390,한국타이어앤테크놀로지,1153662,1090384,-63278,68097903200,64387519600,-3710383600,KRX MDCSTAT02401_OUT
weekly,KOSPI200,foreign,259960,크래프톤,238615,219098,-19517,48363289062,44470760612,-3892528450,KRX MDCSTAT02401_OUT
weekly,KOSPI200,foreign,021240,코웨이,1065440,1028619,-36821,108401826450,104497118750,-3904707700,KRX MDCSTAT02401_OUT
weekly,KOSPI200,foreign,000210,DL,130896,54836,-76060,7017372900,2897361800,-4120011100,KRX MDCSTAT02401_OUT
weekly,KOSPI200,foreign,006650,대한유화,121885,78073,-43812,11730518550,7518488650,-4212029900,KRX MDCSTAT02401_OUT
weekly,KOSPI200,foreign,139130,iM금융지주,1748206,1511827,-236379,31605013010,27348446795,-4256566215,KRX MDCSTAT02401_OUT
weekly,KOSPI200,foreign,204320,HL만도,603415,509756,-93659,28463444550,24126132300,-4337312250,KRX MDCSTAT02401_OUT
weekly,KOSPI200,foreign,036460,한국가스공사,501303,378402,-122901,17878420900,13493482450,-4384938450,KRX MDCSTAT02401_OUT
weekly,KOSPI200,foreign,022100,포스코DX,617107,398089,-219018,12729043905,8197682155,-4531361750,KRX MDCSTAT02401_OUT
weekly,KOSPI200,foreign,051900,LG생활건강,184125,168113,-16012,54503007500,49767648000,-4735359500,KRX MDCSTAT02401_OUT
weekly,KOSPI200,foreign,097950,CJ제일제당,189172,159689,-29483,33193855550,28035498800,-5158356750,KRX MDCSTAT02401_OUT
weekly,KOSPI200,foreign,007340,DN오토모티브,380787,270457,-110330,18573626400,13177708875,-5395917525,KRX MDCSTAT02401_OUT
weekly,KOSPI200,foreign,375500,DL이앤씨,622230,557906,-64324,53041479500,47318373500,-5723106000,KRX MDCSTAT02401_OUT
weekly,KOSPI200,foreign,005830,DB손해보험,790847,761907,-28940,148634368100,142857129000,-5777239100,KRX MDCSTAT02401_OUT
weekly,KOSPI200,foreign,035250,강원랜드,793912,378778,-415134,11419343810,5441280075,-5978063735,KRX MDCSTAT02401_OUT
weekly,KOSPI200,foreign,051600,한전KPS,615314,487261,-128053,28717415025,22728611000,-5988804025,KRX MDCSTAT02401_OUT
weekly,KOSPI200,foreign,029780,삼성카드,342919,202080,-140839,14915353575,8762768725,-6152584850,KRX MDCSTAT02401_OUT
weekly,KOSPI200,foreign,036570,NC,191116,161154,-29962,40572216500,34112752750,-6459463750,KRX MDCSTAT02401_OUT
weekly,KOSPI200,foreign,017800,현대엘리베이터,238459,146376,-92083,17591109250,10789515600,-6801593650,KRX MDCSTAT02401_OUT
weekly,KOSPI200,foreign,120110,코오롱인더,354538,220334,-134204,20000220600,12345289550,-7654931050,KRX MDCSTAT02401_OUT
weekly,KOSPI200,foreign,271560,오리온,458509,387365,-71144,51042576350,43124122200,-7918454150,KRX MDCSTAT02401_OUT
weekly,KOSPI200,foreign,001430,세아베스틸지주,400982,221329,-179653,18038912500,9972283000,-8066629500,KRX MDCSTAT02401_OUT
weekly,KOSPI200,foreign,008770,호텔신라,813666,613155,-200511,33079975650,24972847175,-8107128475,KRX MDCSTAT02401_OUT
weekly,KOSPI200,foreign,0126Z0,삼성에피스홀딩스,94481,68841,-25640,31216599000,22799926000,-8416673000,KRX MDCSTAT02401_OUT
weekly,KOSPI200,foreign,175330,JB금융지주,1601270,1300729,-300541,49896179850,40534706350,-9361473500,KRX MDCSTAT02401_OUT
weekly,KOSPI200,foreign,018880,한온시스템,6155124,3307709,-2847415,20661199978,11199452449,-9461747529,KRX MDCSTAT02401_OUT
weekly,KOSPI200,foreign,139480,이마트,276355,126936,-149419,20114720050,9300800700,-10813919350,KRX MDCSTAT02401_OUT
weekly,KOSPI200,foreign,138040,메리츠금융지주,595573,510250,-85323,76034846200,65132662550,-10902183650,KRX MDCSTAT02401_OUT
weekly,KOSPI200,foreign,030000,제일기획,2466545,1822407,-644138,42785798980,31588916175,-11196882805,KRX MDCSTAT02401_OUT
weekly,KOSPI200,foreign,028260,삼성물산,772358,740146,-32212,279052116030,267755589030,-11296527000,KRX MDCSTAT02401_OUT
weekly,KOSPI200,foreign,003550,LG,747138,645906,-101232,84421121700,72928432300,-11492689400,KRX MDCSTAT02401_OUT
weekly,KOSPI200,foreign,035720,카카오,3222003,2870524,-351479,108495645100,96972820950,-11522824150,KRX MDCSTAT02401_OUT
weekly,KOSPI200,foreign,010130,고려아연,42010,31393,-10617,47257780000,35300527000,-11957253000,KRX MDCSTAT02401_OUT
weekly,KOSPI200,foreign,014680,한솔케미칼,219109,163624,-55485,48075325750,35783862750,-12291463000,KRX MDCSTAT02401_OUT
weekly,KOSPI200,foreign,241560,두산밥캣,837650,602716,-234934,49305969070,35583515070,-13722454000,KRX MDCSTAT02401_OUT
weekly,KOSPI200,foreign,000100,유한양행,902700,719718,-182982,68370143700,54490018700,-13880125000,KRX MDCSTAT02401_OUT
weekly,KOSPI200,foreign,032640,LG유플러스,4784377,3770779,-1013598,68751128132,54253930142,-14497197990,KRX MDCSTAT02401_OUT
weekly,KOSPI200,foreign,024110,기업은행,2719390,1974027,-745363,54811525135,40247491260,-14564033875,KRX MDCSTAT02401_OUT
weekly,KOSPI200,foreign,326030,SK바이오팜,411089,220969,-190120,31940195900,17202049400,-14738146500,KRX MDCSTAT02401_OUT
weekly,KOSPI200,foreign,069960,현대백화점,309624,160647,-148977,30706477150,15849450400,-14857026750,KRX MDCSTAT02401_OUT
weekly,KOSPI200,foreign,023530,롯데쇼핑,363349,231823,-131526,40864301550,25724992400,-15139309150,KRX MDCSTAT02401_OUT
weekly,KOSPI200,foreign,011170,롯데케미칼,450669,196592,-254077,28370190800,12361829900,-16008360900,KRX MDCSTAT02401_OUT
weekly,KOSPI200,foreign,009830,한화솔루션,3210111,2632257,-577854,91342346525,75109344800,-16233001725,KRX MDCSTAT02401_OUT
weekly,KOSPI200,foreign,064350,현대로템,872023,733855,-138168,105208239000,88877975150,-16330263850,KRX MDCSTAT02401_OUT
weekly,KOSPI200,foreign,034220,LG디스플레이,9708223,7669274,-2038949,82211133845,65116210565,-17094923280,KRX MDCSTAT02401_OUT
weekly,KOSPI200,foreign,005940,NH투자증권,1686857,1023590,-663267,43787246050,26455055175,-17332190875,KRX MDCSTAT02401_OUT
weekly,KOSPI200,foreign,373220,LG에너지솔루션,509336,459702,-49634,182177776250,164642062750,-17535713500,KRX MDCSTAT02401_OUT
weekly,KOSPI200,foreign,066970,엘앤에프,725715,568343,-157372,79596278150,61964761150,-17631517000,KRX MDCSTAT02401_OUT
weekly,KOSPI200,foreign,006260,LS,208541,153300,-55241,67354637500,49181412750,-18173224750,KRX MDCSTAT02401_OUT
weekly,KOSPI200,foreign,000810,삼성화재,329288,301031,-28257,214605355500,196113851000,-18491504500,KRX MDCSTAT02401_OUT
weekly,KOSPI200,foreign,128940,한미약품,175813,135566,-40247,90345077000,69645765500,-20699311500,KRX MDCSTAT02401_OUT
weekly,KOSPI200,foreign,000990,DB하이텍,1064098,897922,-166176,136356675250,114989022900,-21367652350,KRX MDCSTAT02401_OUT
weekly,KOSPI200,foreign,034730,SK,440962,399482,-41480,247039770000,224101175500,-22938594500,KRX MDCSTAT02401_OUT
weekly,KOSPI200,foreign,032830,삼성생명,1024356,942601,-81755,296265797750,272526304750,-23739493000,KRX MDCSTAT02401_OUT
weekly,KOSPI200,foreign,052690,한전기술,1075259,895664,-179595,144954981700,121021687700,-23933294000,KRX MDCSTAT02401_OUT
weekly,KOSPI200,foreign,267250,HD현대,628415,513653,-114762,132269268500,108033749250,-24235519250,KRX MDCSTAT02401_OUT
weekly,KOSPI200,foreign,068270,셀트리온,1156422,1008348,-148074,207727898450,181057463850,-26670434600,KRX MDCSTAT02401_OUT
weekly,KOSPI200,foreign,090430,아모레퍼시픽,567999,379204,-188795,81487479274,54388224974,-27099254300,KRX MDCSTAT02401_OUT
weekly,KOSPI200,foreign,082740,한화엔진,1792798,1236649,-556149,91361210075,63394379175,-27966830900,KRX MDCSTAT02401_OUT
weekly,KOSPI200,foreign,323410,카카오뱅크,4091488,2663760,-1427728,83289833835,54298461350,-28991372485,KRX MDCSTAT02401_OUT
weekly,KOSPI200,foreign,051910,LG화학,504986,392766,-112220,131899193250,102575343250,-29323850000,KRX MDCSTAT02401_OUT
weekly,KOSPI200,foreign,267270,HD건설기계,661312,435779,-225533,90582032000,60655190300,-29926841700,KRX MDCSTAT02401_OUT
weekly,KOSPI200,foreign,010060,OCI홀딩스,548462,393498,-154964,107865152700,77629337000,-30235815700,KRX MDCSTAT02401_OUT
weekly,KOSPI200,foreign,316140,우리금융지주,7015219,6165695,-849524,253265533975,222666821575,-30598712400,KRX MDCSTAT02401_OUT
weekly,KOSPI200,foreign,001440,대한전선,6568287,5533343,-1034944,204313116125,172998678025,-31314438100,KRX MDCSTAT02401_OUT
weekly,KOSPI200,foreign,007660,이수페타시스,2373615,2043711,-329904,257185075650,225044274900,-32140800750,KRX MDCSTAT02401_OUT
weekly,KOSPI200,foreign,005490,POSCO홀딩스,512766,404121,-108645,164362586000,129573470500,-34789115500,KRX MDCSTAT02401_OUT
weekly,KOSPI200,foreign,012330,현대모비스,738503,641564,-96939,279197645000,242383484250,-36814160750,KRX MDCSTAT02401_OUT
weekly,KOSPI200,foreign,003670,포스코퓨처엠,620010,414829,-205181,113394598600,76388368200,-37006230400,KRX MDCSTAT02401_OUT
weekly,KOSPI200,foreign,267260,HD현대일렉트릭,250107,196244,-53863,179487841000,141033258500,-38454582500,KRX MDCSTAT02401_OUT
weekly,KOSPI200,foreign,352820,하이브,606249,356847,-249402,97801969305,57352698905,-40449270400,KRX MDCSTAT02401_OUT
weekly,KOSPI200,foreign,047050,포스코인터내셔널,1348699,638818,-709881,77334804950,36590002450,-40744802500,KRX MDCSTAT02401_OUT
weekly,KOSPI200,foreign,010140,삼성중공업,7300284,5271762,-2028522,151826932133,110669259558,-41157672575,KRX MDCSTAT02401_OUT
weekly,KOSPI200,foreign,000270,기아,2484842,2133505,-351337,297308968350,255593148150,-41715820200,KRX MDCSTAT02401_OUT
weekly,KOSPI200,foreign,004020,현대제철,2302658,948965,-1353693,79798608225,33113098100,-46685510125,KRX MDCSTAT02401_OUT
weekly,KOSPI200,foreign,015760,한국전력,2547476,902946,-1644530,78447194125,27773495000,-50673699125,KRX MDCSTAT02401_OUT
weekly,KOSPI200,foreign,042660,한화오션,1386094,735616,-650478,113367369850,60676622950,-52690746900,KRX MDCSTAT02401_OUT
weekly,KOSPI200,foreign,272210,한화시스템,2316469,1607828,-708641,178983672800,123575861650,-55407811150,KRX MDCSTAT02401_OUT
weekly,KOSPI200,foreign,028050,삼성E&A,4829313,3673325,-1155988,248323987675,190752140350,-57571847325,KRX MDCSTAT02401_OUT
weekly,KOSPI200,foreign,000720,현대건설,1482736,1020677,-462059,187041663650,128520223900,-58521439750,KRX MDCSTAT02401_OUT
weekly,KOSPI200,foreign,086790,하나금융지주,2389202,1907906,-481296,322019411970,257145116470,-64874295500,KRX MDCSTAT02401_OUT
weekly,KOSPI200,foreign,055550,신한지주,3424131,2836565,-587566,382224767170,316626840870,-65597926300,KRX MDCSTAT02401_OUT
weekly,KOSPI200,foreign,105560,KB금융,2446567,2030270,-416297,431458896800,358573817350,-72885079450,KRX MDCSTAT02401_OUT
weekly,KOSPI200,foreign,006400,삼성SDI,545542,405659,-139883,292190772500,216562172500,-75628600000,KRX MDCSTAT02401_OUT
weekly,KOSPI200,foreign,012450,한화에어로스페이스,548642,466088,-82554,589985886440,502666645440,-87319241000,KRX MDCSTAT02401_OUT
weekly,KOSPI200,foreign,047040,대우건설,11799556,6201094,-5598462,217329180845,116887784445,-100441396400,KRX MDCSTAT02401_OUT
weekly,KOSPI200,foreign,035420,NAVER,1616636,1083814,-532822,319860368100,215015164800,-104845203300,KRX MDCSTAT02401_OUT
weekly,KOSPI200,foreign,005380,현대차,1266518,889355,-377163,457860460000,322173610250,-135686849750,KRX MDCSTAT02401_OUT
weekly,KOSPI200,foreign,000150,두산,308898,164305,-144593,448205694564,239617888564,-208587806000,KRX MDCSTAT02401_OUT
weekly,KOSPI200,foreign,034020,두산에너빌리티,5520067,2307140,-3212927,465897372900,195992909050,-269904463850,KRX MDCSTAT02401_OUT
weekly,KOSPI200,foreign,251270,넷마블,11436435,317561,-11118874,383837452485,10981648075,-372855804410,KRX MDCSTAT02401_OUT
weekly,KOSPI200,foreign,000660,SK하이닉스,7306871,6121836,-1185035,13459953566146,11314970315646,-2144983250500,KRX MDCSTAT02401_OUT
weekly,KOSPI200,institution,005930,삼성전자,26807425,35544191,8736766,7280608464000,9638751470500,2358143006500,KRX MDCSTAT02401_OUT
weekly,KOSPI200,institution,009150,삼성전기,769583,1076257,306674,1111992849000,1558042342500,446049493500,KRX MDCSTAT02401_OUT
weekly,KOSPI200,institution,000660,SK하이닉스,3951871,4118379,166508,7279675147500,7595236336000,315561188500,KRX MDCSTAT02401_OUT
weekly,KOSPI200,institution,000150,두산,115803,193921,78118,168045595000,282073085500,114027490500,KRX MDCSTAT02401_OUT
weekly,KOSPI200,institution,402340,SK스퀘어,609351,695379,86028,677299675000,779695878000,102396203000,KRX MDCSTAT02401_OUT
weekly,KOSPI200,institution,105560,KB금융,1163473,1621771,458298,205510955350,286479344050,80968388700,KRX MDCSTAT02401_OUT
weekly,KOSPI200,institution,066570,LG전자,662768,1006808,344040,136591074350,209643842150,73052767800,KRX MDCSTAT02401_OUT
weekly,KOSPI200,institution,003490,대한항공,2389673,4522740,2133067,72784093125,138383559900,65599466775,KRX MDCSTAT02401_OUT
weekly,KOSPI200,institution,028050,삼성E&A,926131,2018627,1092496,47527711200,104707804550,57180093350,KRX MDCSTAT02401_OUT
weekly,KOSPI200,institution,034730,SK,137404,232942,95538,78156445500,134057836500,55901391000,KRX MDCSTAT02401_OUT
weekly,KOSPI200,institution,055550,신한지주,1365414,1855404,489990,152989550200,208204508100,55214957900,KRX MDCSTAT02401_OUT
weekly,KOSPI200,institution,128940,한미약품,84116,189028,104912,43106425000,97601342000,54494917000,KRX MDCSTAT02401_OUT
weekly,KOSPI200,institution,272210,한화시스템,988475,1663016,674541,76373065500,128693016550,52319951050,KRX MDCSTAT02401_OUT
weekly,KOSPI200,institution,086790,하나금융지주,801076,1135334,334258,108395687800,153834836700,45439148900,KRX MDCSTAT02401_OUT
weekly,KOSPI200,institution,316140,우리금융지주,1586036,2553429,967393,57073897675,92092825675,35018928000,KRX MDCSTAT02401_OUT
weekly,KOSPI200,institution,090430,아모레퍼시픽,175192,398553,223361,25115135450,57333489500,32218354050,KRX MDCSTAT02401_OUT
weekly,KOSPI200,institution,047050,포스코인터내셔널,595605,1105320,509715,33933488250,63844460600,29910972350,KRX MDCSTAT02401_OUT
weekly,KOSPI200,institution,012450,한화에어로스페이스,139544,165801,26257,149518540000,178753199500,29234659500,KRX MDCSTAT02401_OUT
weekly,KOSPI200,institution,068270,셀트리온,405120,538443,133323,72703859700,96923217900,24219358200,KRX MDCSTAT02401_OUT
weekly,KOSPI200,institution,483650,달바글로벌,139608,275197,135589,25272484500,49458896950,24186412450,KRX MDCSTAT02401_OUT
weekly,KOSPI200,institution,079550,LIG디펜스앤에어로스페이스,156287,187560,31273,112142652000,136162545000,24019893000,KRX MDCSTAT02401_OUT
weekly,KOSPI200,institution,014680,한솔케미칼,50090,137818,87728,11133711000,30660484250,19526773250,KRX MDCSTAT02401_OUT
weekly,KOSPI200,institution,042700,한미반도체,390433,471380,80947,92096512250,111605956500,19509444250,KRX MDCSTAT02401_OUT
weekly,KOSPI200,institution,267260,HD현대일렉트릭,81521,108283,26762,58574562500,78009988500,19435426000,KRX MDCSTAT02401_OUT
weekly,KOSPI200,institution,036570,NC,95176,184566,89390,19964386250,39295078500,19330692250,KRX MDCSTAT02401_OUT
weekly,KOSPI200,institution,028260,삼성물산,320327,370397,50070,116569973250,135080874250,18510901000,KRX MDCSTAT02401_OUT
weekly,KOSPI200,institution,006260,LS,131418,185329,53911,41987946250,59707234500,17719288250,KRX MDCSTAT02401_OUT
weekly,KOSPI200,institution,032830,삼성생명,270341,329189,58848,78150545000,95494780250,17344235250,KRX MDCSTAT02401_OUT
weekly,KOSPI200,institution,005940,NH투자증권,467990,1082913,614923,12115983675,28215913775,16099930100,KRX MDCSTAT02401_OUT
weekly,KOSPI200,institution,138040,메리츠금융지주,227191,348992,121801,28883495650,44539928200,15656432550,KRX MDCSTAT02401_OUT
weekly,KOSPI200,institution,003550,LG,176793,301792,124999,20102081250,34461383600,14359302350,KRX MDCSTAT02401_OUT
weekly,KOSPI200,institution,016360,삼성증권,277336,427441,150105,24675944350,38369077800,13693133450,KRX MDCSTAT02401_OUT
weekly,KOSPI200,institution,375500,DL이앤씨,343289,494303,151014,28703870900,42198139650,13494268750,KRX MDCSTAT02401_OUT
weekly,KOSPI200,institution,011170,롯데케미칼,154039,357032,202993,9630433500,22606607850,12976174350,KRX MDCSTAT02401_OUT
weekly,KOSPI200,institution,000810,삼성화재,66910,82959,16049,43687644000,54276804000,10589160000,KRX MDCSTAT02401_OUT
weekly,KOSPI200,institution,096770,SK이노베이션,1135184,1190394,55210,159669869600,169354048900,9684179300,KRX MDCSTAT02401_OUT
weekly,KOSPI200,institution,007660,이수페타시스,1281179,1310119,28940,134858426900,144489951050,9631524150,KRX MDCSTAT02401_OUT
weekly,KOSPI200,institution,082740,한화엔진,934980,1084930,149950,46961886775,56223854800,9261968025,KRX MDCSTAT02401_OUT
weekly,KOSPI200,institution,035720,카카오,943539,1207736,264197,31750688775,40789401625,9038712850,KRX MDCSTAT02401_OUT
weekly,KOSPI200,institution,175330,JB금융지주,499422,770639,271217,15380882600,23868632775,8487750175,KRX MDCSTAT02401_OUT
weekly,KOSPI200,institution,062040,산일전기,192637,228839,36202,39566121950,47218757300,7652635350,KRX MDCSTAT02401_OUT
weekly,KOSPI200,institution,032640,LG유플러스,911809,1431913,520104,13212018515,20784598340,7572579825,KRX MDCSTAT02401_OUT
weekly,KOSPI200,institution,011200,HMM,456594,800873,344279,9559423175,16797894525,7238471350,KRX MDCSTAT02401_OUT
weekly,KOSPI200,institution,001430,세아베스틸지주,165874,325167,159293,7429787750,14608944475,7179156725,KRX MDCSTAT02401_OUT
weekly,KOSPI200,institution,051900,LG생활건강,60397,82958,22561,17912107500,24658744250,6746636750,KRX MDCSTAT02401_OUT
weekly,KOSPI200,institution,361610,SK아이이테크놀로지,150915,551045,400130,2473234575,9082037900,6608803325,KRX MDCSTAT02401_OUT
weekly,KOSPI200,institution,112610,씨에스윈드,127151,253643,126492,6458230600,13000113200,6541882600,KRX MDCSTAT02401_OUT
weekly,KOSPI200,institution,007340,DN오토모티브,142575,272119,129544,6952560275,13329499875,6376939600,KRX MDCSTAT02401_OUT
weekly,KOSPI200,institution,047810,한국항공우주,201663,250018,48355,26138698350,32436663200,6297964850,KRX MDCSTAT02401_OUT
weekly,KOSPI200,institution,024110,기업은행,563584,871937,308353,11350977915,17636220720,6285242805,KRX MDCSTAT02401_OUT
weekly,KOSPI200,institution,008930,한미사이언스,82210,196629,114419,4143802225,9978650875,5834848650,KRX MDCSTAT02401_OUT
weekly,KOSPI200,institution,036460,한국가스공사,115411,271632,156221,4125792225,9725755450,5599963225,KRX MDCSTAT02401_OUT
weekly,KOSPI200,institution,011070,LG이노텍,179753,187325,7572,94815352000,100387227500,5571875500,KRX MDCSTAT02401_OUT
weekly,KOSPI200,institution,051910,LG화학,217649,235496,17847,56599520000,61605988250,5006468250,KRX MDCSTAT02401_OUT
weekly,KOSPI200,institution,323410,카카오뱅크,563440,802731,239291,11417779660,16336731510,4918951850,KRX MDCSTAT02401_OUT
weekly,KOSPI200,institution,010140,삼성중공업,2613009,2795348,182339,54077141750,58970414875,4893273125,KRX MDCSTAT02401_OUT
weekly,KOSPI200,institution,180640,한진칼,71668,105615,33947,9988456650,14773066750,4784610100,KRX MDCSTAT02401_OUT
weekly,KOSPI200,institution,017800,현대엘리베이터,73218,134997,61779,5407171250,9982227750,4575056500,KRX MDCSTAT02401_OUT
weekly,KOSPI200,institution,009830,한화솔루션,965906,1099939,134033,27272898350,31688432725,4415534375,KRX MDCSTAT02401_OUT
weekly,KOSPI200,institution,030000,제일기획,292214,536105,243891,5093027955,9339973960,4246946005,KRX MDCSTAT02401_OUT
weekly,KOSPI200,institution,010950,S-Oil,406780,431800,25020,61983417550,66162143650,4178726100,KRX MDCSTAT02401_OUT
weekly,KOSPI200,institution,021240,코웨이,171986,208578,36592,17274833400,21182453950,3907620550,KRX MDCSTAT02401_OUT
weekly,KOSPI200,institution,011790,SKC,96321,135925,39604,8503242450,12001814800,3498572350,KRX MDCSTAT02401_OUT
weekly,KOSPI200,institution,000210,DL,54737,114597,59860,2860473250,6154462100,3293988850,KRX MDCSTAT02401_OUT
weekly,KOSPI200,institution,139480,이마트,45444,89400,43956,3306485000,6523143600,3216658600,KRX MDCSTAT02401_OUT
weekly,KOSPI200,institution,004990,롯데지주,73341,197559,124218,1800653700,4858789250,3058135550,KRX MDCSTAT02401_OUT
weekly,KOSPI200,institution,003670,포스코퓨처엠,414355,429656,15301,75822791850,78857604450,3034812600,KRX MDCSTAT02401_OUT
weekly,KOSPI200,institution,103140,풍산,113216,146479,33263,8875511800,11528959400,2653447600,KRX MDCSTAT02401_OUT
weekly,KOSPI200,institution,051600,한전KPS,118058,166171,48113,5509232550,7794102150,2284869600,KRX MDCSTAT02401_OUT
weekly,KOSPI200,institution,009240,한샘,14938,72666,57728,586915150,2865588950,2278673800,KRX MDCSTAT02401_OUT
weekly,KOSPI200,institution,139130,iM금융지주,359869,481026,121157,6461771145,8665068440,2203297295,KRX MDCSTAT02401_OUT
weekly,KOSPI200,institution,030200,KT,681415,721913,40498,36173216400,38366593150,2193376750,KRX MDCSTAT02401_OUT
weekly,KOSPI200,institution,035250,강원랜드,238806,389559,150753,3433835460,5615022105,2181186645,KRX MDCSTAT02401_OUT
weekly,KOSPI200,institution,002790,아모레퍼시픽홀딩스,65982,139035,73053,1741617975,3667814400,1926196425,KRX MDCSTAT02401_OUT
weekly,KOSPI200,institution,000240,한국앤컴퍼니,81295,158454,77159,1993023500,3892781525,1899758025,KRX MDCSTAT02401_OUT
weekly,KOSPI200,institution,012750,에스원,64393,86757,22364,5354714550,7228309000,1873594450,KRX MDCSTAT02401_OUT
weekly,KOSPI200,institution,005830,DB손해보험,241506,247698,6192,45302108900,46911157150,1609048250,KRX MDCSTAT02401_OUT
weekly,KOSPI200,institution,271560,오리온,66078,80063,13985,7327563850,8926869250,1599305400,KRX MDCSTAT02401_OUT
weekly,KOSPI200,institution,071320,지역난방공사,6212,25753,19541,479474450,1984940200,1505465750,KRX MDCSTAT02401_OUT
weekly,KOSPI200,institution,326030,SK바이오팜,60212,78891,18679,4666063050,6134900650,1468837600,KRX MDCSTAT02401_OUT
weekly,KOSPI200,institution,000990,DB하이텍,469029,476086,7057,59891793195,61324176500,1432383305,KRX MDCSTAT02401_OUT
weekly,KOSPI200,institution,018880,한온시스템,1467788,1868681,400893,4856264361,6270942978,1414678617,KRX MDCSTAT02401_OUT
weekly,KOSPI200,institution,000100,유한양행,194895,212491,17596,14740648000,16112373550,1371725550,KRX MDCSTAT02401_OUT
weekly,KOSPI200,institution,267270,HD건설기계,330756,329125,-1631,45216681100,46232569500,1015888400,KRX MDCSTAT02401_OUT
weekly,KOSPI200,institution,300720,한일시멘트,48803,105510,56707,788676760,1711628380,922951620,KRX MDCSTAT02401_OUT
weekly,KOSPI200,institution,241560,두산밥캣,121426,133757,12331,7140921700,7895248200,754326500,KRX MDCSTAT02401_OUT
weekly,KOSPI200,institution,000670,영풍,84169,99104,14935,3815056825,4535089600,720032775,KRX MDCSTAT02401_OUT
weekly,KOSPI200,institution,457190,이수스페셜티케미컬,70984,80268,9284,4580272900,5188895300,608622400,KRX MDCSTAT02401_OUT
weekly,KOSPI200,institution,071970,HD현대마린엔진,157560,165658,8098,7886919475,8440048600,553129125,KRX MDCSTAT02401_OUT
weekly,KOSPI200,institution,111770,영원무역,48916,56184,7268,3480074700,4031011350,550936650,KRX MDCSTAT02401_OUT
weekly,KOSPI200,institution,069260,TKG휴켐스,41426,75093,33667,673161100,1221206790,548045690,KRX MDCSTAT02401_OUT
weekly,KOSPI200,institution,081660,미스토홀딩스,135129,148606,13477,5133370800,5670803975,537433175,KRX MDCSTAT02401_OUT
weekly,KOSPI200,institution,450080,에코프로머티,216974,230776,13802,7592334450,8094784325,502449875,KRX MDCSTAT02401_OUT
weekly,KOSPI200,institution,009970,영원무역홀딩스,10044,12824,2780,1667184750,2141994250,474809500,KRX MDCSTAT02401_OUT
weekly,KOSPI200,institution,002030,아세아,1373,3096,1723,293670000,669233500,375563500,KRX MDCSTAT02401_OUT
weekly,KOSPI200,institution,001800,오리온홀딩스,61105,75383,14278,1463029700,1815471150,352441450,KRX MDCSTAT02401_OUT
weekly,KOSPI200,institution,298050,HS효성첨단소재,10246,12078,1832,1665609600,1974677500,309067900,KRX MDCSTAT02401_OUT
weekly,KOSPI200,institution,034220,LG디스플레이,874994,910101,35107,7431390885,7730270875,298879990,KRX MDCSTAT02401_OUT
weekly,KOSPI200,institution,022100,포스코DX,174549,184115,9566,3570382835,3798761395,228378560,KRX MDCSTAT02401_OUT
weekly,KOSPI200,institution,005420,코스모화학,62950,82911,19961,644813790,853170545,208356755,KRX MDCSTAT02401_OUT
weekly,KOSPI200,institution,001680,대상,41005,50675,9670,730927225,903705465,172778240,KRX MDCSTAT02401_OUT
weekly,KOSPI200,institution,137310,에스디바이오센서,66394,93164,26770,405495800,570258155,164762355,KRX MDCSTAT02401_OUT
weekly,KOSPI200,institution,000080,하이트진로,77884,88161,10277,1167804965,1322968335,155163370,KRX MDCSTAT02401_OUT
weekly,KOSPI200,institution,008730,율촌화학,23080,33106,10026,344306420,496131885,151825465,KRX MDCSTAT02401_OUT
weekly,KOSPI200,institution,454910,두산로보틱스,123639,125269,1630,8633923050,8776696100,142773050,KRX MDCSTAT02401_OUT
weekly,KOSPI200,institution,007310,오뚜기,3683,4107,424,1158465000,1297525750,139060750,KRX MDCSTAT02401_OUT
weekly,KOSPI200,institution,185750,종근당,9697,11289,1592,626272250,730062800,103790550,KRX MDCSTAT02401_OUT
weekly,KOSPI200,institution,002840,미원상사,2028,2783,755,272366050,375151800,102785750,KRX MDCSTAT02401_OUT
weekly,KOSPI200,institution,026960,동서,74792,78327,3535,1899509100,1993344375,93835275,KRX MDCSTAT02401_OUT
weekly,KOSPI200,institution,069620,대웅제약,15466,15880,414,1680454800,1736523550,56068750,KRX MDCSTAT02401_OUT
weekly,KOSPI200,institution,014820,동원시스템즈,45086,46503,1417,952190150,985746850,33556700,KRX MDCSTAT02401_OUT
weekly,KOSPI200,institution,034230,파라다이스,136184,138906,2722,1310275495,1334292170,24016675,KRX MDCSTAT02401_OUT
weekly,KOSPI200,institution,011210,현대위아,33963,34225,262,1825629150,1848889600,23260450,KRX MDCSTAT02401_OUT
weekly,KOSPI200,institution,268280,미원에스씨,1923,2019,96,253008650,266225550,13216900,KRX MDCSTAT02401_OUT
weekly,KOSPI200,institution,120110,코오롱인더,172061,167831,-4230,9504582550,9517785050,13202500,KRX MDCSTAT02401_OUT
weekly,KOSPI200,institution,005300,롯데칠성,10332,10174,-158,980715100,966189950,-14525150,KRX MDCSTAT02401_OUT
weekly,KOSPI200,institution,007700,F&F홀딩스,11132,5737,-5395,149456200,77585180,-71871020,KRX MDCSTAT02401_OUT
weekly,KOSPI200,institution,003090,대웅,103434,97953,-5481,1642304945,1557646950,-84657995,KRX MDCSTAT02401_OUT
weekly,KOSPI200,institution,006280,녹십자,20460,19536,-924,2529948500,2408347850,-121600650,KRX MDCSTAT02401_OUT
weekly,KOSPI200,institution,003240,태광산업,1951,1753,-198,1759105500,1583931500,-175174000,KRX MDCSTAT02401_OUT
weekly,KOSPI200,institution,009540,HD한국조선해양,190240,188773,-1467,64747890750,64572136000,-175754750,KRX MDCSTAT02401_OUT
weekly,KOSPI200,institution,008770,호텔신라,86888,78831,-8057,3506898075,3194496825,-312401250,KRX MDCSTAT02401_OUT
weekly,KOSPI200,institution,000880,한화,61898,59389,-2509,8312827950,7954307150,-358520800,KRX MDCSTAT02401_OUT
weekly,KOSPI200,institution,0126Z0,삼성에피스홀딩스,15880,14216,-1664,5243289750,4722814750,-520475000,KRX MDCSTAT02401_OUT
weekly,KOSPI200,institution,006040,동원산업,41416,26035,-15381,1468284350,925818100,-542466250,KRX MDCSTAT02401_OUT
weekly,KOSPI200,institution,073240,금호타이어,403277,312980,-90297,2747375005,2142419085,-604955920,KRX MDCSTAT02401_OUT
weekly,KOSPI200,institution,302440,SK바이오사이언스,87120,63537,-23583,3115499775,2274200875,-841298900,KRX MDCSTAT02401_OUT
weekly,KOSPI200,institution,443060,HD현대마린솔루션,97148,93065,-4083,23107332000,22255062250,-852269750,KRX MDCSTAT02401_OUT
weekly,KOSPI200,institution,003030,세아제강지주,44118,35261,-8857,4625772100,3762597300,-863174800,KRX MDCSTAT02401_OUT
weekly,KOSPI200,institution,282330,BGF리테일,42212,34435,-7777,5780942600,4741794100,-1039148500,KRX MDCSTAT02401_OUT
weekly,KOSPI200,institution,029780,삼성카드,153929,127699,-26230,6615433000,5573190125,-1042242875,KRX MDCSTAT02401_OUT
weekly,KOSPI200,institution,006650,대한유화,65421,53172,-12249,6245874000,5177660500,-1068213500,KRX MDCSTAT02401_OUT
weekly,KOSPI200,institution,280360,롯데웰푸드,33567,24529,-9038,4275226500,3122458800,-1152767700,KRX MDCSTAT02401_OUT
weekly,KOSPI200,institution,307950,현대오토에버,46058,42082,-3976,17126974250,15953493750,-1173480500,KRX MDCSTAT02401_OUT
weekly,KOSPI200,institution,251270,넷마블,160851,124010,-36841,5547474150,4279289350,-1268184800,KRX MDCSTAT02401_OUT
weekly,KOSPI200,institution,039490,키움증권,96858,91576,-5282,25569043500,24241681250,-1327362250,KRX MDCSTAT02401_OUT
weekly,KOSPI200,institution,192080,더블유게임즈,74189,50878,-23311,4317060050,2969366150,-1347693900,KRX MDCSTAT02401_OUT
weekly,KOSPI200,institution,071050,한국금융지주,271576,262462,-9114,50454128050,49015336800,-1438791250,KRX MDCSTAT02401_OUT
weekly,KOSPI200,institution,088350,한화생명,2429850,2133494,-296356,13953396000,12481163295,-1472232705,KRX MDCSTAT02401_OUT
weekly,KOSPI200,institution,069960,현대백화점,74415,58537,-15878,7334324300,5819575150,-1514749150,KRX MDCSTAT02401_OUT
weekly,KOSPI200,institution,018260,삼성에스디에스,128401,120421,-7980,28334249750,26789862500,-1544387250,KRX MDCSTAT02401_OUT
weekly,KOSPI200,institution,004000,롯데정밀화학,73210,37298,-35912,3223737375,1652473700,-1571263675,KRX MDCSTAT02401_OUT
weekly,KOSPI200,institution,285130,SK케미칼,105058,72734,-32324,5289537300,3697883625,-1591653675,KRX MDCSTAT02401_OUT
weekly,KOSPI200,institution,017960,한국카본,167751,85448,-82303,3464622725,1786143050,-1678479675,KRX MDCSTAT02401_OUT
weekly,KOSPI200,institution,005850,에스엘,93455,54504,-38951,4581130350,2713863100,-1867267250,KRX MDCSTAT02401_OUT
weekly,KOSPI200,institution,004020,현대제철,1015272,945613,-69659,34691104900,32812369675,-1878735225,KRX MDCSTAT02401_OUT
weekly,KOSPI200,institution,000120,CJ대한통운,63262,32056,-31206,4474501900,2276411350,-2198090550,KRX MDCSTAT02401_OUT
weekly,KOSPI200,institution,259960,크래프톤,79140,66172,-12968,15931974300,13375866650,-2556107650,KRX MDCSTAT02401_OUT
weekly,KOSPI200,institution,298020,효성티앤씨,20173,11610,-8563,6379217500,3699085500,-2680132000,KRX MDCSTAT02401_OUT
weekly,KOSPI200,institution,028670,팬오션,2185099,1689664,-495435,12533480650,9787591280,-2745889370,KRX MDCSTAT02401_OUT
weekly,KOSPI200,institution,138930,BNK금융지주,1009461,826596,-182865,15902806415,13059553840,-2843252575,KRX MDCSTAT02401_OUT
weekly,KOSPI200,institution,002380,KCC,22003,15005,-6998,10265303750,7029813500,-3235490250,KRX MDCSTAT02401_OUT
weekly,KOSPI200,institution,004370,농심,31106,22727,-8379,12204794000,8917286250,-3287507750,KRX MDCSTAT02401_OUT
weekly,KOSPI200,institution,001040,CJ,123889,95613,-28276,16086220900,12486076650,-3600144250,KRX MDCSTAT02401_OUT
weekly,KOSPI200,institution,377300,카카오페이,321580,222862,-98718,12930929500,9086018225,-3844911275,KRX MDCSTAT02401_OUT
weekly,KOSPI200,institution,097950,CJ제일제당,92659,68215,-24444,16254135350,12019359150,-4234776200,KRX MDCSTAT02401_OUT
weekly,KOSPI200,institution,011780,금호석유화학,70541,33467,-37074,8374752700,3987053200,-4387699500,KRX MDCSTAT02401_OUT
weekly,KOSPI200,institution,006800,미래에셋증권,1502885,1350411,-152474,48639971550,44169919025,-4470052525,KRX MDCSTAT02401_OUT
weekly,KOSPI200,institution,010120,LS ELECTRIC,381067,358083,-22984,79090524300,74476526850,-4613997450,KRX MDCSTAT02401_OUT
weekly,KOSPI200,institution,298040,효성중공업,37031,35371,-1660,107488719000,102748203000,-4740516000,KRX MDCSTAT02401_OUT
weekly,KOSPI200,institution,007070,GS리테일,360211,151021,-209190,8404133625,3542876100,-4861257525,KRX MDCSTAT02401_OUT
weekly,KOSPI200,institution,204320,HL만도,227586,106626,-120960,10685541350,5053583650,-5631957700,KRX MDCSTAT02401_OUT
weekly,KOSPI200,institution,009420,한올바이오파마,327600,206267,-121333,15527116500,9803733275,-5723383225,KRX MDCSTAT02401_OUT
weekly,KOSPI200,institution,161390,한국타이어앤테크놀로지,313560,207411,-106149,18199599300,12161298350,-6038300950,KRX MDCSTAT02401_OUT
weekly,KOSPI200,institution,064350,현대로템,347903,292441,-55462,41689549950,35330839750,-6358710200,KRX MDCSTAT02401_OUT
weekly,KOSPI200,institution,192820,코스맥스,147501,121181,-26320,40220478250,33232728750,-6987749500,KRX MDCSTAT02401_OUT
weekly,KOSPI200,institution,161890,한국콜마,290111,240474,-49637,42565992500,35404662650,-7161329850,KRX MDCSTAT02401_OUT
weekly,KOSPI200,institution,010130,고려아연,22006,15430,-6576,24675621000,17353395500,-7322225500,KRX MDCSTAT02401_OUT
weekly,KOSPI200,institution,001440,대한전선,1688409,1377957,-310452,52537740950,42626371025,-9911369925,KRX MDCSTAT02401_OUT
weekly,KOSPI200,institution,064400,LG씨엔에스,338280,182584,-155696,23696527800,12854585650,-10841942150,KRX MDCSTAT02401_OUT
weekly,KOSPI200,institution,267250,HD현대,235338,180126,-55212,49678531000,38391436250,-11287094750,KRX MDCSTAT02401_OUT
weekly,KOSPI200,institution,001450,현대해상,603834,362138,-241696,29000382500,17556115400,-11444267100,KRX MDCSTAT02401_OUT
weekly,KOSPI200,institution,066970,엘앤에프,709907,594849,-115058,77116171900,65150129850,-11966042050,KRX MDCSTAT02401_OUT
weekly,KOSPI200,institution,042660,한화오션,772145,598363,-173782,63127177400,49529158000,-13598019400,KRX MDCSTAT02401_OUT
weekly,KOSPI200,institution,086280,현대글로비스,226062,152171,-73891,45471883700,30864272650,-14607611050,KRX MDCSTAT02401_OUT
weekly,KOSPI200,institution,023530,롯데쇼핑,266835,124021,-142814,29508109500,13908036450,-15600073050,KRX MDCSTAT02401_OUT
weekly,KOSPI200,institution,010060,OCI홀딩스,274601,188081,-86520,53634987750,37543025150,-16091962600,KRX MDCSTAT02401_OUT
weekly,KOSPI200,institution,093370,후성,2132190,850272,-1281918,30171784200,12164657180,-18007127020,KRX MDCSTAT02401_OUT
weekly,KOSPI200,institution,052690,한전기술,546448,398835,-147613,72875390650,53809872100,-19065518550,KRX MDCSTAT02401_OUT
weekly,KOSPI200,institution,012330,현대모비스,295031,241795,-53236,110835863000,91391004250,-19444858750,KRX MDCSTAT02401_OUT
weekly,KOSPI200,institution,033780,KT&G,357960,234270,-123690,61955836900,40620411200,-21335425700,KRX MDCSTAT02401_OUT
weekly,KOSPI200,institution,015760,한국전력,2150089,1375981,-774108,65960413450,42473984425,-23486429025,KRX MDCSTAT02401_OUT
weekly,KOSPI200,institution,047040,대우건설,5310242,3810718,-1499524,97198631400,71400146770,-25798484630,KRX MDCSTAT02401_OUT
weekly,KOSPI200,institution,005490,POSCO홀딩스,294010,211424,-82586,93785591750,67913815250,-25871776500,KRX MDCSTAT02401_OUT
weekly,KOSPI200,institution,373220,LG에너지솔루션,450369,374498,-75871,159921771750,133951157250,-25970614500,KRX MDCSTAT02401_OUT
weekly,KOSPI200,institution,004170,신세계,148865,74708,-74157,53054084250,26799919750,-26254164500,KRX MDCSTAT02401_OUT
weekly,KOSPI200,institution,278470,에이피알,291219,214675,-76544,105252303500,78275468250,-26976835250,KRX MDCSTAT02401_OUT
weekly,KOSPI200,institution,003230,삼양식품,72277,49030,-23247,90243986000,62968959000,-27275027000,KRX MDCSTAT02401_OUT
weekly,KOSPI200,institution,329180,HD현대중공업,337599,272410,-65189,152725972250,125002208750,-27723763500,KRX MDCSTAT02401_OUT
weekly,KOSPI200,institution,352820,하이브,356677,171178,-185499,57537377250,27732722400,-29804654850,KRX MDCSTAT02401_OUT
weekly,KOSPI200,institution,000270,기아,1070828,787859,-282969,127504020600,94511071150,-32992949450,KRX MDCSTAT02401_OUT
weekly,KOSPI200,institution,078930,GS,807835,459846,-347989,89426268950,51449578550,-37976690400,KRX MDCSTAT02401_OUT
weekly,KOSPI200,institution,000720,현대건설,1145200,827105,-318095,143407753650,105185734350,-38222019300,KRX MDCSTAT02401_OUT
weekly,KOSPI200,institution,207940,삼성바이오로직스,62315,33611,-28704,86678067500,46866751500,-39811316000,KRX MDCSTAT02401_OUT
weekly,KOSPI200,institution,017670,SK텔레콤,1139860,667921,-471939,99759712950,58745988500,-41013724450,KRX MDCSTAT02401_OUT
weekly,KOSPI200,institution,005380,현대차,661304,531448,-129856,238412441500,192908419000,-45504022500,KRX MDCSTAT02401_OUT
weekly,KOSPI200,institution,006400,삼성SDI,469768,308434,-161334,248704484500,164187413500,-84517071000,KRX MDCSTAT02401_OUT
weekly,KOSPI200,institution,034020,두산에너빌리티,3687849,2351336,-1336513,311336127350,200148624500,-111187502850,KRX MDCSTAT02401_OUT
weekly,KOSPI200,institution,035420,NAVER,1614851,665645,-949206,319235182400,132472381650,-186762800750,KRX MDCSTAT02401_OUT
weekly,KOSDAQ150,foreign,036540,SFA반도체,8950499,14849936,5899437,91264122240,151539222780,60275100540,KRX MDCSTAT02401_OUT
weekly,KOSDAQ150,foreign,067310,하나마이크론,3689899,4929517,1239618,157389312850,210219337150,52830024300,KRX MDCSTAT02401_OUT
weekly,KOSDAQ150,foreign,319400,현대무벡스,4090185,6845680,2755495,90703838668,140556884093,49853045425,KRX MDCSTAT02401_OUT
weekly,KOSDAQ150,foreign,095610,테스,114748,341339,226591,16696849800,50894911050,34198061250,KRX MDCSTAT02401_OUT
weekly,KOSDAQ150,foreign,222800,심텍,1084906,1296995,212089,153766456450,186716246000,32949789550,KRX MDCSTAT02401_OUT
weekly,KOSDAQ150,foreign,247540,에코프로비엠,557321,793279,235958,58016927750,82930365250,24913437500,KRX MDCSTAT02401_OUT
weekly,KOSDAQ150,foreign,298380,에이비엘바이오,562508,1032664,470156,30585621350,55430188450,24844567100,KRX MDCSTAT02401_OUT
weekly,KOSDAQ150,foreign,257720,실리콘투,866398,1255817,389419,35815759900,51430046975,15614287075,KRX MDCSTAT02401_OUT
weekly,KOSDAQ150,foreign,214450,파마리서치,82837,125067,42230,27123580750,40874603500,13751022750,KRX MDCSTAT02401_OUT
weekly,KOSDAQ150,foreign,080220,제주반도체,885033,1065312,180279,67185947050,80562462650,13376515600,KRX MDCSTAT02401_OUT
weekly,KOSDAQ150,foreign,089030,테크윙,724419,991417,266998,34522664600,47397111675,12874447075,KRX MDCSTAT02401_OUT
weekly,KOSDAQ150,foreign,053800,안랩,220882,391021,170139,15138804400,26950540300,11811735900,KRX MDCSTAT02401_OUT
weekly,KOSDAQ150,foreign,226950,올릭스,261228,374166,112938,28810973150,40406246950,11595273800,KRX MDCSTAT02401_OUT
weekly,KOSDAQ150,foreign,096530,씨젠,349844,607785,257941,11853765675,20586485000,8732719325,KRX MDCSTAT02401_OUT
weekly,KOSDAQ150,foreign,403870,HPSP,1673267,1827440,154173,90918828100,99314036250,8395208150,KRX MDCSTAT02401_OUT
weekly,KOSDAQ150,foreign,347850,디앤디파마텍,769847,949069,179222,34685171100,42563256825,7878085725,KRX MDCSTAT02401_OUT
weekly,KOSDAQ150,foreign,005290,동진쎄미켐,411845,560532,148687,18045718450,24522710575,6476992125,KRX MDCSTAT02401_OUT
weekly,KOSDAQ150,foreign,232140,와이씨,5853812,6220659,366847,81890571060,86511276975,4620705915,KRX MDCSTAT02401_OUT
weekly,KOSDAQ150,foreign,030530,원익홀딩스,2664115,2820087,155972,73510876400,77775927000,4265050600,KRX MDCSTAT02401_OUT
weekly,KOSDAQ150,foreign,090360,로보스타,87806,141588,53782,6929216750,11175778450,4246561700,KRX MDCSTAT02401_OUT
weekly,KOSDAQ150,foreign,084370,유진테크,381285,408774,27489,55537262300,59406915800,3869653500,KRX MDCSTAT02401_OUT
weekly,KOSDAQ150,foreign,141080,리가켐바이오,277260,321832,44572,22687416400,26371434950,3684018550,KRX MDCSTAT02401_OUT
weekly,KOSDAQ150,foreign,060370,LS마린솔루션,262877,358916,96039,8775942700,12128108250,3352165550,KRX MDCSTAT02401_OUT
weekly,KOSDAQ150,foreign,033100,제룡전기,108199,165242,57043,5167126725,7902349600,2735222875,KRX MDCSTAT02401_OUT
weekly,KOSDAQ150,foreign,124500,아이티센글로벌,187040,258670,71630,5581472850,7668787900,2087315050,KRX MDCSTAT02401_OUT
weekly,KOSDAQ150,foreign,437730,삼현,941239,974833,33594,50920919725,52834780975,1913861250,KRX MDCSTAT02401_OUT
weekly,KOSDAQ150,foreign,052400,코나아이,35444,80083,44639,1333436925,3014479425,1681042500,KRX MDCSTAT02401_OUT
weekly,KOSDAQ150,foreign,445680,큐리옥스바이오시스템즈,113209,145185,31976,5296628125,6864748225,1568120100,KRX MDCSTAT02401_OUT
weekly,KOSDAQ150,foreign,039030,이오테크닉스,137870,141322,3452,64833590000,66383199250,1549609250,KRX MDCSTAT02401_OUT
weekly,KOSDAQ150,foreign,074600,원익QnC,231826,285887,54061,6549041950,8065431050,1516389100,KRX MDCSTAT02401_OUT
weekly,KOSDAQ150,foreign,056080,유진로봇,1088976,1308876,219900,13452860660,14822727005,1369866345,KRX MDCSTAT02401_OUT
weekly,KOSDAQ150,foreign,348210,넥스틴,73574,109772,36198,2414629375,3587621975,1172992600,KRX MDCSTAT02401_OUT
weekly,KOSDAQ150,foreign,241710,코스메카코리아,137004,146682,9678,17921483100,18921773800,1000290700,KRX MDCSTAT02401_OUT
weekly,KOSDAQ150,foreign,0009K0,에임드바이오,362801,407826,45025,7889013025,8833407425,944394400,KRX MDCSTAT02401_OUT
weekly,KOSDAQ150,foreign,290650,엘앤씨바이오,228971,245998,17027,10647541650,11495139600,847597950,KRX MDCSTAT02401_OUT
weekly,KOSDAQ150,foreign,036830,솔브레인홀딩스,199698,219649,19951,8106568625,8913861725,807293100,KRX MDCSTAT02401_OUT
weekly,KOSDAQ150,foreign,007390,네이처셀,178253,210061,31808,4406230800,5206619550,800388750,KRX MDCSTAT02401_OUT
weekly,KOSDAQ150,foreign,032190,다우데이타,62260,95873,33613,1243759545,1917662745,673903200,KRX MDCSTAT02401_OUT
weekly,KOSDAQ150,foreign,171090,선익시스템,42280,51543,9263,2992823250,3652387600,659564350,KRX MDCSTAT02401_OUT
weekly,KOSDAQ150,foreign,064760,티씨케이,78605,81826,3221,21500380500,22148666750,648286250,KRX MDCSTAT02401_OUT
weekly,KOSDAQ150,foreign,078340,컴투스,133165,150894,17729,4560232175,5176614975,616382800,KRX MDCSTAT02401_OUT
weekly,KOSDAQ150,foreign,183300,코미코,1643277,1658424,15147,50931749500,51546061225,614311725,KRX MDCSTAT02401_OUT
weekly,KOSDAQ150,foreign,060250,NHN KCP,338947,381067,42120,4494444875,5048633960,554189085,KRX MDCSTAT02401_OUT
weekly,KOSDAQ150,foreign,090710,휴림로봇,2246638,2329032,82394,14555562010,15083034065,527472055,KRX MDCSTAT02401_OUT
weekly,KOSDAQ150,foreign,194480,데브시스터즈,41868,78643,36775,596552400,1122097200,525544800,KRX MDCSTAT02401_OUT
weekly,KOSDAQ150,foreign,388720,유일로보틱스,22391,29051,6660,1551807500,2014990700,463183200,KRX MDCSTAT02401_OUT
weekly,KOSDAQ150,foreign,358570,지아이이노베이션,662102,712702,50600,6130492790,6589668415,459175625,KRX MDCSTAT02401_OUT
weekly,KOSDAQ150,foreign,399720,가온칩스,237025,247136,10111,10723644725,11136837225,413192500,KRX MDCSTAT02401_OUT
weekly,KOSDAQ150,foreign,042000,카페24,388983,403972,14989,6590515670,6868200600,277684930,KRX MDCSTAT02401_OUT
weekly,KOSDAQ150,foreign,278280,천보,77507,84633,7126,2771044050,3014791925,243747875,KRX MDCSTAT02401_OUT
weekly,KOSDAQ150,foreign,031980,피에스케이홀딩스,168518,169707,1189,27577507100,27816249450,238742350,KRX MDCSTAT02401_OUT
weekly,KOSDAQ150,foreign,112040,위메이드,243771,256206,12435,3684969295,3885908690,200939395,KRX MDCSTAT02401_OUT
weekly,KOSDAQ150,foreign,293490,카카오게임즈,429973,443923,13950,3936877775,4053188015,116310240,KRX MDCSTAT02401_OUT
weekly,KOSDAQ150,foreign,067160,SOOP,104459,105285,826,3848006026,3883545726,35539700,KRX MDCSTAT02401_OUT
weekly,KOSDAQ150,foreign,215200,메가스터디교육,135193,135782,589,4861628750,4887278175,25649425,KRX MDCSTAT02401_OUT
weekly,KOSDAQ150,foreign,025320,시노펙스,618436,621315,2879,2361032298,2370811578,9779280,KRX MDCSTAT02401_OUT
weekly,KOSDAQ150,foreign,352480,씨앤씨인터내셔널,21371,15999,-5372,473349550,353141175,-120208375,KRX MDCSTAT02401_OUT
weekly,KOSDAQ150,foreign,009520,포스코엠텍,155958,143246,-12712,1958416860,1810116245,-148300615,KRX MDCSTAT02401_OUT
weekly,KOSDAQ150,foreign,025900,동화기업,56416,29996,-26420,385797600,205102840,-180694760,KRX MDCSTAT02401_OUT
weekly,KOSDAQ150,foreign,069080,웹젠,323485,303419,-20066,3579815585,3357733420,-222082165,KRX MDCSTAT02401_OUT
weekly,KOSDAQ150,foreign,039200,오스코텍,242401,235872,-6529,8858579100,8622729575,-235849525,KRX MDCSTAT02401_OUT
weekly,KOSDAQ150,foreign,101730,위메이드맥스,501501,451896,-49605,2420115884,2183269987,-236845897,KRX MDCSTAT02401_OUT
weekly,KOSDAQ150,foreign,015750,성우하이텍,338618,288975,-49643,2000077565,1714913000,-285164565,KRX MDCSTAT02401_OUT
weekly,KOSDAQ150,foreign,065350,신성델타테크,207950,197307,-10643,6456836375,6139966275,-316870100,KRX MDCSTAT02401_OUT
weekly,KOSDAQ150,foreign,204270,제이앤티씨,1842682,1805356,-37326,45248282300,44910423350,-337858950,KRX MDCSTAT02401_OUT
weekly,KOSDAQ150,foreign,082270,젬백스,284238,247925,-36313,2927871480,2584778340,-343093140,KRX MDCSTAT02401_OUT
weekly,KOSDAQ150,foreign,014620,성광벤드,339475,331306,-8169,10949721825,10605169625,-344552200,KRX MDCSTAT02401_OUT
weekly,KOSDAQ150,foreign,272290,이녹스첨단소재,158684,137664,-21020,3307063125,2864067900,-442995225,KRX MDCSTAT02401_OUT
weekly,KOSDAQ150,foreign,030520,한컴,183666,156388,-27278,3100668330,2651596690,-449071640,KRX MDCSTAT02401_OUT
weekly,KOSDAQ150,foreign,036620,감성코퍼레이션,324611,192302,-132309,1207485213,716057225,-491427988,KRX MDCSTAT02401_OUT
weekly,KOSDAQ150,foreign,211050,인카금융서비스,141108,93091,-48017,1454093270,943467210,-510626060,KRX MDCSTAT02401_OUT
weekly,KOSDAQ150,foreign,038500,삼표시멘트,415225,334451,-80774,2815791455,2273509065,-542282390,KRX MDCSTAT02401_OUT
weekly,KOSDAQ150,foreign,214370,케어젠,127083,113515,-13568,5119820425,4568264275,-551556150,KRX MDCSTAT02401_OUT
weekly,KOSDAQ150,foreign,348370,엔켐,615610,586715,-28895,11578153835,10999921470,-578232365,KRX MDCSTAT02401_OUT
weekly,KOSDAQ150,foreign,098460,고영,1557455,1522266,-35189,44291879675,43637622575,-654257100,KRX MDCSTAT02401_OUT
weekly,KOSDAQ150,foreign,253590,네오셈,1763115,1720084,-43031,23579497380,22917676775,-661820605,KRX MDCSTAT02401_OUT
weekly,KOSDAQ150,foreign,095660,네오위즈,97486,57538,-39948,1728173775,1018788810,-709384965,KRX MDCSTAT02401_OUT
weekly,KOSDAQ150,foreign,376300,디어유,95276,52869,-42407,1626070905,902167890,-723903015,KRX MDCSTAT02401_OUT
weekly,KOSDAQ150,foreign,214430,아이쓰리시스템,47524,36525,-10999,3129775800,2391408600,-738367200,KRX MDCSTAT02401_OUT
weekly,KOSDAQ150,foreign,048410,현대바이오,1318467,1206470,-111997,9095455735,8341034660,-754421075,KRX MDCSTAT02401_OUT
weekly,KOSDAQ150,foreign,006730,서부T&D,357360,284092,-73268,3953834360,3086600975,-867233385,KRX MDCSTAT02401_OUT
weekly,KOSDAQ150,foreign,000250,삼천당제약,99380,93619,-5761,16039931400,15165969450,-873961950,KRX MDCSTAT02401_OUT
weekly,KOSDAQ150,foreign,253450,스튜디오드래곤,116952,74201,-42751,2434251850,1544444350,-889807500,KRX MDCSTAT02401_OUT
weekly,KOSDAQ150,foreign,277810,레인보우로보틱스,88119,85662,-2457,38394324000,37455564000,-938760000,KRX MDCSTAT02401_OUT
weekly,KOSDAQ150,foreign,085660,차바이오텍,553224,432185,-121039,4358712800,3415025710,-943687090,KRX MDCSTAT02401_OUT
weekly,KOSDAQ150,foreign,195940,HK이노엔,195490,170773,-24717,7595554775,6632303950,-963250825,KRX MDCSTAT02401_OUT
weekly,KOSDAQ150,foreign,025980,아난티,2135943,1940281,-195662,11235255165,10251094930,-984160235,KRX MDCSTAT02401_OUT
weekly,KOSDAQ150,foreign,035760,CJ ENM,149318,120559,-28759,5616597900,4534562750,-1082035150,KRX MDCSTAT02401_OUT
weekly,KOSDAQ150,foreign,033500,동성화인텍,161629,91944,-69685,2643417040,1511470450,-1131946590,KRX MDCSTAT02401_OUT
weekly,KOSDAQ150,foreign,060280,큐렉소,424977,273066,-151911,3446149620,2216226530,-1229923090,KRX MDCSTAT02401_OUT
weekly,KOSDAQ150,foreign,108490,로보티즈,282261,277236,-5025,86398199750,85071872750,-1326327000,KRX MDCSTAT02401_OUT
weekly,KOSDAQ150,foreign,003380,하림지주,699689,560537,-139152,7709035980,6158727170,-1550308810,KRX MDCSTAT02401_OUT
weekly,KOSDAQ150,foreign,213420,덕산네오룩스,290087,233547,-56540,8582089975,6879634625,-1702455350,KRX MDCSTAT02401_OUT
weekly,KOSDAQ150,foreign,018290,브이티,309625,140404,-169221,3566709485,1612930775,-1953778710,KRX MDCSTAT02401_OUT
weekly,KOSDAQ150,foreign,466100,클로봇,393991,306321,-87670,9153865275,7136521225,-2017344050,KRX MDCSTAT02401_OUT
weekly,KOSDAQ150,foreign,166090,하나머티리얼즈,184840,148029,-36811,10452522900,8389312900,-2063210000,KRX MDCSTAT02401_OUT
weekly,KOSDAQ150,foreign,036810,에프에스티,312354,242847,-69507,9113415800,7040309250,-2073106550,KRX MDCSTAT02401_OUT
weekly,KOSDAQ150,foreign,068760,셀트리온제약,441079,383637,-57442,17197511200,14968377425,-2229133775,KRX MDCSTAT02401_OUT
weekly,KOSDAQ150,foreign,056190,SFA,286489,206703,-79786,8057821525,5812028150,-2245793375,KRX MDCSTAT02401_OUT
weekly,KOSDAQ150,foreign,058610,에스피지,290496,268000,-22496,29111418500,26782277450,-2329141050,KRX MDCSTAT02401_OUT
weekly,KOSDAQ150,foreign,251970,펌텍코리아,143745,108696,-35049,8873006300,6465949600,-2407056700,KRX MDCSTAT02401_OUT
weekly,KOSDAQ150,foreign,225570,넥슨게임즈,331542,106003,-225539,3686193825,1171141675,-2515052150,KRX MDCSTAT02401_OUT
weekly,KOSDAQ150,foreign,137400,피엔티,243708,155782,-87926,7053049450,4524769025,-2528280425,KRX MDCSTAT02401_OUT
weekly,KOSDAQ150,foreign,281740,레이크머티리얼즈,569539,324097,-245442,6095218905,3470737185,-2624481720,KRX MDCSTAT02401_OUT
weekly,KOSDAQ150,foreign,237690,에스티팜,134403,103747,-30656,12367819750,9517042250,-2850777500,KRX MDCSTAT02401_OUT
weekly,KOSDAQ150,foreign,189300,인텔리안테크,162183,119535,-42648,11173549050,8214798950,-2958750100,KRX MDCSTAT02401_OUT
weekly,KOSDAQ150,foreign,043260,성호전자,8417666,8285821,-131845,207839685655,204867091280,-2972594375,KRX MDCSTAT02401_OUT
weekly,KOSDAQ150,foreign,475830,오름테라퓨틱,1446775,1333211,-113564,39651476900,36673896450,-2977580450,KRX MDCSTAT02401_OUT
weekly,KOSDAQ150,foreign,100790,미래에셋벤처투자,1470194,1281998,-188196,25420332470,22301232485,-3119099985,KRX MDCSTAT02401_OUT
weekly,KOSDAQ150,foreign,214150,클래시스,475139,375227,-99912,14825348450,11705953675,-3119394775,KRX MDCSTAT02401_OUT
weekly,KOSDAQ150,foreign,032500,케이엠더블유,793648,618479,-175169,15043014750,11740802310,-3302212440,KRX MDCSTAT02401_OUT
weekly,KOSDAQ150,foreign,082920,비츠로셀,1459192,1340818,-118374,42734277275,39315195750,-3419081525,KRX MDCSTAT02401_OUT
weekly,KOSDAQ150,foreign,140860,파크시스템스,87730,73332,-14398,22662023500,18971664000,-3690359500,KRX MDCSTAT02401_OUT
weekly,KOSDAQ150,foreign,101490,에스앤에스텍,333785,249071,-84714,14318891675,10594534500,-3724357175,KRX MDCSTAT02401_OUT
weekly,KOSDAQ150,foreign,122870,와이지엔터테인먼트,214977,128456,-86521,9368040300,5576956375,-3791083925,KRX MDCSTAT02401_OUT
weekly,KOSDAQ150,foreign,099320,쎄트렉아이,149833,95213,-54620,11652192400,7403333350,-4248859050,KRX MDCSTAT02401_OUT
weekly,KOSDAQ150,foreign,125490,한라캐스트,3927401,3589477,-337924,48825725610,44570135480,-4255590130,KRX MDCSTAT02401_OUT
weekly,KOSDAQ150,foreign,263750,펄어비스,464756,340258,-124498,16069081775,11766763900,-4302317875,KRX MDCSTAT02401_OUT
weekly,KOSDAQ150,foreign,161580,필옵틱스,359311,215115,-144196,11566101200,6904454800,-4661646400,KRX MDCSTAT02401_OUT
weekly,KOSDAQ150,foreign,121600,나노신소재,173568,82159,-91409,9018273150,4279264000,-4739009150,KRX MDCSTAT02401_OUT
weekly,KOSDAQ150,foreign,420770,기가비스,486642,447093,-39549,54920809700,50015577400,-4905232300,KRX MDCSTAT02401_OUT
weekly,KOSDAQ150,foreign,078600,대주전자재료,157103,100172,-56931,13782475650,8741337050,-5041138600,KRX MDCSTAT02401_OUT
weekly,KOSDAQ150,foreign,035900,JYP Ent.,379535,231115,-148420,14519374650,8843161450,-5676213200,KRX MDCSTAT02401_OUT
weekly,KOSDAQ150,foreign,036930,주성엔지니어링,1186435,1157065,-29370,244294459500,238614504750,-5679954750,KRX MDCSTAT02401_OUT
weekly,KOSDAQ150,foreign,323280,태성,410764,286704,-124060,19035637850,13245863300,-5789774550,KRX MDCSTAT02401_OUT
weekly,KOSDAQ150,foreign,041190,우리기술투자,6621595,5629813,-991782,39976500515,34132549470,-5843951045,KRX MDCSTAT02401_OUT
weekly,KOSDAQ150,foreign,050890,쏠리드,3356983,2690835,-666148,32350968850,26046950490,-6304018360,KRX MDCSTAT02401_OUT
weekly,KOSDAQ150,foreign,041510,에스엠,318620,222846,-95774,26320775350,18338377950,-7982397400,KRX MDCSTAT02401_OUT
weekly,KOSDAQ150,foreign,328130,루닛,2342952,1458151,-884801,22135783180,13771904630,-8363878550,KRX MDCSTAT02401_OUT
weekly,KOSDAQ150,foreign,310210,보로노이,218457,157850,-60607,31576122200,23146031350,-8430090850,KRX MDCSTAT02401_OUT
weekly,KOSDAQ150,foreign,295310,에이치브이엠,450502,298971,-151531,26985178300,17904183600,-9080994700,KRX MDCSTAT02401_OUT
weekly,KOSDAQ150,foreign,196170,알테오젠,349257,312118,-37139,88692151000,79121371250,-9570779750,KRX MDCSTAT02401_OUT
weekly,KOSDAQ150,foreign,087010,펩트론,240523,172259,-68264,36184309950,25952123350,-10232186600,KRX MDCSTAT02401_OUT
weekly,KOSDAQ150,foreign,417200,LS머트리얼즈,2432706,1644745,-787961,32683303315,22052193755,-10631109560,KRX MDCSTAT02401_OUT
weekly,KOSDAQ150,foreign,083650,비에이치아이,776228,597842,-178386,48743419800,38059180300,-10684239500,KRX MDCSTAT02401_OUT
weekly,KOSDAQ150,foreign,086520,에코프로,681336,547662,-133674,55180257000,44270019500,-10910237500,KRX MDCSTAT02401_OUT
weekly,KOSDAQ150,foreign,131290,티에스이,140489,90685,-49804,36253129000,24108303500,-12144825500,KRX MDCSTAT02401_OUT
weekly,KOSDAQ150,foreign,178320,서진시스템,1871010,1488561,-382449,62563277400,49412172925,-13151104475,KRX MDCSTAT02401_OUT
weekly,KOSDAQ150,foreign,032820,우리기술,6871876,5586850,-1285026,93589268050,76354880545,-17234387505,KRX MDCSTAT02401_OUT
weekly,KOSDAQ150,foreign,095340,ISC,328506,239537,-88969,66067162150,48116367800,-17950794350,KRX MDCSTAT02401_OUT
weekly,KOSDAQ150,foreign,240810,원익IPS,1828926,1671553,-157373,235914358350,214571252800,-21343105550,KRX MDCSTAT02401_OUT
weekly,KOSDAQ150,foreign,089970,브이엠,1949877,1581591,-368286,109933317750,88284210900,-21649106850,KRX MDCSTAT02401_OUT
weekly,KOSDAQ150,foreign,131970,두산테스나,733287,500572,-232715,66706210200,44544083600,-22162126600,KRX MDCSTAT02401_OUT
weekly,KOSDAQ150,foreign,145020,휴젤,291862,181904,-109958,60208545621,37815189271,-22393356350,KRX MDCSTAT02401_OUT
weekly,KOSDAQ150,foreign,028300,HLB,2416876,1447413,-969463,75027111025,45032211750,-29994899275,KRX MDCSTAT02401_OUT
weekly,KOSDAQ150,foreign,218410,RFHIC,1557214,887911,-669303,92531171300,52010841550,-40520329750,KRX MDCSTAT02401_OUT
weekly,KOSDAQ150,foreign,058470,리노공업,2197631,1357552,-840079,159875762500,97900604550,-61975157950,KRX MDCSTAT02401_OUT
weekly,KOSDAQ150,institution,095340,ISC,130147,260964,130817,26237409050,53252698150,27015289100,KRX MDCSTAT02401_OUT
weekly,KOSDAQ150,institution,089970,브이엠,512432,960715,448283,29078456800,55434972850,26356516050,KRX MDCSTAT02401_OUT
weekly,KOSDAQ150,institution,058470,리노공업,795986,1112124,316138,57143322250,80762989100,23619666850,KRX MDCSTAT02401_OUT
weekly,KOSDAQ150,institution,067310,하나마이크론,659544,1092356,432812,28662020950,46565463975,17903443025,KRX MDCSTAT02401_OUT
weekly,KOSDAQ150,institution,420770,기가비스,199670,332767,133097,22220994150,37960925350,15739931200,KRX MDCSTAT02401_OUT
weekly,KOSDAQ150,institution,240810,원익IPS,779571,872462,92891,100435499200,112279750650,11844251450,KRX MDCSTAT02401_OUT
weekly,KOSDAQ150,institution,218410,RFHIC,545532,736489,190957,32248824150,43164321050,10915496900,KRX MDCSTAT02401_OUT
weekly,KOSDAQ150,institution,295310,에이치브이엠,139462,315972,176510,8350011150,19155855950,10805844800,KRX MDCSTAT02401_OUT
weekly,KOSDAQ150,institution,131970,두산테스나,256061,356977,100916,23265796450,32269510950,9003714500,KRX MDCSTAT02401_OUT
weekly,KOSDAQ150,institution,403870,HPSP,698755,822670,123915,37936393450,44757395200,6821001750,KRX MDCSTAT02401_OUT
weekly,KOSDAQ150,institution,183300,코미코,468588,680067,211479,14573887450,21027048975,6453161525,KRX MDCSTAT02401_OUT
weekly,KOSDAQ150,institution,277810,레인보우로보틱스,36859,50806,13947,16093455500,22290637250,6197181750,KRX MDCSTAT02401_OUT
weekly,KOSDAQ150,institution,121600,나노신소재,47230,164562,117332,2446177400,8564538350,6118360950,KRX MDCSTAT02401_OUT
weekly,KOSDAQ150,institution,084370,유진테크,180000,211128,31128,26236719300,31893818850,5657099550,KRX MDCSTAT02401_OUT
weekly,KOSDAQ150,institution,140860,파크시스템스,19562,41017,21455,5015697250,10635103500,5619406250,KRX MDCSTAT02401_OUT
weekly,KOSDAQ150,institution,005290,동진쎄미켐,214788,332034,117246,9302028625,14526239025,5224210400,KRX MDCSTAT02401_OUT
weekly,KOSDAQ150,institution,053800,안랩,34421,102850,68429,2361054500,7175754600,4814700100,KRX MDCSTAT02401_OUT
weekly,KOSDAQ150,institution,056080,유진로봇,95617,443216,347599,1183329850,5285161165,4101831315,KRX MDCSTAT02401_OUT
weekly,KOSDAQ150,institution,417200,LS머트리얼즈,546658,845838,299180,7354355415,11440722440,4086367025,KRX MDCSTAT02401_OUT
weekly,KOSDAQ150,institution,064760,티씨케이,70392,82803,12411,19080650750,22831162000,3750511250,KRX MDCSTAT02401_OUT
weekly,KOSDAQ150,institution,225570,넥슨게임즈,78841,382948,304107,868232020,4245878410,3377646390,KRX MDCSTAT02401_OUT
weekly,KOSDAQ150,institution,043260,성호전자,4563482,4718434,154952,112551497975,115863091390,3311593415,KRX MDCSTAT02401_OUT
weekly,KOSDAQ150,institution,036810,에프에스티,26487,133775,107288,793082350,3982005725,3188923375,KRX MDCSTAT02401_OUT
weekly,KOSDAQ150,institution,082920,비츠로셀,201393,308430,107037,5837273100,8949230500,3111957400,KRX MDCSTAT02401_OUT
weekly,KOSDAQ150,institution,251970,펌텍코리아,131385,174723,43338,7796537450,10788233250,2991695800,KRX MDCSTAT02401_OUT
weekly,KOSDAQ150,institution,166090,하나머티리얼즈,95760,146297,50537,5404593000,8246317200,2841724200,KRX MDCSTAT02401_OUT
weekly,KOSDAQ150,institution,232140,와이씨,438466,634921,196455,6162452540,8997771495,2835318955,KRX MDCSTAT02401_OUT
weekly,KOSDAQ150,institution,328130,루닛,113067,351751,238684,1057890270,3442702645,2384812375,KRX MDCSTAT02401_OUT
weekly,KOSDAQ150,institution,056190,SFA,90932,172370,81438,2570889400,4870918900,2300029500,KRX MDCSTAT02401_OUT
weekly,KOSDAQ150,institution,131290,티에스이,53194,62567,9373,14311365250,16569141500,2257776250,KRX MDCSTAT02401_OUT
weekly,KOSDAQ150,institution,003380,하림지주,318204,518505,200301,3500120185,5728108215,2227988030,KRX MDCSTAT02401_OUT
weekly,KOSDAQ150,institution,036930,주성엔지니어링,337243,346523,9280,69306570500,71414738500,2108168000,KRX MDCSTAT02401_OUT
weekly,KOSDAQ150,institution,263750,펄어비스,163978,223203,59225,5636575675,7728895575,2092319900,KRX MDCSTAT02401_OUT
weekly,KOSDAQ150,institution,125490,한라캐스트,54888,214266,159378,664774530,2638016630,1973242100,KRX MDCSTAT02401_OUT
weekly,KOSDAQ150,institution,253590,네오셈,42910,191530,148620,577046565,2543642890,1966596325,KRX MDCSTAT02401_OUT
weekly,KOSDAQ150,institution,099320,쎄트렉아이,12719,36842,24123,984712650,2881924450,1897211800,KRX MDCSTAT02401_OUT
weekly,KOSDAQ150,institution,039200,오스코텍,114696,159207,44511,4179490800,5834102950,1654612150,KRX MDCSTAT02401_OUT
weekly,KOSDAQ150,institution,096530,씨젠,132085,176519,44434,4479805800,5968035225,1488229425,KRX MDCSTAT02401_OUT
weekly,KOSDAQ150,institution,215200,메가스터디교육,18583,54131,35548,665486250,1937474275,1271988025,KRX MDCSTAT02401_OUT
weekly,KOSDAQ150,institution,041190,우리기술투자,56300,204278,147978,329821160,1189105335,859284175,KRX MDCSTAT02401_OUT
weekly,KOSDAQ150,institution,189300,인텔리안테크,47846,59314,11468,3293148350,4097381400,804233050,KRX MDCSTAT02401_OUT
weekly,KOSDAQ150,institution,078340,컴투스,64285,81767,17482,2209383800,2827305525,617921725,KRX MDCSTAT02401_OUT
weekly,KOSDAQ150,institution,171090,선익시스템,22860,30261,7401,1618642450,2156771450,538129000,KRX MDCSTAT02401_OUT
weekly,KOSDAQ150,institution,352480,씨앤씨인터내셔널,6315,25895,19580,138792500,575119500,436327000,KRX MDCSTAT02401_OUT
weekly,KOSDAQ150,institution,000250,삼천당제약,67612,70029,2417,10939212350,11342975650,403763300,KRX MDCSTAT02401_OUT
weekly,KOSDAQ150,institution,068760,셀트리온제약,53901,62062,8161,2103466600,2424555950,321089350,KRX MDCSTAT02401_OUT
weekly,KOSDAQ150,institution,112040,위메이드,89664,110014,20350,1359721430,1674639950,314918520,KRX MDCSTAT02401_OUT
weekly,KOSDAQ150,institution,050890,쏠리드,85480,117722,32242,822295200,1129225830,306930630,KRX MDCSTAT02401_OUT
weekly,KOSDAQ150,institution,319400,현대무벡스,286051,315306,29255,6309777650,6585703575,275925925,KRX MDCSTAT02401_OUT
weekly,KOSDAQ150,institution,211050,인카금융서비스,118004,138876,20872,1190050080,1435684905,245634825,KRX MDCSTAT02401_OUT
weekly,KOSDAQ150,institution,036830,솔브레인홀딩스,38896,44188,5292,1573872175,1797479975,223607800,KRX MDCSTAT02401_OUT
weekly,KOSDAQ150,institution,032500,케이엠더블유,57379,67344,9965,1093924020,1265497395,171573375,KRX MDCSTAT02401_OUT
weekly,KOSDAQ150,institution,038500,삼표시멘트,109164,132201,23037,738973725,898978660,160004935,KRX MDCSTAT02401_OUT
weekly,KOSDAQ150,institution,030520,한컴,177442,180861,3419,2998167280,3055945135,57777855,KRX MDCSTAT02401_OUT
weekly,KOSDAQ150,institution,035900,JYP Ent.,109716,110005,289,4174208550,4226269175,52060625,KRX MDCSTAT02401_OUT
weekly,KOSDAQ150,institution,030530,원익홀딩스,121708,125523,3815,3394340250,3427695250,33355000,KRX MDCSTAT02401_OUT
weekly,KOSDAQ150,institution,060370,LS마린솔루션,142784,144398,1614,4793044100,4810071425,17027325,KRX MDCSTAT02401_OUT
weekly,KOSDAQ150,institution,095660,네오위즈,37045,37690,645,659293770,674632760,15338990,KRX MDCSTAT02401_OUT
weekly,KOSDAQ150,institution,101730,위메이드맥스,23420,20119,-3301,110230770,96939424,-13291346,KRX MDCSTAT02401_OUT
weekly,KOSDAQ150,institution,082270,젬백스,39739,38205,-1534,415531075,398920145,-16610930,KRX MDCSTAT02401_OUT
weekly,KOSDAQ150,institution,069080,웹젠,77326,75286,-2040,862386590,840232410,-22154180,KRX MDCSTAT02401_OUT
weekly,KOSDAQ150,institution,348370,엔켐,43456,41807,-1649,877327025,845745820,-31581205,KRX MDCSTAT02401_OUT
weekly,KOSDAQ150,institution,060280,큐렉소,33209,28035,-5174,264235730,224207630,-40028100,KRX MDCSTAT02401_OUT
weekly,KOSDAQ150,institution,025900,동화기업,28529,20081,-8448,193934780,137479520,-56455260,KRX MDCSTAT02401_OUT
weekly,KOSDAQ150,institution,036620,감성코퍼레이션,96502,67765,-28737,358195254,253020419,-105174835,KRX MDCSTAT02401_OUT
weekly,KOSDAQ150,institution,214370,케어젠,33330,30584,-2746,1341563825,1231869950,-109693875,KRX MDCSTAT02401_OUT
weekly,KOSDAQ150,institution,025320,시노펙스,76428,40256,-36172,290480510,153736415,-136744095,KRX MDCSTAT02401_OUT
weekly,KOSDAQ150,institution,025980,아난티,102194,73638,-28556,536327155,390667445,-145659710,KRX MDCSTAT02401_OUT
weekly,KOSDAQ150,institution,376300,디어유,20055,11125,-8930,340586260,190743800,-149842460,KRX MDCSTAT02401_OUT
weekly,KOSDAQ150,institution,098460,고영,284470,280655,-3815,8123696475,7963942550,-159753925,KRX MDCSTAT02401_OUT
weekly,KOSDAQ150,institution,015750,성우하이텍,67074,36552,-30522,394721900,216565160,-178156740,KRX MDCSTAT02401_OUT
weekly,KOSDAQ150,institution,048410,현대바이오,387036,361114,-25922,2668728910,2488829395,-179899515,KRX MDCSTAT02401_OUT
weekly,KOSDAQ150,institution,009520,포스코엠텍,79769,65091,-14678,1001946535,819811975,-182134560,KRX MDCSTAT02401_OUT
weekly,KOSDAQ150,institution,067160,SOOP,18658,13610,-5048,686443950,501238100,-185205850,KRX MDCSTAT02401_OUT
weekly,KOSDAQ150,institution,042000,카페24,36409,19098,-17311,562489885,320063440,-242426445,KRX MDCSTAT02401_OUT
weekly,KOSDAQ150,institution,214430,아이쓰리시스템,13324,9269,-4055,855528650,611584000,-243944650,KRX MDCSTAT02401_OUT
weekly,KOSDAQ150,institution,445680,큐리옥스바이오시스템즈,15514,10171,-5343,735486825,483614700,-251872125,KRX MDCSTAT02401_OUT
weekly,KOSDAQ150,institution,100790,미래에셋벤처투자,40713,25951,-14762,702741050,450029045,-252712005,KRX MDCSTAT02401_OUT
weekly,KOSDAQ150,institution,348210,넥스틴,37410,29720,-7690,1230123800,976654700,-253469100,KRX MDCSTAT02401_OUT
weekly,KOSDAQ150,institution,090710,휴림로봇,136221,91227,-44994,875367040,582135295,-293231745,KRX MDCSTAT02401_OUT
weekly,KOSDAQ150,institution,060250,NHN KCP,36872,13982,-22890,489141930,185240000,-303901930,KRX MDCSTAT02401_OUT
weekly,KOSDAQ150,institution,272290,이녹스첨단소재,55013,40100,-14913,1147239075,834945750,-312293325,KRX MDCSTAT02401_OUT
weekly,KOSDAQ150,institution,007390,네이처셀,71748,58711,-13037,1775906500,1455051975,-320854525,KRX MDCSTAT02401_OUT
weekly,KOSDAQ150,institution,137400,피엔티,67086,56009,-11077,1943802050,1622471275,-321330775,KRX MDCSTAT02401_OUT
weekly,KOSDAQ150,institution,281740,레이크머티리얼즈,98118,67258,-30860,1048618430,721065460,-327552970,KRX MDCSTAT02401_OUT
weekly,KOSDAQ150,institution,065350,신성델타테크,26547,15628,-10919,823744200,484897050,-338847150,KRX MDCSTAT02401_OUT
weekly,KOSDAQ150,institution,018290,브이티,49592,19280,-30312,562891850,224022640,-338869210,KRX MDCSTAT02401_OUT
weekly,KOSDAQ150,institution,161580,필옵틱스,23716,12746,-10970,762673925,408962900,-353711025,KRX MDCSTAT02401_OUT
weekly,KOSDAQ150,institution,466100,클로봇,41329,25917,-15412,960362125,603912250,-356449875,KRX MDCSTAT02401_OUT
weekly,KOSDAQ150,institution,032190,다우데이타,40096,21121,-18975,798910405,422127200,-376783205,KRX MDCSTAT02401_OUT
weekly,KOSDAQ150,institution,085660,차바이오텍,124123,68643,-55480,974676415,541996560,-432679855,KRX MDCSTAT02401_OUT
weekly,KOSDAQ150,institution,033100,제룡전기,33608,23333,-10275,1605086600,1110466025,-494620575,KRX MDCSTAT02401_OUT
weekly,KOSDAQ150,institution,388720,유일로보틱스,13642,6397,-7245,943711000,445173050,-498537950,KRX MDCSTAT02401_OUT
weekly,KOSDAQ150,institution,033500,동성화인텍,41532,10362,-31170,676195135,170594470,-505600665,KRX MDCSTAT02401_OUT
weekly,KOSDAQ150,institution,437730,삼현,215126,201300,-13826,11301037625,10754916825,-546120800,KRX MDCSTAT02401_OUT
weekly,KOSDAQ150,institution,032820,우리기술,479279,430694,-48585,6384207975,5837319185,-546888790,KRX MDCSTAT02401_OUT
weekly,KOSDAQ150,institution,253450,스튜디오드래곤,72394,45664,-26730,1505556425,951742425,-553814000,KRX MDCSTAT02401_OUT
weekly,KOSDAQ150,institution,323280,태성,43356,29381,-13975,2005930375,1360946775,-644983600,KRX MDCSTAT02401_OUT
weekly,KOSDAQ150,institution,194480,데브시스터즈,84881,37460,-47421,1207563630,535405890,-672157740,KRX MDCSTAT02401_OUT
weekly,KOSDAQ150,institution,358570,지아이이노베이션,149085,69891,-79194,1366638605,645792540,-720846065,KRX MDCSTAT02401_OUT
weekly,KOSDAQ150,institution,124500,아이티센글로벌,60780,32443,-28337,1789344925,955682725,-833662200,KRX MDCSTAT02401_OUT
weekly,KOSDAQ150,institution,241710,코스메카코리아,101369,93226,-8143,12999577500,12145720400,-853857100,KRX MDCSTAT02401_OUT
weekly,KOSDAQ150,institution,195940,HK이노엔,137864,114813,-23051,5341430950,4459798175,-881632775,KRX MDCSTAT02401_OUT
weekly,KOSDAQ150,institution,399720,가온칩스,51744,32014,-19730,2363156375,1446676625,-916479750,KRX MDCSTAT02401_OUT
weekly,KOSDAQ150,institution,101490,에스앤에스텍,59181,35383,-23798,2515271400,1527325550,-987945850,KRX MDCSTAT02401_OUT
weekly,KOSDAQ150,institution,278280,천보,36173,6514,-29659,1274197550,234358375,-1039839175,KRX MDCSTAT02401_OUT
weekly,KOSDAQ150,institution,214150,클래시스,87087,53004,-34083,2699954800,1643964100,-1055990700,KRX MDCSTAT02401_OUT
weekly,KOSDAQ150,institution,014620,성광벤드,191442,152452,-38990,6045629300,4906783050,-1138846250,KRX MDCSTAT02401_OUT
weekly,KOSDAQ150,institution,0009K0,에임드바이오,111357,54340,-57017,2404410650,1184981400,-1219429250,KRX MDCSTAT02401_OUT
weekly,KOSDAQ150,institution,074600,원익QnC,328672,281499,-47173,9344503750,8007805550,-1336698200,KRX MDCSTAT02401_OUT
weekly,KOSDAQ150,institution,290650,엘앤씨바이오,49601,19621,-29980,2319274925,914694225,-1404580700,KRX MDCSTAT02401_OUT
weekly,KOSDAQ150,institution,237690,에스티팜,75699,59428,-16271,6912748200,5444311500,-1468436700,KRX MDCSTAT02401_OUT
weekly,KOSDAQ150,institution,052400,코나아이,58890,15612,-43278,2210750275,587463325,-1623286950,KRX MDCSTAT02401_OUT
weekly,KOSDAQ150,institution,095610,테스,134079,122184,-11895,19668315700,17965786400,-1702529300,KRX MDCSTAT02401_OUT
weekly,KOSDAQ150,institution,035760,CJ ENM,107759,58770,-48989,4084995575,2233774175,-1851221400,KRX MDCSTAT02401_OUT
weekly,KOSDAQ150,institution,028300,HLB,336121,272185,-63936,10437982375,8575801875,-1862180500,KRX MDCSTAT02401_OUT
weekly,KOSDAQ150,institution,204270,제이앤티씨,100867,23227,-77640,2524975275,574397775,-1950577500,KRX MDCSTAT02401_OUT
weekly,KOSDAQ150,institution,006730,서부T&D,283864,95550,-188314,3061728375,1050472870,-2011255505,KRX MDCSTAT02401_OUT
weekly,KOSDAQ150,institution,222800,심텍,462840,444715,-18125,65403979400,63321377400,-2082602000,KRX MDCSTAT02401_OUT
weekly,KOSDAQ150,institution,293490,카카오게임즈,372710,126506,-246204,3369666185,1151670315,-2217995870,KRX MDCSTAT02401_OUT
weekly,KOSDAQ150,institution,041510,에스엠,162463,128852,-33611,13419592550,10673941150,-2745651400,KRX MDCSTAT02401_OUT
weekly,KOSDAQ150,institution,090360,로보스타,50268,11437,-38831,3947649800,900426800,-3047223000,KRX MDCSTAT02401_OUT
weekly,KOSDAQ150,institution,213420,덕산네오룩스,190240,59970,-130270,5611384325,1759399275,-3851985050,KRX MDCSTAT02401_OUT
weekly,KOSDAQ150,institution,122870,와이지엔터테인먼트,201796,112392,-89404,8737745525,4872693600,-3865051925,KRX MDCSTAT02401_OUT
weekly,KOSDAQ150,institution,310210,보로노이,120982,87068,-33914,17565361450,12617740400,-4947621050,KRX MDCSTAT02401_OUT
weekly,KOSDAQ150,institution,058610,에스피지,121017,64388,-56629,12038360750,6474095750,-5564265000,KRX MDCSTAT02401_OUT
weekly,KOSDAQ150,institution,078600,대주전자재료,88373,18008,-70365,7701583400,1577387300,-6124196100,KRX MDCSTAT02401_OUT
weekly,KOSDAQ150,institution,178320,서진시스템,326892,138620,-188272,10777466975,4596373900,-6181093075,KRX MDCSTAT02401_OUT
weekly,KOSDAQ150,institution,080220,제주반도체,232662,143261,-89401,17384856900,10755164950,-6629691950,KRX MDCSTAT02401_OUT
weekly,KOSDAQ150,institution,475830,오름테라퓨틱,870140,605832,-264308,23523102400,16562721400,-6960381000,KRX MDCSTAT02401_OUT
weekly,KOSDAQ150,institution,141080,리가켐바이오,210898,112895,-98003,17237803250,9222689950,-8015113300,KRX MDCSTAT02401_OUT
weekly,KOSDAQ150,institution,087010,펩트론,97215,40478,-56737,14471961300,6143050200,-8328911100,KRX MDCSTAT02401_OUT
weekly,KOSDAQ150,institution,039030,이오테크닉스,146242,126579,-19663,68882134750,59749012000,-9133122750,KRX MDCSTAT02401_OUT
weekly,KOSDAQ150,institution,145020,휴젤,114090,66308,-47782,23135925250,13330634250,-9805291000,KRX MDCSTAT02401_OUT
weekly,KOSDAQ150,institution,347850,디앤디파마텍,302872,68921,-233951,13465987825,3102433200,-10363554625,KRX MDCSTAT02401_OUT
weekly,KOSDAQ150,institution,089030,테크윙,508196,236644,-271552,24035834300,11204042700,-12831791600,KRX MDCSTAT02401_OUT
weekly,KOSDAQ150,institution,226950,올릭스,364591,225276,-139315,38901553900,24947522000,-13954031900,KRX MDCSTAT02401_OUT
weekly,KOSDAQ150,institution,031980,피에스케이홀딩스,186764,91526,-95238,30486471000,15090753150,-15395717850,KRX MDCSTAT02401_OUT
weekly,KOSDAQ150,institution,214450,파마리서치,123775,63627,-60148,40477485250,20828205000,-19649280250,KRX MDCSTAT02401_OUT
weekly,KOSDAQ150,institution,083650,비에이치아이,494913,164409,-330504,30880247050,10397326250,-20482920800,KRX MDCSTAT02401_OUT
weekly,KOSDAQ150,institution,196170,알테오젠,304563,207884,-96679,77181998250,52765237000,-24416761250,KRX MDCSTAT02401_OUT
weekly,KOSDAQ150,institution,086520,에코프로,745837,437745,-308092,60225473400,35438466700,-24787006700,KRX MDCSTAT02401_OUT
weekly,KOSDAQ150,institution,298380,에이비엘바이오,607973,125454,-482519,32373945775,6798797225,-25575148550,KRX MDCSTAT02401_OUT
weekly,KOSDAQ150,institution,036540,SFA반도체,10380843,7597635,-2783208,106794501990,77564242885,-29230259105,KRX MDCSTAT02401_OUT
weekly,KOSDAQ150,institution,247540,에코프로비엠,460774,177367,-283407,48049610650,18539104800,-29510505850,KRX MDCSTAT02401_OUT
weekly,KOSDAQ150,institution,257720,실리콘투,1297873,402054,-895819,52526717850,16504748650,-36021969200,KRX MDCSTAT02401_OUT
weekly,KOSDAQ150,institution,108490,로보티즈,256811,112834,-143977,78437662500,34694171500,-43743491000,KRX MDCSTAT02401_OUT
recent2,KOSPI200,foreign,005930,삼성전자,10133753,15349626,5215873,2853651964090,4334767571590,1481115607500,KRX MDCSTAT02401_OUT
recent2,KOSPI200,foreign,402340,SK스퀘어,986661,1090845,104184,1153071009813,1274624539313,121553529500,KRX MDCSTAT02401_OUT
recent2,KOSPI200,foreign,009150,삼성전기,328728,405057,76329,493102193500,609326047000,116223853500,KRX MDCSTAT02401_OUT
recent2,KOSPI200,foreign,003490,대한항공,1986615,4358632,2372017,61720945125,134860707450,73139762325,KRX MDCSTAT02401_OUT
recent2,KOSPI200,foreign,096770,SK이노베이션,351507,758820,407313,50730384500,109815730700,59085346200,KRX MDCSTAT02401_OUT
recent2,KOSPI200,foreign,066570,LG전자,540954,783476,242522,114823280500,168244910750,53421630250,KRX MDCSTAT02401_OUT
recent2,KOSPI200,foreign,078930,GS,201642,535335,333693,22287157650,58748701550,36461543900,KRX MDCSTAT02401_OUT
recent2,KOSPI200,foreign,010950,S-Oil,294685,488210,193525,45488726900,75270279800,29781552900,KRX MDCSTAT02401_OUT
recent2,KOSPI200,foreign,017670,SK텔레콤,323586,649882,326296,28223878750,56822129050,28598250300,KRX MDCSTAT02401_OUT
recent2,KOSPI200,foreign,042700,한미반도체,318513,427402,108889,76887841750,103237605000,26349763250,KRX MDCSTAT02401_OUT
recent2,KOSPI200,foreign,003230,삼양식품,29202,50132,20930,36171547000,61671231000,25499684000,KRX MDCSTAT02401_OUT
recent2,KOSPI200,foreign,161890,한국콜마,195198,353793,158595,28691291800,52050107950,23358816150,KRX MDCSTAT02401_OUT
recent2,KOSPI200,foreign,278470,에이피알,128796,177984,49188,46873211500,64840772000,17967560500,KRX MDCSTAT02401_OUT
recent2,KOSPI200,foreign,010120,LS ELECTRIC,229554,303444,73890,48258522250,64376768750,16118246500,KRX MDCSTAT02401_OUT
recent2,KOSPI200,foreign,016360,삼성증권,335832,507270,171438,30600804954,46254498204,15653693250,KRX MDCSTAT02401_OUT
recent2,KOSPI200,foreign,298040,효성중공업,24709,29854,5145,71912995000,87320658500,15407663500,KRX MDCSTAT02401_OUT
recent2,KOSPI200,foreign,483650,달바글로벌,102795,182461,79666,18725290200,33270600600,14545310400,KRX MDCSTAT02401_OUT
recent2,KOSPI200,foreign,329180,HD현대중공업,110415,135979,25564,49336190250,60938597500,11602407250,KRX MDCSTAT02401_OUT
recent2,KOSPI200,foreign,001450,현대해상,216135,454550,238415,10281411625,21582954325,11301542700,KRX MDCSTAT02401_OUT
recent2,KOSPI200,foreign,128940,한미약품,39020,57145,18125,20182983000,29467913500,9284930500,KRX MDCSTAT02401_OUT
recent2,KOSPI200,foreign,138930,BNK금융지주,548958,1056216,507258,8711259720,16986067160,8274807440,KRX MDCSTAT02401_OUT
recent2,KOSPI200,foreign,033780,KT&G,324964,371385,46421,56524681250,64725463250,8200782000,KRX MDCSTAT02401_OUT
recent2,KOSPI200,foreign,018260,삼성에스디에스,64891,101112,36221,14514568250,22638454250,8123886000,KRX MDCSTAT02401_OUT
recent2,KOSPI200,foreign,000990,DB하이텍,267543,319908,52365,35141769750,41866934200,6725164450,KRX MDCSTAT02401_OUT
recent2,KOSPI200,foreign,024110,기업은행,896137,1202213,306076,18156408535,24733148760,6576740225,KRX MDCSTAT02401_OUT
recent2,KOSPI200,foreign,192820,코스맥스,38813,58917,20104,10501407000,15936553750,5435146750,KRX MDCSTAT02401_OUT
recent2,KOSPI200,foreign,093370,후성,2400931,2753729,352798,34009738550,39257211860,5247473310,KRX MDCSTAT02401_OUT
recent2,KOSPI200,foreign,009540,HD한국조선해양,154920,169245,14325,52333657000,57216428250,4882771250,KRX MDCSTAT02401_OUT
recent2,KOSPI200,foreign,006400,삼성SDI,136963,145072,8109,71882236500,75878703500,3996467000,KRX MDCSTAT02401_OUT
recent2,KOSPI200,foreign,361610,SK아이이테크놀로지,168589,394218,225629,2816450125,6654580070,3838129945,KRX MDCSTAT02401_OUT
recent2,KOSPI200,foreign,035720,카카오,1198172,1287193,89021,40729860675,43840282575,3110421900,KRX MDCSTAT02401_OUT
recent2,KOSPI200,foreign,004170,신세계,52601,61156,8555,18558424500,21604887750,3046463250,KRX MDCSTAT02401_OUT
recent2,KOSPI200,foreign,001040,CJ,103726,125824,22098,13452252950,16325885700,2873632750,KRX MDCSTAT02401_OUT
recent2,KOSPI200,foreign,086280,현대글로비스,213495,225558,12063,42661697650,45114827700,2453130050,KRX MDCSTAT02401_OUT
recent2,KOSPI200,foreign,377300,카카오페이,106354,163615,57261,4352172875,6750582675,2398409800,KRX MDCSTAT02401_OUT
recent2,KOSPI200,foreign,005830,DB손해보험,185989,198222,12233,34310522550,36531390700,2220868150,KRX MDCSTAT02401_OUT
recent2,KOSPI200,foreign,443060,HD현대마린솔루션,71602,80563,8961,17217598890,19366496390,2148897500,KRX MDCSTAT02401_OUT
recent2,KOSPI200,foreign,088350,한화생명,1622343,1969051,346708,9144597705,11112031400,1967433695,KRX MDCSTAT02401_OUT
recent2,KOSPI200,foreign,021240,코웨이,253986,273792,19806,25224136000,27164633000,1940497000,KRX MDCSTAT02401_OUT
recent2,KOSPI200,foreign,285130,SK케미칼,21385,58299,36914,1069835600,2907175050,1837339450,KRX MDCSTAT02401_OUT
recent2,KOSPI200,foreign,000880,한화,81891,95284,13393,10774157500,12547467300,1773309800,KRX MDCSTAT02401_OUT
recent2,KOSPI200,foreign,307950,현대오토에버,51000,55414,4414,19656464000,21337965500,1681501500,KRX MDCSTAT02401_OUT
recent2,KOSPI200,foreign,375500,DL이앤씨,210105,231462,21357,17512685250,19166470900,1653785650,KRX MDCSTAT02401_OUT
recent2,KOSPI200,foreign,007070,GS리테일,103030,171451,68421,2371135250,3944274550,1573139300,KRX MDCSTAT02401_OUT
recent2,KOSPI200,foreign,180640,한진칼,43029,52580,9551,6080297600,7441482650,1361185050,KRX MDCSTAT02401_OUT
recent2,KOSPI200,foreign,450080,에코프로머티,120264,144450,24186,4230427175,5103829825,873402650,KRX MDCSTAT02401_OUT
recent2,KOSPI200,foreign,251270,넷마블,81846,105421,23575,2830198850,3645587000,815388150,KRX MDCSTAT02401_OUT
recent2,KOSPI200,foreign,051900,LG생활건강,49684,52240,2556,14774070500,15523149250,749078750,KRX MDCSTAT02401_OUT
recent2,KOSPI200,foreign,002790,아모레퍼시픽홀딩스,78339,104773,26434,2063947475,2763407175,699459700,KRX MDCSTAT02401_OUT
recent2,KOSPI200,foreign,008930,한미사이언스,74360,86436,12076,3836705000,4479268950,642563950,KRX MDCSTAT02401_OUT
recent2,KOSPI200,foreign,282330,BGF리테일,30274,34597,4323,4058981400,4632656400,573675000,KRX MDCSTAT02401_OUT
recent2,KOSPI200,foreign,192080,더블유게임즈,31554,40222,8668,1839348400,2342458150,503109750,KRX MDCSTAT02401_OUT
recent2,KOSPI200,foreign,071050,한국금융지주,148710,151434,2724,27922205600,28397344250,475138650,KRX MDCSTAT02401_OUT
recent2,KOSPI200,foreign,011790,SKC,65443,69727,4284,5828971700,6220736500,391764800,KRX MDCSTAT02401_OUT
recent2,KOSPI200,foreign,004370,농심,12938,13827,889,5065814500,5408995750,343181250,KRX MDCSTAT02401_OUT
recent2,KOSPI200,foreign,112610,씨에스윈드,137088,143211,6123,6882200850,7183795225,301594375,KRX MDCSTAT02401_OUT
recent2,KOSPI200,foreign,259960,크래프톤,63223,64442,1219,12642592262,12932117862,289525600,KRX MDCSTAT02401_OUT
recent2,KOSPI200,foreign,017960,한국카본,65860,79813,13953,1349021500,1626930975,277909475,KRX MDCSTAT02401_OUT
recent2,KOSPI200,foreign,185750,종근당,21862,26061,4199,1404649350,1678454550,273805200,KRX MDCSTAT02401_OUT
recent2,KOSPI200,foreign,302440,SK바이오사이언스,41520,48860,7340,1482838450,1743175650,260337200,KRX MDCSTAT02401_OUT
recent2,KOSPI200,foreign,006280,녹십자,12190,14127,1937,1509303600,1751576600,242273000,KRX MDCSTAT02401_OUT
recent2,KOSPI200,foreign,028670,팬오션,1147659,1188228,40569,6531478385,6747693830,216215445,KRX MDCSTAT02401_OUT
recent2,KOSPI200,foreign,280360,롯데웰푸드,10704,12086,1382,1337956250,1507620300,169664050,KRX MDCSTAT02401_OUT
recent2,KOSPI200,foreign,003240,태광산업,600,733,133,541854000,661598500,119744500,KRX MDCSTAT02401_OUT
recent2,KOSPI200,foreign,003090,대웅,54815,57950,3135,874443795,926188120,51744325,KRX MDCSTAT02401_OUT
recent2,KOSPI200,foreign,002840,미원상사,650,1017,367,88398900,138537450,50138550,KRX MDCSTAT02401_OUT
recent2,KOSPI200,foreign,268280,미원에스씨,478,539,61,63113850,70917100,7803250,KRX MDCSTAT02401_OUT
recent2,KOSPI200,foreign,007700,F&F홀딩스,6084,6329,245,81298610,84473405,3174795,KRX MDCSTAT02401_OUT
recent2,KOSPI200,foreign,005850,에스엘,75781,75932,151,3702498875,3697184575,-5314300,KRX MDCSTAT02401_OUT
recent2,KOSPI200,foreign,039490,키움증권,51666,51493,-173,13672588750,13665053250,-7535500,KRX MDCSTAT02401_OUT
recent2,KOSPI200,foreign,009970,영원무역홀딩스,11223,11139,-84,1861108200,1846647500,-14460700,KRX MDCSTAT02401_OUT
recent2,KOSPI200,foreign,138040,메리츠금융지주,154434,154608,174,19790381500,19751433050,-38948450,KRX MDCSTAT02401_OUT
recent2,KOSPI200,foreign,000080,하이트진로,65691,62050,-3641,985416560,930498420,-54918140,KRX MDCSTAT02401_OUT
recent2,KOSPI200,foreign,002380,KCC,26628,26409,-219,12528575750,12459459500,-69116250,KRX MDCSTAT02401_OUT
recent2,KOSPI200,foreign,014820,동원시스템즈,15581,12310,-3271,326905825,257693550,-69212275,KRX MDCSTAT02401_OUT
recent2,KOSPI200,foreign,005420,코스모화학,58769,50487,-8282,599962630,516642760,-83319870,KRX MDCSTAT02401_OUT
recent2,KOSPI200,foreign,000240,한국앤컴퍼니,85612,81796,-3816,2105146250,2013425525,-91720725,KRX MDCSTAT02401_OUT
recent2,KOSPI200,foreign,161390,한국타이어앤테크놀로지,303974,302153,-1821,17474234200,17349934850,-124299350,KRX MDCSTAT02401_OUT
recent2,KOSPI200,foreign,011200,HMM,430679,423009,-7670,9039757300,8893447100,-146310200,KRX MDCSTAT02401_OUT
recent2,KOSPI200,foreign,271560,오리온,118464,117046,-1418,13082099950,12922633000,-159466950,KRX MDCSTAT02401_OUT
recent2,KOSPI200,foreign,002030,아세아,1817,1068,-749,385778250,226233000,-159545250,KRX MDCSTAT02401_OUT
recent2,KOSPI200,foreign,012750,에스원,37031,35074,-1957,3066979950,2902695850,-164284100,KRX MDCSTAT02401_OUT
recent2,KOSPI200,foreign,300720,한일시멘트,32560,22155,-10405,525347275,357312735,-168034540,KRX MDCSTAT02401_OUT
recent2,KOSPI200,foreign,005300,롯데칠성,14124,11943,-2181,1342544250,1136049350,-206494900,KRX MDCSTAT02401_OUT
recent2,KOSPI200,foreign,006040,동원산업,31498,25559,-5939,1104675125,896726200,-207948925,KRX MDCSTAT02401_OUT
recent2,KOSPI200,foreign,026960,동서,24582,16296,-8286,624910400,414178325,-210732075,KRX MDCSTAT02401_OUT
recent2,KOSPI200,foreign,097950,CJ제일제당,49663,47980,-1683,8700523300,8423221950,-277301350,KRX MDCSTAT02401_OUT
recent2,KOSPI200,foreign,008730,율촌화학,63465,40829,-22636,938616640,607098040,-331518600,KRX MDCSTAT02401_OUT
recent2,KOSPI200,foreign,003030,세아제강지주,13825,10524,-3301,1450906900,1102435700,-348471200,KRX MDCSTAT02401_OUT
recent2,KOSPI200,foreign,000210,DL,26438,19345,-7093,1362085300,992265600,-369819700,KRX MDCSTAT02401_OUT
recent2,KOSPI200,foreign,069260,TKG휴켐스,40708,17413,-23295,658014905,281402505,-376612400,KRX MDCSTAT02401_OUT
recent2,KOSPI200,foreign,001680,대상,48111,26540,-21571,854492820,471430295,-383062525,KRX MDCSTAT02401_OUT
recent2,KOSPI200,foreign,030200,KT,80227,72770,-7457,4254491250,3859747850,-394743400,KRX MDCSTAT02401_OUT
recent2,KOSPI200,foreign,137310,에스디바이오센서,92068,26228,-65840,560396520,159621810,-400774710,KRX MDCSTAT02401_OUT
recent2,KOSPI200,foreign,007310,오뚜기,3753,2312,-1441,1172506500,721664000,-450842500,KRX MDCSTAT02401_OUT
recent2,KOSPI200,foreign,298020,효성티앤씨,13283,11764,-1519,4126268750,3656296000,-469972750,KRX MDCSTAT02401_OUT
recent2,KOSPI200,foreign,081660,미스토홀딩스,141323,126156,-15167,5332951350,4756856125,-576095225,KRX MDCSTAT02401_OUT
recent2,KOSPI200,foreign,009240,한샘,22762,8192,-14570,901390500,323936225,-577454275,KRX MDCSTAT02401_OUT
recent2,KOSPI200,foreign,457190,이수스페셜티케미컬,48721,39477,-9244,3148946350,2548794750,-600151600,KRX MDCSTAT02401_OUT
recent2,KOSPI200,foreign,000810,삼성화재,112983,112074,-909,73241240500,72629010500,-612230000,KRX MDCSTAT02401_OUT
recent2,KOSPI200,foreign,004990,롯데지주,95412,67532,-27880,2328206850,1648722025,-679484825,KRX MDCSTAT02401_OUT
recent2,KOSPI200,foreign,000120,CJ대한통운,35591,25224,-10367,2505249850,1781982700,-723267150,KRX MDCSTAT02401_OUT
recent2,KOSPI200,foreign,073240,금호타이어,1093460,974994,-118466,7251459470,6480911180,-770548290,KRX MDCSTAT02401_OUT
recent2,KOSPI200,foreign,029780,삼성카드,108161,90037,-18124,4632848550,3855271100,-777577450,KRX MDCSTAT02401_OUT
recent2,KOSPI200,foreign,0126Z0,삼성에피스홀딩스,28350,25824,-2526,9431415750,8616509250,-814906500,KRX MDCSTAT02401_OUT
recent2,KOSPI200,foreign,111770,영원무역,97520,85441,-12079,6918123506,6078526106,-839597400,KRX MDCSTAT02401_OUT
recent2,KOSPI200,foreign,298050,HS효성첨단소재,10292,4914,-5378,1640514800,781770700,-858744100,KRX MDCSTAT02401_OUT
recent2,KOSPI200,foreign,022100,포스코DX,191443,147268,-44175,3876187980,2981828455,-894359525,KRX MDCSTAT02401_OUT
recent2,KOSPI200,foreign,007340,DN오토모티브,149189,130715,-18474,7264925350,6369085025,-895840325,KRX MDCSTAT02401_OUT
recent2,KOSPI200,foreign,035250,강원랜드,201340,136498,-64842,2890098645,1958815255,-931283390,KRX MDCSTAT02401_OUT
recent2,KOSPI200,foreign,001800,오리온홀딩스,98856,59414,-39442,2347644975,1408725275,-938919700,KRX MDCSTAT02401_OUT
recent2,KOSPI200,foreign,009420,한올바이오파마,95347,72993,-22354,4448746550,3405162650,-1043583900,KRX MDCSTAT02401_OUT
recent2,KOSPI200,foreign,071320,지역난방공사,22751,9265,-13486,1779007400,728622250,-1050385150,KRX MDCSTAT02401_OUT
recent2,KOSPI200,foreign,069620,대웅제약,15786,6027,-9759,1702206800,651419850,-1050786950,KRX MDCSTAT02401_OUT
recent2,KOSPI200,foreign,011210,현대위아,68221,48244,-19977,3632226600,2571707500,-1060519100,KRX MDCSTAT02401_OUT
recent2,KOSPI200,foreign,000670,영풍,111945,86892,-25053,4980357375,3873573900,-1106783475,KRX MDCSTAT02401_OUT
recent2,KOSPI200,foreign,004000,롯데정밀화학,59170,32622,-26548,2585442150,1424629925,-1160812225,KRX MDCSTAT02401_OUT
recent2,KOSPI200,foreign,032640,LG유플러스,1330370,1249515,-80855,19436501302,18258298457,-1178202845,KRX MDCSTAT02401_OUT
recent2,KOSPI200,foreign,034230,파라다이스,224271,94449,-129822,2138809560,899857030,-1238952530,KRX MDCSTAT02401_OUT
recent2,KOSPI200,foreign,030000,제일기획,204977,134362,-70615,3609845480,2363628760,-1246216720,KRX MDCSTAT02401_OUT
recent2,KOSPI200,foreign,139130,iM금융지주,389688,319774,-69914,6968048120,5711146770,-1256901350,KRX MDCSTAT02401_OUT
recent2,KOSPI200,foreign,006650,대한유화,48143,32707,-15436,4502045250,3072369200,-1429676050,KRX MDCSTAT02401_OUT
recent2,KOSPI200,foreign,267250,HD현대,188155,180628,-7527,38796861500,37285133750,-1511727750,KRX MDCSTAT02401_OUT
recent2,KOSPI200,foreign,008770,호텔신라,91353,50774,-40579,3681837300,2051082575,-1630754725,KRX MDCSTAT02401_OUT
recent2,KOSPI200,foreign,120110,코오롱인더,110116,80600,-29516,6085791900,4393874850,-1691917050,KRX MDCSTAT02401_OUT
recent2,KOSPI200,foreign,051600,한전KPS,100396,61344,-39052,4656574525,2850450775,-1806123750,KRX MDCSTAT02401_OUT
recent2,KOSPI200,foreign,103140,풍산,66702,42131,-24571,5203115500,3296158600,-1906956900,KRX MDCSTAT02401_OUT
recent2,KOSPI200,foreign,023530,롯데쇼핑,101164,83593,-17571,10908384000,8929510300,-1978873700,KRX MDCSTAT02401_OUT
recent2,KOSPI200,foreign,011780,금호석유화학,77361,56194,-21167,9072657100,6578305300,-2494351800,KRX MDCSTAT02401_OUT
recent2,KOSPI200,foreign,011070,LG이노텍,123009,117053,-5956,66482424720,63521690220,-2960734500,KRX MDCSTAT02401_OUT
recent2,KOSPI200,foreign,006800,미래에셋증권,1100800,1003403,-97397,36314215100,33248383750,-3065831350,KRX MDCSTAT02401_OUT
recent2,KOSPI200,foreign,079550,LIG디펜스앤에어로스페이스,49985,45723,-4262,35245373500,32121387500,-3123986000,KRX MDCSTAT02401_OUT
recent2,KOSPI200,foreign,000100,유한양행,235257,189918,-45339,17530394300,14148882700,-3381511600,KRX MDCSTAT02401_OUT
recent2,KOSPI200,foreign,036460,한국가스공사,211405,114724,-96681,7553645600,4093531450,-3460114150,KRX MDCSTAT02401_OUT
recent2,KOSPI200,foreign,011170,롯데케미칼,128352,71581,-56771,7989409950,4427660700,-3561749250,KRX MDCSTAT02401_OUT
recent2,KOSPI200,foreign,001430,세아베스틸지주,123235,42916,-80319,5522998800,1924849250,-3598149550,KRX MDCSTAT02401_OUT
recent2,KOSPI200,foreign,017800,현대엘리베이터,93701,44991,-48710,6930384100,3327450050,-3602934050,KRX MDCSTAT02401_OUT
recent2,KOSPI200,foreign,204320,HL만도,268758,180534,-88224,12426435525,8318225200,-4108210325,KRX MDCSTAT02401_OUT
recent2,KOSPI200,foreign,062040,산일전기,136167,115863,-20304,28235959750,24078094000,-4157865750,KRX MDCSTAT02401_OUT
recent2,KOSPI200,foreign,018880,한온시스템,2035360,763462,-1271898,6774955759,2547602717,-4227353042,KRX MDCSTAT02401_OUT
recent2,KOSPI200,foreign,175330,JB금융지주,370970,229568,-141402,11250800875,6948972725,-4301828150,KRX MDCSTAT02401_OUT
recent2,KOSPI200,foreign,069960,현대백화점,112936,66495,-46441,11070418350,6468675950,-4601742400,KRX MDCSTAT02401_OUT
recent2,KOSPI200,foreign,036570,NC,101406,79848,-21558,21928297500,17268142500,-4660155000,KRX MDCSTAT02401_OUT
recent2,KOSPI200,foreign,241560,두산밥캣,242666,162010,-80656,14062246150,9390625950,-4671620200,KRX MDCSTAT02401_OUT
recent2,KOSPI200,foreign,014680,한솔케미칼,66271,45872,-20399,15133760500,10431615250,-4702145250,KRX MDCSTAT02401_OUT
recent2,KOSPI200,foreign,034220,LG디스플레이,3735922,3165014,-570908,31895825925,27123965425,-4771860500,KRX MDCSTAT02401_OUT
recent2,KOSPI200,foreign,003550,LG,238894,196957,-41937,27490902050,22628304000,-4862598050,KRX MDCSTAT02401_OUT
recent2,KOSPI200,foreign,071970,HD현대마린엔진,150559,50858,-99701,7431110150,2539976175,-4891133975,KRX MDCSTAT02401_OUT
recent2,KOSPI200,foreign,454910,두산로보틱스,176594,99522,-77072,12510155600,7085898600,-5424257000,KRX MDCSTAT02401_OUT
recent2,KOSPI200,foreign,047810,한국항공우주,177235,133530,-43705,22787607750,17218117900,-5569489850,KRX MDCSTAT02401_OUT
recent2,KOSPI200,foreign,326030,SK바이오팜,124111,47784,-76327,9514489050,3662482850,-5852006200,KRX MDCSTAT02401_OUT
recent2,KOSPI200,foreign,047050,포스코인터내셔널,342998,236282,-106716,19444252600,13379898850,-6064353750,KRX MDCSTAT02401_OUT
recent2,KOSPI200,foreign,010130,고려아연,11645,6086,-5559,13046596000,6789600000,-6256996000,KRX MDCSTAT02401_OUT
recent2,KOSPI200,foreign,007660,이수페타시스,719827,657373,-62454,83524126650,76937581300,-6586545350,KRX MDCSTAT02401_OUT
recent2,KOSPI200,foreign,207940,삼성바이오로직스,38643,33719,-4924,53314289668,46566910168,-6747379500,KRX MDCSTAT02401_OUT
recent2,KOSPI200,foreign,064400,LG씨엔에스,380230,281393,-98837,26786997300,20026189000,-6760808300,KRX MDCSTAT02401_OUT
recent2,KOSPI200,foreign,139480,이마트,130174,27105,-103069,9383868250,1955621550,-7428246700,KRX MDCSTAT02401_OUT
recent2,KOSPI200,foreign,034730,SK,112168,99106,-13062,66795161500,59198492000,-7596669500,KRX MDCSTAT02401_OUT
recent2,KOSPI200,foreign,064350,현대로템,266056,200092,-65964,31215299300,23465267900,-7750031400,KRX MDCSTAT02401_OUT
recent2,KOSPI200,foreign,009830,한화솔루션,1372239,1090804,-281435,39414121175,31452212225,-7961908950,KRX MDCSTAT02401_OUT
recent2,KOSPI200,foreign,373220,LG에너지솔루션,189514,166292,-23222,66751030000,58699770750,-8051259250,KRX MDCSTAT02401_OUT
recent2,KOSPI200,foreign,006260,LS,67012,41919,-25093,22032998750,13775103000,-8257895750,KRX MDCSTAT02401_OUT
recent2,KOSPI200,foreign,090430,아모레퍼시픽,212842,154035,-58807,30314352574,21978540124,-8335812450,KRX MDCSTAT02401_OUT
recent2,KOSPI200,foreign,010060,OCI홀딩스,266613,216656,-49957,52273714750,42518873450,-9754841300,KRX MDCSTAT02401_OUT
recent2,KOSPI200,foreign,000150,두산,68742,61789,-6953,102077147500,91938670000,-10138477500,KRX MDCSTAT02401_OUT
recent2,KOSPI200,foreign,051910,LG화학,204528,164744,-39784,52220631000,42072015750,-10148615250,KRX MDCSTAT02401_OUT
recent2,KOSPI200,foreign,005940,NH투자증권,701489,311272,-390217,18425369525,8161473350,-10263896175,KRX MDCSTAT02401_OUT
recent2,KOSPI200,foreign,066970,엘앤에프,284119,179010,-105109,31020316900,19524301050,-11496015850,KRX MDCSTAT02401_OUT
recent2,KOSPI200,foreign,005490,POSCO홀딩스,159047,121870,-37177,50094727000,38395870000,-11698857000,KRX MDCSTAT02401_OUT
recent2,KOSPI200,foreign,068270,셀트리온,293291,227337,-65954,52426084700,40551511800,-11874572900,KRX MDCSTAT02401_OUT
recent2,KOSPI200,foreign,052690,한전기술,548760,459306,-89454,74072715800,62158472100,-11914243700,KRX MDCSTAT02401_OUT
recent2,KOSPI200,foreign,028260,삼성물산,283350,247137,-36213,104285715500,91127868000,-13157847500,KRX MDCSTAT02401_OUT
recent2,KOSPI200,foreign,082740,한화엔진,522578,249157,-273421,25487621575,12178626450,-13308995125,KRX MDCSTAT02401_OUT
recent2,KOSPI200,foreign,003670,포스코퓨처엠,347534,271474,-76060,63832725700,50270305000,-13562420700,KRX MDCSTAT02401_OUT
recent2,KOSPI200,foreign,323410,카카오뱅크,1425291,730698,-694593,28667954135,14715239700,-13952714435,KRX MDCSTAT02401_OUT
recent2,KOSPI200,foreign,012330,현대모비스,220810,179350,-41460,82652324000,67016949000,-15635375000,KRX MDCSTAT02401_OUT
recent2,KOSPI200,foreign,267270,HD건설기계,323233,190915,-132318,43024335800,26128993550,-16895342250,KRX MDCSTAT02401_OUT
recent2,KOSPI200,foreign,316140,우리금융지주,1686088,1194265,-491823,60227973100,42571695175,-17656277925,KRX MDCSTAT02401_OUT
recent2,KOSPI200,foreign,272210,한화시스템,637503,397557,-239946,47718705450,29762145550,-17956559900,KRX MDCSTAT02401_OUT
recent2,KOSPI200,foreign,032830,삼성생명,251644,189676,-61968,73860353000,55689504000,-18170849000,KRX MDCSTAT02401_OUT
recent2,KOSPI200,foreign,267260,HD현대일렉트릭,90845,64076,-26769,64858623500,45820560000,-19038063500,KRX MDCSTAT02401_OUT
recent2,KOSPI200,foreign,352820,하이브,331926,199328,-132598,52380058605,31296419555,-21083639050,KRX MDCSTAT02401_OUT
recent2,KOSPI200,foreign,001440,대한전선,3057052,2372161,-684891,97153520825,76020599575,-21132921250,KRX MDCSTAT02401_OUT
recent2,KOSPI200,foreign,015760,한국전력,915514,178663,-736851,28064448150,5452280450,-22612167700,KRX MDCSTAT02401_OUT
recent2,KOSPI200,foreign,004020,현대제철,964325,273095,-691230,32740097000,9191123850,-23548973150,KRX MDCSTAT02401_OUT
recent2,KOSPI200,foreign,000270,기아,961442,739895,-221547,113211393400,87186421500,-26024971900,KRX MDCSTAT02401_OUT
recent2,KOSPI200,foreign,086790,하나금융지주,774630,566242,-208388,103876476120,75984615570,-27891860550,KRX MDCSTAT02401_OUT
recent2,KOSPI200,foreign,010140,삼성중공업,2367704,964441,-1403263,48418949933,19751155833,-28667794100,KRX MDCSTAT02401_OUT
recent2,KOSPI200,foreign,055550,신한지주,979303,682993,-296310,109147866500,76264483300,-32883383200,KRX MDCSTAT02401_OUT
recent2,KOSPI200,foreign,012450,한화에어로스페이스,152347,117230,-35117,158368450000,122005174000,-36363276000,KRX MDCSTAT02401_OUT
recent2,KOSPI200,foreign,042660,한화오션,680111,202059,-478052,54785137950,16292650400,-38492487550,KRX MDCSTAT02401_OUT
recent2,KOSPI200,foreign,028050,삼성E&A,1735270,935720,-799550,87051422475,47098144000,-39953278475,KRX MDCSTAT02401_OUT
recent2,KOSPI200,foreign,035420,NAVER,551900,338623,-213277,108829971600,67491461800,-41338509800,KRX MDCSTAT02401_OUT
recent2,KOSPI200,foreign,000720,현대건설,747692,391103,-356589,94702082200,49444607400,-45257474800,KRX MDCSTAT02401_OUT
recent2,KOSPI200,foreign,105560,KB금융,798758,489308,-309450,139660541850,85494123450,-54166418400,KRX MDCSTAT02401_OUT
recent2,KOSPI200,foreign,047040,대우건설,6491098,2666825,-3824273,117799640065,49952131065,-67847509000,KRX MDCSTAT02401_OUT
recent2,KOSPI200,foreign,005380,현대차,507234,287317,-219917,181938734000,103046737500,-78891996500,KRX MDCSTAT02401_OUT
recent2,KOSPI200,foreign,034020,두산에너빌리티,3008633,1025588,-1983045,251289799050,86610056000,-164679743050,KRX MDCSTAT02401_OUT
recent2,KOSPI200,foreign,000660,SK하이닉스,2602572,1749253,-853319,4864867337407,3279979067407,-1584888270000,KRX MDCSTAT02401_OUT
recent2,KOSPI200,institution,005930,삼성전자,12291295,13897637,1606342,3459412685250,3913077057500,453664372250,KRX MDCSTAT02401_OUT
recent2,KOSPI200,institution,009150,삼성전기,374629,487293,112664,562588745000,733068133500,170479388500,KRX MDCSTAT02401_OUT
recent2,KOSPI200,institution,402340,SK스퀘어,281502,338958,57456,327644191500,394980273000,67336081500,KRX MDCSTAT02401_OUT
recent2,KOSPI200,institution,003490,대한항공,1532849,3417480,1884631,47762301150,106070738400,58308437250,KRX MDCSTAT02401_OUT
recent2,KOSPI200,institution,066570,LG전자,309205,571615,262410,66029977000,122528164250,56498187250,KRX MDCSTAT02401_OUT
recent2,KOSPI200,institution,105560,KB금융,437110,676697,239587,76303418650,118332194450,42028775800,KRX MDCSTAT02401_OUT
recent2,KOSPI200,institution,000150,두산,29838,54948,25110,44286993000,81525696000,37238703000,KRX MDCSTAT02401_OUT
recent2,KOSPI200,institution,034730,SK,51421,111555,60134,30572858500,66464241500,35891383000,KRX MDCSTAT02401_OUT
recent2,KOSPI200,institution,007660,이수페타시스,196532,487387,290855,22730348650,56770368600,34040019950,KRX MDCSTAT02401_OUT
recent2,KOSPI200,institution,011070,LG이노텍,64467,103292,38825,35016047500,56241483000,21225435500,KRX MDCSTAT02401_OUT
recent2,KOSPI200,institution,009830,한화솔루션,270349,829570,559221,7722708950,24037358725,16314649775,KRX MDCSTAT02401_OUT
recent2,KOSPI200,institution,086790,하나금융지주,323605,436334,112729,43439007650,58616500900,15177493250,KRX MDCSTAT02401_OUT
recent2,KOSPI200,institution,055550,신한지주,566447,698447,132000,63120688850,77954395300,14833706450,KRX MDCSTAT02401_OUT
recent2,KOSPI200,institution,096770,SK이노베이션,491218,579894,88676,70586723800,84545061400,13958337600,KRX MDCSTAT02401_OUT
recent2,KOSPI200,institution,066970,엘앤에프,206230,322005,115775,22475336400,35220362550,12745026150,KRX MDCSTAT02401_OUT
recent2,KOSPI200,institution,016360,삼성증권,150581,283542,132961,13722653300,25886069900,12163416600,KRX MDCSTAT02401_OUT
recent2,KOSPI200,institution,036570,NC,42672,96056,53384,9111914750,20884936500,11773021750,KRX MDCSTAT02401_OUT
recent2,KOSPI200,institution,272210,한화시스템,258778,391900,133122,19534078100,29764655100,10230577000,KRX MDCSTAT02401_OUT
recent2,KOSPI200,institution,042700,한미반도체,177626,217599,39973,42776530250,52514678250,9738148000,KRX MDCSTAT02401_OUT
recent2,KOSPI200,institution,006260,LS,45192,73971,28779,14797464750,24330090500,9532625750,KRX MDCSTAT02401_OUT
recent2,KOSPI200,institution,071050,한국금융지주,114432,163023,48591,21396747600,30665534800,9268787200,KRX MDCSTAT02401_OUT
recent2,KOSPI200,institution,014680,한솔케미칼,28050,67455,39405,6385023000,15461675000,9076652000,KRX MDCSTAT02401_OUT
recent2,KOSPI200,institution,316140,우리금융지주,769326,1011918,242592,27458232300,36140879125,8682646825,KRX MDCSTAT02401_OUT
recent2,KOSPI200,institution,128940,한미약품,38832,54702,15870,19901925500,28355872500,8453947000,KRX MDCSTAT02401_OUT
recent2,KOSPI200,institution,032830,삼성생명,124603,151631,27028,36437874250,44468201500,8030327250,KRX MDCSTAT02401_OUT
recent2,KOSPI200,institution,003550,LG,88602,155318,66716,10209906350,18039471900,7829565550,KRX MDCSTAT02401_OUT
recent2,KOSPI200,institution,003670,포스코퓨처엠,201893,241726,39833,37296062950,44700210050,7404147100,KRX MDCSTAT02401_OUT
recent2,KOSPI200,institution,090430,아모레퍼시픽,70942,122509,51567,10101267650,17449649800,7348382150,KRX MDCSTAT02401_OUT
recent2,KOSPI200,institution,035720,카카오,384422,593597,209175,13034376275,20249375250,7214998975,KRX MDCSTAT02401_OUT
recent2,KOSPI200,institution,005940,NH투자증권,182808,417082,234274,4784713725,10961413375,6176699650,KRX MDCSTAT02401_OUT
recent2,KOSPI200,institution,028260,삼성물산,153180,166015,12835,56495297250,61352068750,4856771500,KRX MDCSTAT02401_OUT
recent2,KOSPI200,institution,036460,한국가스공사,47486,167225,119739,1689709150,5983118450,4293409300,KRX MDCSTAT02401_OUT
recent2,KOSPI200,institution,000990,DB하이텍,159128,190072,30944,20824196400,24985698150,4161501750,KRX MDCSTAT02401_OUT
recent2,KOSPI200,institution,028050,삼성E&A,403506,484384,80878,20271838850,24225456800,3953617950,KRX MDCSTAT02401_OUT
recent2,KOSPI200,institution,307950,현대오토에버,19728,29853,10125,7566505250,11483263250,3916758000,KRX MDCSTAT02401_OUT
recent2,KOSPI200,institution,032640,LG유플러스,300617,568194,267577,4390879575,8304836205,3913956630,KRX MDCSTAT02401_OUT
recent2,KOSPI200,institution,175330,JB금융지주,248284,365903,117619,7515498450,11112260550,3596762100,KRX MDCSTAT02401_OUT
recent2,KOSPI200,institution,361610,SK아이이테크놀로지,71020,274167,203147,1192266350,4637009725,3444743375,KRX MDCSTAT02401_OUT
recent2,KOSPI200,institution,001430,세아베스틸지주,42448,116073,73625,1894454775,5199415525,3304960750,KRX MDCSTAT02401_OUT
recent2,KOSPI200,institution,006800,미래에셋증권,698777,788342,89565,23047326050,26272063575,3224737525,KRX MDCSTAT02401_OUT
recent2,KOSPI200,institution,323410,카카오뱅크,275572,428416,152844,5528432435,8635757485,3107325050,KRX MDCSTAT02401_OUT
recent2,KOSPI200,institution,377300,카카오페이,50175,121342,71167,2043273950,5003842975,2960569025,KRX MDCSTAT02401_OUT
recent2,KOSPI200,institution,062040,산일전기,66071,78609,12538,13587303750,16338109500,2750805750,KRX MDCSTAT02401_OUT
recent2,KOSPI200,institution,039490,키움증권,34850,45001,10151,9216317250,11953055250,2736738000,KRX MDCSTAT02401_OUT
recent2,KOSPI200,institution,024110,기업은행,277149,390319,113170,5585632440,7927334395,2341701955,KRX MDCSTAT02401_OUT
recent2,KOSPI200,institution,180640,한진칼,24798,38363,13565,3504326750,5440170750,1935844000,KRX MDCSTAT02401_OUT
recent2,KOSPI200,institution,112610,씨에스윈드,42465,74742,32277,2130903825,3756124225,1625220400,KRX MDCSTAT02401_OUT
recent2,KOSPI200,institution,008930,한미사이언스,33430,62277,28847,1717824300,3216735750,1498911450,KRX MDCSTAT02401_OUT
recent2,KOSPI200,institution,009240,한샘,3987,29689,25702,157876850,1176637400,1018760550,KRX MDCSTAT02401_OUT
recent2,KOSPI200,institution,007340,DN오토모티브,75065,94605,19540,3665465750,4631865825,966400075,KRX MDCSTAT02401_OUT
recent2,KOSPI200,institution,017800,현대엘리베이터,48092,60724,12632,3555909450,4498158850,942249400,KRX MDCSTAT02401_OUT
recent2,KOSPI200,institution,139480,이마트,18355,30634,12279,1324371900,2215990200,891618300,KRX MDCSTAT02401_OUT
recent2,KOSPI200,institution,443060,HD현대마린솔루션,27827,31420,3593,6649840250,7521830000,871989750,KRX MDCSTAT02401_OUT
recent2,KOSPI200,institution,011200,HMM,189637,228810,39173,3976434575,4820677775,844243200,KRX MDCSTAT02401_OUT
recent2,KOSPI200,institution,011790,SKC,47632,57013,9381,4241874400,5081684100,839809700,KRX MDCSTAT02401_OUT
recent2,KOSPI200,institution,450080,에코프로머티,102932,125273,22341,3620428475,4413967275,793538800,KRX MDCSTAT02401_OUT
recent2,KOSPI200,institution,267260,HD현대일렉트릭,36571,37489,918,26168582500,26897031000,728448500,KRX MDCSTAT02401_OUT
recent2,KOSPI200,institution,004990,롯데지주,36347,64190,27843,886700350,1567667800,680967450,KRX MDCSTAT02401_OUT
recent2,KOSPI200,institution,030000,제일기획,100653,139051,38398,1769493780,2445946820,676453040,KRX MDCSTAT02401_OUT
recent2,KOSPI200,institution,011170,롯데케미칼,91205,99397,8192,5669368950,6272501100,603132150,KRX MDCSTAT02401_OUT
recent2,KOSPI200,institution,000240,한국앤컴퍼니,55621,76048,20427,1364368575,1871505075,507136500,KRX MDCSTAT02401_OUT
recent2,KOSPI200,institution,138040,메리츠금융지주,120568,123462,2894,15290493300,15731683550,441190250,KRX MDCSTAT02401_OUT
recent2,KOSPI200,institution,051600,한전KPS,47985,56446,8461,2218766825,2626569025,407802200,KRX MDCSTAT02401_OUT
recent2,KOSPI200,institution,004370,농심,7475,8512,1037,2924191750,3331921750,407730000,KRX MDCSTAT02401_OUT
recent2,KOSPI200,institution,071320,지역난방공사,4177,9385,5208,326158200,732448950,406290750,KRX MDCSTAT02401_OUT
recent2,KOSPI200,institution,103140,풍산,38252,42736,4484,2978233750,3363372000,385138250,KRX MDCSTAT02401_OUT
recent2,KOSPI200,institution,003240,태광산업,575,924,349,518805500,834313000,315507500,KRX MDCSTAT02401_OUT
recent2,KOSPI200,institution,139130,iM금융지주,201299,214220,12921,3590856105,3833852755,242996650,KRX MDCSTAT02401_OUT
recent2,KOSPI200,institution,034230,파라다이스,45921,69304,23383,437611720,661881320,224269600,KRX MDCSTAT02401_OUT
recent2,KOSPI200,institution,069260,TKG휴켐스,17630,31465,13835,284999560,509114360,224114800,KRX MDCSTAT02401_OUT
recent2,KOSPI200,institution,298050,HS효성첨단소재,4036,5079,1043,642333300,810770800,168437500,KRX MDCSTAT02401_OUT
recent2,KOSPI200,institution,002030,아세아,693,1220,527,146747000,260319500,113572500,KRX MDCSTAT02401_OUT
recent2,KOSPI200,institution,035250,강원랜드,142058,148513,6455,2036970725,2132692365,95721640,KRX MDCSTAT02401_OUT
recent2,KOSPI200,institution,005420,코스모화학,25972,34643,8671,264741665,354411445,89669780,KRX MDCSTAT02401_OUT
recent2,KOSPI200,institution,008730,율촌화학,12628,17499,4871,187390580,260078185,72687605,KRX MDCSTAT02401_OUT
recent2,KOSPI200,institution,000210,DL,21023,22316,1293,1075788400,1148473650,72685250,KRX MDCSTAT02401_OUT
recent2,KOSPI200,institution,001680,대상,19270,22463,3193,342331255,399250320,56919065,KRX MDCSTAT02401_OUT
recent2,KOSPI200,institution,300720,한일시멘트,23786,27249,3463,383581930,440197905,56615975,KRX MDCSTAT02401_OUT
recent2,KOSPI200,institution,268280,미원에스씨,866,1019,153,113801600,134601050,20799450,KRX MDCSTAT02401_OUT
recent2,KOSPI200,institution,002840,미원상사,571,711,140,77615750,96806000,19190250,KRX MDCSTAT02401_OUT
recent2,KOSPI200,institution,326030,SK바이오팜,27681,27667,-14,2118479100,2124650750,6171650,KRX MDCSTAT02401_OUT
recent2,KOSPI200,institution,000670,영풍,23454,23442,-12,1037372275,1027993900,-9378375,KRX MDCSTAT02401_OUT
recent2,KOSPI200,institution,012750,에스원,30571,30326,-245,2528437000,2511262800,-17174200,KRX MDCSTAT02401_OUT
recent2,KOSPI200,institution,137310,에스디바이오센서,40855,37836,-3019,248379480,230493965,-17885515,KRX MDCSTAT02401_OUT
recent2,KOSPI200,institution,005300,롯데칠성,4490,4257,-233,427169600,405067950,-22101650,KRX MDCSTAT02401_OUT
recent2,KOSPI200,institution,014820,동원시스템즈,13652,12146,-1506,285198400,255164200,-30034200,KRX MDCSTAT02401_OUT
recent2,KOSPI200,institution,003090,대웅,44830,42728,-2102,714765995,683119445,-31646550,KRX MDCSTAT02401_OUT
recent2,KOSPI200,institution,010060,OCI홀딩스,126715,122126,-4589,24477058350,24421078100,-55980250,KRX MDCSTAT02401_OUT
recent2,KOSPI200,institution,007700,F&F홀딩스,7529,2051,-5478,100525580,27458860,-73066720,KRX MDCSTAT02401_OUT
recent2,KOSPI200,institution,026960,동서,32443,29280,-3163,823648275,744873150,-78775125,KRX MDCSTAT02401_OUT
recent2,KOSPI200,institution,001800,오리온홀딩스,34771,31230,-3541,823997500,741394100,-82603400,KRX MDCSTAT02401_OUT
recent2,KOSPI200,institution,185750,종근당,5879,4512,-1367,379305400,291070600,-88234800,KRX MDCSTAT02401_OUT
recent2,KOSPI200,institution,000080,하이트진로,44332,36293,-8039,664821295,544654735,-120166560,KRX MDCSTAT02401_OUT
recent2,KOSPI200,institution,047810,한국항공우주,88813,87796,-1017,11444809600,11316947650,-127861950,KRX MDCSTAT02401_OUT
recent2,KOSPI200,institution,457190,이수스페셜티케미컬,33790,31726,-2064,2180662050,2048381900,-132280150,KRX MDCSTAT02401_OUT
recent2,KOSPI200,institution,280360,롯데웰푸드,8848,7686,-1162,1103912650,961130750,-142781900,KRX MDCSTAT02401_OUT
recent2,KOSPI200,institution,007310,오뚜기,1910,1395,-515,596022500,436137750,-159884750,KRX MDCSTAT02401_OUT
recent2,KOSPI200,institution,073240,금호타이어,178994,150217,-28777,1183823915,997816845,-186007070,KRX MDCSTAT02401_OUT
recent2,KOSPI200,institution,011210,현대위아,16897,13245,-3652,896086450,706007050,-190079400,KRX MDCSTAT02401_OUT
recent2,KOSPI200,institution,002790,아모레퍼시픽홀딩스,34783,26660,-8123,917376200,702776250,-214599950,KRX MDCSTAT02401_OUT
recent2,KOSPI200,institution,000880,한화,19878,17852,-2026,2615823150,2353960350,-261862800,KRX MDCSTAT02401_OUT
recent2,KOSPI200,institution,051900,LG생활건강,30480,29372,-1108,9044973750,8743727750,-301246000,KRX MDCSTAT02401_OUT
recent2,KOSPI200,institution,069620,대웅제약,9691,6882,-2809,1044928900,743617900,-301311000,KRX MDCSTAT02401_OUT
recent2,KOSPI200,institution,009970,영원무역홀딩스,6031,4115,-1916,996100250,682332000,-313768250,KRX MDCSTAT02401_OUT
recent2,KOSPI200,institution,006040,동원산업,20354,10522,-9832,713140475,369052550,-344087925,KRX MDCSTAT02401_OUT
recent2,KOSPI200,institution,454910,두산로보틱스,51384,45294,-6090,3622860500,3215273850,-407586650,KRX MDCSTAT02401_OUT
recent2,KOSPI200,institution,192080,더블유게임즈,30059,21830,-8229,1748518450,1272960400,-475558050,KRX MDCSTAT02401_OUT
recent2,KOSPI200,institution,002380,KCC,8092,7067,-1025,3815811250,3333045250,-482766000,KRX MDCSTAT02401_OUT
recent2,KOSPI200,institution,006280,녹십자,12075,8033,-4042,1496079450,994983950,-501095500,KRX MDCSTAT02401_OUT
recent2,KOSPI200,institution,034220,LG디스플레이,533079,467271,-65808,4550826925,3990996815,-559830110,KRX MDCSTAT02401_OUT
recent2,KOSPI200,institution,081660,미스토홀딩스,87916,71476,-16440,3313551275,2698474725,-615076550,KRX MDCSTAT02401_OUT
recent2,KOSPI200,institution,302440,SK바이오사이언스,42165,23002,-19163,1504386125,821841650,-682544475,KRX MDCSTAT02401_OUT
recent2,KOSPI200,institution,022100,포스코DX,109762,72016,-37746,2219489285,1465584020,-753905265,KRX MDCSTAT02401_OUT
recent2,KOSPI200,institution,251270,넷마블,68752,46511,-22241,2374416875,1609823650,-764593225,KRX MDCSTAT02401_OUT
recent2,KOSPI200,institution,111770,영원무역,32136,19991,-12145,2270418450,1415378400,-855040050,KRX MDCSTAT02401_OUT
recent2,KOSPI200,institution,018880,한온시스템,966913,688564,-278349,3172763923,2282366067,-890397856,KRX MDCSTAT02401_OUT
recent2,KOSPI200,institution,008770,호텔신라,53111,30221,-22890,2137552425,1222060275,-915492150,KRX MDCSTAT02401_OUT
recent2,KOSPI200,institution,282330,BGF리테일,18468,10796,-7672,2474158100,1447488100,-1026670000,KRX MDCSTAT02401_OUT
recent2,KOSPI200,institution,017960,한국카본,84368,30746,-53622,1715911550,629797500,-1086114050,KRX MDCSTAT02401_OUT
recent2,KOSPI200,institution,000810,삼성화재,36016,34273,-1743,23319877000,22233292500,-1086584500,KRX MDCSTAT02401_OUT
recent2,KOSPI200,institution,298020,효성티앤씨,9129,5515,-3614,2826391000,1723211750,-1103179250,KRX MDCSTAT02401_OUT
recent2,KOSPI200,institution,004000,롯데정밀화학,38755,13338,-25417,1686448625,582269575,-1104179050,KRX MDCSTAT02401_OUT
recent2,KOSPI200,institution,241560,두산밥캣,60612,40644,-19968,3506451350,2359629450,-1146821900,KRX MDCSTAT02401_OUT
recent2,KOSPI200,institution,003030,세아제강지주,24363,12882,-11481,2517100150,1353343500,-1163756650,KRX MDCSTAT02401_OUT
recent2,KOSPI200,institution,0126Z0,삼성에피스홀딩스,9199,5304,-3895,3040006000,1772644500,-1267361500,KRX MDCSTAT02401_OUT
recent2,KOSPI200,institution,097950,CJ제일제당,40640,33065,-7575,7106967800,5823035700,-1283932100,KRX MDCSTAT02401_OUT
recent2,KOSPI200,institution,000120,CJ대한통운,29371,8408,-20963,2071791550,594626150,-1477165400,KRX MDCSTAT02401_OUT
recent2,KOSPI200,institution,138930,BNK금융지주,376986,280528,-96458,5935091040,4452603935,-1482487105,KRX MDCSTAT02401_OUT
recent2,KOSPI200,institution,001040,CJ,48029,36232,-11797,6234686850,4706081300,-1528605550,KRX MDCSTAT02401_OUT
recent2,KOSPI200,institution,064400,LG씨엔에스,107267,84852,-22415,7568411400,6018569400,-1549842000,KRX MDCSTAT02401_OUT
recent2,KOSPI200,institution,000100,유한양행,94648,71436,-23212,7065669100,5322893700,-1742775400,KRX MDCSTAT02401_OUT
recent2,KOSPI200,institution,285130,SK케미칼,70888,35330,-35558,3531008300,1762626775,-1768381525,KRX MDCSTAT02401_OUT
recent2,KOSPI200,institution,051910,LG화학,96361,89236,-7125,24565003750,22793830500,-1771173250,KRX MDCSTAT02401_OUT
recent2,KOSPI200,institution,009420,한올바이오파마,109920,69965,-39955,5125182325,3264014200,-1861168125,KRX MDCSTAT02401_OUT
recent2,KOSPI200,institution,005850,에스엘,63438,23103,-40335,3076537475,1132258950,-1944278525,KRX MDCSTAT02401_OUT
recent2,KOSPI200,institution,069960,현대백화점,42721,21861,-20860,4166971050,2144512100,-2022458950,KRX MDCSTAT02401_OUT
recent2,KOSPI200,institution,021240,코웨이,98436,77646,-20790,9747179600,7714188000,-2032991600,KRX MDCSTAT02401_OUT
recent2,KOSPI200,institution,298040,효성중공업,14955,14114,-841,43447863500,41348912500,-2098951000,KRX MDCSTAT02401_OUT
recent2,KOSPI200,institution,259960,크래프톤,35632,25127,-10505,7156927100,5049473050,-2107454050,KRX MDCSTAT02401_OUT
recent2,KOSPI200,institution,271560,오리온,45776,25155,-20621,5051928800,2780621750,-2271307050,KRX MDCSTAT02401_OUT
recent2,KOSPI200,institution,007070,GS리테일,137540,36243,-101297,3160921475,835218650,-2325702825,KRX MDCSTAT02401_OUT
recent2,KOSPI200,institution,006650,대한유화,37763,12194,-25569,3538741350,1147485950,-2391255400,KRX MDCSTAT02401_OUT
recent2,KOSPI200,institution,028670,팬오션,982091,553731,-428360,5560886535,3167380510,-2393506025,KRX MDCSTAT02401_OUT
recent2,KOSPI200,institution,011780,금호석유화학,37766,13383,-24383,4422591600,1569388200,-2853203400,KRX MDCSTAT02401_OUT
recent2,KOSPI200,institution,030200,KT,281981,224667,-57314,14950784050,11924715950,-3026068100,KRX MDCSTAT02401_OUT
recent2,KOSPI200,institution,071970,HD현대마린엔진,114496,52452,-62044,5680974125,2614758200,-3066215925,KRX MDCSTAT02401_OUT
recent2,KOSPI200,institution,204320,HL만도,103566,36241,-67325,4755161475,1673071725,-3082089750,KRX MDCSTAT02401_OUT
recent2,KOSPI200,institution,120110,코오롱인더,95861,33913,-61948,5227068850,1860099800,-3366969050,KRX MDCSTAT02401_OUT
recent2,KOSPI200,institution,029780,삼성카드,125092,43966,-81126,5347019625,1883563150,-3463456475,KRX MDCSTAT02401_OUT
recent2,KOSPI200,institution,192820,코스맥스,56134,42942,-13192,15146198750,11632056250,-3514142500,KRX MDCSTAT02401_OUT
recent2,KOSPI200,institution,088350,한화생명,1504829,782333,-722496,8469812565,4408716420,-4061096145,KRX MDCSTAT02401_OUT
recent2,KOSPI200,institution,023530,롯데쇼핑,94447,49650,-44797,10109317850,5381754900,-4727562950,KRX MDCSTAT02401_OUT
recent2,KOSPI200,institution,005830,DB손해보험,98931,71992,-26939,18217535100,13287088700,-4930446400,KRX MDCSTAT02401_OUT
recent2,KOSPI200,institution,010130,고려아연,10803,6279,-4524,12029309000,7012893500,-5016415500,KRX MDCSTAT02401_OUT
recent2,KOSPI200,institution,018260,삼성에스디에스,60102,37114,-22988,13369563250,8346910750,-5022652500,KRX MDCSTAT02401_OUT
recent2,KOSPI200,institution,375500,DL이앤씨,210492,144325,-66167,17316888850,12003309950,-5313578900,KRX MDCSTAT02401_OUT
recent2,KOSPI200,institution,161890,한국콜마,111838,75000,-36838,16417146700,11056193900,-5360952800,KRX MDCSTAT02401_OUT
recent2,KOSPI200,institution,004020,현대제철,545674,376507,-169167,18374144950,12794805225,-5579339725,KRX MDCSTAT02401_OUT
recent2,KOSPI200,institution,068270,셀트리온,195870,162760,-33110,34936006350,29042320450,-5893685900,KRX MDCSTAT02401_OUT
recent2,KOSPI200,institution,267250,HD현대,80529,50039,-30490,16646679250,10355093250,-6291586000,KRX MDCSTAT02401_OUT
recent2,KOSPI200,institution,001440,대한전선,743525,541457,-202068,23697770100,17228864975,-6468905125,KRX MDCSTAT02401_OUT
recent2,KOSPI200,institution,161390,한국타이어앤테크놀로지,200820,82276,-118544,11532746350,4740251250,-6792495100,KRX MDCSTAT02401_OUT
recent2,KOSPI200,institution,047050,포스코인터내셔널,257742,133619,-124123,14413722550,7512358750,-6901363800,KRX MDCSTAT02401_OUT
recent2,KOSPI200,institution,064350,현대로템,149822,87801,-62021,17586910900,10317689500,-7269221400,KRX MDCSTAT02401_OUT
recent2,KOSPI200,institution,079550,LIG디펜스앤에어로스페이스,53641,41957,-11684,37569665500,29621712000,-7947953500,KRX MDCSTAT02401_OUT
recent2,KOSPI200,institution,009540,HD한국조선해양,70702,46959,-23743,23843611000,15862187000,-7981424000,KRX MDCSTAT02401_OUT
recent2,KOSPI200,institution,052690,한전기술,303435,235283,-68152,40296110100,31727631050,-8568479050,KRX MDCSTAT02401_OUT
recent2,KOSPI200,institution,012330,현대모비스,132152,107525,-24627,49261009000,40384830500,-8876178500,KRX MDCSTAT02401_OUT
recent2,KOSPI200,institution,483650,달바글로벌,97716,45660,-52056,17665407550,8316269750,-9349137800,KRX MDCSTAT02401_OUT
recent2,KOSPI200,institution,004170,신세계,52539,23902,-28637,18573288000,8470345750,-10102942250,KRX MDCSTAT02401_OUT
recent2,KOSPI200,institution,010140,삼성중공업,1059315,527441,-531874,21592125200,10831857625,-10760267575,KRX MDCSTAT02401_OUT
recent2,KOSPI200,institution,001450,현대해상,394156,148896,-245260,18700455150,7081239450,-11619215700,KRX MDCSTAT02401_OUT
recent2,KOSPI200,institution,010950,S-Oil,255223,176767,-78456,38991712800,27370731200,-11620981600,KRX MDCSTAT02401_OUT
recent2,KOSPI200,institution,093370,후성,1123012,283525,-839487,15634963100,3966199075,-11668764025,KRX MDCSTAT02401_OUT
recent2,KOSPI200,institution,010120,LS ELECTRIC,188552,128890,-59662,39443071500,27249220750,-12193850750,KRX MDCSTAT02401_OUT
recent2,KOSPI200,institution,267270,HD건설기계,182100,89636,-92464,24451809050,12245467250,-12206341800,KRX MDCSTAT02401_OUT
recent2,KOSPI200,institution,012450,한화에어로스페이스,61163,47266,-13897,63886100000,49482505000,-14403595000,KRX MDCSTAT02401_OUT
recent2,KOSPI200,institution,086280,현대글로비스,118635,43060,-75575,23640324350,8637333550,-15002990800,KRX MDCSTAT02401_OUT
recent2,KOSPI200,institution,082740,한화엔진,478387,160690,-317697,23269499325,7879841925,-15389657400,KRX MDCSTAT02401_OUT
recent2,KOSPI200,institution,373220,LG에너지솔루션,182235,137591,-44644,63938003250,48461696500,-15476306750,KRX MDCSTAT02401_OUT
recent2,KOSPI200,institution,015760,한국전력,1222780,653029,-569751,37324383725,20123985825,-17200397900,KRX MDCSTAT02401_OUT
recent2,KOSPI200,institution,352820,하이브,182903,73015,-109888,28818399100,11478808500,-17339590600,KRX MDCSTAT02401_OUT
recent2,KOSPI200,institution,278470,에이피알,126990,78587,-48403,46164379500,28797552750,-17366826750,KRX MDCSTAT02401_OUT
recent2,KOSPI200,institution,033780,KT&G,208115,104967,-103148,36031351100,18231623100,-17799728000,KRX MDCSTAT02401_OUT
recent2,KOSPI200,institution,042660,한화오션,369505,147072,-222433,29780472700,11918624250,-17861848450,KRX MDCSTAT02401_OUT
recent2,KOSPI200,institution,005380,현대차,288326,232082,-56244,103481243750,84026104000,-19455139750,KRX MDCSTAT02401_OUT
recent2,KOSPI200,institution,017670,SK텔레콤,451996,212285,-239711,39393723500,18591271600,-20802451900,KRX MDCSTAT02401_OUT
recent2,KOSPI200,institution,047040,대우건설,3074378,1809697,-1264681,55376060825,33635697800,-21740363025,KRX MDCSTAT02401_OUT
recent2,KOSPI200,institution,207940,삼성바이오로직스,26995,10465,-16530,37338859000,14497335000,-22841524000,KRX MDCSTAT02401_OUT
recent2,KOSPI200,institution,005490,POSCO홀딩스,145695,69230,-76465,45847942500,21865981500,-23981961000,KRX MDCSTAT02401_OUT
recent2,KOSPI200,institution,329180,HD현대중공업,144903,78136,-66767,64656316750,35094783000,-29561533750,KRX MDCSTAT02401_OUT
recent2,KOSPI200,institution,000270,기아,522139,265115,-257024,61523169650,31383037500,-30140132150,KRX MDCSTAT02401_OUT
recent2,KOSPI200,institution,078930,GS,574656,222139,-352517,62921462800,24392902550,-38528560250,KRX MDCSTAT02401_OUT
recent2,KOSPI200,institution,000720,현대건설,723939,374286,-349653,90290749050,47976733650,-42314015400,KRX MDCSTAT02401_OUT
recent2,KOSPI200,institution,003230,삼양식품,53506,7276,-46230,66066620000,8964895000,-57101725000,KRX MDCSTAT02401_OUT
recent2,KOSPI200,institution,000660,SK하이닉스,1740995,1704264,-36731,3262936190000,3196788670500,-66147519500,KRX MDCSTAT02401_OUT
recent2,KOSPI200,institution,006400,삼성SDI,250032,122062,-127970,130776885000,63878996500,-66897888500,KRX MDCSTAT02401_OUT
recent2,KOSPI200,institution,035420,NAVER,636648,276872,-359776,125646826950,55344360450,-70302466500,KRX MDCSTAT02401_OUT
recent2,KOSPI200,institution,034020,두산에너빌리티,2105606,1112874,-992732,176009669100,94130389200,-81879279900,KRX MDCSTAT02401_OUT
recent2,KOSDAQ150,foreign,222800,심텍,695856,957865,262009,104160049650,143048894350,38888844700,KRX MDCSTAT02401_OUT
recent2,KOSDAQ150,foreign,036540,SFA반도체,3730920,7010056,3279136,39740617415,74112337285,34371719870,KRX MDCSTAT02401_OUT
recent2,KOSDAQ150,foreign,247540,에코프로비엠,133634,344081,210447,14002774750,36169822050,22167047300,KRX MDCSTAT02401_OUT
recent2,KOSDAQ150,foreign,095610,테스,46211,178340,132129,7164107400,27733534600,20569427200,KRX MDCSTAT02401_OUT
recent2,KOSDAQ150,foreign,298380,에이비엘바이오,187655,458695,271040,9613497350,23422517550,13809020200,KRX MDCSTAT02401_OUT
recent2,KOSDAQ150,foreign,043260,성호전자,1464444,1804757,340313,39638082850,49223316350,9585233500,KRX MDCSTAT02401_OUT
recent2,KOSDAQ150,foreign,257720,실리콘투,237590,443632,206042,9549597375,17749441875,8199844500,KRX MDCSTAT02401_OUT
recent2,KOSDAQ150,foreign,403870,HPSP,638945,774664,135719,35171214350,42595906900,7424692550,KRX MDCSTAT02401_OUT
recent2,KOSDAQ150,foreign,241710,코스메카코리아,25086,77065,51979,3195941800,9805070200,6609128400,KRX MDCSTAT02401_OUT
recent2,KOSDAQ150,foreign,226950,올릭스,58433,122226,63793,6016670650,12566776350,6550105700,KRX MDCSTAT02401_OUT
recent2,KOSDAQ150,foreign,030530,원익홀딩스,1419755,1655902,236147,40971632025,47419793875,6448161850,KRX MDCSTAT02401_OUT
recent2,KOSDAQ150,foreign,347850,디앤디파마텍,210338,341668,131330,9293836775,15054841050,5761004275,KRX MDCSTAT02401_OUT
recent2,KOSDAQ150,foreign,098460,고영,402212,597692,195480,11706640150,17394590950,5687950800,KRX MDCSTAT02401_OUT
recent2,KOSDAQ150,foreign,067310,하나마이크론,1493762,1603712,109950,68564016650,73567178175,5003161525,KRX MDCSTAT02401_OUT
recent2,KOSDAQ150,foreign,053800,안랩,58073,127217,69144,4209323100,9169668250,4960345150,KRX MDCSTAT02401_OUT
recent2,KOSDAQ150,foreign,036930,주성엔지니어링,442679,465887,23208,91461637000,96232616250,4770979250,KRX MDCSTAT02401_OUT
recent2,KOSDAQ150,foreign,005290,동진쎄미켐,259331,360776,101445,11706845525,16212705900,4505860375,KRX MDCSTAT02401_OUT
recent2,KOSDAQ150,foreign,089030,테크윙,331788,408575,76787,16240282975,19986269075,3745986100,KRX MDCSTAT02401_OUT
recent2,KOSDAQ150,foreign,183300,코미코,387827,494352,106525,12457936700,15824644700,3366708000,KRX MDCSTAT02401_OUT
recent2,KOSDAQ150,foreign,080220,제주반도체,468181,510677,42496,36430287650,39733973300,3303685650,KRX MDCSTAT02401_OUT
recent2,KOSDAQ150,foreign,096530,씨젠,113074,199436,86362,3857467975,6802117300,2944649325,KRX MDCSTAT02401_OUT
recent2,KOSDAQ150,foreign,084370,유진테크,171217,191978,20761,26734948250,29622135650,2887187400,KRX MDCSTAT02401_OUT
recent2,KOSDAQ150,foreign,086520,에코프로,142697,177192,34495,11454362700,14242440600,2788077900,KRX MDCSTAT02401_OUT
recent2,KOSDAQ150,foreign,131290,티에스이,33019,40970,7951,9230300750,11369218000,2138917250,KRX MDCSTAT02401_OUT
recent2,KOSDAQ150,foreign,090360,로보스타,40746,65543,24797,3238839900,5225530250,1986690350,KRX MDCSTAT02401_OUT
recent2,KOSDAQ150,foreign,196170,알테오젠,125190,132630,7440,31558564500,33349831500,1791267000,KRX MDCSTAT02401_OUT
recent2,KOSDAQ150,foreign,251970,펌텍코리아,28894,56427,27533,1666995600,3244866000,1577870400,KRX MDCSTAT02401_OUT
recent2,KOSDAQ150,foreign,100790,미래에셋벤처투자,265104,348191,83087,4670918385,6127467485,1456549100,KRX MDCSTAT02401_OUT
recent2,KOSDAQ150,foreign,014620,성광벤드,101967,146183,44216,3228908925,4584484250,1355575325,KRX MDCSTAT02401_OUT
recent2,KOSDAQ150,foreign,290650,엘앤씨바이오,66860,92715,25855,3158814225,4400247525,1241433300,KRX MDCSTAT02401_OUT
recent2,KOSDAQ150,foreign,065350,신성델타테크,35214,67129,31915,1096732550,2090341575,993609025,KRX MDCSTAT02401_OUT
recent2,KOSDAQ150,foreign,0009K0,에임드바이오,85556,131769,46213,1827656750,2813500300,985843550,KRX MDCSTAT02401_OUT
recent2,KOSDAQ150,foreign,033100,제룡전기,40595,60238,19643,1944940775,2899920875,954980100,KRX MDCSTAT02401_OUT
recent2,KOSDAQ150,foreign,237690,에스티팜,23880,33677,9797,2177487550,3069841000,892353450,KRX MDCSTAT02401_OUT
recent2,KOSDAQ150,foreign,003380,하림지주,170183,245432,75249,1851788990,2678302850,826513860,KRX MDCSTAT02401_OUT
recent2,KOSDAQ150,foreign,042000,카페24,302933,353991,51058,5287939530,6110326805,822387275,KRX MDCSTAT02401_OUT
recent2,KOSDAQ150,foreign,060370,LS마린솔루션,62520,86321,23801,2078061200,2874449625,796388425,KRX MDCSTAT02401_OUT
recent2,KOSDAQ150,foreign,445680,큐리옥스바이오시스템즈,25471,39917,14446,1227139250,1933345500,706206250,KRX MDCSTAT02401_OUT
recent2,KOSDAQ150,foreign,078340,컴투스,39260,58483,19223,1368261375,2038873650,670612275,KRX MDCSTAT02401_OUT
recent2,KOSDAQ150,foreign,006730,서부T&D,112649,174544,61895,1211414530,1866218315,654803785,KRX MDCSTAT02401_OUT
recent2,KOSDAQ150,foreign,399720,가온칩스,118995,133356,14361,5594629775,6232879800,638250025,KRX MDCSTAT02401_OUT
recent2,KOSDAQ150,foreign,171090,선익시스템,15076,22340,7264,1050030000,1562903100,512873100,KRX MDCSTAT02401_OUT
recent2,KOSDAQ150,foreign,056190,SFA,55451,71702,16251,1567516050,2021268775,453752725,KRX MDCSTAT02401_OUT
recent2,KOSDAQ150,foreign,032190,다우데이타,23497,45914,22417,467917955,915214680,447296725,KRX MDCSTAT02401_OUT
recent2,KOSDAQ150,foreign,052400,코나아이,18866,30659,11793,708713225,1153867325,445154100,KRX MDCSTAT02401_OUT
recent2,KOSDAQ150,foreign,032500,케이엠더블유,127118,150163,23045,2461370905,2906438740,445067835,KRX MDCSTAT02401_OUT
recent2,KOSDAQ150,foreign,293490,카카오게임즈,130958,175087,44129,1180627700,1571463655,390835955,KRX MDCSTAT02401_OUT
recent2,KOSDAQ150,foreign,358570,지아이이노베이션,220099,250549,30450,1994547865,2267564585,273016720,KRX MDCSTAT02401_OUT
recent2,KOSDAQ150,foreign,278280,천보,34741,42087,7346,1210155725,1461373100,251217375,KRX MDCSTAT02401_OUT
recent2,KOSDAQ150,foreign,036830,솔브레인홀딩스,44753,50436,5683,1799881450,2031976150,232094700,KRX MDCSTAT02401_OUT
recent2,KOSDAQ150,foreign,074600,원익QnC,90539,98391,7852,2626595650,2852504300,225908650,KRX MDCSTAT02401_OUT
recent2,KOSDAQ150,foreign,194480,데브시스터즈,21242,35490,14248,300175290,502274730,202099440,KRX MDCSTAT02401_OUT
recent2,KOSDAQ150,foreign,211050,인카금융서비스,29545,49605,20060,294955250,494304110,199348860,KRX MDCSTAT02401_OUT
recent2,KOSDAQ150,foreign,348210,넥스틴,34884,40257,5373,1169129125,1353567850,184438725,KRX MDCSTAT02401_OUT
recent2,KOSDAQ150,foreign,025320,시노펙스,278059,321819,43760,1057597106,1222571718,164974612,KRX MDCSTAT02401_OUT
recent2,KOSDAQ150,foreign,166090,하나머티리얼즈,72020,74502,2482,4176678650,4299187950,122509300,KRX MDCSTAT02401_OUT
recent2,KOSDAQ150,foreign,124500,아이티센글로벌,69973,73571,3598,2084767175,2201725950,116958775,KRX MDCSTAT02401_OUT
recent2,KOSDAQ150,foreign,112040,위메이드,47957,54682,6725,725578270,828207245,102628975,KRX MDCSTAT02401_OUT
recent2,KOSDAQ150,foreign,214370,케어젠,44982,46948,1966,1791418650,1872650100,81231450,KRX MDCSTAT02401_OUT
recent2,KOSDAQ150,foreign,122870,와이지엔터테인먼트,64348,65228,880,2769012575,2808446875,39434300,KRX MDCSTAT02401_OUT
recent2,KOSDAQ150,foreign,215200,메가스터디교육,95030,95834,804,3450011400,3480573800,30562400,KRX MDCSTAT02401_OUT
recent2,KOSDAQ150,foreign,082270,젬백스,92547,93741,1194,971264925,989755750,18490825,KRX MDCSTAT02401_OUT
recent2,KOSDAQ150,foreign,214150,클래시스,57908,58049,141,1778763775,1783192075,4428300,KRX MDCSTAT02401_OUT
recent2,KOSDAQ150,foreign,060250,NHN KCP,99725,98992,-733,1328805950,1320679955,-8125995,KRX MDCSTAT02401_OUT
recent2,KOSDAQ150,foreign,030520,한컴,73845,70739,-3106,1238281130,1194991430,-43289700,KRX MDCSTAT02401_OUT
recent2,KOSDAQ150,foreign,352480,씨앤씨인터내셔널,8072,5951,-2121,178792950,131150250,-47642700,KRX MDCSTAT02401_OUT
recent2,KOSDAQ150,foreign,025900,동화기업,20649,12728,-7921,140042340,86462760,-53579580,KRX MDCSTAT02401_OUT
recent2,KOSDAQ150,foreign,039200,오스코텍,58642,57063,-1579,2117349275,2056121325,-61227950,KRX MDCSTAT02401_OUT
recent2,KOSDAQ150,foreign,069080,웹젠,59682,52346,-7336,663140670,583445140,-79695530,KRX MDCSTAT02401_OUT
recent2,KOSDAQ150,foreign,038500,삼표시멘트,165830,146985,-18845,1118827730,993687380,-125140350,KRX MDCSTAT02401_OUT
recent2,KOSDAQ150,foreign,007390,네이처셀,70358,64838,-5520,1742364575,1613150675,-129213900,KRX MDCSTAT02401_OUT
recent2,KOSDAQ150,foreign,213420,덕산네오룩스,73502,68640,-4862,2140641250,1994433500,-146207750,KRX MDCSTAT02401_OUT
recent2,KOSDAQ150,foreign,036620,감성코퍼레이션,142369,100810,-41559,527121647,374310950,-152810697,KRX MDCSTAT02401_OUT
recent2,KOSDAQ150,foreign,095660,네오위즈,30367,20876,-9491,539476215,370948580,-168527635,KRX MDCSTAT02401_OUT
recent2,KOSDAQ150,foreign,015750,성우하이텍,135989,104043,-31946,796040090,610407610,-185632480,KRX MDCSTAT02401_OUT
recent2,KOSDAQ150,foreign,067160,SOOP,37385,31511,-5874,1367948600,1152434725,-215513875,KRX MDCSTAT02401_OUT
recent2,KOSDAQ150,foreign,101730,위메이드맥스,102785,53847,-48938,482473724,252352892,-230120832,KRX MDCSTAT02401_OUT
recent2,KOSDAQ150,foreign,388720,유일로보틱스,10843,7253,-3590,749695700,502656750,-247038950,KRX MDCSTAT02401_OUT
recent2,KOSDAQ150,foreign,068760,셀트리온제약,26644,19472,-7172,1039797525,759055050,-280742475,KRX MDCSTAT02401_OUT
recent2,KOSDAQ150,foreign,253450,스튜디오드래곤,31982,18064,-13918,651773925,367574950,-284198975,KRX MDCSTAT02401_OUT
recent2,KOSDAQ150,foreign,060280,큐렉소,133307,96107,-37200,1061015625,774342750,-286672875,KRX MDCSTAT02401_OUT
recent2,KOSDAQ150,foreign,376300,디어유,44501,26771,-17730,755036230,453738790,-301297440,KRX MDCSTAT02401_OUT
recent2,KOSDAQ150,foreign,035760,CJ ENM,46342,38332,-8010,1788415350,1478724300,-309691050,KRX MDCSTAT02401_OUT
recent2,KOSDAQ150,foreign,048410,현대바이오,425098,374725,-50373,2949326460,2602547240,-346779220,KRX MDCSTAT02401_OUT
recent2,KOSDAQ150,foreign,009520,포스코엠텍,71111,39336,-31775,883755855,489469330,-394286525,KRX MDCSTAT02401_OUT
recent2,KOSDAQ150,foreign,050890,쏠리드,736200,694593,-41607,7067607690,6671946900,-395660790,KRX MDCSTAT02401_OUT
recent2,KOSDAQ150,foreign,214430,아이쓰리시스템,26150,20172,-5978,1790609500,1380692200,-409917300,KRX MDCSTAT02401_OUT
recent2,KOSDAQ150,foreign,141080,리가켐바이오,86490,81353,-5137,7004237000,6593646500,-410590500,KRX MDCSTAT02401_OUT
recent2,KOSDAQ150,foreign,189300,인텔리안테크,44568,38514,-6054,3088851500,2665798450,-423053050,KRX MDCSTAT02401_OUT
recent2,KOSDAQ150,foreign,272290,이녹스첨단소재,87406,65490,-21916,1840064100,1374459350,-465604750,KRX MDCSTAT02401_OUT
recent2,KOSDAQ150,foreign,225570,넥슨게임즈,80556,36329,-44227,878246550,394610565,-483635985,KRX MDCSTAT02401_OUT
recent2,KOSDAQ150,foreign,161580,필옵틱스,103784,88735,-15049,3387995450,2891075625,-496919825,KRX MDCSTAT02401_OUT
recent2,KOSDAQ150,foreign,085660,차바이오텍,189378,118920,-70458,1496144715,943615600,-552529115,KRX MDCSTAT02401_OUT
recent2,KOSDAQ150,foreign,018290,브이티,127228,76770,-50458,1437597405,868340905,-569256500,KRX MDCSTAT02401_OUT
recent2,KOSDAQ150,foreign,033500,동성화인텍,79817,42868,-36949,1292961165,696109530,-596851635,KRX MDCSTAT02401_OUT
recent2,KOSDAQ150,foreign,000250,삼천당제약,42234,37928,-4306,6854166950,6209948150,-644218800,KRX MDCSTAT02401_OUT
recent2,KOSDAQ150,foreign,178320,서진시스템,576072,556265,-19807,18467208175,17801064450,-666143725,KRX MDCSTAT02401_OUT
recent2,KOSDAQ150,foreign,348370,엔켐,443085,404661,-38424,8070594155,7304086080,-766508075,KRX MDCSTAT02401_OUT
recent2,KOSDAQ150,foreign,295310,에이치브이엠,124678,110275,-14403,7611855900,6706888750,-904967150,KRX MDCSTAT02401_OUT
recent2,KOSDAQ150,foreign,214450,파마리서치,36114,33106,-3008,11737169000,10761427750,-975741250,KRX MDCSTAT02401_OUT
recent2,KOSDAQ150,foreign,025980,아난티,1291273,1062033,-229240,6863821570,5711265800,-1152555770,KRX MDCSTAT02401_OUT
recent2,KOSDAQ150,foreign,195940,HK이노엔,88142,57958,-30184,3414588300,2246631350,-1167956950,KRX MDCSTAT02401_OUT
recent2,KOSDAQ150,foreign,121600,나노신소재,46124,22532,-23592,2381114000,1163681250,-1217432750,KRX MDCSTAT02401_OUT
recent2,KOSDAQ150,foreign,099320,쎄트렉아이,61588,44379,-17209,4797393700,3454167350,-1343226350,KRX MDCSTAT02401_OUT
recent2,KOSDAQ150,foreign,281740,레이크머티리얼즈,258552,130828,-127724,2757126030,1395494950,-1361631080,KRX MDCSTAT02401_OUT
recent2,KOSDAQ150,foreign,137400,피엔티,118718,58032,-60686,3444316300,1696019925,-1748296375,KRX MDCSTAT02401_OUT
recent2,KOSDAQ150,foreign,417200,LS머트리얼즈,513335,384639,-128696,6997608735,5231699010,-1765909725,KRX MDCSTAT02401_OUT
recent2,KOSDAQ150,foreign,036810,에프에스티,125134,66745,-58389,3803311575,2037034250,-1766277325,KRX MDCSTAT02401_OUT
recent2,KOSDAQ150,foreign,078600,대주전자재료,60366,39973,-20393,5287158150,3477448750,-1809709400,KRX MDCSTAT02401_OUT
recent2,KOSDAQ150,foreign,437730,삼현,190325,156635,-33690,10230317000,8356543750,-1873773250,KRX MDCSTAT02401_OUT
recent2,KOSDAQ150,foreign,041510,에스엠,86540,63091,-23449,7130338750,5195085650,-1935253100,KRX MDCSTAT02401_OUT
recent2,KOSDAQ150,foreign,263750,펄어비스,139361,81239,-58122,4785639475,2787508075,-1998131400,KRX MDCSTAT02401_OUT
recent2,KOSDAQ150,foreign,064760,티씨케이,32559,25062,-7497,9139980500,6929470000,-2210510500,KRX MDCSTAT02401_OUT
recent2,KOSDAQ150,foreign,041190,우리기술투자,2853265,2476416,-376849,17921352065,15655428700,-2265923365,KRX MDCSTAT02401_OUT
recent2,KOSDAQ150,foreign,204270,제이앤티씨,684626,585712,-98914,17160249250,14835229700,-2325019550,KRX MDCSTAT02401_OUT
recent2,KOSDAQ150,foreign,466100,클로봇,179977,77575,-102402,4179905275,1810786175,-2369119100,KRX MDCSTAT02401_OUT
recent2,KOSDAQ150,foreign,253590,네오셈,1161070,971946,-189124,15964805325,13478112245,-2486693080,KRX MDCSTAT02401_OUT
recent2,KOSDAQ150,foreign,090710,휴림로봇,1218848,822178,-396670,7971149510,5451850670,-2519298840,KRX MDCSTAT02401_OUT
recent2,KOSDAQ150,foreign,082920,비츠로셀,196551,109109,-87442,5682311575,3149791750,-2532519825,KRX MDCSTAT02401_OUT
recent2,KOSDAQ150,foreign,035900,JYP Ent.,149351,81389,-67962,5647040100,3074173475,-2572866625,KRX MDCSTAT02401_OUT
recent2,KOSDAQ150,foreign,031980,피에스케이홀딩스,71803,55087,-16716,11685161700,8873935900,-2811225800,KRX MDCSTAT02401_OUT
recent2,KOSDAQ150,foreign,420770,기가비스,157013,134063,-22950,18711626650,15847047500,-2864579150,KRX MDCSTAT02401_OUT
recent2,KOSDAQ150,foreign,039030,이오테크닉스,53065,46514,-6551,25348188500,22176046250,-3172142250,KRX MDCSTAT02401_OUT
recent2,KOSDAQ150,foreign,475830,오름테라퓨틱,561442,437265,-124177,14473936250,11240473875,-3233462375,KRX MDCSTAT02401_OUT
recent2,KOSDAQ150,foreign,056080,유진로봇,387926,120375,-267551,4804863275,1503187440,-3301675835,KRX MDCSTAT02401_OUT
recent2,KOSDAQ150,foreign,328130,루닛,638712,299736,-338976,6265423550,2954992900,-3310430650,KRX MDCSTAT02401_OUT
recent2,KOSDAQ150,foreign,125490,한라캐스트,1032911,764575,-268336,13063129785,9680075665,-3383054120,KRX MDCSTAT02401_OUT
recent2,KOSDAQ150,foreign,140860,파크시스템스,62124,48258,-13866,16136635500,12575056250,-3561579250,KRX MDCSTAT02401_OUT
recent2,KOSDAQ150,foreign,101490,에스앤에스텍,174253,90710,-83543,7625449075,3957568625,-3667880450,KRX MDCSTAT02401_OUT
recent2,KOSDAQ150,foreign,310210,보로노이,79864,51276,-28588,11958409350,7688487350,-4269922000,KRX MDCSTAT02401_OUT
recent2,KOSDAQ150,foreign,232140,와이씨,2858166,2555008,-303158,42003569210,37399311035,-4604258175,KRX MDCSTAT02401_OUT
recent2,KOSDAQ150,foreign,058610,에스피지,152144,106450,-45694,15451266800,10772643800,-4678623000,KRX MDCSTAT02401_OUT
recent2,KOSDAQ150,foreign,277810,레인보우로보틱스,38446,26317,-12129,16921095750,11689277750,-5231818000,KRX MDCSTAT02401_OUT
recent2,KOSDAQ150,foreign,323280,태성,260406,140994,-119412,12221631025,6621463125,-5600167900,KRX MDCSTAT02401_OUT
recent2,KOSDAQ150,foreign,083650,비에이치아이,373389,270574,-102815,23123877800,17082613100,-6041264700,KRX MDCSTAT02401_OUT
recent2,KOSDAQ150,foreign,028300,HLB,591710,361918,-229792,18434194375,11288520475,-7145673900,KRX MDCSTAT02401_OUT
recent2,KOSDAQ150,foreign,319400,현대무벡스,563757,198742,-365015,12056745900,4268772175,-7787973725,KRX MDCSTAT02401_OUT
recent2,KOSDAQ150,foreign,108490,로보티즈,136127,109164,-26963,41387025750,33383009500,-8004016250,KRX MDCSTAT02401_OUT
recent2,KOSDAQ150,foreign,032820,우리기술,2301820,1609838,-691982,30804688175,21497942500,-9306745675,KRX MDCSTAT02401_OUT
recent2,KOSDAQ150,foreign,218410,RFHIC,321068,156711,-164357,19026181450,9244451900,-9781729550,KRX MDCSTAT02401_OUT
recent2,KOSDAQ150,foreign,095340,ISC,164068,117248,-46820,34689669750,24786552750,-9903117000,KRX MDCSTAT02401_OUT
recent2,KOSDAQ150,foreign,087010,펩트론,144893,74437,-70456,21399670250,10863934350,-10535735900,KRX MDCSTAT02401_OUT
recent2,KOSDAQ150,foreign,131970,두산테스나,231139,117904,-113235,22111853850,11083634850,-11028219000,KRX MDCSTAT02401_OUT
recent2,KOSDAQ150,foreign,145020,휴젤,123723,59460,-64263,23811325500,11438642150,-12372683350,KRX MDCSTAT02401_OUT
recent2,KOSDAQ150,foreign,089970,브이엠,643306,371957,-271349,38639869350,22241730700,-16398138650,KRX MDCSTAT02401_OUT
recent2,KOSDAQ150,foreign,240810,원익IPS,1031433,764058,-267375,137885053800,102717132700,-35167921100,KRX MDCSTAT02401_OUT
recent2,KOSDAQ150,foreign,058470,리노공업,1673373,855542,-817831,123880865300,63336481150,-60544384150,KRX MDCSTAT02401_OUT
recent2,KOSDAQ150,institution,058470,리노공업,450916,748993,298077,33319580600,55830745900,22511165300,KRX MDCSTAT02401_OUT
recent2,KOSDAQ150,institution,089970,브이엠,263663,613918,350255,15721828600,36775314500,21053485900,KRX MDCSTAT02401_OUT
recent2,KOSDAQ150,institution,095340,ISC,68590,147812,79222,14459730250,31254541750,16794811500,KRX MDCSTAT02401_OUT
recent2,KOSDAQ150,institution,420770,기가비스,101931,196539,94608,11995961750,23234589250,11238627500,KRX MDCSTAT02401_OUT
recent2,KOSDAQ150,institution,084370,유진테크,84114,140817,56703,13068084200,22181730300,9113646100,KRX MDCSTAT02401_OUT
recent2,KOSDAQ150,institution,036930,주성엔지니어링,138406,178967,40561,28479326750,37000159250,8520832500,KRX MDCSTAT02401_OUT
recent2,KOSDAQ150,institution,064760,티씨케이,23833,47437,23604,6618365500,13340241250,6721875750,KRX MDCSTAT02401_OUT
recent2,KOSDAQ150,institution,140860,파크시스템스,9317,31529,22212,2411925500,8208133500,5796208000,KRX MDCSTAT02401_OUT
recent2,KOSDAQ150,institution,005290,동진쎄미켐,127509,225925,98416,5686442325,10120919250,4434476925,KRX MDCSTAT02401_OUT
recent2,KOSDAQ150,institution,277810,레인보우로보틱스,16646,25328,8682,7354130250,11284197500,3930067250,KRX MDCSTAT02401_OUT
recent2,KOSDAQ150,institution,295310,에이치브이엠,46791,104898,58107,2827226800,6549579150,3722352350,KRX MDCSTAT02401_OUT
recent2,KOSDAQ150,institution,240810,원익IPS,407407,430581,23174,54515665750,57301982700,2786316950,KRX MDCSTAT02401_OUT
recent2,KOSDAQ150,institution,053800,안랩,9819,40123,30304,712353100,2940196350,2227843250,KRX MDCSTAT02401_OUT
recent2,KOSDAQ150,institution,403870,HPSP,281392,319849,38457,15462835450,17595836150,2133000700,KRX MDCSTAT02401_OUT
recent2,KOSDAQ150,institution,099320,쎄트렉아이,5659,28511,22852,439353650,2234229650,1794876000,KRX MDCSTAT02401_OUT
recent2,KOSDAQ150,institution,214450,파마리서치,27938,32321,4383,9083714750,10518304000,1434589250,KRX MDCSTAT02401_OUT
recent2,KOSDAQ150,institution,232140,와이씨,193535,285460,91925,2781768220,4177498055,1395729835,KRX MDCSTAT02401_OUT
recent2,KOSDAQ150,institution,253590,네오셈,34551,136948,102397,473076315,1839797315,1366721000,KRX MDCSTAT02401_OUT
recent2,KOSDAQ150,institution,195940,HK이노엔,38927,73483,34556,1508996475,2850103425,1341106950,KRX MDCSTAT02401_OUT
recent2,KOSDAQ150,institution,225570,넥슨게임즈,30904,142906,112002,336257520,1559201850,1222944330,KRX MDCSTAT02401_OUT
recent2,KOSDAQ150,institution,121600,나노신소재,18000,40585,22585,927871150,2095738800,1167867650,KRX MDCSTAT02401_OUT
recent2,KOSDAQ150,institution,082920,비츠로셀,92827,128961,36134,2655905225,3687758200,1031852975,KRX MDCSTAT02401_OUT
recent2,KOSDAQ150,institution,328130,루닛,50272,145774,95502,492920715,1429714785,936794070,KRX MDCSTAT02401_OUT
recent2,KOSDAQ150,institution,036810,에프에스티,20586,48935,28349,630997650,1489045275,858047625,KRX MDCSTAT02401_OUT
recent2,KOSDAQ150,institution,125490,한라캐스트,16302,76734,60432,202332565,968849615,766517050,KRX MDCSTAT02401_OUT
recent2,KOSDAQ150,institution,475830,오름테라퓨틱,101900,131209,29309,2597647975,3344769725,747121750,KRX MDCSTAT02401_OUT
recent2,KOSDAQ150,institution,058610,에스피지,38644,45595,6951,3866880300,4612290550,745410250,KRX MDCSTAT02401_OUT
recent2,KOSDAQ150,institution,222800,심텍,289355,292087,2732,43191369450,43720181500,528812050,KRX MDCSTAT02401_OUT
recent2,KOSDAQ150,institution,078340,컴투스,32243,46168,13925,1120529325,1612111700,491582375,KRX MDCSTAT02401_OUT
recent2,KOSDAQ150,institution,166090,하나머티리얼즈,37568,44454,6886,2170684250,2574387550,403703300,KRX MDCSTAT02401_OUT
recent2,KOSDAQ150,institution,215200,메가스터디교육,10577,20714,10137,384195100,754349450,370154350,KRX MDCSTAT02401_OUT
recent2,KOSDAQ150,institution,067310,하나마이크론,346294,351247,4953,15886035350,16213905150,327869800,KRX MDCSTAT02401_OUT
recent2,KOSDAQ150,institution,036830,솔브레인홀딩스,18917,26187,7270,758585825,1063535875,304950050,KRX MDCSTAT02401_OUT
recent2,KOSDAQ150,institution,041190,우리기술투자,33596,76013,42417,203887795,476549070,272661275,KRX MDCSTAT02401_OUT
recent2,KOSDAQ150,institution,003380,하림지주,139071,155802,16731,1517203320,1706089160,188885840,KRX MDCSTAT02401_OUT
recent2,KOSDAQ150,institution,189300,인텔리안테크,23086,25350,2264,1591877600,1762293950,170416350,KRX MDCSTAT02401_OUT
recent2,KOSDAQ150,institution,352480,씨앤씨인터내셔널,2901,9545,6644,63761100,211799200,148038100,KRX MDCSTAT02401_OUT
recent2,KOSDAQ150,institution,069080,웹젠,40051,37445,-2606,447844970,418922860,-28922110,KRX MDCSTAT02401_OUT
recent2,KOSDAQ150,institution,025900,동화기업,13804,7813,-5991,93368370,53321490,-40046880,KRX MDCSTAT02401_OUT
recent2,KOSDAQ150,institution,030520,한컴,99698,96894,-2804,1678253870,1628634230,-49619640,KRX MDCSTAT02401_OUT
recent2,KOSDAQ150,institution,101730,위메이드맥스,15100,1755,-13345,70377685,8234090,-62143595,KRX MDCSTAT02401_OUT
recent2,KOSDAQ150,institution,050890,쏠리드,43540,35856,-7684,416320900,346022770,-70298130,KRX MDCSTAT02401_OUT
recent2,KOSDAQ150,institution,263750,펄어비스,81212,78325,-2887,2776120550,2705686950,-70433600,KRX MDCSTAT02401_OUT
recent2,KOSDAQ150,institution,060370,LS마린솔루션,77897,75561,-2336,2588623150,2510616800,-78006350,KRX MDCSTAT02401_OUT
recent2,KOSDAQ150,institution,038500,삼표시멘트,62684,50512,-12172,422759185,340614050,-82145135,KRX MDCSTAT02401_OUT
recent2,KOSDAQ150,institution,214430,아이쓰리시스템,6193,4897,-1296,421949300,338280600,-83668700,KRX MDCSTAT02401_OUT
recent2,KOSDAQ150,institution,214370,케어젠,14347,12157,-2190,571345250,484518350,-86826900,KRX MDCSTAT02401_OUT
recent2,KOSDAQ150,institution,112040,위메이드,34664,28739,-5925,524440390,435310810,-89129580,KRX MDCSTAT02401_OUT
recent2,KOSDAQ150,institution,009520,포스코엠텍,32813,25400,-7413,407642605,316083810,-91558795,KRX MDCSTAT02401_OUT
recent2,KOSDAQ150,institution,090360,로보스타,4200,2869,-1331,332503100,229134800,-103368300,KRX MDCSTAT02401_OUT
recent2,KOSDAQ150,institution,067160,SOOP,9267,5861,-3406,338959700,214497250,-124462450,KRX MDCSTAT02401_OUT
recent2,KOSDAQ150,institution,082270,젬백스,23982,10888,-13094,252366470,114976090,-137390380,KRX MDCSTAT02401_OUT
recent2,KOSDAQ150,institution,095660,네오위즈,22733,14521,-8212,402574050,258799010,-143775040,KRX MDCSTAT02401_OUT
recent2,KOSDAQ150,institution,060280,큐렉소,21322,2975,-18347,169640445,23571130,-146069315,KRX MDCSTAT02401_OUT
recent2,KOSDAQ150,institution,036620,감성코퍼레이션,63173,23305,-39868,234079382,86669847,-147409535,KRX MDCSTAT02401_OUT
recent2,KOSDAQ150,institution,025320,시노펙스,50347,10523,-39824,190787995,39970750,-150817245,KRX MDCSTAT02401_OUT
recent2,KOSDAQ150,institution,253450,스튜디오드래곤,19240,11556,-7684,392057250,235728850,-156328400,KRX MDCSTAT02401_OUT
recent2,KOSDAQ150,institution,042000,카페24,23844,12129,-11715,372239525,213788430,-158451095,KRX MDCSTAT02401_OUT
recent2,KOSDAQ150,institution,033100,제룡전기,15233,11891,-3342,729106975,570630275,-158476700,KRX MDCSTAT02401_OUT
recent2,KOSDAQ150,institution,015750,성우하이텍,37534,6855,-30679,218610380,40065990,-178544390,KRX MDCSTAT02401_OUT
recent2,KOSDAQ150,institution,466100,클로봇,18040,10186,-7854,418373350,238193150,-180180200,KRX MDCSTAT02401_OUT
recent2,KOSDAQ150,institution,100790,미래에셋벤처투자,13197,2397,-10800,231618735,42226700,-189392035,KRX MDCSTAT02401_OUT
recent2,KOSDAQ150,institution,376300,디어유,14154,2831,-11323,239333185,48015050,-191318135,KRX MDCSTAT02401_OUT
recent2,KOSDAQ150,institution,281740,레이크머티리얼즈,41005,21632,-19373,436397370,230812810,-205584560,KRX MDCSTAT02401_OUT
recent2,KOSDAQ150,institution,348370,엔켐,19533,8818,-10715,395031885,178401890,-216629995,KRX MDCSTAT02401_OUT
recent2,KOSDAQ150,institution,025980,아난티,79262,36989,-42273,417964250,200461680,-217502570,KRX MDCSTAT02401_OUT
recent2,KOSDAQ150,institution,348210,넥스틴,19029,12161,-6868,638855350,412249550,-226605800,KRX MDCSTAT02401_OUT
recent2,KOSDAQ150,institution,388720,유일로보틱스,4862,1491,-3371,335404900,103737400,-231667500,KRX MDCSTAT02401_OUT
recent2,KOSDAQ150,institution,085660,차바이오텍,46298,13908,-32390,365978855,110608500,-255370355,KRX MDCSTAT02401_OUT
recent2,KOSDAQ150,institution,060250,NHN KCP,22338,2940,-19398,296486185,38964920,-257521265,KRX MDCSTAT02401_OUT
recent2,KOSDAQ150,institution,272290,이녹스첨단소재,31238,18962,-12276,656856275,398111700,-258744575,KRX MDCSTAT02401_OUT
recent2,KOSDAQ150,institution,171090,선익시스템,11419,7688,-3731,800974150,538082500,-262891650,KRX MDCSTAT02401_OUT
recent2,KOSDAQ150,institution,065350,신성델타테크,13378,4386,-8992,415820950,136812950,-279008000,KRX MDCSTAT02401_OUT
recent2,KOSDAQ150,institution,194480,데브시스터즈,34269,12631,-21638,482449490,178668050,-303781440,KRX MDCSTAT02401_OUT
recent2,KOSDAQ150,institution,068760,셀트리온제약,20704,12744,-7960,807243325,496810750,-310432575,KRX MDCSTAT02401_OUT
recent2,KOSDAQ150,institution,445680,큐리옥스바이오시스템즈,9455,2763,-6692,452744375,133170350,-319574025,KRX MDCSTAT02401_OUT
recent2,KOSDAQ150,institution,032500,케이엠더블유,25115,8545,-16570,487181830,165854175,-321327655,KRX MDCSTAT02401_OUT
recent2,KOSDAQ150,institution,124500,아이티센글로벌,12352,1526,-10826,367228250,45694625,-321533625,KRX MDCSTAT02401_OUT
recent2,KOSDAQ150,institution,032190,다우데이타,25333,8252,-17081,503681515,164408420,-339273095,KRX MDCSTAT02401_OUT
recent2,KOSDAQ150,institution,310210,보로노이,35045,32869,-2176,5250160100,4897328450,-352831650,KRX MDCSTAT02401_OUT
recent2,KOSDAQ150,institution,056190,SFA,43483,30704,-12779,1227609375,865766350,-361843025,KRX MDCSTAT02401_OUT
recent2,KOSDAQ150,institution,161580,필옵틱스,15839,4638,-11201,513267350,150865175,-362402175,KRX MDCSTAT02401_OUT
recent2,KOSDAQ150,institution,018290,브이티,35541,3072,-32469,399035130,34894650,-364140480,KRX MDCSTAT02401_OUT
recent2,KOSDAQ150,institution,048410,현대바이오,174988,122637,-52351,1211877650,847240220,-364637430,KRX MDCSTAT02401_OUT
recent2,KOSDAQ150,institution,043260,성호전자,760721,746067,-14654,20501955150,20114239975,-387715175,KRX MDCSTAT02401_OUT
recent2,KOSDAQ150,institution,323280,태성,26895,17729,-9166,1260428325,830966125,-429462200,KRX MDCSTAT02401_OUT
recent2,KOSDAQ150,institution,039200,오스코텍,50980,38451,-12529,1831725125,1392024150,-439700975,KRX MDCSTAT02401_OUT
recent2,KOSDAQ150,institution,319400,현대무벡스,57135,35971,-21164,1215975725,767238275,-448737450,KRX MDCSTAT02401_OUT
recent2,KOSDAQ150,institution,204270,제이앤티씨,24165,6116,-18049,609047450,152823075,-456224375,KRX MDCSTAT02401_OUT
recent2,KOSDAQ150,institution,056080,유진로봇,47844,8787,-39057,590057365,108707020,-481350345,KRX MDCSTAT02401_OUT
recent2,KOSDAQ150,institution,090710,휴림로봇,89861,15225,-74636,581667010,98365340,-483301670,KRX MDCSTAT02401_OUT
recent2,KOSDAQ150,institution,358570,지아이이노베이션,77207,22774,-54433,697717400,204438665,-493278735,KRX MDCSTAT02401_OUT
recent2,KOSDAQ150,institution,007390,네이처셀,36276,15700,-20576,899200450,390067325,-509133125,KRX MDCSTAT02401_OUT
recent2,KOSDAQ150,institution,033500,동성화인텍,34456,2724,-31732,559024430,44262930,-514761500,KRX MDCSTAT02401_OUT
recent2,KOSDAQ150,institution,074600,원익QnC,148736,130714,-18022,4313109550,3791252350,-521857200,KRX MDCSTAT02401_OUT
recent2,KOSDAQ150,institution,096530,씨젠,66389,51017,-15372,2263288575,1739600400,-523688175,KRX MDCSTAT02401_OUT
recent2,KOSDAQ150,institution,211050,인카금융서비스,75204,20877,-54327,750035695,209070385,-540965310,KRX MDCSTAT02401_OUT
recent2,KOSDAQ150,institution,101490,에스앤에스텍,26073,12681,-13392,1135514725,554671400,-580843325,KRX MDCSTAT02401_OUT
recent2,KOSDAQ150,institution,137400,피엔티,35790,15401,-20389,1038481125,446568500,-591912625,KRX MDCSTAT02401_OUT
recent2,KOSDAQ150,institution,278280,천보,22544,1986,-20558,781610650,68982100,-712628550,KRX MDCSTAT02401_OUT
recent2,KOSDAQ150,institution,030530,원익홀딩스,94963,69671,-25292,2699737575,1973238275,-726499300,KRX MDCSTAT02401_OUT
recent2,KOSDAQ150,institution,035760,CJ ENM,42658,23713,-18945,1644196350,913814025,-730382325,KRX MDCSTAT02401_OUT
recent2,KOSDAQ150,institution,214150,클래시스,45182,20685,-24497,1387665550,635556975,-752108575,KRX MDCSTAT02401_OUT
recent2,KOSDAQ150,institution,0009K0,에임드바이오,56460,18399,-38061,1198509650,393204700,-805304950,KRX MDCSTAT02401_OUT
recent2,KOSDAQ150,institution,028300,HLB,139319,110377,-28942,4326258100,3463449775,-862808325,KRX MDCSTAT02401_OUT
recent2,KOSDAQ150,institution,399720,가온칩스,36858,17960,-18898,1718623425,846652900,-871970525,KRX MDCSTAT02401_OUT
recent2,KOSDAQ150,institution,417200,LS머트리얼즈,245041,175832,-69209,3318123575,2387135695,-930987880,KRX MDCSTAT02401_OUT
recent2,KOSDAQ150,institution,000250,삼천당제약,29942,23313,-6629,4865716600,3808240900,-1057475700,KRX MDCSTAT02401_OUT
recent2,KOSDAQ150,institution,052400,코나아이,36300,7039,-29261,1357397525,264326800,-1093070725,KRX MDCSTAT02401_OUT
recent2,KOSDAQ150,institution,213420,덕산네오룩스,75329,34998,-40331,2186342050,1017890700,-1168451350,KRX MDCSTAT02401_OUT
recent2,KOSDAQ150,institution,098460,고영,125650,85370,-40280,3645708950,2476726050,-1168982900,KRX MDCSTAT02401_OUT
recent2,KOSDAQ150,institution,237690,에스티팜,31404,18281,-13123,2857454150,1668819900,-1188634250,KRX MDCSTAT02401_OUT
recent2,KOSDAQ150,institution,293490,카카오게임즈,204345,62985,-141360,1827715460,564140525,-1263574935,KRX MDCSTAT02401_OUT
recent2,KOSDAQ150,institution,437730,삼현,42060,17959,-24101,2237038550,955267000,-1281771550,KRX MDCSTAT02401_OUT
recent2,KOSDAQ150,institution,290650,엘앤씨바이오,35086,7601,-27485,1651860625,359140525,-1292720100,KRX MDCSTAT02401_OUT
recent2,KOSDAQ150,institution,035900,JYP Ent.,65510,22049,-43461,2472064475,832695425,-1639369050,KRX MDCSTAT02401_OUT
recent2,KOSDAQ150,institution,041510,에스엠,86756,65978,-20778,7150202350,5429763650,-1720438700,KRX MDCSTAT02401_OUT
recent2,KOSDAQ150,institution,141080,리가켐바이오,80383,58553,-21830,6496585450,4748045650,-1748539800,KRX MDCSTAT02401_OUT
recent2,KOSDAQ150,institution,131290,티에스이,32281,25782,-6499,9051694250,7216518500,-1835175750,KRX MDCSTAT02401_OUT
recent2,KOSDAQ150,institution,032820,우리기술,313219,168564,-144655,4116500125,2278674145,-1837825980,KRX MDCSTAT02401_OUT
recent2,KOSDAQ150,institution,006730,서부T&D,223297,36107,-187190,2385519300,386009780,-1999509520,KRX MDCSTAT02401_OUT
recent2,KOSDAQ150,institution,218410,RFHIC,142025,106063,-35962,8391016000,6265823350,-2125192650,KRX MDCSTAT02401_OUT
recent2,KOSDAQ150,institution,251970,펌텍코리아,68708,31264,-37444,3953533100,1807043900,-2146489200,KRX MDCSTAT02401_OUT
recent2,KOSDAQ150,institution,095610,테스,57271,41722,-15549,8824594550,6464178700,-2360415850,KRX MDCSTAT02401_OUT
recent2,KOSDAQ150,institution,080220,제주반도체,85603,53561,-32042,6592573350,4144063850,-2448509500,KRX MDCSTAT02401_OUT
recent2,KOSDAQ150,institution,122870,와이지엔터테인먼트,115362,56093,-59269,4963146700,2410202125,-2552944575,KRX MDCSTAT02401_OUT
recent2,KOSDAQ150,institution,014620,성광벤드,135067,52594,-82473,4208799450,1650858875,-2557940575,KRX MDCSTAT02401_OUT
recent2,KOSDAQ150,institution,145020,휴젤,57341,43985,-13356,10956543750,8390200000,-2566343750,KRX MDCSTAT02401_OUT
recent2,KOSDAQ150,institution,131970,두산테스나,117225,87215,-30010,11063817950,8333031000,-2730786950,KRX MDCSTAT02401_OUT
recent2,KOSDAQ150,institution,178320,서진시스템,136760,45412,-91348,4394448450,1453245025,-2941203425,KRX MDCSTAT02401_OUT
recent2,KOSDAQ150,institution,086520,에코프로,244528,201678,-42850,19617990400,16233888000,-3384102400,KRX MDCSTAT02401_OUT
recent2,KOSDAQ150,institution,078600,대주전자재료,47863,4150,-43713,4162919750,361779700,-3801140050,KRX MDCSTAT02401_OUT
recent2,KOSDAQ150,institution,183300,코미코,320343,194064,-126279,10033096550,6099888600,-3933207950,KRX MDCSTAT02401_OUT
recent2,KOSDAQ150,institution,347850,디앤디파마텍,148736,25116,-123620,6529042050,1112097175,-5416944875,KRX MDCSTAT02401_OUT
recent2,KOSDAQ150,institution,241710,코스메카코리아,74193,30208,-43985,9439837100,3854214750,-5585622350,KRX MDCSTAT02401_OUT
recent2,KOSDAQ150,institution,089030,테크윙,198881,72090,-126791,9635285250,3515790325,-6119494925,KRX MDCSTAT02401_OUT
recent2,KOSDAQ150,institution,039030,이오테크닉스,63417,49733,-13684,30268846750,23754060500,-6514786250,KRX MDCSTAT02401_OUT
recent2,KOSDAQ150,institution,087010,펩트론,68036,12436,-55600,10027851950,1825715200,-8202136750,KRX MDCSTAT02401_OUT
recent2,KOSDAQ150,institution,083650,비에이치아이,258908,108186,-150722,15959338500,6797095800,-9162242700,KRX MDCSTAT02401_OUT
recent2,KOSDAQ150,institution,031980,피에스케이홀딩스,89296,28277,-61019,14373511450,4565280000,-9808231450,KRX MDCSTAT02401_OUT
recent2,KOSDAQ150,institution,298380,에이비엘바이오,313480,48803,-264677,16002722575,2507490675,-13495231900,KRX MDCSTAT02401_OUT
recent2,KOSDAQ150,institution,226950,올릭스,168549,31893,-136656,17307434350,3279239450,-14028194900,KRX MDCSTAT02401_OUT
recent2,KOSDAQ150,institution,196170,알테오젠,158016,93116,-64900,39794615500,23449061750,-16345553750,KRX MDCSTAT02401_OUT
recent2,KOSDAQ150,institution,247540,에코프로비엠,248642,81969,-166673,26071361750,8620087600,-17451274150,KRX MDCSTAT02401_OUT
recent2,KOSDAQ150,institution,108490,로보티즈,98825,40570,-58255,29914550750,12350357000,-17564193750,KRX MDCSTAT02401_OUT
recent2,KOSDAQ150,institution,257720,실리콘투,670480,162406,-508074,26648519550,6494110400,-20154409150,KRX MDCSTAT02401_OUT
recent2,KOSDAQ150,institution,036540,SFA반도체,5478107,2823571,-2654536,57871800715,29990602050,-27881198665,KRX MDCSTAT02401_OUT
recent3,KOSPI200,foreign,005930,삼성전자,13155835,22488066,9332231,3675682670398,6272851093648,2597168423250,KRX MDCSTAT02401_OUT
recent3,KOSPI200,foreign,402340,SK스퀘어,1224481,1437611,213130,1419474075813,1662904880313,243430804500,KRX MDCSTAT02401_OUT
recent3,KOSPI200,foreign,009150,삼성전기,567837,644943,77106,832618653500,950811411000,118192757500,KRX MDCSTAT02401_OUT
recent3,KOSPI200,foreign,066570,LG전자,649703,982289,332586,136688601650,208241795150,71553193500,KRX MDCSTAT02401_OUT
recent3,KOSPI200,foreign,003490,대한항공,2441378,4675855,2234477,74853940825,144024904550,69170963725,KRX MDCSTAT02401_OUT
recent3,KOSPI200,foreign,096770,SK이노베이션,546291,912409,366118,78009534700,131395955200,53386420500,KRX MDCSTAT02401_OUT
recent3,KOSPI200,foreign,078930,GS,269512,643744,374232,29981165350,71030530150,41049364800,KRX MDCSTAT02401_OUT
recent3,KOSPI200,foreign,010950,S-Oil,483492,702120,218628,74495728650,108114424700,33618696050,KRX MDCSTAT02401_OUT
recent3,KOSPI200,foreign,007660,이수페타시스,999940,1300320,300380,114035128400,147124714850,33089586450,KRX MDCSTAT02401_OUT
recent3,KOSPI200,foreign,298040,효성중공업,33665,44463,10798,98011087500,129970762000,31959674500,KRX MDCSTAT02401_OUT
recent3,KOSPI200,foreign,329180,HD현대중공업,168694,234327,65633,75607106500,105118643750,29511537250,KRX MDCSTAT02401_OUT
recent3,KOSPI200,foreign,017670,SK텔레콤,620288,948322,328034,54145798850,82891211500,28745412650,KRX MDCSTAT02401_OUT
recent3,KOSPI200,foreign,042700,한미반도체,472558,581561,109003,113275679750,139692466750,26416787000,KRX MDCSTAT02401_OUT
recent3,KOSPI200,foreign,161890,한국콜마,244931,419167,174236,35861579900,61473436350,25611856450,KRX MDCSTAT02401_OUT
recent3,KOSPI200,foreign,016360,삼성증권,376974,651928,274954,34202685754,58894470354,24691784600,KRX MDCSTAT02401_OUT
recent3,KOSPI200,foreign,010120,LS ELECTRIC,325011,418829,93818,68108258250,88423699250,20315441000,KRX MDCSTAT02401_OUT
recent3,KOSPI200,foreign,003230,삼양식품,40680,56050,15370,50907499000,69258417500,18350918500,KRX MDCSTAT02401_OUT
recent3,KOSPI200,foreign,001450,현대해상,331720,593671,261951,15910916625,28349337250,12438420625,KRX MDCSTAT02401_OUT
recent3,KOSPI200,foreign,278470,에이피알,197756,227474,29718,72071168500,82930794500,10859626000,KRX MDCSTAT02401_OUT
recent3,KOSPI200,foreign,018260,삼성에스디에스,107140,155506,48366,23954170500,34799367750,10845197250,KRX MDCSTAT02401_OUT
recent3,KOSPI200,foreign,483650,달바글로벌,167949,227283,59334,30675982500,41465157150,10789174650,KRX MDCSTAT02401_OUT
recent3,KOSPI200,foreign,033780,KT&G,427204,485696,58492,74264773500,84563419800,10298646300,KRX MDCSTAT02401_OUT
recent3,KOSPI200,foreign,138930,BNK금융지주,846583,1381242,534659,13379286880,22084145315,8704858435,KRX MDCSTAT02401_OUT
recent3,KOSPI200,foreign,192820,코스맥스,60218,84544,24326,16324210250,22911908250,6587698000,KRX MDCSTAT02401_OUT
recent3,KOSPI200,foreign,128940,한미약품,53004,65285,12281,27274489500,33586148500,6311659000,KRX MDCSTAT02401_OUT
recent3,KOSPI200,foreign,000990,DB하이텍,486008,535285,49277,63268689100,69427342750,6158653650,KRX MDCSTAT02401_OUT
recent3,KOSPI200,foreign,001040,CJ,135354,179316,43962,17520879150,23208124900,5687245750,KRX MDCSTAT02401_OUT
recent3,KOSPI200,foreign,361610,SK아이이테크놀로지,225147,493132,267985,3732209695,8262659405,4530449710,KRX MDCSTAT02401_OUT
recent3,KOSPI200,foreign,071050,한국금융지주,182205,204509,22304,34075173750,38148478450,4073304700,KRX MDCSTAT02401_OUT
recent3,KOSPI200,foreign,009540,HD한국조선해양,246250,257080,10830,83190686650,86906871650,3716185000,KRX MDCSTAT02401_OUT
recent3,KOSPI200,foreign,093370,후성,3195033,3428005,232972,45144414475,48714106850,3569692375,KRX MDCSTAT02401_OUT
recent3,KOSPI200,foreign,032640,LG유플러스,1900146,2116656,216510,27686270447,30805906492,3119636045,KRX MDCSTAT02401_OUT
recent3,KOSPI200,foreign,004370,농심,23189,31033,7844,9118883000,12217359500,3098476500,KRX MDCSTAT02401_OUT
recent3,KOSPI200,foreign,007070,GS리테일,146778,269450,122672,3393800100,6232165600,2838365500,KRX MDCSTAT02401_OUT
recent3,KOSPI200,foreign,307950,현대오토에버,57146,64075,6929,21882825500,24472268250,2589442750,KRX MDCSTAT02401_OUT
recent3,KOSPI200,foreign,004170,신세계,70369,76579,6210,24932677750,27139026500,2206348750,KRX MDCSTAT02401_OUT
recent3,KOSPI200,foreign,088350,한화생명,2475120,2831339,356219,14077200225,16101473670,2024273445,KRX MDCSTAT02401_OUT
recent3,KOSPI200,foreign,443060,HD현대마린솔루션,113780,122081,8301,27107276640,29072499140,1965222500,KRX MDCSTAT02401_OUT
recent3,KOSPI200,foreign,000880,한화,140189,155004,14815,18398274550,20360233250,1961958700,KRX MDCSTAT02401_OUT
recent3,KOSPI200,foreign,285130,SK케미칼,36932,75113,38181,1869714800,3771669250,1901954450,KRX MDCSTAT02401_OUT
recent3,KOSPI200,foreign,021240,코웨이,461139,480480,19341,45956990100,47828823350,1871833250,KRX MDCSTAT02401_OUT
recent3,KOSPI200,foreign,039490,키움증권,60880,67467,6587,16095361000,17867999750,1772638750,KRX MDCSTAT02401_OUT
recent3,KOSPI200,foreign,006800,미래에셋증권,1338491,1389633,51142,43852530925,45523304225,1670773300,KRX MDCSTAT02401_OUT
recent3,KOSPI200,foreign,006280,녹십자,15399,27456,12057,1910471400,3417828150,1507356750,KRX MDCSTAT02401_OUT
recent3,KOSPI200,foreign,008930,한미사이언스,107413,135953,28540,5488180250,6963908725,1475728475,KRX MDCSTAT02401_OUT
recent3,KOSPI200,foreign,002790,아모레퍼시픽홀딩스,134829,186734,51905,3563547625,4937777400,1374229775,KRX MDCSTAT02401_OUT
recent3,KOSPI200,foreign,028670,팬오션,1485161,1649192,164031,8476954820,9404599210,927644390,KRX MDCSTAT02401_OUT
recent3,KOSPI200,foreign,192080,더블유게임즈,40521,53239,12718,2362486300,3101452550,738966250,KRX MDCSTAT02401_OUT
recent3,KOSPI200,foreign,251270,넷마블,155100,174898,19798,5351798750,6036714475,684915725,KRX MDCSTAT02401_OUT
recent3,KOSPI200,foreign,028260,삼성물산,432985,434905,1920,159100384250,159781724750,681340500,KRX MDCSTAT02401_OUT
recent3,KOSPI200,foreign,282330,BGF리테일,47604,52230,4626,6464677550,7081867850,617190300,KRX MDCSTAT02401_OUT
recent3,KOSPI200,foreign,302440,SK바이오사이언스,59705,70496,10791,2130436775,2514820825,384384050,KRX MDCSTAT02401_OUT
recent3,KOSPI200,foreign,097950,CJ제일제당,64955,66995,2040,11381275100,11758411200,377136100,KRX MDCSTAT02401_OUT
recent3,KOSPI200,foreign,112610,씨에스윈드,211713,219396,7683,10637788225,11014550175,376761950,KRX MDCSTAT02401_OUT
recent3,KOSPI200,foreign,086280,현대글로비스,305619,307042,1423,61183672000,61523797700,340125700,KRX MDCSTAT02401_OUT
recent3,KOSPI200,foreign,185750,종근당,30331,35129,4798,1949437050,2261926750,312489700,KRX MDCSTAT02401_OUT
recent3,KOSPI200,foreign,000080,하이트진로,90014,100014,10000,1350267140,1500899925,150632785,KRX MDCSTAT02401_OUT
recent3,KOSPI200,foreign,002840,미원상사,896,1270,374,121683300,172662750,50979450,KRX MDCSTAT02401_OUT
recent3,KOSPI200,foreign,003090,대웅,82641,85354,2713,1315584185,1360695845,45111660,KRX MDCSTAT02401_OUT
recent3,KOSPI200,foreign,003240,태광산업,959,1004,45,864845000,904076500,39231500,KRX MDCSTAT02401_OUT
recent3,KOSPI200,foreign,011790,SKC,100089,100326,237,8883288850,8917383350,34094500,KRX MDCSTAT02401_OUT
recent3,KOSPI200,foreign,280360,롯데웰푸드,17672,17814,142,2227840800,2238602400,10761600,KRX MDCSTAT02401_OUT
recent3,KOSPI200,foreign,268280,미원에스씨,672,679,7,88576150,89304500,728350,KRX MDCSTAT02401_OUT
recent3,KOSPI200,foreign,007700,F&F홀딩스,10608,7524,-3084,142490050,100666865,-41823185,KRX MDCSTAT02401_OUT
recent3,KOSPI200,foreign,017960,한국카본,109323,107555,-1768,2250627475,2198179175,-52448300,KRX MDCSTAT02401_OUT
recent3,KOSPI200,foreign,002380,KCC,33154,32863,-291,15537757750,15452460500,-85297250,KRX MDCSTAT02401_OUT
recent3,KOSPI200,foreign,014820,동원시스템즈,24398,17749,-6649,514009050,372727900,-141281150,KRX MDCSTAT02401_OUT
recent3,KOSPI200,foreign,005420,코스모화학,78309,62643,-15666,800864810,641404560,-159460250,KRX MDCSTAT02401_OUT
recent3,KOSPI200,foreign,009970,영원무역홀딩스,15290,14172,-1118,2540190100,2352581400,-187608700,KRX MDCSTAT02401_OUT
recent3,KOSPI200,foreign,006040,동원산업,40768,34350,-6418,1433934675,1209063950,-224870725,KRX MDCSTAT02401_OUT
recent3,KOSPI200,foreign,300720,한일시멘트,47769,33546,-14223,771383840,541689265,-229694575,KRX MDCSTAT02401_OUT
recent3,KOSPI200,foreign,002030,아세아,2629,1395,-1234,562821250,297306000,-265515250,KRX MDCSTAT02401_OUT
recent3,KOSPI200,foreign,011200,HMM,628751,614523,-14228,13188810350,12908632875,-280177475,KRX MDCSTAT02401_OUT
recent3,KOSPI200,foreign,051900,LG생활건강,75759,74835,-924,22560303250,22262697500,-297605750,KRX MDCSTAT02401_OUT
recent3,KOSPI200,foreign,026960,동서,39343,27416,-11927,1000898500,697204325,-303694175,KRX MDCSTAT02401_OUT
recent3,KOSPI200,foreign,180640,한진칼,64698,62023,-2675,9079219400,8746896950,-332322450,KRX MDCSTAT02401_OUT
recent3,KOSPI200,foreign,008730,율촌화학,76306,52776,-23530,1131594540,786567980,-345026560,KRX MDCSTAT02401_OUT
recent3,KOSPI200,foreign,137310,에스디바이오센서,136018,78892,-57126,829584525,482319030,-347265495,KRX MDCSTAT02401_OUT
recent3,KOSPI200,foreign,005300,롯데칠성,21502,17399,-4103,2041067650,1653014750,-388052900,KRX MDCSTAT02401_OUT
recent3,KOSPI200,foreign,069260,TKG휴켐스,54413,28992,-25421,880327725,469001105,-411326620,KRX MDCSTAT02401_OUT
recent3,KOSPI200,foreign,009420,한올바이오파마,139711,130215,-9496,6545217575,6100709075,-444508500,KRX MDCSTAT02401_OUT
recent3,KOSPI200,foreign,000240,한국앤컴퍼니,126498,107953,-18545,3106623108,2654292733,-452330375,KRX MDCSTAT02401_OUT
recent3,KOSPI200,foreign,001680,대상,74299,47148,-27151,1320949400,838694275,-482255125,KRX MDCSTAT02401_OUT
recent3,KOSPI200,foreign,030200,KT,152641,143446,-9195,8123173608,7637091758,-486081850,KRX MDCSTAT02401_OUT
recent3,KOSPI200,foreign,377300,카카오페이,215797,200701,-15096,8754193150,8241758625,-512434525,KRX MDCSTAT02401_OUT
recent3,KOSPI200,foreign,007310,오뚜기,4609,2791,-1818,1442834000,872698000,-570136000,KRX MDCSTAT02401_OUT
recent3,KOSPI200,foreign,081660,미스토홀딩스,204203,188388,-15815,7759187000,7158415225,-600771775,KRX MDCSTAT02401_OUT
recent3,KOSPI200,foreign,450080,에코프로머티,199496,179508,-19988,6955768850,6308541375,-647227475,KRX MDCSTAT02401_OUT
recent3,KOSPI200,foreign,012750,에스원,49508,41778,-7730,4113301850,3462874250,-650427600,KRX MDCSTAT02401_OUT
recent3,KOSPI200,foreign,009240,한샘,32236,12932,-19304,1274310900,510251375,-764059525,KRX MDCSTAT02401_OUT
recent3,KOSPI200,foreign,298050,HS효성첨단소재,12887,8085,-4802,2063165900,1295779900,-767386000,KRX MDCSTAT02401_OUT
recent3,KOSPI200,foreign,298020,효성티앤씨,17618,15050,-2568,5514785750,4707086000,-807699750,KRX MDCSTAT02401_OUT
recent3,KOSPI200,foreign,003030,세아제강지주,20986,13376,-7610,2230548400,1412406700,-818141700,KRX MDCSTAT02401_OUT
recent3,KOSPI200,foreign,000120,CJ대한통운,45204,33298,-11906,3184039850,2352406900,-831632950,KRX MDCSTAT02401_OUT
recent3,KOSPI200,foreign,005850,에스엘,106077,88761,-17316,5203060800,4332192325,-870868475,KRX MDCSTAT02401_OUT
recent3,KOSPI200,foreign,004990,롯데지주,123045,85007,-38038,3001958625,2075158900,-926799725,KRX MDCSTAT02401_OUT
recent3,KOSPI200,foreign,000210,DL,50938,32242,-18696,2650285250,1664903300,-985381950,KRX MDCSTAT02401_OUT
recent3,KOSPI200,foreign,138040,메리츠금융지주,262075,254711,-7364,33677924550,32678010450,-999914100,KRX MDCSTAT02401_OUT
recent3,KOSPI200,foreign,111770,영원무역,123230,108183,-15047,8768849906,7714287906,-1054562000,KRX MDCSTAT02401_OUT
recent3,KOSPI200,foreign,001800,오리온홀딩스,114316,68565,-45751,2721688525,1630194075,-1091494450,KRX MDCSTAT02401_OUT
recent3,KOSPI200,foreign,071320,지역난방공사,33195,18746,-14449,2589370700,1463323050,-1126047650,KRX MDCSTAT02401_OUT
recent3,KOSPI200,foreign,267250,HD현대,259578,253255,-6323,53851578750,52597633000,-1253945750,KRX MDCSTAT02401_OUT
recent3,KOSPI200,foreign,011210,현대위아,106665,80735,-25930,5697314100,4315592850,-1381721250,KRX MDCSTAT02401_OUT
recent3,KOSPI200,foreign,004000,롯데정밀화학,88325,56379,-31946,3883273775,2482735350,-1400538425,KRX MDCSTAT02401_OUT
recent3,KOSPI200,foreign,069620,대웅제약,21364,7972,-13392,2308776050,863222250,-1445553800,KRX MDCSTAT02401_OUT
recent3,KOSPI200,foreign,034230,파라다이스,308846,154733,-154113,2947890910,1476375160,-1471515750,KRX MDCSTAT02401_OUT
recent3,KOSPI200,foreign,207940,삼성바이오로직스,53692,52521,-1171,74358812668,72850283168,-1508529500,KRX MDCSTAT02401_OUT
recent3,KOSPI200,foreign,005830,DB손해보험,256211,248170,-8041,47511088100,45920748800,-1590339300,KRX MDCSTAT02401_OUT
recent3,KOSPI200,foreign,000670,영풍,156310,118066,-38244,6949483525,5268489450,-1680994075,KRX MDCSTAT02401_OUT
recent3,KOSPI200,foreign,457190,이수스페셜티케미컬,72957,46666,-26291,4709241100,3011707050,-1697534050,KRX MDCSTAT02401_OUT
recent3,KOSPI200,foreign,259960,크래프톤,99769,90711,-9058,19954196062,18192843362,-1761352700,KRX MDCSTAT02401_OUT
recent3,KOSPI200,foreign,271560,오리온,174515,157936,-16579,19320872850,17477137900,-1843734950,KRX MDCSTAT02401_OUT
recent3,KOSPI200,foreign,024110,기업은행,1493583,1376355,-117228,30144073485,28225876410,-1918197075,KRX MDCSTAT02401_OUT
recent3,KOSPI200,foreign,035250,강원랜드,313170,176778,-136392,4491063200,2535672615,-1955390585,KRX MDCSTAT02401_OUT
recent3,KOSPI200,foreign,022100,포스코DX,359344,255318,-104026,7322514105,5203479230,-2119034875,KRX MDCSTAT02401_OUT
recent3,KOSPI200,foreign,051600,한전KPS,135797,84263,-51534,6303640800,3913357000,-2390283800,KRX MDCSTAT02401_OUT
recent3,KOSPI200,foreign,139130,iM금융지주,513899,379851,-134048,9217537300,6797258460,-2420278840,KRX MDCSTAT02401_OUT
recent3,KOSPI200,foreign,006650,대한유화,63095,36516,-26579,5967058150,3446790500,-2520267650,KRX MDCSTAT02401_OUT
recent3,KOSPI200,foreign,011780,금호석유화학,107321,84253,-23068,12644685150,9925561800,-2719123350,KRX MDCSTAT02401_OUT
recent3,KOSPI200,foreign,029780,삼성카드,195919,132391,-63528,8436841225,5691150100,-2745691125,KRX MDCSTAT02401_OUT
recent3,KOSPI200,foreign,036460,한국가스공사,247741,166731,-81010,8848059950,5948216475,-2899843475,KRX MDCSTAT02401_OUT
recent3,KOSPI200,foreign,073240,금호타이어,1750030,1306566,-443464,11791515520,8773005270,-3018510250,KRX MDCSTAT02401_OUT
recent3,KOSPI200,foreign,030000,제일기획,395741,212949,-182792,6924177500,3728703515,-3195473985,KRX MDCSTAT02401_OUT
recent3,KOSPI200,foreign,0126Z0,삼성에피스홀딩스,47204,37371,-9833,15610017250,12401133750,-3208883500,KRX MDCSTAT02401_OUT
recent3,KOSPI200,foreign,007340,DN오토모티브,254244,185243,-69001,12375627250,9019987225,-3355640025,KRX MDCSTAT02401_OUT
recent3,KOSPI200,foreign,120110,코오롱인더,182093,118264,-63829,10197809800,6540590100,-3657219700,KRX MDCSTAT02401_OUT
recent3,KOSPI200,foreign,103140,풍산,96696,48115,-48581,7559587500,3767095400,-3792492100,KRX MDCSTAT02401_OUT
recent3,KOSPI200,foreign,375500,DL이앤씨,319960,276664,-43296,26851996200,22995872200,-3856124000,KRX MDCSTAT02401_OUT
recent3,KOSPI200,foreign,008770,호텔신라,163347,66224,-97123,6583101625,2672923575,-3910178050,KRX MDCSTAT02401_OUT
recent3,KOSPI200,foreign,023530,롯데쇼핑,161707,125878,-35829,17584431050,13582842800,-4001588250,KRX MDCSTAT02401_OUT
recent3,KOSPI200,foreign,017800,현대엘리베이터,117610,62687,-54923,8697209800,4635962150,-4061247650,KRX MDCSTAT02401_OUT
recent3,KOSPI200,foreign,454910,두산로보틱스,214369,155139,-59230,15143013100,10965782200,-4177230900,KRX MDCSTAT02401_OUT
recent3,KOSPI200,foreign,066970,엘앤에프,385940,347903,-38037,41919872050,37569691500,-4350180550,KRX MDCSTAT02401_OUT
recent3,KOSPI200,foreign,161390,한국타이어앤테크놀로지,568411,492117,-76294,32999908500,28492308850,-4507599650,KRX MDCSTAT02401_OUT
recent3,KOSPI200,foreign,001430,세아베스틸지주,174875,69728,-105147,7777500075,3095373625,-4682126450,KRX MDCSTAT02401_OUT
recent3,KOSPI200,foreign,034220,LG디스플레이,5266027,4676087,-589940,44891200525,39961934610,-4929265915,KRX MDCSTAT02401_OUT
recent3,KOSPI200,foreign,036570,NC,122728,99147,-23581,26342530250,21258645000,-5083885250,KRX MDCSTAT02401_OUT
recent3,KOSPI200,foreign,204320,HL만도,400011,283490,-116521,18647458575,13193639625,-5453818950,KRX MDCSTAT02401_OUT
recent3,KOSPI200,foreign,175330,JB금융지주,619670,439152,-180518,18930762325,13419386350,-5511375975,KRX MDCSTAT02401_OUT
recent3,KOSPI200,foreign,000100,유한양행,368136,294360,-73776,27578005650,22045444600,-5532561050,KRX MDCSTAT02401_OUT
recent3,KOSPI200,foreign,000810,삼성화재,147115,138607,-8508,95453892500,89890340000,-5563552500,KRX MDCSTAT02401_OUT
recent3,KOSPI200,foreign,034730,SK,149833,139195,-10638,88339224500,82109958500,-6229266000,KRX MDCSTAT02401_OUT
recent3,KOSPI200,foreign,069960,현대백화점,148735,82875,-65860,14640175750,8102184550,-6537991200,KRX MDCSTAT02401_OUT
recent3,KOSPI200,foreign,035720,카카오,1673347,1465347,-208000,56506034575,49753135775,-6752898800,KRX MDCSTAT02401_OUT
recent3,KOSPI200,foreign,014680,한솔케미칼,81699,50994,-30705,18462521500,11533671250,-6928850250,KRX MDCSTAT02401_OUT
recent3,KOSPI200,foreign,047810,한국항공우주,253081,195961,-57120,32651395300,25343406900,-7307988400,KRX MDCSTAT02401_OUT
recent3,KOSPI200,foreign,011170,롯데케미칼,215414,98238,-117176,13553780200,6128607600,-7425172600,KRX MDCSTAT02401_OUT
recent3,KOSPI200,foreign,071970,HD현대마린엔진,219977,68255,-151722,10976660700,3428400425,-7548260275,KRX MDCSTAT02401_OUT
recent3,KOSPI200,foreign,241560,두산밥캣,352810,220499,-132311,20505201200,12808302550,-7696898650,KRX MDCSTAT02401_OUT
recent3,KOSPI200,foreign,326030,SK바이오팜,197170,93570,-103600,15199248300,7223883700,-7975364600,KRX MDCSTAT02401_OUT
recent3,KOSPI200,foreign,018880,한온시스템,3675465,1136429,-2539036,12263668507,3795250242,-8468418265,KRX MDCSTAT02401_OUT
recent3,KOSPI200,foreign,062040,산일전기,195975,154636,-41339,40477278250,32004955000,-8472323250,KRX MDCSTAT02401_OUT
recent3,KOSPI200,foreign,003550,LG,344888,269506,-75382,39292993150,30704363200,-8588629950,KRX MDCSTAT02401_OUT
recent3,KOSPI200,foreign,139480,이마트,171283,43049,-128234,12392289450,3122207850,-9270081600,KRX MDCSTAT02401_OUT
recent3,KOSPI200,foreign,010130,고려아연,16327,8003,-8324,18306212500,8944697500,-9361515000,KRX MDCSTAT02401_OUT
recent3,KOSPI200,foreign,064400,LG씨엔에스,511971,352491,-159480,35964025950,24980918050,-10983107900,KRX MDCSTAT02401_OUT
recent3,KOSPI200,foreign,052690,한전기술,621161,536905,-84256,83583712400,72328785300,-11254927100,KRX MDCSTAT02401_OUT
recent3,KOSPI200,foreign,068270,셀트리온,422871,358350,-64521,75881444200,64266780200,-11614664000,KRX MDCSTAT02401_OUT
recent3,KOSPI200,foreign,373220,LG에너지솔루션,291780,255207,-36573,102890863750,90142860500,-12748003250,KRX MDCSTAT02401_OUT
recent3,KOSPI200,foreign,006260,LS,105294,65860,-39434,34331998250,21466270500,-12865727750,KRX MDCSTAT02401_OUT
recent3,KOSPI200,foreign,009830,한화솔루션,1950894,1491727,-459167,55416355925,42511322625,-12905033300,KRX MDCSTAT02401_OUT
recent3,KOSPI200,foreign,005940,NH투자증권,1035272,462300,-572972,27111235375,12091014300,-15020221075,KRX MDCSTAT02401_OUT
recent3,KOSPI200,foreign,012330,현대모비스,317551,277471,-40080,118760706500,103629206500,-15131500000,KRX MDCSTAT02401_OUT
recent3,KOSPI200,foreign,032830,삼성생명,632431,576797,-55634,184943919000,168623599250,-16320319750,KRX MDCSTAT02401_OUT
recent3,KOSPI200,foreign,090430,아모레퍼시픽,330089,212959,-117130,47328893074,30528236624,-16800656450,KRX MDCSTAT02401_OUT
recent3,KOSPI200,foreign,011070,LG이노텍,208391,174780,-33611,110855267720,93517425220,-17337842500,KRX MDCSTAT02401_OUT
recent3,KOSPI200,foreign,051910,LG화학,304241,232516,-71725,78186375750,59697464250,-18488911500,KRX MDCSTAT02401_OUT
recent3,KOSPI200,foreign,323410,카카오뱅크,1897138,968990,-928148,38213589060,19529879225,-18683709835,KRX MDCSTAT02401_OUT
recent3,KOSPI200,foreign,082740,한화엔진,741406,339628,-401778,36482303225,16721060125,-19761243100,KRX MDCSTAT02401_OUT
recent3,KOSPI200,foreign,064350,현대로템,436946,270100,-166846,51700131150,31832083100,-19868048050,KRX MDCSTAT02401_OUT
recent3,KOSPI200,foreign,316140,우리금융지주,2546996,1987538,-559458,91558468175,71443167400,-20115300775,KRX MDCSTAT02401_OUT
recent3,KOSPI200,foreign,005490,POSCO홀딩스,245356,178356,-67000,77634615000,56395547750,-21239067250,KRX MDCSTAT02401_OUT
recent3,KOSPI200,foreign,267270,HD건설기계,408257,243836,-164421,54710449250,33394634550,-21315814700,KRX MDCSTAT02401_OUT
recent3,KOSPI200,foreign,003670,포스코퓨처엠,435964,315427,-120537,79611990050,58118529800,-21493460250,KRX MDCSTAT02401_OUT
recent3,KOSPI200,foreign,047050,포스코인터내셔널,696279,300577,-395702,39836171350,17093022900,-22743148450,KRX MDCSTAT02401_OUT
recent3,KOSPI200,foreign,035420,NAVER,673347,553418,-119929,132807472850,109899690050,-22907782800,KRX MDCSTAT02401_OUT
recent3,KOSPI200,foreign,015760,한국전력,1104636,298136,-806500,33885631600,9131007375,-24754624225,KRX MDCSTAT02401_OUT
recent3,KOSPI200,foreign,352820,하이브,425964,251657,-174307,67760349355,39838782005,-27921567350,KRX MDCSTAT02401_OUT
recent3,KOSPI200,foreign,267260,HD현대일렉트릭,122532,81922,-40610,87567692500,58600633500,-28967059000,KRX MDCSTAT02401_OUT
recent3,KOSPI200,foreign,010060,OCI홀딩스,469542,319849,-149693,91680478400,62616102150,-29064376250,KRX MDCSTAT02401_OUT
recent3,KOSPI200,foreign,006400,삼성SDI,238292,184046,-54246,125920614000,96657048000,-29263566000,KRX MDCSTAT02401_OUT
recent3,KOSPI200,foreign,000270,기아,1512646,1237891,-274755,179278192900,146874134750,-32404058150,KRX MDCSTAT02401_OUT
recent3,KOSPI200,foreign,086790,하나금융지주,1008376,759013,-249363,135462847620,102023993720,-33438853900,KRX MDCSTAT02401_OUT
recent3,KOSPI200,foreign,004020,현대제철,1356351,340752,-1015599,46555755075,11579415675,-34976339400,KRX MDCSTAT02401_OUT
recent3,KOSPI200,foreign,055550,신한지주,1674811,1323824,-350987,187663246250,148588370050,-39074876200,KRX MDCSTAT02401_OUT
recent3,KOSPI200,foreign,079550,LIG디펜스앤에어로스페이스,125123,71267,-53856,91192371500,51134195000,-40058176500,KRX MDCSTAT02401_OUT
recent3,KOSPI200,foreign,000150,두산,119111,91225,-27886,174472812064,134259440064,-40213372000,KRX MDCSTAT02401_OUT
recent3,KOSPI200,foreign,010140,삼성중공업,3671391,1594405,-2076986,75244877558,32710338458,-42534539100,KRX MDCSTAT02401_OUT
recent3,KOSPI200,foreign,042660,한화오션,896091,303868,-592223,72502020600,24633959550,-47868061050,KRX MDCSTAT02401_OUT
recent3,KOSPI200,foreign,028050,삼성E&A,2285333,1308658,-976675,115449472625,66404218650,-49045253975,KRX MDCSTAT02401_OUT
recent3,KOSPI200,foreign,000720,현대건설,898960,507282,-391678,113712290050,64068438250,-49643851800,KRX MDCSTAT02401_OUT
recent3,KOSPI200,foreign,272210,한화시스템,1560025,807499,-752526,119817762400,61578499450,-58239262950,KRX MDCSTAT02401_OUT
recent3,KOSPI200,foreign,001440,대한전선,4635102,2691583,-1943519,144918707700,85648629900,-59270077800,KRX MDCSTAT02401_OUT
recent3,KOSPI200,foreign,105560,KB금융,1197736,839351,-358385,210326235400,147486264700,-62839970700,KRX MDCSTAT02401_OUT
recent3,KOSPI200,foreign,012450,한화에어로스페이스,232616,159957,-72659,244696704500,168151331000,-76545373500,KRX MDCSTAT02401_OUT
recent3,KOSPI200,foreign,047040,대우건설,8453565,3252136,-5201429,153939870020,60725275805,-93214594215,KRX MDCSTAT02401_OUT
recent3,KOSPI200,foreign,005380,현대차,745410,382267,-363143,267699634250,137199415750,-130500218500,KRX MDCSTAT02401_OUT
recent3,KOSPI200,foreign,034020,두산에너빌리티,3682806,1212028,-2470778,308975899450,102539130550,-206436768900,KRX MDCSTAT02401_OUT
recent3,KOSPI200,foreign,000660,SK하이닉스,3837067,2624609,-1212458,7173761243606,4917559281106,-2256201962500,KRX MDCSTAT02401_OUT
recent3,KOSPI200,institution,005930,삼성전자,18678172,24471128,5792956,5197258700750,6789027920250,1591769219500,KRX MDCSTAT02401_OUT
recent3,KOSPI200,institution,009150,삼성전기,490245,693533,203288,726542608000,1026230753000,299688145000,KRX MDCSTAT02401_OUT
recent3,KOSPI200,institution,000660,SK하이닉스,2387378,2446740,59362,4470963547000,4585765322000,114801775000,KRX MDCSTAT02401_OUT
recent3,KOSPI200,institution,402340,SK스퀘어,400605,491327,90722,460832594000,565883727000,105051133000,KRX MDCSTAT02401_OUT
recent3,KOSPI200,institution,066570,LG전자,432086,772982,340896,90683903650,163082901700,72398998050,KRX MDCSTAT02401_OUT
recent3,KOSPI200,institution,105560,KB금융,599690,981482,381792,105085981250,172344350600,67258369350,KRX MDCSTAT02401_OUT
recent3,KOSPI200,institution,003490,대한항공,1728138,3684414,1956276,53407585225,113789396125,60381810900,KRX MDCSTAT02401_OUT
recent3,KOSPI200,institution,007660,이수페타시스,316963,788079,471116,35857048500,89626714650,53769666150,KRX MDCSTAT02401_OUT
recent3,KOSPI200,institution,034730,SK,78931,163143,84212,46289145000,95972833000,49683688000,KRX MDCSTAT02401_OUT
recent3,KOSPI200,institution,000150,두산,44439,72534,28095,65265501000,106821686500,41556185500,KRX MDCSTAT02401_OUT
recent3,KOSPI200,institution,055550,신한지주,782565,1055063,272498,87511598250,118213085200,30701486950,KRX MDCSTAT02401_OUT
recent3,KOSPI200,institution,086790,하나금융지주,430436,647701,217265,57880231650,87200940500,29320708850,KRX MDCSTAT02401_OUT
recent3,KOSPI200,institution,090430,아모레퍼시픽,100833,249205,148372,14425333050,35841777450,21416444400,KRX MDCSTAT02401_OUT
recent3,KOSPI200,institution,028260,삼성물산,211278,267850,56572,77720079250,98582716250,20862637000,KRX MDCSTAT02401_OUT
recent3,KOSPI200,institution,272210,한화시스템,675154,922814,247660,51975091700,71094494750,19119403050,KRX MDCSTAT02401_OUT
recent3,KOSPI200,institution,316140,우리금융지주,982657,1505664,523007,35212950425,54106249950,18893299525,KRX MDCSTAT02401_OUT
recent3,KOSPI200,institution,032830,삼성생명,173738,228653,54915,50713218750,66887057750,16173839000,KRX MDCSTAT02401_OUT
recent3,KOSPI200,institution,016360,삼성증권,185063,356824,171761,16738883750,32297698800,15558815050,KRX MDCSTAT02401_OUT
recent3,KOSPI200,institution,011070,LG이노텍,105501,132222,26721,56319447500,71300026000,14980578500,KRX MDCSTAT02401_OUT
recent3,KOSPI200,institution,128940,한미약품,46024,73910,27886,23544051000,38105662500,14561611500,KRX MDCSTAT02401_OUT
recent3,KOSPI200,institution,096770,SK이노베이션,687412,779008,91596,98086903550,112451380400,14364476850,KRX MDCSTAT02401_OUT
recent3,KOSPI200,institution,028050,삼성E&A,528200,803268,275068,26706409400,40725182850,14018773450,KRX MDCSTAT02401_OUT
recent3,KOSPI200,institution,005940,NH투자증권,252691,776968,524277,6606689525,20361857125,13755167600,KRX MDCSTAT02401_OUT
recent3,KOSPI200,institution,006260,LS,71375,109116,37741,23212997000,35621731000,12408734000,KRX MDCSTAT02401_OUT
recent3,KOSPI200,institution,036570,NC,58407,114100,55693,12363924000,24623421500,12259497500,KRX MDCSTAT02401_OUT
recent3,KOSPI200,institution,014680,한솔케미칼,32885,83092,50207,7426934500,18837598000,11410663500,KRX MDCSTAT02401_OUT
recent3,KOSPI200,institution,003550,LG,110963,207332,96369,12696791200,23831896400,11135105200,KRX MDCSTAT02401_OUT
recent3,KOSPI200,institution,035720,카카오,589920,901884,311964,19857254625,30498059825,10640805200,KRX MDCSTAT02401_OUT
recent3,KOSPI200,institution,079550,LIG디펜스앤에어로스페이스,88997,101834,12837,63896611000,74268073500,10371462500,KRX MDCSTAT02401_OUT
recent3,KOSPI200,institution,071050,한국금융지주,147341,198710,51369,27436283950,37218112950,9781829000,KRX MDCSTAT02401_OUT
recent3,KOSPI200,institution,009830,한화솔루션,621468,922601,301133,17418586775,26607180300,9188593525,KRX MDCSTAT02401_OUT
recent3,KOSPI200,institution,042700,한미반도체,256586,282144,25558,61418619500,67786897750,6368278250,KRX MDCSTAT02401_OUT
recent3,KOSPI200,institution,175330,JB금융지주,320915,492986,172071,9756259100,15038660150,5282401050,KRX MDCSTAT02401_OUT
recent3,KOSPI200,institution,032640,LG유플러스,566923,927628,360705,8246547335,13509820850,5263273515,KRX MDCSTAT02401_OUT
recent3,KOSPI200,institution,011170,롯데케미칼,110508,187104,76596,6899452300,11880455050,4981002750,KRX MDCSTAT02401_OUT
recent3,KOSPI200,institution,138040,메리츠금융지주,145922,180621,34699,18555321550,23101077650,4545756100,KRX MDCSTAT02401_OUT
recent3,KOSPI200,institution,361610,SK아이이테크놀로지,91672,357942,266270,1526476750,5995148245,4468671495,KRX MDCSTAT02401_OUT
recent3,KOSPI200,institution,036460,한국가스공사,67592,189033,121441,2405980050,6761795125,4355815075,KRX MDCSTAT02401_OUT
recent3,KOSPI200,institution,000810,삼성화재,45696,52131,6435,29615128500,33863515000,4248386500,KRX MDCSTAT02401_OUT
recent3,KOSPI200,institution,001430,세아베스틸지주,77841,170988,93147,3440486800,7605623975,4165137175,KRX MDCSTAT02401_OUT
recent3,KOSPI200,institution,047050,포스코인터내셔널,366050,429868,63818,20668773400,24634247300,3965473900,KRX MDCSTAT02401_OUT
recent3,KOSPI200,institution,024110,기업은행,344446,535955,191509,6935625465,10854124020,3918498555,KRX MDCSTAT02401_OUT
recent3,KOSPI200,institution,012450,한화에어로스페이스,84584,87779,3195,89230972500,93115798500,3884826000,KRX MDCSTAT02401_OUT
recent3,KOSPI200,institution,007340,DN오토모티브,99844,166490,66646,4868093300,8143869950,3275776650,KRX MDCSTAT02401_OUT
recent3,KOSPI200,institution,000990,DB하이텍,265792,287907,22115,34453767982,37658393450,3204625468,KRX MDCSTAT02401_OUT
recent3,KOSPI200,institution,051900,LG생활건강,39665,50174,10509,11781366750,14959141250,3177774500,KRX MDCSTAT02401_OUT
recent3,KOSPI200,institution,011200,HMM,261812,411487,149675,5490204350,8654324025,3164119675,KRX MDCSTAT02401_OUT
recent3,KOSPI200,institution,180640,한진칼,38148,60057,21909,5349758850,8446222850,3096464000,KRX MDCSTAT02401_OUT
recent3,KOSPI200,institution,323410,카카오뱅크,413957,559931,145974,8319683435,11303204135,2983520700,KRX MDCSTAT02401_OUT
recent3,KOSPI200,institution,068270,셀트리온,253901,269217,15316,45420822950,48304074400,2883251450,KRX MDCSTAT02401_OUT
recent3,KOSPI200,institution,377300,카카오페이,81848,145440,63592,3314590850,5975556025,2660965175,KRX MDCSTAT02401_OUT
recent3,KOSPI200,institution,375500,DL이앤씨,253675,280881,27206,20993930550,23638665850,2644735300,KRX MDCSTAT02401_OUT
recent3,KOSPI200,institution,003670,포스코퓨처엠,293785,306482,12697,53698534800,56255714950,2557180150,KRX MDCSTAT02401_OUT
recent3,KOSPI200,institution,008930,한미사이언스,41955,87936,45981,2143115900,4501592950,2358477050,KRX MDCSTAT02401_OUT
recent3,KOSPI200,institution,267260,HD현대일렉트릭,50325,53229,2904,36043615000,38208904000,2165289000,KRX MDCSTAT02401_OUT
recent3,KOSPI200,institution,112610,씨에스윈드,86864,127067,40203,4364362950,6398289250,2033926300,KRX MDCSTAT02401_OUT
recent3,KOSPI200,institution,039490,키움증권,48357,54953,6596,12768169750,14571681000,1803511250,KRX MDCSTAT02401_OUT
recent3,KOSPI200,institution,011790,SKC,68422,87360,18938,6069560000,7762407200,1692847200,KRX MDCSTAT02401_OUT
recent3,KOSPI200,institution,017800,현대엘리베이터,55988,77821,21833,4138456600,5761630900,1623174300,KRX MDCSTAT02401_OUT
recent3,KOSPI200,institution,047810,한국항공우주,123873,135959,12086,16005712250,17589164600,1583452350,KRX MDCSTAT02401_OUT
recent3,KOSPI200,institution,103140,풍산,49652,68671,19019,3872958700,5402091650,1529132950,KRX MDCSTAT02401_OUT
recent3,KOSPI200,institution,009240,한샘,6212,43683,37471,245253800,1727865300,1482611500,KRX MDCSTAT02401_OUT
recent3,KOSPI200,institution,006800,미래에셋증권,881073,914786,33713,28830666575,30285944450,1455277875,KRX MDCSTAT02401_OUT
recent3,KOSPI200,institution,139130,iM금융지주,233685,308828,75143,4177371025,5549974020,1372602995,KRX MDCSTAT02401_OUT
recent3,KOSPI200,institution,139480,이마트,29863,44977,15114,2166395900,3266801900,1100406000,KRX MDCSTAT02401_OUT
recent3,KOSPI200,institution,071320,지역난방공사,4677,18715,14038,364936700,1460137950,1095201250,KRX MDCSTAT02401_OUT
recent3,KOSPI200,institution,004990,롯데지주,46977,91778,44801,1146105050,2240467775,1094362725,KRX MDCSTAT02401_OUT
recent3,KOSPI200,institution,000240,한국앤컴퍼니,63568,100063,36495,1559237225,2460181300,900944075,KRX MDCSTAT02401_OUT
recent3,KOSPI200,institution,018260,삼성에스디에스,73441,75931,2490,16342570500,17040518000,697947500,KRX MDCSTAT02401_OUT
recent3,KOSPI200,institution,326030,SK바이오팜,38029,46425,8396,2923531900,3586511250,662979350,KRX MDCSTAT02401_OUT
recent3,KOSPI200,institution,030000,제일기획,150003,185597,35594,2626880535,3255339020,628458485,KRX MDCSTAT02401_OUT
recent3,KOSPI200,institution,035250,강원랜드,183973,226974,43001,2637102435,3256544065,619441630,KRX MDCSTAT02401_OUT
recent3,KOSPI200,institution,012750,에스원,40754,47935,7181,3381879100,3989995200,608116100,KRX MDCSTAT02401_OUT
recent3,KOSPI200,institution,450080,에코프로머티,144128,157779,13651,5037123000,5531506600,494383600,KRX MDCSTAT02401_OUT
recent3,KOSPI200,institution,000100,유한양행,117517,122512,4995,8794396900,9186164400,391767500,KRX MDCSTAT02401_OUT
recent3,KOSPI200,institution,069260,TKG휴켐스,25715,45000,19285,415997310,728652850,312655540,KRX MDCSTAT02401_OUT
recent3,KOSPI200,institution,034230,파라다이스,67035,93868,26833,639515110,897011590,257496480,KRX MDCSTAT02401_OUT
recent3,KOSPI200,institution,002030,아세아,917,1862,945,195306500,400523000,205216500,KRX MDCSTAT02401_OUT
recent3,KOSPI200,institution,003240,태광산업,894,1107,213,803422500,998132000,194709500,KRX MDCSTAT02401_OUT
recent3,KOSPI200,institution,280360,롯데웰푸드,14080,15367,1287,1770850700,1942035200,171184500,KRX MDCSTAT02401_OUT
recent3,KOSPI200,institution,051600,한전KPS,70656,73178,2522,3268205650,3404652775,136447125,KRX MDCSTAT02401_OUT
recent3,KOSPI200,institution,300720,한일시멘트,32954,41222,8268,531863470,666357775,134494305,KRX MDCSTAT02401_OUT
recent3,KOSPI200,institution,005420,코스모화학,40849,52680,11831,417244785,539673655,122428870,KRX MDCSTAT02401_OUT
recent3,KOSPI200,institution,008730,율촌화학,17924,25947,8023,266396390,387505485,121109095,KRX MDCSTAT02401_OUT
recent3,KOSPI200,institution,002790,아모레퍼시픽홀딩스,44573,48022,3449,1176321875,1270514600,94192725,KRX MDCSTAT02401_OUT
recent3,KOSPI200,institution,001680,대상,31117,35193,4076,553202800,626176450,72973650,KRX MDCSTAT02401_OUT
recent3,KOSPI200,institution,137310,에스디바이오센서,48160,57840,9680,293152465,353143425,59990960,KRX MDCSTAT02401_OUT
recent3,KOSPI200,institution,005300,롯데칠성,5431,6037,606,516197900,573963850,57765950,KRX MDCSTAT02401_OUT
recent3,KOSPI200,institution,002840,미원상사,769,1173,404,104215050,159334700,55119650,KRX MDCSTAT02401_OUT
recent3,KOSPI200,institution,000080,하이트진로,55567,58219,2652,833590605,874399585,40808980,KRX MDCSTAT02401_OUT
recent3,KOSPI200,institution,026960,동서,41891,42603,712,1063897925,1084486200,20588275,KRX MDCSTAT02401_OUT
recent3,KOSPI200,institution,018880,한온시스템,1111914,1103541,-8373,3658129173,3671358219,13229046,KRX MDCSTAT02401_OUT
recent3,KOSPI200,institution,268280,미원에스씨,1158,1168,10,152349100,154193750,1844650,KRX MDCSTAT02401_OUT
recent3,KOSPI200,institution,185750,종근당,6819,6812,-7,439687500,439293750,-393750,KRX MDCSTAT02401_OUT
recent3,KOSPI200,institution,003090,대웅,60989,60247,-742,970869345,960972455,-9896890,KRX MDCSTAT02401_OUT
recent3,KOSPI200,institution,007310,오뚜기,2345,2299,-46,733116000,721637750,-11478250,KRX MDCSTAT02401_OUT
recent3,KOSPI200,institution,014820,동원시스템즈,22785,20945,-1840,478439200,441836400,-36602800,KRX MDCSTAT02401_OUT
recent3,KOSPI200,institution,001800,오리온홀딩스,43963,41871,-2092,1046440350,999368750,-47071600,KRX MDCSTAT02401_OUT
recent3,KOSPI200,institution,298050,HS효성첨단소재,7071,6687,-384,1134106150,1073348700,-60757450,KRX MDCSTAT02401_OUT
recent3,KOSPI200,institution,007700,F&F홀딩스,9454,3691,-5763,126602780,49677230,-76925550,KRX MDCSTAT02401_OUT
recent3,KOSPI200,institution,457190,이수스페셜티케미컬,48192,46954,-1238,3106351200,3029073100,-77278100,KRX MDCSTAT02401_OUT
recent3,KOSPI200,institution,011210,현대위아,21446,19780,-1666,1140781550,1057852900,-82928650,KRX MDCSTAT02401_OUT
recent3,KOSPI200,institution,000210,DL,43654,41219,-2435,2255393650,2141447250,-113946400,KRX MDCSTAT02401_OUT
recent3,KOSPI200,institution,000880,한화,34226,33199,-1027,4490770050,4354397850,-136372200,KRX MDCSTAT02401_OUT
recent3,KOSPI200,institution,009970,영원무역홀딩스,7482,6565,-917,1238062350,1092195300,-145867050,KRX MDCSTAT02401_OUT
recent3,KOSPI200,institution,454910,두산로보틱스,78194,75708,-2486,5488140200,5340331000,-147809200,KRX MDCSTAT02401_OUT
recent3,KOSPI200,institution,034220,LG디스플레이,635802,615558,-20244,5420224120,5252054805,-168169315,KRX MDCSTAT02401_OUT
recent3,KOSPI200,institution,069620,대웅제약,11835,9769,-2066,1277915250,1057935400,-219979850,KRX MDCSTAT02401_OUT
recent3,KOSPI200,institution,022100,포스코DX,137985,119409,-18576,2798007860,2437398070,-360609790,KRX MDCSTAT02401_OUT
recent3,KOSPI200,institution,006040,동원산업,26633,15029,-11604,936264775,529356100,-406908675,KRX MDCSTAT02401_OUT
recent3,KOSPI200,institution,006280,녹십자,14990,11055,-3935,1860288550,1373331300,-486957250,KRX MDCSTAT02401_OUT
recent3,KOSPI200,institution,081660,미스토홀딩스,106775,92035,-14740,4041382875,3492698625,-548684250,KRX MDCSTAT02401_OUT
recent3,KOSPI200,institution,000670,영풍,54860,41839,-13021,2426584275,1841267850,-585316425,KRX MDCSTAT02401_OUT
recent3,KOSPI200,institution,111770,영원무역,37744,28797,-8947,2673037200,2052196600,-620840600,KRX MDCSTAT02401_OUT
recent3,KOSPI200,institution,192080,더블유게임즈,38839,28096,-10743,2259945950,1638405800,-621540150,KRX MDCSTAT02401_OUT
recent3,KOSPI200,institution,302440,SK바이오사이언스,56861,38017,-18844,2027279275,1357643375,-669635900,KRX MDCSTAT02401_OUT
recent3,KOSPI200,institution,241560,두산밥캣,79089,66391,-12698,4587244150,3868839350,-718404800,KRX MDCSTAT02401_OUT
recent3,KOSPI200,institution,282330,BGF리테일,22167,16510,-5657,2988386900,2241842900,-746544000,KRX MDCSTAT02401_OUT
recent3,KOSPI200,institution,073240,금호타이어,313701,203484,-110217,2112559835,1365140735,-747419100,KRX MDCSTAT02401_OUT
recent3,KOSPI200,institution,003030,세아제강지주,28891,21173,-7718,3010004550,2257439200,-752565350,KRX MDCSTAT02401_OUT
recent3,KOSPI200,institution,008770,호텔신라,66681,44096,-22585,2684586175,1781578025,-903008150,KRX MDCSTAT02401_OUT
recent3,KOSPI200,institution,030200,KT,415510,397467,-18043,22049284250,21120370800,-928913450,KRX MDCSTAT02401_OUT
recent3,KOSPI200,institution,251270,넷마블,100989,73255,-27734,3482407050,2530401275,-952005775,KRX MDCSTAT02401_OUT
recent3,KOSPI200,institution,004000,롯데정밀화학,48666,20307,-28359,2127471575,892620325,-1234851250,KRX MDCSTAT02401_OUT
recent3,KOSPI200,institution,307950,현대오토에버,38192,33953,-4239,14241206500,12968935500,-1272271000,KRX MDCSTAT02401_OUT
recent3,KOSPI200,institution,0126Z0,삼성에피스홀딩스,12174,7881,-4293,4014643500,2617552250,-1397091250,KRX MDCSTAT02401_OUT
recent3,KOSPI200,institution,002380,KCC,12805,9732,-3073,5989400250,4567853250,-1421547000,KRX MDCSTAT02401_OUT
recent3,KOSPI200,institution,004370,농심,15060,11343,-3717,5917617250,4450232250,-1467385000,KRX MDCSTAT02401_OUT
recent3,KOSPI200,institution,017960,한국카본,121885,46993,-74892,2485347700,966502875,-1518844825,KRX MDCSTAT02401_OUT
recent3,KOSPI200,institution,285130,SK케미칼,77266,46377,-30889,3858056450,2330797675,-1527258775,KRX MDCSTAT02401_OUT
recent3,KOSPI200,institution,298020,효성티앤씨,12513,7085,-5428,3906759500,2226768500,-1679991000,KRX MDCSTAT02401_OUT
recent3,KOSPI200,institution,271560,오리온,53739,37917,-15822,5938531000,4202354400,-1736176600,KRX MDCSTAT02401_OUT
recent3,KOSPI200,institution,028670,팬오션,1166393,838101,-328292,6621542360,4807525500,-1814016860,KRX MDCSTAT02401_OUT
recent3,KOSPI200,institution,005830,DB손해보험,113958,103543,-10415,21040262750,19222414450,-1817848300,KRX MDCSTAT02401_OUT
recent3,KOSPI200,institution,000120,CJ대한통운,42692,16092,-26600,3012516850,1137710100,-1874806750,KRX MDCSTAT02401_OUT
recent3,KOSPI200,institution,021240,코웨이,134187,114470,-19717,13303701900,11403366450,-1900335450,KRX MDCSTAT02401_OUT
recent3,KOSPI200,institution,006650,대한유화,46117,23519,-22598,4355082400,2256880050,-2098202350,KRX MDCSTAT02401_OUT
recent3,KOSPI200,institution,005850,에스엘,73941,28882,-45059,3596027550,1418654350,-2177373200,KRX MDCSTAT02401_OUT
recent3,KOSPI200,institution,138930,BNK금융지주,608652,466249,-142403,9567280330,7366269880,-2201010450,KRX MDCSTAT02401_OUT
recent3,KOSPI200,institution,192820,코스맥스,70281,61468,-8813,19004906000,16684688250,-2320217750,KRX MDCSTAT02401_OUT
recent3,KOSPI200,institution,443060,HD현대마린솔루션,62075,51664,-10411,14620277250,12256102250,-2364175000,KRX MDCSTAT02401_OUT
recent3,KOSPI200,institution,064400,LG씨엔에스,155401,119886,-35515,10919393150,8462298050,-2457095100,KRX MDCSTAT02401_OUT
recent3,KOSPI200,institution,097950,CJ제일제당,55151,40731,-14420,9645563950,7170039850,-2475524100,KRX MDCSTAT02401_OUT
recent3,KOSPI200,institution,069960,현대백화점,54527,29028,-25499,5345509050,2859690750,-2485818300,KRX MDCSTAT02401_OUT
recent3,KOSPI200,institution,071970,HD현대마린엔진,132330,80290,-52040,6591826525,4037207050,-2554619475,KRX MDCSTAT02401_OUT
recent3,KOSPI200,institution,011780,금호석유화학,44360,20745,-23615,5208645450,2447643100,-2761002350,KRX MDCSTAT02401_OUT
recent3,KOSPI200,institution,161890,한국콜마,145089,125445,-19644,21213860800,18348999650,-2864861150,KRX MDCSTAT02401_OUT
recent3,KOSPI200,institution,029780,삼성카드,132900,61358,-71542,5685388800,2637617750,-3047771050,KRX MDCSTAT02401_OUT
recent3,KOSPI200,institution,051910,LG화학,156070,143878,-12192,40093858250,37034069000,-3059789250,KRX MDCSTAT02401_OUT
recent3,KOSPI200,institution,120110,코오롱인더,127646,67543,-60103,7036414650,3776645450,-3259769200,KRX MDCSTAT02401_OUT
recent3,KOSPI200,institution,001040,CJ,70549,44242,-26307,9131897900,5738388750,-3393509150,KRX MDCSTAT02401_OUT
recent3,KOSPI200,institution,007070,GS리테일,201960,52459,-149501,4660206825,1214730100,-3445476725,KRX MDCSTAT02401_OUT
recent3,KOSPI200,institution,066970,엘앤에프,443149,405437,-37712,47812735400,44154835000,-3657900400,KRX MDCSTAT02401_OUT
recent3,KOSPI200,institution,088350,한화생명,1866436,1208936,-657500,10561300090,6877595445,-3683704645,KRX MDCSTAT02401_OUT
recent3,KOSPI200,institution,009420,한올바이오파마,188432,102767,-85665,8821794600,4810332950,-4011461650,KRX MDCSTAT02401_OUT
recent3,KOSPI200,institution,062040,산일전기,120257,99190,-21067,24633916750,20543989500,-4089927250,KRX MDCSTAT02401_OUT
recent3,KOSPI200,institution,010130,고려아연,12972,9094,-3878,14464047500,10179419500,-4284628000,KRX MDCSTAT02401_OUT
recent3,KOSPI200,institution,004020,현대제철,648269,513853,-134416,21989859200,17646386650,-4343472550,KRX MDCSTAT02401_OUT
recent3,KOSPI200,institution,259960,크래프톤,62911,41005,-21906,12619402050,8233371900,-4386030150,KRX MDCSTAT02401_OUT
recent3,KOSPI200,institution,204320,HL만도,156412,55438,-100974,7254447075,2582507875,-4671939200,KRX MDCSTAT02401_OUT
recent3,KOSPI200,institution,483650,달바글로벌,127983,97768,-30215,23208897850,17874956100,-5333941750,KRX MDCSTAT02401_OUT
recent3,KOSPI200,institution,161390,한국타이어앤테크놀로지,246401,127108,-119293,14195767350,7373205100,-6822562250,KRX MDCSTAT02401_OUT
recent3,KOSPI200,institution,009540,HD한국조선해양,106660,85772,-20888,35987573500,28977435500,-7010138000,KRX MDCSTAT02401_OUT
recent3,KOSPI200,institution,010950,S-Oil,305428,253402,-52026,46683675750,39153673000,-7530002750,KRX MDCSTAT02401_OUT
recent3,KOSPI200,institution,267250,HD현대,119042,79454,-39588,24696288500,16554173000,-8142115500,KRX MDCSTAT02401_OUT
recent3,KOSPI200,institution,004170,신세계,72403,42660,-29743,25698037750,15221405000,-10476632750,KRX MDCSTAT02401_OUT
recent3,KOSPI200,institution,064350,현대로템,232355,143065,-89290,27498206700,16964849050,-10533357650,KRX MDCSTAT02401_OUT
recent3,KOSPI200,institution,001440,대한전선,1028780,687302,-341478,32337785650,21628770150,-10709015500,KRX MDCSTAT02401_OUT
recent3,KOSPI200,institution,010060,OCI홀딩스,219522,157855,-61667,42478054600,31361207750,-11116846850,KRX MDCSTAT02401_OUT
recent3,KOSPI200,institution,010120,LS ELECTRIC,249948,193902,-56046,52216038250,40783145750,-11432892500,KRX MDCSTAT02401_OUT
recent3,KOSPI200,institution,001450,현대해상,441860,196709,-245151,21023311725,9411110200,-11612201525,KRX MDCSTAT02401_OUT
recent3,KOSPI200,institution,023530,롯데쇼핑,172189,62797,-109392,18667845250,6829983700,-11837861550,KRX MDCSTAT02401_OUT
recent3,KOSPI200,institution,093370,후성,1540253,534450,-1005803,21446050210,7482634970,-13963415240,KRX MDCSTAT02401_OUT
recent3,KOSPI200,institution,052690,한전기술,399977,286337,-113640,52871341800,38398219950,-14473121850,KRX MDCSTAT02401_OUT
recent3,KOSPI200,institution,086280,현대글로비스,157448,84075,-73373,31435265950,16897383150,-14537882800,KRX MDCSTAT02401_OUT
recent3,KOSPI200,institution,010140,삼성중공업,1679589,956234,-723355,34350113725,19657792250,-14692321475,KRX MDCSTAT02401_OUT
recent3,KOSPI200,institution,298040,효성중공업,24946,19756,-5190,72557754000,57802813500,-14754940500,KRX MDCSTAT02401_OUT
recent3,KOSPI200,institution,082740,한화엔진,543532,237479,-306053,26538110475,11736333900,-14801776575,KRX MDCSTAT02401_OUT
recent3,KOSPI200,institution,267270,HD건설기계,246094,127232,-118862,33203554350,17400653700,-15802900650,KRX MDCSTAT02401_OUT
recent3,KOSPI200,institution,033780,KT&G,255262,154931,-100331,44212262300,26905278450,-17306983850,KRX MDCSTAT02401_OUT
recent3,KOSPI200,institution,278470,에이피알,164117,113176,-50941,59701060250,41459533000,-18241527250,KRX MDCSTAT02401_OUT
recent3,KOSPI200,institution,012330,현대모비스,202038,146582,-55456,75312089500,54970767250,-20341322250,KRX MDCSTAT02401_OUT
recent3,KOSPI200,institution,015760,한국전력,1590122,897564,-692558,48626794525,27663772475,-20963022050,KRX MDCSTAT02401_OUT
recent3,KOSPI200,institution,352820,하이브,254452,109419,-145033,40476323050,17437276550,-23039046500,KRX MDCSTAT02401_OUT
recent3,KOSPI200,institution,042660,한화오션,545491,228890,-316601,44215650050,18627672000,-25587978050,KRX MDCSTAT02401_OUT
recent3,KOSPI200,institution,005490,POSCO홀딩스,205911,118450,-87461,65045252000,37589346250,-27455905750,KRX MDCSTAT02401_OUT
recent3,KOSPI200,institution,207940,삼성바이오로직스,38626,17886,-20740,53576891000,24882712500,-28694178500,KRX MDCSTAT02401_OUT
recent3,KOSPI200,institution,047040,대우건설,3949134,2244149,-1704985,71459821695,41624811865,-29835009830,KRX MDCSTAT02401_OUT
recent3,KOSPI200,institution,017670,SK텔레콤,761524,320866,-440658,66420594550,28090235350,-38330359200,KRX MDCSTAT02401_OUT
recent3,KOSPI200,institution,000270,기아,740434,406922,-333512,87678963950,48393047150,-39285916800,KRX MDCSTAT02401_OUT
recent3,KOSPI200,institution,000720,현대건설,831703,493347,-338356,103843762500,62965628600,-40878133900,KRX MDCSTAT02401_OUT
recent3,KOSPI200,institution,078930,GS,652376,276975,-375401,71726741400,30610953950,-41115787450,KRX MDCSTAT02401_OUT
recent3,KOSPI200,institution,373220,LG에너지솔루션,344375,220958,-123417,121260572000,77930927750,-43329644250,KRX MDCSTAT02401_OUT
recent3,KOSPI200,institution,329180,HD현대중공업,237337,131027,-106310,106229441750,58909587750,-47319854000,KRX MDCSTAT02401_OUT
recent3,KOSPI200,institution,005380,현대차,450725,305491,-145234,161925956750,110488496750,-51437460000,KRX MDCSTAT02401_OUT
recent3,KOSPI200,institution,003230,삼양식품,63421,17860,-45561,78772252000,22555046500,-56217205500,KRX MDCSTAT02401_OUT
recent3,KOSPI200,institution,006400,삼성SDI,366222,194725,-171497,192697395000,102624327000,-90073068000,KRX MDCSTAT02401_OUT
recent3,KOSPI200,institution,034020,두산에너빌리티,2676943,1516378,-1160565,224840354300,128618473500,-96221880800,KRX MDCSTAT02401_OUT
recent3,KOSPI200,institution,035420,NAVER,973235,414764,-558471,192054268300,82568951450,-109485316850,KRX MDCSTAT02401_OUT
recent3,KOSDAQ150,foreign,222800,심텍,766120,1144516,378396,113210322800,167216253900,54005931100,KRX MDCSTAT02401_OUT
recent3,KOSDAQ150,foreign,036540,SFA반도체,6995785,11991461,4995676,73854440235,126194655145,52340214910,KRX MDCSTAT02401_OUT
recent3,KOSDAQ150,foreign,067310,하나마이크론,2494560,3447122,952562,111982087875,153815494750,41833406875,KRX MDCSTAT02401_OUT
recent3,KOSDAQ150,foreign,095610,테스,73181,270981,197800,10994055450,41181726850,30187671400,KRX MDCSTAT02401_OUT
recent3,KOSDAQ150,foreign,298380,에이비엘바이오,322578,710325,387747,16928619950,37077482900,20148862950,KRX MDCSTAT02401_OUT
recent3,KOSDAQ150,foreign,247540,에코프로비엠,236407,410893,174486,24608550750,43066563450,18458012700,KRX MDCSTAT02401_OUT
recent3,KOSDAQ150,foreign,257720,실리콘투,346634,795320,448686,14009166225,32133692100,18124525875,KRX MDCSTAT02401_OUT
recent3,KOSDAQ150,foreign,226950,올릭스,102890,259494,156604,10895150050,27470576750,16575426700,KRX MDCSTAT02401_OUT
recent3,KOSDAQ150,foreign,089030,테크윙,505941,767984,262043,24512017325,37129520600,12617503275,KRX MDCSTAT02401_OUT
recent3,KOSDAQ150,foreign,036930,주성엔지니어링,601306,652998,51692,124147341000,134848789750,10701448750,KRX MDCSTAT02401_OUT
recent3,KOSDAQ150,foreign,347850,디앤디파마텍,286024,481526,195502,12676955200,21299587300,8622632100,KRX MDCSTAT02401_OUT
recent3,KOSDAQ150,foreign,241710,코스메카코리아,36678,97683,61005,4707382600,12477049100,7769666500,KRX MDCSTAT02401_OUT
recent3,KOSDAQ150,foreign,403870,HPSP,947741,1080644,132903,51999959350,59240513250,7240553900,KRX MDCSTAT02401_OUT
recent3,KOSDAQ150,foreign,232140,와이씨,5052361,5569007,516646,72290124710,78684209005,6394084295,KRX MDCSTAT02401_OUT
recent3,KOSDAQ150,foreign,053800,안랩,90329,177118,86789,6416661700,12583868200,6167206500,KRX MDCSTAT02401_OUT
recent3,KOSDAQ150,foreign,098460,고영,667202,879006,211804,19196703400,25350886975,6154183575,KRX MDCSTAT02401_OUT
recent3,KOSDAQ150,foreign,005290,동진쎄미켐,322326,456623,134297,14366814525,20261688350,5894873825,KRX MDCSTAT02401_OUT
recent3,KOSDAQ150,foreign,043260,성호전자,2373886,2579101,205215,64105440875,69816810375,5711369500,KRX MDCSTAT02401_OUT
recent3,KOSDAQ150,foreign,214450,파마리서치,44161,59958,15797,14359689000,19485300000,5125611000,KRX MDCSTAT02401_OUT
recent3,KOSDAQ150,foreign,096530,씨젠,183018,329870,146852,6249125000,11262362550,5013237550,KRX MDCSTAT02401_OUT
recent3,KOSDAQ150,foreign,437730,삼현,727418,796206,68788,40388561650,44050328050,3661766400,KRX MDCSTAT02401_OUT
recent3,KOSDAQ150,foreign,084370,유진테크,231413,254597,23184,35145707350,38376000150,3230292800,KRX MDCSTAT02401_OUT
recent3,KOSDAQ150,foreign,030530,원익홀딩스,2033707,2141927,108220,57426313950,60453532025,3027218075,KRX MDCSTAT02401_OUT
recent3,KOSDAQ150,foreign,141080,리가켐바이오,121434,155304,33870,9860945100,12645328300,2784383200,KRX MDCSTAT02401_OUT
recent3,KOSDAQ150,foreign,445680,큐리옥스바이오시스템즈,37739,79098,41359,1809471700,3791505350,1982033650,KRX MDCSTAT02401_OUT
recent3,KOSDAQ150,foreign,251970,펌텍코리아,43604,77027,33423,2547635800,4474242700,1926606900,KRX MDCSTAT02401_OUT
recent3,KOSDAQ150,foreign,080220,제주반도체,657569,681210,23641,50569170800,52465689000,1896518200,KRX MDCSTAT02401_OUT
recent3,KOSDAQ150,foreign,399720,가온칩스,146248,185700,39452,6786270400,8535724200,1749453800,KRX MDCSTAT02401_OUT
recent3,KOSDAQ150,foreign,204270,제이앤티씨,1382024,1432441,50417,34702378050,36358745675,1656367625,KRX MDCSTAT02401_OUT
recent3,KOSDAQ150,foreign,090360,로보스타,65953,85987,20034,5214360450,6823033750,1608673300,KRX MDCSTAT02401_OUT
recent3,KOSDAQ150,foreign,0009K0,에임드바이오,128226,197822,69596,2747249700,4236294850,1489045150,KRX MDCSTAT02401_OUT
recent3,KOSDAQ150,foreign,031980,피에스케이홀딩스,102749,111428,8679,16842298850,18266387650,1424088800,KRX MDCSTAT02401_OUT
recent3,KOSDAQ150,foreign,039030,이오테크닉스,71680,74424,2744,34179271500,35337972000,1158700500,KRX MDCSTAT02401_OUT
recent3,KOSDAQ150,foreign,042000,카페24,317607,383596,65989,5510204640,6558642345,1048437705,KRX MDCSTAT02401_OUT
recent3,KOSDAQ150,foreign,237690,에스티팜,41444,52467,11023,3781339650,4783462750,1002123100,KRX MDCSTAT02401_OUT
recent3,KOSDAQ150,foreign,007390,네이처셀,92368,132188,39820,2284575575,3277557725,992982150,KRX MDCSTAT02401_OUT
recent3,KOSDAQ150,foreign,290650,엘앤씨바이오,92855,111325,18470,4348270850,5252339275,904068425,KRX MDCSTAT02401_OUT
recent3,KOSDAQ150,foreign,003380,하림지주,257963,333655,75692,2812000010,3645741875,833741865,KRX MDCSTAT02401_OUT
recent3,KOSDAQ150,foreign,006730,서부T&D,140750,214011,73261,1521933990,2301860335,779926345,KRX MDCSTAT02401_OUT
recent3,KOSDAQ150,foreign,033100,제룡전기,59943,74515,14572,2859994125,3575002475,715008350,KRX MDCSTAT02401_OUT
recent3,KOSDAQ150,foreign,036830,솔브레인홀딩스,56477,74207,17730,2270995050,2985727450,714732400,KRX MDCSTAT02401_OUT
recent3,KOSDAQ150,foreign,052400,코나아이,24966,43675,18709,940274775,1648665675,708390900,KRX MDCSTAT02401_OUT
recent3,KOSDAQ150,foreign,074600,원익QnC,129508,151852,22344,3738635325,4377820650,639185325,KRX MDCSTAT02401_OUT
recent3,KOSDAQ150,foreign,078340,컴투스,78968,94716,15748,2740140550,3290423650,550283100,KRX MDCSTAT02401_OUT
recent3,KOSDAQ150,foreign,014620,성광벤드,196488,211288,14800,6360322850,6760224900,399902050,KRX MDCSTAT02401_OUT
recent3,KOSDAQ150,foreign,082270,젬백스,135963,170923,34960,1428765795,1804674640,375908845,KRX MDCSTAT02401_OUT
recent3,KOSDAQ150,foreign,214370,케어젠,60069,69139,9070,2399780850,2768386275,368605425,KRX MDCSTAT02401_OUT
recent3,KOSDAQ150,foreign,032190,다우데이타,45121,63398,18277,898858785,1263534400,364675615,KRX MDCSTAT02401_OUT
recent3,KOSDAQ150,foreign,112040,위메이드,70555,89365,18810,1068987080,1355407630,286420550,KRX MDCSTAT02401_OUT
recent3,KOSDAQ150,foreign,194480,데브시스터즈,28794,48896,20102,407662600,693179810,285517210,KRX MDCSTAT02401_OUT
recent3,KOSDAQ150,foreign,348210,넥스틴,46279,54664,8385,1541426725,1824610300,283183575,KRX MDCSTAT02401_OUT
recent3,KOSDAQ150,foreign,065350,신성델타테크,81568,89503,7935,2528720975,2781500125,252779150,KRX MDCSTAT02401_OUT
recent3,KOSDAQ150,foreign,358570,지아이이노베이션,297393,324231,26838,2729004545,2968538675,239534130,KRX MDCSTAT02401_OUT
recent3,KOSDAQ150,foreign,293490,카카오게임즈,203097,229055,25958,1830675035,2056978785,226303750,KRX MDCSTAT02401_OUT
recent3,KOSDAQ150,foreign,171090,선익시스템,24287,27379,3092,1697848450,1917537800,219689350,KRX MDCSTAT02401_OUT
recent3,KOSDAQ150,foreign,278280,천보,48274,53300,5026,1694965125,1862033275,167068150,KRX MDCSTAT02401_OUT
recent3,KOSDAQ150,foreign,215200,메가스터디교육,104840,109484,4644,3802432850,3969159375,166726525,KRX MDCSTAT02401_OUT
recent3,KOSDAQ150,foreign,388720,유일로보틱스,14729,15624,895,1019763900,1083807350,64043450,KRX MDCSTAT02401_OUT
recent3,KOSDAQ150,foreign,213420,덕산네오룩스,113768,114340,572,3331399400,3345608600,14209200,KRX MDCSTAT02401_OUT
recent3,KOSDAQ150,foreign,068760,셀트리온제약,39965,39935,-30,1564316775,1565077025,760250,KRX MDCSTAT02401_OUT
recent3,KOSDAQ150,foreign,067160,SOOP,46538,46491,-47,1705658050,1704992900,-665150,KRX MDCSTAT02401_OUT
recent3,KOSDAQ150,foreign,086520,에코프로,337650,337222,-428,27053080600,27035496850,-17583750,KRX MDCSTAT02401_OUT
recent3,KOSDAQ150,foreign,025320,시노펙스,389684,385062,-4622,1483641908,1463808838,-19833070,KRX MDCSTAT02401_OUT
recent3,KOSDAQ150,foreign,352480,씨앤씨인터내셔널,11766,10763,-1003,261101000,237832925,-23268075,KRX MDCSTAT02401_OUT
recent3,KOSDAQ150,foreign,069080,웹젠,75349,69981,-5368,836817260,778554990,-58262270,KRX MDCSTAT02401_OUT
recent3,KOSDAQ150,foreign,211050,인카금융서비스,75883,68744,-7139,765514570,688180910,-77333660,KRX MDCSTAT02401_OUT
recent3,KOSDAQ150,foreign,025900,동화기업,32992,17333,-15659,223727570,117491560,-106236010,KRX MDCSTAT02401_OUT
recent3,KOSDAQ150,foreign,161580,필옵틱스,146457,143804,-2653,4751675425,4640038750,-111636675,KRX MDCSTAT02401_OUT
recent3,KOSDAQ150,foreign,183300,코미코,624625,618242,-6383,19762083900,19635302525,-126781375,KRX MDCSTAT02401_OUT
recent3,KOSDAQ150,foreign,196170,알테오젠,176555,176203,-352,44710806250,44499524500,-211281750,KRX MDCSTAT02401_OUT
recent3,KOSDAQ150,foreign,095660,네오위즈,42577,30601,-11976,756460405,543977260,-212483145,KRX MDCSTAT02401_OUT
recent3,KOSDAQ150,foreign,101730,위메이드맥스,355726,303712,-52014,1727377982,1482772712,-244605270,KRX MDCSTAT02401_OUT
recent3,KOSDAQ150,foreign,036620,감성코퍼레이션,195060,126547,-68513,723654932,470044175,-253610757,KRX MDCSTAT02401_OUT
recent3,KOSDAQ150,foreign,272290,이녹스첨단소재,104525,92493,-12032,2194840550,1934729150,-260111400,KRX MDCSTAT02401_OUT
recent3,KOSDAQ150,foreign,376300,디어유,54090,36923,-17167,919666875,628305880,-291360995,KRX MDCSTAT02401_OUT
recent3,KOSDAQ150,foreign,253450,스튜디오드래곤,44213,29458,-14755,907506425,605352200,-302154225,KRX MDCSTAT02401_OUT
recent3,KOSDAQ150,foreign,048410,현대바이오,645560,601784,-43776,4485642515,4183268090,-302374425,KRX MDCSTAT02401_OUT
recent3,KOSDAQ150,foreign,000250,삼천당제약,51756,49529,-2227,8395486050,8087260950,-308225100,KRX MDCSTAT02401_OUT
recent3,KOSDAQ150,foreign,348370,엔켐,466203,450501,-15702,8536096195,8226142400,-309953795,KRX MDCSTAT02401_OUT
recent3,KOSDAQ150,foreign,064760,티씨케이,49274,48842,-432,13595545500,13265126500,-330419000,KRX MDCSTAT02401_OUT
recent3,KOSDAQ150,foreign,035760,CJ ENM,62945,54300,-8645,2426704325,2085333025,-341371300,KRX MDCSTAT02401_OUT
recent3,KOSDAQ150,foreign,124500,아이티센글로벌,129686,114624,-15062,3906344825,3461507975,-444836850,KRX MDCSTAT02401_OUT
recent3,KOSDAQ150,foreign,056190,SFA,124943,109185,-15758,3570045250,3101723475,-468321775,KRX MDCSTAT02401_OUT
recent3,KOSDAQ150,foreign,060280,큐렉소,207284,142474,-64810,1651382850,1144128445,-507254405,KRX MDCSTAT02401_OUT
recent3,KOSDAQ150,foreign,030520,한컴,117591,86038,-31553,1974785580,1452611220,-522174360,KRX MDCSTAT02401_OUT
recent3,KOSDAQ150,foreign,060250,NHN KCP,196700,156389,-40311,2620786465,2084475775,-536310690,KRX MDCSTAT02401_OUT
recent3,KOSDAQ150,foreign,166090,하나머티리얼즈,114233,104896,-9337,6572092950,6025953900,-546139050,KRX MDCSTAT02401_OUT
recent3,KOSDAQ150,foreign,085660,차바이오텍,232851,162996,-69855,1841936405,1294539950,-547396455,KRX MDCSTAT02401_OUT
recent3,KOSDAQ150,foreign,038500,삼표시멘트,257891,175829,-82062,1738386660,1187565080,-550821580,KRX MDCSTAT02401_OUT
recent3,KOSDAQ150,foreign,015750,성우하이텍,217746,120990,-96756,1277809740,710230920,-567578820,KRX MDCSTAT02401_OUT
recent3,KOSDAQ150,foreign,214430,아이쓰리시스템,33862,24825,-9037,2291126300,1681078000,-610048300,KRX MDCSTAT02401_OUT
recent3,KOSDAQ150,foreign,009520,포스코엠텍,107766,54588,-53178,1346719665,682112560,-664607105,KRX MDCSTAT02401_OUT
recent3,KOSDAQ150,foreign,025980,아난티,1479609,1343557,-136052,7840604710,7171601065,-669003645,KRX MDCSTAT02401_OUT
recent3,KOSDAQ150,foreign,122870,와이지엔터테인먼트,99173,82064,-17109,4288973975,3541555000,-747418975,KRX MDCSTAT02401_OUT
recent3,KOSDAQ150,foreign,039200,오스코텍,96937,74452,-22485,3504968450,2689266725,-815701725,KRX MDCSTAT02401_OUT
recent3,KOSDAQ150,foreign,131290,티에스이,83030,78916,-4114,22047883000,21191828000,-856055000,KRX MDCSTAT02401_OUT
recent3,KOSDAQ150,foreign,100790,미래에셋벤처투자,485594,432728,-52866,8418267250,7560664405,-857602845,KRX MDCSTAT02401_OUT
recent3,KOSDAQ150,foreign,189300,인텔리안테크,62157,47187,-14970,4290842600,3257872350,-1032970250,KRX MDCSTAT02401_OUT
recent3,KOSDAQ150,foreign,214150,클래시스,141532,106188,-35344,4353034900,3265857050,-1087177850,KRX MDCSTAT02401_OUT
recent3,KOSDAQ150,foreign,225570,넥슨게임즈,168780,64170,-104610,1836599935,697918515,-1138681420,KRX MDCSTAT02401_OUT
recent3,KOSDAQ150,foreign,033500,동성화인텍,124507,50521,-73986,2026251020,821726000,-1204525020,KRX MDCSTAT02401_OUT
recent3,KOSDAQ150,foreign,253590,네오셈,1524215,1435865,-88350,20642797525,19424340235,-1218457290,KRX MDCSTAT02401_OUT
recent3,KOSDAQ150,foreign,018290,브이티,201785,93648,-108137,2297293845,1063791335,-1233502510,KRX MDCSTAT02401_OUT
recent3,KOSDAQ150,foreign,195940,HK이노엔,119231,82989,-36242,4621031300,3216837500,-1404193800,KRX MDCSTAT02401_OUT
recent3,KOSDAQ150,foreign,060370,LS마린솔루션,147681,101795,-45886,4864014750,3383501575,-1480513175,KRX MDCSTAT02401_OUT
recent3,KOSDAQ150,foreign,036810,에프에스티,226956,176482,-50474,6813283200,5263694325,-1549588875,KRX MDCSTAT02401_OUT
recent3,KOSDAQ150,foreign,137400,피엔티,139516,84763,-54753,4047459850,2473181200,-1574278650,KRX MDCSTAT02401_OUT
recent3,KOSDAQ150,foreign,281740,레이크머티리얼즈,335330,176303,-159027,3578083875,1880949625,-1697134250,KRX MDCSTAT02401_OUT
recent3,KOSDAQ150,foreign,277810,레인보우로보틱스,43773,39418,-4355,19247276000,17424308250,-1822967750,KRX MDCSTAT02401_OUT
recent3,KOSDAQ150,foreign,466100,클로봇,234901,151438,-83463,5457522250,3534716575,-1922805675,KRX MDCSTAT02401_OUT
recent3,KOSDAQ150,foreign,058610,에스피지,188074,169035,-19039,19024724100,17008760250,-2015963850,KRX MDCSTAT02401_OUT
recent3,KOSDAQ150,foreign,099320,쎄트렉아이,82715,54931,-27784,6400876050,4252615300,-2148260750,KRX MDCSTAT02401_OUT
recent3,KOSDAQ150,foreign,090710,휴림로봇,1544201,1163570,-380631,10079389650,7659209455,-2420180195,KRX MDCSTAT02401_OUT
recent3,KOSDAQ150,foreign,035900,JYP Ent.,206673,140328,-66345,7844409850,5334576600,-2509833250,KRX MDCSTAT02401_OUT
recent3,KOSDAQ150,foreign,310210,보로노이,130215,113527,-16688,19620104450,17099049950,-2521054500,KRX MDCSTAT02401_OUT
recent3,KOSDAQ150,foreign,295310,에이치브이엠,166264,123399,-42865,10093266950,7488354000,-2604912950,KRX MDCSTAT02401_OUT
recent3,KOSDAQ150,foreign,032500,케이엠더블유,399072,251819,-147253,7797890735,4864310425,-2933580310,KRX MDCSTAT02401_OUT
recent3,KOSDAQ150,foreign,475830,오름테라퓨틱,1411781,1291734,-120047,37853952000,34872627250,-2981324750,KRX MDCSTAT02401_OUT
recent3,KOSDAQ150,foreign,121600,나노신소재,91805,33658,-58147,4737167400,1736910750,-3000256650,KRX MDCSTAT02401_OUT
recent3,KOSDAQ150,foreign,178320,서진시스템,962601,869898,-92703,31147289000,28092284525,-3055004475,KRX MDCSTAT02401_OUT
recent3,KOSDAQ150,foreign,082920,비츠로셀,267418,160774,-106644,7753250950,4659475800,-3093775150,KRX MDCSTAT02401_OUT
recent3,KOSDAQ150,foreign,041510,에스엠,129312,91959,-37353,10704842900,7583396400,-3121446500,KRX MDCSTAT02401_OUT
recent3,KOSDAQ150,foreign,140860,파크시스템스,68753,55951,-12802,17813147000,14521739750,-3291407250,KRX MDCSTAT02401_OUT
recent3,KOSDAQ150,foreign,108490,로보티즈,169626,157111,-12515,51662377500,48092075500,-3570302000,KRX MDCSTAT02401_OUT
recent3,KOSDAQ150,foreign,101490,에스앤에스텍,241321,155275,-86046,10501537600,6727575925,-3773961675,KRX MDCSTAT02401_OUT
recent3,KOSDAQ150,foreign,417200,LS머트리얼즈,861806,548812,-312994,11701126030,7459976710,-4241149320,KRX MDCSTAT02401_OUT
recent3,KOSDAQ150,foreign,125490,한라캐스트,1888709,1543436,-345273,23768068180,19509533895,-4258534285,KRX MDCSTAT02401_OUT
recent3,KOSDAQ150,foreign,263750,펄어비스,249630,110117,-139513,8612007950,3789050600,-4822957350,KRX MDCSTAT02401_OUT
recent3,KOSDAQ150,foreign,056080,유진로봇,670624,267188,-403436,8344179305,3350425045,-4993754260,KRX MDCSTAT02401_OUT
recent3,KOSDAQ150,foreign,078600,대주전자재료,113099,56447,-56652,9945554750,4923130200,-5022424550,KRX MDCSTAT02401_OUT
recent3,KOSDAQ150,foreign,041190,우리기술투자,5812262,4957528,-854734,35654343420,30563068445,-5091274975,KRX MDCSTAT02401_OUT
recent3,KOSDAQ150,foreign,323280,태성,305973,193870,-112103,14293991550,9028887500,-5265104050,KRX MDCSTAT02401_OUT
recent3,KOSDAQ150,foreign,050890,쏠리드,1538105,942721,-595384,14718753430,9015588660,-5703164770,KRX MDCSTAT02401_OUT
recent3,KOSDAQ150,foreign,328130,루닛,1492256,876722,-615534,14616109675,8676597105,-5939512570,KRX MDCSTAT02401_OUT
recent3,KOSDAQ150,foreign,420770,기가비스,231328,160206,-71122,26848631400,18701126100,-8147505300,KRX MDCSTAT02401_OUT
recent3,KOSDAQ150,foreign,145020,휴젤,161197,102802,-58395,31583210621,20445528521,-11137682100,KRX MDCSTAT02401_OUT
recent3,KOSDAQ150,foreign,095340,ISC,220044,166850,-53194,45743833200,34496874550,-11246958650,KRX MDCSTAT02401_OUT
recent3,KOSDAQ150,foreign,083650,비에이치아이,521503,332003,-189500,32347102900,20892331450,-11454771450,KRX MDCSTAT02401_OUT
recent3,KOSDAQ150,foreign,087010,펩트론,176132,98671,-77461,26394455600,14749522400,-11644933200,KRX MDCSTAT02401_OUT
recent3,KOSDAQ150,foreign,028300,HLB,1321158,829961,-491197,41600078925,26159006925,-15441072000,KRX MDCSTAT02401_OUT
recent3,KOSDAQ150,foreign,089970,브이엠,836746,486141,-350605,49180756050,28459521950,-20721234100,KRX MDCSTAT02401_OUT
recent3,KOSDAQ150,foreign,032820,우리기술,4285987,2724344,-1561643,58544899730,37344672370,-21200227360,KRX MDCSTAT02401_OUT
recent3,KOSDAQ150,foreign,131970,두산테스나,527840,278533,-249307,49454774100,25923965050,-23530809050,KRX MDCSTAT02401_OUT
recent3,KOSDAQ150,foreign,319400,현대무벡스,1446815,285626,-1161189,31356096275,6161877475,-25194218800,KRX MDCSTAT02401_OUT
recent3,KOSDAQ150,foreign,240810,원익IPS,1418272,1190651,-227621,187075452750,157190495550,-29884957200,KRX MDCSTAT02401_OUT
recent3,KOSDAQ150,foreign,218410,RFHIC,892257,298935,-593322,54073982950,17863068950,-36210914000,KRX MDCSTAT02401_OUT
recent3,KOSDAQ150,foreign,058470,리노공업,1821023,990044,-830979,134174254800,72709979000,-61464275800,KRX MDCSTAT02401_OUT
recent3,KOSDAQ150,institution,095340,ISC,95813,216970,121157,19806284450,44967012250,25160727800,KRX MDCSTAT02401_OUT
recent3,KOSDAQ150,institution,089970,브이엠,341235,685456,344221,19952394550,40675063400,20722668850,KRX MDCSTAT02401_OUT
recent3,KOSDAQ150,institution,058470,리노공업,616451,832432,215981,44843950100,61648255400,16804305300,KRX MDCSTAT02401_OUT
recent3,KOSDAQ150,institution,420770,기가비스,115036,230133,115097,13428131450,26917225550,13489094100,KRX MDCSTAT02401_OUT
recent3,KOSDAQ150,institution,240810,원익IPS,604134,687033,82899,79609082900,90167350050,10558267150,KRX MDCSTAT02401_OUT
recent3,KOSDAQ150,institution,067310,하나마이크론,495306,719303,223997,22408633100,32379444250,9970811150,KRX MDCSTAT02401_OUT
recent3,KOSDAQ150,institution,084370,유진테크,118372,172898,54526,17840775250,26678205550,8837430300,KRX MDCSTAT02401_OUT
recent3,KOSDAQ150,institution,064760,티씨케이,42693,61697,19004,11635483250,17140823750,5505340500,KRX MDCSTAT02401_OUT
recent3,KOSDAQ150,institution,036930,주성엔지니어링,202275,228036,25761,41617624250,47104947750,5487323500,KRX MDCSTAT02401_OUT
recent3,KOSDAQ150,institution,140860,파크시스템스,14378,34660,20282,3688934000,9000082500,5311148500,KRX MDCSTAT02401_OUT
recent3,KOSDAQ150,institution,403870,HPSP,437711,527665,89954,23949843750,28936528000,4986684250,KRX MDCSTAT02401_OUT
recent3,KOSDAQ150,institution,295310,에이치브이엠,55066,128496,73430,3320961500,7962468050,4641506550,KRX MDCSTAT02401_OUT
recent3,KOSDAQ150,institution,005290,동진쎄미켐,166695,264129,97434,7332875850,11734441900,4401566050,KRX MDCSTAT02401_OUT
recent3,KOSDAQ150,institution,277810,레인보우로보틱스,22545,31427,8882,9917951250,13953420250,4035469000,KRX MDCSTAT02401_OUT
recent3,KOSDAQ150,institution,053800,안랩,13171,69411,56240,941916050,4951675100,4009759050,KRX MDCSTAT02401_OUT
recent3,KOSDAQ150,institution,232140,와이씨,417427,622422,204995,5911086290,8848003815,2936917525,KRX MDCSTAT02401_OUT
recent3,KOSDAQ150,institution,036810,에프에스티,22953,119632,96679,698258825,3603473025,2905214200,KRX MDCSTAT02401_OUT
recent3,KOSDAQ150,institution,328130,루닛,62223,331524,269301,608229330,3266825905,2658596575,KRX MDCSTAT02401_OUT
recent3,KOSDAQ150,institution,263750,펄어비스,127975,194062,66087,4398074675,6725518075,2327443400,KRX MDCSTAT02401_OUT
recent3,KOSDAQ150,institution,121600,나노신소재,30691,74496,43805,1582965750,3847202400,2264236650,KRX MDCSTAT02401_OUT
recent3,KOSDAQ150,institution,222800,심텍,351069,365379,14310,51150071850,53239279400,2089207550,KRX MDCSTAT02401_OUT
recent3,KOSDAQ150,institution,131970,두산테스나,196146,217806,21660,18357414950,20417893000,2060478050,KRX MDCSTAT02401_OUT
recent3,KOSDAQ150,institution,253590,네오셈,37784,186194,148410,514184185,2478041710,1963857525,KRX MDCSTAT02401_OUT
recent3,KOSDAQ150,institution,225570,넥슨게임즈,58853,237567,178714,640943180,2589869690,1948926510,KRX MDCSTAT02401_OUT
recent3,KOSDAQ150,institution,125490,한라캐스트,25155,161938,136783,311404400,2033988210,1722583810,KRX MDCSTAT02401_OUT
recent3,KOSDAQ150,institution,099320,쎄트렉아이,8623,30324,21701,664595750,2370918450,1706322700,KRX MDCSTAT02401_OUT
recent3,KOSDAQ150,institution,082920,비츠로셀,135636,188114,52478,3903298925,5416563725,1513264800,KRX MDCSTAT02401_OUT
recent3,KOSDAQ150,institution,195940,HK이노엔,54065,90004,35939,2095816625,3491876275,1396059650,KRX MDCSTAT02401_OUT
recent3,KOSDAQ150,institution,417200,LS머트리얼즈,312042,409114,97072,4224188395,5550322520,1326134125,KRX MDCSTAT02401_OUT
recent3,KOSDAQ150,institution,215200,메가스터디교육,13193,37525,24332,477586050,1357650625,880064575,KRX MDCSTAT02401_OUT
recent3,KOSDAQ150,institution,056080,유진로봇,68440,128367,59927,848314075,1632257055,783942980,KRX MDCSTAT02401_OUT
recent3,KOSDAQ150,institution,078340,컴투스,47923,65937,18014,1661232400,2297173075,635940675,KRX MDCSTAT02401_OUT
recent3,KOSDAQ150,institution,041190,우리기술투자,42472,121749,79277,256475020,744747250,488272230,KRX MDCSTAT02401_OUT
recent3,KOSDAQ150,institution,003380,하림지주,184223,225145,40922,2012014650,2465416080,453401430,KRX MDCSTAT02401_OUT
recent3,KOSDAQ150,institution,060370,LS마린솔루션,84140,97312,13172,2793628750,3219567525,425938775,KRX MDCSTAT02401_OUT
recent3,KOSDAQ150,institution,166090,하나머티리얼즈,60342,65077,4735,3460394200,3747871750,287477550,KRX MDCSTAT02401_OUT
recent3,KOSDAQ150,institution,036830,솔브레인홀딩스,26032,32862,6830,1044652400,1331198925,286546525,KRX MDCSTAT02401_OUT
recent3,KOSDAQ150,institution,352480,씨앤씨인터내셔널,4103,14935,10832,90250300,332214500,241964200,KRX MDCSTAT02401_OUT
recent3,KOSDAQ150,institution,189300,인텔리안테크,29200,32224,3024,2009237150,2231476650,222239500,KRX MDCSTAT02401_OUT
recent3,KOSDAQ150,institution,056190,SFA,65770,71475,5705,1871501600,2047397425,175895825,KRX MDCSTAT02401_OUT
recent3,KOSDAQ150,institution,131290,티에스이,43128,43715,587,11830055000,11892942750,62887750,KRX MDCSTAT02401_OUT
recent3,KOSDAQ150,institution,033100,제룡전기,18475,18841,366,882629425,898798325,16168900,KRX MDCSTAT02401_OUT
recent3,KOSDAQ150,institution,050890,쏠리드,52439,51927,-512,501469410,496286330,-5183080,KRX MDCSTAT02401_OUT
recent3,KOSDAQ150,institution,069080,웹젠,55969,54841,-1128,624109950,611855420,-12254530,KRX MDCSTAT02401_OUT
recent3,KOSDAQ150,institution,214430,아이쓰리시스템,7130,6452,-678,481726800,439782950,-41943850,KRX MDCSTAT02401_OUT
recent3,KOSDAQ150,institution,060280,큐렉소,26347,20649,-5698,209626340,165083830,-44542510,KRX MDCSTAT02401_OUT
recent3,KOSDAQ150,institution,082270,젬백스,31509,26125,-5384,331502900,276015815,-55487085,KRX MDCSTAT02401_OUT
recent3,KOSDAQ150,institution,101730,위메이드맥스,19329,6957,-12372,90925710,34078395,-56847315,KRX MDCSTAT02401_OUT
recent3,KOSDAQ150,institution,025900,동화기업,21192,12582,-8610,143161030,85511280,-57649750,KRX MDCSTAT02401_OUT
recent3,KOSDAQ150,institution,030520,한컴,124506,121056,-3450,2095995870,2036111990,-59883880,KRX MDCSTAT02401_OUT
recent3,KOSDAQ150,institution,038500,삼표시멘트,81124,68921,-12203,546964235,464433870,-82530365,KRX MDCSTAT02401_OUT
recent3,KOSDAQ150,institution,112040,위메이드,55671,49994,-5677,843275340,758308790,-84966550,KRX MDCSTAT02401_OUT
recent3,KOSDAQ150,institution,095660,네오위즈,27777,22210,-5567,492224350,395372140,-96852210,KRX MDCSTAT02401_OUT
recent3,KOSDAQ150,institution,067160,SOOP,12230,8878,-3352,448181500,325890800,-122290700,KRX MDCSTAT02401_OUT
recent3,KOSDAQ150,institution,025320,시노펙스,61884,25657,-36227,234828830,97720585,-137108245,KRX MDCSTAT02401_OUT
recent3,KOSDAQ150,institution,015750,성우하이텍,45603,17597,-28006,266251275,103198240,-163053035,KRX MDCSTAT02401_OUT
recent3,KOSDAQ150,institution,036620,감성코퍼레이션,80742,34641,-46101,299300439,129216284,-170084155,KRX MDCSTAT02401_OUT
recent3,KOSDAQ150,institution,025980,아난티,89147,55874,-33273,469150770,298957485,-170193285,KRX MDCSTAT02401_OUT
recent3,KOSDAQ150,institution,039200,오스코텍,71714,66505,-5209,2584647575,2410517900,-174129675,KRX MDCSTAT02401_OUT
recent3,KOSDAQ150,institution,348370,엔켐,37128,28465,-8663,748794575,574630120,-174164455,KRX MDCSTAT02401_OUT
recent3,KOSDAQ150,institution,214370,케어젠,25238,20521,-4717,1010201275,822338250,-187863025,KRX MDCSTAT02401_OUT
recent3,KOSDAQ150,institution,376300,디어유,16654,5490,-11164,282055130,93706025,-188349105,KRX MDCSTAT02401_OUT
recent3,KOSDAQ150,institution,048410,현대바이오,248216,219663,-28553,1719220845,1525172100,-194048745,KRX MDCSTAT02401_OUT
recent3,KOSDAQ150,institution,253450,스튜디오드래곤,36481,25668,-10813,750691975,530905500,-219786475,KRX MDCSTAT02401_OUT
recent3,KOSDAQ150,institution,085660,차바이오텍,60255,31895,-28360,476318875,254413940,-221904935,KRX MDCSTAT02401_OUT
recent3,KOSDAQ150,institution,032500,케이엠더블유,34573,22882,-11691,669999325,442184705,-227814620,KRX MDCSTAT02401_OUT
recent3,KOSDAQ150,institution,042000,카페24,32996,15679,-17317,510327345,267770810,-242556535,KRX MDCSTAT02401_OUT
recent3,KOSDAQ150,institution,009520,포스코엠텍,59604,40170,-19434,745444255,502511010,-242933245,KRX MDCSTAT02401_OUT
recent3,KOSDAQ150,institution,437730,삼현,132821,126344,-6477,7286310600,7027076950,-259233650,KRX MDCSTAT02401_OUT
recent3,KOSDAQ150,institution,281740,레이크머티리얼즈,65008,39878,-25130,692440740,426092350,-266348390,KRX MDCSTAT02401_OUT
recent3,KOSDAQ150,institution,272290,이녹스첨단소재,42166,29145,-13021,882642100,609493150,-273148950,KRX MDCSTAT02401_OUT
recent3,KOSDAQ150,institution,445680,큐리옥스바이오시스템즈,11975,6150,-5825,570057875,295677750,-274380125,KRX MDCSTAT02401_OUT
recent3,KOSDAQ150,institution,000250,삼천당제약,45340,43492,-1848,7355489800,7075934750,-279555050,KRX MDCSTAT02401_OUT
recent3,KOSDAQ150,institution,096530,씨젠,85713,77557,-8156,2927061675,2647341750,-279719925,KRX MDCSTAT02401_OUT
recent3,KOSDAQ150,institution,124500,아이티센글로벌,15298,4978,-10320,457284400,150455125,-306829275,KRX MDCSTAT02401_OUT
recent3,KOSDAQ150,institution,065350,신성델타테크,18974,9116,-9858,589499500,282484900,-307014600,KRX MDCSTAT02401_OUT
recent3,KOSDAQ150,institution,060250,NHN KCP,32795,8901,-23894,435241330,118074400,-317166930,KRX MDCSTAT02401_OUT
recent3,KOSDAQ150,institution,466100,클로봇,30136,16117,-14019,699897400,377156625,-322740775,KRX MDCSTAT02401_OUT
recent3,KOSDAQ150,institution,028300,HLB,223661,210536,-13125,6976530775,6652330175,-324200600,KRX MDCSTAT02401_OUT
recent3,KOSDAQ150,institution,211050,인카금융서비스,101250,67714,-33536,1014137120,684419665,-329717455,KRX MDCSTAT02401_OUT
recent3,KOSDAQ150,institution,007390,네이처셀,50553,37007,-13546,1250395650,917058425,-333337225,KRX MDCSTAT02401_OUT
recent3,KOSDAQ150,institution,348210,넥스틴,26624,16354,-10270,886470300,549377150,-337093150,KRX MDCSTAT02401_OUT
recent3,KOSDAQ150,institution,171090,선익시스템,15189,10387,-4802,1066672750,727612650,-339060100,KRX MDCSTAT02401_OUT
recent3,KOSDAQ150,institution,101490,에스앤에스텍,37972,29553,-8419,1646389250,1287053250,-359336000,KRX MDCSTAT02401_OUT
recent3,KOSDAQ150,institution,161580,필옵틱스,19766,8597,-11169,637134900,277150675,-359984225,KRX MDCSTAT02401_OUT
recent3,KOSDAQ150,institution,018290,브이티,39820,7220,-32600,448465920,82392170,-366073750,KRX MDCSTAT02401_OUT
recent3,KOSDAQ150,institution,068760,셀트리온제약,31309,21746,-9563,1223034000,851128350,-371905650,KRX MDCSTAT02401_OUT
recent3,KOSDAQ150,institution,100790,미래에셋벤처투자,29641,7515,-22126,508715500,128682730,-380032770,KRX MDCSTAT02401_OUT
recent3,KOSDAQ150,institution,041510,에스엠,108936,103840,-5096,8997336750,8601887650,-395449100,KRX MDCSTAT02401_OUT
recent3,KOSDAQ150,institution,030530,원익홀딩스,106150,92958,-13192,2998035875,2597790950,-400244925,KRX MDCSTAT02401_OUT
recent3,KOSDAQ150,institution,032190,다우데이타,33368,12960,-20408,663696105,258091620,-405604485,KRX MDCSTAT02401_OUT
recent3,KOSDAQ150,institution,090710,휴림로봇,110640,45770,-64870,715037490,296992810,-418044680,KRX MDCSTAT02401_OUT
recent3,KOSDAQ150,institution,388720,유일로보틱스,9966,3338,-6628,688896400,232499350,-456397050,KRX MDCSTAT02401_OUT
recent3,KOSDAQ150,institution,194480,데브시스터즈,56271,21031,-35240,795317550,298233920,-497083630,KRX MDCSTAT02401_OUT
recent3,KOSDAQ150,institution,033500,동성화인텍,37151,6007,-31144,603387220,98082590,-505304630,KRX MDCSTAT02401_OUT
recent3,KOSDAQ150,institution,323280,태성,35549,23524,-12025,1653019875,1094938325,-558081550,KRX MDCSTAT02401_OUT
recent3,KOSDAQ150,institution,137400,피엔티,51984,32207,-19777,1507941750,934939200,-573002550,KRX MDCSTAT02401_OUT
recent3,KOSDAQ150,institution,358570,지아이이노베이션,109799,38951,-70848,1007406810,357441675,-649965135,KRX MDCSTAT02401_OUT
recent3,KOSDAQ150,institution,214150,클래시스,59202,37497,-21705,1818883850,1154004075,-664879775,KRX MDCSTAT02401_OUT
recent3,KOSDAQ150,institution,095610,테스,97822,92926,-4896,14696297300,13956489650,-739807650,KRX MDCSTAT02401_OUT
recent3,KOSDAQ150,institution,035760,CJ ENM,58056,35238,-22818,2230506600,1355460350,-875046250,KRX MDCSTAT02401_OUT
recent3,KOSDAQ150,institution,098460,고영,166720,135695,-31025,4801113300,3897507850,-903605450,KRX MDCSTAT02401_OUT
recent3,KOSDAQ150,institution,278280,천보,30988,3692,-27296,1082310275,129804600,-952505675,KRX MDCSTAT02401_OUT
recent3,KOSDAQ150,institution,319400,현대무벡스,101464,56897,-44567,2178475200,1221099125,-957376075,KRX MDCSTAT02401_OUT
recent3,KOSDAQ150,institution,0009K0,에임드바이오,81410,33661,-47749,1735956450,722501050,-1013455400,KRX MDCSTAT02401_OUT
recent3,KOSDAQ150,institution,183300,코미코,360243,327205,-33038,11275143750,10260865650,-1014278100,KRX MDCSTAT02401_OUT
recent3,KOSDAQ150,institution,399720,가온칩스,46721,22392,-24329,2150251300,1041915175,-1108336125,KRX MDCSTAT02401_OUT
recent3,KOSDAQ150,institution,074600,원익QnC,233694,193962,-39732,6735970825,5595044600,-1140926225,KRX MDCSTAT02401_OUT
recent3,KOSDAQ150,institution,052400,코나아이,45601,10228,-35373,1710565450,385466000,-1325099450,KRX MDCSTAT02401_OUT
recent3,KOSDAQ150,institution,213420,덕산네오룩스,96612,46672,-49940,2815224850,1363347675,-1451877175,KRX MDCSTAT02401_OUT
recent3,KOSDAQ150,institution,290650,엘앤씨바이오,44209,12479,-31730,2068943025,582327275,-1486615750,KRX MDCSTAT02401_OUT
recent3,KOSDAQ150,institution,293490,카카오게임즈,275271,89611,-185660,2466743085,804070795,-1662672290,KRX MDCSTAT02401_OUT
recent3,KOSDAQ150,institution,035900,JYP Ent.,86955,40048,-46907,3293811700,1523233925,-1770577775,KRX MDCSTAT02401_OUT
recent3,KOSDAQ150,institution,218410,RFHIC,275303,245388,-29915,16485735050,14705454300,-1780280750,KRX MDCSTAT02401_OUT
recent3,KOSDAQ150,institution,090360,로보스타,28194,5144,-23050,2208129400,407149200,-1800980200,KRX MDCSTAT02401_OUT
recent3,KOSDAQ150,institution,032820,우리기술,385373,232362,-153011,5109713500,3148692125,-1961021375,KRX MDCSTAT02401_OUT
recent3,KOSDAQ150,institution,204270,제이앤티씨,97146,18576,-78570,2440309475,467606425,-1972703050,KRX MDCSTAT02401_OUT
recent3,KOSDAQ150,institution,006730,서부T&D,242710,57789,-184921,2599961260,625441890,-1974519370,KRX MDCSTAT02401_OUT
recent3,KOSDAQ150,institution,014620,성광벤드,168345,100557,-67788,5303302800,3234673750,-2068629050,KRX MDCSTAT02401_OUT
recent3,KOSDAQ150,institution,237690,에스티팜,53831,26329,-27502,4903106550,2403692600,-2499413950,KRX MDCSTAT02401_OUT
recent3,KOSDAQ150,institution,310210,보로노이,70993,54519,-16474,10733013550,8200554650,-2532458900,KRX MDCSTAT02401_OUT
recent3,KOSDAQ150,institution,251970,펌텍코리아,100726,55742,-44984,5866797150,3272301100,-2594496050,KRX MDCSTAT02401_OUT
recent3,KOSDAQ150,institution,039030,이오테크닉스,88059,81598,-6461,41931051750,38932321500,-2998730250,KRX MDCSTAT02401_OUT
recent3,KOSDAQ150,institution,058610,에스피지,86300,52784,-33516,8611660250,5328984700,-3282675550,KRX MDCSTAT02401_OUT
recent3,KOSDAQ150,institution,141080,리가켐바이오,125585,81432,-44153,10194339000,6619176400,-3575162600,KRX MDCSTAT02401_OUT
recent3,KOSDAQ150,institution,122870,와이지엔터테인먼트,161469,78018,-83451,6971068075,3365279975,-3605788100,KRX MDCSTAT02401_OUT
recent3,KOSDAQ150,institution,080220,제주반도체,135092,81725,-53367,10284193850,6257305350,-4026888500,KRX MDCSTAT02401_OUT
recent3,KOSDAQ150,institution,178320,서진시스템,225084,96086,-128998,7270055225,3112051250,-4158003975,KRX MDCSTAT02401_OUT
recent3,KOSDAQ150,institution,043260,성호전자,1414868,1250107,-164761,37948953175,33571871950,-4377081225,KRX MDCSTAT02401_OUT
recent3,KOSDAQ150,institution,078600,대주전자재료,64645,10730,-53915,5642572550,942434600,-4700137950,KRX MDCSTAT02401_OUT
recent3,KOSDAQ150,institution,214450,파마리서치,52850,37830,-15020,17175183000,12312062250,-4863120750,KRX MDCSTAT02401_OUT
recent3,KOSDAQ150,institution,241710,코스메카코리아,86389,42798,-43591,11026015250,5499974000,-5526041250,KRX MDCSTAT02401_OUT
recent3,KOSDAQ150,institution,145020,휴젤,78869,48764,-30105,15441063000,9384207500,-6056855500,KRX MDCSTAT02401_OUT
recent3,KOSDAQ150,institution,475830,오름테라퓨틱,861336,580685,-280651,23148035700,15241013900,-7907021800,KRX MDCSTAT02401_OUT
recent3,KOSDAQ150,institution,087010,펩트론,76376,21037,-55339,11362093450,3205805900,-8156287550,KRX MDCSTAT02401_OUT
recent3,KOSDAQ150,institution,347850,디앤디파마텍,239003,40893,-198110,10555064525,1816085350,-8738979175,KRX MDCSTAT02401_OUT
recent3,KOSDAQ150,institution,089030,테크윙,343763,148782,-194981,16532343725,7179387375,-9352956350,KRX MDCSTAT02401_OUT
recent3,KOSDAQ150,institution,031980,피에스케이홀딩스,135852,48863,-86989,22104144400,7995510000,-14108634400,KRX MDCSTAT02401_OUT
recent3,KOSDAQ150,institution,196170,알테오젠,198871,142333,-56538,50256301750,36052312000,-14203989750,KRX MDCSTAT02401_OUT
recent3,KOSDAQ150,institution,083650,비에이치아이,373817,119429,-254388,23080677100,7492530000,-15588147100,KRX MDCSTAT02401_OUT
recent3,KOSDAQ150,institution,086520,에코프로,489062,291292,-197770,39173457400,23405329100,-15768128300,KRX MDCSTAT02401_OUT
recent3,KOSDAQ150,institution,298380,에이비엘바이오,432904,80279,-352625,22455963175,4207756425,-18248206750,KRX MDCSTAT02401_OUT
recent3,KOSDAQ150,institution,247540,에코프로비엠,315546,117263,-198283,32971234700,12262312150,-20708922550,KRX MDCSTAT02401_OUT
recent3,KOSDAQ150,institution,226950,올릭스,288425,82493,-205932,30339024050,8832495250,-21506528800,KRX MDCSTAT02401_OUT
recent3,KOSDAQ150,institution,108490,로보티즈,140381,58716,-81665,42664297250,17930298750,-24733998500,KRX MDCSTAT02401_OUT
recent3,KOSDAQ150,institution,036540,SFA반도체,8709225,5920980,-2788245,92053540105,62659062305,-29394477800,KRX MDCSTAT02401_OUT
recent3,KOSDAQ150,institution,257720,실리콘투,1072788,248906,-823882,43090686800,10036178525,-33054508275,KRX MDCSTAT02401_OUT
